peptide_id	control_id	start_residue_1based	end_residue_1based	length	candidate_region_f_idr	isolated_fragment_f_idr	delta_f_idr	orf_ids
peptide_00fb8657255fb894315401cecb9ab9e3047ef7b3d1f0d35d357663269780201c	control_b0e4f6a00299c83312a6ae68087a12a0a32dd7386b007802df27475f26a3431a	1	42	42	0.0	0.0	0.0	orf_21f0722d79774b94a1a42a8ba998b25aaa10f01f06a9cfbd1b30eb01db64d8ac;orf_44b279b4c8a6722e868cc340ba364c38a304598a0025abba80a9930b98fbf773;orf_94b287595d9354397ed2244ed9c9181c280fc29085555476dad5d15d29563572;orf_c6447545049b6c6c64c5d1a846dd25724695d8879d4edfa22e0aabfd8a9c5b4c;orf_d3fcac55e59faee40dcc14ab424c65f4f89dca235b662ce548ba02165a392342;orf_dfde784e65b9662c6be9ed84503a7288f451d7d0e4d6df9dd964ba53d29406f5
peptide_0113c383751f1a0ef3d6b27676d2e2141e091b8b60dc744ecdfddcbc258c577c	control_41ba7738ac2bd091be7c3efc0d7c6d86654bbf4f733a7624a0b8628691f40197	1	1641	1641	0.19439366240097503	0.19378427787934185	0.0006093845216331717	orf_a3cbe106f7a4912cee1036cd70d718ac5671685a82411f1a713a672f2867fd67;orf_c3b9bbc234b53e225735f3696e344ff3e55c582abb2045a61b2ee97114063de7;orf_e901f4a339e2bc18576a7d8ca7f53c9e488e553e696b76bc83efcb3c9abf45bb
peptide_031f87d03d93806fb6598bc5acfc051372dffe27f323210698bb511e6bbec75f	control_0e0fbcb9b1b854b8968d0eeadcf97a46a29c0f6c7991ae06b8d19290a8a17027	45	519	475	0.13263157894736843	0.13052631578947368	0.002105263157894749	orf_13fa9de098446cd0b1da5bdaa90464b59b27ad42ab8034bf8a2d4ca9db827ff9
peptide_031f87d03d93806fb6598bc5acfc051372dffe27f323210698bb511e6bbec75f	control_3e6fd272b608119f9d4f022d13ded281f9473f45b9de1e2d6b1931b43c2f8a44	1	43	43	1.0	0.627906976744186	0.37209302325581395	orf_13fa9de098446cd0b1da5bdaa90464b59b27ad42ab8034bf8a2d4ca9db827ff9
peptide_04e15dc3926c12278ffcff63cfbb0a6f232e69a5d16fa877239ea03bee778a02	control_d27f56198bf7b4d86a00716235b66c232ae280b53f8b4f97a2af48ddfe7c4f13	1	206	206	0.0	0.0048543689320388345	-0.0048543689320388345	orf_004ce9c8e20740c3dae8a4cfb6ce8b5e289553239656f0cae41c0606254fa589;orf_31830fac162609270b4545e18ad3480478643644e13e27aacee2225c47ff8b4e;orf_3bb5fd5b03dc49aefa76c872c22062c9dac0e69ced1583a897de25560a3da527
peptide_06518bc387ccfd3be991b7ce8522835748deb4643cd98dccca776b3e1dd2d9c1	control_5617d4de510d30e68640cab45056c6acf384d809bf0f40da7bc2d655c263e9ec	1	103	103	0.0	0.0	0.0	orf_336fe97da080ac8047ea2064dfb63507d83ce9dc1521428138d3a757e4777d41;orf_af66865687568a12831bcaf63c0badee20cad70d057efc573d652329234d6cb7
peptide_06518bc387ccfd3be991b7ce8522835748deb4643cd98dccca776b3e1dd2d9c1	control_bdfc3509f31b8c229e58463ce30c8bf3d6db5bf33272128697e4c03a28829fca	105	304	200	0.0	0.0	0.0	orf_336fe97da080ac8047ea2064dfb63507d83ce9dc1521428138d3a757e4777d41;orf_af66865687568a12831bcaf63c0badee20cad70d057efc573d652329234d6cb7
peptide_06a47ea8fb14decf2e1f83ce3d7b3bc9900a29ed89cc722332a43a369472b176	control_caea8c7a69a90d90bad8272a42c5bd0e46e9cb95163c2aba6df7c1ec92a4e34f	1	281	281	0.08185053380782918	0.08185053380782918	0.0	orf_27ba0e253160652e6df41bc113a17e84575ba99d2c0e9620b32b4bd4b963bad5
peptide_06a47ea8fb14decf2e1f83ce3d7b3bc9900a29ed89cc722332a43a369472b176	control_cf85ce08a919453568b826abfaa7e5dddb6354c71d325d356f4a8e0a9ff2184d	283	357	75	0.0	0.0	0.0	orf_27ba0e253160652e6df41bc113a17e84575ba99d2c0e9620b32b4bd4b963bad5
peptide_06ff13e279243d2b7ad8638c5afd0676ce8e8691414485e804189b01e04b5c71	control_a34117b3ceed2645491f9f37e956b4845b9bdba8ebe57e8c9853384d928a3c87	19	249	231	0.0	0.0	0.0	orf_606edc55d8973081591435fa488bbc754534150755178c6067e2150caba78571;orf_6a1a3e2d6f8f256e0150db81c8abb951dcd2a91c8cc53b667f686c6c5e784ce8
peptide_0a3c36316543a47148471358f32a4ec64764c26acc5dd428c304719ee387455d	control_4337e7d64244240f91e56ae1bdac7f706955a928026a573a04d098c0081c854b	1	1661	1661	0.2107164358819988	0.2107164358819988	0.0	orf_449ec32ca4fad25eb068be0bb27685707b79e0d8d27b0e63deb5a77735cc6655;orf_959c80111caf8bb728dbd4ed8733c3ca173da6843b9c7013d4815906b460ea96;orf_e32af9b8cbfbe658dd77b1b358068b75c212ea48fa574451df3f5efca299e8c7
peptide_0c490e72ecae44550e53ca74fe76b911e1331a1d12589a18ae2832bd120927f3	control_f2a7bed321df3f0fa8d044f327c2fac6ae1e1de132ad231acd24740664319366	1	30	30	1.0	1.0	0.0	orf_28e53c11d614f69232cde4dd5f58793506ff16a3fe0110aa4e61bbd98f777b4f;orf_7d125d0b3d2715f5b14ab5b13c847993ae05506fd04a090449bc5c60931d7dcb;orf_a84f5f36220b914ddadc134d84542fdc0394c484a6133687451177190036c07d;orf_db96856f58655357cbddfe75665d3d3a1c694286d08ea0db160c92645e4d2e44
peptide_1015ff2fa888cebfb365500cc0ab8e73fbbf1ac9a892fa1436d4660a59c814cd	control_d385fa0c326675dd99cf4f64840bd38c0053e485f098b3e0b463e9ff02a01975	1	135	135	0.8666666666666667	0.8666666666666667	0.0	orf_0deca09dbf5c349eacf0cfd742bd5ab1268ceeff6ce374e4c8287970a95e9bd1;orf_4fce22eb263f7865bbb10c2f3148ac871af7ef5145e9204fa46131a25bc3c11e;orf_6ca9cf64cde691a187383cbff88d31c8f7cd8d7b872cf454e674a6861033f418;orf_e9664b126e8432f90902129a0e05ef7ab9e3a31a154554ed6675a4d88afbb1d8
peptide_101700281cde078bee94b7382d6e603a4babf7b2c6c73ebf43d4a469d59c79f5	control_7716316b15645b5862f0df7502a6492f685fd4749d176e23b0b34c30dabd1ed6	1	134	134	0.05970149253731343	0.05223880597014925	0.00746268656716418	orf_7f43a57def18f55edad53d332680f66684a44006c6209befed8d349e02e8aead
peptide_1148a09617eba2312e87a99c5e199bf30521982cb6c30cc7354ca5f31aa604ee	control_8500b17b3f5cc9f4deaed97ff0ad19025d5d94095c67bb9c969910558b69f1f8	1	559	559	0.16279069767441862	0.16279069767441862	0.0	orf_1f6052678f4847299544c3da7c1bc96efe75ce7d56372ac4b2ae9194d60664fc
peptide_1148a09617eba2312e87a99c5e199bf30521982cb6c30cc7354ca5f31aa604ee	control_daefdece2c98c64e566fc63855054c3f9190aa71d0ced558b3fd980a877de551	560	786	227	0.0	0.030837004405286344	-0.030837004405286344	orf_1f6052678f4847299544c3da7c1bc96efe75ce7d56372ac4b2ae9194d60664fc
peptide_12745343cbe2431513f67f949df2911fade4cbdac322f7cdc173a482777cfec3	control_8aeb327e8d3bd08ecb72ee018f0d9064792c84f3fb00fb02adc4a7dcbc0c3a51	118	350	233	0.0	0.0	0.0	orf_2eb79890d4fc272c669af304bd00f0559dde830c0eefcd5b8e8cd5b873fa336f;orf_354ade88fcf022e44efdd1008453f6bf903b0eaa2fbd139c5867284a341134f1;orf_43069a6539a44541c975fd804ecf90cdb3e63d21f3a0d1a020dfe9134b9272bc;orf_9b1d65e950d9bbdb71df8b2226eefb7c1ecb413b28adb96a2a1b6264495ffdea;orf_9dab475ef2c50a0e294973af7020ba0fe02ed4aad481b8db1084060d1697446a;orf_d52d30f41174db415698bcf6fce0e60ac24e77c7559f5e2adf6b5ad0a2f13a59
peptide_12745343cbe2431513f67f949df2911fade4cbdac322f7cdc173a482777cfec3	control_8df942826d0b2fdc6a7c758c2eb0880482ec75875734f494c2285e150ede24c4	143	350	208	0.0	0.0	0.0	orf_13801033ba349fafe4a68354f8950830fb65806d7196ae48426cb4bf37b81a22;orf_e090f06ff3149a228b9e0c4fd07792f0dbf89a20d9b63f989977617a62dbe95b
peptide_12745343cbe2431513f67f949df2911fade4cbdac322f7cdc173a482777cfec3	control_fc9007434234f8d10541cace6aea3e344a7d36845dc103ec3dda1012ea3d7a8d	1	116	116	0.6120689655172413	0.8879310344827587	-0.27586206896551735	orf_13801033ba349fafe4a68354f8950830fb65806d7196ae48426cb4bf37b81a22;orf_2eb79890d4fc272c669af304bd00f0559dde830c0eefcd5b8e8cd5b873fa336f;orf_354ade88fcf022e44efdd1008453f6bf903b0eaa2fbd139c5867284a341134f1;orf_43069a6539a44541c975fd804ecf90cdb3e63d21f3a0d1a020dfe9134b9272bc;orf_9b1d65e950d9bbdb71df8b2226eefb7c1ecb413b28adb96a2a1b6264495ffdea;orf_9dab475ef2c50a0e294973af7020ba0fe02ed4aad481b8db1084060d1697446a;orf_d52d30f41174db415698bcf6fce0e60ac24e77c7559f5e2adf6b5ad0a2f13a59;orf_e090f06ff3149a228b9e0c4fd07792f0dbf89a20d9b63f989977617a62dbe95b
peptide_128478dad5923df8e153bbe6c3fe22332eb265107b6c4204a02f16733a87a5f0	control_8510b2203494ec5fb2c91b949370cbdffedc527fa94b526f48cb22ac3cdcf744	40	336	297	0.0	0.0	0.0	orf_204fe5037e036847aeb518aca17dc842c142c4daa265938e4e8c446dc93598f7;orf_2a55cb5ffa74fd9aedbff91aa998e4da67314ef3b15de195b5a400dda77350a7;orf_89391407fd29fca0cdeb985a1521341037b57e6eb218731e1ec6c4d648554f5a;orf_c4570ad7c4515e6f923529a3d7f96bb1970dfb2d6620dda371b866b519ee09c1;orf_e48e4b29788c0ce391c7f57f3ac9f8dccd8d713d6ab5f0671cb6ec5ca19fda1a
peptide_128478dad5923df8e153bbe6c3fe22332eb265107b6c4204a02f16733a87a5f0	control_de8144060a15dc3fd98d16ecdec4bfea1299def79b34dc1660f95bbd664e2242	1	39	39	0.0	0.02564102564102564	-0.02564102564102564	orf_204fe5037e036847aeb518aca17dc842c142c4daa265938e4e8c446dc93598f7;orf_2a55cb5ffa74fd9aedbff91aa998e4da67314ef3b15de195b5a400dda77350a7;orf_89391407fd29fca0cdeb985a1521341037b57e6eb218731e1ec6c4d648554f5a;orf_c4570ad7c4515e6f923529a3d7f96bb1970dfb2d6620dda371b866b519ee09c1;orf_e48e4b29788c0ce391c7f57f3ac9f8dccd8d713d6ab5f0671cb6ec5ca19fda1a
peptide_139563c3790484e398f1558332258abd5f38773b4c9b8c7dd1d496f233efbed8	control_3f3fd6dd3e3e2f803ae90e6acf81ca7acb5bae7fa17a03d9808d5c64f62838b1	1	126	126	0.8333333333333334	0.8571428571428571	-0.023809523809523725	orf_82c8ed2c6664ef4551e297fcbcf4126e8b2a9269eb1a7b4398e8fa30572b7063
peptide_139563c3790484e398f1558332258abd5f38773b4c9b8c7dd1d496f233efbed8	control_d5d279ce429e4d927f907fd7709f4886d5c81d0cd43b3697d896b043d272ce04	128	626	499	0.18236472945891782	0.1843687374749499	-0.002004008016032066	orf_82c8ed2c6664ef4551e297fcbcf4126e8b2a9269eb1a7b4398e8fa30572b7063
peptide_141ec2db205027760299d6cfdf072036bb4e5b4e6bbd92c9460372e87321d3d2	control_cd532c362e1a1fa1467e0f5dab660599aabd5e6a8184b9879ce65971fba6cf21	1	708	708	0.2980225988700565	0.2740112994350282	0.024011299435028277	orf_6cfee3616f4c0ff16818b3be0885bca6ac47ba5ab2dea0e7132748b8a3cfd2c9
peptide_1485ea7abb5537105da28caa75dbafd079f07504c590ce733c6d66afe0f0e279	control_9fde83d5c76bbbaf6d6d4069a54b12d3e22bbec43f980a43b2c6821bb4f0a50d	1	222	222	0.19369369369369369	0.15315315315315314	0.04054054054054054	orf_24f92059a4238114eba0397914312a9cff59c0b6fb7849c34fd81e69c8769f8e;orf_40993678a4af5496cb677575a27fdb8275f892c7f16bede086e8413ad0b52ebb;orf_8436865be5a5a9f16ad786e10d7a9797c3659998fcb4c1a19f15ab86ef71a16f;orf_d764c8a72455290c75ba3402b60d197d6a097284c118ff44537d17a82cbba814;orf_df47c54d987815637f517337a076d642ba51d1bbb8ff2cd6e3bcf2ed8e51aa87;orf_f82b6855b29d579fdb84ae65baba98875f8e610508b12e09634d9a1bdaa2af69
peptide_1485ea7abb5537105da28caa75dbafd079f07504c590ce733c6d66afe0f0e279	control_ce9195920bb8fdaf3299bed11792e564611ae88ea057e2c33c7fcd932ae031c0	224	383	160	0.60625	0.125	0.48124999999999996	orf_24f92059a4238114eba0397914312a9cff59c0b6fb7849c34fd81e69c8769f8e;orf_40993678a4af5496cb677575a27fdb8275f892c7f16bede086e8413ad0b52ebb;orf_8436865be5a5a9f16ad786e10d7a9797c3659998fcb4c1a19f15ab86ef71a16f;orf_d764c8a72455290c75ba3402b60d197d6a097284c118ff44537d17a82cbba814;orf_df47c54d987815637f517337a076d642ba51d1bbb8ff2cd6e3bcf2ed8e51aa87;orf_f82b6855b29d579fdb84ae65baba98875f8e610508b12e09634d9a1bdaa2af69
peptide_17d111deb4d6dc3037080cfa51b4f13d1b3e22d45fa78ccc97a0cca4c2afed7e	control_41cb1a98ee0f5d5100da66508f52321923f02490eda4f2160785c316152ac08b	1	83	83	0.6385542168674698	0.9879518072289156	-0.3493975903614458	orf_0d70cce67e44e4489c7aa990bb5726c53d5b5adf33323a5adfe61f8d72116702;orf_34a9f7bf58ae51ac820a412da3be7cbbf995f0f53aba46732c6994feed0bf0aa;orf_4af4304437e32195c439569e0a121f0a42b9247bcc199cdceae521101db7e01e;orf_74e992bb54560714bd8c24c91f2080f39b9a4b2fcb11d70d96839aeb4dfc3926;orf_75f15cb48bdf3827b27e65d45f960d32f7879a5cf25472cf902fa74fa0b73761;orf_84aafc605a5b32eb71da0420b1412ca95aa35280bf3264ec017fe9b4ea60531a;orf_aa70935af1d2ef32935929ca54ea20d64a52f6f9d0c729e5a457daee6b0d63ea;orf_ca46d7c72ae4db058055e49dda40c012bd07daf7a43074947e04bd02d7f51442
peptide_19394e5c359c5a82b8cb1bd0ed1fa1b68fb38f6139c5c1acdf5b19900a03299a	control_41dc4c748505b5ab8ae934ebe42f6cd33634cfe2a856dcfe6b687334f3b39f51	1	35	35	0.0	0.0	0.0	orf_a569e9d3bd25cdb8642b8ae5f6e5bcb6af4dee35612a5eddff03aaf27fd947e1;orf_de247820cd00aa4d4b3e5f268d690dc8beb6d7bbd474ebf72b80d1ba6d6b6d18
peptide_1a7b2bbbbf30fea698c57990414166e3db473b4ecba590ce3231a6f36c80546f	control_3f3fd6dd3e3e2f803ae90e6acf81ca7acb5bae7fa17a03d9808d5c64f62838b1	1	126	126	0.8492063492063492	0.8571428571428571	-0.007936507936507908	orf_1e42b331164675dc0ce19a8fffcb723c9f5364b1f8c3b5a1839a68fb688f5d08
peptide_1d26632909793e9ef4868a1283d4ec88d8de6173f2567712b41a3547f09f15b9	control_ce9195920bb8fdaf3299bed11792e564611ae88ea057e2c33c7fcd932ae031c0	143	302	160	0.49375	0.125	0.36875	orf_7ae3e4ce30281d3f2124a91a5c7b322200c5341019c5cb8e23a0042e27fb45cb;orf_b086ea36e0bbff21af17aa05ac5b85c7858607fbe7d6f163389de4a55fca4611;orf_ec367ab811c57fbe604ce98b54d04b280900bfef0a33e1a358b46bdd185930ba
peptide_1d26632909793e9ef4868a1283d4ec88d8de6173f2567712b41a3547f09f15b9	control_cedc888aa944927206d6ba55ac4209ebca68c719bf680e9e291ba8f9034392d5	1	141	141	0.8297872340425532	0.7943262411347518	0.03546099290780136	orf_7ae3e4ce30281d3f2124a91a5c7b322200c5341019c5cb8e23a0042e27fb45cb;orf_b086ea36e0bbff21af17aa05ac5b85c7858607fbe7d6f163389de4a55fca4611;orf_ec367ab811c57fbe604ce98b54d04b280900bfef0a33e1a358b46bdd185930ba
peptide_1d96ab1139fd7e2a5d0d5c16c5db26c59fb1194ceaf2df73b61b5175196b3ef2	control_10f3813649580c2e31f2da5a2362c4746a0a6d76f7720be908bbe728279d596d	570	784	215	0.0	0.05581395348837209	-0.05581395348837209	orf_1b9309f177fba50740b66798c9c0712ac5d9f178590df1a2076c6d83f2bcf512;orf_f2edae85873112a390633cb81b80ec72547110779cd39287dbec7ef8f771dfbf
peptide_1d96ab1139fd7e2a5d0d5c16c5db26c59fb1194ceaf2df73b61b5175196b3ef2	control_46ad991488bace04a995efdf6ebc0192701833f042d748a5f9f51760e87de663	540	784	245	0.0	0.0	0.0	orf_34fcf64ea26a8095795ecc2da6b571d7ddcd5d006be4b753c2b4013d5e5844e8;orf_672e7b6258ac412fe5bbc9a781c7e1111fb7994d07ed795573b6945ebf8f6b01
peptide_1d96ab1139fd7e2a5d0d5c16c5db26c59fb1194ceaf2df73b61b5175196b3ef2	control_b6097ec9ca8327598c7f0e4b17956f1027eca7c86c06aef1eb256afa4661beb6	1	538	538	0.12267657992565056	0.120817843866171	0.0018587360594795599	orf_1b9309f177fba50740b66798c9c0712ac5d9f178590df1a2076c6d83f2bcf512;orf_34fcf64ea26a8095795ecc2da6b571d7ddcd5d006be4b753c2b4013d5e5844e8;orf_672e7b6258ac412fe5bbc9a781c7e1111fb7994d07ed795573b6945ebf8f6b01;orf_f2edae85873112a390633cb81b80ec72547110779cd39287dbec7ef8f771dfbf
peptide_1dc6aeda50a5e497a2f5951ecc5210d7d2e68c1a6ea22fa070ab227803ad98df	control_af68ea87671fef795f2e1cf0ed292bddf3a59911eb86962e55973b7cf0e546a1	20	274	255	0.0	0.0	0.0	orf_1c5293c39fc8a381b4f534c1906a90c7aee244ab46948ca91fccf4d92e6d0524;orf_35b967ff8c5a833bf78e23545b8e042dc1c56981574f40c167cca91c50df5d9a;orf_435b528d0def3b30d3e7226deecd63dcf9332aedce68e7def9405d97dc40c10e
peptide_1e8bc65243a9facc8e4feddf58cbbe693b2477dfe7a89be4bd6f1930464904dc	control_cf3da4d22fa4dde99b4a1a065d084b5648476af73bdccb31f05e9673a236ec40	1	62	62	0.16129032258064516	0.14516129032258066	0.016129032258064502	orf_13ddca2f1382dbb743b5d594a829c338c0f864a569bc63609037a11415649533;orf_1b4ccf6df695497ef67605fdd28db04770432f10fbac6ddb1499ab7654133b32;orf_2061de57c349c29f4aad9f226dd3900897b096eb6cf7869d5449e1b8ed2f286a;orf_73589651e47d322b163727a4f75aa37918549ba174fb6652b8fe72c28bec58cd;orf_7c43a106ef5d91d762d1276291ea1bec7d2d647636ec3bc780c7ec94ce64c549;orf_fd60fabb89206bc43fa4d82668d0d6d0e1c980fda22dec585ab5a8c51422c5f7
peptide_1fe37bd6ea07b66d2c16eb3ac3ec79534ca5317c7b1cadea503320eaa4a1a3a2	control_a1b127afcf0c1a30e7fb3748cdc09fc354c6084f6cb684b60fbe910d6b81d8a1	1	361	361	0.0	0.0	0.0	orf_2a6d8f9aca56b3dfc2affce83becf371f062686a48a2ff790f8d2d169bffda81;orf_e39fb98ee23b315960eb56569feb83e9c37d5421dd03e43a87d8e77fcefcfff5
peptide_204ed537f56ceb775af18238d6211e9820a946ab60919dfc9088e0f6179859b9	control_65154cfa47c41f0659b3bef95c50df99b82f5af5c3c84f7bf7c6ae151054be64	1	1135	1135	0.12070484581497798	0.11894273127753303	0.0017621145374449448	orf_4b0dbcd3a4d30b1cb6f67fe5aa6b6ea96f4bb04d15a68df310489b951a3f16b1;orf_98a90186cc2006b5379e81490274327b63f76528f7f79cd7d3dec36920320bbd;orf_e8053fa7db18759af3c4f8232acaeac5b6970ae5580c71ec7bc5db14eb2731c6
peptide_2138b9068e3e0c4310d51e2c49d2938f8b195a4a67421c7713adf671057faa19	control_e4ef9245d9060d52fa3e71334259c77537a802b192c3eea77be36cb7f9bd3e59	1	34	34	0.6764705882352942	1.0	-0.32352941176470584	orf_cee8bba217702d1287f0794b1e6a52242665d13169573108a982c265c3aace7a
peptide_2138b9068e3e0c4310d51e2c49d2938f8b195a4a67421c7713adf671057faa19	control_f260443270ee3c54f24ee23893bac5ab6991daf0dd126a7a26b60f4bb83cb33c	36	248	213	0.5305164319248826	0.5305164319248826	0.0	orf_cee8bba217702d1287f0794b1e6a52242665d13169573108a982c265c3aace7a
peptide_2168e44b24311d2038cfd2a0e4419b38462cc90c1ad4a8edab2a8f33656b2877	control_50bdddd5449e6311bb97a353a9e6487178dd8f56d302a5a354f8fe555e2d598f	144	197	54	0.14814814814814814	0.0	0.14814814814814814	orf_92fc07dec9a4c58dce38916d1a47d3440dac83aee1ff4f8fdd2d2247aa10675d
peptide_2168e44b24311d2038cfd2a0e4419b38462cc90c1ad4a8edab2a8f33656b2877	control_7b6c0e554062837bb9dd67d0fe91f7243dfa53d9abcc1b3495b88c79494d3d92	1	143	143	0.0979020979020979	0.09090909090909091	0.006993006993006992	orf_92fc07dec9a4c58dce38916d1a47d3440dac83aee1ff4f8fdd2d2247aa10675d
peptide_27423e5ae634ee16faa22fbee9d7696e067cad37f9f43540e7126b62788f8fee	control_63186ed129cbeac8d3622242b3f0f3fef6632d5b23d6017c428aa8a295d45104	1	61	61	0.09836065573770492	0.09836065573770492	0.0	orf_204a5536617457d2c0f9ffe8208dbe4ec1e62396adbb1c6bd663cded49571cb9;orf_428349d18ca66657ac091bcde214092aeb433386cd98c4f0742d70b20a3c02b7;orf_63d61e9b9d2cff3a1f14c24eb8205bc41b38ee8714090f895e28c67f12000a5e;orf_702756bd084a0b297e00d8e225c6b297a2447a66b17d03e8c4398342793cb551;orf_8ccb0d2859a79a631ea0aabd0c6906cbaf077fdcfd51d7b72f5ee5350b895d1d;orf_94afa47428945db8353443d12ab5c503dbb6f56915f40a01bc7ed5a28fa44db4;orf_95560e5a33cb4b16c155c60e597ad011538c4315f53cda9cebbe32ec42df6c43;orf_bd6dd06046389dcf23a54c8f02c0a970f6b400893b2911013de134fa87f48e47;orf_ca5d26db92da54a97ae3506a5d310645ac22d28c25d8de98fe3ebe7a7d578057;orf_d5e291a570ba998d867d26fa72302f9f1b8b2278867cdb80f00b4b9b22d93bac;orf_e33dbc7c3e2c14720b20512da1a49cb7ce47af1e01043cd10bf97d1c710783f3
peptide_279701eeae3508894ecda791240e0f757558d2bafab5b71e12e4d38b4e71b14b	control_3e6fd272b608119f9d4f022d13ded281f9473f45b9de1e2d6b1931b43c2f8a44	1	43	43	0.18604651162790697	0.627906976744186	-0.4418604651162791	orf_582732d36f26eedec7223580218f9241d9b573b4466f8185e258facd7e888a5c
peptide_289703e36f5869975fcc5af1cbd06c1f72a4d2a842df9afb9026fb0767317782	control_b33dd68645fcfe43d4654563dbc50baa1bc07864ac0bb13725612df821aa2e4e	1	253	253	0.24110671936758893	0.21739130434782608	0.023715415019762848	orf_36db398d345d8fb6ea2355fd613e69c11f69b54192d05c811fc059cd33dc7ae8;orf_d233cf0150070d90261d46d73c03320a362d5b4d36d25c9afc6d37d26d8180d4
peptide_289703e36f5869975fcc5af1cbd06c1f72a4d2a842df9afb9026fb0767317782	control_c1395869225a72fb3b65c64fabf1c560f7e92f0c6a00d71b8d9420276fe4e517	254	532	279	0.5125448028673835	0.5376344086021505	-0.02508960573476704	orf_36db398d345d8fb6ea2355fd613e69c11f69b54192d05c811fc059cd33dc7ae8;orf_d233cf0150070d90261d46d73c03320a362d5b4d36d25c9afc6d37d26d8180d4
peptide_29ea5ee0680ecd1f94f1277f5409186d94102586e1ff61dc723a33f27a95836b	control_511f6c2e42d036dbf7dce0ad66d168eb8965143171a91801d1e78ee5faed7609	27	206	180	0.0	0.0	0.0	orf_6191b0c6a673ef4e480a072c9fcb0dc835df0e8808f074b422f58ccc0fcb0111;orf_d73e8c70d0d8fc6a0b0f6336309ebc99d0b28a9570f4a85c911bd7f5930a6aa7
peptide_2add87360b59c5d05baa755fdce15eb60d338d20384a37357db0bbe326096009	control_7e985e2ec3f6433b076a7d8ac8833657160949d9a14811376052ce237b449d83	25	421	397	0.49370277078085645	0.49370277078085645	0.0	orf_189cd457fef3234253689d60f9a965d60d2e22f644e17cdd95ce43954b433d17;orf_4d2e4e0d451507061c23c7f15165163f946d43735ced8332ef563cbf1269fa9f;orf_d110308455b8e3200b2dbfd0ec7533cc1a75bc936bd520d28ea8c91bf921c98a
peptide_2b51f821f3f63a41e62b73e95a3994fa13f9f527ec1942f80ca2dd456355c2b6	control_bb0a07bc035ef3d02b3a5963fa4231a2152f7431c07229e2366adade313f88c9	13	105	93	0.3118279569892473	0.3118279569892473	0.0	orf_8ed124d91d0eb45b2bf57f01721c04646f209c66df41830fbfba517c13271493;orf_e87e7e49934f6bd5261fb74d21cd27e864c5b65b734cfce840cecc0cdc53dbb9
peptide_2b6307a928c00d74e5da0a64ec3c8c19333fa31e0ec9ff5b1f553c414751a1eb	control_697a38e13f963cf14d078ddf282e57cc1c6032ede7a89aa5b22b30ad69733a03	113	299	187	0.5133689839572193	0.3582887700534759	0.15508021390374338	orf_37f2c26513d1d0fadc72201b3b1d1497957d954fc035dc5942ffa77ec036f7e1;orf_d54d67d31b55e84ffa1613b498411bed0997da931dfedbd118d8b51cba56167b
peptide_2b6307a928c00d74e5da0a64ec3c8c19333fa31e0ec9ff5b1f553c414751a1eb	control_d35df10fe6dda7752236629e90c9b2e2316310b0134f4aa4c60bf01318091cb5	1	111	111	0.5495495495495496	0.5585585585585585	-0.009009009009008917	orf_37f2c26513d1d0fadc72201b3b1d1497957d954fc035dc5942ffa77ec036f7e1;orf_d54d67d31b55e84ffa1613b498411bed0997da931dfedbd118d8b51cba56167b
peptide_2b725ec6513d4fe033761938b5b7e38cdb2776f273712a72de67a893499a6121	control_3a52d69f64eae80dc4228622a0469b884b37857922d834eb07c8e4d358f1a3be	1	116	116	0.603448275862069	0.7586206896551724	-0.15517241379310343	orf_415c54b54c315bcc88f3adf5aee91320eef8e5be6b473bfdd499e809d1787bab;orf_5587d5f12e42b7534fdc59d06b97b95546bea324d27c2610227707a78a3c111c;orf_92c42901b2f4ceab16e3a32eb517a9dfa92bc50afcc19885978ea017967951f0;orf_b8215ffa720f911295f4b50ddc156ad75538fb9a7d4de6fb40a16e37113eb6db;orf_cfaf0ffd1f1a7c2da8ce11c2a4a129d2a6f029a4dbeac193ac8f41cab8858d69;orf_fd5ac340ac1929112c6eb62bec6044ae83d3dd43b92e7b6bfe6a0d298288c8f4
peptide_2b725ec6513d4fe033761938b5b7e38cdb2776f273712a72de67a893499a6121	control_5a3212de94791460e0d550d0b67a3448303d3026e48183d8257932c52def3ed3	118	313	196	0.15306122448979592	0.14285714285714285	0.010204081632653073	orf_415c54b54c315bcc88f3adf5aee91320eef8e5be6b473bfdd499e809d1787bab;orf_5587d5f12e42b7534fdc59d06b97b95546bea324d27c2610227707a78a3c111c;orf_92c42901b2f4ceab16e3a32eb517a9dfa92bc50afcc19885978ea017967951f0;orf_b8215ffa720f911295f4b50ddc156ad75538fb9a7d4de6fb40a16e37113eb6db;orf_cfaf0ffd1f1a7c2da8ce11c2a4a129d2a6f029a4dbeac193ac8f41cab8858d69;orf_fd5ac340ac1929112c6eb62bec6044ae83d3dd43b92e7b6bfe6a0d298288c8f4
peptide_2c1cb44a742642c7499d1d08f06ecb23a8a9624b374d98d67c1abe41c80dad9f	control_03fe05e6d2a9581bb3f099607555b1889159c45468b6cd5c2b5e29e9b87c66b0	254	535	282	0.5141843971631206	0.5425531914893617	-0.028368794326241065	orf_2018a7bc57bedb2f237fb20e1db8bf9e4af80a520df7baa7f74b649cf65131a4;orf_2db2a40b8714f0a4c5e5662cc287b815f10c750376f6dd75a67bef6a4d5984f8
peptide_2c1cb44a742642c7499d1d08f06ecb23a8a9624b374d98d67c1abe41c80dad9f	control_b33dd68645fcfe43d4654563dbc50baa1bc07864ac0bb13725612df821aa2e4e	1	253	253	0.24110671936758893	0.21739130434782608	0.023715415019762848	orf_2018a7bc57bedb2f237fb20e1db8bf9e4af80a520df7baa7f74b649cf65131a4;orf_2db2a40b8714f0a4c5e5662cc287b815f10c750376f6dd75a67bef6a4d5984f8
peptide_2f48fe9d24692c4c2f3fdc9e40a42a86d295d828cc45bb4e18a09e986843283f	control_2c04ee8da06f9ed6fe867d024ca2aeab79e563e70a7d1378339ea61d7b3e9e20	1	255	255	0.14901960784313725	0.12549019607843137	0.023529411764705882	orf_062c8536836df20af219cb8b5e9acf70930c7fede1cc8ccaf2f4fbd38948fa79;orf_0b645b4aad7f79cdb4016da11c5075b2412bb393340c20535004714a3cda35cb;orf_ddacbb913b3a9b1ee133a4eb6a0e9a5069a88f81749b8729e76529c52716ae03
peptide_2f48fe9d24692c4c2f3fdc9e40a42a86d295d828cc45bb4e18a09e986843283f	control_bf9803707b0fc382d2817be6bd07ed51683b11efd14ad9eea2ed459669be633e	256	285	30	0.0	0.03333333333333333	-0.03333333333333333	orf_062c8536836df20af219cb8b5e9acf70930c7fede1cc8ccaf2f4fbd38948fa79;orf_0b645b4aad7f79cdb4016da11c5075b2412bb393340c20535004714a3cda35cb
peptide_2f5ccec75975e3c6f577920bce8d2353c43c2083ced5a445cd4306874aa49f96	control_4f66b1a165119157d47f12f37c0bebcdb76951a8286576e3811e053b4d975437	1	41	41	0.0	0.0	0.0	orf_58ea285c7263c342287ea61733b0777f81c58bf5d796df1cb5072b636e8b65d5;orf_d997340860df1fa0c8d4076ccb52c6a4c7da56b0cc31061feb4c5931b73b5c46;orf_fd69839cf533d356c5cb9ec26a0d09010aeaa70db6c934cab581f8d9d973d916
peptide_2fa08b3f456b35b634ae9dec88e1161e05e4063bbe185c89f98466c5b35a86b8	control_8f9d2be3697a8304961bcdb65f2c09fcc87ff1281f0deb8d09e0d752c5cb8452	27	357	331	0.03625377643504532	0.03625377643504532	0.0	orf_107b8f6f1dd59b2cfa0aae727faa14f7db0c064152eccabe43a742cbd6a4a89a;orf_5331831b7a2881e287a40bb37dfd10101364c67f3fd1231133646554041f7130;orf_6033b6efb7af2725d9175017237b7e20cc27b9934d6a5b14aae682082fe57795;orf_b447317e2c56eb078ab27d6afa6a9e8abdd3691bcfa289b96d151b1a9cedb652;orf_ea4c06caaa102028add1724e8752027151ac978bab58c287a16a9399820367d6;orf_fbbf550d4c0e3d0286db2ad2a171043e5577ffae6c37a120c54921356096c9a0
peptide_2fd568c243ae5fc146a0c3231fbaef7e40cf01dbf9a2cc5cea6ca2f10c9a8f54	control_13d32eb7630258f94ef7f13f9f37cb5e331cf7d4d8238bc4fbcc3b4dd94bcf1b	1	115	115	1.0	1.0	0.0	orf_745e13095101e29c877072c1479e907ca6d98654e1563fe36fa46914def6a1a5;orf_92f9672c81ba0eb92441c40c56e1f16e61af25ea6dc594790a9bc3843a374230;orf_a5a4d9669b379d18f26442b9f9f1efe67877ca5b19d9ada8ee6c01f8d3651ec4;orf_e51ad483566291b1d3807e12cd3cb5fa2db9e6f4b314df6208bd885563031334
peptide_2fd568c243ae5fc146a0c3231fbaef7e40cf01dbf9a2cc5cea6ca2f10c9a8f54	control_37b6130c34c2edeefc11274b652d621c7106872fbd45c41de017cedf27ec0f31	117	399	283	1.0	1.0	0.0	orf_745e13095101e29c877072c1479e907ca6d98654e1563fe36fa46914def6a1a5;orf_92f9672c81ba0eb92441c40c56e1f16e61af25ea6dc594790a9bc3843a374230;orf_a5a4d9669b379d18f26442b9f9f1efe67877ca5b19d9ada8ee6c01f8d3651ec4;orf_e51ad483566291b1d3807e12cd3cb5fa2db9e6f4b314df6208bd885563031334
peptide_30789ddbca07e50737e87ef7ab2775266174c325dbac710715479d3a2f30a194	control_5253042921bb73f9dbef97e3640394d6f71f4d0b01dbb6fbd5d1c922daf1db57	1	130	130	0.0	0.0	0.0	orf_00a300746895baee21205255b86f79b4950f585c3792ae4502960e826cdbee4c
peptide_319de57327db46169c574e3e03d766160c11791eed0bff2de59bef5570b97a97	control_bdfc3509f31b8c229e58463ce30c8bf3d6db5bf33272128697e4c03a28829fca	156	355	200	0.0	0.0	0.0	orf_7e3e3530b1d8bc56f168a7577e165a22f5a0ceaa00c9b16e3d3cf56ef6d2b216
peptide_319de57327db46169c574e3e03d766160c11791eed0bff2de59bef5570b97a97	control_e451052e50a63f62bdbabcff1168d3b79a3258aec0caf2a5df2a9e459ad99bbc	1	154	154	0.21428571428571427	0.17532467532467533	0.038961038961038946	orf_7e3e3530b1d8bc56f168a7577e165a22f5a0ceaa00c9b16e3d3cf56ef6d2b216
peptide_32888589dc5b12cf0be003a11e192edadf3264e7da04a8823f1a9499eb3f68a0	control_1bac4ca7391e57bc4f272e14814285c195c59eafe5503a85cf79268855049d25	1	519	519	0.0789980732177264	0.08092485549132948	-0.0019267822736030865	orf_d2372f6351e83d60033fcf0ddffb8665326d71e87726af218f5d5a3945b592c6;orf_d584faa30b3047ab6d8a39baedf6e8da4aaeb331be73ea4dbd77e651b18ecc09;orf_f400212ea137cfad597719b1e1ed89c0b0c9d5f568f58473767e115dc75f08be
peptide_32888589dc5b12cf0be003a11e192edadf3264e7da04a8823f1a9499eb3f68a0	control_5c7ab1dcd1d2b458d28a0cd0d1d87f44b6e8586161a9677091ac8b7d028dba12	520	595	76	0.9605263157894737	0.9605263157894737	0.0	orf_d2372f6351e83d60033fcf0ddffb8665326d71e87726af218f5d5a3945b592c6;orf_d584faa30b3047ab6d8a39baedf6e8da4aaeb331be73ea4dbd77e651b18ecc09;orf_f400212ea137cfad597719b1e1ed89c0b0c9d5f568f58473767e115dc75f08be
peptide_3330637c06dd88a8e1161a3b66396a58fa97dad6e8626bde1493ffe2d727812b	control_2fe1edae76fe6871f3bd4fdbc2568891a8e123c8e5ce0d17e94283a37c460e14	1	184	184	1.0	1.0	0.0	orf_c42b6392e33e438f5080d0913a03a7fad7278b281392ab43dfea6b67c7af5183
peptide_33e439fffd21f0bb37f62999726d0ef310cba0c1c7da99974a3c8dde432ecde0	control_4a8e5cd471ee072742a5ca7283e7325d071cbe1c7dabfca4a1b3daf518e13d87	1	145	145	0.0896551724137931	0.0896551724137931	0.0	orf_c102d1387c837f21ffd6cedc80334eba1759f486c9a9044d87fa53dd9c154566
peptide_33e439fffd21f0bb37f62999726d0ef310cba0c1c7da99974a3c8dde432ecde0	control_50bdddd5449e6311bb97a353a9e6487178dd8f56d302a5a354f8fe555e2d598f	146	199	54	0.14814814814814814	0.0	0.14814814814814814	orf_c102d1387c837f21ffd6cedc80334eba1759f486c9a9044d87fa53dd9c154566
peptide_344139caecbb91ebedc38d31dc6d21ae9491f43c900a54be6d396baf9e5553ff	control_afa39cc15567a6b35bbe4bee9b58b7cc42cef751200facfa4b8ded5064f81fd8	118	251	134	0.0	0.0	0.0	orf_1e7efb0508d395466d0f6dc5917d55e3edb13ba8714adcaf58357248a727098e;orf_cebc31c68836cc9e0444baf15b45077c115500f8e79e0191dde3f4c8fa4f35bd
peptide_344139caecbb91ebedc38d31dc6d21ae9491f43c900a54be6d396baf9e5553ff	control_fc9007434234f8d10541cace6aea3e344a7d36845dc103ec3dda1012ea3d7a8d	1	116	116	0.6120689655172413	0.8879310344827587	-0.27586206896551735	orf_1e7efb0508d395466d0f6dc5917d55e3edb13ba8714adcaf58357248a727098e;orf_cebc31c68836cc9e0444baf15b45077c115500f8e79e0191dde3f4c8fa4f35bd
peptide_37ced88ed5be8c8a074c1ff82f0875d9fae0fade8abab4cb6efe0f2fcbb73097	control_9a7ffcd32073103f60b4e6a3fe9fc3e3b45b8fcec0350bf845b5293218c01483	39	377	339	0.0	0.0	0.0	orf_1923b0fa6a2ab57ccb80947f8955340896257ed7ebe3d4c79035fe16fcb36192;orf_7bd268c620679fe18793e33067f55aec9681c2b2cea44e06a2e08a93ed7de6df;orf_de73eaa968730185da95193fbd6420141c9b17b36fff1130a430f1d1dff047e7;orf_f287c07290abab4967cd9375ccbd7e5ac4c79b8f6908b459aa065b3d36b76b10
peptide_37ced88ed5be8c8a074c1ff82f0875d9fae0fade8abab4cb6efe0f2fcbb73097	control_ba9dd1ccdcbac6982a46053e936f4423d4af1e1937bdb58228022feb6f1679da	1	32	32	0.21875	1.0	-0.78125	orf_1923b0fa6a2ab57ccb80947f8955340896257ed7ebe3d4c79035fe16fcb36192;orf_7bd268c620679fe18793e33067f55aec9681c2b2cea44e06a2e08a93ed7de6df;orf_de73eaa968730185da95193fbd6420141c9b17b36fff1130a430f1d1dff047e7;orf_f287c07290abab4967cd9375ccbd7e5ac4c79b8f6908b459aa065b3d36b76b10
peptide_3868fed335582b3a056d423efc2dbae9dfa7c7350d3572a0f67798065f307d53	control_1f6f61c2ace14e8c7bb86b97abf822389ab57f8096ab445f2d5d4ca664a06c5d	1	88	88	0.4659090909090909	0.4431818181818182	0.022727272727272707	orf_0a0283b8715637f37b2f55925838772d9ce242e7a0d71b267d1678e7efeb41eb;orf_155e5891c7c3131066d6649753bf7eb1a8fd3bc331f29f1155ddc2f553a548a6;orf_22908a3fe671c1348eb9d2bb8b216031c239d337d4713b84b5ba188b3ace5f82;orf_77b4e354541dda504056c412e04a1201dd33fb93265f1c6a473b3d69fcd3db5d;orf_9773149ccc9ab50db4048142870964fce437625f9001a791e171f1fefafbdd82;orf_9b8e339dbe3b82d77e6ebf7d6a157583217c4729f12beda999ce8e68ae3e3c70;orf_a4ae9019fa2f5837e989f97d2721ca843958433d17adb50f30099add7c017c86;orf_e62cc1995ba968e59a57c1e9a580e586b8f5492fa3d3f624d4e01af7fb4971ce
peptide_39c80d227d1b6b4e946adce4be85cef588e0b03a059216ffe8e45cd70776a3f8	control_3e6fd272b608119f9d4f022d13ded281f9473f45b9de1e2d6b1931b43c2f8a44	1	43	43	0.20930232558139536	0.627906976744186	-0.41860465116279066	orf_fee0e726e214769ee7c18d396f5396a91d7c87a209b716e6953348f79c507f0f
peptide_3eea41dc2191758bba2af58f9efccf8e359349d6a85ff027e916d63e125531f4	control_7a105fd84126029fe8e9e2e2978b685deb6503c8fd9709cff857c43eebd56d10	214	488	275	0.05818181818181818	0.05818181818181818	0.0	orf_25dbf392eaa5c84df209506657052ff4ac3bb720aa73997ac62f255210e03352;orf_2bc5cf702376f3c36e6dd758ea9678c3b7f84a6b62d486aafdf36dadcce033ec;orf_60c18bcf42f68f4f4c117d59f7877fb16b76592d8f9f85df997e4a324e6fa0a7;orf_78cd9572b3088abb10da2e4c1ea5a6452daa006e829afa225ff6a82e9f07270f;orf_9a84a32ccbb5f62c254f662411ad245beb0659ceacf60aa01bde17be70a0a751;orf_ab921d28d6758aa53505625eff643eaffca12d55cbb0f207779404ed4a32e4b2;orf_db90fce85aa2d85ef5b78f16e5c64c6434db0145b4f06dcabd08dce7e964ee06;orf_e4628c5a35d9d37e73b9c178773fff177ff5ca0d86e879edd06504620cbce9d5;orf_f9bbeeeb49f73dc8af9cdcd68564c54536f5567f0e063ecb21036e8d1c14cdcb
peptide_3eea41dc2191758bba2af58f9efccf8e359349d6a85ff027e916d63e125531f4	control_d8f8bcf2abb482b2a03135ba312e8c7944962feb6b7a127ebf52ff23ea2fb9da	1	213	213	0.10328638497652583	0.06572769953051644	0.03755868544600939	orf_25dbf392eaa5c84df209506657052ff4ac3bb720aa73997ac62f255210e03352;orf_2bc5cf702376f3c36e6dd758ea9678c3b7f84a6b62d486aafdf36dadcce033ec;orf_60c18bcf42f68f4f4c117d59f7877fb16b76592d8f9f85df997e4a324e6fa0a7;orf_78cd9572b3088abb10da2e4c1ea5a6452daa006e829afa225ff6a82e9f07270f;orf_9a84a32ccbb5f62c254f662411ad245beb0659ceacf60aa01bde17be70a0a751;orf_ab921d28d6758aa53505625eff643eaffca12d55cbb0f207779404ed4a32e4b2;orf_db90fce85aa2d85ef5b78f16e5c64c6434db0145b4f06dcabd08dce7e964ee06;orf_e4628c5a35d9d37e73b9c178773fff177ff5ca0d86e879edd06504620cbce9d5;orf_f9bbeeeb49f73dc8af9cdcd68564c54536f5567f0e063ecb21036e8d1c14cdcb
peptide_3efb26690c36c414062c23d0c47a34fbb57d8f10f8edf672769c2cddb8218cfa	control_3fb5428bdb73f73c01dc2b63b40d897e25d97752b3e441b6eb798b9d394a4424	1	197	197	0.22842639593908629	0.2233502538071066	0.005076142131979683	orf_8a25ad481d777bd7289d2bc54188e6644f5c9bdc76f66d537cebf18dc90d2a26;orf_9142525481a1cd0db1d7e7bc59022a9bd3097ee1b1bcb8d2f2ac1b4bee0456b4;orf_f7149ce97d6b631772d7c681567b62b0ac9d632da00b39f952caeb165fe58ab6;orf_f8f8a7976634ab0b48ca9ea49a1851ca55c0dc6137c6fba102570476acd97597
peptide_3fe112080cd703f5864a72a00c8693231209bfbbe44887998c4bb81b1ea3b440	control_13d32eb7630258f94ef7f13f9f37cb5e331cf7d4d8238bc4fbcc3b4dd94bcf1b	1	115	115	1.0	1.0	0.0	orf_17cf01ec5656b9d9b105297986ff4ed3a764f6085e9a4b2609c1b7e45a29b919;orf_447c67aa9def82c4f6367dee42d61cc228f91c32786aa185f6751413345f27e9;orf_d42aab33934622a06e40afaa3f8c4ed6a25b1ca892ec428f54a161cd260fa0c3;orf_f25d96e6ae450d4831bd6f466edee8c41a07f05bbf4eeed9c5b8df5a5fcc99b4
peptide_433070179775f2a51f11608ee7cdba082ebe9d602b558890f9ff511c537698ac	control_5366f5ebbfa5fa7013bad42c89dbbeca939c0596cd5a7b2b012a9d6e7003975a	1	323	323	0.2043343653250774	0.2043343653250774	0.0	orf_615a3cbea9c444fa85b9d849ac9bdcbaee1bca9303912125cb99333f2ec6979c
peptide_433070179775f2a51f11608ee7cdba082ebe9d602b558890f9ff511c537698ac	control_cf85ce08a919453568b826abfaa7e5dddb6354c71d325d356f4a8e0a9ff2184d	325	399	75	0.0	0.0	0.0	orf_615a3cbea9c444fa85b9d849ac9bdcbaee1bca9303912125cb99333f2ec6979c
peptide_44e77e98a7056e62ab58c0d6e9bfb595600a4e52033173803b36e6da613738d9	control_86e0b6b0047834266a28c887ac80f3e9b8d36ce2db84bfbbdd52ea5092504dad	1	61	61	0.0	0.0	0.0	orf_5ef0f9a8a726a13a2d30823a2c084168767bd8b24b5e73831b0a9dde950b0419;orf_af3b784786f0ba11238db2873703aeb64b7206f49c45eabea0be11966b6bde75
peptide_47fc51d8b4ad674a009f9c5742c21b1c917e7576d90c01ef9e0e2dd1d906f9de	control_06703c4d8d4a69d1aeaaf568766e48d65313a595620f627f453e60d5d7b7c331	36	108	73	0.0	0.0	0.0	orf_4dc6ad0b430643e1bc21bc967055555ce6e53c688d75e9f0f7e597a24bbd9c8c
peptide_47fc51d8b4ad674a009f9c5742c21b1c917e7576d90c01ef9e0e2dd1d906f9de	control_e4ef9245d9060d52fa3e71334259c77537a802b192c3eea77be36cb7f9bd3e59	1	34	34	0.6764705882352942	1.0	-0.32352941176470584	orf_4dc6ad0b430643e1bc21bc967055555ce6e53c688d75e9f0f7e597a24bbd9c8c
peptide_4b2f98c509cb29c5b53a91dc288beb0f4663e51e40260899718df2cb4b118fbb	control_3e6fd272b608119f9d4f022d13ded281f9473f45b9de1e2d6b1931b43c2f8a44	1	43	43	0.20930232558139536	0.627906976744186	-0.41860465116279066	orf_d083151a70f05b6994d4012ac7b21b4e2ef6a89f1c86fa88ba64c99b2e17c57b
peptide_4d18fa70af645e46d15fe314ebcce1c4a4d97a8f5efb301e857bc9e15fa34010	control_d8c6d83cfbc989dea7202d53e838ba18ae7d102409f78466574292795e26f72b	1	87	87	0.022988505747126436	0.0	0.022988505747126436	orf_25c929d7b9ac7cc59315e9b2ab3bce859d3ae63c634e28f12314435ec549654e;orf_512ad5a6d80727abc49ce5f2d1ab6c7e08c0d8370abd51b6787dea640d609cf1;orf_5672950dc1f4c883211ae8ca36d4ffb7a0528bd9be1212d7c4024c56aae20eb8
peptide_4d1e29a48689d0211f48794e07c63a0323e19504cc539691619c0ba0dc364723	control_2a291fa63f986b21466c541a014f771f74c2f76d8b53a014e7cb254734f85558	1	258	258	0.09302325581395349	0.07751937984496124	0.015503875968992248	orf_1b1661ae989e9d5a1693fceaeeebbaff694729f9b5df6ed1f892d0ca18803a2c;orf_1c893bb65d6ea6ed202e8367c9ca402813fdea7dfdeacecf156f35d094a86fab;orf_411b7f70372cdbd78d806761dcdd30f147f33c277bf61a1f9ed93b33d0e13b2c;orf_44f840a1bc045fa317d217ab542c03f373d11a41ae798aa6f4b799777b8b42b2;orf_5d6f10b20b434556b4a7f5c25d61df3d87a2242637ba8e7298ceb9f1c1c4e96f;orf_63fd81124e3d6f38257763277626122e4f26e92d34035402f4126db8a60ca16e;orf_76b9876d7b802ae5ca8a3f523917d30154e862c300071679a575ae2479fb7615;orf_e1cf9f35b357b4e8c98f07ff4bbae1816b8e3d2c81910e15759509319c497688;orf_eb5515e16adad0afdcefafaf39ec44c9cd6573b44543550825fda7cb4ae2fcb3
peptide_4d1e29a48689d0211f48794e07c63a0323e19504cc539691619c0ba0dc364723	control_bf9803707b0fc382d2817be6bd07ed51683b11efd14ad9eea2ed459669be633e	259	288	30	0.0	0.03333333333333333	-0.03333333333333333	orf_1b1661ae989e9d5a1693fceaeeebbaff694729f9b5df6ed1f892d0ca18803a2c;orf_411b7f70372cdbd78d806761dcdd30f147f33c277bf61a1f9ed93b33d0e13b2c;orf_44f840a1bc045fa317d217ab542c03f373d11a41ae798aa6f4b799777b8b42b2;orf_5d6f10b20b434556b4a7f5c25d61df3d87a2242637ba8e7298ceb9f1c1c4e96f;orf_63fd81124e3d6f38257763277626122e4f26e92d34035402f4126db8a60ca16e;orf_eb5515e16adad0afdcefafaf39ec44c9cd6573b44543550825fda7cb4ae2fcb3
peptide_4d6b671f67914a092e9a5f3bbea33bd2487c5c33e47d7b3cb6d2e6a0beb9d2f1	control_21cd12faf8480374771e1b70e255ab2846307a9ba9d6d0ef6cb5180e1f15f22a	1	125	125	0.44	0.44	0.0	orf_dffa9467c408c6c6608f81dd0f06ee12d63f1513bbc824930d9baa2ddfa50545;orf_f1cc217477541598b94ae2637dded28343bfaab0e8388d8b6aab085405644ed3
peptide_4d6b671f67914a092e9a5f3bbea33bd2487c5c33e47d7b3cb6d2e6a0beb9d2f1	control_b8cd310c0b779bdcb4826e0488b12738fc7c3d9c111a7f8a51926ee62aadbf93	126	271	146	0.0	0.0	0.0	orf_f1cc217477541598b94ae2637dded28343bfaab0e8388d8b6aab085405644ed3
peptide_4dbf9f2439301397cc62c56355584e851ad5440d0237c220366059cbd2a7e107	control_340c40d7e1abaf7ffb7fe02c029edbacc5465658543aa8c88f95df372cfe5024	1	70	70	0.014285714285714285	0.0	0.014285714285714285	orf_731b2cdf4e63fe7eb75920d4c854a3e186898422f70b51cc4ee585f64f1b1937
peptide_4dbf9f2439301397cc62c56355584e851ad5440d0237c220366059cbd2a7e107	control_4be0593da6aaf178070b1a1ca652c7c0c485e5a04b4a36a318beb14f68d62dc2	72	290	219	0.0	0.0	0.0	orf_731b2cdf4e63fe7eb75920d4c854a3e186898422f70b51cc4ee585f64f1b1937
peptide_52c3c3a3a74c40b0b52b57efee49c5c169200cc9ffa5a31ec683837dee43ea18	control_85c1b2645e2966cfacf564c3cb0de52abcb8dd0577029d4dbd018e2363abd3dd	27	295	269	0.0	0.0	0.0	orf_076cdd0d12edb262f7536d26d99908be39db0f17f087ef281cea67c1f72dbda1;orf_10e883f341f335d01df2f8f48ff5f45551af9a50fb1f398f1d9170a8a78d7f96;orf_7edf3882806b88281cd0bd44a2e0ffc3d52db03af38e0794f00e8e2b2ec5da44
peptide_558c207f42783b30e5190e4016b2b0146626e7f1370c9f13d1fb075b69e22fb0	control_e451052e50a63f62bdbabcff1168d3b79a3258aec0caf2a5df2a9e459ad99bbc	1	154	154	0.18181818181818182	0.17532467532467533	0.006493506493506496	orf_63320686e8a6c69670923e7ef66375d12c64307605a40664fccf2f643b06ddb8
peptide_558c207f42783b30e5190e4016b2b0146626e7f1370c9f13d1fb075b69e22fb0	control_f260443270ee3c54f24ee23893bac5ab6991daf0dd126a7a26b60f4bb83cb33c	156	368	213	0.5727699530516432	0.5305164319248826	0.04225352112676062	orf_63320686e8a6c69670923e7ef66375d12c64307605a40664fccf2f643b06ddb8
peptide_57d0d0dcf6e822977e6241e297a8c01a63b5946f671c050ffb0862f613df07b2	control_d3a02cfaaef3f6689d16e928091f7689b07c51d480738885e1e44fc1525d4f9f	1	37	37	1.0	1.0	0.0	orf_2bedb98d54201c648ea8dab5d995161e5993f578f4dd416ddd4ea5b52feb958e;orf_6ee8149fab1ed2b4dffe387d1864300b50b3e0782195a5e92e33090659204be5;orf_82d711bdbd09637cdd682aca095366b6e4aa8fc4e8ff7af38713d94ae31ef8ca;orf_ac071e8c93b6ae693c9ef74cede55653718c86fb8175962d9d4a2e1cdfd13881;orf_e5d71efa5412747040063f470c5da32e620502a765ae58b8c674a516d4fb04a7
peptide_597d635312bbaecad92397a89da8161ec9f7e058ec824cd5ea5ad11bacfb78f7	control_cedc888aa944927206d6ba55ac4209ebca68c719bf680e9e291ba8f9034392d5	1	141	141	0.8085106382978723	0.7943262411347518	0.014184397163120477	orf_4cbb5cdc4a3afe3e24cf9b49215732be6f74dc888741e4ec897cd88007b1d99b
peptide_5999eb11d67df7e522c505afd90acafbdfe9801630ef60c14a9f5cd4b009d493	control_f5eaeba5a82afdfc637e154b472f2bf7264ea9b57fb0e282ad5c90928db91d10	1	1669	1669	0.21449970041941283	0.21449970041941283	0.0	orf_19332eebda712aea87fdaa34ab46fd96e40980bf2b4a6eaa58f5f3dc7b2d5da0;orf_5f40273f178a79fff94cc56b1b7c5c54d0a96daee7d0c2906719b89b3563538c;orf_d330ddaa72f416106136aaed02002b5968038552b5d38e4326ebc2df9b4788c5
peptide_5a234919c79536d3b2fa40752c1be194a577052356662814783fd92907a22081	control_3706b763c13941701122bea5baa396abe6a6ab5b6d3d532e82d002fc5bc576c9	1	68	68	1.0	1.0	0.0	orf_7aaa8301cfc5a529648e57f6d1af9603c452808fdd34df4875fefa8a4cf95162;orf_7e10582a0e7d3dfac5c4ac6d29ada515e760deb213238414e97e29e9849bcffd;orf_a1a7171f6e4b2a82836ec7ce8c2f9c309778b5f8739f609cf306b529132584ac;orf_ed45e3e5748c2ec8aeb9962edc9e7e47cc28a141b70595444bb07436aedd6117
peptide_5ab5e29857f2cd5da92b5e094e07c40bb5bc57e5337cb74ff8eddf36df1360ea	control_9e6e51942da90655ab6ce497b140f8bffeba8b9da5d4d75866be1ffe20f1144c	1	104	104	0.4807692307692308	0.5096153846153846	-0.0288461538461538	orf_0cff0f18a4022f2e3f93767f8ce20c0b6b23ced6332307ceeb028bbb8b6f2bdc
peptide_5b820602d0913021ac12d92f0fc7c2366f7be431a2c151cfe72ac60156f69222	control_8de4bce387755aa333d7e92a0f3c3767fd78208e18752575f0ed995a2c5ab538	1	149	149	0.0	0.0	0.0	orf_ab825e71bfa0fd17b27b7fa78734540ceae9beba9811510d72c1b7717dd5c3c5
peptide_5c21ae184feb65c1e843decba2484c105c32fad251b9076e518b980cedb5e364	control_7ee20946e5c4ed2462429811a208620d1753053d8621838b4f6eb6a39ee3ee4b	1	113	113	0.0	0.0	0.0	orf_7cdcd245f48f278063960862eecd6c3ecc7b48c3441b770f4a45b8224c6d0ca5;orf_c65eaf9541cc23e34eb5662055d43bba8f27652879de583f040b3574fb4ca12a
peptide_5c21ae184feb65c1e843decba2484c105c32fad251b9076e518b980cedb5e364	control_f879021cfd0132b36382dffaadf12aead8caf852ee18d39064a849986fa798ed	114	271	158	0.0	0.0	0.0	orf_7cdcd245f48f278063960862eecd6c3ecc7b48c3441b770f4a45b8224c6d0ca5;orf_c65eaf9541cc23e34eb5662055d43bba8f27652879de583f040b3574fb4ca12a
peptide_5e0a55ceea7aa5596a1130b2f7a693b8a52acf6bf2ac12e69951ade5c9fb2d52	control_7afc4df40af6691a02620aed69e61fe4dc0928edc1fb575a6ea67221b27459bb	1	83	83	1.0	1.0	0.0	orf_002c6fa58e7aba7d6520679ada2bd04a20fa9c7965597a120ace328960571425;orf_1abcae930cc7f85ebd68589b939b9473f692e290cd0f0ff7ca310dd3f904c667;orf_76814e6799b4dfd321ee6b7a18ab4af6a52836382474247772ee75bfb2ef8740;orf_7d6d35f9b65f5eb147c5a6d1cc1d043b2eb7a4bc0fb5ab3df29ecc5d31a7aa33;orf_98ad79984f725bea1cc5abafbde21b404036c25da9ebe5110daa26d482833362;orf_b8d0010503aa7fd4010f4e704ed87d20be3ae52fec88f05c821e3a32a39b8afd
peptide_5fd8a3582535ef3ad429d94d60715365c727b6e884f71ce641a7e729a3149cfd	control_2857c8843ea77a788735e4f987b72aced10f3b95ea5796eeb526266ec62978e6	113	253	141	0.45390070921985815	0.6099290780141844	-0.15602836879432624	orf_1e4cf4d7376a1de1299da374a6f44f56886f5423563974d7cb4f5647e0c35912;orf_3a70c42e8329f0fddce1df54e959661e678a53dd356c39c411d30d36ac8a671b;orf_42af64330008b050a82bca61eec0217df26e6d9f8677d80b48846d2c23e98c2d;orf_bda1dfe1f23cd5c0853c0ef97348f10b9813b033b0161c19d447365d9693f772
peptide_5fd8a3582535ef3ad429d94d60715365c727b6e884f71ce641a7e729a3149cfd	control_d35df10fe6dda7752236629e90c9b2e2316310b0134f4aa4c60bf01318091cb5	1	111	111	0.5405405405405406	0.5585585585585585	-0.018018018018017945	orf_1e4cf4d7376a1de1299da374a6f44f56886f5423563974d7cb4f5647e0c35912;orf_3a70c42e8329f0fddce1df54e959661e678a53dd356c39c411d30d36ac8a671b;orf_4112be6b4ec44d99ddfbc802aed673ddfe2f678ee81bf49c7884fc36a7a54c45;orf_42af64330008b050a82bca61eec0217df26e6d9f8677d80b48846d2c23e98c2d;orf_bda1dfe1f23cd5c0853c0ef97348f10b9813b033b0161c19d447365d9693f772;orf_c19d02b15a696b421a237da0cbed0b4437a80aeefc2d5f0983ccce9723f5acdb
peptide_61dbcd41ff74ad3f3b63240c13327fee06c0feb5d06fe4cf72c1220d5d18bb06	control_ff94800e922179729e86c53f89319115126e45abae0220aa9052e0fb76f532c1	1	129	129	0.2713178294573643	0.2713178294573643	0.0	orf_01a406fe90f2686341aa8ed161b614106b93397b08afd1bd8f03e873ed37d861;orf_3e8465bae8eaa260040475ce0c51e251ea57e883c75e23cbc7f0074bdd9b95c0;orf_4220c8ab91d23e4977794cd2ce935744f6e66fd0c58896cf20a6316a4f5a9c1d;orf_6733db6f39870e2b9422ce40998052ab65042c3150f4d309a5b7607457c74462;orf_855fdd6439f3ba34917fcaf013ddf74538417be5f345ac99f92612c2cbded8bb;orf_87bbfa8c07af3fa56e78144a2ad197ca0b044be8272744e80333b3960809d3b4;orf_cb5f1be1e9b558aea7ba668cebd0425521aea87ed88a570cd5e06dd57b8f66e2;orf_f0a3ea13dc80f5f3ead53b935c2f36353da38ab216d077448021669277c2295f
peptide_62ff9581d94f4b438a37a895b57e53a37f32598f2937bee77211e2616ff4c39f	control_d21578f59fb8506020d709385f948b61101081aab662bb6493658bd559bfbbeb	1	1344	1344	0.31398809523809523	0.31398809523809523	0.0	orf_6f7e52b0958e202617510c3b64cda37d97ba9f7025e3548b89ef445ae9d911eb;orf_7cbb212d1bfb853644e5e3490948cbc00ea44ff7b55e98ba4203c11d57888ed6;orf_bffd2aabb86fa9861e43dbca1369acc80d90eba76f2960e591b01f9755ba7aea;orf_d3a084851f0400893bca198c70d584d289891cde177d749fa3ea4935a290a3d4;orf_d47a745f79f2b194d2582c34cb029314bfe764b81b45f217cdf657a508ed9f35;orf_d51cebf0fb32b6ed8b5d37da0fbdfc0af76e0b0691fc96d02271adce11276b27
peptide_64acab400c65167ffaeee966c72b5756d55bfb825d8d85ba309ad0336fc74355	control_62b7292f378dbe3c53b39d182e74ef2dd4e07fbcde3a886d82a0aa9e00b55c2f	1	53	53	1.0	1.0	0.0	orf_09e9d494fdc4d871dc4a70c3bf4052b72779887d82ed28eac5d46398e01f212e;orf_94325fc75891ec492950709208d01774644c6b8099135b150fad3614e7a798c6;orf_9ddc56de9f940d9a0b74847e7a88d62e38173492cc92ded40af4a43a7f9786d2;orf_a7909b8ae493f5b5379919aab47d0320a0ed3f62c3b59cc365b270d4b29b1f13
peptide_651cce5964555aebb8ec06a12446126fdc22fb3d9d460048b7381c5c5b59284b	control_d385d8baf11fb57c36cc1ceb6cbf7294f23e3c124bc164523bf2d5f83f0154e4	1	111	111	0.0	0.0	0.0	orf_ff1552f8d9520430e9715cfdcdb0f432aecaf5bdfcb0ed6db103c3c1e9307db2
peptide_684ae47e8b38547516ae9fae92459e8f41b885d9330c57b50f31ae7e197157bc	control_73265784112777cf8259c31a75cd7a5ce117ed36a6935c595e6a80e3d32f0643	1	1343	1343	0.31422189128816086	0.31347728965003724	0.0007446016381236209	orf_2fc09901f8b3f667a50115712c763dc7c1ed353410c13bff10bab6afeb3ed2ed;orf_3ac3a4703a1c5efdad464fdd93ed07f9d4b522a63619aba8e35fb0007a0b818a;orf_6823ccd2ed292fbb3781067d20d963e917209c306f2061fccf595e2f44718da2
peptide_6ae36d8a89ac3ac04b43b02983f3cb8994037ee6cadc0be1d50523eaca3430e4	control_c03d204706e59801d24331f4cee7361504552f0754d3f2cc6a7a74d903e10d81	1	143	143	0.006993006993006993	0.0	0.006993006993006993	orf_7a24b59507deaf1c5e3402ee891afab31ce21fb789451c2c8b8b0b9910c33df6;orf_c1a409e9ff260da266278a56d5d955912e6d037910d08a1ed9a683956ec83adb
peptide_6d671b114e1c0ccf69cdb1c4eefa26c0c6df2e22ce8b0983ef4805183aac5496	control_43663ceb31b62a55ca36df46c18cd38f9331cfa62a17b54c51df23622432b220	1	88	88	0.0	0.06818181818181818	-0.06818181818181818	orf_335f4a93021886ca4f7057483fd913055b8208e2603188a714abfcdf1c1a3a32;orf_f3c0e46aa91d953ede13e70f899473c2a2e2639d5a48c6e4ca98d5b75e15c386;orf_facc8f3586b7a8c8fc94cd3353d5a15d3e4de7dfcb7ac2ca3c25eff4109e754e
peptide_6d671b114e1c0ccf69cdb1c4eefa26c0c6df2e22ce8b0983ef4805183aac5496	control_b6ecd1f9e3449f21c95a0c47b31f963282d75a8c53de4d34367f1a9e1b56f6cb	89	149	61	0.3442622950819672	0.4098360655737705	-0.0655737704918033	orf_335f4a93021886ca4f7057483fd913055b8208e2603188a714abfcdf1c1a3a32;orf_f3c0e46aa91d953ede13e70f899473c2a2e2639d5a48c6e4ca98d5b75e15c386;orf_facc8f3586b7a8c8fc94cd3353d5a15d3e4de7dfcb7ac2ca3c25eff4109e754e
peptide_6de3b695e6fb7625fb0b645afd1d9dbcedf1ea280f2faf93d7ebafbd589a09ef	control_61a6c306c0a882793e9a0eb0f38e9dffb4ad15d1ae413e718969b8f43c6e86e4	1	153	153	0.17647058823529413	0.16993464052287582	0.006535947712418305	orf_230c7541f7a20b2093014d971aea327d36badb11bdc2d508ad3b01578fba904c;orf_35f7615e4b680ad8d9e7bdf750fdddfc133fb6d5b823c599cf731066b08d9fec;orf_4c493765e8d9cf05c29688db78d81466f36da3c3f540e4d0a90b7a37d0af2ca5;orf_a51535da1591977ea978666a0c979e67c439241de998b3523ecaba52b6949c57
peptide_6de3b695e6fb7625fb0b645afd1d9dbcedf1ea280f2faf93d7ebafbd589a09ef	control_7120bd1ee2bb690bf8e0b4d0228cd3c8b4060433d22c945deb861cfe3cc9737d	154	298	145	0.10344827586206896	0.10344827586206896	0.0	orf_230c7541f7a20b2093014d971aea327d36badb11bdc2d508ad3b01578fba904c;orf_a51535da1591977ea978666a0c979e67c439241de998b3523ecaba52b6949c57
peptide_6dfa9c12b06b15953a4aa17cdbb7f8f8e591a481218f1747a1efd01ed1dd0797	control_58c529dc5ce10f760e6207022558343ce29e868fe50d72ac1880b720d1462056	1	196	196	0.16326530612244897	0.16326530612244897	0.0	orf_42d3bc5f4fdd77734f323cf55a19789350f06c63a958143e3beccd065a073541
peptide_6f9c6c95e73d37c0af4cb615693fd91bd7be5767a64ec7f7327d3527f4ed7dac	control_4afcd7f088e82c98478ae9e0df671cefa8a005820469f826d3d8a65ef06dbec5	27	263	237	0.0	0.0	0.0	orf_23d739c8c4eb1967c14e00fa21569cd884204e35aad76fd194cdb54a9e0f2046;orf_a26b44c5be4329d802907128228b81d6bdab14880f807e3f0a50bbbc73ee6a35;orf_d7a29c7fc58c7148da61adbe437bb1e183576e138fddb58130edbc6cf0d4da2e;orf_f8cdf1c7f22168b1b5ce3057ab0535c0614d7543dd4778a72cef2c55d13a582b
peptide_6fb675ee937bd6012483d68e055c6066fe96784a8fb6fbac7c2a40238065d2e1	control_c03d204706e59801d24331f4cee7361504552f0754d3f2cc6a7a74d903e10d81	1	143	143	0.0	0.0	0.0	orf_700bdc1d1a0186fbbc4fb001060769a8c4dde1f78857527aec9e3f8cc53368d4;orf_d4c9b90539260aea4a9de931f9ea685b6aef2eaa5f744277f610954995f73573
peptide_70b1ed4ba81a68375cfb42e68d1af3b9cf1105b34faaa49a883b93a8bfa81b6c	control_41dc4c748505b5ab8ae934ebe42f6cd33634cfe2a856dcfe6b687334f3b39f51	1	35	35	0.0	0.0	0.0	orf_51b51404182da8b2f20b1f2c3ca9a838d6a0beef75a1b9278e69212b38d8dddd;orf_5f384acce3ab13cc4e399c7e7488f5c6ff675d755fa3badc3669dcde5de72bef
peptide_70b1ed4ba81a68375cfb42e68d1af3b9cf1105b34faaa49a883b93a8bfa81b6c	control_fbffab251e5c351363f7e4debfecafe7f32f2fd2323d0bdb50601512e84e6c6e	37	154	118	0.07627118644067797	0.211864406779661	-0.13559322033898302	orf_51b51404182da8b2f20b1f2c3ca9a838d6a0beef75a1b9278e69212b38d8dddd;orf_5f384acce3ab13cc4e399c7e7488f5c6ff675d755fa3badc3669dcde5de72bef
peptide_7153a9988f10e3f16ef9401be9c3ebf0e792e0075a0738bde80362e44019b419	control_226cb17990da90865d65ae4db0bd2f0cd45a3eda1603cbe96155fb9edda4fbd4	1	168	168	0.20833333333333334	0.20833333333333334	0.0	orf_e57c2c4635472e85e6885b008f50e877ff45691fb79176d4f88e7652490dc371
peptide_7153a9988f10e3f16ef9401be9c3ebf0e792e0075a0738bde80362e44019b419	control_a1474f326e4e2fab34602745aba2041420fcdc124ee65a67a0add9dbbc48e8e3	170	304	135	0.0	0.044444444444444446	-0.044444444444444446	orf_e57c2c4635472e85e6885b008f50e877ff45691fb79176d4f88e7652490dc371
peptide_7196f2379ef2afc723703c0e03e303f38d67b600b730adca2d6532708a2d7bf4	control_06703c4d8d4a69d1aeaaf568766e48d65313a595620f627f453e60d5d7b7c331	105	177	73	0.0	0.0	0.0	orf_a579c151a8b6235c3a071a75297684bdc7d6452b09fa0097e60bed64207cc658;orf_fd745c84015a15061bdd41b386978df1480c837995ac6501ca660527479c408d
peptide_7196f2379ef2afc723703c0e03e303f38d67b600b730adca2d6532708a2d7bf4	control_5617d4de510d30e68640cab45056c6acf384d809bf0f40da7bc2d655c263e9ec	1	103	103	0.0	0.0	0.0	orf_a579c151a8b6235c3a071a75297684bdc7d6452b09fa0097e60bed64207cc658;orf_fd745c84015a15061bdd41b386978df1480c837995ac6501ca660527479c408d
peptide_7428656ab9a4b6ef9d586205d7c1cbe8f13a8506c7ed86d4096b333215f00b20	control_06703c4d8d4a69d1aeaaf568766e48d65313a595620f627f453e60d5d7b7c331	156	228	73	0.0	0.0	0.0	orf_5f59ad02f5642a7c3bddc0425c4793b2dd9c71b59f1baa695a79d227bbc80945
peptide_7428656ab9a4b6ef9d586205d7c1cbe8f13a8506c7ed86d4096b333215f00b20	control_e451052e50a63f62bdbabcff1168d3b79a3258aec0caf2a5df2a9e459ad99bbc	1	154	154	0.17532467532467533	0.17532467532467533	0.0	orf_5f59ad02f5642a7c3bddc0425c4793b2dd9c71b59f1baa695a79d227bbc80945
peptide_74500f70e6a9f3f7e33db93e70c8610c8c7af7704f8522687bc26abc4cd3eb18	control_e9288a2a9221c9279623ae0d73e8d33cb7f5a2d9de15b6428b54fa174f7556ff	1	203	203	0.0	0.0	0.0	orf_04fa11d6e08f583296d357d9104a8b9622515ed0485f19b9526996b70e0aa3a2;orf_21902b41a85d7bc3a7e9a2e39aeee75faceb39d901b922b5701775c0d8c1d639;orf_42b194a4289f6236e85f3123abcd7ede5e576751d4938cd84d3a31dee553781a;orf_62f67334d3cb5b2ba59a380ece963576d89859745bb1ee88d5092b8642d23d54;orf_6bf4d385f0e8825f63ddd0b1b11c1a32a9e768408eaeb8c18fd28ad61579a9ce;orf_92c79c1c1acad18b13c1db4b4328324c417bc28dc19a220e39e87f1aeb445603;orf_9414cb089ec7a330132411d55e7757c65dbc3cdbbd414bf53f85ee0ef0c1701c;orf_af15de62beb22ffa6e14e09ec6ca82c994a9471999a2e29b51bf10ed5fbdcd47;orf_c8d23e55fff004c0a5410f394c74b45541084e071457bc2652f8667e56b2d508;orf_cf9d14bc41b068519a57581567452503819d1e131e9a7a9917a8e1503f463b25;orf_de36b62b9a9dd0def8d6fd0d910cbfe73fc4996c4eb95976d7994c7d4c1a3120;orf_fed3e08572d2a9e43d619af9587056adbcbfeddeb108c3de05f2a03d93472f86
peptide_74f81c5b0dd4882852f7a96e994592fa15f7d1de20b877dd0717982b2ec560c7	control_c551d7d2c0676c893a05e2c42f93b84b4fdb628ab88ed8b84c4301c75b185569	1	55	55	0.4727272727272727	0.9090909090909091	-0.43636363636363634	orf_1541798253d0b2c318fe3f9959bdeaac428f35c9b81caf3af256c621424973d2;orf_47ebf50de77f01b747c17b78a1e70f8d7b1266914cfd9c29f5b02be13666d3be;orf_5b56ade46f0e5fe02abea5bccf98cd932ddf15b3aab124880b16f604137feef0;orf_5fa6e136b7cd50950470ed4d73b80b1011fc4048b5e383e822e2bd6cb02569bb;orf_7177193aeb79df64b0450c7526b7075fa2ac6eb920e37e4e3f2b0c5e70f3f520;orf_83a5abbc7a43cbb7b78094c44811405c3f200da4ff7875861a4569fe30fcf206;orf_8ececf08d02e7062cd6c8a7bab999b8c154a0fb9dbfbdef35b72c9eba7b13629;orf_c94c273c2b1f39a2890f5d80ffe9a449359833e638a85c91f400e2b83f8e7466;orf_cf624eb809a83c222c0ea5a8f8ef3cfd9719d9b72bde1f6fd70d0d9e67b7c14e;orf_d6649f13b10ffc5ecdce2c507b4128c960090fc05a25bde2c4eccc4c37d4bc80
peptide_75322bcdd1040b2b5cb41f68f709aa3dca2758091ab5789d18444f16472b238a	control_2f7725fb189bcfae3f4675992af6bdb1dca8d467d1a75522c95b8d50d33652bf	1	161	161	0.2670807453416149	0.2546583850931677	0.012422360248447228	orf_63a04fbb253a0e90d2eab19f71dc55ef8548399fba818989e09a17fbadd3368f
peptide_793796e4e1c34f48ece748d9bbdd33f9d79b459a7bcd1d2d5639d6ca7121a914	control_401a3016aad1caffcac387d7d5f58a18be3e0fc15bc0633da2c02e1701300495	1	119	119	0.0	0.0	0.0	orf_ebd1b06c6441595a4024b44959b3ffec89488c8abbfabf49b4823b302e8608d0
peptide_793796e4e1c34f48ece748d9bbdd33f9d79b459a7bcd1d2d5639d6ca7121a914	control_7f9cd2afc3f55e6352d3d650200346bb345928e76663cdf444d9808b616f10bc	120	675	556	0.22841726618705036	0.22122302158273383	0.00719424460431653	orf_ebd1b06c6441595a4024b44959b3ffec89488c8abbfabf49b4823b302e8608d0
peptide_7b0d5d3c3a31c1168531049ad5eb4bf68c7070067b6a2cd48ed4f7d87f40e85a	control_1d7ceab20e9bbc45d46cb2d2288ea15dced9d0d8eceb8e5de8c5b53eaaf91be5	1	1626	1626	0.18081180811808117	0.18019680196801968	0.0006150061500614923	orf_572f55568c065e8e0f54c9b56db49fa01b2f2d0a95bbc562cef417a36a4f5710;orf_ca774285e0ef1115b660924510181310fe191466a33dbbd7dca3aa3365d0cfb5;orf_eb234fc38b4fd912ffeb4e3ee38c064d7099c5abd20a55a389d7592323a5d996
peptide_7bcda12bdf29e3d6d0ef460640d8a4e51aff91f6bdd3153d1c314603883f3620	control_e878c6522fc30af63a4b58bceb0846751546aca18eace2be9eb9383e0da8ee35	1	301	301	0.34551495016611294	0.3488372093023256	-0.0033222591362126463	orf_180716fbe3f90ba08be61b7a61266de6c2910863d66b3bf8a4beef1f5d43eb5c;orf_1e121b07318be2bc7811aa18b785d8d4e22e3ed357d4e2bdbc56dc26849831ec;orf_389b695255670b6adf6bbb2a8386e3b542c929f9975fba50a1c935a00b03a082;orf_41d50f380da3cfaf0f48123f6eda4a76073e58b8645c5a2303d5ad873359ef65;orf_49a8ed0d31b8c13b6c41122ae0836be45891a2fb227b5c1bb78cbadd00fbd176;orf_529636900be78930cd34b6a32d3ace2fe93fb14c1dd601c5e9423e3c8843e705;orf_6fc813b61c356c6559aa454ab3495855fc6164b2394a0088a40337a04785a583;orf_7b302d3888c9bbf83f908cb4b379c285978038ecaa9f6ef52852c387c6ec73f0;orf_a1eb2118c46dd46159025828a0e10cb5bb0be70dd0446d2b7eaafaa8e29ef4fd;orf_a4ef9a12aefdc48073bcc7261158be5e374c33e38c9c22e64a3e67d2a1682a7b;orf_aa8ac54c2c9d04ab603a0112b8ab1a895fd1c83c29e8e4f970f1b094096a65d8;orf_b35a16eae6f4520c6a6ae76a3810041204660888db79daf158e573beb4404b7c;orf_c2d37e944f5a4f2e9d8f8edc35e994786d83f079140b5018c7eb2c3e66f1c1e4;orf_e6894988b10a9d447329313064ede3708cded165dbdd09fd0c824ca928d769a6;orf_e89f1db17dff99169c04e01441e5131c0ecbf2b69963a20bf71672e114bfa10e
peptide_7c620433a33c479bd09812150c15d2e0accd796c3cd40b057543080302fe009b	control_7582f5f78820bcaa7da324897b7dbde7cc7b9efdba88646cd2ab0eba4bd10b3c	1	44	44	1.0	1.0	0.0	orf_3c29d551f55dbafcb631a71071b9c66d54b33c9172454adac569d549df80cc27;orf_5db57966829e41166fc52b9052035fe2d9edddf5ec48700f578370f6982d3ce5
peptide_7df335ea49a94c8f5c9e1f78714ff1b12179161c2dcda1c47dc2059434ec5453	control_7921d717fbb29d6c7feb18237a44dbb6244de186783fcbe380267bab6823bdf0	1	170	170	0.14705882352941177	0.1411764705882353	0.0058823529411764774	orf_10b3547164462a233d07425511df5dd3c195f69a6ceff554cccc4788e08003da
peptide_7df335ea49a94c8f5c9e1f78714ff1b12179161c2dcda1c47dc2059434ec5453	control_fdd42ea762527f31a899eb1c2324a0a5129f8c91ac97f420a4e84e00b0dfa142	172	408	237	0.046413502109704644	0.046413502109704644	0.0	orf_10b3547164462a233d07425511df5dd3c195f69a6ceff554cccc4788e08003da
peptide_83e70cbd623cb2f7b5d79b5782f40681b07246f0010b053184a440fd9cafd420	control_cedc888aa944927206d6ba55ac4209ebca68c719bf680e9e291ba8f9034392d5	1	141	141	0.7801418439716312	0.7943262411347518	-0.014184397163120588	orf_0a3965291c1a1269ff4b80926ece1ae09a35781a89cc732083a668ca62528d52
peptide_8ed300036e2828567d72b2c567b47b1fa8d40ab9f289820204bdeaf3a18588ec	control_df1391a795686ab3ee0803438d6e8d5d1f9bd594634e3c2223f345ecb05c2f7c	1	531	531	0.0	0.0	0.0	orf_041db5d0e073cec2b60610a21f68b0d77344365dda239fb56bc5f04447e9895a;orf_1fea26bd8ec9c15e07f6a9a6db91d692993b0904996a4f4ce209e34c05fa9df0
peptide_8ed300036e2828567d72b2c567b47b1fa8d40ab9f289820204bdeaf3a18588ec	control_ec04eea819ce8766e2c09d229a710156de5f3cef7f511869285620cf12e8294a	533	576	44	0.13636363636363635	0.5	-0.36363636363636365	orf_041db5d0e073cec2b60610a21f68b0d77344365dda239fb56bc5f04447e9895a;orf_1fea26bd8ec9c15e07f6a9a6db91d692993b0904996a4f4ce209e34c05fa9df0
peptide_8f6c0816b17ee55076c61cdf4c826cc1643979392efca5fb4467a8a9f9ace991	control_6fdcb14badca1e99ffb3ae0578aa44c18d2042cc1e2a755ee473ff5c18278ce0	1	1641	1641	0.19439366240097503	0.19378427787934185	0.0006093845216331717	orf_3893271fcb3303022b9b4871d99346b1ef5b63db7f54dcaef93ea882c70a30d5;orf_b6fdbf400e3b31850d4dd58d2a024fbc0180e6d7632caaec54597796051ef929;orf_f2208b6fd8a8f0eecc584e1c5e214efc7b04388af3a404d0fe50cc5c5c8223a3
peptide_91b6c2354036f74992cb5f2520a3614bb2b0ecc3feab662dbb7e791accc4b3b7	control_6fb689e0039f795ee4228df268aae404a0edd122b3373767988dae45922a5a50	1	167	167	0.20359281437125748	0.20958083832335328	-0.0059880239520958	orf_0feebd9110d62dcb7ae53f45528a36b6b4e60ae4a3772ff28d5150830b524569;orf_b3306428fe19f2706619ae373f49abf34e764fd0e2aa8c8a52ac60494f877655;orf_eb5039aca1db517ab587ac74edfa9b24f8fd229517778fecc67e3b8bd9d5f303;orf_f882d091c0853a1d5b24425b7772e074c4ba597521aa8613066f43673c6e2179
peptide_91b6c2354036f74992cb5f2520a3614bb2b0ecc3feab662dbb7e791accc4b3b7	control_c4c915da39d6ec74952059215262a9989ad6435c495f79363d36b565c91f216d	169	213	45	0.8444444444444444	1.0	-0.15555555555555556	orf_0feebd9110d62dcb7ae53f45528a36b6b4e60ae4a3772ff28d5150830b524569;orf_b3306428fe19f2706619ae373f49abf34e764fd0e2aa8c8a52ac60494f877655;orf_eb5039aca1db517ab587ac74edfa9b24f8fd229517778fecc67e3b8bd9d5f303;orf_f882d091c0853a1d5b24425b7772e074c4ba597521aa8613066f43673c6e2179
peptide_941a6aaa0baa0c154a997e323bb1854d5a7c68dff56aa42048153300cd054f46	control_0e0fbcb9b1b854b8968d0eeadcf97a46a29c0f6c7991ae06b8d19290a8a17027	145	619	475	0.11157894736842106	0.13052631578947368	-0.01894736842105263	orf_3d658316382ec287954d12996f053abb761291397b714fa8181a28ac27eb9cd9;orf_516be9a4bf8a7f475b2becc2bd1c0fa662efe2c33e75f2aba1e150b11ed138d4
peptide_941a6aaa0baa0c154a997e323bb1854d5a7c68dff56aa42048153300cd054f46	control_c03d204706e59801d24331f4cee7361504552f0754d3f2cc6a7a74d903e10d81	1	143	143	0.027972027972027972	0.0	0.027972027972027972	orf_3d658316382ec287954d12996f053abb761291397b714fa8181a28ac27eb9cd9;orf_516be9a4bf8a7f475b2becc2bd1c0fa662efe2c33e75f2aba1e150b11ed138d4
peptide_943a44d804f94e54bf2d98cb10a55b9c7b86d0d2e468bb94b83b42c794cd9ccf	control_13d32eb7630258f94ef7f13f9f37cb5e331cf7d4d8238bc4fbcc3b4dd94bcf1b	1	115	115	1.0	1.0	0.0	orf_14ed18f0bc312cf9733f51bac092043a80a3501df64698f45afe39ff5c22b1a0;orf_15e10ef851ae59a2a288951aa4bc636ef64e20b0e6466ef828bb64c9db98259e;orf_47b62697443768e634f177800a1fe0e98abfbac124510263a8a05d4a910077c9;orf_4d505a3300d343da63427022878f0bc1f9cfb650fb9129668b2bfeb87a786070;orf_5af8c76581939d846814bf8187cf350de7e0ad71b9309c80d7fe04461710dba3;orf_619032b87e306cf669e77fe1386ae88322cef6b085bdbfb73da3987f0949dbd5;orf_899094205ef85ab4adc29b9f6dfb82c718be2dd50b5400648e7324c51d99d800;orf_a284402936a304997cabe2a060173217e3d8f1dcf799e257cc978545e8a72910;orf_a54bf513cd20549ff19e2127d32393edb6a3cc45a5533c3221788294f9365c42;orf_bd5181dbea32ac3ffc7acadb8b6495c2511c8f0774ca13a509e0b0d467d823fe;orf_d52f45cc627e193f55e1e34ee9d04637d8132b9d8212b39edd09c5e080c82e86;orf_dc14a67489252a113e53f0753bf3117e98b664a36906419aa62301857d91d9e0
peptide_943a44d804f94e54bf2d98cb10a55b9c7b86d0d2e468bb94b83b42c794cd9ccf	control_7d2f91f86fc6d5c759b427a402c414ea39d47dbb0dce40a732d085eb216154d3	117	846	730	0.7054794520547946	0.7054794520547946	0.0	orf_14ed18f0bc312cf9733f51bac092043a80a3501df64698f45afe39ff5c22b1a0;orf_15e10ef851ae59a2a288951aa4bc636ef64e20b0e6466ef828bb64c9db98259e;orf_47b62697443768e634f177800a1fe0e98abfbac124510263a8a05d4a910077c9;orf_4d505a3300d343da63427022878f0bc1f9cfb650fb9129668b2bfeb87a786070;orf_5af8c76581939d846814bf8187cf350de7e0ad71b9309c80d7fe04461710dba3;orf_619032b87e306cf669e77fe1386ae88322cef6b085bdbfb73da3987f0949dbd5;orf_899094205ef85ab4adc29b9f6dfb82c718be2dd50b5400648e7324c51d99d800;orf_a284402936a304997cabe2a060173217e3d8f1dcf799e257cc978545e8a72910;orf_a54bf513cd20549ff19e2127d32393edb6a3cc45a5533c3221788294f9365c42;orf_bd5181dbea32ac3ffc7acadb8b6495c2511c8f0774ca13a509e0b0d467d823fe;orf_d52f45cc627e193f55e1e34ee9d04637d8132b9d8212b39edd09c5e080c82e86;orf_dc14a67489252a113e53f0753bf3117e98b664a36906419aa62301857d91d9e0
peptide_94aa7d8429095a2d18c299c1632f8bb7095fbd800ffddb34c2611bcfc8fdeac7	control_299a7e67e4109c6d01356614148f02c0173e3c1f11788dbd76c0b52e117885a5	1	62	62	0.0	0.016129032258064516	-0.016129032258064516	orf_561a3e2dd391db3125a7bc1fed3de627cc9321ae7a5d20126425e90c9f4173ce
peptide_94aa7d8429095a2d18c299c1632f8bb7095fbd800ffddb34c2611bcfc8fdeac7	control_b51dcf10d0536081d0d0dd9e284d55daa69eeeabdb9eba7a3aed2f96330be081	63	168	106	0.0	0.0	0.0	orf_561a3e2dd391db3125a7bc1fed3de627cc9321ae7a5d20126425e90c9f4173ce
peptide_953ba92bc1f4c477e39df8169492d7ef48e7bbc46569bb4073b795e64edbb4ee	control_ee858c7bc590e2e6e3f2ee9cf993b78a49238875e4cd2c6f97414554d33291df	1	147	147	0.16326530612244897	0.1360544217687075	0.02721088435374147	orf_17a57a385754ae90b24163d84be8ccaef991366f2bcc435a67aeb135eb43a41b
peptide_97d9bcc0b34c7caa43656e7e2bf23f1b94c25ff9edfee400a71f5b9bed81655c	control_f70a5e847b416d2eda4a518e51f542e7404e8f34e40a6ad115c4382ab373edde	18	373	356	0.0	0.0	0.0	orf_12f19bee812d4d172eaba0bb6232c4cd9d52ac0ebf7e5e3637b0651f888a095a;orf_3642fae708d9f52d6f2dfb6d73d7e5f8817d2c26b98a8cfedcd3078f7a51777f
peptide_995610c8b20c13f099e69762a68583e23fac1924d42e96a1468586f9b62a1509	control_3c6f0f91a73e7062d4e4ba8f57de6b957b44076a10752a670c913a890dac52c3	27	223	197	0.0	0.0	0.0	orf_e45f0b53bb83cd9602ea4f0dc3a6ce0f14960a244a7bae16cae459d0d6c49aa8;orf_fd89d38260d88d3b44c31cc8fe038a2a011c8d7b1017f16204007bdd76e120c1
peptide_998ad695623bf53e5df81e435ea3b908f303040afcdd165c52d53905a3ae1120	control_a0dc1671ec9cc2b891e4dad2b725e2200e5c6170212a796c360d54c657262462	1	597	597	0.678391959798995	0.6767169179229481	0.0016750418760469454	orf_612f966597298e2f516fd60697c3e470612dc013fc16340e3a13afbe39f5c4d7
peptide_998ad695623bf53e5df81e435ea3b908f303040afcdd165c52d53905a3ae1120	control_a14f8a2a88737f1e068cd37a14a768d1b72c76f3b68d98d87db3806d2289e742	598	745	148	0.0	0.0	0.0	orf_612f966597298e2f516fd60697c3e470612dc013fc16340e3a13afbe39f5c4d7
peptide_9a99577ea77e93a51bb896132001fac6caa242ee517a62995ddef9d39a72f54a	control_4d8da7a249b8e2edf2d48ecc95d93eb6898532d6e07ed982fec0fc4c9c14e12a	531	711	181	0.0	0.0	0.0	orf_617890ad648090aa7312b0cbf508cca51ffb7a0f884c82289638b4f1ffddc16b;orf_7862e92e75db52a4433a6d38288170b927d575037839ab43c7a531c2f47d863b;orf_c7a650779281b96c7cd6fe05237d5f3ebb365a761e590215281aff0ea7f5edfe;orf_eda3c90d4d3cab41ec300db46e56ea98b553f2e6333ca5065c24c9ed66747794
peptide_9a99577ea77e93a51bb896132001fac6caa242ee517a62995ddef9d39a72f54a	control_7ad6345e1cb008d4f106799d292dc8d1b1fe190f5cb3ab6e4e60cb5948fe194a	1	523	523	0.1491395793499044	0.14149139579349904	0.007648183556405369	orf_617890ad648090aa7312b0cbf508cca51ffb7a0f884c82289638b4f1ffddc16b;orf_7862e92e75db52a4433a6d38288170b927d575037839ab43c7a531c2f47d863b;orf_c7a650779281b96c7cd6fe05237d5f3ebb365a761e590215281aff0ea7f5edfe;orf_eda3c90d4d3cab41ec300db46e56ea98b553f2e6333ca5065c24c9ed66747794
peptide_9cdb44bee5cfb950ceb681f58e9b980aa86b1a24eba968a18e738743ad144b62	control_c5ff4d74340aaa37500a7a0ae604207159965fbced0fc8069a111b2abbc0ec3b	1	60	60	0.23333333333333334	0.25	-0.016666666666666663	orf_316546553b92c707c0d4e5426e2192e942f93147f7cc827a3f5a8826c766ce33;orf_a249a259eeec76bbb846785e1bb3bbcc2decbe8b1587eabc0cc6a425d10fabbd;orf_c142b72c498a28f812078fc264afcbf3bdd4aaec49cf741aa7a6315e6292e29c
peptide_a2af17ae967680398fa5c75808451b0172e3946c43756c9174369641d75165ca	control_aa8792f918ce7e1207910c3f3aa3953d51cb1ed9f0c16bfffc497a4fd8da5848	1	709	709	0.31170662905500707	0.2834978843441467	0.02820874471086038	orf_4cadd6a9cd33bfee192137718c97bc4fe40779939d0e85b003605a851ceda9c7
peptide_a59d7915e3ec361c0f32f4047df2746ab1fe653e0c6afa2cce32d8136e25201b	control_64a8a995832cf246708c228c5c6146b81a605d64175dfc978bb387c2da438bb7	1	378	378	0.7671957671957672	0.753968253968254	0.013227513227513255	orf_8b66b17960c8972bb02fb48454c1e1b86dc9638c01621605b694c0ef21003c3c
peptide_a70d2373112bb0cf390a66c6914c839458bd0e2056b6d6e8cf928657ca6fe52a	control_57eefbf7ae8d6cdffe49912c4f379013d6490121a88a049159d6bcb1e0a22d9b	113	313	201	0.6766169154228856	0.5223880597014925	0.1542288557213931	orf_110bcf7df6b00b66536fc273de9ed1e1f4aefb08ea91ae163b2f6237fbecdbe2;orf_cb79a307ca2f6220428f0d99dc50a96009e1560a86d3a33a7dac84726f9b6aaf
peptide_a70d2373112bb0cf390a66c6914c839458bd0e2056b6d6e8cf928657ca6fe52a	control_d35df10fe6dda7752236629e90c9b2e2316310b0134f4aa4c60bf01318091cb5	1	111	111	0.5495495495495496	0.5585585585585585	-0.009009009009008917	orf_110bcf7df6b00b66536fc273de9ed1e1f4aefb08ea91ae163b2f6237fbecdbe2;orf_cb79a307ca2f6220428f0d99dc50a96009e1560a86d3a33a7dac84726f9b6aaf
peptide_a770a3d08a3c20be0ee4337c7f52e7cc1544867922827d0624e6380bf3fea14c	control_c03d204706e59801d24331f4cee7361504552f0754d3f2cc6a7a74d903e10d81	1	143	143	0.0	0.0	0.0	orf_593cc807a3709c11bc18eb04f6c8764749063c47ddfd803537b6c6681ee47365;orf_927b6453276ef280dee2d2b198f143ff3887fabb01760909c7a59020b8f043ce
peptide_a7c61936d86fa6f47cd92c1dd11e03d5a0ccb281c6f51a33ccc8ce02bbcec48a	control_a1f3a1a7f0b2914e0193387ee4149be3257e0e35a270cfb066880dea08553094	1	34	34	0.5	0.8529411764705882	-0.3529411764705882	orf_5d4f93f0c1c1a8f8bcfe888d733fdc9d5df7000ea70502ebf17c8765a7a1b808;orf_c4edfbbc05209803a419b1c7e9c82b58cdd2bc9e66565bbf3c814412e171b603
peptide_a95d8cbc1b3c1c36209d70ae0aa0ceccfc7c47c9f4f3aa6cfe4290b5d6b39426	control_a01bb96bd3d11e8ce9bd7027980708e64521d3d3b0bdecf7660615df3e65a830	709	940	232	0.06896551724137931	0.0	0.06896551724137931	orf_13fd5afee1bd2b898b9c76e007b18cc1387b55e5621cda4d1c3af0f18b5d4a95;orf_70a8044d0b1a708397481906676a2102d715ecd646b2f447fe57e0536b9d8d3b
peptide_a95d8cbc1b3c1c36209d70ae0aa0ceccfc7c47c9f4f3aa6cfe4290b5d6b39426	control_cd532c362e1a1fa1467e0f5dab660599aabd5e6a8184b9879ce65971fba6cf21	1	708	708	0.2768361581920904	0.2740112994350282	0.0028248587570621764	orf_13fd5afee1bd2b898b9c76e007b18cc1387b55e5621cda4d1c3af0f18b5d4a95;orf_70a8044d0b1a708397481906676a2102d715ecd646b2f447fe57e0536b9d8d3b
peptide_ac4b4182244b5a4567212afe1127bbb1070da7a018d7dc75c9a8043fc6d88c8a	control_5a3212de94791460e0d550d0b67a3448303d3026e48183d8257932c52def3ed3	80	275	196	0.15306122448979592	0.14285714285714285	0.010204081632653073	orf_014eccd4220e6eda34d1d82c31877edf27706c9ebec267f03afcadef7208d581;orf_03af46f3e2fcf0a687be3561ca5454b19ec1ab16424100f03178d4fe53f7a886;orf_ae2cb7ce4e3c5abdde41c0801772f34d99b506179b294f7f487b5b185ea821dc;orf_c0028c03a26867496f12f5124dffbad12846314e9d212bfe2a3f72bed62d03a4;orf_c6ef031d85c96ea8766037acdf924b06c4e025d7040d798195a59a3f3687becd
peptide_ac4b4182244b5a4567212afe1127bbb1070da7a018d7dc75c9a8043fc6d88c8a	control_6236e89a36ec2aa5696e38a2aef64d70b1a3fa15585141ac8e316274d63d55eb	1	78	78	0.48717948717948717	0.6410256410256411	-0.1538461538461539	orf_014eccd4220e6eda34d1d82c31877edf27706c9ebec267f03afcadef7208d581;orf_03af46f3e2fcf0a687be3561ca5454b19ec1ab16424100f03178d4fe53f7a886;orf_ae2cb7ce4e3c5abdde41c0801772f34d99b506179b294f7f487b5b185ea821dc;orf_c0028c03a26867496f12f5124dffbad12846314e9d212bfe2a3f72bed62d03a4;orf_c6ef031d85c96ea8766037acdf924b06c4e025d7040d798195a59a3f3687becd
peptide_ad78f740e929300252b49c120f9ddbbb1f8e475cc6f925f94b1664050843b25b	control_2f7725fb189bcfae3f4675992af6bdb1dca8d467d1a75522c95b8d50d33652bf	1	161	161	0.32298136645962733	0.2546583850931677	0.06832298136645965	orf_02c0866ab5de487b891e3edfd31b11575ade3604362181e2bbf519507b4b5f43;orf_6d979a09221999e85948fbeaa23d90a271fa4e170732e44bef5c9f1b2daacb4f;orf_d767ac918dda7c9c999b90b0257f7c9958ac4bad0f3254ceb3f7581c6ffd3f29
peptide_ad78f740e929300252b49c120f9ddbbb1f8e475cc6f925f94b1664050843b25b	control_ce9195920bb8fdaf3299bed11792e564611ae88ea057e2c33c7fcd932ae031c0	163	322	160	0.48125	0.125	0.35625	orf_02c0866ab5de487b891e3edfd31b11575ade3604362181e2bbf519507b4b5f43;orf_6d979a09221999e85948fbeaa23d90a271fa4e170732e44bef5c9f1b2daacb4f;orf_d767ac918dda7c9c999b90b0257f7c9958ac4bad0f3254ceb3f7581c6ffd3f29
peptide_b0d22e27937167cce8168e89f2f47683b4ada96ad48b9ebb22e347b9e99abcb8	control_ff94800e922179729e86c53f89319115126e45abae0220aa9052e0fb76f532c1	1	129	129	0.2713178294573643	0.2713178294573643	0.0	orf_19063bf841e46c2953741fc6fea3989426ca756976df8eae0f06e861df90e544;orf_1e20cdbfbf6d900e16841b0b95c99f70abd8a950fe52e84fccc48aa7f76eb893;orf_293010dae8882df12412c1f17110984e2a5458b2b2b0c40f95e47a883520f4c3;orf_8b62335691e9cc2427aee7820ef1e12b5b605166dbce40ca780438ed68adf9ed
peptide_b0f7012915787af8c78d24c3b962bedf5ff153a837d9fe4c4783341713813c3b	control_3e082fe9a81a2623cd53d4998eea14f5162651d70d3f7f901237056179f67427	1	89	89	0.3595505617977528	0.34831460674157305	0.011235955056179747	orf_782110296cf2b09eb48f39340a14a87648e163d6cd21aa7b80002f55e41d8917;orf_e816ae8945e94089e6e87e27d11b8476e0f472057ef78788bc68be656e5b67fc
peptide_b0f7012915787af8c78d24c3b962bedf5ff153a837d9fe4c4783341713813c3b	control_b8cd310c0b779bdcb4826e0488b12738fc7c3d9c111a7f8a51926ee62aadbf93	90	235	146	0.0	0.0	0.0	orf_782110296cf2b09eb48f39340a14a87648e163d6cd21aa7b80002f55e41d8917
peptide_b38a46e68fa112ecb3d07b06ff9f3c00cfbcb19b8f9098cd396c99a0030c80ca	control_8a01fcbf0cafea7ef4a43c3225692e236acd9bd82de3eaba399bfc65b9bbdda2	1	68	68	1.0	1.0	0.0	orf_0803c3a31cb9dccf403fcb525ffbc96a171319b8e337d99b5d06dd73d094d86b;orf_797b42700787ba0bbe5bda6bae6cc269e2dd0bccc877f8d3ebc81343042b5882;orf_d7a70cb2a2631994a41cf66c3e413698dd8a00221c490afdf51cefd4bdd12d5a;orf_eef5a3f2ed34f9c6ca7f1cf34aef1a931d573ca389dc78c7e9715c981dcf4ee0
peptide_b47acaaa34041c15379dbe15991643dd9960fe076300fb7a0b59cf4254e923c5	control_a01bb96bd3d11e8ce9bd7027980708e64521d3d3b0bdecf7660615df3e65a830	710	941	232	0.06896551724137931	0.0	0.06896551724137931	orf_67f7e99bd46dbc0a388b5fb255002ee858a232b7dfd1f1d69189804bb98a2e50;orf_8ba405c368bbb228d2bb46c2b9857df599a42a12948cbb9af02f9e85ddfb2b14
peptide_b47acaaa34041c15379dbe15991643dd9960fe076300fb7a0b59cf4254e923c5	control_aa8792f918ce7e1207910c3f3aa3953d51cb1ed9f0c16bfffc497a4fd8da5848	1	709	709	0.29619181946403383	0.2834978843441467	0.012693935119887145	orf_67f7e99bd46dbc0a388b5fb255002ee858a232b7dfd1f1d69189804bb98a2e50;orf_8ba405c368bbb228d2bb46c2b9857df599a42a12948cbb9af02f9e85ddfb2b14
peptide_b537f99b45ff96dfbe025055a4ef53a4d336495d89f7355a3e01399abae3638e	control_2b5ad22228c50a991baa6a4d3a82193786eb7cd808f7eaa0e54639da8351f0a8	1	525	525	0.660952380952381	0.6723809523809524	-0.011428571428571455	orf_ba4881015a749e4fefe972b1f5b1520594c057ddc248489d62962e260ce3dcdf
peptide_b537f99b45ff96dfbe025055a4ef53a4d336495d89f7355a3e01399abae3638e	control_7f400709816b64b20df8ab830e0db688d017793fb914cc33f391061c7b9bb90a	526	568	43	0.0	0.0	0.0	orf_ba4881015a749e4fefe972b1f5b1520594c057ddc248489d62962e260ce3dcdf
peptide_bb6a0efabb44c22429af8b146d72d3eae65afa0851fc1b4f46e83997a65ef711	control_3f3fd6dd3e3e2f803ae90e6acf81ca7acb5bae7fa17a03d9808d5c64f62838b1	1	126	126	0.8333333333333334	0.8571428571428571	-0.023809523809523725	orf_c7019f281f45cd519ec3f44bd6d441bb16a0064e8ab168dc31b8a1f2e195aae1
peptide_bb6a0efabb44c22429af8b146d72d3eae65afa0851fc1b4f46e83997a65ef711	control_9b9c28c4b262226731ee778575358bf069907c2fe03fe4dc7033164002963feb	128	578	451	0.0975609756097561	0.09977827050997783	-0.002217294900221725	orf_c7019f281f45cd519ec3f44bd6d441bb16a0064e8ab168dc31b8a1f2e195aae1
peptide_bb6d915a079cd22e4c6146fd7fd974ece5af6779270aa276b58776d32193b5a9	control_6eafd1c18a1ffeed283afac148a0e6278c1663cae7ae62101fc00a0209bbfab4	114	272	159	0.018867924528301886	0.006289308176100629	0.012578616352201257	orf_a982d00ad126331b05c85cf33ce28020ec9fdd27e873074c4014b2164d32f828;orf_cb10403f40ed705185652391facee785f11499e84222455841f5ed69a217d2a3
peptide_bb6d915a079cd22e4c6146fd7fd974ece5af6779270aa276b58776d32193b5a9	control_7ee20946e5c4ed2462429811a208620d1753053d8621838b4f6eb6a39ee3ee4b	1	113	113	0.0	0.0	0.0	orf_a982d00ad126331b05c85cf33ce28020ec9fdd27e873074c4014b2164d32f828;orf_cb10403f40ed705185652391facee785f11499e84222455841f5ed69a217d2a3
peptide_bbc2f45c39296a9aaa3ba800100e72663162ae08390a550a054bad367a2fc139	control_bdfc3509f31b8c229e58463ce30c8bf3d6db5bf33272128697e4c03a28829fca	36	235	200	0.0	0.0	0.0	orf_1a1d6b004a327a3421e2a15d0bcd83c9498386da31aab832732c1eb55a9c37ca
peptide_bbc2f45c39296a9aaa3ba800100e72663162ae08390a550a054bad367a2fc139	control_e4ef9245d9060d52fa3e71334259c77537a802b192c3eea77be36cb7f9bd3e59	1	34	34	0.7352941176470589	1.0	-0.2647058823529411	orf_1a1d6b004a327a3421e2a15d0bcd83c9498386da31aab832732c1eb55a9c37ca
peptide_bcd139b19630cb31f3a89703fedd00936138336ed28e45f87045ef3f8222c90c	control_5a3212de94791460e0d550d0b67a3448303d3026e48183d8257932c52def3ed3	133	328	196	0.1326530612244898	0.14285714285714285	-0.010204081632653045	orf_9159f523a21f270124bb5e55d7b0619f5e7131055d46976bdde5bb1d33edb2a1;orf_e3c3484dacac8dae4f2bc9a8b74c8ab6f221dfc135585319db61d15eb677f4c0
peptide_bcd139b19630cb31f3a89703fedd00936138336ed28e45f87045ef3f8222c90c	control_a2e7590f94a887bc04b0de19d0e25775ef5681d071714bab5d062dc1c1f272c8	1	131	131	0.4961832061068702	0.4732824427480916	0.02290076335877861	orf_9159f523a21f270124bb5e55d7b0619f5e7131055d46976bdde5bb1d33edb2a1;orf_e3c3484dacac8dae4f2bc9a8b74c8ab6f221dfc135585319db61d15eb677f4c0
peptide_c1948a8a77f5ea08c4d36a01e0245baa0c8132908e8bbe8e9ad8f218c1c8b54f	control_72070dc5699e4b1b46ca5617e28cf5a04ec3236fd466c6c2850b7b0a8603920c	1	170	170	0.12941176470588237	0.11176470588235295	0.01764705882352942	orf_6d8440676ddf9eb00500de546f907184c8a43dfd90fc646e427ed7e1359fc44c
peptide_c1948a8a77f5ea08c4d36a01e0245baa0c8132908e8bbe8e9ad8f218c1c8b54f	control_fdd42ea762527f31a899eb1c2324a0a5129f8c91ac97f420a4e84e00b0dfa142	172	408	237	0.046413502109704644	0.046413502109704644	0.0	orf_6d8440676ddf9eb00500de546f907184c8a43dfd90fc646e427ed7e1359fc44c
peptide_c5aa1181f378e8535d24133e7306de2fee0a8ffef0f3b5dd13badc5dd4a2c962	control_d385fa0c326675dd99cf4f64840bd38c0053e485f098b3e0b463e9ff02a01975	1	135	135	0.8518518518518519	0.8666666666666667	-0.014814814814814836	orf_513a834fb3fb53bdf8ba43d3e720f2cafa7e9a75423a79609d07d68071e199ef;orf_9e807e13d1c3c91e5897e393f93859f7f139f40d5f12ff41859e5a459c9cbdfb;orf_aa741787239ceacdcc2e95d82c796c0243cb12cd93ad27d3873c78659716a421;orf_b32850e58bfd0be56b0360313dddfd9656323160b08ce23126d3c5dee1172e93
peptide_c5aa1181f378e8535d24133e7306de2fee0a8ffef0f3b5dd13badc5dd4a2c962	control_d5d279ce429e4d927f907fd7709f4886d5c81d0cd43b3697d896b043d272ce04	137	635	499	0.18236472945891782	0.1843687374749499	-0.002004008016032066	orf_513a834fb3fb53bdf8ba43d3e720f2cafa7e9a75423a79609d07d68071e199ef;orf_9e807e13d1c3c91e5897e393f93859f7f139f40d5f12ff41859e5a459c9cbdfb;orf_aa741787239ceacdcc2e95d82c796c0243cb12cd93ad27d3873c78659716a421;orf_b32850e58bfd0be56b0360313dddfd9656323160b08ce23126d3c5dee1172e93
peptide_c616ef8758452c5c28c9c0ea6d2c5c5a1ea47daff6a1c63c1664c595ab5fdc6f	control_7212777606abdd4abe7de957da936b3bc88ab381282cdc80ec43a0c264e35a31	83	175	93	0.45161290322580644	0.43010752688172044	0.021505376344086002	orf_0db628344987ea956e3cffe84e91677c6f58a7b8d883b20d6fffe9587ab6c88a;orf_87a4925e9165d063bb1deb7d4d51cdd909b4b8ff6d6a05864ad5e8f44a91cee7
peptide_c616ef8758452c5c28c9c0ea6d2c5c5a1ea47daff6a1c63c1664c595ab5fdc6f	control_9ccf8e4b24e70fe9b848995e32799f4b9458c34aa1398798937a996082a99803	1	82	82	0.573170731707317	0.6707317073170732	-0.09756097560975618	orf_0db628344987ea956e3cffe84e91677c6f58a7b8d883b20d6fffe9587ab6c88a;orf_87a4925e9165d063bb1deb7d4d51cdd909b4b8ff6d6a05864ad5e8f44a91cee7
peptide_c7cbaf05452f930ea271c4310d7d53eb7a94d31003d4692c42f7a9310278a184	control_5a3212de94791460e0d550d0b67a3448303d3026e48183d8257932c52def3ed3	51	246	196	0.15816326530612246	0.14285714285714285	0.015306122448979609	orf_7733370789bc19b766523c8b8d78d3e598b2d047bd51d43231efbcd80443bf8c
peptide_c7cbaf05452f930ea271c4310d7d53eb7a94d31003d4692c42f7a9310278a184	control_bcb7b996e4fc113c4f01da4d20cf46574b1e418f3b7425e67f28959780b42c57	1	49	49	0.6938775510204082	1.0	-0.30612244897959184	orf_7733370789bc19b766523c8b8d78d3e598b2d047bd51d43231efbcd80443bf8c
peptide_c9bd32c51697562e4682682f7973836127065d644b434e46336cf1b16be4ca7f	control_09b7cf75339fd62d560e7c568eaa92fc82c5a2aed3e8e29c608ae6318ea4fc94	1	200	200	0.1	0.095	0.0050000000000000044	orf_0777a69c951dd3b65025ae68d8ad8ed5b9a0e7f86873e2ec96c359ea88ce5220;orf_08561a0b347dbc68d403a9b1fbe0837bac722ccedeb3370a5076a31b0f0312f5;orf_0eb561dc0a0a5f9d9fcbaeae914fe323cad41bb7249296aa86df3d1946ebc048;orf_aa51294ffb98c03417b3a6619c3e3c85a8195ccb294439b6319d260c397800da;orf_ddcc4e8699c3c9f5c38959791a6caa42cfd6d9be5c41dcb20dbccb293263b4e1;orf_e505a0516d4bfa98ed80123dc517711e0ae04d85b1aca269e04d90320cc58fc7;orf_e89a543f12323e2a5f2774540717eb2755f3fd2ed4ed1e666fe30eaac1114488;orf_f6b00b451f5bd20cc8ff8cebbd9208ad295f71fce505eb6981e144e94afbb256
peptide_c9bd32c51697562e4682682f7973836127065d644b434e46336cf1b16be4ca7f	control_2acfaac15d028414d02b74b41f0a90ba068a63e15b374ee59af21bf29830bf18	201	275	75	0.0	0.0	0.0	orf_0eb561dc0a0a5f9d9fcbaeae914fe323cad41bb7249296aa86df3d1946ebc048;orf_f6b00b451f5bd20cc8ff8cebbd9208ad295f71fce505eb6981e144e94afbb256
peptide_c9c43436c7d475fe18a20917c549cfe6185e1ef612cbff65fd8e6e8905429253	control_85a231bdeb25436041a861bc8afbe064a094cd1221980fe61107acea856198c9	1	417	417	0.5323741007194245	0.5323741007194245	0.0	orf_7d93bf0fa6c88c7f991aea362901ef7c4251b6c038ab61b232ecbfdc51a01e11;orf_f5238ff0a98ee420865c9014515432663f85908a69b808f67f75947f185547ca
peptide_c9c43436c7d475fe18a20917c549cfe6185e1ef612cbff65fd8e6e8905429253	control_a14f8a2a88737f1e068cd37a14a768d1b72c76f3b68d98d87db3806d2289e742	418	565	148	0.0	0.0	0.0	orf_7d93bf0fa6c88c7f991aea362901ef7c4251b6c038ab61b232ecbfdc51a01e11;orf_f5238ff0a98ee420865c9014515432663f85908a69b808f67f75947f185547ca
peptide_c9e5f8be670a1ae1d2a4735a6dbd307a6c40ff922d2621fd7bcb98a4150c9da3	control_9faa6836b88d45bd9f82af4bb8d63e2db8905c78276b3ba91dadb3059aabe61e	1	551	551	0.6497277676950998	0.647912885662432	0.001814882032667775	orf_385fc7f1238cd3295579422e7a68c249b08a8a9c0e875c40816d25238bd5713f
peptide_c9e5f8be670a1ae1d2a4735a6dbd307a6c40ff922d2621fd7bcb98a4150c9da3	control_a14f8a2a88737f1e068cd37a14a768d1b72c76f3b68d98d87db3806d2289e742	552	699	148	0.0	0.0	0.0	orf_385fc7f1238cd3295579422e7a68c249b08a8a9c0e875c40816d25238bd5713f
peptide_ca2772f82b0e861861636ddd31697e08475ddd2b2f93467e300b85d3aa0b3c75	control_1c79bf7453c5fe786a63bba1d9e7e64cbfc2f371c27d5dc128022f3f58fc3ecb	1	2491	2491	0.16659975913287836	0.16659975913287836	0.0	orf_034aa13d9a76aaa87fdc513d0c67895461c32502f19752a8af0d6e402f19512d;orf_46ef1e1f67ea5b5d82d695356fafb903d6015fb05e67f11452f3511c06c8d34c;orf_686b2f69db3ad21c8debc6e9b903c4bb93f2b5bf1c375b3f0f6df2ced3339a75;orf_96ed544db7c396936cde21463e1983b63649506b950bd89cf488c1cae81933f0
peptide_cb3b877487db63c75d8a61ca9a8bf692284b3476f9b1f6a3c9c6e16a8da2fdb7	control_4cf58b8a26a65a3da5c81ef3b4f7cd780b5160bf9e07c2455083e044ee1cea4e	1	1648	1648	0.19174757281553398	0.19174757281553398	0.0	orf_00dbf63a5e33cde7a0bdbf88af2631718f6d128b5495e4ddb958127b6a992cb8;orf_3ee325dc2dbde5e75db6ff60e331a90b0ae0b8d5f10a385034693c249e6b31de;orf_552b7f4ed2200da757d41f040ba8f3acc30bc251b4c2b0f05566ba6d4208b595
peptide_cb4825c6749f1e85ecc74a20cb49cd884674a3946d0d5d2f68a309487244bb5b	control_2f7725fb189bcfae3f4675992af6bdb1dca8d467d1a75522c95b8d50d33652bf	1	161	161	0.3105590062111801	0.2546583850931677	0.05590062111801242	orf_e675c358f0266179bc0b7fd95817947969c4ee7976e045b2917165bc1b5e69c4
peptide_cb97015f50ef275c05983c5ed87741c420183c811a8e822dafb8f5a9508f892b	control_9b9c28c4b262226731ee778575358bf069907c2fe03fe4dc7033164002963feb	137	587	451	0.0975609756097561	0.09977827050997783	-0.002217294900221725	orf_43b313b8b753c22586f8fae824f91c4a05462fbcfb2f23142e2693b19cd04f9c;orf_80d62106401bc35bec4651674dda9ccc7b2e71fa73660914786da003f66b7e42;orf_8d23a481b9ade18b540b3e9d5a0006d941ef383e10ec37df647877f93342540e;orf_c51848e3659af41740e48518c9db7a15f75b0ad9aa7b1b85621849dfe8a9bcae
peptide_cb97015f50ef275c05983c5ed87741c420183c811a8e822dafb8f5a9508f892b	control_d385fa0c326675dd99cf4f64840bd38c0053e485f098b3e0b463e9ff02a01975	1	135	135	0.8518518518518519	0.8666666666666667	-0.014814814814814836	orf_43b313b8b753c22586f8fae824f91c4a05462fbcfb2f23142e2693b19cd04f9c;orf_80d62106401bc35bec4651674dda9ccc7b2e71fa73660914786da003f66b7e42;orf_8d23a481b9ade18b540b3e9d5a0006d941ef383e10ec37df647877f93342540e;orf_c51848e3659af41740e48518c9db7a15f75b0ad9aa7b1b85621849dfe8a9bcae
peptide_cf88e914fde7e920bc60427bb16d0451af6b04a869160e47318de2cd0c881f04	control_a352eb73aeac79007f35a62f3bf8cd90c6a9583fc5955bb812cbbc1dc6e5fe79	25	474	450	0.5533333333333333	0.5533333333333333	0.0	orf_0135b7108d6511491c5012e2ac0efd1ecc51907aea458e2aed0638bf59aa4f51;orf_5ed5e57055783c911920020b4bb32d082d9fce7d766891f0bdd649cf1225ef39;orf_9593a5d662f8d285a14341e6190b6ba362c68efc82da52840232fc6af0546eba
peptide_d09ba36d63b4b05b94c1787f8ea186e5b841f5920b3ffb5356533bd95afd68da	control_2e3e1cca7f377d535ce375068c7c05689f72436c64bb4c7add52882c1aff6f50	1	131	131	0.13740458015267176	0.12213740458015267	0.015267175572519096	orf_c4c8163927f9c137522921daefec5d87a22247b14495959e58775462a2445995
peptide_d09ba36d63b4b05b94c1787f8ea186e5b841f5920b3ffb5356533bd95afd68da	control_44027ed0cd41ca97ce5b348735e3f9809772b0e94dba21952f93d278f833f499	133	259	127	0.0	0.0	0.0	orf_c4c8163927f9c137522921daefec5d87a22247b14495959e58775462a2445995
peptide_d12ded276778cca561f61708455f059a1bccb3f6e5b75d6ea02f274ab7b9a20d	control_161a789a5bbb452135f3c8871cc6f7fb1d41705accce89ceb07fdb4cd9bde217	113	290	178	0.6067415730337079	0.5561797752808989	0.050561797752809	orf_291d11a55b5b8e47edd583934eb5ab0a21e36e7dd5893e1d1c966b8a63dd0329;orf_e867e36ad1034108092fe6f03eab5ff5042ef1b2b696ddf33dcde67f4096560f;orf_ec897f8f634f9e534c1bcbf7abf85f047fa678fd21a9f9245ba860b0d23ca121;orf_f67b2bce75d253c08274779c15e9210f146cbcdffe885e78b5d4eaa78bb991eb
peptide_d12ded276778cca561f61708455f059a1bccb3f6e5b75d6ea02f274ab7b9a20d	control_1bb99356d918b0fbaa9b069fdeb691f9390e078bfa32068a8186f372bbfd91a3	129	290	162	0.5802469135802469	0.5802469135802469	0.0	orf_43331dc36ac46aeaeeceaf73bf4202b517d0b6dd56e2e3453aef51059a035cc8;orf_76426c0f14c0fc50b017c9d1da6de1d10888b68cabf5953e4a861b248974dc09
peptide_d12ded276778cca561f61708455f059a1bccb3f6e5b75d6ea02f274ab7b9a20d	control_d35df10fe6dda7752236629e90c9b2e2316310b0134f4aa4c60bf01318091cb5	1	111	111	0.5495495495495496	0.5585585585585585	-0.009009009009008917	orf_291d11a55b5b8e47edd583934eb5ab0a21e36e7dd5893e1d1c966b8a63dd0329;orf_43331dc36ac46aeaeeceaf73bf4202b517d0b6dd56e2e3453aef51059a035cc8;orf_76426c0f14c0fc50b017c9d1da6de1d10888b68cabf5953e4a861b248974dc09;orf_e867e36ad1034108092fe6f03eab5ff5042ef1b2b696ddf33dcde67f4096560f;orf_ec897f8f634f9e534c1bcbf7abf85f047fa678fd21a9f9245ba860b0d23ca121;orf_f67b2bce75d253c08274779c15e9210f146cbcdffe885e78b5d4eaa78bb991eb
peptide_d155235fc72b0662d3c8bbf119a4f520de177b182c86e1bedc3fb455dd412ca3	control_5253042921bb73f9dbef97e3640394d6f71f4d0b01dbb6fbd5d1c922daf1db57	1	130	130	0.0	0.0	0.0	orf_78fc6bcf488ac4faf62c315738a8487fee780221a4c78a4b61b084521ca6c30e
peptide_d155235fc72b0662d3c8bbf119a4f520de177b182c86e1bedc3fb455dd412ca3	control_7f9cd2afc3f55e6352d3d650200346bb345928e76663cdf444d9808b616f10bc	131	686	556	0.22841726618705036	0.22122302158273383	0.00719424460431653	orf_78fc6bcf488ac4faf62c315738a8487fee780221a4c78a4b61b084521ca6c30e
peptide_d349aa7322fee3b86b789ab684cd76079672d6b4c4cededfb18f9176d162adcc	control_7f9cd2afc3f55e6352d3d650200346bb345928e76663cdf444d9808b616f10bc	150	705	556	0.22841726618705036	0.22122302158273383	0.00719424460431653	orf_ff991d94294ccd59d7f289b9704e8c41a8f122199ae71408df59e024e84a05e2
peptide_d349aa7322fee3b86b789ab684cd76079672d6b4c4cededfb18f9176d162adcc	control_8de4bce387755aa333d7e92a0f3c3767fd78208e18752575f0ed995a2c5ab538	1	149	149	0.0	0.0	0.0	orf_ff991d94294ccd59d7f289b9704e8c41a8f122199ae71408df59e024e84a05e2
peptide_d7cfe4bcbfc06555a21a4e31ff58a6da16586e2dc7c03042c57eaf3dbcea97a8	control_21a41eb5f5432437f6edbd5208d41e9a040791ca1681b64d63af955237d603f2	1	180	180	0.12222222222222222	0.06666666666666667	0.05555555555555555	orf_04affeb52b2dd54af899a2f338ef09d300f7c3a627342c3140c7599d7a6bc1bd;orf_2c6c64cb4a5530a7bfed0fdfdf87e034dd83f1357a0c68901d5cc2b7e5ccc322;orf_925fcf7734d98150f688f7c58c87164132aa8b36c4f2885f04f9c6982efe4076
peptide_d7cfe4bcbfc06555a21a4e31ff58a6da16586e2dc7c03042c57eaf3dbcea97a8	control_7a105fd84126029fe8e9e2e2978b685deb6503c8fd9709cff857c43eebd56d10	181	455	275	0.05818181818181818	0.05818181818181818	0.0	orf_04affeb52b2dd54af899a2f338ef09d300f7c3a627342c3140c7599d7a6bc1bd;orf_2c6c64cb4a5530a7bfed0fdfdf87e034dd83f1357a0c68901d5cc2b7e5ccc322;orf_925fcf7734d98150f688f7c58c87164132aa8b36c4f2885f04f9c6982efe4076
peptide_d856b7bb2fc8dfa370b5ecd0078cd483e64a89cde2fe7a9e77010c39f9e1f75b	control_09b7cf75339fd62d560e7c568eaa92fc82c5a2aed3e8e29c608ae6318ea4fc94	1	200	200	0.115	0.095	0.020000000000000004	orf_218994fccd27d73925c5c4c3b94bdff8c1ac5eabea773d6e2fb799ce1f1b5077;orf_329301864c7fd90dcd37fd618b00691caf002f79bcef2f6444f369e8ecf8e6ae;orf_5ebbab44afcd7ee3f5ad36b945126494592469f15251f017c6020b600a411092;orf_d3fd33a0e1d267ceecc8ba74597b9c3df31ebf394a6b30aec9e461b2dc0e0063
peptide_d863b4181c9445613da3877663fc081e228ed82f65667b4d3ed864a4251e3f95	control_7ee20946e5c4ed2462429811a208620d1753053d8621838b4f6eb6a39ee3ee4b	1	113	113	0.0	0.0	0.0	orf_7b58a6fc8dc92fc62e3de4813e92eb3c60fed8788567a0d8778a1177110fd07f;orf_f700356b5a832ffb480a83f0c8f778eefff78052026ab3f28f05befa3a9be045
peptide_d8d5b0b8301c06d3b9cde19098580d9cdc661be23dd4a22cd9bae2c753192db2	control_8c6ed51b405fc30e2e14443e1b2431d23f7bdb56f50a3582ec0ddb654cb5c1a4	1	48	48	0.20833333333333334	0.20833333333333334	0.0	orf_00e087f7ed9c2688331bd600346af1a7c61b0b512542e17584b311b166eb2c6c;orf_8d3e616d3a2065470398feac56b2fcfbc55906623ad12cec8c24a9b8845c4b75
peptide_db377c7d3a9026616bfee0cff0333714ba0a86b262b36d79a3f15fae46241c91	control_5617d4de510d30e68640cab45056c6acf384d809bf0f40da7bc2d655c263e9ec	1	103	103	0.0	0.0	0.0	orf_3510566e5839835f0557835a328a1efbb8d17fd3ab084cd5c60aaa68e5b1f86b;orf_4c2ded88001323295b0702355c5a4d73a8df87a98ea97e21d6c4af77e2b0f9c7
peptide_db377c7d3a9026616bfee0cff0333714ba0a86b262b36d79a3f15fae46241c91	control_f260443270ee3c54f24ee23893bac5ab6991daf0dd126a7a26b60f4bb83cb33c	105	317	213	0.5727699530516432	0.5305164319248826	0.04225352112676062	orf_3510566e5839835f0557835a328a1efbb8d17fd3ab084cd5c60aaa68e5b1f86b;orf_4c2ded88001323295b0702355c5a4d73a8df87a98ea97e21d6c4af77e2b0f9c7
peptide_dba94fe4564b656dcb4c88ed9c0af05dfe78a7d6ea0ef18b1c71b29fe58fa0d9	control_aec685cca2bf91dde4fc95031e26856e49e9c688775269ba6d8a18c4cdb1be0e	1	78	78	0.2564102564102564	0.2692307692307692	-0.01282051282051283	orf_6709581ea595bf7bd3d3300ed5716539003ecb7ae0f1f0f78953906e680ea91d;orf_f53cc5fb9acdd00a38804c39af1f840e97e8ccd6808a89b993563a9718e4c9a5;orf_fdc241ba9fad2dae5ceb4956d19962df9769e5ae9bfe1aedc0af36b086abe21b
peptide_dbe63ac2fd19bcb0471334efc8f3f26068724f8a1fa27b6ec33cea8d1276d6e7	control_9e6e51942da90655ab6ce497b140f8bffeba8b9da5d4d75866be1ffe20f1144c	1	104	104	0.5192307692307693	0.5096153846153846	0.009615384615384692	orf_4c21b1a303b7258ab6faea0204654d36fb14340d00a0226299fbe2256fec9c2d;orf_87aad3e7f8cad333c535ee79c584c6853c21494cd1f4c3de3634e030f43e1b33
peptide_dcf65a11538f918eae65b31adc4bb6b591a7c882dd13c3d3721b01693cb43f84	control_cb8385d20d2c8dfbdf1500029388caf817a1d384da09721cd555170494f62c64	21	53	33	1.0	1.0	0.0	orf_b598f487349d72cdb4a1482cd17ae7ce7429a51782d2d7af7cad24d338d5634e;orf_bf615a622151ab170c5210863047419cb50ae25b370f261be19337888ff4212e
peptide_dd05b2de8b0dff54a99f32fb5534a21ea7b2859c77f90ebe3af16b628329d84d	control_6eafd1c18a1ffeed283afac148a0e6278c1663cae7ae62101fc00a0209bbfab4	88	246	159	0.0	0.006289308176100629	-0.006289308176100629	orf_36fd9035a50950b01e309c9bc972b16370c0d84f8e9ba391ff532a59c4920895;orf_3e63e847f550dc238aff17fd9322d7d27ff14cc14a7c989297c823b9e49e9094;orf_83f97f86c8ed2ae30a0afe6cafeb2b41194c20981de83ee83b56b9ccb8eec04b
peptide_dd05b2de8b0dff54a99f32fb5534a21ea7b2859c77f90ebe3af16b628329d84d	control_d8c6d83cfbc989dea7202d53e838ba18ae7d102409f78466574292795e26f72b	1	87	87	0.011494252873563218	0.0	0.011494252873563218	orf_36fd9035a50950b01e309c9bc972b16370c0d84f8e9ba391ff532a59c4920895;orf_3e63e847f550dc238aff17fd9322d7d27ff14cc14a7c989297c823b9e49e9094;orf_83f97f86c8ed2ae30a0afe6cafeb2b41194c20981de83ee83b56b9ccb8eec04b
peptide_dd7c67c48b8513a5d2fb9cdfa8fc9e1c4bdc2c4184b06ef715954b7c4d66e566	control_2fe1edae76fe6871f3bd4fdbc2568891a8e123c8e5ce0d17e94283a37c460e14	1	184	184	1.0	1.0	0.0	orf_11da3b22ddd8cdf431c6b23c4158dd895d72cf9c708ea9c545f1dae058ef6333
peptide_dd7c67c48b8513a5d2fb9cdfa8fc9e1c4bdc2c4184b06ef715954b7c4d66e566	control_37b6130c34c2edeefc11274b652d621c7106872fbd45c41de017cedf27ec0f31	186	468	283	1.0	1.0	0.0	orf_11da3b22ddd8cdf431c6b23c4158dd895d72cf9c708ea9c545f1dae058ef6333
peptide_ddd4cd153f6619b54c5711ed15b99bcbda63e0216ad10154b681f2ff63d4678c	control_0b41e78747f2772e77b140292832059c041db8f0a51fe0d319053eb9b31c7d7b	20	260	241	0.058091286307053944	0.058091286307053944	0.0	orf_7098ca13158dab0dc51852add1d04a457d01e0e4a2628a60fdd64799ff9cc8c1
peptide_df2c551958df67bbccad0f87c785fb069df18fc67668af2ff95835daf8fcca3f	control_de8144060a15dc3fd98d16ecdec4bfea1299def79b34dc1660f95bbd664e2242	1	39	39	0.0	0.02564102564102564	-0.02564102564102564	orf_012fcd8755b5cab37262a9102aefcfa997e4bdad864d499d86abd55ea810d569;orf_26ad90cf58fca0181b5c1c8c3000291863caa1ce3b0cfe3f1ae448ad0de509dc;orf_7cc63bf6d6f0a0523f1e328da493eef4e437b34fbaac5c6059168fbedfbf46f6;orf_8bfacecf5ada5f7c0de7a06ba778dababe3c1e90ceeba35510a71b938dafc568;orf_a1ad6473aec66acdff5cbcc3357d787c7659bdc77ee3ab5a531964ec95f4aa89
peptide_df44b28c7c8070fa139d1324a6441969ed0e1e1c84e0b535e304ae32a32b021d	control_299a7e67e4109c6d01356614148f02c0173e3c1f11788dbd76c0b52e117885a5	1	62	62	0.0	0.016129032258064516	-0.016129032258064516	orf_2c6cee74545416344906a9d2affe268a41fb0995bef02d2b46c9c3bca29055c0
peptide_dfa0f70392894092a6ebb5547ba8aec5110bf75282b42da97ad017230e00c4e6	control_9fde83d5c76bbbaf6d6d4069a54b12d3e22bbec43f980a43b2c6821bb4f0a50d	1	222	222	0.17567567567567569	0.15315315315315314	0.022522522522522542	orf_0dd67054757ec78df1f53f3b8253e22f406ef043b3f4d8a36d74178981d3dc2a;orf_4b4871d1c56f31591d1c3e2ab8cdaa13978eda5518aa179b61f2fda3743e5120
peptide_dfb8a2ccde79614b69b3425f8cd6ffcf0f2bddaf437ae76facc8bb7ebdfacb2e	control_345129754ff0ccc173929ddf22b27736775c4329d5023cd85485e4a3b98d6af1	1	156	156	0.019230769230769232	0.0	0.019230769230769232	orf_612f638ddd0cb6be43cbbfb68f477ee47153bdb53327f41a306395dc4f92f43f
peptide_dfb8a2ccde79614b69b3425f8cd6ffcf0f2bddaf437ae76facc8bb7ebdfacb2e	control_34fa2fcc2ce0aecede399432871d0e5bc901d605c76ddd00e0ba741c5049a280	158	193	36	1.0	1.0	0.0	orf_612f638ddd0cb6be43cbbfb68f477ee47153bdb53327f41a306395dc4f92f43f
peptide_e0d3fd43f9f22d7297190f8f414371f7c190ecfc647bf5c34c551d12c1c4357c	control_9fde83d5c76bbbaf6d6d4069a54b12d3e22bbec43f980a43b2c6821bb4f0a50d	1	222	222	0.15765765765765766	0.15315315315315314	0.004504504504504514	orf_25937857a6c554aeaa5b33ea913f30928df67e3712806202be8dfa58c3d79740;orf_a736d4084654e6676326664c8f6e1b4bb95457310a24be9c1737694620206b92
peptide_e2e945499d969d3f3f5c7f6e58c493d60821e9a3917cc4a3b4c9157cc333163e	control_c3dab0c33cf799a9b93e2d1f44bd1a374e5b7cd957c0d7fbca11aadd13d66ad0	1	188	188	0.0	0.0	0.0	orf_630f853a1c1839c9dce00d443b50f062cefab0cd2579ad4c9937847b928896d9;orf_a7559beae5ccc308ccd1e01aa39fa185f3bd2b8860668e2d35ccf15c5f17700c
peptide_e3551690a6b76267d8c2b08ac175a3a20ff96f0247e854ef37f71567b7497c7a	control_d35df10fe6dda7752236629e90c9b2e2316310b0134f4aa4c60bf01318091cb5	1	111	111	0.5495495495495496	0.5585585585585585	-0.009009009009008917	orf_0c99ffb2d09d0b02ad5e038642a55d6944d17b2c2f2ea9b27e0b2d70c06476ba;orf_45bb831b559afb53c0536756df2e2bf9c857d5d2b78d1ed351352ab245a0434a
peptide_e3551690a6b76267d8c2b08ac175a3a20ff96f0247e854ef37f71567b7497c7a	control_fd47e809e489a94274e22388d4021f34ab92383b58caa661ac127abad8fb0b12	113	304	192	0.65625	0.6041666666666666	0.05208333333333337	orf_0c99ffb2d09d0b02ad5e038642a55d6944d17b2c2f2ea9b27e0b2d70c06476ba;orf_45bb831b559afb53c0536756df2e2bf9c857d5d2b78d1ed351352ab245a0434a
peptide_e48f3c517ce97280418f285dcc2fded5b7e117f6b8dabd50384472b8eb355ff2	control_14fb0ceaf9513c50bef4b22cf2523256dff6936a6e4282ff17880f8465063fd0	27	84	58	0.0	0.0	0.0	orf_0ae1d6024582a0875002a3363788b9204436d04118f2a5476e431a7831da7e7d;orf_b506906d414898af9b3556e327e0932af2abac6f1a8bb28bd04c17e83337365d
peptide_e4d7de5a0a608c817a0fe1dfffd651af36fe378e122c1b14712e4c434175579d	control_bb0a07bc035ef3d02b3a5963fa4231a2152f7431c07229e2366adade313f88c9	84	176	93	0.27956989247311825	0.3118279569892473	-0.03225806451612906	orf_0c6bb313d4f309051afb780300387fd0d1bf63fd9c83e5794f7f1e7170aec8b9;orf_9c3663dc7a67f5472f22599dd3b3d4d964af8adc9497392743a079b7a7e11f3a
peptide_e4d7de5a0a608c817a0fe1dfffd651af36fe378e122c1b14712e4c434175579d	control_f2881a5c042ced851fd83a909eb5634153dd32616ecb4ee8aef96bc46111e8b9	1	82	82	0.0	0.0	0.0	orf_0c6bb313d4f309051afb780300387fd0d1bf63fd9c83e5794f7f1e7170aec8b9;orf_9c3663dc7a67f5472f22599dd3b3d4d964af8adc9497392743a079b7a7e11f3a
peptide_e5af13d33e889258c3c023a666c476f620d82348973f983e518b9779866522d1	control_6e0f425da988b2b11ddefa5dd8321a027b29ff3e62d55790d53d0e5dfb0f87a9	21	175	155	0.09032258064516129	0.07096774193548387	0.019354838709677413	orf_4608ea56dcf90863ba7a574f463c9ffb6abe595f384fe1d4f9272740443b28ed
peptide_e6bde9e98c0c71a406cda37d339a2829de1ba0ba203b851d67e4082deda858a7	control_18236bd9421b9c8aad70aa6efa430e1b2161b5965e97b1356120f63806fc360e	1	111	111	0.9819819819819819	0.8288288288288288	0.15315315315315314	orf_cebdf3903d1652e0315909c6d5d972c4917d9085a242ebc78bee400d547a5c7e
peptide_e6bde9e98c0c71a406cda37d339a2829de1ba0ba203b851d67e4082deda858a7	control_a71297c69b1df2dad4e3c8a3412a6b7f3d577c72a8871a12e99384ed3ffafd71	112	383	272	0.0	0.0	0.0	orf_cebdf3903d1652e0315909c6d5d972c4917d9085a242ebc78bee400d547a5c7e
peptide_e8b37fb4123387d477121be6767ff9b0e64886eca7291810abf400d584152ca2	control_06c4ed338cf67897369e74de3506192a48c8297293f142ca2f53ff27d807f39d	1	64	64	0.265625	0.546875	-0.28125	orf_79e0744a0fd38a026c7a23b8d196a1246088e8135bd604a68d3a254647b88e33
peptide_e8b37fb4123387d477121be6767ff9b0e64886eca7291810abf400d584152ca2	control_5a3212de94791460e0d550d0b67a3448303d3026e48183d8257932c52def3ed3	66	261	196	0.14795918367346939	0.14285714285714285	0.005102040816326536	orf_79e0744a0fd38a026c7a23b8d196a1246088e8135bd604a68d3a254647b88e33
peptide_e99c765e89e22454b77f5bee5b91d4a1c68ae4acbfc5e433be58eddefc6e939e	control_18df6210a6e46257fcd72c05946e2e30cc3f12d8a92a5dc895d18a0b610927fb	1	77	77	0.7922077922077922	0.922077922077922	-0.1298701298701298	orf_0de8f22856f1579fec381d9cd2c7d46aa813d2f9816a0878d42603491e54b741;orf_66450fd83eb987665e932d094f6381794cdb5f58276215e66f419f73d29c268d;orf_879916e89bfebdfd5baddda6cc03e078765c0d01e75b9f9a08dbb950a9987df7;orf_ac6c1b74bb5d473257bb33d204ce4af1ac2c070bb45b8ef849664808b1a27f2a;orf_b732652db04157556f092f4652d743f6bec9c4490269cae10c1a9c3f544f0fcd;orf_ea0b380b262d4aaf2142609c64cc3580e90fa4256638c6028c18ee5ef9e73840
peptide_e99c765e89e22454b77f5bee5b91d4a1c68ae4acbfc5e433be58eddefc6e939e	control_7212777606abdd4abe7de957da936b3bc88ab381282cdc80ec43a0c264e35a31	78	170	93	0.45161290322580644	0.43010752688172044	0.021505376344086002	orf_0de8f22856f1579fec381d9cd2c7d46aa813d2f9816a0878d42603491e54b741;orf_66450fd83eb987665e932d094f6381794cdb5f58276215e66f419f73d29c268d;orf_879916e89bfebdfd5baddda6cc03e078765c0d01e75b9f9a08dbb950a9987df7;orf_ac6c1b74bb5d473257bb33d204ce4af1ac2c070bb45b8ef849664808b1a27f2a;orf_b732652db04157556f092f4652d743f6bec9c4490269cae10c1a9c3f544f0fcd;orf_ea0b380b262d4aaf2142609c64cc3580e90fa4256638c6028c18ee5ef9e73840
peptide_eaadb81f5c70805626da52cd61e57438d32bf21d9a2d8384477f99624294a992	control_52c4dc0b981f6997bbd0f3f15469f84157898681f289cffa36f0f90a0d1cc88e	1	152	152	0.8289473684210527	0.7697368421052632	0.05921052631578949	orf_33774b8689cb4169d9d5c569e811cb8b0c5dd1e5e0f852c252b578329475827d;orf_3a3719b643b5332d1f688379422ecdc9e467524ae0b29003eab6aa60983114e9;orf_8617bbdb004d5737186e0be52b644948330fbd921a90e8013f53461d0ef2d789;orf_96c6ff77691c5b31324503ef3b35277755a07aacee49c1ce0f805ac283aeb880;orf_9b52bfe86a98c4d0680be6713b9484b3ea86eac52df4b08a54bd96601aeee3d9;orf_f92033d45e5bdc889fddd384233c1684e351d8dccf49d0492cf31c9fc27195a1
peptide_ed94a7c73c5bb4d289c56f618b0eb9ee4ae8c7f74e21cbb1da03f872cd1f9de4	control_d8c6d83cfbc989dea7202d53e838ba18ae7d102409f78466574292795e26f72b	1	87	87	0.05747126436781609	0.0	0.05747126436781609	orf_434972e5e1a310ced675f5f56feeb9d12ea53de83d79dd1b67540d6b57a0db31;orf_79626bce4ffe34768486c7324c249e4f62130350bb7691ad03b1a1493a5874ff;orf_f818b91beb01a006f208f8659c07167acf274f09386f00fcf3491275c613bc95
peptide_ed94a7c73c5bb4d289c56f618b0eb9ee4ae8c7f74e21cbb1da03f872cd1f9de4	control_f879021cfd0132b36382dffaadf12aead8caf852ee18d39064a849986fa798ed	88	245	158	0.0	0.0	0.0	orf_434972e5e1a310ced675f5f56feeb9d12ea53de83d79dd1b67540d6b57a0db31;orf_79626bce4ffe34768486c7324c249e4f62130350bb7691ad03b1a1493a5874ff;orf_f818b91beb01a006f208f8659c07167acf274f09386f00fcf3491275c613bc95
peptide_eed915b6ca8b3996cd855855d0eb3687677480ad6600d6a859007123a2d56e75	control_18d4d8c016e3161b8ae983eeefb5597f7799c4bf55a4fa9a026f4e9443957d5d	1	1626	1626	0.18081180811808117	0.18019680196801968	0.0006150061500614923	orf_3909843b2dc779f2d59db3df01c2a09825f2475229ac8908f1b6989d6a803d2b;orf_703ef684468bb06dbb0dba2a0bb35d3ca6ce0946806712a9f400f0425ce8d667;orf_863dcfe1cb54bcc45f6bdeec769ce68a3db5e78ed67bed76997cb1434d0759f7
peptide_f0766d124b52f0061597ce4e822e9275a04152df574f9a512631a0fa6ed8a2fa	control_a8d6c0db01b78aa2f03b59beaa6d9f37f6b0cea4f4331066a5633b9f7161ec5a	1	73	73	1.0	1.0	0.0	orf_54cd746fdd6c2d7ad1722acf8a131da0e13c3c575c6797456cc45d7b281e933b;orf_56a2b7cf0a8d8f48ac7bc0e88cb0837b45d343eb61ee2ae177f6d32daedc231e;orf_72aa4aa9c7dc2940458fed952a5c2fe8c582d5fc93f955e8d1694feb835abdfb;orf_793102b0f2fa96e0aea1c967efe71293a8dc59a9a8ec2bc3018c1221696ab570;orf_79b936c73f20a7520dfd9238b31ebd33ee54a0bd0166019a540dcb9ffe53d30d;orf_83ccc490a3f531d466e63ae4d0a9bbb22188d685cb62240d2535eb5e89646d66;orf_cd742926d553caf089c8ac933bf8bbdd7ca88ff1bf0562327bd16d8be4112418;orf_e5993add2e0661cc2e675829b5bd0cb897102ee31f6141d212fd9ca8e6a79426
peptide_f0d37395734f61dc7792a5acf6ad495d9a1058302b01d4fa1338af9f49112dac	control_3f4e5f1b35105594c5c6162bdbaea7ffbbe33b7ef965a3b7412d78950fb0c5b9	1	72	72	1.0	1.0	0.0	orf_b8914623b67c5331b1db05b2f386627f8488c9baad3a8dd5662072dcc710142f;orf_be6a40457a264c7ab10ebab041f3ba0d0d59e5255dbb64684d3c54906853e98e;orf_caadab2eaedf49c2899e37cad6a0619e8eee56fc0c4a6ed751837e860001e725;orf_ff00d8c9fac5e982c7073224c52618c1fb3298aec77c513da830b802124388df
peptide_f24219a126525f2d211114163d59773936920bb6110bdcc3eba476c5a060678c	control_99c415e3dbf3e7ff95ab96803c1c4042a6aef5bf708bb51fba82bf99661a102f	1	491	491	0.06924643584521385	0.07331975560081466	-0.00407331975560081	orf_579613ab55720418ba28ca4545de0f4bf1e4dac765ed3b996eddc159e8ebf723;orf_734311235ff5435cb5a8dd238e21f3bffe1141f76d5cdc100591af1673f71c38
peptide_f24d6b7fa37dddf47c2a5a41244495275ae838ba9d20379f92b7e8df069983ac	control_ee858c7bc590e2e6e3f2ee9cf993b78a49238875e4cd2c6f97414554d33291df	1	147	147	0.1564625850340136	0.1360544217687075	0.020408163265306117	orf_3055459db4c5141e066188252e9db726efded8d404940fa92933915c89937a60;orf_5874bd2bcac4e1ed47d4c5d20547566f893530ccb25f5d26bd411099188ae40e;orf_5c1dbf0aff49a471bd00ef26798bb06e17e9f3a96f640913b7987e89544aae74;orf_9af64288b9fceb00f7c41e8a89de185b55b9e7e932b085c4fc8fb6fceeef1651;orf_beffc7f081fdac9d12edb55e2322e917025f1573703ca8d912d4ab246878c199
peptide_f3b157eea4a7b3afed59584e95a707bc05cb7cf6e128952858f1c030fdca8e9f	control_13af641587610835ccf13231157fe90ef6e91f0485fa14f7ec5a46506b5a8823	1	68	68	0.16176470588235295	0.19117647058823528	-0.02941176470588233	orf_9a6b42af67d81477bd7a275c9fc6b7168a570146f662ebc06a8e0a7f0f28b808;orf_d512121fc2a33ebe3a2a769cecef91de5f1e9e24d1ca8eb56edb67fb915890f2;orf_f561c11401fa87747d6151990315fcdd51535d7895d8e648a83b915997fb3c9c
peptide_f41443bc0b10f416c99dddf5688636205400f620bb71771505df8299c360c620	control_401a3016aad1caffcac387d7d5f58a18be3e0fc15bc0633da2c02e1701300495	1	119	119	0.0	0.0	0.0	orf_6094ddc9a076b8c6e02d48b74a66df195b3b3425a93ef1f640855050f48c2938
peptide_f7b68fea961e6f0194842633b1fdb2a31f6c14e63114270cc1767153d4d2780d	control_4be0593da6aaf178070b1a1ca652c7c0c485e5a04b4a36a318beb14f68d62dc2	74	292	219	0.0	0.0	0.0	orf_9e446696b83b20cf02b3d2df623891f726b8fc366a197a4677fb9209ee5a3350
peptide_f7b68fea961e6f0194842633b1fdb2a31f6c14e63114270cc1767153d4d2780d	control_f375ec4f4e24b52349deff1c728a91db0f3314db48f1c892e431dfce664df5ae	1	72	72	0.18055555555555555	0.18055555555555555	0.0	orf_9e446696b83b20cf02b3d2df623891f726b8fc366a197a4677fb9209ee5a3350
peptide_fa6506540deb5226f196b5e2c3dc3fd6a10972fec505231d4d43a33b7e157c2a	control_2fe1edae76fe6871f3bd4fdbc2568891a8e123c8e5ce0d17e94283a37c460e14	1	184	184	1.0	1.0	0.0	orf_3322b66cca49066f891cd104202a71b386ed3e550088ad62cf5124ce68c5d6f0;orf_3b8891dd2920d50e67fc79ca136b46ee2b1c98af810041eb7f75f8bfc279b06b;orf_d0e4953c630c612bf4a379e99c3596f3b8e575d5d373b168edd44e4f398757b3
peptide_fa6506540deb5226f196b5e2c3dc3fd6a10972fec505231d4d43a33b7e157c2a	control_7d2f91f86fc6d5c759b427a402c414ea39d47dbb0dce40a732d085eb216154d3	186	915	730	0.7068493150684931	0.7054794520547946	0.001369863013698569	orf_3322b66cca49066f891cd104202a71b386ed3e550088ad62cf5124ce68c5d6f0;orf_3b8891dd2920d50e67fc79ca136b46ee2b1c98af810041eb7f75f8bfc279b06b;orf_d0e4953c630c612bf4a379e99c3596f3b8e575d5d373b168edd44e4f398757b3
peptide_fa93e53ac27b4b7dae1a80f579d41c4b15d48643b853104cb1872d9055bb9812	control_0ecdbe416f697b2383c6515b94ab1ae57a6348eeec1a44304f1d2a14ee3cd238	19	250	232	0.0	0.0	0.0	orf_0dd25baec7b1e0e82e86ee269b661f29a7624e83989330b8d1648e22ab20e736;orf_268ce05342151891ee53651f31d57207f449d0c919fd12b6b131fff5d0fd3a3c
peptide_fce534cced06c5860a0e4e21ac53ffa1a3c03bdd613724466f90f0578df30471	control_575fb0cd74724d2a4d85dedbb366b81e0ae94fd9d0ca75737787d436dab39f26	1	151	151	0.006622516556291391	0.006622516556291391	0.0	orf_0f4248f228ff5ce03c2f1317ddb83380fddedf695996f08a1535f720876ff9cb;orf_1e47c1d32acda0864d4d19e8e5a52a1705b638cccce847111ff998aab7884370;orf_3edc6f4184ca8211d43089782416b75c8bde7295b985b155e6977ded8324b189;orf_b3f205f24094c36838dc80e41a8be02ed5b4c00938cbcda22534c7ce10bf258a;orf_e9e7147bef54986d4c0a6b66f9fe9fd077b7e7258b5267020efab72b37ad53d5;orf_eb40859ac0ac48ec001685db5d56433a424f30113a17f3f5e7493ee064094f6d
peptide_fe9d713de22366a70052a1235a251c8f1999f247300bea4c5902067bfde22536	control_175e947a06c07a38b7932887e4ef0971a98698c38e1b7e681520f6479e31c758	1	187	187	0.0	0.0	0.0	orf_30e654b75169fffdcd066d554bf1518f19e52efd866699bb7e6f12ec85a54e81;orf_6e57d07693de498104d9f44ff4facff8cfeb6d6f2d87f22398e869d432e99856
peptide_ff641b7f66baa209ff86e50cff70775b9fc1fd0004872ad33a501711d57eaf5e	control_aa3a8b9f193ab6599711a35e5757636a93c74a353cf5ab3ebc217a102e7cf067	47	133	87	0.0	0.0	0.0	orf_1837308671fd5f511d7d8f73a692c84baca7bba3381445610c0bc30c4ed0239c;orf_295555b7b1ca7d39d2ba7951d34f06286d95113661b9d838ac973f20d34e4ef1;orf_6cf654c205d59f5561e289822b83a046bf23e97c8554ceb21e40f1258438a3ce;orf_74a5ddd3669f2f3076abc3c8a7436944146b8f912f938c172843605f3db86730;orf_9a7ca3f0d8c032e151fa9b121679dd13c669ed5bc56aade496a6b20fdd6c0eb8;orf_e3ba4d4381620858aa55f4e1f5617604f2353d7269f2389b5bb18ecfef5d0237
peptide_ff641b7f66baa209ff86e50cff70775b9fc1fd0004872ad33a501711d57eaf5e	control_e9b143ebdb63b4f8155a28c30ba8170eb862d69d2b57d3c8c52c46a50e25aeeb	1	46	46	0.0	0.0	0.0	orf_1837308671fd5f511d7d8f73a692c84baca7bba3381445610c0bc30c4ed0239c;orf_295555b7b1ca7d39d2ba7951d34f06286d95113661b9d838ac973f20d34e4ef1;orf_6cf654c205d59f5561e289822b83a046bf23e97c8554ceb21e40f1258438a3ce;orf_74a5ddd3669f2f3076abc3c8a7436944146b8f912f938c172843605f3db86730;orf_9a7ca3f0d8c032e151fa9b121679dd13c669ed5bc56aade496a6b20fdd6c0eb8;orf_e3ba4d4381620858aa55f4e1f5617604f2353d7269f2389b5bb18ecfef5d0237
