peptide_id	parent_control_id	start_residue_1based	end_residue_1based	parent_start_residue_1based	parent_end_residue_1based	length	candidate_region_f_idr	native_parent_region_f_idr	delta_f_idr	orf_ids
peptide_00fb8657255fb894315401cecb9ab9e3047ef7b3d1f0d35d357663269780201c	control_a9fe5b486c4ac81f7f0aeb38f96655c054001fe0dc947aff0e59cbfb9d65d4c5	1	42	1	42	42	0.0	0.0	0.0	orf_44b279b4c8a6722e868cc340ba364c38a304598a0025abba80a9930b98fbf773;orf_94b287595d9354397ed2244ed9c9181c280fc29085555476dad5d15d29563572;orf_c6447545049b6c6c64c5d1a846dd25724695d8879d4edfa22e0aabfd8a9c5b4c
peptide_00fb8657255fb894315401cecb9ab9e3047ef7b3d1f0d35d357663269780201c	control_eed55b2bcdf49c8357913dc61721603d699dca5dcff90fab2ecfd208a18a8d5c	1	42	1	42	42	0.0	0.0	0.0	orf_21f0722d79774b94a1a42a8ba998b25aaa10f01f06a9cfbd1b30eb01db64d8ac;orf_d3fcac55e59faee40dcc14ab424c65f4f89dca235b662ce548ba02165a392342;orf_dfde784e65b9662c6be9ed84503a7288f451d7d0e4d6df9dd964ba53d29406f5
peptide_0113c383751f1a0ef3d6b27676d2e2141e091b8b60dc744ecdfddcbc258c577c	control_0d8faeca117704c75c8b896b663cf4c9153966f3e430919ba919732c9918f8b8	1	1641	1	1641	1641	0.19439366240097503	0.19195612431444242	0.0024375380865326035	orf_a3cbe106f7a4912cee1036cd70d718ac5671685a82411f1a713a672f2867fd67;orf_c3b9bbc234b53e225735f3696e344ff3e55c582abb2045a61b2ee97114063de7;orf_e901f4a339e2bc18576a7d8ca7f53c9e488e553e696b76bc83efcb3c9abf45bb
peptide_031f87d03d93806fb6598bc5acfc051372dffe27f323210698bb511e6bbec75f	control_2022d42145ca2de9aab69e25281608f6ca5eeea5d7a39545411880a01b8a8929	45	519	11	485	475	0.13263157894736843	0.13052631578947368	0.002105263157894749	orf_13fa9de098446cd0b1da5bdaa90464b59b27ad42ab8034bf8a2d4ca9db827ff9
peptide_031f87d03d93806fb6598bc5acfc051372dffe27f323210698bb511e6bbec75f	control_a21d61e6261af3674500f92333cd7fa2ae03c22126085dbef6ceb2f2596e9a35	1	43	1	43	43	1.0	0.20930232558139536	0.7906976744186046	orf_13fa9de098446cd0b1da5bdaa90464b59b27ad42ab8034bf8a2d4ca9db827ff9
peptide_04e15dc3926c12278ffcff63cfbb0a6f232e69a5d16fa877239ea03bee778a02	control_841b185429143bed863115afb560a3eadc04dd2ff5645f1b6732b70c33963d46	1	206	1	206	206	0.0	0.0048543689320388345	-0.0048543689320388345	orf_004ce9c8e20740c3dae8a4cfb6ce8b5e289553239656f0cae41c0606254fa589;orf_31830fac162609270b4545e18ad3480478643644e13e27aacee2225c47ff8b4e;orf_3bb5fd5b03dc49aefa76c872c22062c9dac0e69ced1583a897de25560a3da527
peptide_06518bc387ccfd3be991b7ce8522835748deb4643cd98dccca776b3e1dd2d9c1	control_569b3df1f5ad13931d027202e0aa1b07798cdfbedecadfc82c0070bdd66d8299	105	304	112	311	200	0.0	0.0	0.0	orf_336fe97da080ac8047ea2064dfb63507d83ce9dc1521428138d3a757e4777d41;orf_af66865687568a12831bcaf63c0badee20cad70d057efc573d652329234d6cb7
peptide_06518bc387ccfd3be991b7ce8522835748deb4643cd98dccca776b3e1dd2d9c1	control_bb35a936b0a3024469628d3d10185ae274d1d0c1c66c616c5405acd8bd543df1	1	103	1	103	103	0.0	0.0	0.0	orf_336fe97da080ac8047ea2064dfb63507d83ce9dc1521428138d3a757e4777d41
peptide_06518bc387ccfd3be991b7ce8522835748deb4643cd98dccca776b3e1dd2d9c1	control_d4574c6958090f8f531cea3fe53c47d8aa85183db1e093588cc2a390b30040d6	1	103	1	103	103	0.0	0.0	0.0	orf_af66865687568a12831bcaf63c0badee20cad70d057efc573d652329234d6cb7
peptide_06a47ea8fb14decf2e1f83ce3d7b3bc9900a29ed89cc722332a43a369472b176	control_9e44923604a8ba5e6797106739a49d881b822c9fa3df4805a4c5c622a4893205	1	281	1	281	281	0.08185053380782918	0.08185053380782918	0.0	orf_27ba0e253160652e6df41bc113a17e84575ba99d2c0e9620b32b4bd4b963bad5
peptide_06a47ea8fb14decf2e1f83ce3d7b3bc9900a29ed89cc722332a43a369472b176	control_b96b094df28c124b911629991c20eb1d0e4f183c01d4292fb1f50408a2e06531	283	357	415	489	75	0.0	0.0	0.0	orf_27ba0e253160652e6df41bc113a17e84575ba99d2c0e9620b32b4bd4b963bad5
peptide_06ff13e279243d2b7ad8638c5afd0676ce8e8691414485e804189b01e04b5c71	control_3aedc600a2334b40de848e218ec0d5310425f0f9fc8b4b1be679596b76edfff9	19	249	616	846	231	0.0	0.0	0.0	orf_606edc55d8973081591435fa488bbc754534150755178c6067e2150caba78571;orf_6a1a3e2d6f8f256e0150db81c8abb951dcd2a91c8cc53b667f686c6c5e784ce8
peptide_0a3c36316543a47148471358f32a4ec64764c26acc5dd428c304719ee387455d	control_3914fa977768eb8397be69263884a0a410cc7036c1637a041bdf63c003445b80	1	1661	1	1661	1661	0.2107164358819988	0.20770620108368454	0.0030102347983142486	orf_449ec32ca4fad25eb068be0bb27685707b79e0d8d27b0e63deb5a77735cc6655;orf_959c80111caf8bb728dbd4ed8733c3ca173da6843b9c7013d4815906b460ea96;orf_e32af9b8cbfbe658dd77b1b358068b75c212ea48fa574451df3f5efca299e8c7
peptide_0c490e72ecae44550e53ca74fe76b911e1331a1d12589a18ae2832bd120927f3	control_43266903a255031a5da35014f3c93eff201d8c0c8f2289afb9c423af1f531db4	1	30	1	30	30	1.0	1.0	0.0	orf_28e53c11d614f69232cde4dd5f58793506ff16a3fe0110aa4e61bbd98f777b4f;orf_7d125d0b3d2715f5b14ab5b13c847993ae05506fd04a090449bc5c60931d7dcb;orf_a84f5f36220b914ddadc134d84542fdc0394c484a6133687451177190036c07d;orf_db96856f58655357cbddfe75665d3d3a1c694286d08ea0db160c92645e4d2e44
peptide_1015ff2fa888cebfb365500cc0ab8e73fbbf1ac9a892fa1436d4660a59c814cd	control_454352c260a8e30113c81de962c9c2fe56f463fece67f56a974be807b8b9f6d7	1	135	1	135	135	0.8666666666666667	0.8074074074074075	0.059259259259259234	orf_4fce22eb263f7865bbb10c2f3148ac871af7ef5145e9204fa46131a25bc3c11e;orf_e9664b126e8432f90902129a0e05ef7ab9e3a31a154554ed6675a4d88afbb1d8
peptide_1015ff2fa888cebfb365500cc0ab8e73fbbf1ac9a892fa1436d4660a59c814cd	control_f1aab743d6e5d1527b22cb2ba6d7ed2a11d9eccc947a0b68762e1adb31e9f4a8	1	135	1	135	135	0.8666666666666667	0.8518518518518519	0.014814814814814836	orf_6ca9cf64cde691a187383cbff88d31c8f7cd8d7b872cf454e674a6861033f418
peptide_1015ff2fa888cebfb365500cc0ab8e73fbbf1ac9a892fa1436d4660a59c814cd	control_f99eb4a3a59ede70166edf022296887f95f5563bd22e30018708bb7a0c6e545c	1	135	1	135	135	0.8666666666666667	0.8148148148148148	0.05185185185185193	orf_0deca09dbf5c349eacf0cfd742bd5ab1268ceeff6ce374e4c8287970a95e9bd1
peptide_101700281cde078bee94b7382d6e603a4babf7b2c6c73ebf43d4a469d59c79f5	control_47ac6e6903ec920667a04a8352f5f97226bf9e90fb6186377eee8d60d7995775	1	134	1	134	134	0.05970149253731343	0.06716417910447761	-0.00746268656716418	orf_7f43a57def18f55edad53d332680f66684a44006c6209befed8d349e02e8aead
peptide_1148a09617eba2312e87a99c5e199bf30521982cb6c30cc7354ca5f31aa604ee	control_ad575211215a9e43399decd27d3a655c08d992a3cbc5b1519ca8fb8bba405429	560	786	40	266	227	0.0	0.0	0.0	orf_1f6052678f4847299544c3da7c1bc96efe75ce7d56372ac4b2ae9194d60664fc
peptide_1148a09617eba2312e87a99c5e199bf30521982cb6c30cc7354ca5f31aa604ee	control_dfbc380bd60aeb6bcd2be16cf19c99106bb3011733cc6282c53587205039a7d0	1	559	1	559	559	0.16279069767441862	0.16994633273703041	-0.007155635062611798	orf_1f6052678f4847299544c3da7c1bc96efe75ce7d56372ac4b2ae9194d60664fc
peptide_12745343cbe2431513f67f949df2911fade4cbdac322f7cdc173a482777cfec3	control_5e532fbf8beeffc0a02020faba0ccfbe71598503702ec44f973497d8423d5bcb	118	350	86	318	233	0.0	0.0	0.0	orf_43069a6539a44541c975fd804ecf90cdb3e63d21f3a0d1a020dfe9134b9272bc;orf_9dab475ef2c50a0e294973af7020ba0fe02ed4aad481b8db1084060d1697446a
peptide_12745343cbe2431513f67f949df2911fade4cbdac322f7cdc173a482777cfec3	control_8df942826d0b2fdc6a7c758c2eb0880482ec75875734f494c2285e150ede24c4	143	350	1	208	208	0.0	0.0	0.0	orf_13801033ba349fafe4a68354f8950830fb65806d7196ae48426cb4bf37b81a22;orf_e090f06ff3149a228b9e0c4fd07792f0dbf89a20d9b63f989977617a62dbe95b
peptide_12745343cbe2431513f67f949df2911fade4cbdac322f7cdc173a482777cfec3	control_948b835d1f3d5203e4fb78520b92edc150c3efeeecd9f65cb6960fa6569ed839	118	350	139	371	233	0.0	0.0	0.0	orf_9b1d65e950d9bbdb71df8b2226eefb7c1ecb413b28adb96a2a1b6264495ffdea;orf_d52d30f41174db415698bcf6fce0e60ac24e77c7559f5e2adf6b5ad0a2f13a59
peptide_12745343cbe2431513f67f949df2911fade4cbdac322f7cdc173a482777cfec3	control_e0da8d1d0549721fa830784ee580e6f15368ff339b5f046df2da998847ee702a	1	116	1	116	116	0.6120689655172413	1.0	-0.3879310344827587	orf_2eb79890d4fc272c669af304bd00f0559dde830c0eefcd5b8e8cd5b873fa336f;orf_9dab475ef2c50a0e294973af7020ba0fe02ed4aad481b8db1084060d1697446a;orf_d52d30f41174db415698bcf6fce0e60ac24e77c7559f5e2adf6b5ad0a2f13a59;orf_e090f06ff3149a228b9e0c4fd07792f0dbf89a20d9b63f989977617a62dbe95b
peptide_12745343cbe2431513f67f949df2911fade4cbdac322f7cdc173a482777cfec3	control_f146921d34acfee8ab93314f648e2dcfff2f33c1119447710c5ddd05f2d63c85	118	350	121	353	233	0.0	0.0	0.0	orf_2eb79890d4fc272c669af304bd00f0559dde830c0eefcd5b8e8cd5b873fa336f;orf_354ade88fcf022e44efdd1008453f6bf903b0eaa2fbd139c5867284a341134f1
peptide_12745343cbe2431513f67f949df2911fade4cbdac322f7cdc173a482777cfec3	control_fc42178270602d14d92e320214cafaaf3a6af33c459a2d73badc862110ea8a6d	1	116	1	116	116	0.6120689655172413	1.0	-0.3879310344827587	orf_13801033ba349fafe4a68354f8950830fb65806d7196ae48426cb4bf37b81a22;orf_354ade88fcf022e44efdd1008453f6bf903b0eaa2fbd139c5867284a341134f1;orf_43069a6539a44541c975fd804ecf90cdb3e63d21f3a0d1a020dfe9134b9272bc;orf_9b1d65e950d9bbdb71df8b2226eefb7c1ecb413b28adb96a2a1b6264495ffdea
peptide_128478dad5923df8e153bbe6c3fe22332eb265107b6c4204a02f16733a87a5f0	control_011cac683ab698f112355673dfc8960f01e3cc951a1f3efb1776fbc4775efd55	1	39	1	39	39	0.0	0.07692307692307693	-0.07692307692307693	orf_c4570ad7c4515e6f923529a3d7f96bb1970dfb2d6620dda371b866b519ee09c1
peptide_128478dad5923df8e153bbe6c3fe22332eb265107b6c4204a02f16733a87a5f0	control_6be63a813beda9a792ff295d937a8bddb1ed997ad9aafbfdc51e0b840c89b977	1	39	1	39	39	0.0	0.07692307692307693	-0.07692307692307693	orf_89391407fd29fca0cdeb985a1521341037b57e6eb218731e1ec6c4d648554f5a
peptide_128478dad5923df8e153bbe6c3fe22332eb265107b6c4204a02f16733a87a5f0	control_e41aa55ccb9c720f170fd5f7b3d37750b7d21e60964165f9dfa69c15c0d64d36	40	336	29	325	297	0.0	0.0	0.0	orf_204fe5037e036847aeb518aca17dc842c142c4daa265938e4e8c446dc93598f7;orf_2a55cb5ffa74fd9aedbff91aa998e4da67314ef3b15de195b5a400dda77350a7;orf_89391407fd29fca0cdeb985a1521341037b57e6eb218731e1ec6c4d648554f5a;orf_c4570ad7c4515e6f923529a3d7f96bb1970dfb2d6620dda371b866b519ee09c1;orf_e48e4b29788c0ce391c7f57f3ac9f8dccd8d713d6ab5f0671cb6ec5ca19fda1a
peptide_128478dad5923df8e153bbe6c3fe22332eb265107b6c4204a02f16733a87a5f0	control_ebb69716c14a6061ab5c81f9659dc98b0727f90cc1aed3918aa4f26e05d70efe	1	39	1	39	39	0.0	0.07692307692307693	-0.07692307692307693	orf_2a55cb5ffa74fd9aedbff91aa998e4da67314ef3b15de195b5a400dda77350a7
peptide_128478dad5923df8e153bbe6c3fe22332eb265107b6c4204a02f16733a87a5f0	control_f892fbf09494ce264bc5004260737cc3f04fa1e16e7af904563e16077848cef9	1	39	1	39	39	0.0	0.07692307692307693	-0.07692307692307693	orf_204fe5037e036847aeb518aca17dc842c142c4daa265938e4e8c446dc93598f7
peptide_139563c3790484e398f1558332258abd5f38773b4c9b8c7dd1d496f233efbed8	control_5467e9f1d042902c2a9c8045ae2249629eeb2de9c74bfc521fd1a5cdfad9ac4d	128	626	76	574	499	0.18236472945891782	0.1843687374749499	-0.002004008016032066	orf_82c8ed2c6664ef4551e297fcbcf4126e8b2a9269eb1a7b4398e8fa30572b7063
peptide_139563c3790484e398f1558332258abd5f38773b4c9b8c7dd1d496f233efbed8	control_a942c1bbfc874771cab8b39b8c35f4095c6ca003f72e7ca55da9ba4640e0b2b7	1	126	1	126	126	0.8333333333333334	0.7936507936507936	0.039682539682539764	orf_82c8ed2c6664ef4551e297fcbcf4126e8b2a9269eb1a7b4398e8fa30572b7063
peptide_141ec2db205027760299d6cfdf072036bb4e5b4e6bbd92c9460372e87321d3d2	control_4ad16ecc21c8b3cee4dd7e7b9758e962e83cd59172a2d449cc1c6fb8f300137b	1	708	1	708	708	0.2980225988700565	0.24152542372881355	0.056497175141242945	orf_6cfee3616f4c0ff16818b3be0885bca6ac47ba5ab2dea0e7132748b8a3cfd2c9
peptide_1485ea7abb5537105da28caa75dbafd079f07504c590ce733c6d66afe0f0e279	control_086fa607deb305525f71ed46e3a84fd9ba76d0834b3c0dd1a2f6806c5856dc0f	1	222	1	222	222	0.19369369369369369	0.13963963963963963	0.05405405405405406	orf_24f92059a4238114eba0397914312a9cff59c0b6fb7849c34fd81e69c8769f8e;orf_40993678a4af5496cb677575a27fdb8275f892c7f16bede086e8413ad0b52ebb;orf_8436865be5a5a9f16ad786e10d7a9797c3659998fcb4c1a19f15ab86ef71a16f
peptide_1485ea7abb5537105da28caa75dbafd079f07504c590ce733c6d66afe0f0e279	control_1a91ab23afa3aaddededca49a9a2f3b0b8253e9f1cc6afc7d6690a4adb8e1def	1	222	1	222	222	0.19369369369369369	0.13963963963963963	0.05405405405405406	orf_d764c8a72455290c75ba3402b60d197d6a097284c118ff44537d17a82cbba814;orf_df47c54d987815637f517337a076d642ba51d1bbb8ff2cd6e3bcf2ed8e51aa87;orf_f82b6855b29d579fdb84ae65baba98875f8e610508b12e09634d9a1bdaa2af69
peptide_1485ea7abb5537105da28caa75dbafd079f07504c590ce733c6d66afe0f0e279	control_b5d86040e914acbe7ed0b7847a1f4fd4678317ae053949beff0bf09f897d75ce	224	383	36	195	160	0.60625	0.40625	0.19999999999999996	orf_24f92059a4238114eba0397914312a9cff59c0b6fb7849c34fd81e69c8769f8e;orf_d764c8a72455290c75ba3402b60d197d6a097284c118ff44537d17a82cbba814
peptide_1485ea7abb5537105da28caa75dbafd079f07504c590ce733c6d66afe0f0e279	control_cb178105ce0239843cecc36a23fb1b3298d6618a410af7a88c1dddf98594e6c3	224	383	31	190	160	0.60625	0.08125	0.5249999999999999	orf_40993678a4af5496cb677575a27fdb8275f892c7f16bede086e8413ad0b52ebb;orf_f82b6855b29d579fdb84ae65baba98875f8e610508b12e09634d9a1bdaa2af69
peptide_1485ea7abb5537105da28caa75dbafd079f07504c590ce733c6d66afe0f0e279	control_ebd7b239f53fd31361f8e53679fd8c9aaa18417336b44aef177523749ecf2b7f	224	383	26	185	160	0.60625	0.08125	0.5249999999999999	orf_8436865be5a5a9f16ad786e10d7a9797c3659998fcb4c1a19f15ab86ef71a16f;orf_df47c54d987815637f517337a076d642ba51d1bbb8ff2cd6e3bcf2ed8e51aa87
peptide_17d111deb4d6dc3037080cfa51b4f13d1b3e22d45fa78ccc97a0cca4c2afed7e	control_9ad73883c261c3ece2520388a0df802a1b1e66e0bd289baf5f4b1cbd56b2e656	1	83	1	83	83	0.6385542168674698	0.7108433734939759	-0.07228915662650603	orf_0d70cce67e44e4489c7aa990bb5726c53d5b5adf33323a5adfe61f8d72116702;orf_74e992bb54560714bd8c24c91f2080f39b9a4b2fcb11d70d96839aeb4dfc3926
peptide_17d111deb4d6dc3037080cfa51b4f13d1b3e22d45fa78ccc97a0cca4c2afed7e	control_b2e900f8bd9204fe9ee8afecc83f1baa8d9b92ba6198ec455cb1ecef038a852c	1	83	1	83	83	0.6385542168674698	0.7108433734939759	-0.07228915662650603	orf_34a9f7bf58ae51ac820a412da3be7cbbf995f0f53aba46732c6994feed0bf0aa;orf_84aafc605a5b32eb71da0420b1412ca95aa35280bf3264ec017fe9b4ea60531a
peptide_17d111deb4d6dc3037080cfa51b4f13d1b3e22d45fa78ccc97a0cca4c2afed7e	control_cbb8a2e311546a40dde36381db35f3db150d1304d1f990af29d0a92f1c329568	1	83	1	83	83	0.6385542168674698	1.0	-0.3614457831325302	orf_75f15cb48bdf3827b27e65d45f960d32f7879a5cf25472cf902fa74fa0b73761;orf_aa70935af1d2ef32935929ca54ea20d64a52f6f9d0c729e5a457daee6b0d63ea
peptide_19394e5c359c5a82b8cb1bd0ed1fa1b68fb38f6139c5c1acdf5b19900a03299a	control_48db732bf13b377c21467adf0bac39d40975a33bbe2c63ded45016af2019c67c	1	35	1	35	35	0.0	0.0	0.0	orf_a569e9d3bd25cdb8642b8ae5f6e5bcb6af4dee35612a5eddff03aaf27fd947e1
peptide_19394e5c359c5a82b8cb1bd0ed1fa1b68fb38f6139c5c1acdf5b19900a03299a	control_bff4afb467049187088c69aef0012509b50b31a4645e8429b7ed5a557ff02713	1	35	1	35	35	0.0	0.0	0.0	orf_de247820cd00aa4d4b3e5f268d690dc8beb6d7bbd474ebf72b80d1ba6d6b6d18
peptide_1a7b2bbbbf30fea698c57990414166e3db473b4ecba590ce3231a6f36c80546f	control_a942c1bbfc874771cab8b39b8c35f4095c6ca003f72e7ca55da9ba4640e0b2b7	1	126	1	126	126	0.8492063492063492	0.7936507936507936	0.05555555555555558	orf_1e42b331164675dc0ce19a8fffcb723c9f5364b1f8c3b5a1839a68fb688f5d08
peptide_1d26632909793e9ef4868a1283d4ec88d8de6173f2567712b41a3547f09f15b9	control_83debbb19e812356307cad4611f6c44e9650480292f836523dcb652f8ff279b4	1	141	1	141	141	0.8297872340425532	0.7730496453900709	0.05673758865248224	orf_7ae3e4ce30281d3f2124a91a5c7b322200c5341019c5cb8e23a0042e27fb45cb;orf_b086ea36e0bbff21af17aa05ac5b85c7858607fbe7d6f163389de4a55fca4611;orf_ec367ab811c57fbe604ce98b54d04b280900bfef0a33e1a358b46bdd185930ba
peptide_1d26632909793e9ef4868a1283d4ec88d8de6173f2567712b41a3547f09f15b9	control_b5d86040e914acbe7ed0b7847a1f4fd4678317ae053949beff0bf09f897d75ce	143	302	36	195	160	0.49375	0.40625	0.08750000000000002	orf_b086ea36e0bbff21af17aa05ac5b85c7858607fbe7d6f163389de4a55fca4611
peptide_1d26632909793e9ef4868a1283d4ec88d8de6173f2567712b41a3547f09f15b9	control_cb178105ce0239843cecc36a23fb1b3298d6618a410af7a88c1dddf98594e6c3	143	302	31	190	160	0.49375	0.08125	0.41250000000000003	orf_ec367ab811c57fbe604ce98b54d04b280900bfef0a33e1a358b46bdd185930ba
peptide_1d26632909793e9ef4868a1283d4ec88d8de6173f2567712b41a3547f09f15b9	control_ebd7b239f53fd31361f8e53679fd8c9aaa18417336b44aef177523749ecf2b7f	143	302	26	185	160	0.49375	0.08125	0.41250000000000003	orf_7ae3e4ce30281d3f2124a91a5c7b322200c5341019c5cb8e23a0042e27fb45cb
peptide_1d96ab1139fd7e2a5d0d5c16c5db26c59fb1194ceaf2df73b61b5175196b3ef2	control_10561a1e579b5e6a2c50c7cf8644f4cd4092e95f3e23a04b1bfbf50869fb63d6	540	784	14	258	245	0.0	0.0	0.0	orf_34fcf64ea26a8095795ecc2da6b571d7ddcd5d006be4b753c2b4013d5e5844e8;orf_672e7b6258ac412fe5bbc9a781c7e1111fb7994d07ed795573b6945ebf8f6b01
peptide_1d96ab1139fd7e2a5d0d5c16c5db26c59fb1194ceaf2df73b61b5175196b3ef2	control_10f3813649580c2e31f2da5a2362c4746a0a6d76f7720be908bbe728279d596d	570	784	1	215	215	0.0	0.05581395348837209	-0.05581395348837209	orf_1b9309f177fba50740b66798c9c0712ac5d9f178590df1a2076c6d83f2bcf512;orf_f2edae85873112a390633cb81b80ec72547110779cd39287dbec7ef8f771dfbf
peptide_1d96ab1139fd7e2a5d0d5c16c5db26c59fb1194ceaf2df73b61b5175196b3ef2	control_e677c4b2f330208be69c475f2468675e3c36df613eff9be21c789f052beb5352	1	538	1	538	538	0.12267657992565056	0.12267657992565056	0.0	orf_672e7b6258ac412fe5bbc9a781c7e1111fb7994d07ed795573b6945ebf8f6b01;orf_f2edae85873112a390633cb81b80ec72547110779cd39287dbec7ef8f771dfbf
peptide_1d96ab1139fd7e2a5d0d5c16c5db26c59fb1194ceaf2df73b61b5175196b3ef2	control_f9da695952bf828db67c6dcef7577d8a7735e76250776c90a4474e496c8838bd	1	538	1	538	538	0.12267657992565056	0.120817843866171	0.0018587360594795599	orf_1b9309f177fba50740b66798c9c0712ac5d9f178590df1a2076c6d83f2bcf512;orf_34fcf64ea26a8095795ecc2da6b571d7ddcd5d006be4b753c2b4013d5e5844e8
peptide_1dc6aeda50a5e497a2f5951ecc5210d7d2e68c1a6ea22fa070ab227803ad98df	control_5a9ba170982b45f42b9c01ec27e4fda78248068e4a52150601218f3d50b7541c	20	274	326	580	255	0.0	0.0	0.0	orf_1c5293c39fc8a381b4f534c1906a90c7aee244ab46948ca91fccf4d92e6d0524
peptide_1dc6aeda50a5e497a2f5951ecc5210d7d2e68c1a6ea22fa070ab227803ad98df	control_625267851a43fa74e13368e599efa40e3949e5ed14538d0156835301db1ced31	20	274	268	522	255	0.0	0.0	0.0	orf_35b967ff8c5a833bf78e23545b8e042dc1c56981574f40c167cca91c50df5d9a;orf_435b528d0def3b30d3e7226deecd63dcf9332aedce68e7def9405d97dc40c10e
peptide_1e8bc65243a9facc8e4feddf58cbbe693b2477dfe7a89be4bd6f1930464904dc	control_e58abd7861cdedabbe958ec7f2dca05c3557af06629f569c82c623ed25a64306	1	62	1	62	62	0.16129032258064516	0.11290322580645161	0.04838709677419355	orf_13ddca2f1382dbb743b5d594a829c338c0f864a569bc63609037a11415649533;orf_1b4ccf6df695497ef67605fdd28db04770432f10fbac6ddb1499ab7654133b32;orf_2061de57c349c29f4aad9f226dd3900897b096eb6cf7869d5449e1b8ed2f286a;orf_73589651e47d322b163727a4f75aa37918549ba174fb6652b8fe72c28bec58cd
peptide_204ed537f56ceb775af18238d6211e9820a946ab60919dfc9088e0f6179859b9	control_df3086ad9e7da104b5f4cdeeb7c9a94319e78d28085696bf36838b414465cf0c	1	1135	1	1135	1135	0.12070484581497798	0.11894273127753303	0.0017621145374449448	orf_4b0dbcd3a4d30b1cb6f67fe5aa6b6ea96f4bb04d15a68df310489b951a3f16b1;orf_98a90186cc2006b5379e81490274327b63f76528f7f79cd7d3dec36920320bbd;orf_e8053fa7db18759af3c4f8232acaeac5b6970ae5580c71ec7bc5db14eb2731c6
peptide_2138b9068e3e0c4310d51e2c49d2938f8b195a4a67421c7713adf671057faa19	control_2aa1802cbc660554c02a966b9085ec43b80d2c77451cb798e15d6554c43be5da	1	34	1	34	34	0.6764705882352942	0.5588235294117647	0.11764705882352944	orf_cee8bba217702d1287f0794b1e6a52242665d13169573108a982c265c3aace7a
peptide_2138b9068e3e0c4310d51e2c49d2938f8b195a4a67421c7713adf671057faa19	control_ce4bccca991af9e6141c14e38777536c359b9a6c9d302e443bb74bebddb0f6cf	36	248	200	412	213	0.5305164319248826	0.5305164319248826	0.0	orf_cee8bba217702d1287f0794b1e6a52242665d13169573108a982c265c3aace7a
peptide_2168e44b24311d2038cfd2a0e4419b38462cc90c1ad4a8edab2a8f33656b2877	control_e8387f04534550c46088ee9eeda170df7da0d10a2f8b4f8600daff5877f4de6c	144	197	494	547	54	0.14814814814814814	0.9814814814814815	-0.8333333333333334	orf_92fc07dec9a4c58dce38916d1a47d3440dac83aee1ff4f8fdd2d2247aa10675d
peptide_2168e44b24311d2038cfd2a0e4419b38462cc90c1ad4a8edab2a8f33656b2877	control_f3d17f902bbb629c38eeaa5c11eec1a0ffec96fdc3955cc2c412414e803d4c8a	1	143	1	143	143	0.0979020979020979	0.0979020979020979	0.0	orf_92fc07dec9a4c58dce38916d1a47d3440dac83aee1ff4f8fdd2d2247aa10675d
peptide_27423e5ae634ee16faa22fbee9d7696e067cad37f9f43540e7126b62788f8fee	control_0aa9792e4e97a8890cb63329db82622ff333323a283ed43511ac91db0c4a42c6	1	61	1	61	61	0.09836065573770492	0.11475409836065574	-0.016393442622950824	orf_8ccb0d2859a79a631ea0aabd0c6906cbaf077fdcfd51d7b72f5ee5350b895d1d
peptide_27423e5ae634ee16faa22fbee9d7696e067cad37f9f43540e7126b62788f8fee	control_0b12844861aea32af6187a950713e82b4d381a3e2451cfe27eda4e5e58f72c96	1	61	1	61	61	0.09836065573770492	0.11475409836065574	-0.016393442622950824	orf_94afa47428945db8353443d12ab5c503dbb6f56915f40a01bc7ed5a28fa44db4
peptide_27423e5ae634ee16faa22fbee9d7696e067cad37f9f43540e7126b62788f8fee	control_10ce478100d2c9a73604e8f0be05ba39f5d5243bcb8c966a6ca58e42dd14c00a	1	61	1	61	61	0.09836065573770492	0.09836065573770492	0.0	orf_bd6dd06046389dcf23a54c8f02c0a970f6b400893b2911013de134fa87f48e47
peptide_27423e5ae634ee16faa22fbee9d7696e067cad37f9f43540e7126b62788f8fee	control_329dd37895ce139ad5ba6cdd1fed8088db713962640c85361b2ab28607684d7a	1	61	1	61	61	0.09836065573770492	0.09836065573770492	0.0	orf_ca5d26db92da54a97ae3506a5d310645ac22d28c25d8de98fe3ebe7a7d578057
peptide_27423e5ae634ee16faa22fbee9d7696e067cad37f9f43540e7126b62788f8fee	control_54326d7a84063f948792ac1403b6f9fdb8da045a55de77dc933b8a15b9cc1a9f	1	61	1	61	61	0.09836065573770492	0.09836065573770492	0.0	orf_e33dbc7c3e2c14720b20512da1a49cb7ce47af1e01043cd10bf97d1c710783f3
peptide_27423e5ae634ee16faa22fbee9d7696e067cad37f9f43540e7126b62788f8fee	control_5f59914d46e390d3dcd71e403767bc1d71b65a6d8b03f335f3d34e08ebbea39e	1	61	1	61	61	0.09836065573770492	0.08196721311475409	0.016393442622950824	orf_204a5536617457d2c0f9ffe8208dbe4ec1e62396adbb1c6bd663cded49571cb9
peptide_27423e5ae634ee16faa22fbee9d7696e067cad37f9f43540e7126b62788f8fee	control_7a62a94f5e7e5a97659efdb49e2113264d7b89c30d600ac050af2c6d88a8f00a	1	61	1	61	61	0.09836065573770492	0.09836065573770492	0.0	orf_d5e291a570ba998d867d26fa72302f9f1b8b2278867cdb80f00b4b9b22d93bac
peptide_27423e5ae634ee16faa22fbee9d7696e067cad37f9f43540e7126b62788f8fee	control_d4780b820e4ca23b28768e1e1d7a79f4836a1dc68284bd59084b2dbfdb1efd3f	1	61	1	61	61	0.09836065573770492	0.09836065573770492	0.0	orf_63d61e9b9d2cff3a1f14c24eb8205bc41b38ee8714090f895e28c67f12000a5e
peptide_279701eeae3508894ecda791240e0f757558d2bafab5b71e12e4d38b4e71b14b	control_a21d61e6261af3674500f92333cd7fa2ae03c22126085dbef6ceb2f2596e9a35	1	43	1	43	43	0.18604651162790697	0.20930232558139536	-0.023255813953488386	orf_582732d36f26eedec7223580218f9241d9b573b4466f8185e258facd7e888a5c
peptide_289703e36f5869975fcc5af1cbd06c1f72a4d2a842df9afb9026fb0767317782	control_05b3a7684b1f3ae50ccef172b8f09f9d5ff92206a5ada0db05750bfc827eb1db	254	532	176	454	279	0.5125448028673835	0.5412186379928315	-0.028673835125448077	orf_36db398d345d8fb6ea2355fd613e69c11f69b54192d05c811fc059cd33dc7ae8;orf_d233cf0150070d90261d46d73c03320a362d5b4d36d25c9afc6d37d26d8180d4
peptide_289703e36f5869975fcc5af1cbd06c1f72a4d2a842df9afb9026fb0767317782	control_7130abe33d37e16dc9b5848774b5211d48455311ca2b237ac6ca79700a6094a1	1	253	1	253	253	0.24110671936758893	0.23715415019762845	0.003952569169960479	orf_36db398d345d8fb6ea2355fd613e69c11f69b54192d05c811fc059cd33dc7ae8;orf_d233cf0150070d90261d46d73c03320a362d5b4d36d25c9afc6d37d26d8180d4
peptide_29ea5ee0680ecd1f94f1277f5409186d94102586e1ff61dc723a33f27a95836b	control_7983abab3d1df816042b3a9d1fb20c789e09726b165264803d1e71e7091d111b	27	206	22	201	180	0.0	0.0	0.0	orf_6191b0c6a673ef4e480a072c9fcb0dc835df0e8808f074b422f58ccc0fcb0111;orf_d73e8c70d0d8fc6a0b0f6336309ebc99d0b28a9570f4a85c911bd7f5930a6aa7
peptide_2add87360b59c5d05baa755fdce15eb60d338d20384a37357db0bbe326096009	control_8be670cb97f2bb339e966a0b44f60cb57ccc3d65e57990d25e19545df944c8e1	25	421	89	485	397	0.49370277078085645	0.49622166246851385	-0.0025188916876573986	orf_189cd457fef3234253689d60f9a965d60d2e22f644e17cdd95ce43954b433d17;orf_4d2e4e0d451507061c23c7f15165163f946d43735ced8332ef563cbf1269fa9f;orf_d110308455b8e3200b2dbfd0ec7533cc1a75bc936bd520d28ea8c91bf921c98a
peptide_2b51f821f3f63a41e62b73e95a3994fa13f9f527ec1942f80ca2dd456355c2b6	control_e95b32d5a4ebdd87d6988bb212828f0fb71027b4261b98ea46d643359e8e6dd0	13	105	259	351	93	0.3118279569892473	0.3225806451612903	-0.010752688172043001	orf_e87e7e49934f6bd5261fb74d21cd27e864c5b65b734cfce840cecc0cdc53dbb9
peptide_2b51f821f3f63a41e62b73e95a3994fa13f9f527ec1942f80ca2dd456355c2b6	control_f828f0683b5d80a7349b41671618e53a91dfc92bfa2cc207c41c91b2f0c35abb	13	105	266	358	93	0.3118279569892473	0.3225806451612903	-0.010752688172043001	orf_8ed124d91d0eb45b2bf57f01721c04646f209c66df41830fbfba517c13271493
peptide_2b6307a928c00d74e5da0a64ec3c8c19333fa31e0ec9ff5b1f553c414751a1eb	control_40ddf036dbc509b52f45101c1400c7b6edb2fcefac6fc394009b15b0c29eecaf	113	299	8	194	187	0.5133689839572193	0.6203208556149733	-0.106951871657754	orf_37f2c26513d1d0fadc72201b3b1d1497957d954fc035dc5942ffa77ec036f7e1;orf_d54d67d31b55e84ffa1613b498411bed0997da931dfedbd118d8b51cba56167b
peptide_2b6307a928c00d74e5da0a64ec3c8c19333fa31e0ec9ff5b1f553c414751a1eb	control_9223c320e908a1aa185b1d7bd83c86fef147d53461e8c7908368e2eef2a1b706	1	111	1	111	111	0.5495495495495496	0.5855855855855856	-0.036036036036036	orf_d54d67d31b55e84ffa1613b498411bed0997da931dfedbd118d8b51cba56167b
peptide_2b6307a928c00d74e5da0a64ec3c8c19333fa31e0ec9ff5b1f553c414751a1eb	control_b0c9eb5de887fbddd837b7cb02ba340ec94a8814ece8121f2791590c21b4465f	1	111	1	111	111	0.5495495495495496	0.5855855855855856	-0.036036036036036	orf_37f2c26513d1d0fadc72201b3b1d1497957d954fc035dc5942ffa77ec036f7e1
peptide_2b725ec6513d4fe033761938b5b7e38cdb2776f273712a72de67a893499a6121	control_05eadf9ea9ebf30e3c8425ae0dae43789a328c062860a8db3c5b1193443c57b1	1	116	1	116	116	0.603448275862069	0.7672413793103449	-0.1637931034482759	orf_cfaf0ffd1f1a7c2da8ce11c2a4a129d2a6f029a4dbeac193ac8f41cab8858d69
peptide_2b725ec6513d4fe033761938b5b7e38cdb2776f273712a72de67a893499a6121	control_4bc2ac33ac363b77d6b8f5edf39d55b9711c4850301c22127b337e7cb800d4ef	1	116	1	116	116	0.603448275862069	0.7155172413793104	-0.11206896551724144	orf_415c54b54c315bcc88f3adf5aee91320eef8e5be6b473bfdd499e809d1787bab
peptide_2b725ec6513d4fe033761938b5b7e38cdb2776f273712a72de67a893499a6121	control_7202fe6019fcfeff791c4452101747ebf85d45311402753112c7371b2a0155b1	1	116	1	116	116	0.603448275862069	0.6637931034482759	-0.06034482758620696	orf_5587d5f12e42b7534fdc59d06b97b95546bea324d27c2610227707a78a3c111c
peptide_2b725ec6513d4fe033761938b5b7e38cdb2776f273712a72de67a893499a6121	control_919ddaf7b3c2f5e3d819ea19bb18605d0b7dd4933328f18412967b1cac340f44	1	116	1	116	116	0.603448275862069	0.7155172413793104	-0.11206896551724144	orf_b8215ffa720f911295f4b50ddc156ad75538fb9a7d4de6fb40a16e37113eb6db
peptide_2b725ec6513d4fe033761938b5b7e38cdb2776f273712a72de67a893499a6121	control_931bbab1eee82c4cbd8a16e6326b38e80807af880644e30948ca0784126f5fb5	118	313	17	212	196	0.15306122448979592	0.1326530612244898	0.020408163265306117	orf_415c54b54c315bcc88f3adf5aee91320eef8e5be6b473bfdd499e809d1787bab;orf_5587d5f12e42b7534fdc59d06b97b95546bea324d27c2610227707a78a3c111c;orf_92c42901b2f4ceab16e3a32eb517a9dfa92bc50afcc19885978ea017967951f0;orf_b8215ffa720f911295f4b50ddc156ad75538fb9a7d4de6fb40a16e37113eb6db;orf_cfaf0ffd1f1a7c2da8ce11c2a4a129d2a6f029a4dbeac193ac8f41cab8858d69;orf_fd5ac340ac1929112c6eb62bec6044ae83d3dd43b92e7b6bfe6a0d298288c8f4
peptide_2b725ec6513d4fe033761938b5b7e38cdb2776f273712a72de67a893499a6121	control_c281fbcfa73641e46be5b0c9d10d3da4c8653005b87b566455060c9f29f05b13	1	116	1	116	116	0.603448275862069	0.7672413793103449	-0.1637931034482759	orf_92c42901b2f4ceab16e3a32eb517a9dfa92bc50afcc19885978ea017967951f0
peptide_2b725ec6513d4fe033761938b5b7e38cdb2776f273712a72de67a893499a6121	control_f9b95e3a0c9505f29e6db01f348996fa0b647f1d6a52f1e83cbe5c5cfbac6a5b	1	116	1	116	116	0.603448275862069	0.7155172413793104	-0.11206896551724144	orf_fd5ac340ac1929112c6eb62bec6044ae83d3dd43b92e7b6bfe6a0d298288c8f4
peptide_2c1cb44a742642c7499d1d08f06ecb23a8a9624b374d98d67c1abe41c80dad9f	control_031ca417fea4797cad76481845bc3481455b01685aa212415f7909d9f30327dc	254	535	176	457	282	0.5141843971631206	0.5460992907801419	-0.03191489361702127	orf_2018a7bc57bedb2f237fb20e1db8bf9e4af80a520df7baa7f74b649cf65131a4;orf_2db2a40b8714f0a4c5e5662cc287b815f10c750376f6dd75a67bef6a4d5984f8
peptide_2c1cb44a742642c7499d1d08f06ecb23a8a9624b374d98d67c1abe41c80dad9f	control_7130abe33d37e16dc9b5848774b5211d48455311ca2b237ac6ca79700a6094a1	1	253	1	253	253	0.24110671936758893	0.23715415019762845	0.003952569169960479	orf_2018a7bc57bedb2f237fb20e1db8bf9e4af80a520df7baa7f74b649cf65131a4;orf_2db2a40b8714f0a4c5e5662cc287b815f10c750376f6dd75a67bef6a4d5984f8
peptide_2f48fe9d24692c4c2f3fdc9e40a42a86d295d828cc45bb4e18a09e986843283f	control_1084bdd9d4ef0beda3e209b07d4b3141e26469f5e15e93b28d521e00d2e73f79	256	285	227	256	30	0.0	0.0	0.0	orf_0b645b4aad7f79cdb4016da11c5075b2412bb393340c20535004714a3cda35cb
peptide_2f48fe9d24692c4c2f3fdc9e40a42a86d295d828cc45bb4e18a09e986843283f	control_52a5cecd0e201469223d5fca3dff5a8f5b28533847b0fc898cdd743cbabefa19	256	285	224	253	30	0.0	0.0	0.0	orf_062c8536836df20af219cb8b5e9acf70930c7fede1cc8ccaf2f4fbd38948fa79
peptide_2f48fe9d24692c4c2f3fdc9e40a42a86d295d828cc45bb4e18a09e986843283f	control_d0e5b3dc2a7b39cb156389ba245d27f2aa8ebb379b58db29e9f9e19bd0ab79de	1	255	1	255	255	0.14901960784313725	0.16862745098039217	-0.019607843137254916	orf_062c8536836df20af219cb8b5e9acf70930c7fede1cc8ccaf2f4fbd38948fa79;orf_0b645b4aad7f79cdb4016da11c5075b2412bb393340c20535004714a3cda35cb;orf_ddacbb913b3a9b1ee133a4eb6a0e9a5069a88f81749b8729e76529c52716ae03
peptide_2f5ccec75975e3c6f577920bce8d2353c43c2083ced5a445cd4306874aa49f96	control_dbc8fa69612a7113a91712b04235153f76cd58baa8b2d6377ec825ee3f1c61e3	1	41	1	41	41	0.0	0.0	0.0	orf_58ea285c7263c342287ea61733b0777f81c58bf5d796df1cb5072b636e8b65d5;orf_d997340860df1fa0c8d4076ccb52c6a4c7da56b0cc31061feb4c5931b73b5c46;orf_fd69839cf533d356c5cb9ec26a0d09010aeaa70db6c934cab581f8d9d973d916
peptide_2fa08b3f456b35b634ae9dec88e1161e05e4063bbe185c89f98466c5b35a86b8	control_58794f5a2029d63653cad2307fcc27858e5599e67afb5a7cbc1cf592ab053f7b	27	357	244	574	331	0.03625377643504532	0.04229607250755287	-0.006042296072507551	orf_5331831b7a2881e287a40bb37dfd10101364c67f3fd1231133646554041f7130;orf_b447317e2c56eb078ab27d6afa6a9e8abdd3691bcfa289b96d151b1a9cedb652;orf_fbbf550d4c0e3d0286db2ad2a171043e5577ffae6c37a120c54921356096c9a0
peptide_2fa08b3f456b35b634ae9dec88e1161e05e4063bbe185c89f98466c5b35a86b8	control_9fc47bf66e2e3018e350b8ee5663992a54099a5853667638c0385531fde0acf8	27	357	244	574	331	0.03625377643504532	0.04229607250755287	-0.006042296072507551	orf_107b8f6f1dd59b2cfa0aae727faa14f7db0c064152eccabe43a742cbd6a4a89a;orf_6033b6efb7af2725d9175017237b7e20cc27b9934d6a5b14aae682082fe57795;orf_ea4c06caaa102028add1724e8752027151ac978bab58c287a16a9399820367d6
peptide_2fd568c243ae5fc146a0c3231fbaef7e40cf01dbf9a2cc5cea6ca2f10c9a8f54	control_29f3a53988a81586d7a66311333cc8c58581b053207c8f0f45d372ff2158c188	117	399	285	567	283	1.0	1.0	0.0	orf_745e13095101e29c877072c1479e907ca6d98654e1563fe36fa46914def6a1a5;orf_92f9672c81ba0eb92441c40c56e1f16e61af25ea6dc594790a9bc3843a374230;orf_a5a4d9669b379d18f26442b9f9f1efe67877ca5b19d9ada8ee6c01f8d3651ec4;orf_e51ad483566291b1d3807e12cd3cb5fa2db9e6f4b314df6208bd885563031334
peptide_2fd568c243ae5fc146a0c3231fbaef7e40cf01dbf9a2cc5cea6ca2f10c9a8f54	control_7cefaace50c8815fa5f20f16bd08fbcd7000a184c4f0462451789a0f597fd93a	1	115	1	115	115	1.0	1.0	0.0	orf_745e13095101e29c877072c1479e907ca6d98654e1563fe36fa46914def6a1a5
peptide_2fd568c243ae5fc146a0c3231fbaef7e40cf01dbf9a2cc5cea6ca2f10c9a8f54	control_aa332563395735725298c8e0f34395ac3fa22970d4b1a7a4790998c3442fd005	1	115	1	115	115	1.0	1.0	0.0	orf_92f9672c81ba0eb92441c40c56e1f16e61af25ea6dc594790a9bc3843a374230;orf_a5a4d9669b379d18f26442b9f9f1efe67877ca5b19d9ada8ee6c01f8d3651ec4;orf_e51ad483566291b1d3807e12cd3cb5fa2db9e6f4b314df6208bd885563031334
peptide_30789ddbca07e50737e87ef7ab2775266174c325dbac710715479d3a2f30a194	control_a591c319b6588f758bddd3dcb5ce12dde1d1f663bc2b985a92ac255e2c5a9c45	1	130	1	130	130	0.0	0.0	0.0	orf_00a300746895baee21205255b86f79b4950f585c3792ae4502960e826cdbee4c
peptide_319de57327db46169c574e3e03d766160c11791eed0bff2de59bef5570b97a97	control_569b3df1f5ad13931d027202e0aa1b07798cdfbedecadfc82c0070bdd66d8299	156	355	112	311	200	0.0	0.0	0.0	orf_7e3e3530b1d8bc56f168a7577e165a22f5a0ceaa00c9b16e3d3cf56ef6d2b216
peptide_32888589dc5b12cf0be003a11e192edadf3264e7da04a8823f1a9499eb3f68a0	control_90723a202b23156d12af3d1dbd1d8b913ed1cbf81c178ccfc4eccbf205b37354	1	519	1	519	519	0.0789980732177264	0.07129094412331406	0.007707129094412332	orf_d2372f6351e83d60033fcf0ddffb8665326d71e87726af218f5d5a3945b592c6;orf_d584faa30b3047ab6d8a39baedf6e8da4aaeb331be73ea4dbd77e651b18ecc09;orf_f400212ea137cfad597719b1e1ed89c0b0c9d5f568f58473767e115dc75f08be
peptide_32888589dc5b12cf0be003a11e192edadf3264e7da04a8823f1a9499eb3f68a0	control_909ffa3f7249c7373fb5d1aef31563f75225f95ea4d242beee6cb5ef6ecbdf83	520	595	731	806	76	0.9605263157894737	0.8947368421052632	0.06578947368421051	orf_d2372f6351e83d60033fcf0ddffb8665326d71e87726af218f5d5a3945b592c6;orf_d584faa30b3047ab6d8a39baedf6e8da4aaeb331be73ea4dbd77e651b18ecc09;orf_f400212ea137cfad597719b1e1ed89c0b0c9d5f568f58473767e115dc75f08be
peptide_3330637c06dd88a8e1161a3b66396a58fa97dad6e8626bde1493ffe2d727812b	control_cacabfc519ce52e6d2ce34decfc858636000ea3da89583c0de3e7452f7d12bb7	1	184	1	184	184	1.0	1.0	0.0	orf_c42b6392e33e438f5080d0913a03a7fad7278b281392ab43dfea6b67c7af5183
peptide_33e439fffd21f0bb37f62999726d0ef310cba0c1c7da99974a3c8dde432ecde0	control_1a91f17eba627fa6390451bd11f15c4e84f6c50e606ecc1e7576edfd13d8cbd3	1	145	1	145	145	0.0896551724137931	0.1103448275862069	-0.020689655172413793	orf_c102d1387c837f21ffd6cedc80334eba1759f486c9a9044d87fa53dd9c154566
peptide_33e439fffd21f0bb37f62999726d0ef310cba0c1c7da99974a3c8dde432ecde0	control_e8387f04534550c46088ee9eeda170df7da0d10a2f8b4f8600daff5877f4de6c	146	199	494	547	54	0.14814814814814814	0.9814814814814815	-0.8333333333333334	orf_c102d1387c837f21ffd6cedc80334eba1759f486c9a9044d87fa53dd9c154566
peptide_344139caecbb91ebedc38d31dc6d21ae9491f43c900a54be6d396baf9e5553ff	control_52adc381994a88cae78278781d7155001ae6648641f86d8378bb756e94d5e378	118	251	121	254	134	0.0	0.0	0.0	orf_1e7efb0508d395466d0f6dc5917d55e3edb13ba8714adcaf58357248a727098e;orf_cebc31c68836cc9e0444baf15b45077c115500f8e79e0191dde3f4c8fa4f35bd
peptide_344139caecbb91ebedc38d31dc6d21ae9491f43c900a54be6d396baf9e5553ff	control_e0da8d1d0549721fa830784ee580e6f15368ff339b5f046df2da998847ee702a	1	116	1	116	116	0.6120689655172413	1.0	-0.3879310344827587	orf_cebc31c68836cc9e0444baf15b45077c115500f8e79e0191dde3f4c8fa4f35bd
peptide_344139caecbb91ebedc38d31dc6d21ae9491f43c900a54be6d396baf9e5553ff	control_fc42178270602d14d92e320214cafaaf3a6af33c459a2d73badc862110ea8a6d	1	116	1	116	116	0.6120689655172413	1.0	-0.3879310344827587	orf_1e7efb0508d395466d0f6dc5917d55e3edb13ba8714adcaf58357248a727098e
peptide_37ced88ed5be8c8a074c1ff82f0875d9fae0fade8abab4cb6efe0f2fcbb73097	control_9a7ffcd32073103f60b4e6a3fe9fc3e3b45b8fcec0350bf845b5293218c01483	39	377	1	339	339	0.0	0.0	0.0	orf_1923b0fa6a2ab57ccb80947f8955340896257ed7ebe3d4c79035fe16fcb36192;orf_7bd268c620679fe18793e33067f55aec9681c2b2cea44e06a2e08a93ed7de6df;orf_de73eaa968730185da95193fbd6420141c9b17b36fff1130a430f1d1dff047e7;orf_f287c07290abab4967cd9375ccbd7e5ac4c79b8f6908b459aa065b3d36b76b10
peptide_37ced88ed5be8c8a074c1ff82f0875d9fae0fade8abab4cb6efe0f2fcbb73097	control_9f1142b8bafa4a8bef03259600d022d50287e2630b579fe3f85e19385d5a20d8	1	32	1	32	32	0.21875	0.4375	-0.21875	orf_1923b0fa6a2ab57ccb80947f8955340896257ed7ebe3d4c79035fe16fcb36192
peptide_37ced88ed5be8c8a074c1ff82f0875d9fae0fade8abab4cb6efe0f2fcbb73097	control_a623ff4212e781902b856591666298cb87004d1ec042f3bbc8ddaa94ad8f82fa	1	32	1	32	32	0.21875	0.3125	-0.09375	orf_7bd268c620679fe18793e33067f55aec9681c2b2cea44e06a2e08a93ed7de6df
peptide_37ced88ed5be8c8a074c1ff82f0875d9fae0fade8abab4cb6efe0f2fcbb73097	control_df33140ce534a81fc48b30c5ac8ac5c59264fedfdb3164ca7f4e844519a602d4	1	32	1	32	32	0.21875	1.0	-0.78125	orf_de73eaa968730185da95193fbd6420141c9b17b36fff1130a430f1d1dff047e7
peptide_37ced88ed5be8c8a074c1ff82f0875d9fae0fade8abab4cb6efe0f2fcbb73097	control_e55cce65d17d017a02f04df43e5c79cc75945d3d64cf897493e529e4ee6ec96b	1	32	1	32	32	0.21875	0.34375	-0.125	orf_f287c07290abab4967cd9375ccbd7e5ac4c79b8f6908b459aa065b3d36b76b10
peptide_3868fed335582b3a056d423efc2dbae9dfa7c7350d3572a0f67798065f307d53	control_df9e651b7156884ff2f7f32e9413843e08d2253f813aea43ba95f3ecafbb2de7	1	88	1	88	88	0.4659090909090909	0.5227272727272727	-0.05681818181818182	orf_0a0283b8715637f37b2f55925838772d9ce242e7a0d71b267d1678e7efeb41eb;orf_77b4e354541dda504056c412e04a1201dd33fb93265f1c6a473b3d69fcd3db5d;orf_9b8e339dbe3b82d77e6ebf7d6a157583217c4729f12beda999ce8e68ae3e3c70;orf_a4ae9019fa2f5837e989f97d2721ca843958433d17adb50f30099add7c017c86
peptide_39c80d227d1b6b4e946adce4be85cef588e0b03a059216ffe8e45cd70776a3f8	control_a21d61e6261af3674500f92333cd7fa2ae03c22126085dbef6ceb2f2596e9a35	1	43	1	43	43	0.20930232558139536	0.20930232558139536	0.0	orf_fee0e726e214769ee7c18d396f5396a91d7c87a209b716e6953348f79c507f0f
peptide_3eea41dc2191758bba2af58f9efccf8e359349d6a85ff027e916d63e125531f4	control_59f3187a933c6f544e5dae5c3a8003b5441eea8a0c323c0fb3d8e8ec7ebed370	214	488	145	419	275	0.05818181818181818	0.06181818181818182	-0.003636363636363639	orf_25dbf392eaa5c84df209506657052ff4ac3bb720aa73997ac62f255210e03352;orf_2bc5cf702376f3c36e6dd758ea9678c3b7f84a6b62d486aafdf36dadcce033ec;orf_60c18bcf42f68f4f4c117d59f7877fb16b76592d8f9f85df997e4a324e6fa0a7
peptide_3eea41dc2191758bba2af58f9efccf8e359349d6a85ff027e916d63e125531f4	control_76f4cb4c2952b816df6ee32d1d82107e7beb46065f64b02ebb590dc83fb204c4	1	213	1	213	213	0.10328638497652583	0.056338028169014086	0.04694835680751174	orf_25dbf392eaa5c84df209506657052ff4ac3bb720aa73997ac62f255210e03352;orf_2bc5cf702376f3c36e6dd758ea9678c3b7f84a6b62d486aafdf36dadcce033ec;orf_60c18bcf42f68f4f4c117d59f7877fb16b76592d8f9f85df997e4a324e6fa0a7;orf_78cd9572b3088abb10da2e4c1ea5a6452daa006e829afa225ff6a82e9f07270f;orf_9a84a32ccbb5f62c254f662411ad245beb0659ceacf60aa01bde17be70a0a751;orf_ab921d28d6758aa53505625eff643eaffca12d55cbb0f207779404ed4a32e4b2;orf_db90fce85aa2d85ef5b78f16e5c64c6434db0145b4f06dcabd08dce7e964ee06;orf_e4628c5a35d9d37e73b9c178773fff177ff5ca0d86e879edd06504620cbce9d5;orf_f9bbeeeb49f73dc8af9cdcd68564c54536f5567f0e063ecb21036e8d1c14cdcb
peptide_3eea41dc2191758bba2af58f9efccf8e359349d6a85ff027e916d63e125531f4	control_cca55e69baa29342dd2ed300569f0380855c6e2f3edfc90359f7f9bc084418a5	214	488	156	430	275	0.05818181818181818	0.06181818181818182	-0.003636363636363639	orf_78cd9572b3088abb10da2e4c1ea5a6452daa006e829afa225ff6a82e9f07270f;orf_ab921d28d6758aa53505625eff643eaffca12d55cbb0f207779404ed4a32e4b2;orf_f9bbeeeb49f73dc8af9cdcd68564c54536f5567f0e063ecb21036e8d1c14cdcb
peptide_3eea41dc2191758bba2af58f9efccf8e359349d6a85ff027e916d63e125531f4	control_f221b19748dc8d17c4ebdd2f1b57148abbfac1dbd9cf5e206e872e9ada709ed3	214	488	142	416	275	0.05818181818181818	0.06181818181818182	-0.003636363636363639	orf_9a84a32ccbb5f62c254f662411ad245beb0659ceacf60aa01bde17be70a0a751;orf_db90fce85aa2d85ef5b78f16e5c64c6434db0145b4f06dcabd08dce7e964ee06;orf_e4628c5a35d9d37e73b9c178773fff177ff5ca0d86e879edd06504620cbce9d5
peptide_3efb26690c36c414062c23d0c47a34fbb57d8f10f8edf672769c2cddb8218cfa	control_4b0c47d86d5fab62aef0a1f20effce3e75e2a1e6d704ce59ee3a071041147e0c	1	197	1	197	197	0.22842639593908629	0.22842639593908629	0.0	orf_9142525481a1cd0db1d7e7bc59022a9bd3097ee1b1bcb8d2f2ac1b4bee0456b4
peptide_3efb26690c36c414062c23d0c47a34fbb57d8f10f8edf672769c2cddb8218cfa	control_ddbeab8c698a5f20d72600fae0769f4a0c03b94ba4303ac65a1220a5de3f2f60	1	197	1	197	197	0.22842639593908629	0.39593908629441626	-0.16751269035532998	orf_8a25ad481d777bd7289d2bc54188e6644f5c9bdc76f66d537cebf18dc90d2a26;orf_f8f8a7976634ab0b48ca9ea49a1851ca55c0dc6137c6fba102570476acd97597
peptide_3fe112080cd703f5864a72a00c8693231209bfbbe44887998c4bb81b1ea3b440	control_7cefaace50c8815fa5f20f16bd08fbcd7000a184c4f0462451789a0f597fd93a	1	115	1	115	115	1.0	1.0	0.0	orf_447c67aa9def82c4f6367dee42d61cc228f91c32786aa185f6751413345f27e9
peptide_3fe112080cd703f5864a72a00c8693231209bfbbe44887998c4bb81b1ea3b440	control_aa332563395735725298c8e0f34395ac3fa22970d4b1a7a4790998c3442fd005	1	115	1	115	115	1.0	1.0	0.0	orf_17cf01ec5656b9d9b105297986ff4ed3a764f6085e9a4b2609c1b7e45a29b919;orf_d42aab33934622a06e40afaa3f8c4ed6a25b1ca892ec428f54a161cd260fa0c3;orf_f25d96e6ae450d4831bd6f466edee8c41a07f05bbf4eeed9c5b8df5a5fcc99b4
peptide_433070179775f2a51f11608ee7cdba082ebe9d602b558890f9ff511c537698ac	control_b96b094df28c124b911629991c20eb1d0e4f183c01d4292fb1f50408a2e06531	325	399	415	489	75	0.0	0.0	0.0	orf_615a3cbea9c444fa85b9d849ac9bdcbaee1bca9303912125cb99333f2ec6979c
peptide_433070179775f2a51f11608ee7cdba082ebe9d602b558890f9ff511c537698ac	control_c421e2dda81d7de94d95af0b799c96433df17155973ce4056a688c4e62d7fd1a	1	323	1	323	323	0.2043343653250774	0.20743034055727555	-0.0030959752321981504	orf_615a3cbea9c444fa85b9d849ac9bdcbaee1bca9303912125cb99333f2ec6979c
peptide_47fc51d8b4ad674a009f9c5742c21b1c917e7576d90c01ef9e0e2dd1d906f9de	control_0ea64241734af371d362441e9d423626e5af99edd5983d323c3c95e398a7d96f	36	108	200	272	73	0.0	0.0	0.0	orf_4dc6ad0b430643e1bc21bc967055555ce6e53c688d75e9f0f7e597a24bbd9c8c
peptide_47fc51d8b4ad674a009f9c5742c21b1c917e7576d90c01ef9e0e2dd1d906f9de	control_2aa1802cbc660554c02a966b9085ec43b80d2c77451cb798e15d6554c43be5da	1	34	1	34	34	0.6764705882352942	0.5588235294117647	0.11764705882352944	orf_4dc6ad0b430643e1bc21bc967055555ce6e53c688d75e9f0f7e597a24bbd9c8c
peptide_4b2f98c509cb29c5b53a91dc288beb0f4663e51e40260899718df2cb4b118fbb	control_a21d61e6261af3674500f92333cd7fa2ae03c22126085dbef6ceb2f2596e9a35	1	43	1	43	43	0.20930232558139536	0.20930232558139536	0.0	orf_d083151a70f05b6994d4012ac7b21b4e2ef6a89f1c86fa88ba64c99b2e17c57b
peptide_4d18fa70af645e46d15fe314ebcce1c4a4d97a8f5efb301e857bc9e15fa34010	control_c1d4eff5d1ede542260fe91111b1ac3522e8ea3d0af067ba7fd648d6736a2f78	1	87	1	87	87	0.022988505747126436	0.0	0.022988505747126436	orf_512ad5a6d80727abc49ce5f2d1ab6c7e08c0d8370abd51b6787dea640d609cf1
peptide_4d18fa70af645e46d15fe314ebcce1c4a4d97a8f5efb301e857bc9e15fa34010	control_e4f4c2b8bc5c37a9e12c75392e17bb9d2c27ab3d000a83e487871de6e3663647	1	87	1	87	87	0.022988505747126436	0.0	0.022988505747126436	orf_5672950dc1f4c883211ae8ca36d4ffb7a0528bd9be1212d7c4024c56aae20eb8
peptide_4d1e29a48689d0211f48794e07c63a0323e19504cc539691619c0ba0dc364723	control_1084bdd9d4ef0beda3e209b07d4b3141e26469f5e15e93b28d521e00d2e73f79	259	288	227	256	30	0.0	0.0	0.0	orf_1b1661ae989e9d5a1693fceaeeebbaff694729f9b5df6ed1f892d0ca18803a2c;orf_44f840a1bc045fa317d217ab542c03f373d11a41ae798aa6f4b799777b8b42b2;orf_5d6f10b20b434556b4a7f5c25d61df3d87a2242637ba8e7298ceb9f1c1c4e96f
peptide_4d1e29a48689d0211f48794e07c63a0323e19504cc539691619c0ba0dc364723	control_3cbf613222512dfcddc3bc01387fab8a24868c90ab7287efaec3d3b83dc100a1	1	258	1	258	258	0.09302325581395349	0.12403100775193798	-0.031007751937984496	orf_1b1661ae989e9d5a1693fceaeeebbaff694729f9b5df6ed1f892d0ca18803a2c;orf_1c893bb65d6ea6ed202e8367c9ca402813fdea7dfdeacecf156f35d094a86fab;orf_411b7f70372cdbd78d806761dcdd30f147f33c277bf61a1f9ed93b33d0e13b2c
peptide_4d1e29a48689d0211f48794e07c63a0323e19504cc539691619c0ba0dc364723	control_52a5cecd0e201469223d5fca3dff5a8f5b28533847b0fc898cdd743cbabefa19	259	288	224	253	30	0.0	0.0	0.0	orf_411b7f70372cdbd78d806761dcdd30f147f33c277bf61a1f9ed93b33d0e13b2c;orf_63fd81124e3d6f38257763277626122e4f26e92d34035402f4126db8a60ca16e;orf_eb5515e16adad0afdcefafaf39ec44c9cd6573b44543550825fda7cb4ae2fcb3
peptide_4d1e29a48689d0211f48794e07c63a0323e19504cc539691619c0ba0dc364723	control_ca2597595c9c912ba1f2edaa809d8f3523b11baeef07ec2fcbb3d502287c3331	1	258	1	258	258	0.09302325581395349	0.12403100775193798	-0.031007751937984496	orf_5d6f10b20b434556b4a7f5c25d61df3d87a2242637ba8e7298ceb9f1c1c4e96f;orf_63fd81124e3d6f38257763277626122e4f26e92d34035402f4126db8a60ca16e;orf_e1cf9f35b357b4e8c98f07ff4bbae1816b8e3d2c81910e15759509319c497688
peptide_4d1e29a48689d0211f48794e07c63a0323e19504cc539691619c0ba0dc364723	control_d447e9e05078192c084e5e4752ac45564c05c7ed94ce7023009be498bd09ac7e	1	258	1	258	258	0.09302325581395349	0.12403100775193798	-0.031007751937984496	orf_44f840a1bc045fa317d217ab542c03f373d11a41ae798aa6f4b799777b8b42b2;orf_76b9876d7b802ae5ca8a3f523917d30154e862c300071679a575ae2479fb7615;orf_eb5515e16adad0afdcefafaf39ec44c9cd6573b44543550825fda7cb4ae2fcb3
peptide_4d6b671f67914a092e9a5f3bbea33bd2487c5c33e47d7b3cb6d2e6a0beb9d2f1	control_15694dfd8968e25b22147201f613e64fcb3e5a27f353e2bf11eac571e5f1872c	1	125	1	125	125	0.44	0.456	-0.016000000000000014	orf_dffa9467c408c6c6608f81dd0f06ee12d63f1513bbc824930d9baa2ddfa50545;orf_f1cc217477541598b94ae2637dded28343bfaab0e8388d8b6aab085405644ed3
peptide_4d6b671f67914a092e9a5f3bbea33bd2487c5c33e47d7b3cb6d2e6a0beb9d2f1	control_dd5b0de12377ef26b3ccb081a9a2bbdd1a08fbf26861720d0f29b3cf4f31a1bf	126	271	84	229	146	0.0	0.0	0.0	orf_f1cc217477541598b94ae2637dded28343bfaab0e8388d8b6aab085405644ed3
peptide_4dbf9f2439301397cc62c56355584e851ad5440d0237c220366059cbd2a7e107	control_07e8f24c6382fecf5560d285fba0a23cae6b9e863fc68c4915b43fe42c325369	1	70	1	70	70	0.014285714285714285	0.0	0.014285714285714285	orf_731b2cdf4e63fe7eb75920d4c854a3e186898422f70b51cc4ee585f64f1b1937
peptide_4dbf9f2439301397cc62c56355584e851ad5440d0237c220366059cbd2a7e107	control_3fdf2bd2689ccc352b67ba2c2b3ed25ee49338a36fa8014888b4a22dabf3782a	72	290	345	563	219	0.0	0.0	0.0	orf_731b2cdf4e63fe7eb75920d4c854a3e186898422f70b51cc4ee585f64f1b1937
peptide_52c3c3a3a74c40b0b52b57efee49c5c169200cc9ffa5a31ec683837dee43ea18	control_e8d70028fd6fded1314c6809e48f3e702ac4e89f157f02dad5c7092b75ae575c	27	295	244	512	269	0.0	0.0	0.0	orf_076cdd0d12edb262f7536d26d99908be39db0f17f087ef281cea67c1f72dbda1;orf_10e883f341f335d01df2f8f48ff5f45551af9a50fb1f398f1d9170a8a78d7f96;orf_7edf3882806b88281cd0bd44a2e0ffc3d52db03af38e0794f00e8e2b2ec5da44
peptide_558c207f42783b30e5190e4016b2b0146626e7f1370c9f13d1fb075b69e22fb0	control_ce4bccca991af9e6141c14e38777536c359b9a6c9d302e443bb74bebddb0f6cf	156	368	200	412	213	0.5727699530516432	0.5305164319248826	0.04225352112676062	orf_63320686e8a6c69670923e7ef66375d12c64307605a40664fccf2f643b06ddb8
peptide_57d0d0dcf6e822977e6241e297a8c01a63b5946f671c050ffb0862f613df07b2	control_d86d5187582172eaa5a328022e2bb432ed1baae3c43b9f08fa667a9d67b074c8	1	37	1	37	37	1.0	0.0	1.0	orf_2bedb98d54201c648ea8dab5d995161e5993f578f4dd416ddd4ea5b52feb958e;orf_6ee8149fab1ed2b4dffe387d1864300b50b3e0782195a5e92e33090659204be5;orf_82d711bdbd09637cdd682aca095366b6e4aa8fc4e8ff7af38713d94ae31ef8ca;orf_ac071e8c93b6ae693c9ef74cede55653718c86fb8175962d9d4a2e1cdfd13881;orf_e5d71efa5412747040063f470c5da32e620502a765ae58b8c674a516d4fb04a7
peptide_597d635312bbaecad92397a89da8161ec9f7e058ec824cd5ea5ad11bacfb78f7	control_83debbb19e812356307cad4611f6c44e9650480292f836523dcb652f8ff279b4	1	141	1	141	141	0.8085106382978723	0.7730496453900709	0.03546099290780136	orf_4cbb5cdc4a3afe3e24cf9b49215732be6f74dc888741e4ec897cd88007b1d99b
peptide_5999eb11d67df7e522c505afd90acafbdfe9801630ef60c14a9f5cd4b009d493	control_33a18e100bdccfe194a4b9d56797aca1aac4809bee9124c170e66b99c1c756c3	1	1669	1	1669	1669	0.21449970041941283	0.2121030557219892	0.002396644697423622	orf_19332eebda712aea87fdaa34ab46fd96e40980bf2b4a6eaa58f5f3dc7b2d5da0;orf_5f40273f178a79fff94cc56b1b7c5c54d0a96daee7d0c2906719b89b3563538c;orf_d330ddaa72f416106136aaed02002b5968038552b5d38e4326ebc2df9b4788c5
peptide_5ab5e29857f2cd5da92b5e094e07c40bb5bc57e5337cb74ff8eddf36df1360ea	control_7136630f68b2cefdfd3e957e32b5fd4c1d26a024b6a64dbf039db571f7a48b2f	1	104	1	104	104	0.4807692307692308	0.5096153846153846	-0.0288461538461538	orf_0cff0f18a4022f2e3f93767f8ce20c0b6b23ced6332307ceeb028bbb8b6f2bdc
peptide_5b820602d0913021ac12d92f0fc7c2366f7be431a2c151cfe72ac60156f69222	control_00f204d97e5d0fa5951098199c808c3fea15f364cd8e1594dc26af5b61a915e1	1	149	1	149	149	0.0	0.0	0.0	orf_ab825e71bfa0fd17b27b7fa78734540ceae9beba9811510d72c1b7717dd5c3c5
peptide_5c21ae184feb65c1e843decba2484c105c32fad251b9076e518b980cedb5e364	control_5fa1de73664e8fcb82df48f6de8d9194c750ddacae0f2a05224c9aea4d6debe6	1	113	1	113	113	0.0	0.0	0.0	orf_c65eaf9541cc23e34eb5662055d43bba8f27652879de583f040b3574fb4ca12a
peptide_5c21ae184feb65c1e843decba2484c105c32fad251b9076e518b980cedb5e364	control_d5e584c2a04ce44d8c5759ee1d77bdd925ca075bde39bf1e30df77ae8e1e290c	114	271	190	347	158	0.0	0.02531645569620253	-0.02531645569620253	orf_7cdcd245f48f278063960862eecd6c3ecc7b48c3441b770f4a45b8224c6d0ca5;orf_c65eaf9541cc23e34eb5662055d43bba8f27652879de583f040b3574fb4ca12a
peptide_5c21ae184feb65c1e843decba2484c105c32fad251b9076e518b980cedb5e364	control_f350011bb7751c3418d3a199732edcba53664007adc3496eb364b018b9103157	1	113	1	113	113	0.0	0.0	0.0	orf_7cdcd245f48f278063960862eecd6c3ecc7b48c3441b770f4a45b8224c6d0ca5
peptide_5e0a55ceea7aa5596a1130b2f7a693b8a52acf6bf2ac12e69951ade5c9fb2d52	control_667c91fcfae49d12ad63b9df7fb272f8328cd69d47d26783def81fbb45bd4fed	1	83	1	83	83	1.0	1.0	0.0	orf_1abcae930cc7f85ebd68589b939b9473f692e290cd0f0ff7ca310dd3f904c667;orf_7d6d35f9b65f5eb147c5a6d1cc1d043b2eb7a4bc0fb5ab3df29ecc5d31a7aa33
peptide_5e0a55ceea7aa5596a1130b2f7a693b8a52acf6bf2ac12e69951ade5c9fb2d52	control_acd37f30de73f3e72ceb46914e593e8469f1f82ae1d7c6a75ef90b049edb8f40	1	83	1	83	83	1.0	0.12048192771084337	0.8795180722891567	orf_002c6fa58e7aba7d6520679ada2bd04a20fa9c7965597a120ace328960571425;orf_76814e6799b4dfd321ee6b7a18ab4af6a52836382474247772ee75bfb2ef8740;orf_98ad79984f725bea1cc5abafbde21b404036c25da9ebe5110daa26d482833362;orf_b8d0010503aa7fd4010f4e704ed87d20be3ae52fec88f05c821e3a32a39b8afd
peptide_5fd8a3582535ef3ad429d94d60715365c727b6e884f71ce641a7e729a3149cfd	control_11ea8115c8a36ecd57863720f9edf6ee95c8fdbf005ec23e97df03115c57b47a	113	253	133	273	141	0.45390070921985815	0.5106382978723404	-0.05673758865248224	orf_3a70c42e8329f0fddce1df54e959661e678a53dd356c39c411d30d36ac8a671b;orf_bda1dfe1f23cd5c0853c0ef97348f10b9813b033b0161c19d447365d9693f772
peptide_5fd8a3582535ef3ad429d94d60715365c727b6e884f71ce641a7e729a3149cfd	control_2e9b8c70f5526fba214a0dc850c975ad1dd1d6baa09a423cea12148c66d20417	113	253	166	306	141	0.45390070921985815	0.48226950354609927	-0.02836879432624112	orf_1e4cf4d7376a1de1299da374a6f44f56886f5423563974d7cb4f5647e0c35912;orf_42af64330008b050a82bca61eec0217df26e6d9f8677d80b48846d2c23e98c2d
peptide_5fd8a3582535ef3ad429d94d60715365c727b6e884f71ce641a7e729a3149cfd	control_9223c320e908a1aa185b1d7bd83c86fef147d53461e8c7908368e2eef2a1b706	1	111	1	111	111	0.5405405405405406	0.5855855855855856	-0.04504504504504503	orf_4112be6b4ec44d99ddfbc802aed673ddfe2f678ee81bf49c7884fc36a7a54c45;orf_42af64330008b050a82bca61eec0217df26e6d9f8677d80b48846d2c23e98c2d;orf_bda1dfe1f23cd5c0853c0ef97348f10b9813b033b0161c19d447365d9693f772
peptide_5fd8a3582535ef3ad429d94d60715365c727b6e884f71ce641a7e729a3149cfd	control_b0c9eb5de887fbddd837b7cb02ba340ec94a8814ece8121f2791590c21b4465f	1	111	1	111	111	0.5405405405405406	0.5855855855855856	-0.04504504504504503	orf_1e4cf4d7376a1de1299da374a6f44f56886f5423563974d7cb4f5647e0c35912;orf_3a70c42e8329f0fddce1df54e959661e678a53dd356c39c411d30d36ac8a671b;orf_c19d02b15a696b421a237da0cbed0b4437a80aeefc2d5f0983ccce9723f5acdb
peptide_61dbcd41ff74ad3f3b63240c13327fee06c0feb5d06fe4cf72c1220d5d18bb06	control_323dd6e6cad9923d26ad23b4e30379411cecc53c7e5d391f91db91403ba405bf	1	129	1	129	129	0.2713178294573643	0.26356589147286824	0.007751937984496082	orf_01a406fe90f2686341aa8ed161b614106b93397b08afd1bd8f03e873ed37d861;orf_6733db6f39870e2b9422ce40998052ab65042c3150f4d309a5b7607457c74462;orf_855fdd6439f3ba34917fcaf013ddf74538417be5f345ac99f92612c2cbded8bb;orf_cb5f1be1e9b558aea7ba668cebd0425521aea87ed88a570cd5e06dd57b8f66e2
peptide_61dbcd41ff74ad3f3b63240c13327fee06c0feb5d06fe4cf72c1220d5d18bb06	control_a1696802f8ab76cdec94ce4d2cf6920ae5d8b39b11d5fde6b2a7f7a41b786ac9	1	129	1	129	129	0.2713178294573643	0.2713178294573643	0.0	orf_3e8465bae8eaa260040475ce0c51e251ea57e883c75e23cbc7f0074bdd9b95c0;orf_4220c8ab91d23e4977794cd2ce935744f6e66fd0c58896cf20a6316a4f5a9c1d;orf_87bbfa8c07af3fa56e78144a2ad197ca0b044be8272744e80333b3960809d3b4;orf_f0a3ea13dc80f5f3ead53b935c2f36353da38ab216d077448021669277c2295f
peptide_62ff9581d94f4b438a37a895b57e53a37f32598f2937bee77211e2616ff4c39f	control_ad3cb63a52d3ceb80503caf3667a8f27088ef697dbaa095b572c529ec93b5fa3	1	1344	1	1344	1344	0.31398809523809523	0.31473214285714285	-0.0007440476190476164	orf_6f7e52b0958e202617510c3b64cda37d97ba9f7025e3548b89ef445ae9d911eb;orf_7cbb212d1bfb853644e5e3490948cbc00ea44ff7b55e98ba4203c11d57888ed6;orf_bffd2aabb86fa9861e43dbca1369acc80d90eba76f2960e591b01f9755ba7aea;orf_d3a084851f0400893bca198c70d584d289891cde177d749fa3ea4935a290a3d4;orf_d47a745f79f2b194d2582c34cb029314bfe764b81b45f217cdf657a508ed9f35;orf_d51cebf0fb32b6ed8b5d37da0fbdfc0af76e0b0691fc96d02271adce11276b27
peptide_651cce5964555aebb8ec06a12446126fdc22fb3d9d460048b7381c5c5b59284b	control_795ef1b8714a759d9b8cb7fc855b15312511a5c8f9b8be78c081cd7a1cbfe7ba	1	111	1	111	111	0.0	0.0	0.0	orf_ff1552f8d9520430e9715cfdcdb0f432aecaf5bdfcb0ed6db103c3c1e9307db2
peptide_6ae36d8a89ac3ac04b43b02983f3cb8994037ee6cadc0be1d50523eaca3430e4	control_a27b841b13bf9a5b0478dfb4bed376161412fc033c877514cbea7807813c34ea	1	143	1	143	143	0.006993006993006993	0.0	0.006993006993006993	orf_c1a409e9ff260da266278a56d5d955912e6d037910d08a1ed9a683956ec83adb
peptide_6ae36d8a89ac3ac04b43b02983f3cb8994037ee6cadc0be1d50523eaca3430e4	control_b17a837756587a365f684c80948598133c4ccbe761400cb2392eae2a2c4a864d	1	143	1	143	143	0.006993006993006993	0.0	0.006993006993006993	orf_7a24b59507deaf1c5e3402ee891afab31ce21fb789451c2c8b8b0b9910c33df6
peptide_6d671b114e1c0ccf69cdb1c4eefa26c0c6df2e22ce8b0983ef4805183aac5496	control_96a4d8341e17c57cb31a77df7fe4af9922a31cee43472ca3da5ecf3a8dd693f3	89	149	113	173	61	0.3442622950819672	0.7049180327868853	-0.36065573770491804	orf_335f4a93021886ca4f7057483fd913055b8208e2603188a714abfcdf1c1a3a32;orf_f3c0e46aa91d953ede13e70f899473c2a2e2639d5a48c6e4ca98d5b75e15c386;orf_facc8f3586b7a8c8fc94cd3353d5a15d3e4de7dfcb7ac2ca3c25eff4109e754e
peptide_6d671b114e1c0ccf69cdb1c4eefa26c0c6df2e22ce8b0983ef4805183aac5496	control_acfcd539b69f3433a7f9acb68e9431fb0f41539d34d63f12a1595f93c0286ea8	1	88	1	88	88	0.0	0.011363636363636364	-0.011363636363636364	orf_f3c0e46aa91d953ede13e70f899473c2a2e2639d5a48c6e4ca98d5b75e15c386
peptide_6d671b114e1c0ccf69cdb1c4eefa26c0c6df2e22ce8b0983ef4805183aac5496	control_b7483e82cd5240a4edb2c5d8c779ffd6ad76c66c1fefa8e8c5f0584195709f87	1	88	1	88	88	0.0	0.011363636363636364	-0.011363636363636364	orf_335f4a93021886ca4f7057483fd913055b8208e2603188a714abfcdf1c1a3a32
peptide_6d671b114e1c0ccf69cdb1c4eefa26c0c6df2e22ce8b0983ef4805183aac5496	control_f06fb2577faef1294d48cb78d012c849879646cb0c50a88a7222e07b520d28fd	1	88	1	88	88	0.0	0.011363636363636364	-0.011363636363636364	orf_facc8f3586b7a8c8fc94cd3353d5a15d3e4de7dfcb7ac2ca3c25eff4109e754e
peptide_6de3b695e6fb7625fb0b645afd1d9dbcedf1ea280f2faf93d7ebafbd589a09ef	control_988563bd7d04b9491555c4b18f2cfb0d478c223f130885bcddab93f0bc94d766	1	153	1	153	153	0.17647058823529413	0.032679738562091505	0.14379084967320263	orf_230c7541f7a20b2093014d971aea327d36badb11bdc2d508ad3b01578fba904c;orf_35f7615e4b680ad8d9e7bdf750fdddfc133fb6d5b823c599cf731066b08d9fec;orf_4c493765e8d9cf05c29688db78d81466f36da3c3f540e4d0a90b7a37d0af2ca5;orf_a51535da1591977ea978666a0c979e67c439241de998b3523ecaba52b6949c57
peptide_6de3b695e6fb7625fb0b645afd1d9dbcedf1ea280f2faf93d7ebafbd589a09ef	control_a35dcef1d9249c78625c688bfa56981533909fe1270e7c1241bcee24147fc643	154	298	111	255	145	0.10344827586206896	0.10344827586206896	0.0	orf_230c7541f7a20b2093014d971aea327d36badb11bdc2d508ad3b01578fba904c
peptide_6de3b695e6fb7625fb0b645afd1d9dbcedf1ea280f2faf93d7ebafbd589a09ef	control_ead6c1b821c320b7b52819d2dfbdc5c6c4e24c22c4ed6e749ae2c2d42d4fae38	154	298	36	180	145	0.10344827586206896	0.10344827586206896	0.0	orf_a51535da1591977ea978666a0c979e67c439241de998b3523ecaba52b6949c57
peptide_6dfa9c12b06b15953a4aa17cdbb7f8f8e591a481218f1747a1efd01ed1dd0797	control_e1cc718b8034a16b1a963a8c41705d82abe104e894f0569a9844ba9d9469f9f3	1	196	1	196	196	0.16326530612244897	0.16326530612244897	0.0	orf_42d3bc5f4fdd77734f323cf55a19789350f06c63a958143e3beccd065a073541
peptide_6f9c6c95e73d37c0af4cb615693fd91bd7be5767a64ec7f7327d3527f4ed7dac	control_c1d4eff5d1ede542260fe91111b1ac3522e8ea3d0af067ba7fd648d6736a2f78	27	263	40	276	237	0.0	0.0	0.0	orf_23d739c8c4eb1967c14e00fa21569cd884204e35aad76fd194cdb54a9e0f2046;orf_f8cdf1c7f22168b1b5ce3057ab0535c0614d7543dd4778a72cef2c55d13a582b
peptide_6f9c6c95e73d37c0af4cb615693fd91bd7be5767a64ec7f7327d3527f4ed7dac	control_f350011bb7751c3418d3a199732edcba53664007adc3496eb364b018b9103157	27	263	66	302	237	0.0	0.0	0.0	orf_a26b44c5be4329d802907128228b81d6bdab14880f807e3f0a50bbbc73ee6a35;orf_d7a29c7fc58c7148da61adbe437bb1e183576e138fddb58130edbc6cf0d4da2e
peptide_6fb675ee937bd6012483d68e055c6066fe96784a8fb6fbac7c2a40238065d2e1	control_a27b841b13bf9a5b0478dfb4bed376161412fc033c877514cbea7807813c34ea	1	143	1	143	143	0.0	0.0	0.0	orf_700bdc1d1a0186fbbc4fb001060769a8c4dde1f78857527aec9e3f8cc53368d4
peptide_6fb675ee937bd6012483d68e055c6066fe96784a8fb6fbac7c2a40238065d2e1	control_b17a837756587a365f684c80948598133c4ccbe761400cb2392eae2a2c4a864d	1	143	1	143	143	0.0	0.0	0.0	orf_d4c9b90539260aea4a9de931f9ea685b6aef2eaa5f744277f610954995f73573
peptide_70b1ed4ba81a68375cfb42e68d1af3b9cf1105b34faaa49a883b93a8bfa81b6c	control_07e8f24c6382fecf5560d285fba0a23cae6b9e863fc68c4915b43fe42c325369	37	154	72	189	118	0.07627118644067797	0.03389830508474576	0.04237288135593221	orf_51b51404182da8b2f20b1f2c3ca9a838d6a0beef75a1b9278e69212b38d8dddd;orf_5f384acce3ab13cc4e399c7e7488f5c6ff675d755fa3badc3669dcde5de72bef
peptide_70b1ed4ba81a68375cfb42e68d1af3b9cf1105b34faaa49a883b93a8bfa81b6c	control_48db732bf13b377c21467adf0bac39d40975a33bbe2c63ded45016af2019c67c	1	35	1	35	35	0.0	0.0	0.0	orf_51b51404182da8b2f20b1f2c3ca9a838d6a0beef75a1b9278e69212b38d8dddd
peptide_70b1ed4ba81a68375cfb42e68d1af3b9cf1105b34faaa49a883b93a8bfa81b6c	control_bff4afb467049187088c69aef0012509b50b31a4645e8429b7ed5a557ff02713	1	35	1	35	35	0.0	0.0	0.0	orf_5f384acce3ab13cc4e399c7e7488f5c6ff675d755fa3badc3669dcde5de72bef
peptide_7153a9988f10e3f16ef9401be9c3ebf0e792e0075a0738bde80362e44019b419	control_644025c6d488a413f1d4dadb3d8417887b0e3d87621932984de2b37dc7328706	170	304	107	241	135	0.0	0.0	0.0	orf_e57c2c4635472e85e6885b008f50e877ff45691fb79176d4f88e7652490dc371
peptide_7153a9988f10e3f16ef9401be9c3ebf0e792e0075a0738bde80362e44019b419	control_a663f6878cca37004d1fa4fdb405dbae1ce3608db43223572bd0f9893ea6e39b	1	168	1	168	168	0.20833333333333334	0.20833333333333334	0.0	orf_e57c2c4635472e85e6885b008f50e877ff45691fb79176d4f88e7652490dc371
peptide_7196f2379ef2afc723703c0e03e303f38d67b600b730adca2d6532708a2d7bf4	control_0ea64241734af371d362441e9d423626e5af99edd5983d323c3c95e398a7d96f	105	177	200	272	73	0.0	0.0	0.0	orf_a579c151a8b6235c3a071a75297684bdc7d6452b09fa0097e60bed64207cc658;orf_fd745c84015a15061bdd41b386978df1480c837995ac6501ca660527479c408d
peptide_7196f2379ef2afc723703c0e03e303f38d67b600b730adca2d6532708a2d7bf4	control_bb35a936b0a3024469628d3d10185ae274d1d0c1c66c616c5405acd8bd543df1	1	103	1	103	103	0.0	0.0	0.0	orf_fd745c84015a15061bdd41b386978df1480c837995ac6501ca660527479c408d
peptide_7196f2379ef2afc723703c0e03e303f38d67b600b730adca2d6532708a2d7bf4	control_d4574c6958090f8f531cea3fe53c47d8aa85183db1e093588cc2a390b30040d6	1	103	1	103	103	0.0	0.0	0.0	orf_a579c151a8b6235c3a071a75297684bdc7d6452b09fa0097e60bed64207cc658
peptide_7428656ab9a4b6ef9d586205d7c1cbe8f13a8506c7ed86d4096b333215f00b20	control_0ea64241734af371d362441e9d423626e5af99edd5983d323c3c95e398a7d96f	156	228	200	272	73	0.0	0.0	0.0	orf_5f59ad02f5642a7c3bddc0425c4793b2dd9c71b59f1baa695a79d227bbc80945
peptide_74500f70e6a9f3f7e33db93e70c8610c8c7af7704f8522687bc26abc4cd3eb18	control_211a977fad05321fe58ea701b76bb03420f60a91d794d41b885d59cc818ce3a1	1	203	1	203	203	0.0	0.009852216748768473	-0.009852216748768473	orf_21902b41a85d7bc3a7e9a2e39aeee75faceb39d901b922b5701775c0d8c1d639;orf_62f67334d3cb5b2ba59a380ece963576d89859745bb1ee88d5092b8642d23d54;orf_6bf4d385f0e8825f63ddd0b1b11c1a32a9e768408eaeb8c18fd28ad61579a9ce
peptide_74500f70e6a9f3f7e33db93e70c8610c8c7af7704f8522687bc26abc4cd3eb18	control_520ca09d1dad11ec32053b60052b17e7d4c2ddf6605a6eb64fb646cc6c29f901	1	203	1	203	203	0.0	0.0	0.0	orf_04fa11d6e08f583296d357d9104a8b9622515ed0485f19b9526996b70e0aa3a2;orf_42b194a4289f6236e85f3123abcd7ede5e576751d4938cd84d3a31dee553781a;orf_cf9d14bc41b068519a57581567452503819d1e131e9a7a9917a8e1503f463b25
peptide_74500f70e6a9f3f7e33db93e70c8610c8c7af7704f8522687bc26abc4cd3eb18	control_5c5fe5d45f130d60add0545f56b1894885f1d5e636b09a29dc039cf351d932a2	1	203	1	203	203	0.0	0.08374384236453201	-0.08374384236453201	orf_9414cb089ec7a330132411d55e7757c65dbc3cdbbd414bf53f85ee0ef0c1701c;orf_af15de62beb22ffa6e14e09ec6ca82c994a9471999a2e29b51bf10ed5fbdcd47;orf_c8d23e55fff004c0a5410f394c74b45541084e071457bc2652f8667e56b2d508
peptide_74500f70e6a9f3f7e33db93e70c8610c8c7af7704f8522687bc26abc4cd3eb18	control_687c24c3cbfddc056d8d357dec3874fdcbd09d62518d8d3dde9dcd3ff83c90a9	1	203	1	203	203	0.0	0.09852216748768473	-0.09852216748768473	orf_92c79c1c1acad18b13c1db4b4328324c417bc28dc19a220e39e87f1aeb445603;orf_de36b62b9a9dd0def8d6fd0d910cbfe73fc4996c4eb95976d7994c7d4c1a3120;orf_fed3e08572d2a9e43d619af9587056adbcbfeddeb108c3de05f2a03d93472f86
peptide_74f81c5b0dd4882852f7a96e994592fa15f7d1de20b877dd0717982b2ec560c7	control_001594b905670e913e645ea91909b6dfa709729825581373325481860fbb8515	1	55	1	55	55	0.4727272727272727	0.7636363636363637	-0.29090909090909095	orf_1541798253d0b2c318fe3f9959bdeaac428f35c9b81caf3af256c621424973d2;orf_83a5abbc7a43cbb7b78094c44811405c3f200da4ff7875861a4569fe30fcf206
peptide_74f81c5b0dd4882852f7a96e994592fa15f7d1de20b877dd0717982b2ec560c7	control_1ade48f0b575ee69e04c09f441427f43c0ec94601a57742af2cdead2021bd67e	1	55	1	55	55	0.4727272727272727	0.7636363636363637	-0.29090909090909095	orf_5b56ade46f0e5fe02abea5bccf98cd932ddf15b3aab124880b16f604137feef0;orf_c94c273c2b1f39a2890f5d80ffe9a449359833e638a85c91f400e2b83f8e7466
peptide_74f81c5b0dd4882852f7a96e994592fa15f7d1de20b877dd0717982b2ec560c7	control_421125d4f5dda9a5d036acbf486c89f1700b91897f895f322f8fe7a3462c90b0	1	55	1	55	55	0.4727272727272727	0.7636363636363637	-0.29090909090909095	orf_47ebf50de77f01b747c17b78a1e70f8d7b1266914cfd9c29f5b02be13666d3be;orf_d6649f13b10ffc5ecdce2c507b4128c960090fc05a25bde2c4eccc4c37d4bc80
peptide_74f81c5b0dd4882852f7a96e994592fa15f7d1de20b877dd0717982b2ec560c7	control_6aa7a752a93a4c7b2bfc6ee23b9818c15e5313bda699fd5f7e6e4e690cc8d313	1	55	1	55	55	0.4727272727272727	0.7818181818181819	-0.30909090909090914	orf_7177193aeb79df64b0450c7526b7075fa2ac6eb920e37e4e3f2b0c5e70f3f520;orf_8ececf08d02e7062cd6c8a7bab999b8c154a0fb9dbfbdef35b72c9eba7b13629
peptide_74f81c5b0dd4882852f7a96e994592fa15f7d1de20b877dd0717982b2ec560c7	control_866c4e59f80368fe76915513f681f3ce4bd6cc3cfeed64e4429c8a13de2bd05f	1	55	1	55	55	0.4727272727272727	0.7636363636363637	-0.29090909090909095	orf_5fa6e136b7cd50950470ed4d73b80b1011fc4048b5e383e822e2bd6cb02569bb;orf_cf624eb809a83c222c0ea5a8f8ef3cfd9719d9b72bde1f6fd70d0d9e67b7c14e
peptide_793796e4e1c34f48ece748d9bbdd33f9d79b459a7bcd1d2d5639d6ca7121a914	control_79d5934e81d7e4ff207c95b8750c6107750910dff0f9ace672d5cf17f60ce3a0	1	119	1	119	119	0.0	0.0	0.0	orf_ebd1b06c6441595a4024b44959b3ffec89488c8abbfabf49b4823b302e8608d0
peptide_793796e4e1c34f48ece748d9bbdd33f9d79b459a7bcd1d2d5639d6ca7121a914	control_ffb2237d030a56b7776f2232ae94a767f4a50175ca0f79e91e7b291b76bf8f7f	120	675	33	588	556	0.22841726618705036	0.22302158273381295	0.005395683453237404	orf_ebd1b06c6441595a4024b44959b3ffec89488c8abbfabf49b4823b302e8608d0
peptide_7b0d5d3c3a31c1168531049ad5eb4bf68c7070067b6a2cd48ed4f7d87f40e85a	control_49ac344a89b4f94d61a558df400bf813e0659127c4703c7ef66a14cd3dcec88b	1	1626	1	1626	1626	0.18081180811808117	0.17835178351783518	0.002460024600245997	orf_572f55568c065e8e0f54c9b56db49fa01b2f2d0a95bbc562cef417a36a4f5710;orf_ca774285e0ef1115b660924510181310fe191466a33dbbd7dca3aa3365d0cfb5;orf_eb234fc38b4fd912ffeb4e3ee38c064d7099c5abd20a55a389d7592323a5d996
peptide_7bcda12bdf29e3d6d0ef460640d8a4e51aff91f6bdd3153d1c314603883f3620	control_0ab423d62fb062c7d97b0fbe3f1aa72569a12492073a9b28e8d03b4eab0c68ac	1	301	1	301	301	0.34551495016611294	0.3521594684385382	-0.006644518272425237	orf_389b695255670b6adf6bbb2a8386e3b542c929f9975fba50a1c935a00b03a082;orf_c2d37e944f5a4f2e9d8f8edc35e994786d83f079140b5018c7eb2c3e66f1c1e4;orf_e6894988b10a9d447329313064ede3708cded165dbdd09fd0c824ca928d769a6
peptide_7bcda12bdf29e3d6d0ef460640d8a4e51aff91f6bdd3153d1c314603883f3620	control_433596132861087e80fc9376d83bcd06e60a4e4388c5854deb46597d7a72c5a7	1	301	1	301	301	0.34551495016611294	0.3521594684385382	-0.006644518272425237	orf_6fc813b61c356c6559aa454ab3495855fc6164b2394a0088a40337a04785a583;orf_a4ef9a12aefdc48073bcc7261158be5e374c33e38c9c22e64a3e67d2a1682a7b;orf_e89f1db17dff99169c04e01441e5131c0ecbf2b69963a20bf71672e114bfa10e
peptide_7bcda12bdf29e3d6d0ef460640d8a4e51aff91f6bdd3153d1c314603883f3620	control_483ecb87454d29bccec782d52e6c862e56bc1425397d9c75704f356bbcb03b4c	1	301	1	301	301	0.34551495016611294	0.3521594684385382	-0.006644518272425237	orf_1e121b07318be2bc7811aa18b785d8d4e22e3ed357d4e2bdbc56dc26849831ec;orf_41d50f380da3cfaf0f48123f6eda4a76073e58b8645c5a2303d5ad873359ef65;orf_49a8ed0d31b8c13b6c41122ae0836be45891a2fb227b5c1bb78cbadd00fbd176;orf_7b302d3888c9bbf83f908cb4b379c285978038ecaa9f6ef52852c387c6ec73f0;orf_a1eb2118c46dd46159025828a0e10cb5bb0be70dd0446d2b7eaafaa8e29ef4fd;orf_aa8ac54c2c9d04ab603a0112b8ab1a895fd1c83c29e8e4f970f1b094096a65d8
peptide_7bcda12bdf29e3d6d0ef460640d8a4e51aff91f6bdd3153d1c314603883f3620	control_486fadc9c5c195ee196e42e045e47bed64c54e54606e516ffd5d1b485653e149	1	301	1	301	301	0.34551495016611294	0.3488372093023256	-0.0033222591362126463	orf_180716fbe3f90ba08be61b7a61266de6c2910863d66b3bf8a4beef1f5d43eb5c;orf_529636900be78930cd34b6a32d3ace2fe93fb14c1dd601c5e9423e3c8843e705;orf_b35a16eae6f4520c6a6ae76a3810041204660888db79daf158e573beb4404b7c
peptide_7c620433a33c479bd09812150c15d2e0accd796c3cd40b057543080302fe009b	control_ab3d1696f281542cf2fc61f38ebb472abd633463cfc5a5870ac8851701b02702	1	44	1	44	44	1.0	1.0	0.0	orf_3c29d551f55dbafcb631a71071b9c66d54b33c9172454adac569d549df80cc27;orf_5db57966829e41166fc52b9052035fe2d9edddf5ec48700f578370f6982d3ce5
peptide_7df335ea49a94c8f5c9e1f78714ff1b12179161c2dcda1c47dc2059434ec5453	control_1c17dc92b2e60504681c3ede621d80cc87b40f0d26ebf748243378b605a54caa	172	408	107	343	237	0.046413502109704644	0.04219409282700422	0.004219409282700426	orf_10b3547164462a233d07425511df5dd3c195f69a6ceff554cccc4788e08003da
peptide_7df335ea49a94c8f5c9e1f78714ff1b12179161c2dcda1c47dc2059434ec5453	control_9db2e1e43fe73788fde6b354a950a906784fb18635037b17ddc218a763783a6b	1	170	1	170	170	0.14705882352941177	0.1411764705882353	0.0058823529411764774	orf_10b3547164462a233d07425511df5dd3c195f69a6ceff554cccc4788e08003da
peptide_83e70cbd623cb2f7b5d79b5782f40681b07246f0010b053184a440fd9cafd420	control_83debbb19e812356307cad4611f6c44e9650480292f836523dcb652f8ff279b4	1	141	1	141	141	0.7801418439716312	0.7730496453900709	0.007092198581560294	orf_0a3965291c1a1269ff4b80926ece1ae09a35781a89cc732083a668ca62528d52
peptide_8ed300036e2828567d72b2c567b47b1fa8d40ab9f289820204bdeaf3a18588ec	control_1a7a427b3e640fe74e4fc4595149458538c06b03b0a60caabbdaa361d7b2d4b1	1	531	1	531	531	0.0	0.0	0.0	orf_041db5d0e073cec2b60610a21f68b0d77344365dda239fb56bc5f04447e9895a;orf_1fea26bd8ec9c15e07f6a9a6db91d692993b0904996a4f4ce209e34c05fa9df0
peptide_8ed300036e2828567d72b2c567b47b1fa8d40ab9f289820204bdeaf3a18588ec	control_51a570e05804e76c877e7798f705a3e4b0032ba77f32ff4fe2e02cc4fc8e523f	533	576	27	70	44	0.13636363636363635	0.7045454545454546	-0.5681818181818182	orf_041db5d0e073cec2b60610a21f68b0d77344365dda239fb56bc5f04447e9895a;orf_1fea26bd8ec9c15e07f6a9a6db91d692993b0904996a4f4ce209e34c05fa9df0
peptide_8f6c0816b17ee55076c61cdf4c826cc1643979392efca5fb4467a8a9f9ace991	control_a5c76422e5e90bb64002d1e17460370c849cd388be80735b89d9f32b4452586d	1	1641	1	1641	1641	0.19439366240097503	0.18159658744667886	0.012797074954296161	orf_3893271fcb3303022b9b4871d99346b1ef5b63db7f54dcaef93ea882c70a30d5;orf_b6fdbf400e3b31850d4dd58d2a024fbc0180e6d7632caaec54597796051ef929;orf_f2208b6fd8a8f0eecc584e1c5e214efc7b04388af3a404d0fe50cc5c5c8223a3
peptide_91b6c2354036f74992cb5f2520a3614bb2b0ecc3feab662dbb7e791accc4b3b7	control_1012316654cdd4640ef1c907a023d91b663f24916f397d3838b83550751d0994	169	213	146	190	45	0.8444444444444444	0.8222222222222222	0.022222222222222254	orf_0feebd9110d62dcb7ae53f45528a36b6b4e60ae4a3772ff28d5150830b524569;orf_b3306428fe19f2706619ae373f49abf34e764fd0e2aa8c8a52ac60494f877655;orf_eb5039aca1db517ab587ac74edfa9b24f8fd229517778fecc67e3b8bd9d5f303;orf_f882d091c0853a1d5b24425b7772e074c4ba597521aa8613066f43673c6e2179
peptide_91b6c2354036f74992cb5f2520a3614bb2b0ecc3feab662dbb7e791accc4b3b7	control_959b280a789737059117bcbc042c9518ca61c0a1cd2d57fb735e686d85b8d9df	1	167	1	167	167	0.20359281437125748	0.23952095808383234	-0.035928143712574856	orf_0feebd9110d62dcb7ae53f45528a36b6b4e60ae4a3772ff28d5150830b524569;orf_eb5039aca1db517ab587ac74edfa9b24f8fd229517778fecc67e3b8bd9d5f303
peptide_91b6c2354036f74992cb5f2520a3614bb2b0ecc3feab662dbb7e791accc4b3b7	control_b4026fdc15bc8096e1ddd1551bff0fddd1ff23c128e8884f1ddf52edd65ba870	1	167	1	167	167	0.20359281437125748	0.2155688622754491	-0.011976047904191628	orf_b3306428fe19f2706619ae373f49abf34e764fd0e2aa8c8a52ac60494f877655;orf_f882d091c0853a1d5b24425b7772e074c4ba597521aa8613066f43673c6e2179
peptide_941a6aaa0baa0c154a997e323bb1854d5a7c68dff56aa42048153300cd054f46	control_2022d42145ca2de9aab69e25281608f6ca5eeea5d7a39545411880a01b8a8929	145	619	11	485	475	0.11157894736842106	0.13052631578947368	-0.01894736842105263	orf_3d658316382ec287954d12996f053abb761291397b714fa8181a28ac27eb9cd9;orf_516be9a4bf8a7f475b2becc2bd1c0fa662efe2c33e75f2aba1e150b11ed138d4
peptide_941a6aaa0baa0c154a997e323bb1854d5a7c68dff56aa42048153300cd054f46	control_a27b841b13bf9a5b0478dfb4bed376161412fc033c877514cbea7807813c34ea	1	143	1	143	143	0.027972027972027972	0.0	0.027972027972027972	orf_516be9a4bf8a7f475b2becc2bd1c0fa662efe2c33e75f2aba1e150b11ed138d4
peptide_941a6aaa0baa0c154a997e323bb1854d5a7c68dff56aa42048153300cd054f46	control_b17a837756587a365f684c80948598133c4ccbe761400cb2392eae2a2c4a864d	1	143	1	143	143	0.027972027972027972	0.0	0.027972027972027972	orf_3d658316382ec287954d12996f053abb761291397b714fa8181a28ac27eb9cd9
peptide_943a44d804f94e54bf2d98cb10a55b9c7b86d0d2e468bb94b83b42c794cd9ccf	control_28a84aa548bd20d17cd693ba7bda4b72758564710e18f71be1778652ca4c8008	117	846	284	1013	730	0.7054794520547946	0.7109589041095891	-0.005479452054794498	orf_47b62697443768e634f177800a1fe0e98abfbac124510263a8a05d4a910077c9;orf_4d505a3300d343da63427022878f0bc1f9cfb650fb9129668b2bfeb87a786070;orf_5af8c76581939d846814bf8187cf350de7e0ad71b9309c80d7fe04461710dba3;orf_a284402936a304997cabe2a060173217e3d8f1dcf799e257cc978545e8a72910
peptide_943a44d804f94e54bf2d98cb10a55b9c7b86d0d2e468bb94b83b42c794cd9ccf	control_7cefaace50c8815fa5f20f16bd08fbcd7000a184c4f0462451789a0f597fd93a	1	115	1	115	115	1.0	1.0	0.0	orf_15e10ef851ae59a2a288951aa4bc636ef64e20b0e6466ef828bb64c9db98259e;orf_4d505a3300d343da63427022878f0bc1f9cfb650fb9129668b2bfeb87a786070;orf_dc14a67489252a113e53f0753bf3117e98b664a36906419aa62301857d91d9e0
peptide_943a44d804f94e54bf2d98cb10a55b9c7b86d0d2e468bb94b83b42c794cd9ccf	control_aa332563395735725298c8e0f34395ac3fa22970d4b1a7a4790998c3442fd005	1	115	1	115	115	1.0	1.0	0.0	orf_14ed18f0bc312cf9733f51bac092043a80a3501df64698f45afe39ff5c22b1a0;orf_47b62697443768e634f177800a1fe0e98abfbac124510263a8a05d4a910077c9;orf_5af8c76581939d846814bf8187cf350de7e0ad71b9309c80d7fe04461710dba3;orf_619032b87e306cf669e77fe1386ae88322cef6b085bdbfb73da3987f0949dbd5;orf_899094205ef85ab4adc29b9f6dfb82c718be2dd50b5400648e7324c51d99d800;orf_a284402936a304997cabe2a060173217e3d8f1dcf799e257cc978545e8a72910;orf_a54bf513cd20549ff19e2127d32393edb6a3cc45a5533c3221788294f9365c42;orf_bd5181dbea32ac3ffc7acadb8b6495c2511c8f0774ca13a509e0b0d467d823fe;orf_d52f45cc627e193f55e1e34ee9d04637d8132b9d8212b39edd09c5e080c82e86
peptide_943a44d804f94e54bf2d98cb10a55b9c7b86d0d2e468bb94b83b42c794cd9ccf	control_aa8dd22ca0da9216315e324ab75966c02a8dbaa4ad10c16632e5d71a34a2f996	117	846	258	987	730	0.7054794520547946	0.7109589041095891	-0.005479452054794498	orf_14ed18f0bc312cf9733f51bac092043a80a3501df64698f45afe39ff5c22b1a0;orf_15e10ef851ae59a2a288951aa4bc636ef64e20b0e6466ef828bb64c9db98259e;orf_619032b87e306cf669e77fe1386ae88322cef6b085bdbfb73da3987f0949dbd5;orf_a54bf513cd20549ff19e2127d32393edb6a3cc45a5533c3221788294f9365c42
peptide_943a44d804f94e54bf2d98cb10a55b9c7b86d0d2e468bb94b83b42c794cd9ccf	control_f11d06be20d5d904790b0667758ef8b671856267eef3cf0b5e1ecc593ad4b262	117	846	285	1014	730	0.7054794520547946	0.7109589041095891	-0.005479452054794498	orf_899094205ef85ab4adc29b9f6dfb82c718be2dd50b5400648e7324c51d99d800;orf_bd5181dbea32ac3ffc7acadb8b6495c2511c8f0774ca13a509e0b0d467d823fe;orf_d52f45cc627e193f55e1e34ee9d04637d8132b9d8212b39edd09c5e080c82e86;orf_dc14a67489252a113e53f0753bf3117e98b664a36906419aa62301857d91d9e0
peptide_94aa7d8429095a2d18c299c1632f8bb7095fbd800ffddb34c2611bcfc8fdeac7	control_184042c780d9a7ecf71eb15b70eb328cb4ece9802cbdb0467591e3ea49d585d9	63	168	96	201	106	0.0	0.0	0.0	orf_561a3e2dd391db3125a7bc1fed3de627cc9321ae7a5d20126425e90c9f4173ce
peptide_94aa7d8429095a2d18c299c1632f8bb7095fbd800ffddb34c2611bcfc8fdeac7	control_3c750873ab0f5fdf32046aa0702ece151303d8ab465c0f0568cd87bf7b161ea4	1	62	1	62	62	0.0	0.0	0.0	orf_561a3e2dd391db3125a7bc1fed3de627cc9321ae7a5d20126425e90c9f4173ce
peptide_953ba92bc1f4c477e39df8169492d7ef48e7bbc46569bb4073b795e64edbb4ee	control_42acabca3dc8f1e7248798688055ec4066b2bdbd4a2535b6fac4875cebc9f984	1	147	1	147	147	0.16326530612244897	0.14965986394557823	0.013605442176870736	orf_17a57a385754ae90b24163d84be8ccaef991366f2bcc435a67aeb135eb43a41b
peptide_97d9bcc0b34c7caa43656e7e2bf23f1b94c25ff9edfee400a71f5b9bed81655c	control_6b70ebb71ef78e6caa372c3d15fbb31259d3eb75100b0e9c0b3ea58224bb6d4b	18	373	107	462	356	0.0	0.0	0.0	orf_12f19bee812d4d172eaba0bb6232c4cd9d52ac0ebf7e5e3637b0651f888a095a;orf_3642fae708d9f52d6f2dfb6d73d7e5f8817d2c26b98a8cfedcd3078f7a51777f
peptide_995610c8b20c13f099e69762a68583e23fac1924d42e96a1468586f9b62a1509	control_e4f4c2b8bc5c37a9e12c75392e17bb9d2c27ab3d000a83e487871de6e3663647	27	223	40	236	197	0.0	0.0	0.0	orf_e45f0b53bb83cd9602ea4f0dc3a6ce0f14960a244a7bae16cae459d0d6c49aa8;orf_fd89d38260d88d3b44c31cc8fe038a2a011c8d7b1017f16204007bdd76e120c1
peptide_998ad695623bf53e5df81e435ea3b908f303040afcdd165c52d53905a3ae1120	control_19bc81ed86f0d012186ee5dbde8c60de0fd9f3b7a2155113d495171e85d787be	598	745	220	367	148	0.0	0.0	0.0	orf_612f966597298e2f516fd60697c3e470612dc013fc16340e3a13afbe39f5c4d7
peptide_998ad695623bf53e5df81e435ea3b908f303040afcdd165c52d53905a3ae1120	control_392e815f5297838943c587583a35abf092b1ad3d4186e32989fb06a97596bb4c	1	597	1	597	597	0.678391959798995	0.678391959798995	0.0	orf_612f966597298e2f516fd60697c3e470612dc013fc16340e3a13afbe39f5c4d7
peptide_9a99577ea77e93a51bb896132001fac6caa242ee517a62995ddef9d39a72f54a	control_4d8da7a249b8e2edf2d48ecc95d93eb6898532d6e07ed982fec0fc4c9c14e12a	531	711	1	181	181	0.0	0.0	0.0	orf_617890ad648090aa7312b0cbf508cca51ffb7a0f884c82289638b4f1ffddc16b;orf_7862e92e75db52a4433a6d38288170b927d575037839ab43c7a531c2f47d863b;orf_c7a650779281b96c7cd6fe05237d5f3ebb365a761e590215281aff0ea7f5edfe;orf_eda3c90d4d3cab41ec300db46e56ea98b553f2e6333ca5065c24c9ed66747794
peptide_9a99577ea77e93a51bb896132001fac6caa242ee517a62995ddef9d39a72f54a	control_5467e9f1d042902c2a9c8045ae2249629eeb2de9c74bfc521fd1a5cdfad9ac4d	1	523	1	523	523	0.1491395793499044	0.14340344168260039	0.00573613766730402	orf_617890ad648090aa7312b0cbf508cca51ffb7a0f884c82289638b4f1ffddc16b;orf_c7a650779281b96c7cd6fe05237d5f3ebb365a761e590215281aff0ea7f5edfe
peptide_9a99577ea77e93a51bb896132001fac6caa242ee517a62995ddef9d39a72f54a	control_5f5ca554f66c9cb99c53359b60e58f97dd19eed572384f165a9d9f274a0dbf4e	1	523	1	523	523	0.1491395793499044	0.14531548757170173	0.0038240917782026707	orf_7862e92e75db52a4433a6d38288170b927d575037839ab43c7a531c2f47d863b;orf_eda3c90d4d3cab41ec300db46e56ea98b553f2e6333ca5065c24c9ed66747794
peptide_9cdb44bee5cfb950ceb681f58e9b980aa86b1a24eba968a18e738743ad144b62	control_0ef6420d93ef0122f3f6817edcbf114a35c536d9dd535c22e45818cc3563433f	1	60	1	60	60	0.23333333333333334	0.35	-0.11666666666666664	orf_316546553b92c707c0d4e5426e2192e942f93147f7cc827a3f5a8826c766ce33;orf_a249a259eeec76bbb846785e1bb3bbcc2decbe8b1587eabc0cc6a425d10fabbd;orf_c142b72c498a28f812078fc264afcbf3bdd4aaec49cf741aa7a6315e6292e29c
peptide_a2af17ae967680398fa5c75808451b0172e3946c43756c9174369641d75165ca	control_0b52ae5b66f4112036dd15e94442d990093c1bf90353edd2db23bc03a61818da	1	709	1	709	709	0.31170662905500707	0.26657263751763044	0.04513399153737663	orf_4cadd6a9cd33bfee192137718c97bc4fe40779939d0e85b003605a851ceda9c7
peptide_a59d7915e3ec361c0f32f4047df2746ab1fe653e0c6afa2cce32d8136e25201b	control_5215d5f008889b1c66f4fa97d300cdfadee117ac2864c7edcbff4439995ca2d6	1	378	1	378	378	0.7671957671957672	0.7671957671957672	0.0	orf_8b66b17960c8972bb02fb48454c1e1b86dc9638c01621605b694c0ef21003c3c
peptide_a70d2373112bb0cf390a66c6914c839458bd0e2056b6d6e8cf928657ca6fe52a	control_9223c320e908a1aa185b1d7bd83c86fef147d53461e8c7908368e2eef2a1b706	1	111	1	111	111	0.5495495495495496	0.5855855855855856	-0.036036036036036	orf_cb79a307ca2f6220428f0d99dc50a96009e1560a86d3a33a7dac84726f9b6aaf
peptide_a70d2373112bb0cf390a66c6914c839458bd0e2056b6d6e8cf928657ca6fe52a	control_b0c9eb5de887fbddd837b7cb02ba340ec94a8814ece8121f2791590c21b4465f	1	111	1	111	111	0.5495495495495496	0.5855855855855856	-0.036036036036036	orf_110bcf7df6b00b66536fc273de9ed1e1f4aefb08ea91ae163b2f6237fbecdbe2
peptide_a70d2373112bb0cf390a66c6914c839458bd0e2056b6d6e8cf928657ca6fe52a	control_f260108808adb5606f9dadb21b1cd7b4d35b5243459f68a3f92f26f061e1e9e5	113	313	47	247	201	0.6766169154228856	0.681592039800995	-0.00497512437810943	orf_110bcf7df6b00b66536fc273de9ed1e1f4aefb08ea91ae163b2f6237fbecdbe2;orf_cb79a307ca2f6220428f0d99dc50a96009e1560a86d3a33a7dac84726f9b6aaf
peptide_a770a3d08a3c20be0ee4337c7f52e7cc1544867922827d0624e6380bf3fea14c	control_a27b841b13bf9a5b0478dfb4bed376161412fc033c877514cbea7807813c34ea	1	143	1	143	143	0.0	0.0	0.0	orf_927b6453276ef280dee2d2b198f143ff3887fabb01760909c7a59020b8f043ce
peptide_a770a3d08a3c20be0ee4337c7f52e7cc1544867922827d0624e6380bf3fea14c	control_b17a837756587a365f684c80948598133c4ccbe761400cb2392eae2a2c4a864d	1	143	1	143	143	0.0	0.0	0.0	orf_593cc807a3709c11bc18eb04f6c8764749063c47ddfd803537b6c6681ee47365
peptide_a95d8cbc1b3c1c36209d70ae0aa0ceccfc7c47c9f4f3aa6cfe4290b5d6b39426	control_3cf404c83a2b3193ef5b44e2b9caf90cbd9cf4558e0442d1063b345181c8295b	709	940	14	245	232	0.06896551724137931	0.0	0.06896551724137931	orf_13fd5afee1bd2b898b9c76e007b18cc1387b55e5621cda4d1c3af0f18b5d4a95
peptide_a95d8cbc1b3c1c36209d70ae0aa0ceccfc7c47c9f4f3aa6cfe4290b5d6b39426	control_3f0d92535c83aaaf1cb87988f77c852edc115e2ada78a61d2ceef0c00008c8bc	709	940	70	301	232	0.06896551724137931	0.0	0.06896551724137931	orf_70a8044d0b1a708397481906676a2102d715ecd646b2f447fe57e0536b9d8d3b
peptide_a95d8cbc1b3c1c36209d70ae0aa0ceccfc7c47c9f4f3aa6cfe4290b5d6b39426	control_4ad16ecc21c8b3cee4dd7e7b9758e962e83cd59172a2d449cc1c6fb8f300137b	1	708	1	708	708	0.2768361581920904	0.24152542372881355	0.035310734463276844	orf_13fd5afee1bd2b898b9c76e007b18cc1387b55e5621cda4d1c3af0f18b5d4a95;orf_70a8044d0b1a708397481906676a2102d715ecd646b2f447fe57e0536b9d8d3b
peptide_ac4b4182244b5a4567212afe1127bbb1070da7a018d7dc75c9a8043fc6d88c8a	control_061ec3e1904b8a8166ac281699fd9e7c1be70afbdd566ff01fbc9ae1213e06a1	1	78	1	78	78	0.48717948717948717	0.5769230769230769	-0.0897435897435897	orf_014eccd4220e6eda34d1d82c31877edf27706c9ebec267f03afcadef7208d581
peptide_ac4b4182244b5a4567212afe1127bbb1070da7a018d7dc75c9a8043fc6d88c8a	control_931bbab1eee82c4cbd8a16e6326b38e80807af880644e30948ca0784126f5fb5	80	275	17	212	196	0.15306122448979592	0.1326530612244898	0.020408163265306117	orf_014eccd4220e6eda34d1d82c31877edf27706c9ebec267f03afcadef7208d581;orf_03af46f3e2fcf0a687be3561ca5454b19ec1ab16424100f03178d4fe53f7a886;orf_ae2cb7ce4e3c5abdde41c0801772f34d99b506179b294f7f487b5b185ea821dc;orf_c0028c03a26867496f12f5124dffbad12846314e9d212bfe2a3f72bed62d03a4;orf_c6ef031d85c96ea8766037acdf924b06c4e025d7040d798195a59a3f3687becd
peptide_ac4b4182244b5a4567212afe1127bbb1070da7a018d7dc75c9a8043fc6d88c8a	control_a97484af7998422c4b1f2fb421799246680b724b935bbc8ccf79e6670b0ba1c9	1	78	1	78	78	0.48717948717948717	0.5769230769230769	-0.0897435897435897	orf_c6ef031d85c96ea8766037acdf924b06c4e025d7040d798195a59a3f3687becd
peptide_ac4b4182244b5a4567212afe1127bbb1070da7a018d7dc75c9a8043fc6d88c8a	control_ae78a49e691758b6e4e372610fbeebd08710374e5976f8816c00bd3ebbb2cfe4	1	78	1	78	78	0.48717948717948717	0.5769230769230769	-0.0897435897435897	orf_03af46f3e2fcf0a687be3561ca5454b19ec1ab16424100f03178d4fe53f7a886
peptide_ac4b4182244b5a4567212afe1127bbb1070da7a018d7dc75c9a8043fc6d88c8a	control_cc9c10b1c2b59a071d903c1c08f719301e4f90914235c76c8b46b24d57be59b5	1	78	1	78	78	0.48717948717948717	0.6025641025641025	-0.11538461538461536	orf_c0028c03a26867496f12f5124dffbad12846314e9d212bfe2a3f72bed62d03a4
peptide_ad78f740e929300252b49c120f9ddbbb1f8e475cc6f925f94b1664050843b25b	control_b5d86040e914acbe7ed0b7847a1f4fd4678317ae053949beff0bf09f897d75ce	163	322	36	195	160	0.48125	0.40625	0.07500000000000001	orf_02c0866ab5de487b891e3edfd31b11575ade3604362181e2bbf519507b4b5f43
peptide_ad78f740e929300252b49c120f9ddbbb1f8e475cc6f925f94b1664050843b25b	control_cb178105ce0239843cecc36a23fb1b3298d6618a410af7a88c1dddf98594e6c3	163	322	31	190	160	0.48125	0.08125	0.4	orf_d767ac918dda7c9c999b90b0257f7c9958ac4bad0f3254ceb3f7581c6ffd3f29
peptide_ad78f740e929300252b49c120f9ddbbb1f8e475cc6f925f94b1664050843b25b	control_ebd7b239f53fd31361f8e53679fd8c9aaa18417336b44aef177523749ecf2b7f	163	322	26	185	160	0.48125	0.08125	0.4	orf_6d979a09221999e85948fbeaa23d90a271fa4e170732e44bef5c9f1b2daacb4f
peptide_b0d22e27937167cce8168e89f2f47683b4ada96ad48b9ebb22e347b9e99abcb8	control_323dd6e6cad9923d26ad23b4e30379411cecc53c7e5d391f91db91403ba405bf	1	129	1	129	129	0.2713178294573643	0.26356589147286824	0.007751937984496082	orf_19063bf841e46c2953741fc6fea3989426ca756976df8eae0f06e861df90e544;orf_293010dae8882df12412c1f17110984e2a5458b2b2b0c40f95e47a883520f4c3
peptide_b0d22e27937167cce8168e89f2f47683b4ada96ad48b9ebb22e347b9e99abcb8	control_a1696802f8ab76cdec94ce4d2cf6920ae5d8b39b11d5fde6b2a7f7a41b786ac9	1	129	1	129	129	0.2713178294573643	0.2713178294573643	0.0	orf_1e20cdbfbf6d900e16841b0b95c99f70abd8a950fe52e84fccc48aa7f76eb893;orf_8b62335691e9cc2427aee7820ef1e12b5b605166dbce40ca780438ed68adf9ed
peptide_b0f7012915787af8c78d24c3b962bedf5ff153a837d9fe4c4783341713813c3b	control_9f71fd11034cd55c931f23e145b9f8ccd98199df26322e812003d1924cacceb0	1	89	1	89	89	0.3595505617977528	0.47191011235955055	-0.11235955056179775	orf_782110296cf2b09eb48f39340a14a87648e163d6cd21aa7b80002f55e41d8917;orf_e816ae8945e94089e6e87e27d11b8476e0f472057ef78788bc68be656e5b67fc
peptide_b0f7012915787af8c78d24c3b962bedf5ff153a837d9fe4c4783341713813c3b	control_dd5b0de12377ef26b3ccb081a9a2bbdd1a08fbf26861720d0f29b3cf4f31a1bf	90	235	84	229	146	0.0	0.0	0.0	orf_782110296cf2b09eb48f39340a14a87648e163d6cd21aa7b80002f55e41d8917
peptide_b38a46e68fa112ecb3d07b06ff9f3c00cfbcb19b8f9098cd396c99a0030c80ca	control_3c81668025408b98fcc0eadd984698e5b445d10483275968375404c287018760	1	68	1	68	68	1.0	1.0	0.0	orf_0803c3a31cb9dccf403fcb525ffbc96a171319b8e337d99b5d06dd73d094d86b;orf_797b42700787ba0bbe5bda6bae6cc269e2dd0bccc877f8d3ebc81343042b5882;orf_d7a70cb2a2631994a41cf66c3e413698dd8a00221c490afdf51cefd4bdd12d5a;orf_eef5a3f2ed34f9c6ca7f1cf34aef1a931d573ca389dc78c7e9715c981dcf4ee0
peptide_b47acaaa34041c15379dbe15991643dd9960fe076300fb7a0b59cf4254e923c5	control_0b52ae5b66f4112036dd15e94442d990093c1bf90353edd2db23bc03a61818da	1	709	1	709	709	0.29619181946403383	0.26657263751763044	0.029619181946403395	orf_67f7e99bd46dbc0a388b5fb255002ee858a232b7dfd1f1d69189804bb98a2e50;orf_8ba405c368bbb228d2bb46c2b9857df599a42a12948cbb9af02f9e85ddfb2b14
peptide_b47acaaa34041c15379dbe15991643dd9960fe076300fb7a0b59cf4254e923c5	control_3cf404c83a2b3193ef5b44e2b9caf90cbd9cf4558e0442d1063b345181c8295b	710	941	14	245	232	0.06896551724137931	0.0	0.06896551724137931	orf_8ba405c368bbb228d2bb46c2b9857df599a42a12948cbb9af02f9e85ddfb2b14
peptide_b47acaaa34041c15379dbe15991643dd9960fe076300fb7a0b59cf4254e923c5	control_3f0d92535c83aaaf1cb87988f77c852edc115e2ada78a61d2ceef0c00008c8bc	710	941	70	301	232	0.06896551724137931	0.0	0.06896551724137931	orf_67f7e99bd46dbc0a388b5fb255002ee858a232b7dfd1f1d69189804bb98a2e50
peptide_b537f99b45ff96dfbe025055a4ef53a4d336495d89f7355a3e01399abae3638e	control_78848dc32b15f21981bf90f9bb304d5b9189088941226d4a162ca147b46a8202	526	568	428	470	43	0.0	0.0	0.0	orf_ba4881015a749e4fefe972b1f5b1520594c057ddc248489d62962e260ce3dcdf
peptide_b537f99b45ff96dfbe025055a4ef53a4d336495d89f7355a3e01399abae3638e	control_c2e23b4905b67a136cf777a8267c2d4f5b2aa8697f0b2a79d2ac79e2b307e3d0	1	525	1	525	525	0.660952380952381	0.6552380952380953	0.005714285714285672	orf_ba4881015a749e4fefe972b1f5b1520594c057ddc248489d62962e260ce3dcdf
peptide_bb6a0efabb44c22429af8b146d72d3eae65afa0851fc1b4f46e83997a65ef711	control_5f5ca554f66c9cb99c53359b60e58f97dd19eed572384f165a9d9f274a0dbf4e	128	578	76	526	451	0.0975609756097561	0.0975609756097561	0.0	orf_c7019f281f45cd519ec3f44bd6d441bb16a0064e8ab168dc31b8a1f2e195aae1
peptide_bb6a0efabb44c22429af8b146d72d3eae65afa0851fc1b4f46e83997a65ef711	control_a942c1bbfc874771cab8b39b8c35f4095c6ca003f72e7ca55da9ba4640e0b2b7	1	126	1	126	126	0.8333333333333334	0.7936507936507936	0.039682539682539764	orf_c7019f281f45cd519ec3f44bd6d441bb16a0064e8ab168dc31b8a1f2e195aae1
peptide_bb6d915a079cd22e4c6146fd7fd974ece5af6779270aa276b58776d32193b5a9	control_5a52f7834b7820bda6430e1e802a4589b3bc4a5186563b198146f8d86adc3cdc	114	272	190	348	159	0.018867924528301886	0.06918238993710692	-0.050314465408805034	orf_a982d00ad126331b05c85cf33ce28020ec9fdd27e873074c4014b2164d32f828;orf_cb10403f40ed705185652391facee785f11499e84222455841f5ed69a217d2a3
peptide_bb6d915a079cd22e4c6146fd7fd974ece5af6779270aa276b58776d32193b5a9	control_5fa1de73664e8fcb82df48f6de8d9194c750ddacae0f2a05224c9aea4d6debe6	1	113	1	113	113	0.0	0.0	0.0	orf_a982d00ad126331b05c85cf33ce28020ec9fdd27e873074c4014b2164d32f828
peptide_bb6d915a079cd22e4c6146fd7fd974ece5af6779270aa276b58776d32193b5a9	control_f350011bb7751c3418d3a199732edcba53664007adc3496eb364b018b9103157	1	113	1	113	113	0.0	0.0	0.0	orf_cb10403f40ed705185652391facee785f11499e84222455841f5ed69a217d2a3
peptide_bbc2f45c39296a9aaa3ba800100e72663162ae08390a550a054bad367a2fc139	control_2aa1802cbc660554c02a966b9085ec43b80d2c77451cb798e15d6554c43be5da	1	34	1	34	34	0.7352941176470589	0.5588235294117647	0.17647058823529416	orf_1a1d6b004a327a3421e2a15d0bcd83c9498386da31aab832732c1eb55a9c37ca
peptide_bbc2f45c39296a9aaa3ba800100e72663162ae08390a550a054bad367a2fc139	control_569b3df1f5ad13931d027202e0aa1b07798cdfbedecadfc82c0070bdd66d8299	36	235	112	311	200	0.0	0.0	0.0	orf_1a1d6b004a327a3421e2a15d0bcd83c9498386da31aab832732c1eb55a9c37ca
peptide_bcd139b19630cb31f3a89703fedd00936138336ed28e45f87045ef3f8222c90c	control_6f366a71820dbd610da837abdf371fcd75381321cdb53bea10d6c6c61dfd76f7	1	131	1	131	131	0.4961832061068702	0.48091603053435117	0.015267175572519054	orf_9159f523a21f270124bb5e55d7b0619f5e7131055d46976bdde5bb1d33edb2a1
peptide_bcd139b19630cb31f3a89703fedd00936138336ed28e45f87045ef3f8222c90c	control_931bbab1eee82c4cbd8a16e6326b38e80807af880644e30948ca0784126f5fb5	133	328	17	212	196	0.1326530612244898	0.1326530612244898	0.0	orf_9159f523a21f270124bb5e55d7b0619f5e7131055d46976bdde5bb1d33edb2a1;orf_e3c3484dacac8dae4f2bc9a8b74c8ab6f221dfc135585319db61d15eb677f4c0
peptide_c1948a8a77f5ea08c4d36a01e0245baa0c8132908e8bbe8e9ad8f218c1c8b54f	control_1c17dc92b2e60504681c3ede621d80cc87b40f0d26ebf748243378b605a54caa	172	408	107	343	237	0.046413502109704644	0.04219409282700422	0.004219409282700426	orf_6d8440676ddf9eb00500de546f907184c8a43dfd90fc646e427ed7e1359fc44c
peptide_c1948a8a77f5ea08c4d36a01e0245baa0c8132908e8bbe8e9ad8f218c1c8b54f	control_a4106ea84fb0d255780177e3278e9b6ee75027d89280a7316030f922aaca4ebf	1	170	1	170	170	0.12941176470588237	0.11176470588235295	0.01764705882352942	orf_6d8440676ddf9eb00500de546f907184c8a43dfd90fc646e427ed7e1359fc44c
peptide_c5aa1181f378e8535d24133e7306de2fee0a8ffef0f3b5dd13badc5dd4a2c962	control_454352c260a8e30113c81de962c9c2fe56f463fece67f56a974be807b8b9f6d7	1	135	1	135	135	0.8518518518518519	0.8074074074074075	0.0444444444444444	orf_aa741787239ceacdcc2e95d82c796c0243cb12cd93ad27d3873c78659716a421;orf_b32850e58bfd0be56b0360313dddfd9656323160b08ce23126d3c5dee1172e93
peptide_c5aa1181f378e8535d24133e7306de2fee0a8ffef0f3b5dd13badc5dd4a2c962	control_5467e9f1d042902c2a9c8045ae2249629eeb2de9c74bfc521fd1a5cdfad9ac4d	137	635	76	574	499	0.18236472945891782	0.1843687374749499	-0.002004008016032066	orf_513a834fb3fb53bdf8ba43d3e720f2cafa7e9a75423a79609d07d68071e199ef;orf_9e807e13d1c3c91e5897e393f93859f7f139f40d5f12ff41859e5a459c9cbdfb;orf_aa741787239ceacdcc2e95d82c796c0243cb12cd93ad27d3873c78659716a421;orf_b32850e58bfd0be56b0360313dddfd9656323160b08ce23126d3c5dee1172e93
peptide_c5aa1181f378e8535d24133e7306de2fee0a8ffef0f3b5dd13badc5dd4a2c962	control_f1aab743d6e5d1527b22cb2ba6d7ed2a11d9eccc947a0b68762e1adb31e9f4a8	1	135	1	135	135	0.8518518518518519	0.8518518518518519	0.0	orf_9e807e13d1c3c91e5897e393f93859f7f139f40d5f12ff41859e5a459c9cbdfb
peptide_c5aa1181f378e8535d24133e7306de2fee0a8ffef0f3b5dd13badc5dd4a2c962	control_f99eb4a3a59ede70166edf022296887f95f5563bd22e30018708bb7a0c6e545c	1	135	1	135	135	0.8518518518518519	0.8148148148148148	0.03703703703703709	orf_513a834fb3fb53bdf8ba43d3e720f2cafa7e9a75423a79609d07d68071e199ef
peptide_c616ef8758452c5c28c9c0ea6d2c5c5a1ea47daff6a1c63c1664c595ab5fdc6f	control_2aa98b51144a0ff580d476c8f355f7f1aa5e0e3dd0e7212d6d6b72a47d33e306	1	82	1	82	82	0.573170731707317	0.8170731707317073	-0.24390243902439024	orf_0db628344987ea956e3cffe84e91677c6f58a7b8d883b20d6fffe9587ab6c88a;orf_87a4925e9165d063bb1deb7d4d51cdd909b4b8ff6d6a05864ad5e8f44a91cee7
peptide_c616ef8758452c5c28c9c0ea6d2c5c5a1ea47daff6a1c63c1664c595ab5fdc6f	control_43a1049551ae07e88d18b6f10867877af1ce57df431fa377cc1878cd3e9628b4	83	175	420	512	93	0.45161290322580644	0.43010752688172044	0.021505376344086002	orf_0db628344987ea956e3cffe84e91677c6f58a7b8d883b20d6fffe9587ab6c88a
peptide_c616ef8758452c5c28c9c0ea6d2c5c5a1ea47daff6a1c63c1664c595ab5fdc6f	control_96c09b7ce46b58fe7b0736c03f58a101aaff0950637d8fb687cef32701de3eba	83	175	444	536	93	0.45161290322580644	0.44086021505376344	0.010752688172043001	orf_87a4925e9165d063bb1deb7d4d51cdd909b4b8ff6d6a05864ad5e8f44a91cee7
peptide_c7cbaf05452f930ea271c4310d7d53eb7a94d31003d4692c42f7a9310278a184	control_884b608ab8bc2f93536794469c5b9df7029d5d48c8f02aacd12040c052ecf957	1	49	1	49	49	0.6938775510204082	1.0	-0.30612244897959184	orf_7733370789bc19b766523c8b8d78d3e598b2d047bd51d43231efbcd80443bf8c
peptide_c7cbaf05452f930ea271c4310d7d53eb7a94d31003d4692c42f7a9310278a184	control_931bbab1eee82c4cbd8a16e6326b38e80807af880644e30948ca0784126f5fb5	51	246	17	212	196	0.15816326530612246	0.1326530612244898	0.025510204081632654	orf_7733370789bc19b766523c8b8d78d3e598b2d047bd51d43231efbcd80443bf8c
peptide_c9bd32c51697562e4682682f7973836127065d644b434e46336cf1b16be4ca7f	control_42cee8fb497d9021dbc5682a432eeabfb5aaa169092bc64b6cbbba6d68b061a1	1	200	1	200	200	0.1	0.12	-0.01999999999999999	orf_0777a69c951dd3b65025ae68d8ad8ed5b9a0e7f86873e2ec96c359ea88ce5220;orf_ddcc4e8699c3c9f5c38959791a6caa42cfd6d9be5c41dcb20dbccb293263b4e1;orf_e505a0516d4bfa98ed80123dc517711e0ae04d85b1aca269e04d90320cc58fc7;orf_f6b00b451f5bd20cc8ff8cebbd9208ad295f71fce505eb6981e144e94afbb256
peptide_c9bd32c51697562e4682682f7973836127065d644b434e46336cf1b16be4ca7f	control_9c41f4901fc2d4b34d77840cd5370e3a7ec23e0baf670fb59728d797e130c305	1	200	1	200	200	0.1	0.125	-0.024999999999999994	orf_08561a0b347dbc68d403a9b1fbe0837bac722ccedeb3370a5076a31b0f0312f5;orf_0eb561dc0a0a5f9d9fcbaeae914fe323cad41bb7249296aa86df3d1946ebc048;orf_aa51294ffb98c03417b3a6619c3e3c85a8195ccb294439b6319d260c397800da;orf_e89a543f12323e2a5f2774540717eb2755f3fd2ed4ed1e666fe30eaac1114488
peptide_c9bd32c51697562e4682682f7973836127065d644b434e46336cf1b16be4ca7f	control_dce5f71e22b102c9adb6874417b913a93c1251e19d860627ee26c2bd912cdf85	201	275	1261	1335	75	0.0	0.0	0.0	orf_0eb561dc0a0a5f9d9fcbaeae914fe323cad41bb7249296aa86df3d1946ebc048;orf_f6b00b451f5bd20cc8ff8cebbd9208ad295f71fce505eb6981e144e94afbb256
peptide_c9c43436c7d475fe18a20917c549cfe6185e1ef612cbff65fd8e6e8905429253	control_05307a69ac9e8a99a465f7230bb2f1f333e0996076b3f0a81b4dd38f3e8d6883	1	417	1	417	417	0.5323741007194245	0.5347721822541966	-0.0023980815347721673	orf_f5238ff0a98ee420865c9014515432663f85908a69b808f67f75947f185547ca
peptide_c9c43436c7d475fe18a20917c549cfe6185e1ef612cbff65fd8e6e8905429253	control_19bc81ed86f0d012186ee5dbde8c60de0fd9f3b7a2155113d495171e85d787be	418	565	220	367	148	0.0	0.0	0.0	orf_7d93bf0fa6c88c7f991aea362901ef7c4251b6c038ab61b232ecbfdc51a01e11;orf_f5238ff0a98ee420865c9014515432663f85908a69b808f67f75947f185547ca
peptide_c9c43436c7d475fe18a20917c549cfe6185e1ef612cbff65fd8e6e8905429253	control_e41f60f5bb7eefdd457c22b691222a67cc22093ad2cac6ab76d6943375d37c53	1	417	1	417	417	0.5323741007194245	0.5347721822541966	-0.0023980815347721673	orf_7d93bf0fa6c88c7f991aea362901ef7c4251b6c038ab61b232ecbfdc51a01e11
peptide_c9e5f8be670a1ae1d2a4735a6dbd307a6c40ff922d2621fd7bcb98a4150c9da3	control_19bc81ed86f0d012186ee5dbde8c60de0fd9f3b7a2155113d495171e85d787be	552	699	220	367	148	0.0	0.0	0.0	orf_385fc7f1238cd3295579422e7a68c249b08a8a9c0e875c40816d25238bd5713f
peptide_c9e5f8be670a1ae1d2a4735a6dbd307a6c40ff922d2621fd7bcb98a4150c9da3	control_c6c82692cd52a90d65438ea3b572f6daaeffb28fc95c1e022ffd660ef0d915ed	1	551	1	551	551	0.6497277676950998	0.6497277676950998	0.0	orf_385fc7f1238cd3295579422e7a68c249b08a8a9c0e875c40816d25238bd5713f
peptide_ca2772f82b0e861861636ddd31697e08475ddd2b2f93467e300b85d3aa0b3c75	control_e8716e413e794d444ca99a29cababe4f3823008e31575aa2e08ace28aa9ac3fc	1	2491	1	2491	2491	0.16659975913287836	0.1718185467683661	-0.005218787635487748	orf_034aa13d9a76aaa87fdc513d0c67895461c32502f19752a8af0d6e402f19512d;orf_46ef1e1f67ea5b5d82d695356fafb903d6015fb05e67f11452f3511c06c8d34c;orf_686b2f69db3ad21c8debc6e9b903c4bb93f2b5bf1c375b3f0f6df2ced3339a75;orf_96ed544db7c396936cde21463e1983b63649506b950bd89cf488c1cae81933f0
peptide_cb3b877487db63c75d8a61ca9a8bf692284b3476f9b1f6a3c9c6e16a8da2fdb7	control_55a3583ce96bcbebe89653a09d3b5343f631aba91cda94241d54426d38d3abe0	1	1648	1	1648	1648	0.19174757281553398	0.18932038834951456	0.0024271844660194164	orf_00dbf63a5e33cde7a0bdbf88af2631718f6d128b5495e4ddb958127b6a992cb8;orf_3ee325dc2dbde5e75db6ff60e331a90b0ae0b8d5f10a385034693c249e6b31de;orf_552b7f4ed2200da757d41f040ba8f3acc30bc251b4c2b0f05566ba6d4208b595
peptide_cb97015f50ef275c05983c5ed87741c420183c811a8e822dafb8f5a9508f892b	control_454352c260a8e30113c81de962c9c2fe56f463fece67f56a974be807b8b9f6d7	1	135	1	135	135	0.8518518518518519	0.8074074074074075	0.0444444444444444	orf_80d62106401bc35bec4651674dda9ccc7b2e71fa73660914786da003f66b7e42;orf_c51848e3659af41740e48518c9db7a15f75b0ad9aa7b1b85621849dfe8a9bcae
peptide_cb97015f50ef275c05983c5ed87741c420183c811a8e822dafb8f5a9508f892b	control_5f5ca554f66c9cb99c53359b60e58f97dd19eed572384f165a9d9f274a0dbf4e	137	587	76	526	451	0.0975609756097561	0.0975609756097561	0.0	orf_43b313b8b753c22586f8fae824f91c4a05462fbcfb2f23142e2693b19cd04f9c;orf_80d62106401bc35bec4651674dda9ccc7b2e71fa73660914786da003f66b7e42;orf_8d23a481b9ade18b540b3e9d5a0006d941ef383e10ec37df647877f93342540e;orf_c51848e3659af41740e48518c9db7a15f75b0ad9aa7b1b85621849dfe8a9bcae
peptide_cb97015f50ef275c05983c5ed87741c420183c811a8e822dafb8f5a9508f892b	control_f1aab743d6e5d1527b22cb2ba6d7ed2a11d9eccc947a0b68762e1adb31e9f4a8	1	135	1	135	135	0.8518518518518519	0.8518518518518519	0.0	orf_43b313b8b753c22586f8fae824f91c4a05462fbcfb2f23142e2693b19cd04f9c
peptide_cb97015f50ef275c05983c5ed87741c420183c811a8e822dafb8f5a9508f892b	control_f99eb4a3a59ede70166edf022296887f95f5563bd22e30018708bb7a0c6e545c	1	135	1	135	135	0.8518518518518519	0.8148148148148148	0.03703703703703709	orf_8d23a481b9ade18b540b3e9d5a0006d941ef383e10ec37df647877f93342540e
peptide_cf88e914fde7e920bc60427bb16d0451af6b04a869160e47318de2cd0c881f04	control_13b5675d262133b2e7b9ba2f999fcd3667c3f362ef7a376818e13b14b4e438b3	25	474	89	538	450	0.5533333333333333	0.5555555555555556	-0.0022222222222222365	orf_0135b7108d6511491c5012e2ac0efd1ecc51907aea458e2aed0638bf59aa4f51;orf_5ed5e57055783c911920020b4bb32d082d9fce7d766891f0bdd649cf1225ef39;orf_9593a5d662f8d285a14341e6190b6ba362c68efc82da52840232fc6af0546eba
peptide_d09ba36d63b4b05b94c1787f8ea186e5b841f5920b3ffb5356533bd95afd68da	control_678d7b3f7557c6b0a761f45cc3319a80ea88d6c4860a8d040f55f282752ac541	1	131	1	131	131	0.13740458015267176	0.12213740458015267	0.015267175572519096	orf_c4c8163927f9c137522921daefec5d87a22247b14495959e58775462a2445995
peptide_d09ba36d63b4b05b94c1787f8ea186e5b841f5920b3ffb5356533bd95afd68da	control_ff836638f23fb1eadfdc1c962d4e28016551d6ee1aefeb4c38851c068cf2991a	133	259	304	430	127	0.0	0.0	0.0	orf_c4c8163927f9c137522921daefec5d87a22247b14495959e58775462a2445995
peptide_d12ded276778cca561f61708455f059a1bccb3f6e5b75d6ea02f274ab7b9a20d	control_10ddcb886a5cd3a2db9b2764097530b46aeeabebcf5ab666a1fc9553c158cc00	113	290	47	224	178	0.6067415730337079	0.6235955056179775	-0.016853932584269593	orf_ec897f8f634f9e534c1bcbf7abf85f047fa678fd21a9f9245ba860b0d23ca121;orf_f67b2bce75d253c08274779c15e9210f146cbcdffe885e78b5d4eaa78bb991eb
peptide_d12ded276778cca561f61708455f059a1bccb3f6e5b75d6ea02f274ab7b9a20d	control_1bb99356d918b0fbaa9b069fdeb691f9390e078bfa32068a8186f372bbfd91a3	129	290	1	162	162	0.5802469135802469	0.5802469135802469	0.0	orf_43331dc36ac46aeaeeceaf73bf4202b517d0b6dd56e2e3453aef51059a035cc8;orf_76426c0f14c0fc50b017c9d1da6de1d10888b68cabf5953e4a861b248974dc09
peptide_d12ded276778cca561f61708455f059a1bccb3f6e5b75d6ea02f274ab7b9a20d	control_9223c320e908a1aa185b1d7bd83c86fef147d53461e8c7908368e2eef2a1b706	1	111	1	111	111	0.5495495495495496	0.5855855855855856	-0.036036036036036	orf_291d11a55b5b8e47edd583934eb5ab0a21e36e7dd5893e1d1c966b8a63dd0329;orf_43331dc36ac46aeaeeceaf73bf4202b517d0b6dd56e2e3453aef51059a035cc8;orf_ec897f8f634f9e534c1bcbf7abf85f047fa678fd21a9f9245ba860b0d23ca121
peptide_d12ded276778cca561f61708455f059a1bccb3f6e5b75d6ea02f274ab7b9a20d	control_b0c9eb5de887fbddd837b7cb02ba340ec94a8814ece8121f2791590c21b4465f	1	111	1	111	111	0.5495495495495496	0.5855855855855856	-0.036036036036036	orf_76426c0f14c0fc50b017c9d1da6de1d10888b68cabf5953e4a861b248974dc09;orf_e867e36ad1034108092fe6f03eab5ff5042ef1b2b696ddf33dcde67f4096560f;orf_f67b2bce75d253c08274779c15e9210f146cbcdffe885e78b5d4eaa78bb991eb
peptide_d12ded276778cca561f61708455f059a1bccb3f6e5b75d6ea02f274ab7b9a20d	control_c6aba8d4340d741a28c91a25c090e244dd19fa208c81611196586961c7a3ea08	113	290	8	185	178	0.6067415730337079	0.6123595505617978	-0.005617977528089901	orf_291d11a55b5b8e47edd583934eb5ab0a21e36e7dd5893e1d1c966b8a63dd0329;orf_e867e36ad1034108092fe6f03eab5ff5042ef1b2b696ddf33dcde67f4096560f
peptide_d155235fc72b0662d3c8bbf119a4f520de177b182c86e1bedc3fb455dd412ca3	control_a591c319b6588f758bddd3dcb5ce12dde1d1f663bc2b985a92ac255e2c5a9c45	1	130	1	130	130	0.0	0.0	0.0	orf_78fc6bcf488ac4faf62c315738a8487fee780221a4c78a4b61b084521ca6c30e
peptide_d155235fc72b0662d3c8bbf119a4f520de177b182c86e1bedc3fb455dd412ca3	control_ffb2237d030a56b7776f2232ae94a767f4a50175ca0f79e91e7b291b76bf8f7f	131	686	33	588	556	0.22841726618705036	0.22302158273381295	0.005395683453237404	orf_78fc6bcf488ac4faf62c315738a8487fee780221a4c78a4b61b084521ca6c30e
peptide_d349aa7322fee3b86b789ab684cd76079672d6b4c4cededfb18f9176d162adcc	control_00f204d97e5d0fa5951098199c808c3fea15f364cd8e1594dc26af5b61a915e1	1	149	1	149	149	0.0	0.0	0.0	orf_ff991d94294ccd59d7f289b9704e8c41a8f122199ae71408df59e024e84a05e2
peptide_d349aa7322fee3b86b789ab684cd76079672d6b4c4cededfb18f9176d162adcc	control_ffb2237d030a56b7776f2232ae94a767f4a50175ca0f79e91e7b291b76bf8f7f	150	705	33	588	556	0.22841726618705036	0.22302158273381295	0.005395683453237404	orf_ff991d94294ccd59d7f289b9704e8c41a8f122199ae71408df59e024e84a05e2
peptide_d7cfe4bcbfc06555a21a4e31ff58a6da16586e2dc7c03042c57eaf3dbcea97a8	control_59f3187a933c6f544e5dae5c3a8003b5441eea8a0c323c0fb3d8e8ec7ebed370	181	455	145	419	275	0.05818181818181818	0.06181818181818182	-0.003636363636363639	orf_925fcf7734d98150f688f7c58c87164132aa8b36c4f2885f04f9c6982efe4076
peptide_d7cfe4bcbfc06555a21a4e31ff58a6da16586e2dc7c03042c57eaf3dbcea97a8	control_cca55e69baa29342dd2ed300569f0380855c6e2f3edfc90359f7f9bc084418a5	181	455	156	430	275	0.05818181818181818	0.06181818181818182	-0.003636363636363639	orf_2c6c64cb4a5530a7bfed0fdfdf87e034dd83f1357a0c68901d5cc2b7e5ccc322
peptide_d7cfe4bcbfc06555a21a4e31ff58a6da16586e2dc7c03042c57eaf3dbcea97a8	control_f221b19748dc8d17c4ebdd2f1b57148abbfac1dbd9cf5e206e872e9ada709ed3	181	455	142	416	275	0.05818181818181818	0.06181818181818182	-0.003636363636363639	orf_04affeb52b2dd54af899a2f338ef09d300f7c3a627342c3140c7599d7a6bc1bd
peptide_d856b7bb2fc8dfa370b5ecd0078cd483e64a89cde2fe7a9e77010c39f9e1f75b	control_42cee8fb497d9021dbc5682a432eeabfb5aaa169092bc64b6cbbba6d68b061a1	1	200	1	200	200	0.115	0.12	-0.0049999999999999906	orf_5ebbab44afcd7ee3f5ad36b945126494592469f15251f017c6020b600a411092;orf_d3fd33a0e1d267ceecc8ba74597b9c3df31ebf394a6b30aec9e461b2dc0e0063
peptide_d856b7bb2fc8dfa370b5ecd0078cd483e64a89cde2fe7a9e77010c39f9e1f75b	control_9c41f4901fc2d4b34d77840cd5370e3a7ec23e0baf670fb59728d797e130c305	1	200	1	200	200	0.115	0.125	-0.009999999999999995	orf_218994fccd27d73925c5c4c3b94bdff8c1ac5eabea773d6e2fb799ce1f1b5077;orf_329301864c7fd90dcd37fd618b00691caf002f79bcef2f6444f369e8ecf8e6ae
peptide_d863b4181c9445613da3877663fc081e228ed82f65667b4d3ed864a4251e3f95	control_5fa1de73664e8fcb82df48f6de8d9194c750ddacae0f2a05224c9aea4d6debe6	1	113	1	113	113	0.0	0.0	0.0	orf_f700356b5a832ffb480a83f0c8f778eefff78052026ab3f28f05befa3a9be045
peptide_d863b4181c9445613da3877663fc081e228ed82f65667b4d3ed864a4251e3f95	control_f350011bb7751c3418d3a199732edcba53664007adc3496eb364b018b9103157	1	113	1	113	113	0.0	0.0	0.0	orf_7b58a6fc8dc92fc62e3de4813e92eb3c60fed8788567a0d8778a1177110fd07f
peptide_d8d5b0b8301c06d3b9cde19098580d9cdc661be23dd4a22cd9bae2c753192db2	control_52872abefe0791481ce87f4207a44039956abdc19ae955c3bf7580aff50c0463	1	48	1	48	48	0.20833333333333334	0.22916666666666666	-0.020833333333333315	orf_00e087f7ed9c2688331bd600346af1a7c61b0b512542e17584b311b166eb2c6c;orf_8d3e616d3a2065470398feac56b2fcfbc55906623ad12cec8c24a9b8845c4b75
peptide_db377c7d3a9026616bfee0cff0333714ba0a86b262b36d79a3f15fae46241c91	control_bb35a936b0a3024469628d3d10185ae274d1d0c1c66c616c5405acd8bd543df1	1	103	1	103	103	0.0	0.0	0.0	orf_3510566e5839835f0557835a328a1efbb8d17fd3ab084cd5c60aaa68e5b1f86b
peptide_db377c7d3a9026616bfee0cff0333714ba0a86b262b36d79a3f15fae46241c91	control_ce4bccca991af9e6141c14e38777536c359b9a6c9d302e443bb74bebddb0f6cf	105	317	200	412	213	0.5727699530516432	0.5305164319248826	0.04225352112676062	orf_3510566e5839835f0557835a328a1efbb8d17fd3ab084cd5c60aaa68e5b1f86b;orf_4c2ded88001323295b0702355c5a4d73a8df87a98ea97e21d6c4af77e2b0f9c7
peptide_db377c7d3a9026616bfee0cff0333714ba0a86b262b36d79a3f15fae46241c91	control_d4574c6958090f8f531cea3fe53c47d8aa85183db1e093588cc2a390b30040d6	1	103	1	103	103	0.0	0.0	0.0	orf_4c2ded88001323295b0702355c5a4d73a8df87a98ea97e21d6c4af77e2b0f9c7
peptide_dba94fe4564b656dcb4c88ed9c0af05dfe78a7d6ea0ef18b1c71b29fe58fa0d9	control_1ac72fc852fd36e6ad5bbb70d6d75f98e6c4b549da94d994699921205474084e	1	78	1	78	78	0.2564102564102564	0.2564102564102564	0.0	orf_6709581ea595bf7bd3d3300ed5716539003ecb7ae0f1f0f78953906e680ea91d;orf_f53cc5fb9acdd00a38804c39af1f840e97e8ccd6808a89b993563a9718e4c9a5;orf_fdc241ba9fad2dae5ceb4956d19962df9769e5ae9bfe1aedc0af36b086abe21b
peptide_dbe63ac2fd19bcb0471334efc8f3f26068724f8a1fa27b6ec33cea8d1276d6e7	control_7136630f68b2cefdfd3e957e32b5fd4c1d26a024b6a64dbf039db571f7a48b2f	1	104	1	104	104	0.5192307692307693	0.5096153846153846	0.009615384615384692	orf_4c21b1a303b7258ab6faea0204654d36fb14340d00a0226299fbe2256fec9c2d;orf_87aad3e7f8cad333c535ee79c584c6853c21494cd1f4c3de3634e030f43e1b33
peptide_dcf65a11538f918eae65b31adc4bb6b591a7c882dd13c3d3721b01693cb43f84	control_2282400bf49f93a3d310bbfbe8131542fc206fa5575d756cc704c89f4afa6cde	21	53	45	77	33	1.0	1.0	0.0	orf_b598f487349d72cdb4a1482cd17ae7ce7429a51782d2d7af7cad24d338d5634e;orf_bf615a622151ab170c5210863047419cb50ae25b370f261be19337888ff4212e
peptide_dd05b2de8b0dff54a99f32fb5534a21ea7b2859c77f90ebe3af16b628329d84d	control_5a52f7834b7820bda6430e1e802a4589b3bc4a5186563b198146f8d86adc3cdc	88	246	190	348	159	0.0	0.06918238993710692	-0.06918238993710692	orf_36fd9035a50950b01e309c9bc972b16370c0d84f8e9ba391ff532a59c4920895;orf_3e63e847f550dc238aff17fd9322d7d27ff14cc14a7c989297c823b9e49e9094;orf_83f97f86c8ed2ae30a0afe6cafeb2b41194c20981de83ee83b56b9ccb8eec04b
peptide_dd05b2de8b0dff54a99f32fb5534a21ea7b2859c77f90ebe3af16b628329d84d	control_c1d4eff5d1ede542260fe91111b1ac3522e8ea3d0af067ba7fd648d6736a2f78	1	87	1	87	87	0.011494252873563218	0.0	0.011494252873563218	orf_83f97f86c8ed2ae30a0afe6cafeb2b41194c20981de83ee83b56b9ccb8eec04b
peptide_dd05b2de8b0dff54a99f32fb5534a21ea7b2859c77f90ebe3af16b628329d84d	control_e4f4c2b8bc5c37a9e12c75392e17bb9d2c27ab3d000a83e487871de6e3663647	1	87	1	87	87	0.011494252873563218	0.0	0.011494252873563218	orf_3e63e847f550dc238aff17fd9322d7d27ff14cc14a7c989297c823b9e49e9094
peptide_dd7c67c48b8513a5d2fb9cdfa8fc9e1c4bdc2c4184b06ef715954b7c4d66e566	control_29f3a53988a81586d7a66311333cc8c58581b053207c8f0f45d372ff2158c188	186	468	285	567	283	1.0	1.0	0.0	orf_11da3b22ddd8cdf431c6b23c4158dd895d72cf9c708ea9c545f1dae058ef6333
peptide_dd7c67c48b8513a5d2fb9cdfa8fc9e1c4bdc2c4184b06ef715954b7c4d66e566	control_cacabfc519ce52e6d2ce34decfc858636000ea3da89583c0de3e7452f7d12bb7	1	184	1	184	184	1.0	1.0	0.0	orf_11da3b22ddd8cdf431c6b23c4158dd895d72cf9c708ea9c545f1dae058ef6333
peptide_ddd4cd153f6619b54c5711ed15b99bcbda63e0216ad10154b681f2ff63d4678c	control_7252f191f18b76776d0935c2a5ae13c0006c85b44ff87a36069046b6ab1036c3	20	260	268	508	241	0.058091286307053944	0.058091286307053944	0.0	orf_7098ca13158dab0dc51852add1d04a457d01e0e4a2628a60fdd64799ff9cc8c1
peptide_df2c551958df67bbccad0f87c785fb069df18fc67668af2ff95835daf8fcca3f	control_011cac683ab698f112355673dfc8960f01e3cc951a1f3efb1776fbc4775efd55	1	39	1	39	39	0.0	0.07692307692307693	-0.07692307692307693	orf_26ad90cf58fca0181b5c1c8c3000291863caa1ce3b0cfe3f1ae448ad0de509dc
peptide_df2c551958df67bbccad0f87c785fb069df18fc67668af2ff95835daf8fcca3f	control_6be63a813beda9a792ff295d937a8bddb1ed997ad9aafbfdc51e0b840c89b977	1	39	1	39	39	0.0	0.07692307692307693	-0.07692307692307693	orf_7cc63bf6d6f0a0523f1e328da493eef4e437b34fbaac5c6059168fbedfbf46f6
peptide_df2c551958df67bbccad0f87c785fb069df18fc67668af2ff95835daf8fcca3f	control_ebb69716c14a6061ab5c81f9659dc98b0727f90cc1aed3918aa4f26e05d70efe	1	39	1	39	39	0.0	0.07692307692307693	-0.07692307692307693	orf_a1ad6473aec66acdff5cbcc3357d787c7659bdc77ee3ab5a531964ec95f4aa89
peptide_df2c551958df67bbccad0f87c785fb069df18fc67668af2ff95835daf8fcca3f	control_f892fbf09494ce264bc5004260737cc3f04fa1e16e7af904563e16077848cef9	1	39	1	39	39	0.0	0.07692307692307693	-0.07692307692307693	orf_012fcd8755b5cab37262a9102aefcfa997e4bdad864d499d86abd55ea810d569
peptide_df44b28c7c8070fa139d1324a6441969ed0e1e1c84e0b535e304ae32a32b021d	control_3c750873ab0f5fdf32046aa0702ece151303d8ab465c0f0568cd87bf7b161ea4	1	62	1	62	62	0.0	0.0	0.0	orf_2c6cee74545416344906a9d2affe268a41fb0995bef02d2b46c9c3bca29055c0
peptide_dfa0f70392894092a6ebb5547ba8aec5110bf75282b42da97ad017230e00c4e6	control_086fa607deb305525f71ed46e3a84fd9ba76d0834b3c0dd1a2f6806c5856dc0f	1	222	1	222	222	0.17567567567567569	0.13963963963963963	0.03603603603603606	orf_4b4871d1c56f31591d1c3e2ab8cdaa13978eda5518aa179b61f2fda3743e5120
peptide_dfa0f70392894092a6ebb5547ba8aec5110bf75282b42da97ad017230e00c4e6	control_1a91ab23afa3aaddededca49a9a2f3b0b8253e9f1cc6afc7d6690a4adb8e1def	1	222	1	222	222	0.17567567567567569	0.13963963963963963	0.03603603603603606	orf_0dd67054757ec78df1f53f3b8253e22f406ef043b3f4d8a36d74178981d3dc2a
peptide_dfb8a2ccde79614b69b3425f8cd6ffcf0f2bddaf437ae76facc8bb7ebdfacb2e	control_971643a7a6b3dc89f0c944f9560776ab9311cea51c0d0191e4ad271d724de080	158	193	274	309	36	1.0	1.0	0.0	orf_612f638ddd0cb6be43cbbfb68f477ee47153bdb53327f41a306395dc4f92f43f
peptide_dfb8a2ccde79614b69b3425f8cd6ffcf0f2bddaf437ae76facc8bb7ebdfacb2e	control_9f85adb8253c89847663013745920bdcc9bbf25f7153a8b99adebc08a8f792c2	1	156	1	156	156	0.019230769230769232	0.0	0.019230769230769232	orf_612f638ddd0cb6be43cbbfb68f477ee47153bdb53327f41a306395dc4f92f43f
peptide_e0d3fd43f9f22d7297190f8f414371f7c190ecfc647bf5c34c551d12c1c4357c	control_086fa607deb305525f71ed46e3a84fd9ba76d0834b3c0dd1a2f6806c5856dc0f	1	222	1	222	222	0.15765765765765766	0.13963963963963963	0.01801801801801803	orf_a736d4084654e6676326664c8f6e1b4bb95457310a24be9c1737694620206b92
peptide_e0d3fd43f9f22d7297190f8f414371f7c190ecfc647bf5c34c551d12c1c4357c	control_1a91ab23afa3aaddededca49a9a2f3b0b8253e9f1cc6afc7d6690a4adb8e1def	1	222	1	222	222	0.15765765765765766	0.13963963963963963	0.01801801801801803	orf_25937857a6c554aeaa5b33ea913f30928df67e3712806202be8dfa58c3d79740
peptide_e2e945499d969d3f3f5c7f6e58c493d60821e9a3917cc4a3b4c9157cc333163e	control_c13f0f65d3165b6465f0252b6b81c75f4dd2d80db165bd113219514211e59aad	1	188	1	188	188	0.0	0.0	0.0	orf_630f853a1c1839c9dce00d443b50f062cefab0cd2579ad4c9937847b928896d9;orf_a7559beae5ccc308ccd1e01aa39fa185f3bd2b8860668e2d35ccf15c5f17700c
peptide_e3551690a6b76267d8c2b08ac175a3a20ff96f0247e854ef37f71567b7497c7a	control_9223c320e908a1aa185b1d7bd83c86fef147d53461e8c7908368e2eef2a1b706	1	111	1	111	111	0.5495495495495496	0.5855855855855856	-0.036036036036036	orf_0c99ffb2d09d0b02ad5e038642a55d6944d17b2c2f2ea9b27e0b2d70c06476ba
peptide_e3551690a6b76267d8c2b08ac175a3a20ff96f0247e854ef37f71567b7497c7a	control_a5fe88cd7ce01bc7b8a5d20e372f87cf5ad2f717a9cea6961f8f6fb3ed1662f0	113	304	8	199	192	0.65625	0.6458333333333334	0.01041666666666663	orf_0c99ffb2d09d0b02ad5e038642a55d6944d17b2c2f2ea9b27e0b2d70c06476ba;orf_45bb831b559afb53c0536756df2e2bf9c857d5d2b78d1ed351352ab245a0434a
peptide_e3551690a6b76267d8c2b08ac175a3a20ff96f0247e854ef37f71567b7497c7a	control_b0c9eb5de887fbddd837b7cb02ba340ec94a8814ece8121f2791590c21b4465f	1	111	1	111	111	0.5495495495495496	0.5855855855855856	-0.036036036036036	orf_45bb831b559afb53c0536756df2e2bf9c857d5d2b78d1ed351352ab245a0434a
peptide_e48f3c517ce97280418f285dcc2fded5b7e117f6b8dabd50384472b8eb355ff2	control_5fa1de73664e8fcb82df48f6de8d9194c750ddacae0f2a05224c9aea4d6debe6	27	84	66	123	58	0.0	0.0	0.0	orf_0ae1d6024582a0875002a3363788b9204436d04118f2a5476e431a7831da7e7d;orf_b506906d414898af9b3556e327e0932af2abac6f1a8bb28bd04c17e83337365d
peptide_e4d7de5a0a608c817a0fe1dfffd651af36fe378e122c1b14712e4c434175579d	control_cb91e3786b655e1b5e29e6a598399efc2602eb9df37bedfc09cc2b2df8bd5789	1	82	1	82	82	0.0	0.0	0.0	orf_0c6bb313d4f309051afb780300387fd0d1bf63fd9c83e5794f7f1e7170aec8b9;orf_9c3663dc7a67f5472f22599dd3b3d4d964af8adc9497392743a079b7a7e11f3a
peptide_e4d7de5a0a608c817a0fe1dfffd651af36fe378e122c1b14712e4c434175579d	control_e95b32d5a4ebdd87d6988bb212828f0fb71027b4261b98ea46d643359e8e6dd0	84	176	259	351	93	0.27956989247311825	0.3225806451612903	-0.04301075268817206	orf_9c3663dc7a67f5472f22599dd3b3d4d964af8adc9497392743a079b7a7e11f3a
peptide_e4d7de5a0a608c817a0fe1dfffd651af36fe378e122c1b14712e4c434175579d	control_f828f0683b5d80a7349b41671618e53a91dfc92bfa2cc207c41c91b2f0c35abb	84	176	266	358	93	0.27956989247311825	0.3225806451612903	-0.04301075268817206	orf_0c6bb313d4f309051afb780300387fd0d1bf63fd9c83e5794f7f1e7170aec8b9
peptide_e5af13d33e889258c3c023a666c476f620d82348973f983e518b9779866522d1	control_05baf7248422cf32e3196038af7d9caf6bf281785fe8e59880148d56ea88e9a8	21	175	154	308	155	0.09032258064516129	0.13548387096774195	-0.04516129032258066	orf_4608ea56dcf90863ba7a574f463c9ffb6abe595f384fe1d4f9272740443b28ed
peptide_e6bde9e98c0c71a406cda37d339a2829de1ba0ba203b851d67e4082deda858a7	control_4af5631edd103498d305f8671892ebc2ebdb7b7c96d223f00d0c25be4f26719a	1	111	1	111	111	0.9819819819819819	0.9099099099099099	0.072072072072072	orf_cebdf3903d1652e0315909c6d5d972c4917d9085a242ebc78bee400d547a5c7e
peptide_e6bde9e98c0c71a406cda37d339a2829de1ba0ba203b851d67e4082deda858a7	control_7f93dbaea487bf22125a75e37cf513e64310719b892bcb62e1bf0c9350a56b43	112	383	1496	1767	272	0.0	0.0	0.0	orf_cebdf3903d1652e0315909c6d5d972c4917d9085a242ebc78bee400d547a5c7e
peptide_e8b37fb4123387d477121be6767ff9b0e64886eca7291810abf400d584152ca2	control_931bbab1eee82c4cbd8a16e6326b38e80807af880644e30948ca0784126f5fb5	66	261	17	212	196	0.14795918367346939	0.1326530612244898	0.015306122448979581	orf_79e0744a0fd38a026c7a23b8d196a1246088e8135bd604a68d3a254647b88e33
peptide_e99c765e89e22454b77f5bee5b91d4a1c68ae4acbfc5e433be58eddefc6e939e	control_43a1049551ae07e88d18b6f10867877af1ce57df431fa377cc1878cd3e9628b4	78	170	420	512	93	0.45161290322580644	0.43010752688172044	0.021505376344086002	orf_66450fd83eb987665e932d094f6381794cdb5f58276215e66f419f73d29c268d;orf_ac6c1b74bb5d473257bb33d204ce4af1ac2c070bb45b8ef849664808b1a27f2a;orf_b732652db04157556f092f4652d743f6bec9c4490269cae10c1a9c3f544f0fcd
peptide_e99c765e89e22454b77f5bee5b91d4a1c68ae4acbfc5e433be58eddefc6e939e	control_79fe01e0caa7eaba65689649d0107963a1089d63125ac6b89566e464f26487d6	1	77	1	77	77	0.7922077922077922	0.8181818181818182	-0.025974025974025983	orf_879916e89bfebdfd5baddda6cc03e078765c0d01e75b9f9a08dbb950a9987df7;orf_ac6c1b74bb5d473257bb33d204ce4af1ac2c070bb45b8ef849664808b1a27f2a;orf_b732652db04157556f092f4652d743f6bec9c4490269cae10c1a9c3f544f0fcd;orf_ea0b380b262d4aaf2142609c64cc3580e90fa4256638c6028c18ee5ef9e73840
peptide_e99c765e89e22454b77f5bee5b91d4a1c68ae4acbfc5e433be58eddefc6e939e	control_96c09b7ce46b58fe7b0736c03f58a101aaff0950637d8fb687cef32701de3eba	78	170	444	536	93	0.45161290322580644	0.44086021505376344	0.010752688172043001	orf_0de8f22856f1579fec381d9cd2c7d46aa813d2f9816a0878d42603491e54b741;orf_879916e89bfebdfd5baddda6cc03e078765c0d01e75b9f9a08dbb950a9987df7;orf_ea0b380b262d4aaf2142609c64cc3580e90fa4256638c6028c18ee5ef9e73840
peptide_eaadb81f5c70805626da52cd61e57438d32bf21d9a2d8384477f99624294a992	control_05baf7248422cf32e3196038af7d9caf6bf281785fe8e59880148d56ea88e9a8	1	152	1	152	152	0.8289473684210527	0.5986842105263158	0.23026315789473684	orf_33774b8689cb4169d9d5c569e811cb8b0c5dd1e5e0f852c252b578329475827d;orf_3a3719b643b5332d1f688379422ecdc9e467524ae0b29003eab6aa60983114e9;orf_8617bbdb004d5737186e0be52b644948330fbd921a90e8013f53461d0ef2d789;orf_96c6ff77691c5b31324503ef3b35277755a07aacee49c1ce0f805ac283aeb880;orf_9b52bfe86a98c4d0680be6713b9484b3ea86eac52df4b08a54bd96601aeee3d9;orf_f92033d45e5bdc889fddd384233c1684e351d8dccf49d0492cf31c9fc27195a1
peptide_ed94a7c73c5bb4d289c56f618b0eb9ee4ae8c7f74e21cbb1da03f872cd1f9de4	control_c1d4eff5d1ede542260fe91111b1ac3522e8ea3d0af067ba7fd648d6736a2f78	1	87	1	87	87	0.05747126436781609	0.0	0.05747126436781609	orf_f818b91beb01a006f208f8659c07167acf274f09386f00fcf3491275c613bc95
peptide_ed94a7c73c5bb4d289c56f618b0eb9ee4ae8c7f74e21cbb1da03f872cd1f9de4	control_d5e584c2a04ce44d8c5759ee1d77bdd925ca075bde39bf1e30df77ae8e1e290c	88	245	190	347	158	0.0	0.02531645569620253	-0.02531645569620253	orf_434972e5e1a310ced675f5f56feeb9d12ea53de83d79dd1b67540d6b57a0db31;orf_79626bce4ffe34768486c7324c249e4f62130350bb7691ad03b1a1493a5874ff;orf_f818b91beb01a006f208f8659c07167acf274f09386f00fcf3491275c613bc95
peptide_ed94a7c73c5bb4d289c56f618b0eb9ee4ae8c7f74e21cbb1da03f872cd1f9de4	control_e4f4c2b8bc5c37a9e12c75392e17bb9d2c27ab3d000a83e487871de6e3663647	1	87	1	87	87	0.05747126436781609	0.0	0.05747126436781609	orf_434972e5e1a310ced675f5f56feeb9d12ea53de83d79dd1b67540d6b57a0db31
peptide_eed915b6ca8b3996cd855855d0eb3687677480ad6600d6a859007123a2d56e75	control_0af4b20b98fdb9029e65a85f53d9e56531ac5d4121a62ad5472ef6c7e9aca280	1	1626	1	1626	1626	0.18081180811808117	0.17835178351783518	0.002460024600245997	orf_3909843b2dc779f2d59db3df01c2a09825f2475229ac8908f1b6989d6a803d2b;orf_703ef684468bb06dbb0dba2a0bb35d3ca6ce0946806712a9f400f0425ce8d667;orf_863dcfe1cb54bcc45f6bdeec769ce68a3db5e78ed67bed76997cb1434d0759f7
peptide_f0766d124b52f0061597ce4e822e9275a04152df574f9a512631a0fa6ed8a2fa	control_b04af00e946c0ba633eab8b927ad23819999c132af53d6607daa52e220beffd6	1	73	1	73	73	1.0	0.0	1.0	orf_72aa4aa9c7dc2940458fed952a5c2fe8c582d5fc93f955e8d1694feb835abdfb;orf_79b936c73f20a7520dfd9238b31ebd33ee54a0bd0166019a540dcb9ffe53d30d;orf_83ccc490a3f531d466e63ae4d0a9bbb22188d685cb62240d2535eb5e89646d66;orf_e5993add2e0661cc2e675829b5bd0cb897102ee31f6141d212fd9ca8e6a79426
peptide_f0d37395734f61dc7792a5acf6ad495d9a1058302b01d4fa1338af9f49112dac	control_74e348a4a10ab201503816cbf128a87d803e9537a5115148dd5e68cbd0df42be	1	72	1	72	72	1.0	1.0	0.0	orf_b8914623b67c5331b1db05b2f386627f8488c9baad3a8dd5662072dcc710142f;orf_be6a40457a264c7ab10ebab041f3ba0d0d59e5255dbb64684d3c54906853e98e;orf_caadab2eaedf49c2899e37cad6a0619e8eee56fc0c4a6ed751837e860001e725;orf_ff00d8c9fac5e982c7073224c52618c1fb3298aec77c513da830b802124388df
peptide_f24219a126525f2d211114163d59773936920bb6110bdcc3eba476c5a060678c	control_12391ef308f1b7d1f62d0a5e8dc781b659438d88ea6c34ff2bbce795a3076e80	1	491	1	491	491	0.06924643584521385	0.0855397148676171	-0.016293279022403254	orf_579613ab55720418ba28ca4545de0f4bf1e4dac765ed3b996eddc159e8ebf723;orf_734311235ff5435cb5a8dd238e21f3bffe1141f76d5cdc100591af1673f71c38
peptide_f24d6b7fa37dddf47c2a5a41244495275ae838ba9d20379f92b7e8df069983ac	control_42acabca3dc8f1e7248798688055ec4066b2bdbd4a2535b6fac4875cebc9f984	1	147	1	147	147	0.1564625850340136	0.14965986394557823	0.006802721088435382	orf_3055459db4c5141e066188252e9db726efded8d404940fa92933915c89937a60;orf_5874bd2bcac4e1ed47d4c5d20547566f893530ccb25f5d26bd411099188ae40e;orf_5c1dbf0aff49a471bd00ef26798bb06e17e9f3a96f640913b7987e89544aae74;orf_9af64288b9fceb00f7c41e8a89de185b55b9e7e932b085c4fc8fb6fceeef1651;orf_beffc7f081fdac9d12edb55e2322e917025f1573703ca8d912d4ab246878c199
peptide_f3b157eea4a7b3afed59584e95a707bc05cb7cf6e128952858f1c030fdca8e9f	control_1921d93ebf190fd685a8ec2b89d8c4f945408ef66d0c226eff736a99677bfc4f	1	68	1	68	68	0.16176470588235295	0.11764705882352941	0.04411764705882354	orf_9a6b42af67d81477bd7a275c9fc6b7168a570146f662ebc06a8e0a7f0f28b808;orf_d512121fc2a33ebe3a2a769cecef91de5f1e9e24d1ca8eb56edb67fb915890f2;orf_f561c11401fa87747d6151990315fcdd51535d7895d8e648a83b915997fb3c9c
peptide_f41443bc0b10f416c99dddf5688636205400f620bb71771505df8299c360c620	control_79d5934e81d7e4ff207c95b8750c6107750910dff0f9ace672d5cf17f60ce3a0	1	119	1	119	119	0.0	0.0	0.0	orf_6094ddc9a076b8c6e02d48b74a66df195b3b3425a93ef1f640855050f48c2938
peptide_f7b68fea961e6f0194842633b1fdb2a31f6c14e63114270cc1767153d4d2780d	control_3fdf2bd2689ccc352b67ba2c2b3ed25ee49338a36fa8014888b4a22dabf3782a	74	292	345	563	219	0.0	0.0	0.0	orf_9e446696b83b20cf02b3d2df623891f726b8fc366a197a4677fb9209ee5a3350
peptide_fa6506540deb5226f196b5e2c3dc3fd6a10972fec505231d4d43a33b7e157c2a	control_28a84aa548bd20d17cd693ba7bda4b72758564710e18f71be1778652ca4c8008	186	915	284	1013	730	0.7068493150684931	0.7109589041095891	-0.004109589041095929	orf_3b8891dd2920d50e67fc79ca136b46ee2b1c98af810041eb7f75f8bfc279b06b
peptide_fa6506540deb5226f196b5e2c3dc3fd6a10972fec505231d4d43a33b7e157c2a	control_aa8dd22ca0da9216315e324ab75966c02a8dbaa4ad10c16632e5d71a34a2f996	186	915	258	987	730	0.7068493150684931	0.7109589041095891	-0.004109589041095929	orf_3322b66cca49066f891cd104202a71b386ed3e550088ad62cf5124ce68c5d6f0
peptide_fa6506540deb5226f196b5e2c3dc3fd6a10972fec505231d4d43a33b7e157c2a	control_cacabfc519ce52e6d2ce34decfc858636000ea3da89583c0de3e7452f7d12bb7	1	184	1	184	184	1.0	1.0	0.0	orf_3322b66cca49066f891cd104202a71b386ed3e550088ad62cf5124ce68c5d6f0;orf_3b8891dd2920d50e67fc79ca136b46ee2b1c98af810041eb7f75f8bfc279b06b;orf_d0e4953c630c612bf4a379e99c3596f3b8e575d5d373b168edd44e4f398757b3
peptide_fa6506540deb5226f196b5e2c3dc3fd6a10972fec505231d4d43a33b7e157c2a	control_f11d06be20d5d904790b0667758ef8b671856267eef3cf0b5e1ecc593ad4b262	186	915	285	1014	730	0.7068493150684931	0.7109589041095891	-0.004109589041095929	orf_d0e4953c630c612bf4a379e99c3596f3b8e575d5d373b168edd44e4f398757b3
peptide_fa93e53ac27b4b7dae1a80f579d41c4b15d48643b853104cb1872d9055bb9812	control_b8f8063bed84a63d5090a9136405f2365905bb0dab8a819aa4f08ed7c70edb84	19	250	616	847	232	0.0	0.0	0.0	orf_0dd25baec7b1e0e82e86ee269b661f29a7624e83989330b8d1648e22ab20e736;orf_268ce05342151891ee53651f31d57207f449d0c919fd12b6b131fff5d0fd3a3c
peptide_fce534cced06c5860a0e4e21ac53ffa1a3c03bdd613724466f90f0578df30471	control_14e754ce4bfad3025d57e4ad785075cb65ba2fed7bb75680c2e54a1dc0344142	1	151	1	151	151	0.006622516556291391	0.013245033112582781	-0.006622516556291391	orf_0f4248f228ff5ce03c2f1317ddb83380fddedf695996f08a1535f720876ff9cb;orf_e9e7147bef54986d4c0a6b66f9fe9fd077b7e7258b5267020efab72b37ad53d5
peptide_fce534cced06c5860a0e4e21ac53ffa1a3c03bdd613724466f90f0578df30471	control_187794a78cbec24bc71374c93ee6e850c9b47fc1a26ebef62486d1761feea239	1	151	1	151	151	0.006622516556291391	0.006622516556291391	0.0	orf_1e47c1d32acda0864d4d19e8e5a52a1705b638cccce847111ff998aab7884370;orf_3edc6f4184ca8211d43089782416b75c8bde7295b985b155e6977ded8324b189
peptide_fce534cced06c5860a0e4e21ac53ffa1a3c03bdd613724466f90f0578df30471	control_5e4faf285608e0d726a625dbe134532ae0080c1b78d7ae64241477740b1b6025	1	151	1	151	151	0.006622516556291391	0.006622516556291391	0.0	orf_b3f205f24094c36838dc80e41a8be02ed5b4c00938cbcda22534c7ce10bf258a;orf_eb40859ac0ac48ec001685db5d56433a424f30113a17f3f5e7493ee064094f6d
peptide_fe9d713de22366a70052a1235a251c8f1999f247300bea4c5902067bfde22536	control_73f033b1da14f6020a44ab96a556a87d9a7206f009a849986d3deaaa05915613	1	187	1	187	187	0.0	0.0	0.0	orf_30e654b75169fffdcd066d554bf1518f19e52efd866699bb7e6f12ec85a54e81;orf_6e57d07693de498104d9f44ff4facff8cfeb6d6f2d87f22398e869d432e99856
peptide_ff641b7f66baa209ff86e50cff70775b9fc1fd0004872ad33a501711d57eaf5e	control_05b3fd5ebc86f211f96ec9a0dd66977307db8a6a3ce3b5a9325f3853d5a43678	1	46	1	46	46	0.0	0.0	0.0	orf_1837308671fd5f511d7d8f73a692c84baca7bba3381445610c0bc30c4ed0239c;orf_9a7ca3f0d8c032e151fa9b121679dd13c669ed5bc56aade496a6b20fdd6c0eb8
peptide_ff641b7f66baa209ff86e50cff70775b9fc1fd0004872ad33a501711d57eaf5e	control_47ca39724c6f2b496875cd3c58af8aa4081e67805272673180efb71f99d87808	1	46	1	46	46	0.0	0.0	0.0	orf_6cf654c205d59f5561e289822b83a046bf23e97c8554ceb21e40f1258438a3ce
peptide_ff641b7f66baa209ff86e50cff70775b9fc1fd0004872ad33a501711d57eaf5e	control_47d269676c35cd2066d34dbcd43e9a5d1af70a0eb831514cfb824c54940d9663	1	46	1	46	46	0.0	0.13043478260869565	-0.13043478260869565	orf_e3ba4d4381620858aa55f4e1f5617604f2353d7269f2389b5bb18ecfef5d0237
peptide_ff641b7f66baa209ff86e50cff70775b9fc1fd0004872ad33a501711d57eaf5e	control_75667be7e16006334318a59619e5d970eec3058ffdc17f2951e8ba99b39ab8d4	47	133	159	245	87	0.0	0.0	0.0	orf_1837308671fd5f511d7d8f73a692c84baca7bba3381445610c0bc30c4ed0239c;orf_295555b7b1ca7d39d2ba7951d34f06286d95113661b9d838ac973f20d34e4ef1;orf_6cf654c205d59f5561e289822b83a046bf23e97c8554ceb21e40f1258438a3ce;orf_74a5ddd3669f2f3076abc3c8a7436944146b8f912f938c172843605f3db86730;orf_9a7ca3f0d8c032e151fa9b121679dd13c669ed5bc56aade496a6b20fdd6c0eb8;orf_e3ba4d4381620858aa55f4e1f5617604f2353d7269f2389b5bb18ecfef5d0237
peptide_ff641b7f66baa209ff86e50cff70775b9fc1fd0004872ad33a501711d57eaf5e	control_f4e1ae74a67d95f867b707699e4352a02dcee04e9ecb645160cea21684ed766f	1	46	1	46	46	0.0	0.021739130434782608	-0.021739130434782608	orf_295555b7b1ca7d39d2ba7951d34f06286d95113661b9d838ac973f20d34e4ef1;orf_74a5ddd3669f2f3076abc3c8a7436944146b8f912f938c172843605f3db86730
