orf_id	peptide_id	region	start_residue_1based	end_residue_1based	n_residues	f_idr	mean_disorder_score	longest_idr	predominantly_disordered	predominantly_disordered_cutoff_0_4	predominantly_disordered_cutoff_0_6
orf_f7149ce97d6b631772d7c681567b62b0ac9d632da00b39f952caeb165fe58ab6	peptide_3efb26690c36c414062c23d0c47a34fbb57d8f10f8edf672769c2cddb8218cfa	parent_a_canonical	1	197	197	0.22842639593908629	0.3025015373217878	45	False	False	False
orf_f7149ce97d6b631772d7c681567b62b0ac9d632da00b39f952caeb165fe58ab6	peptide_3efb26690c36c414062c23d0c47a34fbb57d8f10f8edf672769c2cddb8218cfa	parent_b_canonical	198	207	10	0.0	0.0794903352856636	0	False	False	False
orf_8a25ad481d777bd7289d2bc54188e6644f5c9bdc76f66d537cebf18dc90d2a26	peptide_3efb26690c36c414062c23d0c47a34fbb57d8f10f8edf672769c2cddb8218cfa	parent_a_canonical	1	197	197	0.22842639593908629	0.3025015373217878	45	False	False	False
orf_8a25ad481d777bd7289d2bc54188e6644f5c9bdc76f66d537cebf18dc90d2a26	peptide_3efb26690c36c414062c23d0c47a34fbb57d8f10f8edf672769c2cddb8218cfa	parent_b_canonical	198	207	10	0.0	0.0794903352856636	0	False	False	False
orf_9142525481a1cd0db1d7e7bc59022a9bd3097ee1b1bcb8d2f2ac1b4bee0456b4	peptide_3efb26690c36c414062c23d0c47a34fbb57d8f10f8edf672769c2cddb8218cfa	parent_a_canonical	1	197	197	0.22842639593908629	0.3025015373217878	45	False	False	False
orf_9142525481a1cd0db1d7e7bc59022a9bd3097ee1b1bcb8d2f2ac1b4bee0456b4	peptide_3efb26690c36c414062c23d0c47a34fbb57d8f10f8edf672769c2cddb8218cfa	parent_b_canonical	198	207	10	0.0	0.0794903352856636	0	False	False	False
orf_f8f8a7976634ab0b48ca9ea49a1851ca55c0dc6137c6fba102570476acd97597	peptide_3efb26690c36c414062c23d0c47a34fbb57d8f10f8edf672769c2cddb8218cfa	parent_a_canonical	1	197	197	0.22842639593908629	0.3025015373217878	45	False	False	False
orf_f8f8a7976634ab0b48ca9ea49a1851ca55c0dc6137c6fba102570476acd97597	peptide_3efb26690c36c414062c23d0c47a34fbb57d8f10f8edf672769c2cddb8218cfa	parent_b_canonical	198	207	10	0.0	0.0794903352856636	0	False	False	False
orf_612f638ddd0cb6be43cbbfb68f477ee47153bdb53327f41a306395dc4f92f43f	peptide_dfb8a2ccde79614b69b3425f8cd6ffcf0f2bddaf437ae76facc8bb7ebdfacb2e	parent_a_canonical	1	156	156	0.019230769230769232	0.11035454789033303	3	False	False	False
orf_612f638ddd0cb6be43cbbfb68f477ee47153bdb53327f41a306395dc4f92f43f	peptide_dfb8a2ccde79614b69b3425f8cd6ffcf0f2bddaf437ae76facc8bb7ebdfacb2e	junction_split_codon	157	157	1	1.0	0.6271969079971313	1	True	True	True
orf_612f638ddd0cb6be43cbbfb68f477ee47153bdb53327f41a306395dc4f92f43f	peptide_dfb8a2ccde79614b69b3425f8cd6ffcf0f2bddaf437ae76facc8bb7ebdfacb2e	parent_b_canonical	158	193	36	1.0	0.7736493464973238	36	True	True	True
orf_9a84a32ccbb5f62c254f662411ad245beb0659ceacf60aa01bde17be70a0a751	peptide_3eea41dc2191758bba2af58f9efccf8e359349d6a85ff027e916d63e125531f4	parent_a_canonical	1	213	213	0.10328638497652583	0.14373746507324522	22	False	False	False
orf_9a84a32ccbb5f62c254f662411ad245beb0659ceacf60aa01bde17be70a0a751	peptide_3eea41dc2191758bba2af58f9efccf8e359349d6a85ff027e916d63e125531f4	parent_b_canonical	214	488	275	0.05818181818181818	0.10409468406980688	16	False	False	False
orf_78cd9572b3088abb10da2e4c1ea5a6452daa006e829afa225ff6a82e9f07270f	peptide_3eea41dc2191758bba2af58f9efccf8e359349d6a85ff027e916d63e125531f4	parent_a_canonical	1	213	213	0.10328638497652583	0.14373746507324522	22	False	False	False
orf_78cd9572b3088abb10da2e4c1ea5a6452daa006e829afa225ff6a82e9f07270f	peptide_3eea41dc2191758bba2af58f9efccf8e359349d6a85ff027e916d63e125531f4	parent_b_canonical	214	488	275	0.05818181818181818	0.10409468406980688	16	False	False	False
orf_25dbf392eaa5c84df209506657052ff4ac3bb720aa73997ac62f255210e03352	peptide_3eea41dc2191758bba2af58f9efccf8e359349d6a85ff027e916d63e125531f4	parent_a_canonical	1	213	213	0.10328638497652583	0.14373746507324522	22	False	False	False
orf_25dbf392eaa5c84df209506657052ff4ac3bb720aa73997ac62f255210e03352	peptide_3eea41dc2191758bba2af58f9efccf8e359349d6a85ff027e916d63e125531f4	parent_b_canonical	214	488	275	0.05818181818181818	0.10409468406980688	16	False	False	False
orf_04affeb52b2dd54af899a2f338ef09d300f7c3a627342c3140c7599d7a6bc1bd	peptide_d7cfe4bcbfc06555a21a4e31ff58a6da16586e2dc7c03042c57eaf3dbcea97a8	parent_a_canonical	1	180	180	0.12222222222222222	0.15080828625294898	22	False	False	False
orf_04affeb52b2dd54af899a2f338ef09d300f7c3a627342c3140c7599d7a6bc1bd	peptide_d7cfe4bcbfc06555a21a4e31ff58a6da16586e2dc7c03042c57eaf3dbcea97a8	parent_b_canonical	181	455	275	0.05818181818181818	0.09919005480679599	16	False	False	False
orf_2c6c64cb4a5530a7bfed0fdfdf87e034dd83f1357a0c68901d5cc2b7e5ccc322	peptide_d7cfe4bcbfc06555a21a4e31ff58a6da16586e2dc7c03042c57eaf3dbcea97a8	parent_a_canonical	1	180	180	0.12222222222222222	0.15080828625294898	22	False	False	False
orf_2c6c64cb4a5530a7bfed0fdfdf87e034dd83f1357a0c68901d5cc2b7e5ccc322	peptide_d7cfe4bcbfc06555a21a4e31ff58a6da16586e2dc7c03042c57eaf3dbcea97a8	parent_b_canonical	181	455	275	0.05818181818181818	0.09919005480679599	16	False	False	False
orf_925fcf7734d98150f688f7c58c87164132aa8b36c4f2885f04f9c6982efe4076	peptide_d7cfe4bcbfc06555a21a4e31ff58a6da16586e2dc7c03042c57eaf3dbcea97a8	parent_a_canonical	1	180	180	0.12222222222222222	0.15080828625294898	22	False	False	False
orf_925fcf7734d98150f688f7c58c87164132aa8b36c4f2885f04f9c6982efe4076	peptide_d7cfe4bcbfc06555a21a4e31ff58a6da16586e2dc7c03042c57eaf3dbcea97a8	parent_b_canonical	181	455	275	0.05818181818181818	0.09919005480679599	16	False	False	False
orf_e4628c5a35d9d37e73b9c178773fff177ff5ca0d86e879edd06504620cbce9d5	peptide_3eea41dc2191758bba2af58f9efccf8e359349d6a85ff027e916d63e125531f4	parent_a_canonical	1	213	213	0.10328638497652583	0.14373746507324522	22	False	False	False
orf_e4628c5a35d9d37e73b9c178773fff177ff5ca0d86e879edd06504620cbce9d5	peptide_3eea41dc2191758bba2af58f9efccf8e359349d6a85ff027e916d63e125531f4	parent_b_canonical	214	488	275	0.05818181818181818	0.10409468406980688	16	False	False	False
orf_ab921d28d6758aa53505625eff643eaffca12d55cbb0f207779404ed4a32e4b2	peptide_3eea41dc2191758bba2af58f9efccf8e359349d6a85ff027e916d63e125531f4	parent_a_canonical	1	213	213	0.10328638497652583	0.14373746507324522	22	False	False	False
orf_ab921d28d6758aa53505625eff643eaffca12d55cbb0f207779404ed4a32e4b2	peptide_3eea41dc2191758bba2af58f9efccf8e359349d6a85ff027e916d63e125531f4	parent_b_canonical	214	488	275	0.05818181818181818	0.10409468406980688	16	False	False	False
orf_60c18bcf42f68f4f4c117d59f7877fb16b76592d8f9f85df997e4a324e6fa0a7	peptide_3eea41dc2191758bba2af58f9efccf8e359349d6a85ff027e916d63e125531f4	parent_a_canonical	1	213	213	0.10328638497652583	0.14373746507324522	22	False	False	False
orf_60c18bcf42f68f4f4c117d59f7877fb16b76592d8f9f85df997e4a324e6fa0a7	peptide_3eea41dc2191758bba2af58f9efccf8e359349d6a85ff027e916d63e125531f4	parent_b_canonical	214	488	275	0.05818181818181818	0.10409468406980688	16	False	False	False
orf_db90fce85aa2d85ef5b78f16e5c64c6434db0145b4f06dcabd08dce7e964ee06	peptide_3eea41dc2191758bba2af58f9efccf8e359349d6a85ff027e916d63e125531f4	parent_a_canonical	1	213	213	0.10328638497652583	0.14373746507324522	22	False	False	False
orf_db90fce85aa2d85ef5b78f16e5c64c6434db0145b4f06dcabd08dce7e964ee06	peptide_3eea41dc2191758bba2af58f9efccf8e359349d6a85ff027e916d63e125531f4	parent_b_canonical	214	488	275	0.05818181818181818	0.10409468406980688	16	False	False	False
orf_f9bbeeeb49f73dc8af9cdcd68564c54536f5567f0e063ecb21036e8d1c14cdcb	peptide_3eea41dc2191758bba2af58f9efccf8e359349d6a85ff027e916d63e125531f4	parent_a_canonical	1	213	213	0.10328638497652583	0.14373746507324522	22	False	False	False
orf_f9bbeeeb49f73dc8af9cdcd68564c54536f5567f0e063ecb21036e8d1c14cdcb	peptide_3eea41dc2191758bba2af58f9efccf8e359349d6a85ff027e916d63e125531f4	parent_b_canonical	214	488	275	0.05818181818181818	0.10409468406980688	16	False	False	False
orf_2bc5cf702376f3c36e6dd758ea9678c3b7f84a6b62d486aafdf36dadcce033ec	peptide_3eea41dc2191758bba2af58f9efccf8e359349d6a85ff027e916d63e125531f4	parent_a_canonical	1	213	213	0.10328638497652583	0.14373746507324522	22	False	False	False
orf_2bc5cf702376f3c36e6dd758ea9678c3b7f84a6b62d486aafdf36dadcce033ec	peptide_3eea41dc2191758bba2af58f9efccf8e359349d6a85ff027e916d63e125531f4	parent_b_canonical	214	488	275	0.05818181818181818	0.10409468406980688	16	False	False	False
orf_4220c8ab91d23e4977794cd2ce935744f6e66fd0c58896cf20a6316a4f5a9c1d	peptide_61dbcd41ff74ad3f3b63240c13327fee06c0feb5d06fe4cf72c1220d5d18bb06	parent_a_canonical	1	129	129	0.2713178294573643	0.28839685727459513	35	False	False	False
orf_4220c8ab91d23e4977794cd2ce935744f6e66fd0c58896cf20a6316a4f5a9c1d	peptide_61dbcd41ff74ad3f3b63240c13327fee06c0feb5d06fe4cf72c1220d5d18bb06	parent_b_upstream_of_annotated_CDS	130	167	38	0.9210526315789473	0.8135431346140409	35	True	True	True
orf_87bbfa8c07af3fa56e78144a2ad197ca0b044be8272744e80333b3960809d3b4	peptide_61dbcd41ff74ad3f3b63240c13327fee06c0feb5d06fe4cf72c1220d5d18bb06	parent_a_canonical	1	129	129	0.2713178294573643	0.28839685727459513	35	False	False	False
orf_87bbfa8c07af3fa56e78144a2ad197ca0b044be8272744e80333b3960809d3b4	peptide_61dbcd41ff74ad3f3b63240c13327fee06c0feb5d06fe4cf72c1220d5d18bb06	parent_b_upstream_of_annotated_CDS	130	167	38	0.9210526315789473	0.8135431346140409	35	True	True	True
orf_3e8465bae8eaa260040475ce0c51e251ea57e883c75e23cbc7f0074bdd9b95c0	peptide_61dbcd41ff74ad3f3b63240c13327fee06c0feb5d06fe4cf72c1220d5d18bb06	parent_a_canonical	1	129	129	0.2713178294573643	0.28839685727459513	35	False	False	False
orf_3e8465bae8eaa260040475ce0c51e251ea57e883c75e23cbc7f0074bdd9b95c0	peptide_61dbcd41ff74ad3f3b63240c13327fee06c0feb5d06fe4cf72c1220d5d18bb06	parent_b_unannotated_CDS	130	167	38	0.9210526315789473	0.8135431346140409	35	True	True	True
orf_f0a3ea13dc80f5f3ead53b935c2f36353da38ab216d077448021669277c2295f	peptide_61dbcd41ff74ad3f3b63240c13327fee06c0feb5d06fe4cf72c1220d5d18bb06	parent_a_canonical	1	129	129	0.2713178294573643	0.28839685727459513	35	False	False	False
orf_f0a3ea13dc80f5f3ead53b935c2f36353da38ab216d077448021669277c2295f	peptide_61dbcd41ff74ad3f3b63240c13327fee06c0feb5d06fe4cf72c1220d5d18bb06	parent_b_upstream_of_annotated_CDS	130	167	38	0.9210526315789473	0.8135431346140409	35	True	True	True
orf_855fdd6439f3ba34917fcaf013ddf74538417be5f345ac99f92612c2cbded8bb	peptide_61dbcd41ff74ad3f3b63240c13327fee06c0feb5d06fe4cf72c1220d5d18bb06	parent_a_canonical	1	129	129	0.2713178294573643	0.28839685727459513	35	False	False	False
orf_855fdd6439f3ba34917fcaf013ddf74538417be5f345ac99f92612c2cbded8bb	peptide_61dbcd41ff74ad3f3b63240c13327fee06c0feb5d06fe4cf72c1220d5d18bb06	parent_b_upstream_of_annotated_CDS	130	167	38	0.9210526315789473	0.8135431346140409	35	True	True	True
orf_cb5f1be1e9b558aea7ba668cebd0425521aea87ed88a570cd5e06dd57b8f66e2	peptide_61dbcd41ff74ad3f3b63240c13327fee06c0feb5d06fe4cf72c1220d5d18bb06	parent_a_canonical	1	129	129	0.2713178294573643	0.28839685727459513	35	False	False	False
orf_cb5f1be1e9b558aea7ba668cebd0425521aea87ed88a570cd5e06dd57b8f66e2	peptide_61dbcd41ff74ad3f3b63240c13327fee06c0feb5d06fe4cf72c1220d5d18bb06	parent_b_upstream_of_annotated_CDS	130	167	38	0.9210526315789473	0.8135431346140409	35	True	True	True
orf_01a406fe90f2686341aa8ed161b614106b93397b08afd1bd8f03e873ed37d861	peptide_61dbcd41ff74ad3f3b63240c13327fee06c0feb5d06fe4cf72c1220d5d18bb06	parent_a_canonical	1	129	129	0.2713178294573643	0.28839685727459513	35	False	False	False
orf_01a406fe90f2686341aa8ed161b614106b93397b08afd1bd8f03e873ed37d861	peptide_61dbcd41ff74ad3f3b63240c13327fee06c0feb5d06fe4cf72c1220d5d18bb06	parent_b_unannotated_CDS	130	167	38	0.9210526315789473	0.8135431346140409	35	True	True	True
orf_6733db6f39870e2b9422ce40998052ab65042c3150f4d309a5b7607457c74462	peptide_61dbcd41ff74ad3f3b63240c13327fee06c0feb5d06fe4cf72c1220d5d18bb06	parent_a_canonical	1	129	129	0.2713178294573643	0.28839685727459513	35	False	False	False
orf_6733db6f39870e2b9422ce40998052ab65042c3150f4d309a5b7607457c74462	peptide_61dbcd41ff74ad3f3b63240c13327fee06c0feb5d06fe4cf72c1220d5d18bb06	parent_b_upstream_of_annotated_CDS	130	167	38	0.9210526315789473	0.8135431346140409	35	True	True	True
orf_8b62335691e9cc2427aee7820ef1e12b5b605166dbce40ca780438ed68adf9ed	peptide_b0d22e27937167cce8168e89f2f47683b4ada96ad48b9ebb22e347b9e99abcb8	parent_a_canonical	1	129	129	0.2713178294573643	0.2945098063742468	35	False	False	False
orf_8b62335691e9cc2427aee7820ef1e12b5b605166dbce40ca780438ed68adf9ed	peptide_b0d22e27937167cce8168e89f2f47683b4ada96ad48b9ebb22e347b9e99abcb8	parent_b_out_of_frame	130	141	12	1.0	0.601605032881101	12	True	True	True
orf_1e20cdbfbf6d900e16841b0b95c99f70abd8a950fe52e84fccc48aa7f76eb893	peptide_b0d22e27937167cce8168e89f2f47683b4ada96ad48b9ebb22e347b9e99abcb8	parent_a_canonical	1	129	129	0.2713178294573643	0.2945098063742468	35	False	False	False
orf_1e20cdbfbf6d900e16841b0b95c99f70abd8a950fe52e84fccc48aa7f76eb893	peptide_b0d22e27937167cce8168e89f2f47683b4ada96ad48b9ebb22e347b9e99abcb8	parent_b_out_of_frame	130	141	12	1.0	0.601605032881101	12	True	True	True
orf_19063bf841e46c2953741fc6fea3989426ca756976df8eae0f06e861df90e544	peptide_b0d22e27937167cce8168e89f2f47683b4ada96ad48b9ebb22e347b9e99abcb8	parent_a_canonical	1	129	129	0.2713178294573643	0.2945098063742468	35	False	False	False
orf_19063bf841e46c2953741fc6fea3989426ca756976df8eae0f06e861df90e544	peptide_b0d22e27937167cce8168e89f2f47683b4ada96ad48b9ebb22e347b9e99abcb8	parent_b_out_of_frame	130	141	12	1.0	0.601605032881101	12	True	True	True
orf_293010dae8882df12412c1f17110984e2a5458b2b2b0c40f95e47a883520f4c3	peptide_b0d22e27937167cce8168e89f2f47683b4ada96ad48b9ebb22e347b9e99abcb8	parent_a_canonical	1	129	129	0.2713178294573643	0.2945098063742468	35	False	False	False
orf_293010dae8882df12412c1f17110984e2a5458b2b2b0c40f95e47a883520f4c3	peptide_b0d22e27937167cce8168e89f2f47683b4ada96ad48b9ebb22e347b9e99abcb8	parent_b_out_of_frame	130	141	12	1.0	0.601605032881101	12	True	True	True
orf_70a8044d0b1a708397481906676a2102d715ecd646b2f447fe57e0536b9d8d3b	peptide_a95d8cbc1b3c1c36209d70ae0aa0ceccfc7c47c9f4f3aa6cfe4290b5d6b39426	parent_a_canonical	1	708	708	0.2768361581920904	0.3335785357292089	144	False	False	False
orf_70a8044d0b1a708397481906676a2102d715ecd646b2f447fe57e0536b9d8d3b	peptide_a95d8cbc1b3c1c36209d70ae0aa0ceccfc7c47c9f4f3aa6cfe4290b5d6b39426	parent_b_canonical	709	940	232	0.06896551724137931	0.18232514734925895	16	False	False	False
orf_13fd5afee1bd2b898b9c76e007b18cc1387b55e5621cda4d1c3af0f18b5d4a95	peptide_a95d8cbc1b3c1c36209d70ae0aa0ceccfc7c47c9f4f3aa6cfe4290b5d6b39426	parent_a_canonical	1	708	708	0.2768361581920904	0.3335785357292089	144	False	False	False
orf_13fd5afee1bd2b898b9c76e007b18cc1387b55e5621cda4d1c3af0f18b5d4a95	peptide_a95d8cbc1b3c1c36209d70ae0aa0ceccfc7c47c9f4f3aa6cfe4290b5d6b39426	parent_b_canonical	709	940	232	0.06896551724137931	0.18232514734925895	16	False	False	False
orf_6cfee3616f4c0ff16818b3be0885bca6ac47ba5ab2dea0e7132748b8a3cfd2c9	peptide_141ec2db205027760299d6cfdf072036bb4e5b4e6bbd92c9460372e87321d3d2	parent_a_canonical	1	708	708	0.2980225988700565	0.3457291797224411	145	False	False	False
orf_6cfee3616f4c0ff16818b3be0885bca6ac47ba5ab2dea0e7132748b8a3cfd2c9	peptide_141ec2db205027760299d6cfdf072036bb4e5b4e6bbd92c9460372e87321d3d2	parent_b_unannotated_CDS	709	751	43	0.0	0.16877192120219386	0	False	False	False
orf_67f7e99bd46dbc0a388b5fb255002ee858a232b7dfd1f1d69189804bb98a2e50	peptide_b47acaaa34041c15379dbe15991643dd9960fe076300fb7a0b59cf4254e923c5	parent_a_canonical	1	709	709	0.29619181946403383	0.35493278343687606	145	False	False	False
orf_67f7e99bd46dbc0a388b5fb255002ee858a232b7dfd1f1d69189804bb98a2e50	peptide_b47acaaa34041c15379dbe15991643dd9960fe076300fb7a0b59cf4254e923c5	parent_b_canonical	710	941	232	0.06896551724137931	0.18486692371039554	16	False	False	False
orf_8ba405c368bbb228d2bb46c2b9857df599a42a12948cbb9af02f9e85ddfb2b14	peptide_b47acaaa34041c15379dbe15991643dd9960fe076300fb7a0b59cf4254e923c5	parent_a_canonical	1	709	709	0.29619181946403383	0.35493278343687606	145	False	False	False
orf_8ba405c368bbb228d2bb46c2b9857df599a42a12948cbb9af02f9e85ddfb2b14	peptide_b47acaaa34041c15379dbe15991643dd9960fe076300fb7a0b59cf4254e923c5	parent_b_canonical	710	941	232	0.06896551724137931	0.18486692371039554	16	False	False	False
orf_4cadd6a9cd33bfee192137718c97bc4fe40779939d0e85b003605a851ceda9c7	peptide_a2af17ae967680398fa5c75808451b0172e3946c43756c9174369641d75165ca	parent_a_canonical	1	709	709	0.31170662905500707	0.36340488875954713	145	False	False	False
orf_4cadd6a9cd33bfee192137718c97bc4fe40779939d0e85b003605a851ceda9c7	peptide_a2af17ae967680398fa5c75808451b0172e3946c43756c9174369641d75165ca	parent_b_unannotated_CDS	710	752	43	0.0	0.17552321456199468	0	False	False	False
orf_b8215ffa720f911295f4b50ddc156ad75538fb9a7d4de6fb40a16e37113eb6db	peptide_2b725ec6513d4fe033761938b5b7e38cdb2776f273712a72de67a893499a6121	parent_a_canonical	1	116	116	0.603448275862069	0.7046438025246407	70	True	True	True
orf_b8215ffa720f911295f4b50ddc156ad75538fb9a7d4de6fb40a16e37113eb6db	peptide_2b725ec6513d4fe033761938b5b7e38cdb2776f273712a72de67a893499a6121	junction_split_codon	117	117	1	0.0	0.1769368052482605	0	False	False	False
orf_b8215ffa720f911295f4b50ddc156ad75538fb9a7d4de6fb40a16e37113eb6db	peptide_2b725ec6513d4fe033761938b5b7e38cdb2776f273712a72de67a893499a6121	parent_b_canonical	118	313	196	0.15306122448979592	0.22171125515383117	30	False	False	False
orf_cfaf0ffd1f1a7c2da8ce11c2a4a129d2a6f029a4dbeac193ac8f41cab8858d69	peptide_2b725ec6513d4fe033761938b5b7e38cdb2776f273712a72de67a893499a6121	parent_a_canonical	1	116	116	0.603448275862069	0.7046438025246407	70	True	True	True
orf_cfaf0ffd1f1a7c2da8ce11c2a4a129d2a6f029a4dbeac193ac8f41cab8858d69	peptide_2b725ec6513d4fe033761938b5b7e38cdb2776f273712a72de67a893499a6121	junction_split_codon	117	117	1	0.0	0.1769368052482605	0	False	False	False
orf_cfaf0ffd1f1a7c2da8ce11c2a4a129d2a6f029a4dbeac193ac8f41cab8858d69	peptide_2b725ec6513d4fe033761938b5b7e38cdb2776f273712a72de67a893499a6121	parent_b_canonical	118	313	196	0.15306122448979592	0.22171125515383117	30	False	False	False
orf_e3c3484dacac8dae4f2bc9a8b74c8ab6f221dfc135585319db61d15eb677f4c0	peptide_bcd139b19630cb31f3a89703fedd00936138336ed28e45f87045ef3f8222c90c	parent_a_canonical	1	131	131	0.4961832061068702	0.5481712490547704	65	False	True	False
orf_e3c3484dacac8dae4f2bc9a8b74c8ab6f221dfc135585319db61d15eb677f4c0	peptide_bcd139b19630cb31f3a89703fedd00936138336ed28e45f87045ef3f8222c90c	junction_split_codon	132	132	1	0.0	0.09696371853351593	0	False	False	False
orf_e3c3484dacac8dae4f2bc9a8b74c8ab6f221dfc135585319db61d15eb677f4c0	peptide_bcd139b19630cb31f3a89703fedd00936138336ed28e45f87045ef3f8222c90c	parent_b_canonical	133	328	196	0.1326530612244898	0.18759983359855048	26	False	False	False
orf_415c54b54c315bcc88f3adf5aee91320eef8e5be6b473bfdd499e809d1787bab	peptide_2b725ec6513d4fe033761938b5b7e38cdb2776f273712a72de67a893499a6121	parent_a_canonical	1	116	116	0.603448275862069	0.7046438025246407	70	True	True	True
orf_415c54b54c315bcc88f3adf5aee91320eef8e5be6b473bfdd499e809d1787bab	peptide_2b725ec6513d4fe033761938b5b7e38cdb2776f273712a72de67a893499a6121	junction_split_codon	117	117	1	0.0	0.1769368052482605	0	False	False	False
orf_415c54b54c315bcc88f3adf5aee91320eef8e5be6b473bfdd499e809d1787bab	peptide_2b725ec6513d4fe033761938b5b7e38cdb2776f273712a72de67a893499a6121	parent_b_canonical	118	313	196	0.15306122448979592	0.22171125515383117	30	False	False	False
orf_5587d5f12e42b7534fdc59d06b97b95546bea324d27c2610227707a78a3c111c	peptide_2b725ec6513d4fe033761938b5b7e38cdb2776f273712a72de67a893499a6121	parent_a_canonical	1	116	116	0.603448275862069	0.7046438025246407	70	True	True	True
orf_5587d5f12e42b7534fdc59d06b97b95546bea324d27c2610227707a78a3c111c	peptide_2b725ec6513d4fe033761938b5b7e38cdb2776f273712a72de67a893499a6121	junction_split_codon	117	117	1	0.0	0.1769368052482605	0	False	False	False
orf_5587d5f12e42b7534fdc59d06b97b95546bea324d27c2610227707a78a3c111c	peptide_2b725ec6513d4fe033761938b5b7e38cdb2776f273712a72de67a893499a6121	parent_b_canonical	118	313	196	0.15306122448979592	0.22171125515383117	30	False	False	False
orf_03af46f3e2fcf0a687be3561ca5454b19ec1ab16424100f03178d4fe53f7a886	peptide_ac4b4182244b5a4567212afe1127bbb1070da7a018d7dc75c9a8043fc6d88c8a	parent_a_canonical	1	78	78	0.48717948717948717	0.5444075075479654	30	False	True	False
orf_03af46f3e2fcf0a687be3561ca5454b19ec1ab16424100f03178d4fe53f7a886	peptide_ac4b4182244b5a4567212afe1127bbb1070da7a018d7dc75c9a8043fc6d88c8a	junction_split_codon	79	79	1	0.0	0.21465915441513062	0	False	False	False
orf_03af46f3e2fcf0a687be3561ca5454b19ec1ab16424100f03178d4fe53f7a886	peptide_ac4b4182244b5a4567212afe1127bbb1070da7a018d7dc75c9a8043fc6d88c8a	parent_b_canonical	80	275	196	0.15306122448979592	0.22766461778356104	30	False	False	False
orf_c6ef031d85c96ea8766037acdf924b06c4e025d7040d798195a59a3f3687becd	peptide_ac4b4182244b5a4567212afe1127bbb1070da7a018d7dc75c9a8043fc6d88c8a	parent_a_canonical	1	78	78	0.48717948717948717	0.5444075075479654	30	False	True	False
orf_c6ef031d85c96ea8766037acdf924b06c4e025d7040d798195a59a3f3687becd	peptide_ac4b4182244b5a4567212afe1127bbb1070da7a018d7dc75c9a8043fc6d88c8a	junction_split_codon	79	79	1	0.0	0.21465915441513062	0	False	False	False
orf_c6ef031d85c96ea8766037acdf924b06c4e025d7040d798195a59a3f3687becd	peptide_ac4b4182244b5a4567212afe1127bbb1070da7a018d7dc75c9a8043fc6d88c8a	parent_b_canonical	80	275	196	0.15306122448979592	0.22766461778356104	30	False	False	False
orf_014eccd4220e6eda34d1d82c31877edf27706c9ebec267f03afcadef7208d581	peptide_ac4b4182244b5a4567212afe1127bbb1070da7a018d7dc75c9a8043fc6d88c8a	parent_a_canonical	1	78	78	0.48717948717948717	0.5444075075479654	30	False	True	False
orf_014eccd4220e6eda34d1d82c31877edf27706c9ebec267f03afcadef7208d581	peptide_ac4b4182244b5a4567212afe1127bbb1070da7a018d7dc75c9a8043fc6d88c8a	junction_split_codon	79	79	1	0.0	0.21465915441513062	0	False	False	False
orf_014eccd4220e6eda34d1d82c31877edf27706c9ebec267f03afcadef7208d581	peptide_ac4b4182244b5a4567212afe1127bbb1070da7a018d7dc75c9a8043fc6d88c8a	parent_b_canonical	80	275	196	0.15306122448979592	0.22766461778356104	30	False	False	False
orf_c0028c03a26867496f12f5124dffbad12846314e9d212bfe2a3f72bed62d03a4	peptide_ac4b4182244b5a4567212afe1127bbb1070da7a018d7dc75c9a8043fc6d88c8a	parent_a_canonical	1	78	78	0.48717948717948717	0.5444075075479654	30	False	True	False
orf_c0028c03a26867496f12f5124dffbad12846314e9d212bfe2a3f72bed62d03a4	peptide_ac4b4182244b5a4567212afe1127bbb1070da7a018d7dc75c9a8043fc6d88c8a	junction_split_codon	79	79	1	0.0	0.21465915441513062	0	False	False	False
orf_c0028c03a26867496f12f5124dffbad12846314e9d212bfe2a3f72bed62d03a4	peptide_ac4b4182244b5a4567212afe1127bbb1070da7a018d7dc75c9a8043fc6d88c8a	parent_b_canonical	80	275	196	0.15306122448979592	0.22766461778356104	30	False	False	False
orf_fd5ac340ac1929112c6eb62bec6044ae83d3dd43b92e7b6bfe6a0d298288c8f4	peptide_2b725ec6513d4fe033761938b5b7e38cdb2776f273712a72de67a893499a6121	parent_a_canonical	1	116	116	0.603448275862069	0.7046438025246407	70	True	True	True
orf_fd5ac340ac1929112c6eb62bec6044ae83d3dd43b92e7b6bfe6a0d298288c8f4	peptide_2b725ec6513d4fe033761938b5b7e38cdb2776f273712a72de67a893499a6121	junction_split_codon	117	117	1	0.0	0.1769368052482605	0	False	False	False
orf_fd5ac340ac1929112c6eb62bec6044ae83d3dd43b92e7b6bfe6a0d298288c8f4	peptide_2b725ec6513d4fe033761938b5b7e38cdb2776f273712a72de67a893499a6121	parent_b_canonical	118	313	196	0.15306122448979592	0.22171125515383117	30	False	False	False
orf_7733370789bc19b766523c8b8d78d3e598b2d047bd51d43231efbcd80443bf8c	peptide_c7cbaf05452f930ea271c4310d7d53eb7a94d31003d4692c42f7a9310278a184	parent_a_canonical	1	49	49	0.6938775510204082	0.5601899380586586	19	True	True	True
orf_7733370789bc19b766523c8b8d78d3e598b2d047bd51d43231efbcd80443bf8c	peptide_c7cbaf05452f930ea271c4310d7d53eb7a94d31003d4692c42f7a9310278a184	junction_split_codon	50	50	1	0.0	0.1970491111278534	0	False	False	False
orf_7733370789bc19b766523c8b8d78d3e598b2d047bd51d43231efbcd80443bf8c	peptide_c7cbaf05452f930ea271c4310d7d53eb7a94d31003d4692c42f7a9310278a184	parent_b_canonical	51	246	196	0.15816326530612246	0.24518674657661088	31	False	False	False
orf_92c42901b2f4ceab16e3a32eb517a9dfa92bc50afcc19885978ea017967951f0	peptide_2b725ec6513d4fe033761938b5b7e38cdb2776f273712a72de67a893499a6121	parent_a_canonical	1	116	116	0.603448275862069	0.7046438025246407	70	True	True	True
orf_92c42901b2f4ceab16e3a32eb517a9dfa92bc50afcc19885978ea017967951f0	peptide_2b725ec6513d4fe033761938b5b7e38cdb2776f273712a72de67a893499a6121	junction_split_codon	117	117	1	0.0	0.1769368052482605	0	False	False	False
orf_92c42901b2f4ceab16e3a32eb517a9dfa92bc50afcc19885978ea017967951f0	peptide_2b725ec6513d4fe033761938b5b7e38cdb2776f273712a72de67a893499a6121	parent_b_canonical	118	313	196	0.15306122448979592	0.22171125515383117	30	False	False	False
orf_79e0744a0fd38a026c7a23b8d196a1246088e8135bd604a68d3a254647b88e33	peptide_e8b37fb4123387d477121be6767ff9b0e64886eca7291810abf400d584152ca2	parent_a_canonical	1	64	64	0.265625	0.34873265167698264	17	False	False	False
orf_79e0744a0fd38a026c7a23b8d196a1246088e8135bd604a68d3a254647b88e33	peptide_e8b37fb4123387d477121be6767ff9b0e64886eca7291810abf400d584152ca2	junction_split_codon	65	65	1	0.0	0.09396617114543915	0	False	False	False
orf_79e0744a0fd38a026c7a23b8d196a1246088e8135bd604a68d3a254647b88e33	peptide_e8b37fb4123387d477121be6767ff9b0e64886eca7291810abf400d584152ca2	parent_b_canonical	66	261	196	0.14795918367346939	0.2105705941057935	29	False	False	False
orf_9159f523a21f270124bb5e55d7b0619f5e7131055d46976bdde5bb1d33edb2a1	peptide_bcd139b19630cb31f3a89703fedd00936138336ed28e45f87045ef3f8222c90c	parent_a_canonical	1	131	131	0.4961832061068702	0.5481712490547704	65	False	True	False
orf_9159f523a21f270124bb5e55d7b0619f5e7131055d46976bdde5bb1d33edb2a1	peptide_bcd139b19630cb31f3a89703fedd00936138336ed28e45f87045ef3f8222c90c	junction_split_codon	132	132	1	0.0	0.09696371853351593	0	False	False	False
orf_9159f523a21f270124bb5e55d7b0619f5e7131055d46976bdde5bb1d33edb2a1	peptide_bcd139b19630cb31f3a89703fedd00936138336ed28e45f87045ef3f8222c90c	parent_b_canonical	133	328	196	0.1326530612244898	0.18759983359855048	26	False	False	False
orf_ae2cb7ce4e3c5abdde41c0801772f34d99b506179b294f7f487b5b185ea821dc	peptide_ac4b4182244b5a4567212afe1127bbb1070da7a018d7dc75c9a8043fc6d88c8a	parent_a_canonical	1	78	78	0.48717948717948717	0.5444075075479654	30	False	True	False
orf_ae2cb7ce4e3c5abdde41c0801772f34d99b506179b294f7f487b5b185ea821dc	peptide_ac4b4182244b5a4567212afe1127bbb1070da7a018d7dc75c9a8043fc6d88c8a	junction_split_codon	79	79	1	0.0	0.21465915441513062	0	False	False	False
orf_ae2cb7ce4e3c5abdde41c0801772f34d99b506179b294f7f487b5b185ea821dc	peptide_ac4b4182244b5a4567212afe1127bbb1070da7a018d7dc75c9a8043fc6d88c8a	parent_b_canonical	80	275	196	0.15306122448979592	0.22766461778356104	30	False	False	False
orf_204fe5037e036847aeb518aca17dc842c142c4daa265938e4e8c446dc93598f7	peptide_128478dad5923df8e153bbe6c3fe22332eb265107b6c4204a02f16733a87a5f0	parent_a_canonical	1	39	39	0.0	0.11298073293306889	0	False	False	False
orf_204fe5037e036847aeb518aca17dc842c142c4daa265938e4e8c446dc93598f7	peptide_128478dad5923df8e153bbe6c3fe22332eb265107b6c4204a02f16733a87a5f0	parent_b_canonical	40	336	297	0.0	0.04453496007806926	0	False	False	False
orf_012fcd8755b5cab37262a9102aefcfa997e4bdad864d499d86abd55ea810d569	peptide_df2c551958df67bbccad0f87c785fb069df18fc67668af2ff95835daf8fcca3f	parent_a_canonical	1	39	39	0.0	0.12795519752380174	0	False	False	False
orf_012fcd8755b5cab37262a9102aefcfa997e4bdad864d499d86abd55ea810d569	peptide_df2c551958df67bbccad0f87c785fb069df18fc67668af2ff95835daf8fcca3f	parent_b_unannotated_CDS	40	328	289	0.0	0.06592494986667766	0	False	False	False
orf_89391407fd29fca0cdeb985a1521341037b57e6eb218731e1ec6c4d648554f5a	peptide_128478dad5923df8e153bbe6c3fe22332eb265107b6c4204a02f16733a87a5f0	parent_a_canonical	1	39	39	0.0	0.11298073293306889	0	False	False	False
orf_89391407fd29fca0cdeb985a1521341037b57e6eb218731e1ec6c4d648554f5a	peptide_128478dad5923df8e153bbe6c3fe22332eb265107b6c4204a02f16733a87a5f0	parent_b_canonical	40	336	297	0.0	0.04453496007806926	0	False	False	False
orf_7cc63bf6d6f0a0523f1e328da493eef4e437b34fbaac5c6059168fbedfbf46f6	peptide_df2c551958df67bbccad0f87c785fb069df18fc67668af2ff95835daf8fcca3f	parent_a_canonical	1	39	39	0.0	0.12795519752380174	0	False	False	False
orf_7cc63bf6d6f0a0523f1e328da493eef4e437b34fbaac5c6059168fbedfbf46f6	peptide_df2c551958df67bbccad0f87c785fb069df18fc67668af2ff95835daf8fcca3f	parent_b_unannotated_CDS	40	328	289	0.0	0.06592494986667766	0	False	False	False
orf_2a55cb5ffa74fd9aedbff91aa998e4da67314ef3b15de195b5a400dda77350a7	peptide_128478dad5923df8e153bbe6c3fe22332eb265107b6c4204a02f16733a87a5f0	parent_a_canonical	1	39	39	0.0	0.11298073293306889	0	False	False	False
orf_2a55cb5ffa74fd9aedbff91aa998e4da67314ef3b15de195b5a400dda77350a7	peptide_128478dad5923df8e153bbe6c3fe22332eb265107b6c4204a02f16733a87a5f0	parent_b_canonical	40	336	297	0.0	0.04453496007806926	0	False	False	False
orf_a1ad6473aec66acdff5cbcc3357d787c7659bdc77ee3ab5a531964ec95f4aa89	peptide_df2c551958df67bbccad0f87c785fb069df18fc67668af2ff95835daf8fcca3f	parent_a_canonical	1	39	39	0.0	0.12795519752380174	0	False	False	False
orf_a1ad6473aec66acdff5cbcc3357d787c7659bdc77ee3ab5a531964ec95f4aa89	peptide_df2c551958df67bbccad0f87c785fb069df18fc67668af2ff95835daf8fcca3f	parent_b_unannotated_CDS	40	328	289	0.0	0.06592494986667766	0	False	False	False
orf_e48e4b29788c0ce391c7f57f3ac9f8dccd8d713d6ab5f0671cb6ec5ca19fda1a	peptide_128478dad5923df8e153bbe6c3fe22332eb265107b6c4204a02f16733a87a5f0	parent_a_canonical	1	39	39	0.0	0.11298073293306889	0	False	False	False
orf_e48e4b29788c0ce391c7f57f3ac9f8dccd8d713d6ab5f0671cb6ec5ca19fda1a	peptide_128478dad5923df8e153bbe6c3fe22332eb265107b6c4204a02f16733a87a5f0	parent_b_canonical	40	336	297	0.0	0.04453496007806926	0	False	False	False
orf_8bfacecf5ada5f7c0de7a06ba778dababe3c1e90ceeba35510a71b938dafc568	peptide_df2c551958df67bbccad0f87c785fb069df18fc67668af2ff95835daf8fcca3f	parent_a_canonical	1	39	39	0.0	0.12795519752380174	0	False	False	False
orf_8bfacecf5ada5f7c0de7a06ba778dababe3c1e90ceeba35510a71b938dafc568	peptide_df2c551958df67bbccad0f87c785fb069df18fc67668af2ff95835daf8fcca3f	parent_b_unannotated_CDS	40	328	289	0.0	0.06592494986667766	0	False	False	False
orf_c4570ad7c4515e6f923529a3d7f96bb1970dfb2d6620dda371b866b519ee09c1	peptide_128478dad5923df8e153bbe6c3fe22332eb265107b6c4204a02f16733a87a5f0	parent_a_canonical	1	39	39	0.0	0.11298073293306889	0	False	False	False
orf_c4570ad7c4515e6f923529a3d7f96bb1970dfb2d6620dda371b866b519ee09c1	peptide_128478dad5923df8e153bbe6c3fe22332eb265107b6c4204a02f16733a87a5f0	parent_b_canonical	40	336	297	0.0	0.04453496007806926	0	False	False	False
orf_26ad90cf58fca0181b5c1c8c3000291863caa1ce3b0cfe3f1ae448ad0de509dc	peptide_df2c551958df67bbccad0f87c785fb069df18fc67668af2ff95835daf8fcca3f	parent_a_canonical	1	39	39	0.0	0.12795519752380174	0	False	False	False
orf_26ad90cf58fca0181b5c1c8c3000291863caa1ce3b0cfe3f1ae448ad0de509dc	peptide_df2c551958df67bbccad0f87c785fb069df18fc67668af2ff95835daf8fcca3f	parent_b_unannotated_CDS	40	328	289	0.0	0.06592494986667766	0	False	False	False
orf_19332eebda712aea87fdaa34ab46fd96e40980bf2b4a6eaa58f5f3dc7b2d5da0	peptide_5999eb11d67df7e522c505afd90acafbdfe9801630ef60c14a9f5cd4b009d493	parent_a_canonical	1	1669	1669	0.21449970041941283	0.24941923422432002	106	False	False	False
orf_19332eebda712aea87fdaa34ab46fd96e40980bf2b4a6eaa58f5f3dc7b2d5da0	peptide_5999eb11d67df7e522c505afd90acafbdfe9801630ef60c14a9f5cd4b009d493	parent_b_out_of_frame	1670	1712	43	1.0	0.9872935705406721	43	True	True	True
orf_d330ddaa72f416106136aaed02002b5968038552b5d38e4326ebc2df9b4788c5	peptide_5999eb11d67df7e522c505afd90acafbdfe9801630ef60c14a9f5cd4b009d493	parent_a_canonical	1	1669	1669	0.21449970041941283	0.24941923422432002	106	False	False	False
orf_d330ddaa72f416106136aaed02002b5968038552b5d38e4326ebc2df9b4788c5	peptide_5999eb11d67df7e522c505afd90acafbdfe9801630ef60c14a9f5cd4b009d493	parent_b_out_of_frame	1670	1712	43	1.0	0.9872935705406721	43	True	True	True
orf_5f40273f178a79fff94cc56b1b7c5c54d0a96daee7d0c2906719b89b3563538c	peptide_5999eb11d67df7e522c505afd90acafbdfe9801630ef60c14a9f5cd4b009d493	parent_a_canonical	1	1669	1669	0.21449970041941283	0.24941923422432002	106	False	False	False
orf_5f40273f178a79fff94cc56b1b7c5c54d0a96daee7d0c2906719b89b3563538c	peptide_5999eb11d67df7e522c505afd90acafbdfe9801630ef60c14a9f5cd4b009d493	parent_b_unannotated_CDS	1670	1712	43	1.0	0.9872935705406721	43	True	True	True
orf_00dbf63a5e33cde7a0bdbf88af2631718f6d128b5495e4ddb958127b6a992cb8	peptide_cb3b877487db63c75d8a61ca9a8bf692284b3476f9b1f6a3c9c6e16a8da2fdb7	parent_a_canonical	1	1648	1648	0.19174757281553398	0.23057988654026418	128	False	False	False
orf_00dbf63a5e33cde7a0bdbf88af2631718f6d128b5495e4ddb958127b6a992cb8	peptide_cb3b877487db63c75d8a61ca9a8bf692284b3476f9b1f6a3c9c6e16a8da2fdb7	parent_b_out_of_frame	1649	1691	43	1.0	0.9878157404966132	43	True	True	True
orf_552b7f4ed2200da757d41f040ba8f3acc30bc251b4c2b0f05566ba6d4208b595	peptide_cb3b877487db63c75d8a61ca9a8bf692284b3476f9b1f6a3c9c6e16a8da2fdb7	parent_a_canonical	1	1648	1648	0.19174757281553398	0.23057988654026418	128	False	False	False
orf_552b7f4ed2200da757d41f040ba8f3acc30bc251b4c2b0f05566ba6d4208b595	peptide_cb3b877487db63c75d8a61ca9a8bf692284b3476f9b1f6a3c9c6e16a8da2fdb7	parent_b_out_of_frame	1649	1691	43	1.0	0.9878157404966132	43	True	True	True
orf_3ee325dc2dbde5e75db6ff60e331a90b0ae0b8d5f10a385034693c249e6b31de	peptide_cb3b877487db63c75d8a61ca9a8bf692284b3476f9b1f6a3c9c6e16a8da2fdb7	parent_a_canonical	1	1648	1648	0.19174757281553398	0.23057988654026418	128	False	False	False
orf_3ee325dc2dbde5e75db6ff60e331a90b0ae0b8d5f10a385034693c249e6b31de	peptide_cb3b877487db63c75d8a61ca9a8bf692284b3476f9b1f6a3c9c6e16a8da2fdb7	parent_b_unannotated_CDS	1649	1691	43	1.0	0.9878157404966132	43	True	True	True
orf_eb234fc38b4fd912ffeb4e3ee38c064d7099c5abd20a55a389d7592323a5d996	peptide_7b0d5d3c3a31c1168531049ad5eb4bf68c7070067b6a2cd48ed4f7d87f40e85a	parent_a_canonical	1	1626	1626	0.18081180811808117	0.2276163667458743	106	False	False	False
orf_eb234fc38b4fd912ffeb4e3ee38c064d7099c5abd20a55a389d7592323a5d996	peptide_7b0d5d3c3a31c1168531049ad5eb4bf68c7070067b6a2cd48ed4f7d87f40e85a	parent_b_out_of_frame	1627	1669	43	1.0	0.9878856553587803	43	True	True	True
orf_572f55568c065e8e0f54c9b56db49fa01b2f2d0a95bbc562cef417a36a4f5710	peptide_7b0d5d3c3a31c1168531049ad5eb4bf68c7070067b6a2cd48ed4f7d87f40e85a	parent_a_canonical	1	1626	1626	0.18081180811808117	0.2276163667458743	106	False	False	False
orf_572f55568c065e8e0f54c9b56db49fa01b2f2d0a95bbc562cef417a36a4f5710	peptide_7b0d5d3c3a31c1168531049ad5eb4bf68c7070067b6a2cd48ed4f7d87f40e85a	parent_b_out_of_frame	1627	1669	43	1.0	0.9878856553587803	43	True	True	True
orf_ca774285e0ef1115b660924510181310fe191466a33dbbd7dca3aa3365d0cfb5	peptide_7b0d5d3c3a31c1168531049ad5eb4bf68c7070067b6a2cd48ed4f7d87f40e85a	parent_a_canonical	1	1626	1626	0.18081180811808117	0.2276163667458743	106	False	False	False
orf_ca774285e0ef1115b660924510181310fe191466a33dbbd7dca3aa3365d0cfb5	peptide_7b0d5d3c3a31c1168531049ad5eb4bf68c7070067b6a2cd48ed4f7d87f40e85a	parent_b_unannotated_CDS	1627	1669	43	1.0	0.9878856553587803	43	True	True	True
orf_3909843b2dc779f2d59db3df01c2a09825f2475229ac8908f1b6989d6a803d2b	peptide_eed915b6ca8b3996cd855855d0eb3687677480ad6600d6a859007123a2d56e75	parent_a_canonical	1	1626	1626	0.18081180811808117	0.22826169986566494	106	False	False	False
orf_3909843b2dc779f2d59db3df01c2a09825f2475229ac8908f1b6989d6a803d2b	peptide_eed915b6ca8b3996cd855855d0eb3687677480ad6600d6a859007123a2d56e75	parent_b_out_of_frame	1627	1669	43	1.0	0.9878659386967503	43	True	True	True
orf_703ef684468bb06dbb0dba2a0bb35d3ca6ce0946806712a9f400f0425ce8d667	peptide_eed915b6ca8b3996cd855855d0eb3687677480ad6600d6a859007123a2d56e75	parent_a_canonical	1	1626	1626	0.18081180811808117	0.22826169986566494	106	False	False	False
orf_703ef684468bb06dbb0dba2a0bb35d3ca6ce0946806712a9f400f0425ce8d667	peptide_eed915b6ca8b3996cd855855d0eb3687677480ad6600d6a859007123a2d56e75	parent_b_out_of_frame	1627	1669	43	1.0	0.9878659386967503	43	True	True	True
orf_863dcfe1cb54bcc45f6bdeec769ce68a3db5e78ed67bed76997cb1434d0759f7	peptide_eed915b6ca8b3996cd855855d0eb3687677480ad6600d6a859007123a2d56e75	parent_a_canonical	1	1626	1626	0.18081180811808117	0.22826169986566494	106	False	False	False
orf_863dcfe1cb54bcc45f6bdeec769ce68a3db5e78ed67bed76997cb1434d0759f7	peptide_eed915b6ca8b3996cd855855d0eb3687677480ad6600d6a859007123a2d56e75	parent_b_unannotated_CDS	1627	1669	43	1.0	0.9878659386967503	43	True	True	True
orf_c3b9bbc234b53e225735f3696e344ff3e55c582abb2045a61b2ee97114063de7	peptide_0113c383751f1a0ef3d6b27676d2e2141e091b8b60dc744ecdfddcbc258c577c	parent_a_canonical	1	1641	1641	0.19439366240097503	0.235443354733538	106	False	False	False
orf_c3b9bbc234b53e225735f3696e344ff3e55c582abb2045a61b2ee97114063de7	peptide_0113c383751f1a0ef3d6b27676d2e2141e091b8b60dc744ecdfddcbc258c577c	parent_b_out_of_frame	1642	1684	43	1.0	0.9870531753052113	43	True	True	True
orf_e901f4a339e2bc18576a7d8ca7f53c9e488e553e696b76bc83efcb3c9abf45bb	peptide_0113c383751f1a0ef3d6b27676d2e2141e091b8b60dc744ecdfddcbc258c577c	parent_a_canonical	1	1641	1641	0.19439366240097503	0.235443354733538	106	False	False	False
orf_e901f4a339e2bc18576a7d8ca7f53c9e488e553e696b76bc83efcb3c9abf45bb	peptide_0113c383751f1a0ef3d6b27676d2e2141e091b8b60dc744ecdfddcbc258c577c	parent_b_out_of_frame	1642	1684	43	1.0	0.9870531753052113	43	True	True	True
orf_a3cbe106f7a4912cee1036cd70d718ac5671685a82411f1a713a672f2867fd67	peptide_0113c383751f1a0ef3d6b27676d2e2141e091b8b60dc744ecdfddcbc258c577c	parent_a_canonical	1	1641	1641	0.19439366240097503	0.235443354733538	106	False	False	False
orf_a3cbe106f7a4912cee1036cd70d718ac5671685a82411f1a713a672f2867fd67	peptide_0113c383751f1a0ef3d6b27676d2e2141e091b8b60dc744ecdfddcbc258c577c	parent_b_unannotated_CDS	1642	1684	43	1.0	0.9870531753052113	43	True	True	True
orf_959c80111caf8bb728dbd4ed8733c3ca173da6843b9c7013d4815906b460ea96	peptide_0a3c36316543a47148471358f32a4ec64764c26acc5dd428c304719ee387455d	parent_a_canonical	1	1661	1661	0.2107164358819988	0.24987200252411237	106	False	False	False
orf_959c80111caf8bb728dbd4ed8733c3ca173da6843b9c7013d4815906b460ea96	peptide_0a3c36316543a47148471358f32a4ec64764c26acc5dd428c304719ee387455d	parent_b_out_of_frame	1662	1704	43	1.0	0.9873085049695747	43	True	True	True
orf_449ec32ca4fad25eb068be0bb27685707b79e0d8d27b0e63deb5a77735cc6655	peptide_0a3c36316543a47148471358f32a4ec64764c26acc5dd428c304719ee387455d	parent_a_canonical	1	1661	1661	0.2107164358819988	0.24987200252411237	106	False	False	False
orf_449ec32ca4fad25eb068be0bb27685707b79e0d8d27b0e63deb5a77735cc6655	peptide_0a3c36316543a47148471358f32a4ec64764c26acc5dd428c304719ee387455d	parent_b_out_of_frame	1662	1704	43	1.0	0.9873085049695747	43	True	True	True
orf_e32af9b8cbfbe658dd77b1b358068b75c212ea48fa574451df3f5efca299e8c7	peptide_0a3c36316543a47148471358f32a4ec64764c26acc5dd428c304719ee387455d	parent_a_canonical	1	1661	1661	0.2107164358819988	0.24987200252411237	106	False	False	False
orf_e32af9b8cbfbe658dd77b1b358068b75c212ea48fa574451df3f5efca299e8c7	peptide_0a3c36316543a47148471358f32a4ec64764c26acc5dd428c304719ee387455d	parent_b_unannotated_CDS	1662	1704	43	1.0	0.9873085049695747	43	True	True	True
orf_3893271fcb3303022b9b4871d99346b1ef5b63db7f54dcaef93ea882c70a30d5	peptide_8f6c0816b17ee55076c61cdf4c826cc1643979392efca5fb4467a8a9f9ace991	parent_a_canonical	1	1641	1641	0.19439366240097503	0.23614589568502214	106	False	False	False
orf_3893271fcb3303022b9b4871d99346b1ef5b63db7f54dcaef93ea882c70a30d5	peptide_8f6c0816b17ee55076c61cdf4c826cc1643979392efca5fb4467a8a9f9ace991	parent_b_out_of_frame	1642	1684	43	1.0	0.9870348309361657	43	True	True	True
orf_b6fdbf400e3b31850d4dd58d2a024fbc0180e6d7632caaec54597796051ef929	peptide_8f6c0816b17ee55076c61cdf4c826cc1643979392efca5fb4467a8a9f9ace991	parent_a_canonical	1	1641	1641	0.19439366240097503	0.23614589568502214	106	False	False	False
orf_b6fdbf400e3b31850d4dd58d2a024fbc0180e6d7632caaec54597796051ef929	peptide_8f6c0816b17ee55076c61cdf4c826cc1643979392efca5fb4467a8a9f9ace991	parent_b_out_of_frame	1642	1684	43	1.0	0.9870348309361657	43	True	True	True
orf_f2208b6fd8a8f0eecc584e1c5e214efc7b04388af3a404d0fe50cc5c5c8223a3	peptide_8f6c0816b17ee55076c61cdf4c826cc1643979392efca5fb4467a8a9f9ace991	parent_a_canonical	1	1641	1641	0.19439366240097503	0.23614589568502214	106	False	False	False
orf_f2208b6fd8a8f0eecc584e1c5e214efc7b04388af3a404d0fe50cc5c5c8223a3	peptide_8f6c0816b17ee55076c61cdf4c826cc1643979392efca5fb4467a8a9f9ace991	parent_b_unannotated_CDS	1642	1684	43	1.0	0.9870348309361657	43	True	True	True
orf_c4c8163927f9c137522921daefec5d87a22247b14495959e58775462a2445995	peptide_d09ba36d63b4b05b94c1787f8ea186e5b841f5920b3ffb5356533bd95afd68da	parent_a_canonical	1	131	131	0.13740458015267176	0.23849356390592705	18	False	False	False
orf_c4c8163927f9c137522921daefec5d87a22247b14495959e58775462a2445995	peptide_d09ba36d63b4b05b94c1787f8ea186e5b841f5920b3ffb5356533bd95afd68da	junction_split_codon	132	132	1	0.0	0.024179190397262573	0	False	False	False
orf_c4c8163927f9c137522921daefec5d87a22247b14495959e58775462a2445995	peptide_d09ba36d63b4b05b94c1787f8ea186e5b841f5920b3ffb5356533bd95afd68da	parent_b_canonical	133	259	127	0.0	0.06539693967563899	0	False	False	False
orf_74e992bb54560714bd8c24c91f2080f39b9a4b2fcb11d70d96839aeb4dfc3926	peptide_17d111deb4d6dc3037080cfa51b4f13d1b3e22d45fa78ccc97a0cca4c2afed7e	parent_a_canonical	1	83	83	0.6385542168674698	0.5123993052416537	53	True	True	True
orf_74e992bb54560714bd8c24c91f2080f39b9a4b2fcb11d70d96839aeb4dfc3926	peptide_17d111deb4d6dc3037080cfa51b4f13d1b3e22d45fa78ccc97a0cca4c2afed7e	junction_split_codon	84	84	1	0.0	0.10519330203533173	0	False	False	False
orf_74e992bb54560714bd8c24c91f2080f39b9a4b2fcb11d70d96839aeb4dfc3926	peptide_17d111deb4d6dc3037080cfa51b4f13d1b3e22d45fa78ccc97a0cca4c2afed7e	parent_b_upstream_of_annotated_CDS	85	94	10	0.0	0.060745890438556674	0	False	False	False
orf_74e992bb54560714bd8c24c91f2080f39b9a4b2fcb11d70d96839aeb4dfc3926	peptide_17d111deb4d6dc3037080cfa51b4f13d1b3e22d45fa78ccc97a0cca4c2afed7e	parent_b_out_of_frame	95	164	70	0.6428571428571429	0.6202720358967782	45	True	True	True
orf_0d70cce67e44e4489c7aa990bb5726c53d5b5adf33323a5adfe61f8d72116702	peptide_17d111deb4d6dc3037080cfa51b4f13d1b3e22d45fa78ccc97a0cca4c2afed7e	parent_a_canonical	1	83	83	0.6385542168674698	0.5123993052416537	53	True	True	True
orf_0d70cce67e44e4489c7aa990bb5726c53d5b5adf33323a5adfe61f8d72116702	peptide_17d111deb4d6dc3037080cfa51b4f13d1b3e22d45fa78ccc97a0cca4c2afed7e	junction_split_codon	84	84	1	0.0	0.10519330203533173	0	False	False	False
orf_0d70cce67e44e4489c7aa990bb5726c53d5b5adf33323a5adfe61f8d72116702	peptide_17d111deb4d6dc3037080cfa51b4f13d1b3e22d45fa78ccc97a0cca4c2afed7e	parent_b_out_of_frame	85	164	80	0.5625	0.5503312677145005	45	True	True	False
orf_34a9f7bf58ae51ac820a412da3be7cbbf995f0f53aba46732c6994feed0bf0aa	peptide_17d111deb4d6dc3037080cfa51b4f13d1b3e22d45fa78ccc97a0cca4c2afed7e	parent_a_canonical	1	83	83	0.6385542168674698	0.5123993052416537	53	True	True	True
orf_34a9f7bf58ae51ac820a412da3be7cbbf995f0f53aba46732c6994feed0bf0aa	peptide_17d111deb4d6dc3037080cfa51b4f13d1b3e22d45fa78ccc97a0cca4c2afed7e	junction_split_codon	84	84	1	0.0	0.10519330203533173	0	False	False	False
orf_34a9f7bf58ae51ac820a412da3be7cbbf995f0f53aba46732c6994feed0bf0aa	peptide_17d111deb4d6dc3037080cfa51b4f13d1b3e22d45fa78ccc97a0cca4c2afed7e	parent_b_upstream_of_annotated_CDS	85	94	10	0.0	0.060745890438556674	0	False	False	False
orf_34a9f7bf58ae51ac820a412da3be7cbbf995f0f53aba46732c6994feed0bf0aa	peptide_17d111deb4d6dc3037080cfa51b4f13d1b3e22d45fa78ccc97a0cca4c2afed7e	parent_b_out_of_frame	95	164	70	0.6428571428571429	0.6202720358967782	45	True	True	True
orf_84aafc605a5b32eb71da0420b1412ca95aa35280bf3264ec017fe9b4ea60531a	peptide_17d111deb4d6dc3037080cfa51b4f13d1b3e22d45fa78ccc97a0cca4c2afed7e	parent_a_canonical	1	83	83	0.6385542168674698	0.5123993052416537	53	True	True	True
orf_84aafc605a5b32eb71da0420b1412ca95aa35280bf3264ec017fe9b4ea60531a	peptide_17d111deb4d6dc3037080cfa51b4f13d1b3e22d45fa78ccc97a0cca4c2afed7e	junction_split_codon	84	84	1	0.0	0.10519330203533173	0	False	False	False
orf_84aafc605a5b32eb71da0420b1412ca95aa35280bf3264ec017fe9b4ea60531a	peptide_17d111deb4d6dc3037080cfa51b4f13d1b3e22d45fa78ccc97a0cca4c2afed7e	parent_b_out_of_frame	85	164	80	0.5625	0.5503312677145005	45	True	True	False
orf_75f15cb48bdf3827b27e65d45f960d32f7879a5cf25472cf902fa74fa0b73761	peptide_17d111deb4d6dc3037080cfa51b4f13d1b3e22d45fa78ccc97a0cca4c2afed7e	parent_a_canonical	1	83	83	0.6385542168674698	0.5123993052416537	53	True	True	True
orf_75f15cb48bdf3827b27e65d45f960d32f7879a5cf25472cf902fa74fa0b73761	peptide_17d111deb4d6dc3037080cfa51b4f13d1b3e22d45fa78ccc97a0cca4c2afed7e	junction_split_codon	84	84	1	0.0	0.10519330203533173	0	False	False	False
orf_75f15cb48bdf3827b27e65d45f960d32f7879a5cf25472cf902fa74fa0b73761	peptide_17d111deb4d6dc3037080cfa51b4f13d1b3e22d45fa78ccc97a0cca4c2afed7e	parent_b_upstream_of_annotated_CDS	85	94	10	0.0	0.060745890438556674	0	False	False	False
orf_75f15cb48bdf3827b27e65d45f960d32f7879a5cf25472cf902fa74fa0b73761	peptide_17d111deb4d6dc3037080cfa51b4f13d1b3e22d45fa78ccc97a0cca4c2afed7e	parent_b_out_of_frame	95	164	70	0.6428571428571429	0.6202720358967782	45	True	True	True
orf_aa70935af1d2ef32935929ca54ea20d64a52f6f9d0c729e5a457daee6b0d63ea	peptide_17d111deb4d6dc3037080cfa51b4f13d1b3e22d45fa78ccc97a0cca4c2afed7e	parent_a_canonical	1	83	83	0.6385542168674698	0.5123993052416537	53	True	True	True
orf_aa70935af1d2ef32935929ca54ea20d64a52f6f9d0c729e5a457daee6b0d63ea	peptide_17d111deb4d6dc3037080cfa51b4f13d1b3e22d45fa78ccc97a0cca4c2afed7e	junction_split_codon	84	84	1	0.0	0.10519330203533173	0	False	False	False
orf_aa70935af1d2ef32935929ca54ea20d64a52f6f9d0c729e5a457daee6b0d63ea	peptide_17d111deb4d6dc3037080cfa51b4f13d1b3e22d45fa78ccc97a0cca4c2afed7e	parent_b_out_of_frame	85	164	80	0.5625	0.5503312677145005	45	True	True	False
orf_ca46d7c72ae4db058055e49dda40c012bd07daf7a43074947e04bd02d7f51442	peptide_17d111deb4d6dc3037080cfa51b4f13d1b3e22d45fa78ccc97a0cca4c2afed7e	parent_a_canonical	1	83	83	0.6385542168674698	0.5123993052416537	53	True	True	True
orf_ca46d7c72ae4db058055e49dda40c012bd07daf7a43074947e04bd02d7f51442	peptide_17d111deb4d6dc3037080cfa51b4f13d1b3e22d45fa78ccc97a0cca4c2afed7e	junction_split_codon	84	84	1	0.0	0.10519330203533173	0	False	False	False
orf_ca46d7c72ae4db058055e49dda40c012bd07daf7a43074947e04bd02d7f51442	peptide_17d111deb4d6dc3037080cfa51b4f13d1b3e22d45fa78ccc97a0cca4c2afed7e	parent_b_upstream_of_annotated_CDS	85	94	10	0.0	0.060745890438556674	0	False	False	False
orf_ca46d7c72ae4db058055e49dda40c012bd07daf7a43074947e04bd02d7f51442	peptide_17d111deb4d6dc3037080cfa51b4f13d1b3e22d45fa78ccc97a0cca4c2afed7e	parent_b_out_of_frame	95	164	70	0.6428571428571429	0.6202720358967782	45	True	True	True
orf_4af4304437e32195c439569e0a121f0a42b9247bcc199cdceae521101db7e01e	peptide_17d111deb4d6dc3037080cfa51b4f13d1b3e22d45fa78ccc97a0cca4c2afed7e	parent_a_canonical	1	83	83	0.6385542168674698	0.5123993052416537	53	True	True	True
orf_4af4304437e32195c439569e0a121f0a42b9247bcc199cdceae521101db7e01e	peptide_17d111deb4d6dc3037080cfa51b4f13d1b3e22d45fa78ccc97a0cca4c2afed7e	junction_split_codon	84	84	1	0.0	0.10519330203533173	0	False	False	False
orf_4af4304437e32195c439569e0a121f0a42b9247bcc199cdceae521101db7e01e	peptide_17d111deb4d6dc3037080cfa51b4f13d1b3e22d45fa78ccc97a0cca4c2afed7e	parent_b_out_of_frame	85	164	80	0.5625	0.5503312677145005	45	True	True	False
orf_268ce05342151891ee53651f31d57207f449d0c919fd12b6b131fff5d0fd3a3c	peptide_fa93e53ac27b4b7dae1a80f579d41c4b15d48643b853104cb1872d9055bb9812	parent_a_canonical	1	17	17	0.9411764705882353	0.7452748049707973	16	True	True	True
orf_268ce05342151891ee53651f31d57207f449d0c919fd12b6b131fff5d0fd3a3c	peptide_fa93e53ac27b4b7dae1a80f579d41c4b15d48643b853104cb1872d9055bb9812	junction_split_codon	18	18	1	0.0	0.44373491406440735	0	False	False	False
orf_268ce05342151891ee53651f31d57207f449d0c919fd12b6b131fff5d0fd3a3c	peptide_fa93e53ac27b4b7dae1a80f579d41c4b15d48643b853104cb1872d9055bb9812	parent_b_canonical	19	250	232	0.0	0.11230522195069954	0	False	False	False
orf_6a1a3e2d6f8f256e0150db81c8abb951dcd2a91c8cc53b667f686c6c5e784ce8	peptide_06ff13e279243d2b7ad8638c5afd0676ce8e8691414485e804189b01e04b5c71	parent_a_canonical	1	17	17	0.9411764705882353	0.7453650201068205	16	True	True	True
orf_6a1a3e2d6f8f256e0150db81c8abb951dcd2a91c8cc53b667f686c6c5e784ce8	peptide_06ff13e279243d2b7ad8638c5afd0676ce8e8691414485e804189b01e04b5c71	junction_split_codon	18	18	1	0.0	0.4436849355697632	0	False	False	False
orf_6a1a3e2d6f8f256e0150db81c8abb951dcd2a91c8cc53b667f686c6c5e784ce8	peptide_06ff13e279243d2b7ad8638c5afd0676ce8e8691414485e804189b01e04b5c71	parent_b_canonical	19	249	231	0.0	0.11136355699398817	0	False	False	False
orf_385264fe5657dabaf9b9d5c592701b8d2057b2a30c1eae924ae0672f4eb21632	peptide_fa93e53ac27b4b7dae1a80f579d41c4b15d48643b853104cb1872d9055bb9812	parent_a_canonical	1	17	17	0.9411764705882353	0.7452748049707973	16	True	True	True
orf_385264fe5657dabaf9b9d5c592701b8d2057b2a30c1eae924ae0672f4eb21632	peptide_fa93e53ac27b4b7dae1a80f579d41c4b15d48643b853104cb1872d9055bb9812	junction_split_codon	18	18	1	0.0	0.44373491406440735	0	False	False	False
orf_385264fe5657dabaf9b9d5c592701b8d2057b2a30c1eae924ae0672f4eb21632	peptide_fa93e53ac27b4b7dae1a80f579d41c4b15d48643b853104cb1872d9055bb9812	parent_b_unannotated_CDS	19	250	232	0.0	0.11230522195069954	0	False	False	False
orf_0dd25baec7b1e0e82e86ee269b661f29a7624e83989330b8d1648e22ab20e736	peptide_fa93e53ac27b4b7dae1a80f579d41c4b15d48643b853104cb1872d9055bb9812	parent_a_canonical	1	17	17	0.9411764705882353	0.7452748049707973	16	True	True	True
orf_0dd25baec7b1e0e82e86ee269b661f29a7624e83989330b8d1648e22ab20e736	peptide_fa93e53ac27b4b7dae1a80f579d41c4b15d48643b853104cb1872d9055bb9812	junction_split_codon	18	18	1	0.0	0.44373491406440735	0	False	False	False
orf_0dd25baec7b1e0e82e86ee269b661f29a7624e83989330b8d1648e22ab20e736	peptide_fa93e53ac27b4b7dae1a80f579d41c4b15d48643b853104cb1872d9055bb9812	parent_b_canonical	19	250	232	0.0	0.11230522195069954	0	False	False	False
orf_606edc55d8973081591435fa488bbc754534150755178c6067e2150caba78571	peptide_06ff13e279243d2b7ad8638c5afd0676ce8e8691414485e804189b01e04b5c71	parent_a_canonical	1	17	17	0.9411764705882353	0.7453650201068205	16	True	True	True
orf_606edc55d8973081591435fa488bbc754534150755178c6067e2150caba78571	peptide_06ff13e279243d2b7ad8638c5afd0676ce8e8691414485e804189b01e04b5c71	junction_split_codon	18	18	1	0.0	0.4436849355697632	0	False	False	False
orf_606edc55d8973081591435fa488bbc754534150755178c6067e2150caba78571	peptide_06ff13e279243d2b7ad8638c5afd0676ce8e8691414485e804189b01e04b5c71	parent_b_canonical	19	249	231	0.0	0.11136355699398817	0	False	False	False
orf_9ac56c63bd281f5600f5966cbd0fec8471acdb744a251e50174cd9a55a0bfc6b	peptide_fa93e53ac27b4b7dae1a80f579d41c4b15d48643b853104cb1872d9055bb9812	parent_a_canonical	1	17	17	0.9411764705882353	0.7452748049707973	16	True	True	True
orf_9ac56c63bd281f5600f5966cbd0fec8471acdb744a251e50174cd9a55a0bfc6b	peptide_fa93e53ac27b4b7dae1a80f579d41c4b15d48643b853104cb1872d9055bb9812	junction_split_codon	18	18	1	0.0	0.44373491406440735	0	False	False	False
orf_9ac56c63bd281f5600f5966cbd0fec8471acdb744a251e50174cd9a55a0bfc6b	peptide_fa93e53ac27b4b7dae1a80f579d41c4b15d48643b853104cb1872d9055bb9812	parent_b_unannotated_CDS	19	250	232	0.0	0.11230522195069954	0	False	False	False
orf_b732652db04157556f092f4652d743f6bec9c4490269cae10c1a9c3f544f0fcd	peptide_e99c765e89e22454b77f5bee5b91d4a1c68ae4acbfc5e433be58eddefc6e939e	parent_a_canonical	1	77	77	0.7922077922077922	0.621595025062561	61	True	True	True
orf_b732652db04157556f092f4652d743f6bec9c4490269cae10c1a9c3f544f0fcd	peptide_e99c765e89e22454b77f5bee5b91d4a1c68ae4acbfc5e433be58eddefc6e939e	parent_b_canonical	78	170	93	0.45161290322580644	0.455100832767384	42	False	True	False
orf_ea0b380b262d4aaf2142609c64cc3580e90fa4256638c6028c18ee5ef9e73840	peptide_e99c765e89e22454b77f5bee5b91d4a1c68ae4acbfc5e433be58eddefc6e939e	parent_a_canonical	1	77	77	0.7922077922077922	0.621595025062561	61	True	True	True
orf_ea0b380b262d4aaf2142609c64cc3580e90fa4256638c6028c18ee5ef9e73840	peptide_e99c765e89e22454b77f5bee5b91d4a1c68ae4acbfc5e433be58eddefc6e939e	parent_b_canonical	78	170	93	0.45161290322580644	0.455100832767384	42	False	True	False
orf_ac6c1b74bb5d473257bb33d204ce4af1ac2c070bb45b8ef849664808b1a27f2a	peptide_e99c765e89e22454b77f5bee5b91d4a1c68ae4acbfc5e433be58eddefc6e939e	parent_a_canonical	1	77	77	0.7922077922077922	0.621595025062561	61	True	True	True
orf_ac6c1b74bb5d473257bb33d204ce4af1ac2c070bb45b8ef849664808b1a27f2a	peptide_e99c765e89e22454b77f5bee5b91d4a1c68ae4acbfc5e433be58eddefc6e939e	parent_b_canonical	78	170	93	0.45161290322580644	0.455100832767384	42	False	True	False
orf_879916e89bfebdfd5baddda6cc03e078765c0d01e75b9f9a08dbb950a9987df7	peptide_e99c765e89e22454b77f5bee5b91d4a1c68ae4acbfc5e433be58eddefc6e939e	parent_a_canonical	1	77	77	0.7922077922077922	0.621595025062561	61	True	True	True
orf_879916e89bfebdfd5baddda6cc03e078765c0d01e75b9f9a08dbb950a9987df7	peptide_e99c765e89e22454b77f5bee5b91d4a1c68ae4acbfc5e433be58eddefc6e939e	parent_b_canonical	78	170	93	0.45161290322580644	0.455100832767384	42	False	True	False
orf_0db628344987ea956e3cffe84e91677c6f58a7b8d883b20d6fffe9587ab6c88a	peptide_c616ef8758452c5c28c9c0ea6d2c5c5a1ea47daff6a1c63c1664c595ab5fdc6f	parent_a_canonical	1	82	82	0.573170731707317	0.5527706622350507	46	True	True	False
orf_0db628344987ea956e3cffe84e91677c6f58a7b8d883b20d6fffe9587ab6c88a	peptide_c616ef8758452c5c28c9c0ea6d2c5c5a1ea47daff6a1c63c1664c595ab5fdc6f	parent_b_canonical	83	175	93	0.45161290322580644	0.45493085025459207	42	False	True	False
orf_87a4925e9165d063bb1deb7d4d51cdd909b4b8ff6d6a05864ad5e8f44a91cee7	peptide_c616ef8758452c5c28c9c0ea6d2c5c5a1ea47daff6a1c63c1664c595ab5fdc6f	parent_a_canonical	1	82	82	0.573170731707317	0.5527706622350507	46	True	True	False
orf_87a4925e9165d063bb1deb7d4d51cdd909b4b8ff6d6a05864ad5e8f44a91cee7	peptide_c616ef8758452c5c28c9c0ea6d2c5c5a1ea47daff6a1c63c1664c595ab5fdc6f	parent_b_canonical	83	175	93	0.45161290322580644	0.45493085025459207	42	False	True	False
orf_66450fd83eb987665e932d094f6381794cdb5f58276215e66f419f73d29c268d	peptide_e99c765e89e22454b77f5bee5b91d4a1c68ae4acbfc5e433be58eddefc6e939e	parent_a_canonical	1	77	77	0.7922077922077922	0.621595025062561	61	True	True	True
orf_66450fd83eb987665e932d094f6381794cdb5f58276215e66f419f73d29c268d	peptide_e99c765e89e22454b77f5bee5b91d4a1c68ae4acbfc5e433be58eddefc6e939e	parent_b_canonical	78	170	93	0.45161290322580644	0.455100832767384	42	False	True	False
orf_0de8f22856f1579fec381d9cd2c7d46aa813d2f9816a0878d42603491e54b741	peptide_e99c765e89e22454b77f5bee5b91d4a1c68ae4acbfc5e433be58eddefc6e939e	parent_a_canonical	1	77	77	0.7922077922077922	0.621595025062561	61	True	True	True
orf_0de8f22856f1579fec381d9cd2c7d46aa813d2f9816a0878d42603491e54b741	peptide_e99c765e89e22454b77f5bee5b91d4a1c68ae4acbfc5e433be58eddefc6e939e	parent_b_canonical	78	170	93	0.45161290322580644	0.455100832767384	42	False	True	False
orf_c65eaf9541cc23e34eb5662055d43bba8f27652879de583f040b3574fb4ca12a	peptide_5c21ae184feb65c1e843decba2484c105c32fad251b9076e518b980cedb5e364	parent_a_canonical	1	113	113	0.0	0.05923860223419898	0	False	False	False
orf_c65eaf9541cc23e34eb5662055d43bba8f27652879de583f040b3574fb4ca12a	peptide_5c21ae184feb65c1e843decba2484c105c32fad251b9076e518b980cedb5e364	parent_b_canonical	114	271	158	0.0	0.06782807919043529	0	False	False	False
orf_a982d00ad126331b05c85cf33ce28020ec9fdd27e873074c4014b2164d32f828	peptide_bb6d915a079cd22e4c6146fd7fd974ece5af6779270aa276b58776d32193b5a9	parent_a_canonical	1	113	113	0.0	0.053581574453716786	0	False	False	False
orf_a982d00ad126331b05c85cf33ce28020ec9fdd27e873074c4014b2164d32f828	peptide_bb6d915a079cd22e4c6146fd7fd974ece5af6779270aa276b58776d32193b5a9	parent_b_canonical	114	272	159	0.018867924528301886	0.08089004494484116	3	False	False	False
orf_f700356b5a832ffb480a83f0c8f778eefff78052026ab3f28f05befa3a9be045	peptide_d863b4181c9445613da3877663fc081e228ed82f65667b4d3ed864a4251e3f95	parent_a_canonical	1	113	113	0.0	0.06569078287719625	0	False	False	False
orf_f700356b5a832ffb480a83f0c8f778eefff78052026ab3f28f05befa3a9be045	peptide_d863b4181c9445613da3877663fc081e228ed82f65667b4d3ed864a4251e3f95	parent_b_out_of_frame	114	241	128	0.0	0.0669546474236995	0	False	False	False
orf_434972e5e1a310ced675f5f56feeb9d12ea53de83d79dd1b67540d6b57a0db31	peptide_ed94a7c73c5bb4d289c56f618b0eb9ee4ae8c7f74e21cbb1da03f872cd1f9de4	parent_a_canonical	1	87	87	0.05747126436781609	0.16461226755175098	5	False	False	False
orf_434972e5e1a310ced675f5f56feeb9d12ea53de83d79dd1b67540d6b57a0db31	peptide_ed94a7c73c5bb4d289c56f618b0eb9ee4ae8c7f74e21cbb1da03f872cd1f9de4	parent_b_canonical	88	245	158	0.0	0.06996131405422959	0	False	False	False
orf_3e63e847f550dc238aff17fd9322d7d27ff14cc14a7c989297c823b9e49e9094	peptide_dd05b2de8b0dff54a99f32fb5534a21ea7b2859c77f90ebe3af16b628329d84d	parent_a_canonical	1	87	87	0.011494252873563218	0.15201121637190895	1	False	False	False
orf_3e63e847f550dc238aff17fd9322d7d27ff14cc14a7c989297c823b9e49e9094	peptide_dd05b2de8b0dff54a99f32fb5534a21ea7b2859c77f90ebe3af16b628329d84d	parent_b_canonical	88	246	159	0.0	0.08479348912179095	0	False	False	False
orf_5672950dc1f4c883211ae8ca36d4ffb7a0528bd9be1212d7c4024c56aae20eb8	peptide_4d18fa70af645e46d15fe314ebcce1c4a4d97a8f5efb301e857bc9e15fa34010	parent_a_canonical	1	87	87	0.022988505747126436	0.1558553778577125	2	False	False	False
orf_5672950dc1f4c883211ae8ca36d4ffb7a0528bd9be1212d7c4024c56aae20eb8	peptide_4d18fa70af645e46d15fe314ebcce1c4a4d97a8f5efb301e857bc9e15fa34010	parent_b_out_of_frame	88	215	128	0.0	0.07590513513423502	0	False	False	False
orf_79626bce4ffe34768486c7324c249e4f62130350bb7691ad03b1a1493a5874ff	peptide_ed94a7c73c5bb4d289c56f618b0eb9ee4ae8c7f74e21cbb1da03f872cd1f9de4	parent_a_canonical	1	87	87	0.05747126436781609	0.16461226755175098	5	False	False	False
orf_79626bce4ffe34768486c7324c249e4f62130350bb7691ad03b1a1493a5874ff	peptide_ed94a7c73c5bb4d289c56f618b0eb9ee4ae8c7f74e21cbb1da03f872cd1f9de4	parent_b_canonical	88	245	158	0.0	0.06996131405422959	0	False	False	False
orf_36fd9035a50950b01e309c9bc972b16370c0d84f8e9ba391ff532a59c4920895	peptide_dd05b2de8b0dff54a99f32fb5534a21ea7b2859c77f90ebe3af16b628329d84d	parent_a_canonical	1	87	87	0.011494252873563218	0.15201121637190895	1	False	False	False
orf_36fd9035a50950b01e309c9bc972b16370c0d84f8e9ba391ff532a59c4920895	peptide_dd05b2de8b0dff54a99f32fb5534a21ea7b2859c77f90ebe3af16b628329d84d	parent_b_canonical	88	246	159	0.0	0.08479348912179095	0	False	False	False
orf_25c929d7b9ac7cc59315e9b2ab3bce859d3ae63c634e28f12314435ec549654e	peptide_4d18fa70af645e46d15fe314ebcce1c4a4d97a8f5efb301e857bc9e15fa34010	parent_a_canonical	1	87	87	0.022988505747126436	0.1558553778577125	2	False	False	False
orf_25c929d7b9ac7cc59315e9b2ab3bce859d3ae63c634e28f12314435ec549654e	peptide_4d18fa70af645e46d15fe314ebcce1c4a4d97a8f5efb301e857bc9e15fa34010	parent_b_out_of_frame	88	215	128	0.0	0.07590513513423502	0	False	False	False
orf_7cdcd245f48f278063960862eecd6c3ecc7b48c3441b770f4a45b8224c6d0ca5	peptide_5c21ae184feb65c1e843decba2484c105c32fad251b9076e518b980cedb5e364	parent_a_canonical	1	113	113	0.0	0.05923860223419898	0	False	False	False
orf_7cdcd245f48f278063960862eecd6c3ecc7b48c3441b770f4a45b8224c6d0ca5	peptide_5c21ae184feb65c1e843decba2484c105c32fad251b9076e518b980cedb5e364	parent_b_canonical	114	271	158	0.0	0.06782807919043529	0	False	False	False
orf_cb10403f40ed705185652391facee785f11499e84222455841f5ed69a217d2a3	peptide_bb6d915a079cd22e4c6146fd7fd974ece5af6779270aa276b58776d32193b5a9	parent_a_canonical	1	113	113	0.0	0.053581574453716786	0	False	False	False
orf_cb10403f40ed705185652391facee785f11499e84222455841f5ed69a217d2a3	peptide_bb6d915a079cd22e4c6146fd7fd974ece5af6779270aa276b58776d32193b5a9	parent_b_canonical	114	272	159	0.018867924528301886	0.08089004494484116	3	False	False	False
orf_7b58a6fc8dc92fc62e3de4813e92eb3c60fed8788567a0d8778a1177110fd07f	peptide_d863b4181c9445613da3877663fc081e228ed82f65667b4d3ed864a4251e3f95	parent_a_canonical	1	113	113	0.0	0.06569078287719625	0	False	False	False
orf_7b58a6fc8dc92fc62e3de4813e92eb3c60fed8788567a0d8778a1177110fd07f	peptide_d863b4181c9445613da3877663fc081e228ed82f65667b4d3ed864a4251e3f95	parent_b_out_of_frame	114	241	128	0.0	0.0669546474236995	0	False	False	False
orf_f818b91beb01a006f208f8659c07167acf274f09386f00fcf3491275c613bc95	peptide_ed94a7c73c5bb4d289c56f618b0eb9ee4ae8c7f74e21cbb1da03f872cd1f9de4	parent_a_canonical	1	87	87	0.05747126436781609	0.16461226755175098	5	False	False	False
orf_f818b91beb01a006f208f8659c07167acf274f09386f00fcf3491275c613bc95	peptide_ed94a7c73c5bb4d289c56f618b0eb9ee4ae8c7f74e21cbb1da03f872cd1f9de4	parent_b_canonical	88	245	158	0.0	0.06996131405422959	0	False	False	False
orf_83f97f86c8ed2ae30a0afe6cafeb2b41194c20981de83ee83b56b9ccb8eec04b	peptide_dd05b2de8b0dff54a99f32fb5534a21ea7b2859c77f90ebe3af16b628329d84d	parent_a_canonical	1	87	87	0.011494252873563218	0.15201121637190895	1	False	False	False
orf_83f97f86c8ed2ae30a0afe6cafeb2b41194c20981de83ee83b56b9ccb8eec04b	peptide_dd05b2de8b0dff54a99f32fb5534a21ea7b2859c77f90ebe3af16b628329d84d	parent_b_canonical	88	246	159	0.0	0.08479348912179095	0	False	False	False
orf_512ad5a6d80727abc49ce5f2d1ab6c7e08c0d8370abd51b6787dea640d609cf1	peptide_4d18fa70af645e46d15fe314ebcce1c4a4d97a8f5efb301e857bc9e15fa34010	parent_a_canonical	1	87	87	0.022988505747126436	0.1558553778577125	2	False	False	False
orf_512ad5a6d80727abc49ce5f2d1ab6c7e08c0d8370abd51b6787dea640d609cf1	peptide_4d18fa70af645e46d15fe314ebcce1c4a4d97a8f5efb301e857bc9e15fa34010	parent_b_out_of_frame	88	215	128	0.0	0.07590513513423502	0	False	False	False
orf_389b695255670b6adf6bbb2a8386e3b542c929f9975fba50a1c935a00b03a082	peptide_7bcda12bdf29e3d6d0ef460640d8a4e51aff91f6bdd3153d1c314603883f3620	parent_a_canonical	1	301	301	0.34551495016611294	0.3779786470720538	95	False	False	False
orf_389b695255670b6adf6bbb2a8386e3b542c929f9975fba50a1c935a00b03a082	peptide_7bcda12bdf29e3d6d0ef460640d8a4e51aff91f6bdd3153d1c314603883f3620	junction_split_codon	302	302	1	1.0	1.0	1	True	True	True
orf_389b695255670b6adf6bbb2a8386e3b542c929f9975fba50a1c935a00b03a082	peptide_7bcda12bdf29e3d6d0ef460640d8a4e51aff91f6bdd3153d1c314603883f3620	parent_b_out_of_frame	303	303	1	1.0	1.0	1	True	True	True
orf_e6894988b10a9d447329313064ede3708cded165dbdd09fd0c824ca928d769a6	peptide_7bcda12bdf29e3d6d0ef460640d8a4e51aff91f6bdd3153d1c314603883f3620	parent_a_canonical	1	301	301	0.34551495016611294	0.3779786470720538	95	False	False	False
orf_e6894988b10a9d447329313064ede3708cded165dbdd09fd0c824ca928d769a6	peptide_7bcda12bdf29e3d6d0ef460640d8a4e51aff91f6bdd3153d1c314603883f3620	junction_split_codon	302	302	1	1.0	1.0	1	True	True	True
orf_e6894988b10a9d447329313064ede3708cded165dbdd09fd0c824ca928d769a6	peptide_7bcda12bdf29e3d6d0ef460640d8a4e51aff91f6bdd3153d1c314603883f3620	parent_b_out_of_frame	303	303	1	1.0	1.0	1	True	True	True
orf_c2d37e944f5a4f2e9d8f8edc35e994786d83f079140b5018c7eb2c3e66f1c1e4	peptide_7bcda12bdf29e3d6d0ef460640d8a4e51aff91f6bdd3153d1c314603883f3620	parent_a_canonical	1	301	301	0.34551495016611294	0.3779786470720538	95	False	False	False
orf_c2d37e944f5a4f2e9d8f8edc35e994786d83f079140b5018c7eb2c3e66f1c1e4	peptide_7bcda12bdf29e3d6d0ef460640d8a4e51aff91f6bdd3153d1c314603883f3620	junction_split_codon	302	302	1	1.0	1.0	1	True	True	True
orf_c2d37e944f5a4f2e9d8f8edc35e994786d83f079140b5018c7eb2c3e66f1c1e4	peptide_7bcda12bdf29e3d6d0ef460640d8a4e51aff91f6bdd3153d1c314603883f3620	parent_b_out_of_frame	303	303	1	1.0	1.0	1	True	True	True
orf_6fc813b61c356c6559aa454ab3495855fc6164b2394a0088a40337a04785a583	peptide_7bcda12bdf29e3d6d0ef460640d8a4e51aff91f6bdd3153d1c314603883f3620	parent_a_canonical	1	301	301	0.34551495016611294	0.3779786470720538	95	False	False	False
orf_6fc813b61c356c6559aa454ab3495855fc6164b2394a0088a40337a04785a583	peptide_7bcda12bdf29e3d6d0ef460640d8a4e51aff91f6bdd3153d1c314603883f3620	junction_split_codon	302	302	1	1.0	1.0	1	True	True	True
orf_6fc813b61c356c6559aa454ab3495855fc6164b2394a0088a40337a04785a583	peptide_7bcda12bdf29e3d6d0ef460640d8a4e51aff91f6bdd3153d1c314603883f3620	parent_b_out_of_frame	303	303	1	1.0	1.0	1	True	True	True
orf_e89f1db17dff99169c04e01441e5131c0ecbf2b69963a20bf71672e114bfa10e	peptide_7bcda12bdf29e3d6d0ef460640d8a4e51aff91f6bdd3153d1c314603883f3620	parent_a_canonical	1	301	301	0.34551495016611294	0.3779786470720538	95	False	False	False
orf_e89f1db17dff99169c04e01441e5131c0ecbf2b69963a20bf71672e114bfa10e	peptide_7bcda12bdf29e3d6d0ef460640d8a4e51aff91f6bdd3153d1c314603883f3620	junction_split_codon	302	302	1	1.0	1.0	1	True	True	True
orf_e89f1db17dff99169c04e01441e5131c0ecbf2b69963a20bf71672e114bfa10e	peptide_7bcda12bdf29e3d6d0ef460640d8a4e51aff91f6bdd3153d1c314603883f3620	parent_b_out_of_frame	303	303	1	1.0	1.0	1	True	True	True
orf_a4ef9a12aefdc48073bcc7261158be5e374c33e38c9c22e64a3e67d2a1682a7b	peptide_7bcda12bdf29e3d6d0ef460640d8a4e51aff91f6bdd3153d1c314603883f3620	parent_a_canonical	1	301	301	0.34551495016611294	0.3779786470720538	95	False	False	False
orf_a4ef9a12aefdc48073bcc7261158be5e374c33e38c9c22e64a3e67d2a1682a7b	peptide_7bcda12bdf29e3d6d0ef460640d8a4e51aff91f6bdd3153d1c314603883f3620	junction_split_codon	302	302	1	1.0	1.0	1	True	True	True
orf_a4ef9a12aefdc48073bcc7261158be5e374c33e38c9c22e64a3e67d2a1682a7b	peptide_7bcda12bdf29e3d6d0ef460640d8a4e51aff91f6bdd3153d1c314603883f3620	parent_b_out_of_frame	303	303	1	1.0	1.0	1	True	True	True
orf_aa8ac54c2c9d04ab603a0112b8ab1a895fd1c83c29e8e4f970f1b094096a65d8	peptide_7bcda12bdf29e3d6d0ef460640d8a4e51aff91f6bdd3153d1c314603883f3620	parent_a_canonical	1	301	301	0.34551495016611294	0.3779786470720538	95	False	False	False
orf_aa8ac54c2c9d04ab603a0112b8ab1a895fd1c83c29e8e4f970f1b094096a65d8	peptide_7bcda12bdf29e3d6d0ef460640d8a4e51aff91f6bdd3153d1c314603883f3620	junction_split_codon	302	302	1	1.0	1.0	1	True	True	True
orf_aa8ac54c2c9d04ab603a0112b8ab1a895fd1c83c29e8e4f970f1b094096a65d8	peptide_7bcda12bdf29e3d6d0ef460640d8a4e51aff91f6bdd3153d1c314603883f3620	parent_b_out_of_frame	303	303	1	1.0	1.0	1	True	True	True
orf_49a8ed0d31b8c13b6c41122ae0836be45891a2fb227b5c1bb78cbadd00fbd176	peptide_7bcda12bdf29e3d6d0ef460640d8a4e51aff91f6bdd3153d1c314603883f3620	parent_a_canonical	1	301	301	0.34551495016611294	0.3779786470720538	95	False	False	False
orf_49a8ed0d31b8c13b6c41122ae0836be45891a2fb227b5c1bb78cbadd00fbd176	peptide_7bcda12bdf29e3d6d0ef460640d8a4e51aff91f6bdd3153d1c314603883f3620	junction_split_codon	302	302	1	1.0	1.0	1	True	True	True
orf_49a8ed0d31b8c13b6c41122ae0836be45891a2fb227b5c1bb78cbadd00fbd176	peptide_7bcda12bdf29e3d6d0ef460640d8a4e51aff91f6bdd3153d1c314603883f3620	parent_b_out_of_frame	303	303	1	1.0	1.0	1	True	True	True
orf_1e121b07318be2bc7811aa18b785d8d4e22e3ed357d4e2bdbc56dc26849831ec	peptide_7bcda12bdf29e3d6d0ef460640d8a4e51aff91f6bdd3153d1c314603883f3620	parent_a_canonical	1	301	301	0.34551495016611294	0.3779786470720538	95	False	False	False
orf_1e121b07318be2bc7811aa18b785d8d4e22e3ed357d4e2bdbc56dc26849831ec	peptide_7bcda12bdf29e3d6d0ef460640d8a4e51aff91f6bdd3153d1c314603883f3620	junction_split_codon	302	302	1	1.0	1.0	1	True	True	True
orf_1e121b07318be2bc7811aa18b785d8d4e22e3ed357d4e2bdbc56dc26849831ec	peptide_7bcda12bdf29e3d6d0ef460640d8a4e51aff91f6bdd3153d1c314603883f3620	parent_b_out_of_frame	303	303	1	1.0	1.0	1	True	True	True
orf_7b302d3888c9bbf83f908cb4b379c285978038ecaa9f6ef52852c387c6ec73f0	peptide_7bcda12bdf29e3d6d0ef460640d8a4e51aff91f6bdd3153d1c314603883f3620	parent_a_canonical	1	301	301	0.34551495016611294	0.3779786470720538	95	False	False	False
orf_7b302d3888c9bbf83f908cb4b379c285978038ecaa9f6ef52852c387c6ec73f0	peptide_7bcda12bdf29e3d6d0ef460640d8a4e51aff91f6bdd3153d1c314603883f3620	junction_split_codon	302	302	1	1.0	1.0	1	True	True	True
orf_7b302d3888c9bbf83f908cb4b379c285978038ecaa9f6ef52852c387c6ec73f0	peptide_7bcda12bdf29e3d6d0ef460640d8a4e51aff91f6bdd3153d1c314603883f3620	parent_b_out_of_frame	303	303	1	1.0	1.0	1	True	True	True
orf_a1eb2118c46dd46159025828a0e10cb5bb0be70dd0446d2b7eaafaa8e29ef4fd	peptide_7bcda12bdf29e3d6d0ef460640d8a4e51aff91f6bdd3153d1c314603883f3620	parent_a_canonical	1	301	301	0.34551495016611294	0.3779786470720538	95	False	False	False
orf_a1eb2118c46dd46159025828a0e10cb5bb0be70dd0446d2b7eaafaa8e29ef4fd	peptide_7bcda12bdf29e3d6d0ef460640d8a4e51aff91f6bdd3153d1c314603883f3620	junction_split_codon	302	302	1	1.0	1.0	1	True	True	True
orf_a1eb2118c46dd46159025828a0e10cb5bb0be70dd0446d2b7eaafaa8e29ef4fd	peptide_7bcda12bdf29e3d6d0ef460640d8a4e51aff91f6bdd3153d1c314603883f3620	parent_b_out_of_frame	303	303	1	1.0	1.0	1	True	True	True
orf_41d50f380da3cfaf0f48123f6eda4a76073e58b8645c5a2303d5ad873359ef65	peptide_7bcda12bdf29e3d6d0ef460640d8a4e51aff91f6bdd3153d1c314603883f3620	parent_a_canonical	1	301	301	0.34551495016611294	0.3779786470720538	95	False	False	False
orf_41d50f380da3cfaf0f48123f6eda4a76073e58b8645c5a2303d5ad873359ef65	peptide_7bcda12bdf29e3d6d0ef460640d8a4e51aff91f6bdd3153d1c314603883f3620	junction_split_codon	302	302	1	1.0	1.0	1	True	True	True
orf_41d50f380da3cfaf0f48123f6eda4a76073e58b8645c5a2303d5ad873359ef65	peptide_7bcda12bdf29e3d6d0ef460640d8a4e51aff91f6bdd3153d1c314603883f3620	parent_b_out_of_frame	303	303	1	1.0	1.0	1	True	True	True
orf_529636900be78930cd34b6a32d3ace2fe93fb14c1dd601c5e9423e3c8843e705	peptide_7bcda12bdf29e3d6d0ef460640d8a4e51aff91f6bdd3153d1c314603883f3620	parent_a_canonical	1	301	301	0.34551495016611294	0.3779786470720538	95	False	False	False
orf_529636900be78930cd34b6a32d3ace2fe93fb14c1dd601c5e9423e3c8843e705	peptide_7bcda12bdf29e3d6d0ef460640d8a4e51aff91f6bdd3153d1c314603883f3620	junction_split_codon	302	302	1	1.0	1.0	1	True	True	True
orf_529636900be78930cd34b6a32d3ace2fe93fb14c1dd601c5e9423e3c8843e705	peptide_7bcda12bdf29e3d6d0ef460640d8a4e51aff91f6bdd3153d1c314603883f3620	parent_b_out_of_frame	303	303	1	1.0	1.0	1	True	True	True
orf_b35a16eae6f4520c6a6ae76a3810041204660888db79daf158e573beb4404b7c	peptide_7bcda12bdf29e3d6d0ef460640d8a4e51aff91f6bdd3153d1c314603883f3620	parent_a_canonical	1	301	301	0.34551495016611294	0.3779786470720538	95	False	False	False
orf_b35a16eae6f4520c6a6ae76a3810041204660888db79daf158e573beb4404b7c	peptide_7bcda12bdf29e3d6d0ef460640d8a4e51aff91f6bdd3153d1c314603883f3620	junction_split_codon	302	302	1	1.0	1.0	1	True	True	True
orf_b35a16eae6f4520c6a6ae76a3810041204660888db79daf158e573beb4404b7c	peptide_7bcda12bdf29e3d6d0ef460640d8a4e51aff91f6bdd3153d1c314603883f3620	parent_b_out_of_frame	303	303	1	1.0	1.0	1	True	True	True
orf_180716fbe3f90ba08be61b7a61266de6c2910863d66b3bf8a4beef1f5d43eb5c	peptide_7bcda12bdf29e3d6d0ef460640d8a4e51aff91f6bdd3153d1c314603883f3620	parent_a_canonical	1	301	301	0.34551495016611294	0.3779786470720538	95	False	False	False
orf_180716fbe3f90ba08be61b7a61266de6c2910863d66b3bf8a4beef1f5d43eb5c	peptide_7bcda12bdf29e3d6d0ef460640d8a4e51aff91f6bdd3153d1c314603883f3620	junction_split_codon	302	302	1	1.0	1.0	1	True	True	True
orf_180716fbe3f90ba08be61b7a61266de6c2910863d66b3bf8a4beef1f5d43eb5c	peptide_7bcda12bdf29e3d6d0ef460640d8a4e51aff91f6bdd3153d1c314603883f3620	parent_b_out_of_frame	303	303	1	1.0	1.0	1	True	True	True
orf_7f43a57def18f55edad53d332680f66684a44006c6209befed8d349e02e8aead	peptide_101700281cde078bee94b7382d6e603a4babf7b2c6c73ebf43d4a469d59c79f5	parent_a_canonical	1	134	134	0.05970149253731343	0.1126838146305796	8	False	False	False
orf_7f43a57def18f55edad53d332680f66684a44006c6209befed8d349e02e8aead	peptide_101700281cde078bee94b7382d6e603a4babf7b2c6c73ebf43d4a469d59c79f5	junction_split_codon	135	135	1	0.0	0.0212172269821167	0	False	False	False
orf_7f43a57def18f55edad53d332680f66684a44006c6209befed8d349e02e8aead	peptide_101700281cde078bee94b7382d6e603a4babf7b2c6c73ebf43d4a469d59c79f5	parent_b_out_of_frame	136	159	24	0.0	0.0792920005818208	0	False	False	False
orf_2db2a40b8714f0a4c5e5662cc287b815f10c750376f6dd75a67bef6a4d5984f8	peptide_2c1cb44a742642c7499d1d08f06ecb23a8a9624b374d98d67c1abe41c80dad9f	parent_a_canonical	1	253	253	0.24110671936758893	0.2928062663247934	34	False	False	False
orf_2db2a40b8714f0a4c5e5662cc287b815f10c750376f6dd75a67bef6a4d5984f8	peptide_2c1cb44a742642c7499d1d08f06ecb23a8a9624b374d98d67c1abe41c80dad9f	parent_b_canonical	254	535	282	0.5141843971631206	0.5623330715911609	145	True	True	False
orf_d233cf0150070d90261d46d73c03320a362d5b4d36d25c9afc6d37d26d8180d4	peptide_289703e36f5869975fcc5af1cbd06c1f72a4d2a842df9afb9026fb0767317782	parent_a_canonical	1	253	253	0.24110671936758893	0.2915908692500337	34	False	False	False
orf_d233cf0150070d90261d46d73c03320a362d5b4d36d25c9afc6d37d26d8180d4	peptide_289703e36f5869975fcc5af1cbd06c1f72a4d2a842df9afb9026fb0767317782	parent_b_canonical	254	532	279	0.5125448028673835	0.5621454065204948	143	True	True	False
orf_2018a7bc57bedb2f237fb20e1db8bf9e4af80a520df7baa7f74b649cf65131a4	peptide_2c1cb44a742642c7499d1d08f06ecb23a8a9624b374d98d67c1abe41c80dad9f	parent_a_canonical	1	253	253	0.24110671936758893	0.2928062663247934	34	False	False	False
orf_2018a7bc57bedb2f237fb20e1db8bf9e4af80a520df7baa7f74b649cf65131a4	peptide_2c1cb44a742642c7499d1d08f06ecb23a8a9624b374d98d67c1abe41c80dad9f	parent_b_canonical	254	535	282	0.5141843971631206	0.5623330715911609	145	True	True	False
orf_36db398d345d8fb6ea2355fd613e69c11f69b54192d05c811fc059cd33dc7ae8	peptide_289703e36f5869975fcc5af1cbd06c1f72a4d2a842df9afb9026fb0767317782	parent_a_canonical	1	253	253	0.24110671936758893	0.2915908692500337	34	False	False	False
orf_36db398d345d8fb6ea2355fd613e69c11f69b54192d05c811fc059cd33dc7ae8	peptide_289703e36f5869975fcc5af1cbd06c1f72a4d2a842df9afb9026fb0767317782	parent_b_canonical	254	532	279	0.5125448028673835	0.5621454065204948	143	True	True	False
orf_ff991d94294ccd59d7f289b9704e8c41a8f122199ae71408df59e024e84a05e2	peptide_d349aa7322fee3b86b789ab684cd76079672d6b4c4cededfb18f9176d162adcc	parent_a_canonical	1	149	149	0.0	0.0826748782556329	0	False	False	False
orf_ff991d94294ccd59d7f289b9704e8c41a8f122199ae71408df59e024e84a05e2	peptide_d349aa7322fee3b86b789ab684cd76079672d6b4c4cededfb18f9176d162adcc	parent_b_canonical	150	705	556	0.22841726618705036	0.27949376433766143	127	False	False	False
orf_ab825e71bfa0fd17b27b7fa78734540ceae9beba9811510d72c1b7717dd5c3c5	peptide_5b820602d0913021ac12d92f0fc7c2366f7be431a2c151cfe72ac60156f69222	parent_a_canonical	1	149	149	0.0	0.08375491351889283	0	False	False	False
orf_ab825e71bfa0fd17b27b7fa78734540ceae9beba9811510d72c1b7717dd5c3c5	peptide_5b820602d0913021ac12d92f0fc7c2366f7be431a2c151cfe72ac60156f69222	parent_b_unannotated_CDS	150	282	133	0.06766917293233082	0.17980449047303737	9	False	False	False
orf_78fc6bcf488ac4faf62c315738a8487fee780221a4c78a4b61b084521ca6c30e	peptide_d155235fc72b0662d3c8bbf119a4f520de177b182c86e1bedc3fb455dd412ca3	parent_a_canonical	1	130	130	0.0	0.09383590805989045	0	False	False	False
orf_78fc6bcf488ac4faf62c315738a8487fee780221a4c78a4b61b084521ca6c30e	peptide_d155235fc72b0662d3c8bbf119a4f520de177b182c86e1bedc3fb455dd412ca3	parent_b_canonical	131	686	556	0.22841726618705036	0.2836423868970048	127	False	False	False
orf_00a300746895baee21205255b86f79b4950f585c3792ae4502960e826cdbee4c	peptide_30789ddbca07e50737e87ef7ab2775266174c325dbac710715479d3a2f30a194	parent_a_canonical	1	130	130	0.0	0.09668556910294752	0	False	False	False
orf_00a300746895baee21205255b86f79b4950f585c3792ae4502960e826cdbee4c	peptide_30789ddbca07e50737e87ef7ab2775266174c325dbac710715479d3a2f30a194	parent_b_unannotated_CDS	131	263	133	0.08270676691729323	0.1906436425178571	11	False	False	False
orf_ebd1b06c6441595a4024b44959b3ffec89488c8abbfabf49b4823b302e8608d0	peptide_793796e4e1c34f48ece748d9bbdd33f9d79b459a7bcd1d2d5639d6ca7121a914	parent_a_canonical	1	119	119	0.0	0.0971653435160132	0	False	False	False
orf_ebd1b06c6441595a4024b44959b3ffec89488c8abbfabf49b4823b302e8608d0	peptide_793796e4e1c34f48ece748d9bbdd33f9d79b459a7bcd1d2d5639d6ca7121a914	parent_b_canonical	120	675	556	0.22841726618705036	0.2830735647367488	127	False	False	False
orf_6094ddc9a076b8c6e02d48b74a66df195b3b3425a93ef1f640855050f48c2938	peptide_f41443bc0b10f416c99dddf5688636205400f620bb71771505df8299c360c620	parent_a_canonical	1	119	119	0.0	0.10044335379820912	0	False	False	False
orf_6094ddc9a076b8c6e02d48b74a66df195b3b3425a93ef1f640855050f48c2938	peptide_f41443bc0b10f416c99dddf5688636205400f620bb71771505df8299c360c620	parent_b_unannotated_CDS	120	252	133	0.08270676691729323	0.19097438275365902	11	False	False	False
orf_c7a650779281b96c7cd6fe05237d5f3ebb365a761e590215281aff0ea7f5edfe	peptide_9a99577ea77e93a51bb896132001fac6caa242ee517a62995ddef9d39a72f54a	parent_a_canonical	1	523	523	0.1491395793499044	0.25517873409031455	44	False	False	False
orf_c7a650779281b96c7cd6fe05237d5f3ebb365a761e590215281aff0ea7f5edfe	peptide_9a99577ea77e93a51bb896132001fac6caa242ee517a62995ddef9d39a72f54a	junction_split_codon	524	524	1	0.0	0.15395504236221313	0	False	False	False
orf_c7a650779281b96c7cd6fe05237d5f3ebb365a761e590215281aff0ea7f5edfe	peptide_9a99577ea77e93a51bb896132001fac6caa242ee517a62995ddef9d39a72f54a	parent_b_upstream_of_annotated_CDS	525	530	6	0.0	0.19126015156507492	0	False	False	False
orf_c7a650779281b96c7cd6fe05237d5f3ebb365a761e590215281aff0ea7f5edfe	peptide_9a99577ea77e93a51bb896132001fac6caa242ee517a62995ddef9d39a72f54a	parent_b_canonical	531	711	181	0.0	0.14265464608511214	0	False	False	False
orf_617890ad648090aa7312b0cbf508cca51ffb7a0f884c82289638b4f1ffddc16b	peptide_9a99577ea77e93a51bb896132001fac6caa242ee517a62995ddef9d39a72f54a	parent_a_canonical	1	523	523	0.1491395793499044	0.25517873409031455	44	False	False	False
orf_617890ad648090aa7312b0cbf508cca51ffb7a0f884c82289638b4f1ffddc16b	peptide_9a99577ea77e93a51bb896132001fac6caa242ee517a62995ddef9d39a72f54a	junction_split_codon	524	524	1	0.0	0.15395504236221313	0	False	False	False
orf_617890ad648090aa7312b0cbf508cca51ffb7a0f884c82289638b4f1ffddc16b	peptide_9a99577ea77e93a51bb896132001fac6caa242ee517a62995ddef9d39a72f54a	parent_b_upstream_of_annotated_CDS	525	530	6	0.0	0.19126015156507492	0	False	False	False
orf_617890ad648090aa7312b0cbf508cca51ffb7a0f884c82289638b4f1ffddc16b	peptide_9a99577ea77e93a51bb896132001fac6caa242ee517a62995ddef9d39a72f54a	parent_b_canonical	531	711	181	0.0	0.14265464608511214	0	False	False	False
orf_eda3c90d4d3cab41ec300db46e56ea98b553f2e6333ca5065c24c9ed66747794	peptide_9a99577ea77e93a51bb896132001fac6caa242ee517a62995ddef9d39a72f54a	parent_a_canonical	1	523	523	0.1491395793499044	0.25517873409031455	44	False	False	False
orf_eda3c90d4d3cab41ec300db46e56ea98b553f2e6333ca5065c24c9ed66747794	peptide_9a99577ea77e93a51bb896132001fac6caa242ee517a62995ddef9d39a72f54a	junction_split_codon	524	524	1	0.0	0.15395504236221313	0	False	False	False
orf_eda3c90d4d3cab41ec300db46e56ea98b553f2e6333ca5065c24c9ed66747794	peptide_9a99577ea77e93a51bb896132001fac6caa242ee517a62995ddef9d39a72f54a	parent_b_upstream_of_annotated_CDS	525	530	6	0.0	0.19126015156507492	0	False	False	False
orf_eda3c90d4d3cab41ec300db46e56ea98b553f2e6333ca5065c24c9ed66747794	peptide_9a99577ea77e93a51bb896132001fac6caa242ee517a62995ddef9d39a72f54a	parent_b_canonical	531	711	181	0.0	0.14265464608511214	0	False	False	False
orf_7862e92e75db52a4433a6d38288170b927d575037839ab43c7a531c2f47d863b	peptide_9a99577ea77e93a51bb896132001fac6caa242ee517a62995ddef9d39a72f54a	parent_a_canonical	1	523	523	0.1491395793499044	0.25517873409031455	44	False	False	False
orf_7862e92e75db52a4433a6d38288170b927d575037839ab43c7a531c2f47d863b	peptide_9a99577ea77e93a51bb896132001fac6caa242ee517a62995ddef9d39a72f54a	junction_split_codon	524	524	1	0.0	0.15395504236221313	0	False	False	False
orf_7862e92e75db52a4433a6d38288170b927d575037839ab43c7a531c2f47d863b	peptide_9a99577ea77e93a51bb896132001fac6caa242ee517a62995ddef9d39a72f54a	parent_b_upstream_of_annotated_CDS	525	530	6	0.0	0.19126015156507492	0	False	False	False
orf_7862e92e75db52a4433a6d38288170b927d575037839ab43c7a531c2f47d863b	peptide_9a99577ea77e93a51bb896132001fac6caa242ee517a62995ddef9d39a72f54a	parent_b_canonical	531	711	181	0.0	0.14265464608511214	0	False	False	False
orf_83ccc490a3f531d466e63ae4d0a9bbb22188d685cb62240d2535eb5e89646d66	peptide_f0766d124b52f0061597ce4e822e9275a04152df574f9a512631a0fa6ed8a2fa	parent_a_canonical	1	73	73	1.0	0.7936943050933211	73	True	True	True
orf_83ccc490a3f531d466e63ae4d0a9bbb22188d685cb62240d2535eb5e89646d66	peptide_f0766d124b52f0061597ce4e822e9275a04152df574f9a512631a0fa6ed8a2fa	junction_split_codon	74	74	1	1.0	0.9049187898635864	1	True	True	True
orf_83ccc490a3f531d466e63ae4d0a9bbb22188d685cb62240d2535eb5e89646d66	peptide_f0766d124b52f0061597ce4e822e9275a04152df574f9a512631a0fa6ed8a2fa	parent_b_out_of_frame	75	118	44	1.0	0.906486988067627	44	True	True	True
orf_72aa4aa9c7dc2940458fed952a5c2fe8c582d5fc93f955e8d1694feb835abdfb	peptide_f0766d124b52f0061597ce4e822e9275a04152df574f9a512631a0fa6ed8a2fa	parent_a_canonical	1	73	73	1.0	0.7936943050933211	73	True	True	True
orf_72aa4aa9c7dc2940458fed952a5c2fe8c582d5fc93f955e8d1694feb835abdfb	peptide_f0766d124b52f0061597ce4e822e9275a04152df574f9a512631a0fa6ed8a2fa	junction_split_codon	74	74	1	1.0	0.9049187898635864	1	True	True	True
orf_72aa4aa9c7dc2940458fed952a5c2fe8c582d5fc93f955e8d1694feb835abdfb	peptide_f0766d124b52f0061597ce4e822e9275a04152df574f9a512631a0fa6ed8a2fa	parent_b_out_of_frame	75	118	44	1.0	0.906486988067627	44	True	True	True
orf_e5993add2e0661cc2e675829b5bd0cb897102ee31f6141d212fd9ca8e6a79426	peptide_f0766d124b52f0061597ce4e822e9275a04152df574f9a512631a0fa6ed8a2fa	parent_a_canonical	1	73	73	1.0	0.7936943050933211	73	True	True	True
orf_e5993add2e0661cc2e675829b5bd0cb897102ee31f6141d212fd9ca8e6a79426	peptide_f0766d124b52f0061597ce4e822e9275a04152df574f9a512631a0fa6ed8a2fa	junction_split_codon	74	74	1	1.0	0.9049187898635864	1	True	True	True
orf_e5993add2e0661cc2e675829b5bd0cb897102ee31f6141d212fd9ca8e6a79426	peptide_f0766d124b52f0061597ce4e822e9275a04152df574f9a512631a0fa6ed8a2fa	parent_b_unannotated_CDS	75	118	44	1.0	0.906486988067627	44	True	True	True
orf_79b936c73f20a7520dfd9238b31ebd33ee54a0bd0166019a540dcb9ffe53d30d	peptide_f0766d124b52f0061597ce4e822e9275a04152df574f9a512631a0fa6ed8a2fa	parent_a_canonical	1	73	73	1.0	0.7936943050933211	73	True	True	True
orf_79b936c73f20a7520dfd9238b31ebd33ee54a0bd0166019a540dcb9ffe53d30d	peptide_f0766d124b52f0061597ce4e822e9275a04152df574f9a512631a0fa6ed8a2fa	junction_split_codon	74	74	1	1.0	0.9049187898635864	1	True	True	True
orf_79b936c73f20a7520dfd9238b31ebd33ee54a0bd0166019a540dcb9ffe53d30d	peptide_f0766d124b52f0061597ce4e822e9275a04152df574f9a512631a0fa6ed8a2fa	parent_b_unannotated_CDS	75	118	44	1.0	0.906486988067627	44	True	True	True
orf_cd742926d553caf089c8ac933bf8bbdd7ca88ff1bf0562327bd16d8be4112418	peptide_f0766d124b52f0061597ce4e822e9275a04152df574f9a512631a0fa6ed8a2fa	parent_a_canonical	1	73	73	1.0	0.7936943050933211	73	True	True	True
orf_cd742926d553caf089c8ac933bf8bbdd7ca88ff1bf0562327bd16d8be4112418	peptide_f0766d124b52f0061597ce4e822e9275a04152df574f9a512631a0fa6ed8a2fa	junction_split_codon	74	74	1	1.0	0.9049187898635864	1	True	True	True
orf_cd742926d553caf089c8ac933bf8bbdd7ca88ff1bf0562327bd16d8be4112418	peptide_f0766d124b52f0061597ce4e822e9275a04152df574f9a512631a0fa6ed8a2fa	parent_b_out_of_frame	75	118	44	1.0	0.906486988067627	44	True	True	True
orf_793102b0f2fa96e0aea1c967efe71293a8dc59a9a8ec2bc3018c1221696ab570	peptide_f0766d124b52f0061597ce4e822e9275a04152df574f9a512631a0fa6ed8a2fa	parent_a_canonical	1	73	73	1.0	0.7936943050933211	73	True	True	True
orf_793102b0f2fa96e0aea1c967efe71293a8dc59a9a8ec2bc3018c1221696ab570	peptide_f0766d124b52f0061597ce4e822e9275a04152df574f9a512631a0fa6ed8a2fa	junction_split_codon	74	74	1	1.0	0.9049187898635864	1	True	True	True
orf_793102b0f2fa96e0aea1c967efe71293a8dc59a9a8ec2bc3018c1221696ab570	peptide_f0766d124b52f0061597ce4e822e9275a04152df574f9a512631a0fa6ed8a2fa	parent_b_out_of_frame	75	118	44	1.0	0.906486988067627	44	True	True	True
orf_56a2b7cf0a8d8f48ac7bc0e88cb0837b45d343eb61ee2ae177f6d32daedc231e	peptide_f0766d124b52f0061597ce4e822e9275a04152df574f9a512631a0fa6ed8a2fa	parent_a_canonical	1	73	73	1.0	0.7936943050933211	73	True	True	True
orf_56a2b7cf0a8d8f48ac7bc0e88cb0837b45d343eb61ee2ae177f6d32daedc231e	peptide_f0766d124b52f0061597ce4e822e9275a04152df574f9a512631a0fa6ed8a2fa	junction_split_codon	74	74	1	1.0	0.9049187898635864	1	True	True	True
orf_56a2b7cf0a8d8f48ac7bc0e88cb0837b45d343eb61ee2ae177f6d32daedc231e	peptide_f0766d124b52f0061597ce4e822e9275a04152df574f9a512631a0fa6ed8a2fa	parent_b_unannotated_CDS	75	118	44	1.0	0.906486988067627	44	True	True	True
orf_54cd746fdd6c2d7ad1722acf8a131da0e13c3c575c6797456cc45d7b281e933b	peptide_f0766d124b52f0061597ce4e822e9275a04152df574f9a512631a0fa6ed8a2fa	parent_a_canonical	1	73	73	1.0	0.7936943050933211	73	True	True	True
orf_54cd746fdd6c2d7ad1722acf8a131da0e13c3c575c6797456cc45d7b281e933b	peptide_f0766d124b52f0061597ce4e822e9275a04152df574f9a512631a0fa6ed8a2fa	junction_split_codon	74	74	1	1.0	0.9049187898635864	1	True	True	True
orf_54cd746fdd6c2d7ad1722acf8a131da0e13c3c575c6797456cc45d7b281e933b	peptide_f0766d124b52f0061597ce4e822e9275a04152df574f9a512631a0fa6ed8a2fa	parent_b_unannotated_CDS	75	118	44	1.0	0.906486988067627	44	True	True	True
orf_c8d23e55fff004c0a5410f394c74b45541084e071457bc2652f8667e56b2d508	peptide_74500f70e6a9f3f7e33db93e70c8610c8c7af7704f8522687bc26abc4cd3eb18	parent_a_canonical	1	203	203	0.0	0.1335555640200676	0	False	False	False
orf_c8d23e55fff004c0a5410f394c74b45541084e071457bc2652f8667e56b2d508	peptide_74500f70e6a9f3f7e33db93e70c8610c8c7af7704f8522687bc26abc4cd3eb18	junction_split_codon	204	204	1	0.0	0.1264171004295349	0	False	False	False
orf_c8d23e55fff004c0a5410f394c74b45541084e071457bc2652f8667e56b2d508	peptide_74500f70e6a9f3f7e33db93e70c8610c8c7af7704f8522687bc26abc4cd3eb18	parent_b_out_of_frame	205	234	30	0.0	0.19114719033241273	0	False	False	False
orf_9414cb089ec7a330132411d55e7757c65dbc3cdbbd414bf53f85ee0ef0c1701c	peptide_74500f70e6a9f3f7e33db93e70c8610c8c7af7704f8522687bc26abc4cd3eb18	parent_a_canonical	1	203	203	0.0	0.1335555640200676	0	False	False	False
orf_9414cb089ec7a330132411d55e7757c65dbc3cdbbd414bf53f85ee0ef0c1701c	peptide_74500f70e6a9f3f7e33db93e70c8610c8c7af7704f8522687bc26abc4cd3eb18	junction_split_codon	204	204	1	0.0	0.1264171004295349	0	False	False	False
orf_9414cb089ec7a330132411d55e7757c65dbc3cdbbd414bf53f85ee0ef0c1701c	peptide_74500f70e6a9f3f7e33db93e70c8610c8c7af7704f8522687bc26abc4cd3eb18	parent_b_unannotated_CDS	205	234	30	0.0	0.19114719033241273	0	False	False	False
orf_af15de62beb22ffa6e14e09ec6ca82c994a9471999a2e29b51bf10ed5fbdcd47	peptide_74500f70e6a9f3f7e33db93e70c8610c8c7af7704f8522687bc26abc4cd3eb18	parent_a_canonical	1	203	203	0.0	0.1335555640200676	0	False	False	False
orf_af15de62beb22ffa6e14e09ec6ca82c994a9471999a2e29b51bf10ed5fbdcd47	peptide_74500f70e6a9f3f7e33db93e70c8610c8c7af7704f8522687bc26abc4cd3eb18	junction_split_codon	204	204	1	0.0	0.1264171004295349	0	False	False	False
orf_af15de62beb22ffa6e14e09ec6ca82c994a9471999a2e29b51bf10ed5fbdcd47	peptide_74500f70e6a9f3f7e33db93e70c8610c8c7af7704f8522687bc26abc4cd3eb18	parent_b_downstream_of_annotated_CDS	205	234	30	0.0	0.19114719033241273	0	False	False	False
orf_cf9d14bc41b068519a57581567452503819d1e131e9a7a9917a8e1503f463b25	peptide_74500f70e6a9f3f7e33db93e70c8610c8c7af7704f8522687bc26abc4cd3eb18	parent_a_canonical	1	203	203	0.0	0.1335555640200676	0	False	False	False
orf_cf9d14bc41b068519a57581567452503819d1e131e9a7a9917a8e1503f463b25	peptide_74500f70e6a9f3f7e33db93e70c8610c8c7af7704f8522687bc26abc4cd3eb18	junction_split_codon	204	204	1	0.0	0.1264171004295349	0	False	False	False
orf_cf9d14bc41b068519a57581567452503819d1e131e9a7a9917a8e1503f463b25	peptide_74500f70e6a9f3f7e33db93e70c8610c8c7af7704f8522687bc26abc4cd3eb18	parent_b_out_of_frame	205	234	30	0.0	0.19114719033241273	0	False	False	False
orf_42b194a4289f6236e85f3123abcd7ede5e576751d4938cd84d3a31dee553781a	peptide_74500f70e6a9f3f7e33db93e70c8610c8c7af7704f8522687bc26abc4cd3eb18	parent_a_canonical	1	203	203	0.0	0.1335555640200676	0	False	False	False
orf_42b194a4289f6236e85f3123abcd7ede5e576751d4938cd84d3a31dee553781a	peptide_74500f70e6a9f3f7e33db93e70c8610c8c7af7704f8522687bc26abc4cd3eb18	junction_split_codon	204	204	1	0.0	0.1264171004295349	0	False	False	False
orf_42b194a4289f6236e85f3123abcd7ede5e576751d4938cd84d3a31dee553781a	peptide_74500f70e6a9f3f7e33db93e70c8610c8c7af7704f8522687bc26abc4cd3eb18	parent_b_unannotated_CDS	205	234	30	0.0	0.19114719033241273	0	False	False	False
orf_04fa11d6e08f583296d357d9104a8b9622515ed0485f19b9526996b70e0aa3a2	peptide_74500f70e6a9f3f7e33db93e70c8610c8c7af7704f8522687bc26abc4cd3eb18	parent_a_canonical	1	203	203	0.0	0.1335555640200676	0	False	False	False
orf_04fa11d6e08f583296d357d9104a8b9622515ed0485f19b9526996b70e0aa3a2	peptide_74500f70e6a9f3f7e33db93e70c8610c8c7af7704f8522687bc26abc4cd3eb18	junction_split_codon	204	204	1	0.0	0.1264171004295349	0	False	False	False
orf_04fa11d6e08f583296d357d9104a8b9622515ed0485f19b9526996b70e0aa3a2	peptide_74500f70e6a9f3f7e33db93e70c8610c8c7af7704f8522687bc26abc4cd3eb18	parent_b_downstream_of_annotated_CDS	205	234	30	0.0	0.19114719033241273	0	False	False	False
orf_92c79c1c1acad18b13c1db4b4328324c417bc28dc19a220e39e87f1aeb445603	peptide_74500f70e6a9f3f7e33db93e70c8610c8c7af7704f8522687bc26abc4cd3eb18	parent_a_canonical	1	203	203	0.0	0.1335555640200676	0	False	False	False
orf_92c79c1c1acad18b13c1db4b4328324c417bc28dc19a220e39e87f1aeb445603	peptide_74500f70e6a9f3f7e33db93e70c8610c8c7af7704f8522687bc26abc4cd3eb18	junction_split_codon	204	204	1	0.0	0.1264171004295349	0	False	False	False
orf_92c79c1c1acad18b13c1db4b4328324c417bc28dc19a220e39e87f1aeb445603	peptide_74500f70e6a9f3f7e33db93e70c8610c8c7af7704f8522687bc26abc4cd3eb18	parent_b_out_of_frame	205	234	30	0.0	0.19114719033241273	0	False	False	False
orf_fed3e08572d2a9e43d619af9587056adbcbfeddeb108c3de05f2a03d93472f86	peptide_74500f70e6a9f3f7e33db93e70c8610c8c7af7704f8522687bc26abc4cd3eb18	parent_a_canonical	1	203	203	0.0	0.1335555640200676	0	False	False	False
orf_fed3e08572d2a9e43d619af9587056adbcbfeddeb108c3de05f2a03d93472f86	peptide_74500f70e6a9f3f7e33db93e70c8610c8c7af7704f8522687bc26abc4cd3eb18	junction_split_codon	204	204	1	0.0	0.1264171004295349	0	False	False	False
orf_fed3e08572d2a9e43d619af9587056adbcbfeddeb108c3de05f2a03d93472f86	peptide_74500f70e6a9f3f7e33db93e70c8610c8c7af7704f8522687bc26abc4cd3eb18	parent_b_unannotated_CDS	205	234	30	0.0	0.19114719033241273	0	False	False	False
orf_de36b62b9a9dd0def8d6fd0d910cbfe73fc4996c4eb95976d7994c7d4c1a3120	peptide_74500f70e6a9f3f7e33db93e70c8610c8c7af7704f8522687bc26abc4cd3eb18	parent_a_canonical	1	203	203	0.0	0.1335555640200676	0	False	False	False
orf_de36b62b9a9dd0def8d6fd0d910cbfe73fc4996c4eb95976d7994c7d4c1a3120	peptide_74500f70e6a9f3f7e33db93e70c8610c8c7af7704f8522687bc26abc4cd3eb18	junction_split_codon	204	204	1	0.0	0.1264171004295349	0	False	False	False
orf_de36b62b9a9dd0def8d6fd0d910cbfe73fc4996c4eb95976d7994c7d4c1a3120	peptide_74500f70e6a9f3f7e33db93e70c8610c8c7af7704f8522687bc26abc4cd3eb18	parent_b_downstream_of_annotated_CDS	205	234	30	0.0	0.19114719033241273	0	False	False	False
orf_62f67334d3cb5b2ba59a380ece963576d89859745bb1ee88d5092b8642d23d54	peptide_74500f70e6a9f3f7e33db93e70c8610c8c7af7704f8522687bc26abc4cd3eb18	parent_a_canonical	1	203	203	0.0	0.1335555640200676	0	False	False	False
orf_62f67334d3cb5b2ba59a380ece963576d89859745bb1ee88d5092b8642d23d54	peptide_74500f70e6a9f3f7e33db93e70c8610c8c7af7704f8522687bc26abc4cd3eb18	junction_split_codon	204	204	1	0.0	0.1264171004295349	0	False	False	False
orf_62f67334d3cb5b2ba59a380ece963576d89859745bb1ee88d5092b8642d23d54	peptide_74500f70e6a9f3f7e33db93e70c8610c8c7af7704f8522687bc26abc4cd3eb18	parent_b_out_of_frame	205	234	30	0.0	0.19114719033241273	0	False	False	False
orf_21902b41a85d7bc3a7e9a2e39aeee75faceb39d901b922b5701775c0d8c1d639	peptide_74500f70e6a9f3f7e33db93e70c8610c8c7af7704f8522687bc26abc4cd3eb18	parent_a_canonical	1	203	203	0.0	0.1335555640200676	0	False	False	False
orf_21902b41a85d7bc3a7e9a2e39aeee75faceb39d901b922b5701775c0d8c1d639	peptide_74500f70e6a9f3f7e33db93e70c8610c8c7af7704f8522687bc26abc4cd3eb18	junction_split_codon	204	204	1	0.0	0.1264171004295349	0	False	False	False
orf_21902b41a85d7bc3a7e9a2e39aeee75faceb39d901b922b5701775c0d8c1d639	peptide_74500f70e6a9f3f7e33db93e70c8610c8c7af7704f8522687bc26abc4cd3eb18	parent_b_unannotated_CDS	205	234	30	0.0	0.19114719033241273	0	False	False	False
orf_6bf4d385f0e8825f63ddd0b1b11c1a32a9e768408eaeb8c18fd28ad61579a9ce	peptide_74500f70e6a9f3f7e33db93e70c8610c8c7af7704f8522687bc26abc4cd3eb18	parent_a_canonical	1	203	203	0.0	0.1335555640200676	0	False	False	False
orf_6bf4d385f0e8825f63ddd0b1b11c1a32a9e768408eaeb8c18fd28ad61579a9ce	peptide_74500f70e6a9f3f7e33db93e70c8610c8c7af7704f8522687bc26abc4cd3eb18	junction_split_codon	204	204	1	0.0	0.1264171004295349	0	False	False	False
orf_6bf4d385f0e8825f63ddd0b1b11c1a32a9e768408eaeb8c18fd28ad61579a9ce	peptide_74500f70e6a9f3f7e33db93e70c8610c8c7af7704f8522687bc26abc4cd3eb18	parent_b_downstream_of_annotated_CDS	205	234	30	0.0	0.19114719033241273	0	False	False	False
orf_bd6dd06046389dcf23a54c8f02c0a970f6b400893b2911013de134fa87f48e47	peptide_27423e5ae634ee16faa22fbee9d7696e067cad37f9f43540e7126b62788f8fee	parent_a_canonical	1	61	61	0.09836065573770492	0.1838426162473491	6	False	False	False
orf_bd6dd06046389dcf23a54c8f02c0a970f6b400893b2911013de134fa87f48e47	peptide_27423e5ae634ee16faa22fbee9d7696e067cad37f9f43540e7126b62788f8fee	junction_split_codon	62	62	1	0.0	0.1849319338798523	0	False	False	False
orf_bd6dd06046389dcf23a54c8f02c0a970f6b400893b2911013de134fa87f48e47	peptide_27423e5ae634ee16faa22fbee9d7696e067cad37f9f43540e7126b62788f8fee	parent_b_unannotated_CDS	63	124	62	0.22580645161290322	0.3600882486470284	14	False	False	False
orf_8ccb0d2859a79a631ea0aabd0c6906cbaf077fdcfd51d7b72f5ee5350b895d1d	peptide_27423e5ae634ee16faa22fbee9d7696e067cad37f9f43540e7126b62788f8fee	parent_a_canonical	1	61	61	0.09836065573770492	0.1838426162473491	6	False	False	False
orf_8ccb0d2859a79a631ea0aabd0c6906cbaf077fdcfd51d7b72f5ee5350b895d1d	peptide_27423e5ae634ee16faa22fbee9d7696e067cad37f9f43540e7126b62788f8fee	junction_split_codon	62	62	1	0.0	0.1849319338798523	0	False	False	False
orf_8ccb0d2859a79a631ea0aabd0c6906cbaf077fdcfd51d7b72f5ee5350b895d1d	peptide_27423e5ae634ee16faa22fbee9d7696e067cad37f9f43540e7126b62788f8fee	parent_b_unannotated_CDS	63	124	62	0.22580645161290322	0.3600882486470284	14	False	False	False
orf_204a5536617457d2c0f9ffe8208dbe4ec1e62396adbb1c6bd663cded49571cb9	peptide_27423e5ae634ee16faa22fbee9d7696e067cad37f9f43540e7126b62788f8fee	parent_a_canonical	1	61	61	0.09836065573770492	0.1838426162473491	6	False	False	False
orf_204a5536617457d2c0f9ffe8208dbe4ec1e62396adbb1c6bd663cded49571cb9	peptide_27423e5ae634ee16faa22fbee9d7696e067cad37f9f43540e7126b62788f8fee	junction_split_codon	62	62	1	0.0	0.1849319338798523	0	False	False	False
orf_204a5536617457d2c0f9ffe8208dbe4ec1e62396adbb1c6bd663cded49571cb9	peptide_27423e5ae634ee16faa22fbee9d7696e067cad37f9f43540e7126b62788f8fee	parent_b_unannotated_CDS	63	124	62	0.22580645161290322	0.3600882486470284	14	False	False	False
orf_ca5d26db92da54a97ae3506a5d310645ac22d28c25d8de98fe3ebe7a7d578057	peptide_27423e5ae634ee16faa22fbee9d7696e067cad37f9f43540e7126b62788f8fee	parent_a_canonical	1	61	61	0.09836065573770492	0.1838426162473491	6	False	False	False
orf_ca5d26db92da54a97ae3506a5d310645ac22d28c25d8de98fe3ebe7a7d578057	peptide_27423e5ae634ee16faa22fbee9d7696e067cad37f9f43540e7126b62788f8fee	junction_split_codon	62	62	1	0.0	0.1849319338798523	0	False	False	False
orf_ca5d26db92da54a97ae3506a5d310645ac22d28c25d8de98fe3ebe7a7d578057	peptide_27423e5ae634ee16faa22fbee9d7696e067cad37f9f43540e7126b62788f8fee	parent_b_unannotated_CDS	63	124	62	0.22580645161290322	0.3600882486470284	14	False	False	False
orf_e33dbc7c3e2c14720b20512da1a49cb7ce47af1e01043cd10bf97d1c710783f3	peptide_27423e5ae634ee16faa22fbee9d7696e067cad37f9f43540e7126b62788f8fee	parent_a_canonical	1	61	61	0.09836065573770492	0.1838426162473491	6	False	False	False
orf_e33dbc7c3e2c14720b20512da1a49cb7ce47af1e01043cd10bf97d1c710783f3	peptide_27423e5ae634ee16faa22fbee9d7696e067cad37f9f43540e7126b62788f8fee	junction_split_codon	62	62	1	0.0	0.1849319338798523	0	False	False	False
orf_e33dbc7c3e2c14720b20512da1a49cb7ce47af1e01043cd10bf97d1c710783f3	peptide_27423e5ae634ee16faa22fbee9d7696e067cad37f9f43540e7126b62788f8fee	parent_b_unannotated_CDS	63	124	62	0.22580645161290322	0.3600882486470284	14	False	False	False
orf_63d61e9b9d2cff3a1f14c24eb8205bc41b38ee8714090f895e28c67f12000a5e	peptide_27423e5ae634ee16faa22fbee9d7696e067cad37f9f43540e7126b62788f8fee	parent_a_canonical	1	61	61	0.09836065573770492	0.1838426162473491	6	False	False	False
orf_63d61e9b9d2cff3a1f14c24eb8205bc41b38ee8714090f895e28c67f12000a5e	peptide_27423e5ae634ee16faa22fbee9d7696e067cad37f9f43540e7126b62788f8fee	junction_split_codon	62	62	1	0.0	0.1849319338798523	0	False	False	False
orf_63d61e9b9d2cff3a1f14c24eb8205bc41b38ee8714090f895e28c67f12000a5e	peptide_27423e5ae634ee16faa22fbee9d7696e067cad37f9f43540e7126b62788f8fee	parent_b_unannotated_CDS	63	124	62	0.22580645161290322	0.3600882486470284	14	False	False	False
orf_d5e291a570ba998d867d26fa72302f9f1b8b2278867cdb80f00b4b9b22d93bac	peptide_27423e5ae634ee16faa22fbee9d7696e067cad37f9f43540e7126b62788f8fee	parent_a_canonical	1	61	61	0.09836065573770492	0.1838426162473491	6	False	False	False
orf_d5e291a570ba998d867d26fa72302f9f1b8b2278867cdb80f00b4b9b22d93bac	peptide_27423e5ae634ee16faa22fbee9d7696e067cad37f9f43540e7126b62788f8fee	junction_split_codon	62	62	1	0.0	0.1849319338798523	0	False	False	False
orf_d5e291a570ba998d867d26fa72302f9f1b8b2278867cdb80f00b4b9b22d93bac	peptide_27423e5ae634ee16faa22fbee9d7696e067cad37f9f43540e7126b62788f8fee	parent_b_unannotated_CDS	63	124	62	0.22580645161290322	0.3600882486470284	14	False	False	False
orf_94afa47428945db8353443d12ab5c503dbb6f56915f40a01bc7ed5a28fa44db4	peptide_27423e5ae634ee16faa22fbee9d7696e067cad37f9f43540e7126b62788f8fee	parent_a_canonical	1	61	61	0.09836065573770492	0.1838426162473491	6	False	False	False
orf_94afa47428945db8353443d12ab5c503dbb6f56915f40a01bc7ed5a28fa44db4	peptide_27423e5ae634ee16faa22fbee9d7696e067cad37f9f43540e7126b62788f8fee	junction_split_codon	62	62	1	0.0	0.1849319338798523	0	False	False	False
orf_94afa47428945db8353443d12ab5c503dbb6f56915f40a01bc7ed5a28fa44db4	peptide_27423e5ae634ee16faa22fbee9d7696e067cad37f9f43540e7126b62788f8fee	parent_b_unannotated_CDS	63	124	62	0.22580645161290322	0.3600882486470284	14	False	False	False
orf_428349d18ca66657ac091bcde214092aeb433386cd98c4f0742d70b20a3c02b7	peptide_27423e5ae634ee16faa22fbee9d7696e067cad37f9f43540e7126b62788f8fee	parent_a_canonical	1	61	61	0.09836065573770492	0.1838426162473491	6	False	False	False
orf_428349d18ca66657ac091bcde214092aeb433386cd98c4f0742d70b20a3c02b7	peptide_27423e5ae634ee16faa22fbee9d7696e067cad37f9f43540e7126b62788f8fee	junction_split_codon	62	62	1	0.0	0.1849319338798523	0	False	False	False
orf_428349d18ca66657ac091bcde214092aeb433386cd98c4f0742d70b20a3c02b7	peptide_27423e5ae634ee16faa22fbee9d7696e067cad37f9f43540e7126b62788f8fee	parent_b_unannotated_CDS	63	124	62	0.22580645161290322	0.3600882486470284	14	False	False	False
orf_702756bd084a0b297e00d8e225c6b297a2447a66b17d03e8c4398342793cb551	peptide_27423e5ae634ee16faa22fbee9d7696e067cad37f9f43540e7126b62788f8fee	parent_a_canonical	1	61	61	0.09836065573770492	0.1838426162473491	6	False	False	False
orf_702756bd084a0b297e00d8e225c6b297a2447a66b17d03e8c4398342793cb551	peptide_27423e5ae634ee16faa22fbee9d7696e067cad37f9f43540e7126b62788f8fee	junction_split_codon	62	62	1	0.0	0.1849319338798523	0	False	False	False
orf_702756bd084a0b297e00d8e225c6b297a2447a66b17d03e8c4398342793cb551	peptide_27423e5ae634ee16faa22fbee9d7696e067cad37f9f43540e7126b62788f8fee	parent_b_unannotated_CDS	63	124	62	0.22580645161290322	0.3600882486470284	14	False	False	False
orf_95560e5a33cb4b16c155c60e597ad011538c4315f53cda9cebbe32ec42df6c43	peptide_27423e5ae634ee16faa22fbee9d7696e067cad37f9f43540e7126b62788f8fee	parent_a_canonical	1	61	61	0.09836065573770492	0.1838426162473491	6	False	False	False
orf_95560e5a33cb4b16c155c60e597ad011538c4315f53cda9cebbe32ec42df6c43	peptide_27423e5ae634ee16faa22fbee9d7696e067cad37f9f43540e7126b62788f8fee	junction_split_codon	62	62	1	0.0	0.1849319338798523	0	False	False	False
orf_95560e5a33cb4b16c155c60e597ad011538c4315f53cda9cebbe32ec42df6c43	peptide_27423e5ae634ee16faa22fbee9d7696e067cad37f9f43540e7126b62788f8fee	parent_b_unannotated_CDS	63	124	62	0.22580645161290322	0.3600882486470284	14	False	False	False
orf_9dab475ef2c50a0e294973af7020ba0fe02ed4aad481b8db1084060d1697446a	peptide_12745343cbe2431513f67f949df2911fade4cbdac322f7cdc173a482777cfec3	parent_a_canonical	1	116	116	0.6120689655172413	0.6684962252861467	71	True	True	True
orf_9dab475ef2c50a0e294973af7020ba0fe02ed4aad481b8db1084060d1697446a	peptide_12745343cbe2431513f67f949df2911fade4cbdac322f7cdc173a482777cfec3	junction_split_codon	117	117	1	0.0	0.14419062435626984	0	False	False	False
orf_9dab475ef2c50a0e294973af7020ba0fe02ed4aad481b8db1084060d1697446a	peptide_12745343cbe2431513f67f949df2911fade4cbdac322f7cdc173a482777cfec3	parent_b_canonical	118	350	233	0.0	0.051223551830508675	0	False	False	False
orf_d52d30f41174db415698bcf6fce0e60ac24e77c7559f5e2adf6b5ad0a2f13a59	peptide_12745343cbe2431513f67f949df2911fade4cbdac322f7cdc173a482777cfec3	parent_a_canonical	1	116	116	0.6120689655172413	0.6684962252861467	71	True	True	True
orf_d52d30f41174db415698bcf6fce0e60ac24e77c7559f5e2adf6b5ad0a2f13a59	peptide_12745343cbe2431513f67f949df2911fade4cbdac322f7cdc173a482777cfec3	junction_split_codon	117	117	1	0.0	0.14419062435626984	0	False	False	False
orf_d52d30f41174db415698bcf6fce0e60ac24e77c7559f5e2adf6b5ad0a2f13a59	peptide_12745343cbe2431513f67f949df2911fade4cbdac322f7cdc173a482777cfec3	parent_b_canonical	118	350	233	0.0	0.051223551830508675	0	False	False	False
orf_2eb79890d4fc272c669af304bd00f0559dde830c0eefcd5b8e8cd5b873fa336f	peptide_12745343cbe2431513f67f949df2911fade4cbdac322f7cdc173a482777cfec3	parent_a_canonical	1	116	116	0.6120689655172413	0.6684962252861467	71	True	True	True
orf_2eb79890d4fc272c669af304bd00f0559dde830c0eefcd5b8e8cd5b873fa336f	peptide_12745343cbe2431513f67f949df2911fade4cbdac322f7cdc173a482777cfec3	junction_split_codon	117	117	1	0.0	0.14419062435626984	0	False	False	False
orf_2eb79890d4fc272c669af304bd00f0559dde830c0eefcd5b8e8cd5b873fa336f	peptide_12745343cbe2431513f67f949df2911fade4cbdac322f7cdc173a482777cfec3	parent_b_canonical	118	350	233	0.0	0.051223551830508675	0	False	False	False
orf_cebc31c68836cc9e0444baf15b45077c115500f8e79e0191dde3f4c8fa4f35bd	peptide_344139caecbb91ebedc38d31dc6d21ae9491f43c900a54be6d396baf9e5553ff	parent_a_canonical	1	116	116	0.6120689655172413	0.6550858200624071	71	True	True	True
orf_cebc31c68836cc9e0444baf15b45077c115500f8e79e0191dde3f4c8fa4f35bd	peptide_344139caecbb91ebedc38d31dc6d21ae9491f43c900a54be6d396baf9e5553ff	junction_split_codon	117	117	1	0.0	0.1525213122367859	0	False	False	False
orf_cebc31c68836cc9e0444baf15b45077c115500f8e79e0191dde3f4c8fa4f35bd	peptide_344139caecbb91ebedc38d31dc6d21ae9491f43c900a54be6d396baf9e5553ff	parent_b_canonical	118	251	134	0.0	0.07006516441035626	0	False	False	False
orf_e090f06ff3149a228b9e0c4fd07792f0dbf89a20d9b63f989977617a62dbe95b	peptide_12745343cbe2431513f67f949df2911fade4cbdac322f7cdc173a482777cfec3	parent_a_canonical	1	116	116	0.6120689655172413	0.6684962252861467	71	True	True	True
orf_e090f06ff3149a228b9e0c4fd07792f0dbf89a20d9b63f989977617a62dbe95b	peptide_12745343cbe2431513f67f949df2911fade4cbdac322f7cdc173a482777cfec3	junction_split_codon	117	117	1	0.0	0.14419062435626984	0	False	False	False
orf_e090f06ff3149a228b9e0c4fd07792f0dbf89a20d9b63f989977617a62dbe95b	peptide_12745343cbe2431513f67f949df2911fade4cbdac322f7cdc173a482777cfec3	parent_b_upstream_of_annotated_CDS	118	142	25	0.0	0.04825740098953247	0	False	False	False
orf_e090f06ff3149a228b9e0c4fd07792f0dbf89a20d9b63f989977617a62dbe95b	peptide_12745343cbe2431513f67f949df2911fade4cbdac322f7cdc173a482777cfec3	parent_b_canonical	143	350	208	0.0	0.05158006034504909	0	False	False	False
orf_43069a6539a44541c975fd804ecf90cdb3e63d21f3a0d1a020dfe9134b9272bc	peptide_12745343cbe2431513f67f949df2911fade4cbdac322f7cdc173a482777cfec3	parent_a_canonical	1	116	116	0.6120689655172413	0.6684962252861467	71	True	True	True
orf_43069a6539a44541c975fd804ecf90cdb3e63d21f3a0d1a020dfe9134b9272bc	peptide_12745343cbe2431513f67f949df2911fade4cbdac322f7cdc173a482777cfec3	junction_split_codon	117	117	1	0.0	0.14419062435626984	0	False	False	False
orf_43069a6539a44541c975fd804ecf90cdb3e63d21f3a0d1a020dfe9134b9272bc	peptide_12745343cbe2431513f67f949df2911fade4cbdac322f7cdc173a482777cfec3	parent_b_canonical	118	350	233	0.0	0.051223551830508675	0	False	False	False
orf_9b1d65e950d9bbdb71df8b2226eefb7c1ecb413b28adb96a2a1b6264495ffdea	peptide_12745343cbe2431513f67f949df2911fade4cbdac322f7cdc173a482777cfec3	parent_a_canonical	1	116	116	0.6120689655172413	0.6684962252861467	71	True	True	True
orf_9b1d65e950d9bbdb71df8b2226eefb7c1ecb413b28adb96a2a1b6264495ffdea	peptide_12745343cbe2431513f67f949df2911fade4cbdac322f7cdc173a482777cfec3	junction_split_codon	117	117	1	0.0	0.14419062435626984	0	False	False	False
orf_9b1d65e950d9bbdb71df8b2226eefb7c1ecb413b28adb96a2a1b6264495ffdea	peptide_12745343cbe2431513f67f949df2911fade4cbdac322f7cdc173a482777cfec3	parent_b_canonical	118	350	233	0.0	0.051223551830508675	0	False	False	False
orf_354ade88fcf022e44efdd1008453f6bf903b0eaa2fbd139c5867284a341134f1	peptide_12745343cbe2431513f67f949df2911fade4cbdac322f7cdc173a482777cfec3	parent_a_canonical	1	116	116	0.6120689655172413	0.6684962252861467	71	True	True	True
orf_354ade88fcf022e44efdd1008453f6bf903b0eaa2fbd139c5867284a341134f1	peptide_12745343cbe2431513f67f949df2911fade4cbdac322f7cdc173a482777cfec3	junction_split_codon	117	117	1	0.0	0.14419062435626984	0	False	False	False
orf_354ade88fcf022e44efdd1008453f6bf903b0eaa2fbd139c5867284a341134f1	peptide_12745343cbe2431513f67f949df2911fade4cbdac322f7cdc173a482777cfec3	parent_b_canonical	118	350	233	0.0	0.051223551830508675	0	False	False	False
orf_1e7efb0508d395466d0f6dc5917d55e3edb13ba8714adcaf58357248a727098e	peptide_344139caecbb91ebedc38d31dc6d21ae9491f43c900a54be6d396baf9e5553ff	parent_a_canonical	1	116	116	0.6120689655172413	0.6550858200624071	71	True	True	True
orf_1e7efb0508d395466d0f6dc5917d55e3edb13ba8714adcaf58357248a727098e	peptide_344139caecbb91ebedc38d31dc6d21ae9491f43c900a54be6d396baf9e5553ff	junction_split_codon	117	117	1	0.0	0.1525213122367859	0	False	False	False
orf_1e7efb0508d395466d0f6dc5917d55e3edb13ba8714adcaf58357248a727098e	peptide_344139caecbb91ebedc38d31dc6d21ae9491f43c900a54be6d396baf9e5553ff	parent_b_canonical	118	251	134	0.0	0.07006516441035626	0	False	False	False
orf_13801033ba349fafe4a68354f8950830fb65806d7196ae48426cb4bf37b81a22	peptide_12745343cbe2431513f67f949df2911fade4cbdac322f7cdc173a482777cfec3	parent_a_canonical	1	116	116	0.6120689655172413	0.6684962252861467	71	True	True	True
orf_13801033ba349fafe4a68354f8950830fb65806d7196ae48426cb4bf37b81a22	peptide_12745343cbe2431513f67f949df2911fade4cbdac322f7cdc173a482777cfec3	junction_split_codon	117	117	1	0.0	0.14419062435626984	0	False	False	False
orf_13801033ba349fafe4a68354f8950830fb65806d7196ae48426cb4bf37b81a22	peptide_12745343cbe2431513f67f949df2911fade4cbdac322f7cdc173a482777cfec3	parent_b_upstream_of_annotated_CDS	118	142	25	0.0	0.04825740098953247	0	False	False	False
orf_13801033ba349fafe4a68354f8950830fb65806d7196ae48426cb4bf37b81a22	peptide_12745343cbe2431513f67f949df2911fade4cbdac322f7cdc173a482777cfec3	parent_b_canonical	143	350	208	0.0	0.05158006034504909	0	False	False	False
orf_33774b8689cb4169d9d5c569e811cb8b0c5dd1e5e0f852c252b578329475827d	peptide_eaadb81f5c70805626da52cd61e57438d32bf21d9a2d8384477f99624294a992	parent_a_canonical	1	152	152	0.8289473684210527	0.778770441777612	100	True	True	True
orf_33774b8689cb4169d9d5c569e811cb8b0c5dd1e5e0f852c252b578329475827d	peptide_eaadb81f5c70805626da52cd61e57438d32bf21d9a2d8384477f99624294a992	junction_split_codon	153	153	1	1.0	0.9207733869552612	1	True	True	True
orf_33774b8689cb4169d9d5c569e811cb8b0c5dd1e5e0f852c252b578329475827d	peptide_eaadb81f5c70805626da52cd61e57438d32bf21d9a2d8384477f99624294a992	parent_b_out_of_frame	154	158	5	1.0	0.9787994146347045	5	True	True	True
orf_9b52bfe86a98c4d0680be6713b9484b3ea86eac52df4b08a54bd96601aeee3d9	peptide_eaadb81f5c70805626da52cd61e57438d32bf21d9a2d8384477f99624294a992	parent_a_canonical	1	152	152	0.8289473684210527	0.778770441777612	100	True	True	True
orf_9b52bfe86a98c4d0680be6713b9484b3ea86eac52df4b08a54bd96601aeee3d9	peptide_eaadb81f5c70805626da52cd61e57438d32bf21d9a2d8384477f99624294a992	junction_split_codon	153	153	1	1.0	0.9207733869552612	1	True	True	True
orf_9b52bfe86a98c4d0680be6713b9484b3ea86eac52df4b08a54bd96601aeee3d9	peptide_eaadb81f5c70805626da52cd61e57438d32bf21d9a2d8384477f99624294a992	parent_b_out_of_frame	154	158	5	1.0	0.9787994146347045	5	True	True	True
orf_96c6ff77691c5b31324503ef3b35277755a07aacee49c1ce0f805ac283aeb880	peptide_eaadb81f5c70805626da52cd61e57438d32bf21d9a2d8384477f99624294a992	parent_a_canonical	1	152	152	0.8289473684210527	0.778770441777612	100	True	True	True
orf_96c6ff77691c5b31324503ef3b35277755a07aacee49c1ce0f805ac283aeb880	peptide_eaadb81f5c70805626da52cd61e57438d32bf21d9a2d8384477f99624294a992	junction_split_codon	153	153	1	1.0	0.9207733869552612	1	True	True	True
orf_96c6ff77691c5b31324503ef3b35277755a07aacee49c1ce0f805ac283aeb880	peptide_eaadb81f5c70805626da52cd61e57438d32bf21d9a2d8384477f99624294a992	parent_b_out_of_frame	154	158	5	1.0	0.9787994146347045	5	True	True	True
orf_3a3719b643b5332d1f688379422ecdc9e467524ae0b29003eab6aa60983114e9	peptide_eaadb81f5c70805626da52cd61e57438d32bf21d9a2d8384477f99624294a992	parent_a_canonical	1	152	152	0.8289473684210527	0.778770441777612	100	True	True	True
orf_3a3719b643b5332d1f688379422ecdc9e467524ae0b29003eab6aa60983114e9	peptide_eaadb81f5c70805626da52cd61e57438d32bf21d9a2d8384477f99624294a992	junction_split_codon	153	153	1	1.0	0.9207733869552612	1	True	True	True
orf_3a3719b643b5332d1f688379422ecdc9e467524ae0b29003eab6aa60983114e9	peptide_eaadb81f5c70805626da52cd61e57438d32bf21d9a2d8384477f99624294a992	parent_b_out_of_frame	154	158	5	1.0	0.9787994146347045	5	True	True	True
orf_8617bbdb004d5737186e0be52b644948330fbd921a90e8013f53461d0ef2d789	peptide_eaadb81f5c70805626da52cd61e57438d32bf21d9a2d8384477f99624294a992	parent_a_canonical	1	152	152	0.8289473684210527	0.778770441777612	100	True	True	True
orf_8617bbdb004d5737186e0be52b644948330fbd921a90e8013f53461d0ef2d789	peptide_eaadb81f5c70805626da52cd61e57438d32bf21d9a2d8384477f99624294a992	junction_split_codon	153	153	1	1.0	0.9207733869552612	1	True	True	True
orf_8617bbdb004d5737186e0be52b644948330fbd921a90e8013f53461d0ef2d789	peptide_eaadb81f5c70805626da52cd61e57438d32bf21d9a2d8384477f99624294a992	parent_b_out_of_frame	154	158	5	1.0	0.9787994146347045	5	True	True	True
orf_f92033d45e5bdc889fddd384233c1684e351d8dccf49d0492cf31c9fc27195a1	peptide_eaadb81f5c70805626da52cd61e57438d32bf21d9a2d8384477f99624294a992	parent_a_canonical	1	152	152	0.8289473684210527	0.778770441777612	100	True	True	True
orf_f92033d45e5bdc889fddd384233c1684e351d8dccf49d0492cf31c9fc27195a1	peptide_eaadb81f5c70805626da52cd61e57438d32bf21d9a2d8384477f99624294a992	junction_split_codon	153	153	1	1.0	0.9207733869552612	1	True	True	True
orf_f92033d45e5bdc889fddd384233c1684e351d8dccf49d0492cf31c9fc27195a1	peptide_eaadb81f5c70805626da52cd61e57438d32bf21d9a2d8384477f99624294a992	parent_b_out_of_frame	154	158	5	1.0	0.9787994146347045	5	True	True	True
orf_189cd457fef3234253689d60f9a965d60d2e22f644e17cdd95ce43954b433d17	peptide_2add87360b59c5d05baa755fdce15eb60d338d20384a37357db0bbe326096009	parent_a_canonical	1	23	23	1.0	0.9382608247839886	23	True	True	True
orf_189cd457fef3234253689d60f9a965d60d2e22f644e17cdd95ce43954b433d17	peptide_2add87360b59c5d05baa755fdce15eb60d338d20384a37357db0bbe326096009	junction_split_codon	24	24	1	1.0	0.9530446529388428	1	True	True	True
orf_189cd457fef3234253689d60f9a965d60d2e22f644e17cdd95ce43954b433d17	peptide_2add87360b59c5d05baa755fdce15eb60d338d20384a37357db0bbe326096009	parent_b_canonical	25	421	397	0.49370277078085645	0.5328632190035333	166	False	True	False
orf_5ed5e57055783c911920020b4bb32d082d9fce7d766891f0bdd649cf1225ef39	peptide_cf88e914fde7e920bc60427bb16d0451af6b04a869160e47318de2cd0c881f04	parent_a_canonical	1	23	23	1.0	0.9382044595220814	23	True	True	True
orf_5ed5e57055783c911920020b4bb32d082d9fce7d766891f0bdd649cf1225ef39	peptide_cf88e914fde7e920bc60427bb16d0451af6b04a869160e47318de2cd0c881f04	junction_split_codon	24	24	1	1.0	0.9546177387237549	1	True	True	True
orf_5ed5e57055783c911920020b4bb32d082d9fce7d766891f0bdd649cf1225ef39	peptide_cf88e914fde7e920bc60427bb16d0451af6b04a869160e47318de2cd0c881f04	parent_b_canonical	25	474	450	0.5533333333333333	0.5875498604112201	219	True	True	False
orf_d110308455b8e3200b2dbfd0ec7533cc1a75bc936bd520d28ea8c91bf921c98a	peptide_2add87360b59c5d05baa755fdce15eb60d338d20384a37357db0bbe326096009	parent_a_canonical	1	23	23	1.0	0.9382608247839886	23	True	True	True
orf_d110308455b8e3200b2dbfd0ec7533cc1a75bc936bd520d28ea8c91bf921c98a	peptide_2add87360b59c5d05baa755fdce15eb60d338d20384a37357db0bbe326096009	junction_split_codon	24	24	1	1.0	0.9530446529388428	1	True	True	True
orf_d110308455b8e3200b2dbfd0ec7533cc1a75bc936bd520d28ea8c91bf921c98a	peptide_2add87360b59c5d05baa755fdce15eb60d338d20384a37357db0bbe326096009	parent_b_canonical	25	421	397	0.49370277078085645	0.5328632190035333	166	False	True	False
orf_9593a5d662f8d285a14341e6190b6ba362c68efc82da52840232fc6af0546eba	peptide_cf88e914fde7e920bc60427bb16d0451af6b04a869160e47318de2cd0c881f04	parent_a_canonical	1	23	23	1.0	0.9382044595220814	23	True	True	True
orf_9593a5d662f8d285a14341e6190b6ba362c68efc82da52840232fc6af0546eba	peptide_cf88e914fde7e920bc60427bb16d0451af6b04a869160e47318de2cd0c881f04	junction_split_codon	24	24	1	1.0	0.9546177387237549	1	True	True	True
orf_9593a5d662f8d285a14341e6190b6ba362c68efc82da52840232fc6af0546eba	peptide_cf88e914fde7e920bc60427bb16d0451af6b04a869160e47318de2cd0c881f04	parent_b_canonical	25	474	450	0.5533333333333333	0.5875498604112201	219	True	True	False
orf_4d2e4e0d451507061c23c7f15165163f946d43735ced8332ef563cbf1269fa9f	peptide_2add87360b59c5d05baa755fdce15eb60d338d20384a37357db0bbe326096009	parent_a_canonical	1	23	23	1.0	0.9382608247839886	23	True	True	True
orf_4d2e4e0d451507061c23c7f15165163f946d43735ced8332ef563cbf1269fa9f	peptide_2add87360b59c5d05baa755fdce15eb60d338d20384a37357db0bbe326096009	junction_split_codon	24	24	1	1.0	0.9530446529388428	1	True	True	True
orf_4d2e4e0d451507061c23c7f15165163f946d43735ced8332ef563cbf1269fa9f	peptide_2add87360b59c5d05baa755fdce15eb60d338d20384a37357db0bbe326096009	parent_b_canonical	25	421	397	0.49370277078085645	0.5328632190035333	166	False	True	False
orf_0135b7108d6511491c5012e2ac0efd1ecc51907aea458e2aed0638bf59aa4f51	peptide_cf88e914fde7e920bc60427bb16d0451af6b04a869160e47318de2cd0c881f04	parent_a_canonical	1	23	23	1.0	0.9382044595220814	23	True	True	True
orf_0135b7108d6511491c5012e2ac0efd1ecc51907aea458e2aed0638bf59aa4f51	peptide_cf88e914fde7e920bc60427bb16d0451af6b04a869160e47318de2cd0c881f04	junction_split_codon	24	24	1	1.0	0.9546177387237549	1	True	True	True
orf_0135b7108d6511491c5012e2ac0efd1ecc51907aea458e2aed0638bf59aa4f51	peptide_cf88e914fde7e920bc60427bb16d0451af6b04a869160e47318de2cd0c881f04	parent_b_canonical	25	474	450	0.5533333333333333	0.5875498604112201	219	True	True	False
orf_4608ea56dcf90863ba7a574f463c9ffb6abe595f384fe1d4f9272740443b28ed	peptide_e5af13d33e889258c3c023a666c476f620d82348973f983e518b9779866522d1	parent_a_canonical	1	19	19	0.0	0.11432985020311255	0	False	False	False
orf_4608ea56dcf90863ba7a574f463c9ffb6abe595f384fe1d4f9272740443b28ed	peptide_e5af13d33e889258c3c023a666c476f620d82348973f983e518b9779866522d1	junction_split_codon	20	20	1	0.0	0.03263095021247864	0	False	False	False
orf_4608ea56dcf90863ba7a574f463c9ffb6abe595f384fe1d4f9272740443b28ed	peptide_e5af13d33e889258c3c023a666c476f620d82348973f983e518b9779866522d1	parent_b_canonical	21	175	155	0.09032258064516129	0.14384836717959373	14	False	False	False
orf_05861232c740589364e865dd3e53c279021f0d94384fd3d25799fd1124e6999d	peptide_1bce31ef49449220635ddadc203907308fc7f2ec67e7d48732292471c9bbe3df	parent_a_canonical	1	24	24	0.0	0.2142861783504486	0	False	False	False
orf_05861232c740589364e865dd3e53c279021f0d94384fd3d25799fd1124e6999d	peptide_1bce31ef49449220635ddadc203907308fc7f2ec67e7d48732292471c9bbe3df	parent_b_upstream_of_annotated_CDS	25	32	8	0.0	0.13248257339000702	0	False	False	False
orf_e05808312495bbaa2ebbd722e5aa9883fd40151150762ab5f1240c625f1210b1	peptide_1bce31ef49449220635ddadc203907308fc7f2ec67e7d48732292471c9bbe3df	parent_a_canonical	1	24	24	0.0	0.2142861783504486	0	False	False	False
orf_e05808312495bbaa2ebbd722e5aa9883fd40151150762ab5f1240c625f1210b1	peptide_1bce31ef49449220635ddadc203907308fc7f2ec67e7d48732292471c9bbe3df	parent_b_upstream_of_annotated_CDS	25	32	8	0.0	0.13248257339000702	0	False	False	False
orf_336fe97da080ac8047ea2064dfb63507d83ce9dc1521428138d3a757e4777d41	peptide_06518bc387ccfd3be991b7ce8522835748deb4643cd98dccca776b3e1dd2d9c1	parent_a_canonical	1	103	103	0.0	0.16833420112295058	0	False	False	False
orf_336fe97da080ac8047ea2064dfb63507d83ce9dc1521428138d3a757e4777d41	peptide_06518bc387ccfd3be991b7ce8522835748deb4643cd98dccca776b3e1dd2d9c1	junction_split_codon	104	104	1	0.0	0.07277345657348633	0	False	False	False
orf_336fe97da080ac8047ea2064dfb63507d83ce9dc1521428138d3a757e4777d41	peptide_06518bc387ccfd3be991b7ce8522835748deb4643cd98dccca776b3e1dd2d9c1	parent_b_canonical	105	304	200	0.0	0.1033433435857296	0	False	False	False
orf_3510566e5839835f0557835a328a1efbb8d17fd3ab084cd5c60aaa68e5b1f86b	peptide_db377c7d3a9026616bfee0cff0333714ba0a86b262b36d79a3f15fae46241c91	parent_a_canonical	1	103	103	0.0	0.13674033122155274	0	False	False	False
orf_3510566e5839835f0557835a328a1efbb8d17fd3ab084cd5c60aaa68e5b1f86b	peptide_db377c7d3a9026616bfee0cff0333714ba0a86b262b36d79a3f15fae46241c91	junction_split_codon	104	104	1	0.0	0.05753731727600098	0	False	False	False
orf_3510566e5839835f0557835a328a1efbb8d17fd3ab084cd5c60aaa68e5b1f86b	peptide_db377c7d3a9026616bfee0cff0333714ba0a86b262b36d79a3f15fae46241c91	parent_b_canonical	105	317	213	0.5727699530516432	0.5792316070324938	122	True	True	False
orf_fd745c84015a15061bdd41b386978df1480c837995ac6501ca660527479c408d	peptide_7196f2379ef2afc723703c0e03e303f38d67b600b730adca2d6532708a2d7bf4	parent_a_canonical	1	103	103	0.0	0.13600482480618561	0	False	False	False
orf_fd745c84015a15061bdd41b386978df1480c837995ac6501ca660527479c408d	peptide_7196f2379ef2afc723703c0e03e303f38d67b600b730adca2d6532708a2d7bf4	junction_split_codon	104	104	1	0.0	0.055359452962875366	0	False	False	False
orf_fd745c84015a15061bdd41b386978df1480c837995ac6501ca660527479c408d	peptide_7196f2379ef2afc723703c0e03e303f38d67b600b730adca2d6532708a2d7bf4	parent_b_canonical	105	177	73	0.0	0.1106450665895253	0	False	False	False
orf_af66865687568a12831bcaf63c0badee20cad70d057efc573d652329234d6cb7	peptide_06518bc387ccfd3be991b7ce8522835748deb4643cd98dccca776b3e1dd2d9c1	parent_a_canonical	1	103	103	0.0	0.16833420112295058	0	False	False	False
orf_af66865687568a12831bcaf63c0badee20cad70d057efc573d652329234d6cb7	peptide_06518bc387ccfd3be991b7ce8522835748deb4643cd98dccca776b3e1dd2d9c1	junction_split_codon	104	104	1	0.0	0.07277345657348633	0	False	False	False
orf_af66865687568a12831bcaf63c0badee20cad70d057efc573d652329234d6cb7	peptide_06518bc387ccfd3be991b7ce8522835748deb4643cd98dccca776b3e1dd2d9c1	parent_b_canonical	105	304	200	0.0	0.1033433435857296	0	False	False	False
orf_4c2ded88001323295b0702355c5a4d73a8df87a98ea97e21d6c4af77e2b0f9c7	peptide_db377c7d3a9026616bfee0cff0333714ba0a86b262b36d79a3f15fae46241c91	parent_a_canonical	1	103	103	0.0	0.13674033122155274	0	False	False	False
orf_4c2ded88001323295b0702355c5a4d73a8df87a98ea97e21d6c4af77e2b0f9c7	peptide_db377c7d3a9026616bfee0cff0333714ba0a86b262b36d79a3f15fae46241c91	junction_split_codon	104	104	1	0.0	0.05753731727600098	0	False	False	False
orf_4c2ded88001323295b0702355c5a4d73a8df87a98ea97e21d6c4af77e2b0f9c7	peptide_db377c7d3a9026616bfee0cff0333714ba0a86b262b36d79a3f15fae46241c91	parent_b_canonical	105	317	213	0.5727699530516432	0.5792316070324938	122	True	True	False
orf_a579c151a8b6235c3a071a75297684bdc7d6452b09fa0097e60bed64207cc658	peptide_7196f2379ef2afc723703c0e03e303f38d67b600b730adca2d6532708a2d7bf4	parent_a_canonical	1	103	103	0.0	0.13600482480618561	0	False	False	False
orf_a579c151a8b6235c3a071a75297684bdc7d6452b09fa0097e60bed64207cc658	peptide_7196f2379ef2afc723703c0e03e303f38d67b600b730adca2d6532708a2d7bf4	junction_split_codon	104	104	1	0.0	0.055359452962875366	0	False	False	False
orf_a579c151a8b6235c3a071a75297684bdc7d6452b09fa0097e60bed64207cc658	peptide_7196f2379ef2afc723703c0e03e303f38d67b600b730adca2d6532708a2d7bf4	parent_b_canonical	105	177	73	0.0	0.1106450665895253	0	False	False	False
orf_7e3e3530b1d8bc56f168a7577e165a22f5a0ceaa00c9b16e3d3cf56ef6d2b216	peptide_319de57327db46169c574e3e03d766160c11791eed0bff2de59bef5570b97a97	parent_a_canonical	1	154	154	0.21428571428571427	0.33885171651453166	33	False	False	False
orf_7e3e3530b1d8bc56f168a7577e165a22f5a0ceaa00c9b16e3d3cf56ef6d2b216	peptide_319de57327db46169c574e3e03d766160c11791eed0bff2de59bef5570b97a97	junction_split_codon	155	155	1	0.0	0.08664172887802124	0	False	False	False
orf_7e3e3530b1d8bc56f168a7577e165a22f5a0ceaa00c9b16e3d3cf56ef6d2b216	peptide_319de57327db46169c574e3e03d766160c11791eed0bff2de59bef5570b97a97	parent_b_canonical	156	355	200	0.0	0.13126544162631035	0	False	False	False
orf_63320686e8a6c69670923e7ef66375d12c64307605a40664fccf2f643b06ddb8	peptide_558c207f42783b30e5190e4016b2b0146626e7f1370c9f13d1fb075b69e22fb0	parent_a_canonical	1	154	154	0.18181818181818182	0.296742413628411	28	False	False	False
orf_63320686e8a6c69670923e7ef66375d12c64307605a40664fccf2f643b06ddb8	peptide_558c207f42783b30e5190e4016b2b0146626e7f1370c9f13d1fb075b69e22fb0	junction_split_codon	155	155	1	0.0	0.07043799757957458	0	False	False	False
orf_63320686e8a6c69670923e7ef66375d12c64307605a40664fccf2f643b06ddb8	peptide_558c207f42783b30e5190e4016b2b0146626e7f1370c9f13d1fb075b69e22fb0	parent_b_canonical	156	368	213	0.5727699530516432	0.5907007253645731	122	True	True	False
orf_5f59ad02f5642a7c3bddc0425c4793b2dd9c71b59f1baa695a79d227bbc80945	peptide_7428656ab9a4b6ef9d586205d7c1cbe8f13a8506c7ed86d4096b333215f00b20	parent_a_canonical	1	154	154	0.17532467532467533	0.28760759774353595	27	False	False	False
orf_5f59ad02f5642a7c3bddc0425c4793b2dd9c71b59f1baa695a79d227bbc80945	peptide_7428656ab9a4b6ef9d586205d7c1cbe8f13a8506c7ed86d4096b333215f00b20	junction_split_codon	155	155	1	0.0	0.0672120451927185	0	False	False	False
orf_5f59ad02f5642a7c3bddc0425c4793b2dd9c71b59f1baa695a79d227bbc80945	peptide_7428656ab9a4b6ef9d586205d7c1cbe8f13a8506c7ed86d4096b333215f00b20	parent_b_canonical	156	228	73	0.0	0.1439196379625634	0	False	False	False
orf_1a1d6b004a327a3421e2a15d0bcd83c9498386da31aab832732c1eb55a9c37ca	peptide_bbc2f45c39296a9aaa3ba800100e72663162ae08390a550a054bad367a2fc139	parent_a_canonical	1	34	34	0.7352941176470589	0.6847575455904007	25	True	True	True
orf_1a1d6b004a327a3421e2a15d0bcd83c9498386da31aab832732c1eb55a9c37ca	peptide_bbc2f45c39296a9aaa3ba800100e72663162ae08390a550a054bad367a2fc139	junction_split_codon	35	35	1	0.0	0.20097416639328003	0	False	False	False
orf_1a1d6b004a327a3421e2a15d0bcd83c9498386da31aab832732c1eb55a9c37ca	peptide_bbc2f45c39296a9aaa3ba800100e72663162ae08390a550a054bad367a2fc139	parent_b_canonical	36	235	200	0.0	0.0962359718978405	0	False	False	False
orf_cee8bba217702d1287f0794b1e6a52242665d13169573108a982c265c3aace7a	peptide_2138b9068e3e0c4310d51e2c49d2938f8b195a4a67421c7713adf671057faa19	parent_a_canonical	1	34	34	0.6764705882352942	0.5990922959411845	23	True	True	True
orf_cee8bba217702d1287f0794b1e6a52242665d13169573108a982c265c3aace7a	peptide_2138b9068e3e0c4310d51e2c49d2938f8b195a4a67421c7713adf671057faa19	junction_split_codon	35	35	1	0.0	0.1397232711315155	0	False	False	False
orf_cee8bba217702d1287f0794b1e6a52242665d13169573108a982c265c3aace7a	peptide_2138b9068e3e0c4310d51e2c49d2938f8b195a4a67421c7713adf671057faa19	parent_b_canonical	36	248	213	0.5305164319248826	0.5524994957614953	113	True	True	False
orf_4dc6ad0b430643e1bc21bc967055555ce6e53c688d75e9f0f7e597a24bbd9c8c	peptide_47fc51d8b4ad674a009f9c5742c21b1c917e7576d90c01ef9e0e2dd1d906f9de	parent_a_canonical	1	34	34	0.6764705882352942	0.614342497113873	23	True	True	True
orf_4dc6ad0b430643e1bc21bc967055555ce6e53c688d75e9f0f7e597a24bbd9c8c	peptide_47fc51d8b4ad674a009f9c5742c21b1c917e7576d90c01ef9e0e2dd1d906f9de	junction_split_codon	35	35	1	0.0	0.17014430463314056	0	False	False	False
orf_4dc6ad0b430643e1bc21bc967055555ce6e53c688d75e9f0f7e597a24bbd9c8c	peptide_47fc51d8b4ad674a009f9c5742c21b1c917e7576d90c01ef9e0e2dd1d906f9de	parent_b_canonical	36	108	73	0.0	0.09987669427917428	0	False	False	False
orf_002c6fa58e7aba7d6520679ada2bd04a20fa9c7965597a120ace328960571425	peptide_5e0a55ceea7aa5596a1130b2f7a693b8a52acf6bf2ac12e69951ade5c9fb2d52	parent_a_canonical	1	83	83	1.0	0.8001771296363279	83	True	True	True
orf_002c6fa58e7aba7d6520679ada2bd04a20fa9c7965597a120ace328960571425	peptide_5e0a55ceea7aa5596a1130b2f7a693b8a52acf6bf2ac12e69951ade5c9fb2d52	parent_b_out_of_frame	84	118	35	1.0	0.9467924662998745	35	True	True	True
orf_b8d0010503aa7fd4010f4e704ed87d20be3ae52fec88f05c821e3a32a39b8afd	peptide_5e0a55ceea7aa5596a1130b2f7a693b8a52acf6bf2ac12e69951ade5c9fb2d52	parent_a_canonical	1	83	83	1.0	0.8001771296363279	83	True	True	True
orf_b8d0010503aa7fd4010f4e704ed87d20be3ae52fec88f05c821e3a32a39b8afd	peptide_5e0a55ceea7aa5596a1130b2f7a693b8a52acf6bf2ac12e69951ade5c9fb2d52	parent_b_out_of_frame	84	118	35	1.0	0.9467924662998745	35	True	True	True
orf_98ad79984f725bea1cc5abafbde21b404036c25da9ebe5110daa26d482833362	peptide_5e0a55ceea7aa5596a1130b2f7a693b8a52acf6bf2ac12e69951ade5c9fb2d52	parent_a_canonical	1	83	83	1.0	0.8001771296363279	83	True	True	True
orf_98ad79984f725bea1cc5abafbde21b404036c25da9ebe5110daa26d482833362	peptide_5e0a55ceea7aa5596a1130b2f7a693b8a52acf6bf2ac12e69951ade5c9fb2d52	parent_b_out_of_frame	84	118	35	1.0	0.9467924662998745	35	True	True	True
orf_76814e6799b4dfd321ee6b7a18ab4af6a52836382474247772ee75bfb2ef8740	peptide_5e0a55ceea7aa5596a1130b2f7a693b8a52acf6bf2ac12e69951ade5c9fb2d52	parent_a_canonical	1	83	83	1.0	0.8001771296363279	83	True	True	True
orf_76814e6799b4dfd321ee6b7a18ab4af6a52836382474247772ee75bfb2ef8740	peptide_5e0a55ceea7aa5596a1130b2f7a693b8a52acf6bf2ac12e69951ade5c9fb2d52	parent_b_out_of_frame	84	118	35	1.0	0.9467924662998745	35	True	True	True
orf_7d6d35f9b65f5eb147c5a6d1cc1d043b2eb7a4bc0fb5ab3df29ecc5d31a7aa33	peptide_5e0a55ceea7aa5596a1130b2f7a693b8a52acf6bf2ac12e69951ade5c9fb2d52	parent_a_canonical	1	83	83	1.0	0.8001771296363279	83	True	True	True
orf_7d6d35f9b65f5eb147c5a6d1cc1d043b2eb7a4bc0fb5ab3df29ecc5d31a7aa33	peptide_5e0a55ceea7aa5596a1130b2f7a693b8a52acf6bf2ac12e69951ade5c9fb2d52	parent_b_out_of_frame	84	118	35	1.0	0.9467924662998745	35	True	True	True
orf_1abcae930cc7f85ebd68589b939b9473f692e290cd0f0ff7ca310dd3f904c667	peptide_5e0a55ceea7aa5596a1130b2f7a693b8a52acf6bf2ac12e69951ade5c9fb2d52	parent_a_canonical	1	83	83	1.0	0.8001771296363279	83	True	True	True
orf_1abcae930cc7f85ebd68589b939b9473f692e290cd0f0ff7ca310dd3f904c667	peptide_5e0a55ceea7aa5596a1130b2f7a693b8a52acf6bf2ac12e69951ade5c9fb2d52	parent_b_out_of_frame	84	118	35	1.0	0.9467924662998745	35	True	True	True
orf_a249a259eeec76bbb846785e1bb3bbcc2decbe8b1587eabc0cc6a425d10fabbd	peptide_9cdb44bee5cfb950ceb681f58e9b980aa86b1a24eba968a18e738743ad144b62	parent_a_canonical	1	60	60	0.23333333333333334	0.2834577351808548	14	False	False	False
orf_a249a259eeec76bbb846785e1bb3bbcc2decbe8b1587eabc0cc6a425d10fabbd	peptide_9cdb44bee5cfb950ceb681f58e9b980aa86b1a24eba968a18e738743ad144b62	parent_b_out_of_frame	61	74	14	0.0	0.12932525042976653	0	False	False	False
orf_c142b72c498a28f812078fc264afcbf3bdd4aaec49cf741aa7a6315e6292e29c	peptide_9cdb44bee5cfb950ceb681f58e9b980aa86b1a24eba968a18e738743ad144b62	parent_a_canonical	1	60	60	0.23333333333333334	0.2834577351808548	14	False	False	False
orf_c142b72c498a28f812078fc264afcbf3bdd4aaec49cf741aa7a6315e6292e29c	peptide_9cdb44bee5cfb950ceb681f58e9b980aa86b1a24eba968a18e738743ad144b62	parent_b_unannotated_CDS	61	74	14	0.0	0.12932525042976653	0	False	False	False
orf_316546553b92c707c0d4e5426e2192e942f93147f7cc827a3f5a8826c766ce33	peptide_9cdb44bee5cfb950ceb681f58e9b980aa86b1a24eba968a18e738743ad144b62	parent_a_canonical	1	60	60	0.23333333333333334	0.2834577351808548	14	False	False	False
orf_316546553b92c707c0d4e5426e2192e942f93147f7cc827a3f5a8826c766ce33	peptide_9cdb44bee5cfb950ceb681f58e9b980aa86b1a24eba968a18e738743ad144b62	parent_b_unannotated_CDS	61	74	14	0.0	0.12932525042976653	0	False	False	False
orf_35b967ff8c5a833bf78e23545b8e042dc1c56981574f40c167cca91c50df5d9a	peptide_1dc6aeda50a5e497a2f5951ecc5210d7d2e68c1a6ea22fa070ab227803ad98df	parent_a_canonical	1	19	19	1.0	0.7333714962005615	19	True	True	True
orf_35b967ff8c5a833bf78e23545b8e042dc1c56981574f40c167cca91c50df5d9a	peptide_1dc6aeda50a5e497a2f5951ecc5210d7d2e68c1a6ea22fa070ab227803ad98df	parent_b_canonical	20	274	255	0.0	0.0830150713523229	0	False	False	False
orf_435b528d0def3b30d3e7226deecd63dcf9332aedce68e7def9405d97dc40c10e	peptide_1dc6aeda50a5e497a2f5951ecc5210d7d2e68c1a6ea22fa070ab227803ad98df	parent_a_canonical	1	19	19	1.0	0.7333714962005615	19	True	True	True
orf_435b528d0def3b30d3e7226deecd63dcf9332aedce68e7def9405d97dc40c10e	peptide_1dc6aeda50a5e497a2f5951ecc5210d7d2e68c1a6ea22fa070ab227803ad98df	parent_b_canonical	20	274	255	0.0	0.0830150713523229	0	False	False	False
orf_7098ca13158dab0dc51852add1d04a457d01e0e4a2628a60fdd64799ff9cc8c1	peptide_ddd4cd153f6619b54c5711ed15b99bcbda63e0216ad10154b681f2ff63d4678c	parent_a_canonical	1	19	19	1.0	0.736464776490864	19	True	True	True
orf_7098ca13158dab0dc51852add1d04a457d01e0e4a2628a60fdd64799ff9cc8c1	peptide_ddd4cd153f6619b54c5711ed15b99bcbda63e0216ad10154b681f2ff63d4678c	parent_b_canonical	20	260	241	0.058091286307053944	0.12979215358797444	14	False	False	False
orf_1c5293c39fc8a381b4f534c1906a90c7aee244ab46948ca91fccf4d92e6d0524	peptide_1dc6aeda50a5e497a2f5951ecc5210d7d2e68c1a6ea22fa070ab227803ad98df	parent_a_canonical	1	19	19	1.0	0.7333714962005615	19	True	True	True
orf_1c5293c39fc8a381b4f534c1906a90c7aee244ab46948ca91fccf4d92e6d0524	peptide_1dc6aeda50a5e497a2f5951ecc5210d7d2e68c1a6ea22fa070ab227803ad98df	parent_b_canonical	20	274	255	0.0	0.0830150713523229	0	False	False	False
orf_f53cc5fb9acdd00a38804c39af1f840e97e8ccd6808a89b993563a9718e4c9a5	peptide_dba94fe4564b656dcb4c88ed9c0af05dfe78a7d6ea0ef18b1c71b29fe58fa0d9	parent_a_canonical	1	78	78	0.2564102564102564	0.2743048010728298	20	False	False	False
orf_f53cc5fb9acdd00a38804c39af1f840e97e8ccd6808a89b993563a9718e4c9a5	peptide_dba94fe4564b656dcb4c88ed9c0af05dfe78a7d6ea0ef18b1c71b29fe58fa0d9	parent_b_out_of_frame	79	95	17	0.0	0.16999714865404017	0	False	False	False
orf_fdc241ba9fad2dae5ceb4956d19962df9769e5ae9bfe1aedc0af36b086abe21b	peptide_dba94fe4564b656dcb4c88ed9c0af05dfe78a7d6ea0ef18b1c71b29fe58fa0d9	parent_a_canonical	1	78	78	0.2564102564102564	0.2743048010728298	20	False	False	False
orf_fdc241ba9fad2dae5ceb4956d19962df9769e5ae9bfe1aedc0af36b086abe21b	peptide_dba94fe4564b656dcb4c88ed9c0af05dfe78a7d6ea0ef18b1c71b29fe58fa0d9	parent_b_unannotated_CDS	79	95	17	0.0	0.16999714865404017	0	False	False	False
orf_6709581ea595bf7bd3d3300ed5716539003ecb7ae0f1f0f78953906e680ea91d	peptide_dba94fe4564b656dcb4c88ed9c0af05dfe78a7d6ea0ef18b1c71b29fe58fa0d9	parent_a_canonical	1	78	78	0.2564102564102564	0.2743048010728298	20	False	False	False
orf_6709581ea595bf7bd3d3300ed5716539003ecb7ae0f1f0f78953906e680ea91d	peptide_dba94fe4564b656dcb4c88ed9c0af05dfe78a7d6ea0ef18b1c71b29fe58fa0d9	parent_b_downstream_of_annotated_CDS	79	95	17	0.0	0.16999714865404017	0	False	False	False
orf_4b0dbcd3a4d30b1cb6f67fe5aa6b6ea96f4bb04d15a68df310489b951a3f16b1	peptide_204ed537f56ceb775af18238d6211e9820a946ab60919dfc9088e0f6179859b9	parent_a_canonical	1	1135	1135	0.12070484581497798	0.22598820912943013	135	False	False	False
orf_4b0dbcd3a4d30b1cb6f67fe5aa6b6ea96f4bb04d15a68df310489b951a3f16b1	peptide_204ed537f56ceb775af18238d6211e9820a946ab60919dfc9088e0f6179859b9	parent_b_out_of_frame	1136	1144	9	1.0	0.6215210623211331	9	True	True	True
orf_e8053fa7db18759af3c4f8232acaeac5b6970ae5580c71ec7bc5db14eb2731c6	peptide_204ed537f56ceb775af18238d6211e9820a946ab60919dfc9088e0f6179859b9	parent_a_canonical	1	1135	1135	0.12070484581497798	0.22598820912943013	135	False	False	False
orf_e8053fa7db18759af3c4f8232acaeac5b6970ae5580c71ec7bc5db14eb2731c6	peptide_204ed537f56ceb775af18238d6211e9820a946ab60919dfc9088e0f6179859b9	parent_b_out_of_frame	1136	1144	9	1.0	0.6215210623211331	9	True	True	True
orf_98a90186cc2006b5379e81490274327b63f76528f7f79cd7d3dec36920320bbd	peptide_204ed537f56ceb775af18238d6211e9820a946ab60919dfc9088e0f6179859b9	parent_a_canonical	1	1135	1135	0.12070484581497798	0.22598820912943013	135	False	False	False
orf_98a90186cc2006b5379e81490274327b63f76528f7f79cd7d3dec36920320bbd	peptide_204ed537f56ceb775af18238d6211e9820a946ab60919dfc9088e0f6179859b9	parent_b_out_of_frame	1136	1144	9	1.0	0.6215210623211331	9	True	True	True
orf_db96856f58655357cbddfe75665d3d3a1c694286d08ea0db160c92645e4d2e44	peptide_0c490e72ecae44550e53ca74fe76b911e1331a1d12589a18ae2832bd120927f3	parent_a_canonical	1	30	30	1.0	0.9571347077687581	30	True	True	True
orf_db96856f58655357cbddfe75665d3d3a1c694286d08ea0db160c92645e4d2e44	peptide_0c490e72ecae44550e53ca74fe76b911e1331a1d12589a18ae2832bd120927f3	junction_split_codon	31	31	1	1.0	0.9483915567398071	1	True	True	True
orf_db96856f58655357cbddfe75665d3d3a1c694286d08ea0db160c92645e4d2e44	peptide_0c490e72ecae44550e53ca74fe76b911e1331a1d12589a18ae2832bd120927f3	parent_b_out_of_frame	32	50	19	1.0	0.9119107723236084	19	True	True	True
orf_7d125d0b3d2715f5b14ab5b13c847993ae05506fd04a090449bc5c60931d7dcb	peptide_0c490e72ecae44550e53ca74fe76b911e1331a1d12589a18ae2832bd120927f3	parent_a_canonical	1	30	30	1.0	0.9571347077687581	30	True	True	True
orf_7d125d0b3d2715f5b14ab5b13c847993ae05506fd04a090449bc5c60931d7dcb	peptide_0c490e72ecae44550e53ca74fe76b911e1331a1d12589a18ae2832bd120927f3	junction_split_codon	31	31	1	1.0	0.9483915567398071	1	True	True	True
orf_7d125d0b3d2715f5b14ab5b13c847993ae05506fd04a090449bc5c60931d7dcb	peptide_0c490e72ecae44550e53ca74fe76b911e1331a1d12589a18ae2832bd120927f3	parent_b_out_of_frame	32	50	19	1.0	0.9119107723236084	19	True	True	True
orf_28e53c11d614f69232cde4dd5f58793506ff16a3fe0110aa4e61bbd98f777b4f	peptide_0c490e72ecae44550e53ca74fe76b911e1331a1d12589a18ae2832bd120927f3	parent_a_canonical	1	30	30	1.0	0.9571347077687581	30	True	True	True
orf_28e53c11d614f69232cde4dd5f58793506ff16a3fe0110aa4e61bbd98f777b4f	peptide_0c490e72ecae44550e53ca74fe76b911e1331a1d12589a18ae2832bd120927f3	junction_split_codon	31	31	1	1.0	0.9483915567398071	1	True	True	True
orf_28e53c11d614f69232cde4dd5f58793506ff16a3fe0110aa4e61bbd98f777b4f	peptide_0c490e72ecae44550e53ca74fe76b911e1331a1d12589a18ae2832bd120927f3	parent_b_out_of_frame	32	50	19	1.0	0.9119107723236084	19	True	True	True
orf_a84f5f36220b914ddadc134d84542fdc0394c484a6133687451177190036c07d	peptide_0c490e72ecae44550e53ca74fe76b911e1331a1d12589a18ae2832bd120927f3	parent_a_canonical	1	30	30	1.0	0.9571347077687581	30	True	True	True
orf_a84f5f36220b914ddadc134d84542fdc0394c484a6133687451177190036c07d	peptide_0c490e72ecae44550e53ca74fe76b911e1331a1d12589a18ae2832bd120927f3	junction_split_codon	31	31	1	1.0	0.9483915567398071	1	True	True	True
orf_a84f5f36220b914ddadc134d84542fdc0394c484a6133687451177190036c07d	peptide_0c490e72ecae44550e53ca74fe76b911e1331a1d12589a18ae2832bd120927f3	parent_b_out_of_frame	32	50	19	1.0	0.9119107723236084	19	True	True	True
orf_b8914623b67c5331b1db05b2f386627f8488c9baad3a8dd5662072dcc710142f	peptide_f0d37395734f61dc7792a5acf6ad495d9a1058302b01d4fa1338af9f49112dac	parent_a_canonical	1	72	72	1.0	0.9364220301310221	72	True	True	True
orf_b8914623b67c5331b1db05b2f386627f8488c9baad3a8dd5662072dcc710142f	peptide_f0d37395734f61dc7792a5acf6ad495d9a1058302b01d4fa1338af9f49112dac	junction_split_codon	73	73	1	1.0	0.9492480754852295	1	True	True	True
orf_b8914623b67c5331b1db05b2f386627f8488c9baad3a8dd5662072dcc710142f	peptide_f0d37395734f61dc7792a5acf6ad495d9a1058302b01d4fa1338af9f49112dac	parent_b_out_of_frame	74	92	19	1.0	0.9159064732099834	19	True	True	True
orf_caadab2eaedf49c2899e37cad6a0619e8eee56fc0c4a6ed751837e860001e725	peptide_f0d37395734f61dc7792a5acf6ad495d9a1058302b01d4fa1338af9f49112dac	parent_a_canonical	1	72	72	1.0	0.9364220301310221	72	True	True	True
orf_caadab2eaedf49c2899e37cad6a0619e8eee56fc0c4a6ed751837e860001e725	peptide_f0d37395734f61dc7792a5acf6ad495d9a1058302b01d4fa1338af9f49112dac	junction_split_codon	73	73	1	1.0	0.9492480754852295	1	True	True	True
orf_caadab2eaedf49c2899e37cad6a0619e8eee56fc0c4a6ed751837e860001e725	peptide_f0d37395734f61dc7792a5acf6ad495d9a1058302b01d4fa1338af9f49112dac	parent_b_out_of_frame	74	92	19	1.0	0.9159064732099834	19	True	True	True
orf_be6a40457a264c7ab10ebab041f3ba0d0d59e5255dbb64684d3c54906853e98e	peptide_f0d37395734f61dc7792a5acf6ad495d9a1058302b01d4fa1338af9f49112dac	parent_a_canonical	1	72	72	1.0	0.9364220301310221	72	True	True	True
orf_be6a40457a264c7ab10ebab041f3ba0d0d59e5255dbb64684d3c54906853e98e	peptide_f0d37395734f61dc7792a5acf6ad495d9a1058302b01d4fa1338af9f49112dac	junction_split_codon	73	73	1	1.0	0.9492480754852295	1	True	True	True
orf_be6a40457a264c7ab10ebab041f3ba0d0d59e5255dbb64684d3c54906853e98e	peptide_f0d37395734f61dc7792a5acf6ad495d9a1058302b01d4fa1338af9f49112dac	parent_b_out_of_frame	74	92	19	1.0	0.9159064732099834	19	True	True	True
orf_ff00d8c9fac5e982c7073224c52618c1fb3298aec77c513da830b802124388df	peptide_f0d37395734f61dc7792a5acf6ad495d9a1058302b01d4fa1338af9f49112dac	parent_a_canonical	1	72	72	1.0	0.9364220301310221	72	True	True	True
orf_ff00d8c9fac5e982c7073224c52618c1fb3298aec77c513da830b802124388df	peptide_f0d37395734f61dc7792a5acf6ad495d9a1058302b01d4fa1338af9f49112dac	junction_split_codon	73	73	1	1.0	0.9492480754852295	1	True	True	True
orf_ff00d8c9fac5e982c7073224c52618c1fb3298aec77c513da830b802124388df	peptide_f0d37395734f61dc7792a5acf6ad495d9a1058302b01d4fa1338af9f49112dac	parent_b_out_of_frame	74	92	19	1.0	0.9159064732099834	19	True	True	True
orf_3c29d551f55dbafcb631a71071b9c66d54b33c9172454adac569d549df80cc27	peptide_7c620433a33c479bd09812150c15d2e0accd796c3cd40b057543080302fe009b	parent_a_canonical	1	44	44	1.0	0.6092049208554354	44	True	True	True
orf_3c29d551f55dbafcb631a71071b9c66d54b33c9172454adac569d549df80cc27	peptide_7c620433a33c479bd09812150c15d2e0accd796c3cd40b057543080302fe009b	junction_split_codon	45	45	1	1.0	0.7065195441246033	1	True	True	True
orf_3c29d551f55dbafcb631a71071b9c66d54b33c9172454adac569d549df80cc27	peptide_7c620433a33c479bd09812150c15d2e0accd796c3cd40b057543080302fe009b	parent_b_upstream_of_annotated_CDS	46	46	1	1.0	0.7286452054977417	1	True	True	True
orf_5db57966829e41166fc52b9052035fe2d9edddf5ec48700f578370f6982d3ce5	peptide_7c620433a33c479bd09812150c15d2e0accd796c3cd40b057543080302fe009b	parent_a_canonical	1	44	44	1.0	0.6092049208554354	44	True	True	True
orf_5db57966829e41166fc52b9052035fe2d9edddf5ec48700f578370f6982d3ce5	peptide_7c620433a33c479bd09812150c15d2e0accd796c3cd40b057543080302fe009b	junction_split_codon	45	45	1	1.0	0.7065195441246033	1	True	True	True
orf_5db57966829e41166fc52b9052035fe2d9edddf5ec48700f578370f6982d3ce5	peptide_7c620433a33c479bd09812150c15d2e0accd796c3cd40b057543080302fe009b	parent_b_upstream_of_annotated_CDS	46	46	1	1.0	0.7286452054977417	1	True	True	True
orf_1923b0fa6a2ab57ccb80947f8955340896257ed7ebe3d4c79035fe16fcb36192	peptide_37ced88ed5be8c8a074c1ff82f0875d9fae0fade8abab4cb6efe0f2fcbb73097	parent_a_canonical	1	32	32	0.21875	0.314000784419477	7	False	False	False
orf_1923b0fa6a2ab57ccb80947f8955340896257ed7ebe3d4c79035fe16fcb36192	peptide_37ced88ed5be8c8a074c1ff82f0875d9fae0fade8abab4cb6efe0f2fcbb73097	junction_split_codon	33	33	1	0.0	0.0912858247756958	0	False	False	False
orf_1923b0fa6a2ab57ccb80947f8955340896257ed7ebe3d4c79035fe16fcb36192	peptide_37ced88ed5be8c8a074c1ff82f0875d9fae0fade8abab4cb6efe0f2fcbb73097	parent_b_upstream_of_annotated_CDS	34	38	5	0.0	0.07451383471488952	0	False	False	False
orf_1923b0fa6a2ab57ccb80947f8955340896257ed7ebe3d4c79035fe16fcb36192	peptide_37ced88ed5be8c8a074c1ff82f0875d9fae0fade8abab4cb6efe0f2fcbb73097	parent_b_canonical	39	377	339	0.0	0.10217416739217651	0	False	False	False
orf_de73eaa968730185da95193fbd6420141c9b17b36fff1130a430f1d1dff047e7	peptide_37ced88ed5be8c8a074c1ff82f0875d9fae0fade8abab4cb6efe0f2fcbb73097	parent_a_canonical	1	32	32	0.21875	0.314000784419477	7	False	False	False
orf_de73eaa968730185da95193fbd6420141c9b17b36fff1130a430f1d1dff047e7	peptide_37ced88ed5be8c8a074c1ff82f0875d9fae0fade8abab4cb6efe0f2fcbb73097	junction_split_codon	33	33	1	0.0	0.0912858247756958	0	False	False	False
orf_de73eaa968730185da95193fbd6420141c9b17b36fff1130a430f1d1dff047e7	peptide_37ced88ed5be8c8a074c1ff82f0875d9fae0fade8abab4cb6efe0f2fcbb73097	parent_b_upstream_of_annotated_CDS	34	38	5	0.0	0.07451383471488952	0	False	False	False
orf_de73eaa968730185da95193fbd6420141c9b17b36fff1130a430f1d1dff047e7	peptide_37ced88ed5be8c8a074c1ff82f0875d9fae0fade8abab4cb6efe0f2fcbb73097	parent_b_canonical	39	377	339	0.0	0.10217416739217651	0	False	False	False
orf_7bd268c620679fe18793e33067f55aec9681c2b2cea44e06a2e08a93ed7de6df	peptide_37ced88ed5be8c8a074c1ff82f0875d9fae0fade8abab4cb6efe0f2fcbb73097	parent_a_canonical	1	32	32	0.21875	0.314000784419477	7	False	False	False
orf_7bd268c620679fe18793e33067f55aec9681c2b2cea44e06a2e08a93ed7de6df	peptide_37ced88ed5be8c8a074c1ff82f0875d9fae0fade8abab4cb6efe0f2fcbb73097	junction_split_codon	33	33	1	0.0	0.0912858247756958	0	False	False	False
orf_7bd268c620679fe18793e33067f55aec9681c2b2cea44e06a2e08a93ed7de6df	peptide_37ced88ed5be8c8a074c1ff82f0875d9fae0fade8abab4cb6efe0f2fcbb73097	parent_b_upstream_of_annotated_CDS	34	38	5	0.0	0.07451383471488952	0	False	False	False
orf_7bd268c620679fe18793e33067f55aec9681c2b2cea44e06a2e08a93ed7de6df	peptide_37ced88ed5be8c8a074c1ff82f0875d9fae0fade8abab4cb6efe0f2fcbb73097	parent_b_canonical	39	377	339	0.0	0.10217416739217651	0	False	False	False
orf_f287c07290abab4967cd9375ccbd7e5ac4c79b8f6908b459aa065b3d36b76b10	peptide_37ced88ed5be8c8a074c1ff82f0875d9fae0fade8abab4cb6efe0f2fcbb73097	parent_a_canonical	1	32	32	0.21875	0.314000784419477	7	False	False	False
orf_f287c07290abab4967cd9375ccbd7e5ac4c79b8f6908b459aa065b3d36b76b10	peptide_37ced88ed5be8c8a074c1ff82f0875d9fae0fade8abab4cb6efe0f2fcbb73097	junction_split_codon	33	33	1	0.0	0.0912858247756958	0	False	False	False
orf_f287c07290abab4967cd9375ccbd7e5ac4c79b8f6908b459aa065b3d36b76b10	peptide_37ced88ed5be8c8a074c1ff82f0875d9fae0fade8abab4cb6efe0f2fcbb73097	parent_b_upstream_of_annotated_CDS	34	38	5	0.0	0.07451383471488952	0	False	False	False
orf_f287c07290abab4967cd9375ccbd7e5ac4c79b8f6908b459aa065b3d36b76b10	peptide_37ced88ed5be8c8a074c1ff82f0875d9fae0fade8abab4cb6efe0f2fcbb73097	parent_b_canonical	39	377	339	0.0	0.10217416739217651	0	False	False	False
orf_d0e4953c630c612bf4a379e99c3596f3b8e575d5d373b168edd44e4f398757b3	peptide_fa6506540deb5226f196b5e2c3dc3fd6a10972fec505231d4d43a33b7e157c2a	parent_a_canonical	1	184	184	1.0	0.9714203204797662	184	True	True	True
orf_d0e4953c630c612bf4a379e99c3596f3b8e575d5d373b168edd44e4f398757b3	peptide_fa6506540deb5226f196b5e2c3dc3fd6a10972fec505231d4d43a33b7e157c2a	junction_split_codon	185	185	1	1.0	0.9736183881759644	1	True	True	True
orf_d0e4953c630c612bf4a379e99c3596f3b8e575d5d373b168edd44e4f398757b3	peptide_fa6506540deb5226f196b5e2c3dc3fd6a10972fec505231d4d43a33b7e157c2a	parent_b_canonical	186	915	730	0.7068493150684931	0.7060282553916108	395	True	True	True
orf_3b8891dd2920d50e67fc79ca136b46ee2b1c98af810041eb7f75f8bfc279b06b	peptide_fa6506540deb5226f196b5e2c3dc3fd6a10972fec505231d4d43a33b7e157c2a	parent_a_canonical	1	184	184	1.0	0.9714203204797662	184	True	True	True
orf_3b8891dd2920d50e67fc79ca136b46ee2b1c98af810041eb7f75f8bfc279b06b	peptide_fa6506540deb5226f196b5e2c3dc3fd6a10972fec505231d4d43a33b7e157c2a	junction_split_codon	185	185	1	1.0	0.9736183881759644	1	True	True	True
orf_3b8891dd2920d50e67fc79ca136b46ee2b1c98af810041eb7f75f8bfc279b06b	peptide_fa6506540deb5226f196b5e2c3dc3fd6a10972fec505231d4d43a33b7e157c2a	parent_b_canonical	186	915	730	0.7068493150684931	0.7060282553916108	395	True	True	True
orf_11da3b22ddd8cdf431c6b23c4158dd895d72cf9c708ea9c545f1dae058ef6333	peptide_dd7c67c48b8513a5d2fb9cdfa8fc9e1c4bdc2c4184b06ef715954b7c4d66e566	parent_a_canonical	1	184	184	1.0	0.9240256353564884	184	True	True	True
orf_11da3b22ddd8cdf431c6b23c4158dd895d72cf9c708ea9c545f1dae058ef6333	peptide_dd7c67c48b8513a5d2fb9cdfa8fc9e1c4bdc2c4184b06ef715954b7c4d66e566	junction_split_codon	185	185	1	1.0	0.9329392910003662	1	True	True	True
orf_11da3b22ddd8cdf431c6b23c4158dd895d72cf9c708ea9c545f1dae058ef6333	peptide_dd7c67c48b8513a5d2fb9cdfa8fc9e1c4bdc2c4184b06ef715954b7c4d66e566	parent_b_canonical	186	468	283	1.0	0.9156384733456183	283	True	True	True
orf_c42b6392e33e438f5080d0913a03a7fad7278b281392ab43dfea6b67c7af5183	peptide_3330637c06dd88a8e1161a3b66396a58fa97dad6e8626bde1493ffe2d727812b	parent_a_canonical	1	184	184	1.0	0.9142592957486277	184	True	True	True
orf_c42b6392e33e438f5080d0913a03a7fad7278b281392ab43dfea6b67c7af5183	peptide_3330637c06dd88a8e1161a3b66396a58fa97dad6e8626bde1493ffe2d727812b	junction_split_codon	185	185	1	1.0	0.9088672399520874	1	True	True	True
orf_c42b6392e33e438f5080d0913a03a7fad7278b281392ab43dfea6b67c7af5183	peptide_3330637c06dd88a8e1161a3b66396a58fa97dad6e8626bde1493ffe2d727812b	parent_b_canonical	186	213	28	1.0	0.9396003442151206	28	True	True	True
orf_3322b66cca49066f891cd104202a71b386ed3e550088ad62cf5124ce68c5d6f0	peptide_fa6506540deb5226f196b5e2c3dc3fd6a10972fec505231d4d43a33b7e157c2a	parent_a_canonical	1	184	184	1.0	0.9714203204797662	184	True	True	True
orf_3322b66cca49066f891cd104202a71b386ed3e550088ad62cf5124ce68c5d6f0	peptide_fa6506540deb5226f196b5e2c3dc3fd6a10972fec505231d4d43a33b7e157c2a	junction_split_codon	185	185	1	1.0	0.9736183881759644	1	True	True	True
orf_3322b66cca49066f891cd104202a71b386ed3e550088ad62cf5124ce68c5d6f0	peptide_fa6506540deb5226f196b5e2c3dc3fd6a10972fec505231d4d43a33b7e157c2a	parent_b_canonical	186	915	730	0.7068493150684931	0.7060282553916108	395	True	True	True
orf_dc14a67489252a113e53f0753bf3117e98b664a36906419aa62301857d91d9e0	peptide_943a44d804f94e54bf2d98cb10a55b9c7b86d0d2e468bb94b83b42c794cd9ccf	parent_a_canonical	1	115	115	1.0	0.9812223196029664	115	True	True	True
orf_dc14a67489252a113e53f0753bf3117e98b664a36906419aa62301857d91d9e0	peptide_943a44d804f94e54bf2d98cb10a55b9c7b86d0d2e468bb94b83b42c794cd9ccf	junction_split_codon	116	116	1	1.0	0.9694057703018188	1	True	True	True
orf_dc14a67489252a113e53f0753bf3117e98b664a36906419aa62301857d91d9e0	peptide_943a44d804f94e54bf2d98cb10a55b9c7b86d0d2e468bb94b83b42c794cd9ccf	parent_b_canonical	117	846	730	0.7054794520547946	0.7013580562521333	394	True	True	True
orf_4d505a3300d343da63427022878f0bc1f9cfb650fb9129668b2bfeb87a786070	peptide_943a44d804f94e54bf2d98cb10a55b9c7b86d0d2e468bb94b83b42c794cd9ccf	parent_a_canonical	1	115	115	1.0	0.9812223196029664	115	True	True	True
orf_4d505a3300d343da63427022878f0bc1f9cfb650fb9129668b2bfeb87a786070	peptide_943a44d804f94e54bf2d98cb10a55b9c7b86d0d2e468bb94b83b42c794cd9ccf	junction_split_codon	116	116	1	1.0	0.9694057703018188	1	True	True	True
orf_4d505a3300d343da63427022878f0bc1f9cfb650fb9129668b2bfeb87a786070	peptide_943a44d804f94e54bf2d98cb10a55b9c7b86d0d2e468bb94b83b42c794cd9ccf	parent_b_canonical	117	846	730	0.7054794520547946	0.7013580562521333	394	True	True	True
orf_745e13095101e29c877072c1479e907ca6d98654e1563fe36fa46914def6a1a5	peptide_2fd568c243ae5fc146a0c3231fbaef7e40cf01dbf9a2cc5cea6ca2f10c9a8f54	parent_a_canonical	1	115	115	1.0	0.9466512452001157	115	True	True	True
orf_745e13095101e29c877072c1479e907ca6d98654e1563fe36fa46914def6a1a5	peptide_2fd568c243ae5fc146a0c3231fbaef7e40cf01dbf9a2cc5cea6ca2f10c9a8f54	junction_split_codon	116	116	1	1.0	0.9221584796905518	1	True	True	True
orf_745e13095101e29c877072c1479e907ca6d98654e1563fe36fa46914def6a1a5	peptide_2fd568c243ae5fc146a0c3231fbaef7e40cf01dbf9a2cc5cea6ca2f10c9a8f54	parent_b_canonical	117	399	283	1.0	0.9037789034759198	283	True	True	True
orf_447c67aa9def82c4f6367dee42d61cc228f91c32786aa185f6751413345f27e9	peptide_3fe112080cd703f5864a72a00c8693231209bfbbe44887998c4bb81b1ea3b440	parent_a_canonical	1	115	115	1.0	0.9350677168887594	115	True	True	True
orf_447c67aa9def82c4f6367dee42d61cc228f91c32786aa185f6751413345f27e9	peptide_3fe112080cd703f5864a72a00c8693231209bfbbe44887998c4bb81b1ea3b440	junction_split_codon	116	116	1	1.0	0.8937846422195435	1	True	True	True
orf_447c67aa9def82c4f6367dee42d61cc228f91c32786aa185f6751413345f27e9	peptide_3fe112080cd703f5864a72a00c8693231209bfbbe44887998c4bb81b1ea3b440	parent_b_canonical	117	144	28	1.0	0.9208229056426457	28	True	True	True
orf_15e10ef851ae59a2a288951aa4bc636ef64e20b0e6466ef828bb64c9db98259e	peptide_943a44d804f94e54bf2d98cb10a55b9c7b86d0d2e468bb94b83b42c794cd9ccf	parent_a_canonical	1	115	115	1.0	0.9812223196029664	115	True	True	True
orf_15e10ef851ae59a2a288951aa4bc636ef64e20b0e6466ef828bb64c9db98259e	peptide_943a44d804f94e54bf2d98cb10a55b9c7b86d0d2e468bb94b83b42c794cd9ccf	junction_split_codon	116	116	1	1.0	0.9694057703018188	1	True	True	True
orf_15e10ef851ae59a2a288951aa4bc636ef64e20b0e6466ef828bb64c9db98259e	peptide_943a44d804f94e54bf2d98cb10a55b9c7b86d0d2e468bb94b83b42c794cd9ccf	parent_b_canonical	117	846	730	0.7054794520547946	0.7013580562521333	394	True	True	True
orf_899094205ef85ab4adc29b9f6dfb82c718be2dd50b5400648e7324c51d99d800	peptide_943a44d804f94e54bf2d98cb10a55b9c7b86d0d2e468bb94b83b42c794cd9ccf	parent_a_canonical	1	115	115	1.0	0.9812223196029664	115	True	True	True
orf_899094205ef85ab4adc29b9f6dfb82c718be2dd50b5400648e7324c51d99d800	peptide_943a44d804f94e54bf2d98cb10a55b9c7b86d0d2e468bb94b83b42c794cd9ccf	junction_split_codon	116	116	1	1.0	0.9694057703018188	1	True	True	True
orf_899094205ef85ab4adc29b9f6dfb82c718be2dd50b5400648e7324c51d99d800	peptide_943a44d804f94e54bf2d98cb10a55b9c7b86d0d2e468bb94b83b42c794cd9ccf	parent_b_canonical	117	846	730	0.7054794520547946	0.7013580562521333	394	True	True	True
orf_47b62697443768e634f177800a1fe0e98abfbac124510263a8a05d4a910077c9	peptide_943a44d804f94e54bf2d98cb10a55b9c7b86d0d2e468bb94b83b42c794cd9ccf	parent_a_canonical	1	115	115	1.0	0.9812223196029664	115	True	True	True
orf_47b62697443768e634f177800a1fe0e98abfbac124510263a8a05d4a910077c9	peptide_943a44d804f94e54bf2d98cb10a55b9c7b86d0d2e468bb94b83b42c794cd9ccf	junction_split_codon	116	116	1	1.0	0.9694057703018188	1	True	True	True
orf_47b62697443768e634f177800a1fe0e98abfbac124510263a8a05d4a910077c9	peptide_943a44d804f94e54bf2d98cb10a55b9c7b86d0d2e468bb94b83b42c794cd9ccf	parent_b_canonical	117	846	730	0.7054794520547946	0.7013580562521333	394	True	True	True
orf_92f9672c81ba0eb92441c40c56e1f16e61af25ea6dc594790a9bc3843a374230	peptide_2fd568c243ae5fc146a0c3231fbaef7e40cf01dbf9a2cc5cea6ca2f10c9a8f54	parent_a_canonical	1	115	115	1.0	0.9466512452001157	115	True	True	True
orf_92f9672c81ba0eb92441c40c56e1f16e61af25ea6dc594790a9bc3843a374230	peptide_2fd568c243ae5fc146a0c3231fbaef7e40cf01dbf9a2cc5cea6ca2f10c9a8f54	junction_split_codon	116	116	1	1.0	0.9221584796905518	1	True	True	True
orf_92f9672c81ba0eb92441c40c56e1f16e61af25ea6dc594790a9bc3843a374230	peptide_2fd568c243ae5fc146a0c3231fbaef7e40cf01dbf9a2cc5cea6ca2f10c9a8f54	parent_b_canonical	117	399	283	1.0	0.9037789034759198	283	True	True	True
orf_f25d96e6ae450d4831bd6f466edee8c41a07f05bbf4eeed9c5b8df5a5fcc99b4	peptide_3fe112080cd703f5864a72a00c8693231209bfbbe44887998c4bb81b1ea3b440	parent_a_canonical	1	115	115	1.0	0.9350677168887594	115	True	True	True
orf_f25d96e6ae450d4831bd6f466edee8c41a07f05bbf4eeed9c5b8df5a5fcc99b4	peptide_3fe112080cd703f5864a72a00c8693231209bfbbe44887998c4bb81b1ea3b440	junction_split_codon	116	116	1	1.0	0.8937846422195435	1	True	True	True
orf_f25d96e6ae450d4831bd6f466edee8c41a07f05bbf4eeed9c5b8df5a5fcc99b4	peptide_3fe112080cd703f5864a72a00c8693231209bfbbe44887998c4bb81b1ea3b440	parent_b_canonical	117	144	28	1.0	0.9208229056426457	28	True	True	True
orf_619032b87e306cf669e77fe1386ae88322cef6b085bdbfb73da3987f0949dbd5	peptide_943a44d804f94e54bf2d98cb10a55b9c7b86d0d2e468bb94b83b42c794cd9ccf	parent_a_canonical	1	115	115	1.0	0.9812223196029664	115	True	True	True
orf_619032b87e306cf669e77fe1386ae88322cef6b085bdbfb73da3987f0949dbd5	peptide_943a44d804f94e54bf2d98cb10a55b9c7b86d0d2e468bb94b83b42c794cd9ccf	junction_split_codon	116	116	1	1.0	0.9694057703018188	1	True	True	True
orf_619032b87e306cf669e77fe1386ae88322cef6b085bdbfb73da3987f0949dbd5	peptide_943a44d804f94e54bf2d98cb10a55b9c7b86d0d2e468bb94b83b42c794cd9ccf	parent_b_canonical	117	846	730	0.7054794520547946	0.7013580562521333	394	True	True	True
orf_d52f45cc627e193f55e1e34ee9d04637d8132b9d8212b39edd09c5e080c82e86	peptide_943a44d804f94e54bf2d98cb10a55b9c7b86d0d2e468bb94b83b42c794cd9ccf	parent_a_canonical	1	115	115	1.0	0.9812223196029664	115	True	True	True
orf_d52f45cc627e193f55e1e34ee9d04637d8132b9d8212b39edd09c5e080c82e86	peptide_943a44d804f94e54bf2d98cb10a55b9c7b86d0d2e468bb94b83b42c794cd9ccf	junction_split_codon	116	116	1	1.0	0.9694057703018188	1	True	True	True
orf_d52f45cc627e193f55e1e34ee9d04637d8132b9d8212b39edd09c5e080c82e86	peptide_943a44d804f94e54bf2d98cb10a55b9c7b86d0d2e468bb94b83b42c794cd9ccf	parent_b_canonical	117	846	730	0.7054794520547946	0.7013580562521333	394	True	True	True
orf_a284402936a304997cabe2a060173217e3d8f1dcf799e257cc978545e8a72910	peptide_943a44d804f94e54bf2d98cb10a55b9c7b86d0d2e468bb94b83b42c794cd9ccf	parent_a_canonical	1	115	115	1.0	0.9812223196029664	115	True	True	True
orf_a284402936a304997cabe2a060173217e3d8f1dcf799e257cc978545e8a72910	peptide_943a44d804f94e54bf2d98cb10a55b9c7b86d0d2e468bb94b83b42c794cd9ccf	junction_split_codon	116	116	1	1.0	0.9694057703018188	1	True	True	True
orf_a284402936a304997cabe2a060173217e3d8f1dcf799e257cc978545e8a72910	peptide_943a44d804f94e54bf2d98cb10a55b9c7b86d0d2e468bb94b83b42c794cd9ccf	parent_b_canonical	117	846	730	0.7054794520547946	0.7013580562521333	394	True	True	True
orf_a5a4d9669b379d18f26442b9f9f1efe67877ca5b19d9ada8ee6c01f8d3651ec4	peptide_2fd568c243ae5fc146a0c3231fbaef7e40cf01dbf9a2cc5cea6ca2f10c9a8f54	parent_a_canonical	1	115	115	1.0	0.9466512452001157	115	True	True	True
orf_a5a4d9669b379d18f26442b9f9f1efe67877ca5b19d9ada8ee6c01f8d3651ec4	peptide_2fd568c243ae5fc146a0c3231fbaef7e40cf01dbf9a2cc5cea6ca2f10c9a8f54	junction_split_codon	116	116	1	1.0	0.9221584796905518	1	True	True	True
orf_a5a4d9669b379d18f26442b9f9f1efe67877ca5b19d9ada8ee6c01f8d3651ec4	peptide_2fd568c243ae5fc146a0c3231fbaef7e40cf01dbf9a2cc5cea6ca2f10c9a8f54	parent_b_canonical	117	399	283	1.0	0.9037789034759198	283	True	True	True
orf_d42aab33934622a06e40afaa3f8c4ed6a25b1ca892ec428f54a161cd260fa0c3	peptide_3fe112080cd703f5864a72a00c8693231209bfbbe44887998c4bb81b1ea3b440	parent_a_canonical	1	115	115	1.0	0.9350677168887594	115	True	True	True
orf_d42aab33934622a06e40afaa3f8c4ed6a25b1ca892ec428f54a161cd260fa0c3	peptide_3fe112080cd703f5864a72a00c8693231209bfbbe44887998c4bb81b1ea3b440	junction_split_codon	116	116	1	1.0	0.8937846422195435	1	True	True	True
orf_d42aab33934622a06e40afaa3f8c4ed6a25b1ca892ec428f54a161cd260fa0c3	peptide_3fe112080cd703f5864a72a00c8693231209bfbbe44887998c4bb81b1ea3b440	parent_b_canonical	117	144	28	1.0	0.9208229056426457	28	True	True	True
orf_a54bf513cd20549ff19e2127d32393edb6a3cc45a5533c3221788294f9365c42	peptide_943a44d804f94e54bf2d98cb10a55b9c7b86d0d2e468bb94b83b42c794cd9ccf	parent_a_canonical	1	115	115	1.0	0.9812223196029664	115	True	True	True
orf_a54bf513cd20549ff19e2127d32393edb6a3cc45a5533c3221788294f9365c42	peptide_943a44d804f94e54bf2d98cb10a55b9c7b86d0d2e468bb94b83b42c794cd9ccf	junction_split_codon	116	116	1	1.0	0.9694057703018188	1	True	True	True
orf_a54bf513cd20549ff19e2127d32393edb6a3cc45a5533c3221788294f9365c42	peptide_943a44d804f94e54bf2d98cb10a55b9c7b86d0d2e468bb94b83b42c794cd9ccf	parent_b_canonical	117	846	730	0.7054794520547946	0.7013580562521333	394	True	True	True
orf_bd5181dbea32ac3ffc7acadb8b6495c2511c8f0774ca13a509e0b0d467d823fe	peptide_943a44d804f94e54bf2d98cb10a55b9c7b86d0d2e468bb94b83b42c794cd9ccf	parent_a_canonical	1	115	115	1.0	0.9812223196029664	115	True	True	True
orf_bd5181dbea32ac3ffc7acadb8b6495c2511c8f0774ca13a509e0b0d467d823fe	peptide_943a44d804f94e54bf2d98cb10a55b9c7b86d0d2e468bb94b83b42c794cd9ccf	junction_split_codon	116	116	1	1.0	0.9694057703018188	1	True	True	True
orf_bd5181dbea32ac3ffc7acadb8b6495c2511c8f0774ca13a509e0b0d467d823fe	peptide_943a44d804f94e54bf2d98cb10a55b9c7b86d0d2e468bb94b83b42c794cd9ccf	parent_b_canonical	117	846	730	0.7054794520547946	0.7013580562521333	394	True	True	True
orf_5af8c76581939d846814bf8187cf350de7e0ad71b9309c80d7fe04461710dba3	peptide_943a44d804f94e54bf2d98cb10a55b9c7b86d0d2e468bb94b83b42c794cd9ccf	parent_a_canonical	1	115	115	1.0	0.9812223196029664	115	True	True	True
orf_5af8c76581939d846814bf8187cf350de7e0ad71b9309c80d7fe04461710dba3	peptide_943a44d804f94e54bf2d98cb10a55b9c7b86d0d2e468bb94b83b42c794cd9ccf	junction_split_codon	116	116	1	1.0	0.9694057703018188	1	True	True	True
orf_5af8c76581939d846814bf8187cf350de7e0ad71b9309c80d7fe04461710dba3	peptide_943a44d804f94e54bf2d98cb10a55b9c7b86d0d2e468bb94b83b42c794cd9ccf	parent_b_canonical	117	846	730	0.7054794520547946	0.7013580562521333	394	True	True	True
orf_e51ad483566291b1d3807e12cd3cb5fa2db9e6f4b314df6208bd885563031334	peptide_2fd568c243ae5fc146a0c3231fbaef7e40cf01dbf9a2cc5cea6ca2f10c9a8f54	parent_a_canonical	1	115	115	1.0	0.9466512452001157	115	True	True	True
orf_e51ad483566291b1d3807e12cd3cb5fa2db9e6f4b314df6208bd885563031334	peptide_2fd568c243ae5fc146a0c3231fbaef7e40cf01dbf9a2cc5cea6ca2f10c9a8f54	junction_split_codon	116	116	1	1.0	0.9221584796905518	1	True	True	True
orf_e51ad483566291b1d3807e12cd3cb5fa2db9e6f4b314df6208bd885563031334	peptide_2fd568c243ae5fc146a0c3231fbaef7e40cf01dbf9a2cc5cea6ca2f10c9a8f54	parent_b_canonical	117	399	283	1.0	0.9037789034759198	283	True	True	True
orf_17cf01ec5656b9d9b105297986ff4ed3a764f6085e9a4b2609c1b7e45a29b919	peptide_3fe112080cd703f5864a72a00c8693231209bfbbe44887998c4bb81b1ea3b440	parent_a_canonical	1	115	115	1.0	0.9350677168887594	115	True	True	True
orf_17cf01ec5656b9d9b105297986ff4ed3a764f6085e9a4b2609c1b7e45a29b919	peptide_3fe112080cd703f5864a72a00c8693231209bfbbe44887998c4bb81b1ea3b440	junction_split_codon	116	116	1	1.0	0.8937846422195435	1	True	True	True
orf_17cf01ec5656b9d9b105297986ff4ed3a764f6085e9a4b2609c1b7e45a29b919	peptide_3fe112080cd703f5864a72a00c8693231209bfbbe44887998c4bb81b1ea3b440	parent_b_canonical	117	144	28	1.0	0.9208229056426457	28	True	True	True
orf_14ed18f0bc312cf9733f51bac092043a80a3501df64698f45afe39ff5c22b1a0	peptide_943a44d804f94e54bf2d98cb10a55b9c7b86d0d2e468bb94b83b42c794cd9ccf	parent_a_canonical	1	115	115	1.0	0.9812223196029664	115	True	True	True
orf_14ed18f0bc312cf9733f51bac092043a80a3501df64698f45afe39ff5c22b1a0	peptide_943a44d804f94e54bf2d98cb10a55b9c7b86d0d2e468bb94b83b42c794cd9ccf	junction_split_codon	116	116	1	1.0	0.9694057703018188	1	True	True	True
orf_14ed18f0bc312cf9733f51bac092043a80a3501df64698f45afe39ff5c22b1a0	peptide_943a44d804f94e54bf2d98cb10a55b9c7b86d0d2e468bb94b83b42c794cd9ccf	parent_b_canonical	117	846	730	0.7054794520547946	0.7013580562521333	394	True	True	True
orf_63fd81124e3d6f38257763277626122e4f26e92d34035402f4126db8a60ca16e	peptide_4d1e29a48689d0211f48794e07c63a0323e19504cc539691619c0ba0dc364723	parent_a_canonical	1	258	258	0.09302325581395349	0.20141638936691506	20	False	False	False
orf_63fd81124e3d6f38257763277626122e4f26e92d34035402f4126db8a60ca16e	peptide_4d1e29a48689d0211f48794e07c63a0323e19504cc539691619c0ba0dc364723	parent_b_canonical	259	288	30	0.0	0.12828152080376942	0	False	False	False
orf_e1cf9f35b357b4e8c98f07ff4bbae1816b8e3d2c81910e15759509319c497688	peptide_4d1e29a48689d0211f48794e07c63a0323e19504cc539691619c0ba0dc364723	parent_a_canonical	1	258	258	0.09302325581395349	0.20141638936691506	20	False	False	False
orf_e1cf9f35b357b4e8c98f07ff4bbae1816b8e3d2c81910e15759509319c497688	peptide_4d1e29a48689d0211f48794e07c63a0323e19504cc539691619c0ba0dc364723	parent_b_unannotated_CDS	259	288	30	0.0	0.12828152080376942	0	False	False	False
orf_5d6f10b20b434556b4a7f5c25d61df3d87a2242637ba8e7298ceb9f1c1c4e96f	peptide_4d1e29a48689d0211f48794e07c63a0323e19504cc539691619c0ba0dc364723	parent_a_canonical	1	258	258	0.09302325581395349	0.20141638936691506	20	False	False	False
orf_5d6f10b20b434556b4a7f5c25d61df3d87a2242637ba8e7298ceb9f1c1c4e96f	peptide_4d1e29a48689d0211f48794e07c63a0323e19504cc539691619c0ba0dc364723	parent_b_canonical	259	288	30	0.0	0.12828152080376942	0	False	False	False
orf_eb5515e16adad0afdcefafaf39ec44c9cd6573b44543550825fda7cb4ae2fcb3	peptide_4d1e29a48689d0211f48794e07c63a0323e19504cc539691619c0ba0dc364723	parent_a_canonical	1	258	258	0.09302325581395349	0.20141638936691506	20	False	False	False
orf_eb5515e16adad0afdcefafaf39ec44c9cd6573b44543550825fda7cb4ae2fcb3	peptide_4d1e29a48689d0211f48794e07c63a0323e19504cc539691619c0ba0dc364723	parent_b_canonical	259	288	30	0.0	0.12828152080376942	0	False	False	False
orf_76b9876d7b802ae5ca8a3f523917d30154e862c300071679a575ae2479fb7615	peptide_4d1e29a48689d0211f48794e07c63a0323e19504cc539691619c0ba0dc364723	parent_a_canonical	1	258	258	0.09302325581395349	0.20141638936691506	20	False	False	False
orf_76b9876d7b802ae5ca8a3f523917d30154e862c300071679a575ae2479fb7615	peptide_4d1e29a48689d0211f48794e07c63a0323e19504cc539691619c0ba0dc364723	parent_b_unannotated_CDS	259	288	30	0.0	0.12828152080376942	0	False	False	False
orf_44f840a1bc045fa317d217ab542c03f373d11a41ae798aa6f4b799777b8b42b2	peptide_4d1e29a48689d0211f48794e07c63a0323e19504cc539691619c0ba0dc364723	parent_a_canonical	1	258	258	0.09302325581395349	0.20141638936691506	20	False	False	False
orf_44f840a1bc045fa317d217ab542c03f373d11a41ae798aa6f4b799777b8b42b2	peptide_4d1e29a48689d0211f48794e07c63a0323e19504cc539691619c0ba0dc364723	parent_b_canonical	259	288	30	0.0	0.12828152080376942	0	False	False	False
orf_062c8536836df20af219cb8b5e9acf70930c7fede1cc8ccaf2f4fbd38948fa79	peptide_2f48fe9d24692c4c2f3fdc9e40a42a86d295d828cc45bb4e18a09e986843283f	parent_a_canonical	1	255	255	0.14901960784313725	0.25382336483282203	28	False	False	False
orf_062c8536836df20af219cb8b5e9acf70930c7fede1cc8ccaf2f4fbd38948fa79	peptide_2f48fe9d24692c4c2f3fdc9e40a42a86d295d828cc45bb4e18a09e986843283f	parent_b_canonical	256	285	30	0.0	0.08946870068709055	0	False	False	False
orf_ddacbb913b3a9b1ee133a4eb6a0e9a5069a88f81749b8729e76529c52716ae03	peptide_2f48fe9d24692c4c2f3fdc9e40a42a86d295d828cc45bb4e18a09e986843283f	parent_a_canonical	1	255	255	0.14901960784313725	0.25382336483282203	28	False	False	False
orf_ddacbb913b3a9b1ee133a4eb6a0e9a5069a88f81749b8729e76529c52716ae03	peptide_2f48fe9d24692c4c2f3fdc9e40a42a86d295d828cc45bb4e18a09e986843283f	parent_b_unannotated_CDS	256	285	30	0.0	0.08946870068709055	0	False	False	False
orf_0b645b4aad7f79cdb4016da11c5075b2412bb393340c20535004714a3cda35cb	peptide_2f48fe9d24692c4c2f3fdc9e40a42a86d295d828cc45bb4e18a09e986843283f	parent_a_canonical	1	255	255	0.14901960784313725	0.25382336483282203	28	False	False	False
orf_0b645b4aad7f79cdb4016da11c5075b2412bb393340c20535004714a3cda35cb	peptide_2f48fe9d24692c4c2f3fdc9e40a42a86d295d828cc45bb4e18a09e986843283f	parent_b_canonical	256	285	30	0.0	0.08946870068709055	0	False	False	False
orf_411b7f70372cdbd78d806761dcdd30f147f33c277bf61a1f9ed93b33d0e13b2c	peptide_4d1e29a48689d0211f48794e07c63a0323e19504cc539691619c0ba0dc364723	parent_a_canonical	1	258	258	0.09302325581395349	0.20141638936691506	20	False	False	False
orf_411b7f70372cdbd78d806761dcdd30f147f33c277bf61a1f9ed93b33d0e13b2c	peptide_4d1e29a48689d0211f48794e07c63a0323e19504cc539691619c0ba0dc364723	parent_b_canonical	259	288	30	0.0	0.12828152080376942	0	False	False	False
orf_1c893bb65d6ea6ed202e8367c9ca402813fdea7dfdeacecf156f35d094a86fab	peptide_4d1e29a48689d0211f48794e07c63a0323e19504cc539691619c0ba0dc364723	parent_a_canonical	1	258	258	0.09302325581395349	0.20141638936691506	20	False	False	False
orf_1c893bb65d6ea6ed202e8367c9ca402813fdea7dfdeacecf156f35d094a86fab	peptide_4d1e29a48689d0211f48794e07c63a0323e19504cc539691619c0ba0dc364723	parent_b_unannotated_CDS	259	288	30	0.0	0.12828152080376942	0	False	False	False
orf_1b1661ae989e9d5a1693fceaeeebbaff694729f9b5df6ed1f892d0ca18803a2c	peptide_4d1e29a48689d0211f48794e07c63a0323e19504cc539691619c0ba0dc364723	parent_a_canonical	1	258	258	0.09302325581395349	0.20141638936691506	20	False	False	False
orf_1b1661ae989e9d5a1693fceaeeebbaff694729f9b5df6ed1f892d0ca18803a2c	peptide_4d1e29a48689d0211f48794e07c63a0323e19504cc539691619c0ba0dc364723	parent_b_canonical	259	288	30	0.0	0.12828152080376942	0	False	False	False
orf_7a24b59507deaf1c5e3402ee891afab31ce21fb789451c2c8b8b0b9910c33df6	peptide_6ae36d8a89ac3ac04b43b02983f3cb8994037ee6cadc0be1d50523eaca3430e4	parent_a_canonical	1	143	143	0.006993006993006993	0.10753071089307745	1	False	False	False
orf_7a24b59507deaf1c5e3402ee891afab31ce21fb789451c2c8b8b0b9910c33df6	peptide_6ae36d8a89ac3ac04b43b02983f3cb8994037ee6cadc0be1d50523eaca3430e4	junction_split_codon	144	144	1	0.0	0.15347905457019806	0	False	False	False
orf_7a24b59507deaf1c5e3402ee891afab31ce21fb789451c2c8b8b0b9910c33df6	peptide_6ae36d8a89ac3ac04b43b02983f3cb8994037ee6cadc0be1d50523eaca3430e4	parent_b_out_of_frame	145	212	68	0.6323529411764706	0.5631436061333207	43	True	True	True
orf_3d658316382ec287954d12996f053abb761291397b714fa8181a28ac27eb9cd9	peptide_941a6aaa0baa0c154a997e323bb1854d5a7c68dff56aa42048153300cd054f46	parent_a_canonical	1	143	143	0.027972027972027972	0.11029582215355827	4	False	False	False
orf_3d658316382ec287954d12996f053abb761291397b714fa8181a28ac27eb9cd9	peptide_941a6aaa0baa0c154a997e323bb1854d5a7c68dff56aa42048153300cd054f46	junction_split_codon	144	144	1	0.0	0.239754319190979	0	False	False	False
orf_3d658316382ec287954d12996f053abb761291397b714fa8181a28ac27eb9cd9	peptide_941a6aaa0baa0c154a997e323bb1854d5a7c68dff56aa42048153300cd054f46	parent_b_canonical	145	619	475	0.11157894736842106	0.18842559638776277	53	False	False	False
orf_d4c9b90539260aea4a9de931f9ea685b6aef2eaa5f744277f610954995f73573	peptide_6fb675ee937bd6012483d68e055c6066fe96784a8fb6fbac7c2a40238065d2e1	parent_a_canonical	1	143	143	0.0	0.09441994609949472	0	False	False	False
orf_d4c9b90539260aea4a9de931f9ea685b6aef2eaa5f744277f610954995f73573	peptide_6fb675ee937bd6012483d68e055c6066fe96784a8fb6fbac7c2a40238065d2e1	junction_split_codon	144	144	1	0.0	0.18335184454917908	0	False	False	False
orf_d4c9b90539260aea4a9de931f9ea685b6aef2eaa5f744277f610954995f73573	peptide_6fb675ee937bd6012483d68e055c6066fe96784a8fb6fbac7c2a40238065d2e1	parent_b_out_of_frame	145	236	92	0.8478260869565217	0.7738645194989183	78	True	True	True
orf_593cc807a3709c11bc18eb04f6c8764749063c47ddfd803537b6c6681ee47365	peptide_a770a3d08a3c20be0ee4337c7f52e7cc1544867922827d0624e6380bf3fea14c	parent_a_canonical	1	143	143	0.0	0.08693371702741076	0	False	False	False
orf_593cc807a3709c11bc18eb04f6c8764749063c47ddfd803537b6c6681ee47365	peptide_a770a3d08a3c20be0ee4337c7f52e7cc1544867922827d0624e6380bf3fea14c	junction_split_codon	144	144	1	0.0	0.13396403193473816	0	False	False	False
orf_593cc807a3709c11bc18eb04f6c8764749063c47ddfd803537b6c6681ee47365	peptide_a770a3d08a3c20be0ee4337c7f52e7cc1544867922827d0624e6380bf3fea14c	parent_b_unannotated_CDS	145	189	45	0.6888888888888889	0.6199396603637272	31	True	True	True
orf_c1a409e9ff260da266278a56d5d955912e6d037910d08a1ed9a683956ec83adb	peptide_6ae36d8a89ac3ac04b43b02983f3cb8994037ee6cadc0be1d50523eaca3430e4	parent_a_canonical	1	143	143	0.006993006993006993	0.10753071089307745	1	False	False	False
orf_c1a409e9ff260da266278a56d5d955912e6d037910d08a1ed9a683956ec83adb	peptide_6ae36d8a89ac3ac04b43b02983f3cb8994037ee6cadc0be1d50523eaca3430e4	junction_split_codon	144	144	1	0.0	0.15347905457019806	0	False	False	False
orf_c1a409e9ff260da266278a56d5d955912e6d037910d08a1ed9a683956ec83adb	peptide_6ae36d8a89ac3ac04b43b02983f3cb8994037ee6cadc0be1d50523eaca3430e4	parent_b_out_of_frame	145	212	68	0.6323529411764706	0.5631436061333207	43	True	True	True
orf_516be9a4bf8a7f475b2becc2bd1c0fa662efe2c33e75f2aba1e150b11ed138d4	peptide_941a6aaa0baa0c154a997e323bb1854d5a7c68dff56aa42048153300cd054f46	parent_a_canonical	1	143	143	0.027972027972027972	0.11029582215355827	4	False	False	False
orf_516be9a4bf8a7f475b2becc2bd1c0fa662efe2c33e75f2aba1e150b11ed138d4	peptide_941a6aaa0baa0c154a997e323bb1854d5a7c68dff56aa42048153300cd054f46	junction_split_codon	144	144	1	0.0	0.239754319190979	0	False	False	False
orf_516be9a4bf8a7f475b2becc2bd1c0fa662efe2c33e75f2aba1e150b11ed138d4	peptide_941a6aaa0baa0c154a997e323bb1854d5a7c68dff56aa42048153300cd054f46	parent_b_canonical	145	619	475	0.11157894736842106	0.18842559638776277	53	False	False	False
orf_700bdc1d1a0186fbbc4fb001060769a8c4dde1f78857527aec9e3f8cc53368d4	peptide_6fb675ee937bd6012483d68e055c6066fe96784a8fb6fbac7c2a40238065d2e1	parent_a_canonical	1	143	143	0.0	0.09441994609949472	0	False	False	False
orf_700bdc1d1a0186fbbc4fb001060769a8c4dde1f78857527aec9e3f8cc53368d4	peptide_6fb675ee937bd6012483d68e055c6066fe96784a8fb6fbac7c2a40238065d2e1	junction_split_codon	144	144	1	0.0	0.18335184454917908	0	False	False	False
orf_700bdc1d1a0186fbbc4fb001060769a8c4dde1f78857527aec9e3f8cc53368d4	peptide_6fb675ee937bd6012483d68e055c6066fe96784a8fb6fbac7c2a40238065d2e1	parent_b_out_of_frame	145	236	92	0.8478260869565217	0.7738645194989183	78	True	True	True
orf_927b6453276ef280dee2d2b198f143ff3887fabb01760909c7a59020b8f043ce	peptide_a770a3d08a3c20be0ee4337c7f52e7cc1544867922827d0624e6380bf3fea14c	parent_a_canonical	1	143	143	0.0	0.08693371702741076	0	False	False	False
orf_927b6453276ef280dee2d2b198f143ff3887fabb01760909c7a59020b8f043ce	peptide_a770a3d08a3c20be0ee4337c7f52e7cc1544867922827d0624e6380bf3fea14c	junction_split_codon	144	144	1	0.0	0.13396403193473816	0	False	False	False
orf_927b6453276ef280dee2d2b198f143ff3887fabb01760909c7a59020b8f043ce	peptide_a770a3d08a3c20be0ee4337c7f52e7cc1544867922827d0624e6380bf3fea14c	parent_b_unannotated_CDS	145	189	45	0.6888888888888889	0.6199396603637272	31	True	True	True
orf_582732d36f26eedec7223580218f9241d9b573b4466f8185e258facd7e888a5c	peptide_279701eeae3508894ecda791240e0f757558d2bafab5b71e12e4d38b4e71b14b	parent_a_canonical	1	43	43	0.18604651162790697	0.24922805955243665	8	False	False	False
orf_582732d36f26eedec7223580218f9241d9b573b4466f8185e258facd7e888a5c	peptide_279701eeae3508894ecda791240e0f757558d2bafab5b71e12e4d38b4e71b14b	junction_split_codon	44	44	1	0.0	0.19184273481369019	0	False	False	False
orf_582732d36f26eedec7223580218f9241d9b573b4466f8185e258facd7e888a5c	peptide_279701eeae3508894ecda791240e0f757558d2bafab5b71e12e4d38b4e71b14b	parent_b_out_of_frame	45	112	68	0.5441176470588235	0.47640109325156493	37	True	True	False
orf_13fa9de098446cd0b1da5bdaa90464b59b27ad42ab8034bf8a2d4ca9db827ff9	peptide_031f87d03d93806fb6598bc5acfc051372dffe27f323210698bb511e6bbec75f	parent_a_canonical	1	43	43	1.0	0.6594462852145351	43	True	True	True
orf_13fa9de098446cd0b1da5bdaa90464b59b27ad42ab8034bf8a2d4ca9db827ff9	peptide_031f87d03d93806fb6598bc5acfc051372dffe27f323210698bb511e6bbec75f	junction_split_codon	44	44	1	1.0	0.7111755013465881	1	True	True	True
orf_13fa9de098446cd0b1da5bdaa90464b59b27ad42ab8034bf8a2d4ca9db827ff9	peptide_031f87d03d93806fb6598bc5acfc051372dffe27f323210698bb511e6bbec75f	parent_b_canonical	45	519	475	0.13263157894736843	0.2047510702359049	63	False	False	False
orf_fee0e726e214769ee7c18d396f5396a91d7c87a209b716e6953348f79c507f0f	peptide_39c80d227d1b6b4e946adce4be85cef588e0b03a059216ffe8e45cd70776a3f8	parent_a_canonical	1	43	43	0.20930232558139536	0.35964312179144037	9	False	False	False
orf_fee0e726e214769ee7c18d396f5396a91d7c87a209b716e6953348f79c507f0f	peptide_39c80d227d1b6b4e946adce4be85cef588e0b03a059216ffe8e45cd70776a3f8	junction_split_codon	44	44	1	0.0	0.3689590394496918	0	False	False	False
orf_fee0e726e214769ee7c18d396f5396a91d7c87a209b716e6953348f79c507f0f	peptide_39c80d227d1b6b4e946adce4be85cef588e0b03a059216ffe8e45cd70776a3f8	parent_b_out_of_frame	45	136	92	0.9456521739130435	0.7917513079617334	87	True	True	True
orf_d083151a70f05b6994d4012ac7b21b4e2ef6a89f1c86fa88ba64c99b2e17c57b	peptide_4b2f98c509cb29c5b53a91dc288beb0f4663e51e40260899718df2cb4b118fbb	parent_a_canonical	1	43	43	0.20930232558139536	0.3201148742160132	9	False	False	False
orf_d083151a70f05b6994d4012ac7b21b4e2ef6a89f1c86fa88ba64c99b2e17c57b	peptide_4b2f98c509cb29c5b53a91dc288beb0f4663e51e40260899718df2cb4b118fbb	junction_split_codon	44	44	1	0.0	0.27377238869667053	0	False	False	False
orf_d083151a70f05b6994d4012ac7b21b4e2ef6a89f1c86fa88ba64c99b2e17c57b	peptide_4b2f98c509cb29c5b53a91dc288beb0f4663e51e40260899718df2cb4b118fbb	parent_b_unannotated_CDS	45	89	45	0.7777777777777778	0.6375874082247416	35	True	True	True
orf_27ba0e253160652e6df41bc113a17e84575ba99d2c0e9620b32b4bd4b963bad5	peptide_06a47ea8fb14decf2e1f83ce3d7b3bc9900a29ed89cc722332a43a369472b176	parent_a_canonical	1	281	281	0.08185053380782918	0.18285189139461178	23	False	False	False
orf_27ba0e253160652e6df41bc113a17e84575ba99d2c0e9620b32b4bd4b963bad5	peptide_06a47ea8fb14decf2e1f83ce3d7b3bc9900a29ed89cc722332a43a369472b176	junction_split_codon	282	282	1	0.0	0.05626031756401062	0	False	False	False
orf_27ba0e253160652e6df41bc113a17e84575ba99d2c0e9620b32b4bd4b963bad5	peptide_06a47ea8fb14decf2e1f83ce3d7b3bc9900a29ed89cc722332a43a369472b176	parent_b_canonical	283	357	75	0.0	0.049694397648175556	0	False	False	False
orf_615a3cbea9c444fa85b9d849ac9bdcbaee1bca9303912125cb99333f2ec6979c	peptide_433070179775f2a51f11608ee7cdba082ebe9d602b558890f9ff511c537698ac	parent_a_canonical	1	323	323	0.2043343653250774	0.3027657320717171	66	False	False	False
orf_615a3cbea9c444fa85b9d849ac9bdcbaee1bca9303912125cb99333f2ec6979c	peptide_433070179775f2a51f11608ee7cdba082ebe9d602b558890f9ff511c537698ac	junction_split_codon	324	324	1	0.0	0.06376853585243225	0	False	False	False
orf_615a3cbea9c444fa85b9d849ac9bdcbaee1bca9303912125cb99333f2ec6979c	peptide_433070179775f2a51f11608ee7cdba082ebe9d602b558890f9ff511c537698ac	parent_b_canonical	325	399	75	0.0	0.06008917550245921	0	False	False	False
orf_d997340860df1fa0c8d4076ccb52c6a4c7da56b0cc31061feb4c5931b73b5c46	peptide_2f5ccec75975e3c6f577920bce8d2353c43c2083ced5a445cd4306874aa49f96	parent_a_canonical	1	41	41	0.0	0.2057198049818597	0	False	False	False
orf_d997340860df1fa0c8d4076ccb52c6a4c7da56b0cc31061feb4c5931b73b5c46	peptide_2f5ccec75975e3c6f577920bce8d2353c43c2083ced5a445cd4306874aa49f96	junction_split_codon	42	42	1	0.0	0.21798790991306305	0	False	False	False
orf_d997340860df1fa0c8d4076ccb52c6a4c7da56b0cc31061feb4c5931b73b5c46	peptide_2f5ccec75975e3c6f577920bce8d2353c43c2083ced5a445cd4306874aa49f96	parent_b_out_of_frame	43	44	2	0.0	0.1545698568224907	0	False	False	False
orf_58ea285c7263c342287ea61733b0777f81c58bf5d796df1cb5072b636e8b65d5	peptide_2f5ccec75975e3c6f577920bce8d2353c43c2083ced5a445cd4306874aa49f96	parent_a_canonical	1	41	41	0.0	0.2057198049818597	0	False	False	False
orf_58ea285c7263c342287ea61733b0777f81c58bf5d796df1cb5072b636e8b65d5	peptide_2f5ccec75975e3c6f577920bce8d2353c43c2083ced5a445cd4306874aa49f96	junction_split_codon	42	42	1	0.0	0.21798790991306305	0	False	False	False
orf_58ea285c7263c342287ea61733b0777f81c58bf5d796df1cb5072b636e8b65d5	peptide_2f5ccec75975e3c6f577920bce8d2353c43c2083ced5a445cd4306874aa49f96	parent_b_out_of_frame	43	44	2	0.0	0.1545698568224907	0	False	False	False
orf_fd69839cf533d356c5cb9ec26a0d09010aeaa70db6c934cab581f8d9d973d916	peptide_2f5ccec75975e3c6f577920bce8d2353c43c2083ced5a445cd4306874aa49f96	parent_a_canonical	1	41	41	0.0	0.2057198049818597	0	False	False	False
orf_fd69839cf533d356c5cb9ec26a0d09010aeaa70db6c934cab581f8d9d973d916	peptide_2f5ccec75975e3c6f577920bce8d2353c43c2083ced5a445cd4306874aa49f96	junction_split_codon	42	42	1	0.0	0.21798790991306305	0	False	False	False
orf_fd69839cf533d356c5cb9ec26a0d09010aeaa70db6c934cab581f8d9d973d916	peptide_2f5ccec75975e3c6f577920bce8d2353c43c2083ced5a445cd4306874aa49f96	parent_b_out_of_frame	43	44	2	0.0	0.1545698568224907	0	False	False	False
orf_51b51404182da8b2f20b1f2c3ca9a838d6a0beef75a1b9278e69212b38d8dddd	peptide_70b1ed4ba81a68375cfb42e68d1af3b9cf1105b34faaa49a883b93a8bfa81b6c	parent_a_canonical	1	35	35	0.0	0.1081125842673438	0	False	False	False
orf_51b51404182da8b2f20b1f2c3ca9a838d6a0beef75a1b9278e69212b38d8dddd	peptide_70b1ed4ba81a68375cfb42e68d1af3b9cf1105b34faaa49a883b93a8bfa81b6c	junction_split_codon	36	36	1	0.0	0.11772963404655457	0	False	False	False
orf_51b51404182da8b2f20b1f2c3ca9a838d6a0beef75a1b9278e69212b38d8dddd	peptide_70b1ed4ba81a68375cfb42e68d1af3b9cf1105b34faaa49a883b93a8bfa81b6c	parent_b_canonical	37	154	118	0.07627118644067797	0.17339337263572013	9	False	False	False
orf_a569e9d3bd25cdb8642b8ae5f6e5bcb6af4dee35612a5eddff03aaf27fd947e1	peptide_19394e5c359c5a82b8cb1bd0ed1fa1b68fb38f6139c5c1acdf5b19900a03299a	parent_a_canonical	1	35	35	0.0	0.1474271889243807	0	False	False	False
orf_a569e9d3bd25cdb8642b8ae5f6e5bcb6af4dee35612a5eddff03aaf27fd947e1	peptide_19394e5c359c5a82b8cb1bd0ed1fa1b68fb38f6139c5c1acdf5b19900a03299a	junction_split_codon	36	36	1	0.0	0.16932116448879242	0	False	False	False
orf_a569e9d3bd25cdb8642b8ae5f6e5bcb6af4dee35612a5eddff03aaf27fd947e1	peptide_19394e5c359c5a82b8cb1bd0ed1fa1b68fb38f6139c5c1acdf5b19900a03299a	parent_b_unannotated_CDS	37	112	76	0.0	0.20573951343172475	0	False	False	False
orf_5f384acce3ab13cc4e399c7e7488f5c6ff675d755fa3badc3669dcde5de72bef	peptide_70b1ed4ba81a68375cfb42e68d1af3b9cf1105b34faaa49a883b93a8bfa81b6c	parent_a_canonical	1	35	35	0.0	0.1081125842673438	0	False	False	False
orf_5f384acce3ab13cc4e399c7e7488f5c6ff675d755fa3badc3669dcde5de72bef	peptide_70b1ed4ba81a68375cfb42e68d1af3b9cf1105b34faaa49a883b93a8bfa81b6c	junction_split_codon	36	36	1	0.0	0.11772963404655457	0	False	False	False
orf_5f384acce3ab13cc4e399c7e7488f5c6ff675d755fa3badc3669dcde5de72bef	peptide_70b1ed4ba81a68375cfb42e68d1af3b9cf1105b34faaa49a883b93a8bfa81b6c	parent_b_canonical	37	154	118	0.07627118644067797	0.17339337263572013	9	False	False	False
orf_de247820cd00aa4d4b3e5f268d690dc8beb6d7bbd474ebf72b80d1ba6d6b6d18	peptide_19394e5c359c5a82b8cb1bd0ed1fa1b68fb38f6139c5c1acdf5b19900a03299a	parent_a_canonical	1	35	35	0.0	0.1474271889243807	0	False	False	False
orf_de247820cd00aa4d4b3e5f268d690dc8beb6d7bbd474ebf72b80d1ba6d6b6d18	peptide_19394e5c359c5a82b8cb1bd0ed1fa1b68fb38f6139c5c1acdf5b19900a03299a	junction_split_codon	36	36	1	0.0	0.16932116448879242	0	False	False	False
orf_de247820cd00aa4d4b3e5f268d690dc8beb6d7bbd474ebf72b80d1ba6d6b6d18	peptide_19394e5c359c5a82b8cb1bd0ed1fa1b68fb38f6139c5c1acdf5b19900a03299a	parent_b_unannotated_CDS	37	112	76	0.0	0.20573951343172475	0	False	False	False
orf_1f6052678f4847299544c3da7c1bc96efe75ce7d56372ac4b2ae9194d60664fc	peptide_1148a09617eba2312e87a99c5e199bf30521982cb6c30cc7354ca5f31aa604ee	parent_a_canonical	1	559	559	0.16279069767441862	0.20818177833220186	38	False	False	False
orf_1f6052678f4847299544c3da7c1bc96efe75ce7d56372ac4b2ae9194d60664fc	peptide_1148a09617eba2312e87a99c5e199bf30521982cb6c30cc7354ca5f31aa604ee	parent_b_canonical	560	786	227	0.0	0.09403187180930822	0	False	False	False
orf_731b2cdf4e63fe7eb75920d4c854a3e186898422f70b51cc4ee585f64f1b1937	peptide_4dbf9f2439301397cc62c56355584e851ad5440d0237c220366059cbd2a7e107	parent_a_canonical	1	70	70	0.014285714285714285	0.15941215114934104	1	False	False	False
orf_731b2cdf4e63fe7eb75920d4c854a3e186898422f70b51cc4ee585f64f1b1937	peptide_4dbf9f2439301397cc62c56355584e851ad5440d0237c220366059cbd2a7e107	junction_split_codon	71	71	1	0.0	0.09738042950630188	0	False	False	False
orf_731b2cdf4e63fe7eb75920d4c854a3e186898422f70b51cc4ee585f64f1b1937	peptide_4dbf9f2439301397cc62c56355584e851ad5440d0237c220366059cbd2a7e107	parent_b_canonical	72	290	219	0.0	0.09529237211022747	0	False	False	False
orf_9e446696b83b20cf02b3d2df623891f726b8fc366a197a4677fb9209ee5a3350	peptide_f7b68fea961e6f0194842633b1fdb2a31f6c14e63114270cc1767153d4d2780d	parent_a_canonical	1	72	72	0.18055555555555555	0.27176310266885495	13	False	False	False
orf_9e446696b83b20cf02b3d2df623891f726b8fc366a197a4677fb9209ee5a3350	peptide_f7b68fea961e6f0194842633b1fdb2a31f6c14e63114270cc1767153d4d2780d	junction_split_codon	73	73	1	0.0	0.139301598072052	0	False	False	False
orf_9e446696b83b20cf02b3d2df623891f726b8fc366a197a4677fb9209ee5a3350	peptide_f7b68fea961e6f0194842633b1fdb2a31f6c14e63114270cc1767153d4d2780d	parent_b_canonical	74	292	219	0.0	0.0967464273514813	0	False	False	False
orf_beffc7f081fdac9d12edb55e2322e917025f1573703ca8d912d4ab246878c199	peptide_f24d6b7fa37dddf47c2a5a41244495275ae838ba9d20379f92b7e8df069983ac	parent_a_canonical	1	147	147	0.1564625850340136	0.20538635562066318	23	False	False	False
orf_beffc7f081fdac9d12edb55e2322e917025f1573703ca8d912d4ab246878c199	peptide_f24d6b7fa37dddf47c2a5a41244495275ae838ba9d20379f92b7e8df069983ac	parent_b_out_of_frame	148	239	92	0.6956521739130435	0.6563724637355494	64	True	True	True
orf_5c1dbf0aff49a471bd00ef26798bb06e17e9f3a96f640913b7987e89544aae74	peptide_f24d6b7fa37dddf47c2a5a41244495275ae838ba9d20379f92b7e8df069983ac	parent_a_canonical	1	147	147	0.1564625850340136	0.20538635562066318	23	False	False	False
orf_5c1dbf0aff49a471bd00ef26798bb06e17e9f3a96f640913b7987e89544aae74	peptide_f24d6b7fa37dddf47c2a5a41244495275ae838ba9d20379f92b7e8df069983ac	parent_b_upstream_of_annotated_CDS	148	162	15	0.0	0.07052779992421468	0	False	False	False
orf_5c1dbf0aff49a471bd00ef26798bb06e17e9f3a96f640913b7987e89544aae74	peptide_f24d6b7fa37dddf47c2a5a41244495275ae838ba9d20379f92b7e8df069983ac	parent_b_out_of_frame	163	239	77	0.8311688311688312	0.7704980475949003	64	True	True	True
orf_3055459db4c5141e066188252e9db726efded8d404940fa92933915c89937a60	peptide_f24d6b7fa37dddf47c2a5a41244495275ae838ba9d20379f92b7e8df069983ac	parent_a_canonical	1	147	147	0.1564625850340136	0.20538635562066318	23	False	False	False
orf_3055459db4c5141e066188252e9db726efded8d404940fa92933915c89937a60	peptide_f24d6b7fa37dddf47c2a5a41244495275ae838ba9d20379f92b7e8df069983ac	parent_b_upstream_of_annotated_CDS	148	162	15	0.0	0.07052779992421468	0	False	False	False
orf_3055459db4c5141e066188252e9db726efded8d404940fa92933915c89937a60	peptide_f24d6b7fa37dddf47c2a5a41244495275ae838ba9d20379f92b7e8df069983ac	parent_b_out_of_frame	163	239	77	0.8311688311688312	0.7704980475949003	64	True	True	True
orf_5874bd2bcac4e1ed47d4c5d20547566f893530ccb25f5d26bd411099188ae40e	peptide_f24d6b7fa37dddf47c2a5a41244495275ae838ba9d20379f92b7e8df069983ac	parent_a_canonical	1	147	147	0.1564625850340136	0.20538635562066318	23	False	False	False
orf_5874bd2bcac4e1ed47d4c5d20547566f893530ccb25f5d26bd411099188ae40e	peptide_f24d6b7fa37dddf47c2a5a41244495275ae838ba9d20379f92b7e8df069983ac	parent_b_out_of_frame	148	239	92	0.6956521739130435	0.6563724637355494	64	True	True	True
orf_9af64288b9fceb00f7c41e8a89de185b55b9e7e932b085c4fc8fb6fceeef1651	peptide_f24d6b7fa37dddf47c2a5a41244495275ae838ba9d20379f92b7e8df069983ac	parent_a_canonical	1	147	147	0.1564625850340136	0.20538635562066318	23	False	False	False
orf_9af64288b9fceb00f7c41e8a89de185b55b9e7e932b085c4fc8fb6fceeef1651	peptide_f24d6b7fa37dddf47c2a5a41244495275ae838ba9d20379f92b7e8df069983ac	parent_b_upstream_of_annotated_CDS	148	162	15	0.0	0.07052779992421468	0	False	False	False
orf_9af64288b9fceb00f7c41e8a89de185b55b9e7e932b085c4fc8fb6fceeef1651	peptide_f24d6b7fa37dddf47c2a5a41244495275ae838ba9d20379f92b7e8df069983ac	parent_b_out_of_frame	163	239	77	0.8311688311688312	0.7704980475949003	64	True	True	True
orf_17a57a385754ae90b24163d84be8ccaef991366f2bcc435a67aeb135eb43a41b	peptide_953ba92bc1f4c477e39df8169492d7ef48e7bbc46569bb4073b795e64edbb4ee	parent_a_canonical	1	147	147	0.16326530612244897	0.21426681677500406	24	False	False	False
orf_17a57a385754ae90b24163d84be8ccaef991366f2bcc435a67aeb135eb43a41b	peptide_953ba92bc1f4c477e39df8169492d7ef48e7bbc46569bb4073b795e64edbb4ee	parent_b_out_of_frame	148	403	256	0.80078125	0.7635535195586272	205	True	True	True
orf_ba4881015a749e4fefe972b1f5b1520594c057ddc248489d62962e260ce3dcdf	peptide_b537f99b45ff96dfbe025055a4ef53a4d336495d89f7355a3e01399abae3638e	parent_a_canonical	1	525	525	0.660952380952381	0.6322889297349112	212	True	True	True
orf_ba4881015a749e4fefe972b1f5b1520594c057ddc248489d62962e260ce3dcdf	peptide_b537f99b45ff96dfbe025055a4ef53a4d336495d89f7355a3e01399abae3638e	parent_b_canonical	526	568	43	0.0	0.1955008191424747	0	False	False	False
orf_561a3e2dd391db3125a7bc1fed3de627cc9321ae7a5d20126425e90c9f4173ce	peptide_94aa7d8429095a2d18c299c1632f8bb7095fbd800ffddb34c2611bcfc8fdeac7	parent_a_canonical	1	62	62	0.0	0.1823239562011534	0	False	False	False
orf_561a3e2dd391db3125a7bc1fed3de627cc9321ae7a5d20126425e90c9f4173ce	peptide_94aa7d8429095a2d18c299c1632f8bb7095fbd800ffddb34c2611bcfc8fdeac7	parent_b_canonical	63	168	106	0.0	0.05950061962851938	0	False	False	False
orf_2c6cee74545416344906a9d2affe268a41fb0995bef02d2b46c9c3bca29055c0	peptide_df44b28c7c8070fa139d1324a6441969ed0e1e1c84e0b535e304ae32a32b021d	parent_a_canonical	1	62	62	0.0	0.19248722181204828	0	False	False	False
orf_2c6cee74545416344906a9d2affe268a41fb0995bef02d2b46c9c3bca29055c0	peptide_df44b28c7c8070fa139d1324a6441969ed0e1e1c84e0b535e304ae32a32b021d	parent_b_unannotated_CDS	63	148	86	0.0	0.050674326371314915	0	False	False	False
orf_73d213201c13198ccdba01f0c49e3fc6eadce3315b35de3ca6f67495996bcb8b	peptide_dcf65a11538f918eae65b31adc4bb6b591a7c882dd13c3d3721b01693cb43f84	parent_a_canonical	1	19	19	1.0	0.8598025848990992	19	True	True	True
orf_73d213201c13198ccdba01f0c49e3fc6eadce3315b35de3ca6f67495996bcb8b	peptide_dcf65a11538f918eae65b31adc4bb6b591a7c882dd13c3d3721b01693cb43f84	junction_split_codon	20	20	1	1.0	0.8811938762664795	1	True	True	True
orf_73d213201c13198ccdba01f0c49e3fc6eadce3315b35de3ca6f67495996bcb8b	peptide_dcf65a11538f918eae65b31adc4bb6b591a7c882dd13c3d3721b01693cb43f84	parent_b_out_of_frame	21	53	33	1.0	0.9545004584572532	33	True	True	True
orf_bf615a622151ab170c5210863047419cb50ae25b370f261be19337888ff4212e	peptide_dcf65a11538f918eae65b31adc4bb6b591a7c882dd13c3d3721b01693cb43f84	parent_a_canonical	1	19	19	1.0	0.8598025848990992	19	True	True	True
orf_bf615a622151ab170c5210863047419cb50ae25b370f261be19337888ff4212e	peptide_dcf65a11538f918eae65b31adc4bb6b591a7c882dd13c3d3721b01693cb43f84	junction_split_codon	20	20	1	1.0	0.8811938762664795	1	True	True	True
orf_bf615a622151ab170c5210863047419cb50ae25b370f261be19337888ff4212e	peptide_dcf65a11538f918eae65b31adc4bb6b591a7c882dd13c3d3721b01693cb43f84	parent_b_canonical	21	53	33	1.0	0.9545004584572532	33	True	True	True
orf_8cde095df6ad2156c31b5e4f74d02938faaf2b7dfb67ac3b59de8a28bcc3b089	peptide_dcf65a11538f918eae65b31adc4bb6b591a7c882dd13c3d3721b01693cb43f84	parent_a_canonical	1	19	19	1.0	0.8598025848990992	19	True	True	True
orf_8cde095df6ad2156c31b5e4f74d02938faaf2b7dfb67ac3b59de8a28bcc3b089	peptide_dcf65a11538f918eae65b31adc4bb6b591a7c882dd13c3d3721b01693cb43f84	junction_split_codon	20	20	1	1.0	0.8811938762664795	1	True	True	True
orf_8cde095df6ad2156c31b5e4f74d02938faaf2b7dfb67ac3b59de8a28bcc3b089	peptide_dcf65a11538f918eae65b31adc4bb6b591a7c882dd13c3d3721b01693cb43f84	parent_b_unannotated_CDS	21	53	33	1.0	0.9545004584572532	33	True	True	True
orf_85fed8d5301daf3e0dd7e3aa381e0b4f33b0bc41712f00bfcd6f8c9b06e99392	peptide_dcf65a11538f918eae65b31adc4bb6b591a7c882dd13c3d3721b01693cb43f84	parent_a_canonical	1	19	19	1.0	0.8598025848990992	19	True	True	True
orf_85fed8d5301daf3e0dd7e3aa381e0b4f33b0bc41712f00bfcd6f8c9b06e99392	peptide_dcf65a11538f918eae65b31adc4bb6b591a7c882dd13c3d3721b01693cb43f84	junction_split_codon	20	20	1	1.0	0.8811938762664795	1	True	True	True
orf_85fed8d5301daf3e0dd7e3aa381e0b4f33b0bc41712f00bfcd6f8c9b06e99392	peptide_dcf65a11538f918eae65b31adc4bb6b591a7c882dd13c3d3721b01693cb43f84	parent_b_unannotated_CDS	21	53	33	1.0	0.9545004584572532	33	True	True	True
orf_67fe97b6335176670b7318059f9a282187a975da99257279cde1afae1de06503	peptide_dcf65a11538f918eae65b31adc4bb6b591a7c882dd13c3d3721b01693cb43f84	parent_a_canonical	1	19	19	1.0	0.8598025848990992	19	True	True	True
orf_67fe97b6335176670b7318059f9a282187a975da99257279cde1afae1de06503	peptide_dcf65a11538f918eae65b31adc4bb6b591a7c882dd13c3d3721b01693cb43f84	junction_split_codon	20	20	1	1.0	0.8811938762664795	1	True	True	True
orf_67fe97b6335176670b7318059f9a282187a975da99257279cde1afae1de06503	peptide_dcf65a11538f918eae65b31adc4bb6b591a7c882dd13c3d3721b01693cb43f84	parent_b_out_of_frame	21	53	33	1.0	0.9545004584572532	33	True	True	True
orf_b598f487349d72cdb4a1482cd17ae7ce7429a51782d2d7af7cad24d338d5634e	peptide_dcf65a11538f918eae65b31adc4bb6b591a7c882dd13c3d3721b01693cb43f84	parent_a_canonical	1	19	19	1.0	0.8598025848990992	19	True	True	True
orf_b598f487349d72cdb4a1482cd17ae7ce7429a51782d2d7af7cad24d338d5634e	peptide_dcf65a11538f918eae65b31adc4bb6b591a7c882dd13c3d3721b01693cb43f84	junction_split_codon	20	20	1	1.0	0.8811938762664795	1	True	True	True
orf_b598f487349d72cdb4a1482cd17ae7ce7429a51782d2d7af7cad24d338d5634e	peptide_dcf65a11538f918eae65b31adc4bb6b591a7c882dd13c3d3721b01693cb43f84	parent_b_canonical	21	53	33	1.0	0.9545004584572532	33	True	True	True
orf_ebea3836e354a1301838ba9cc7e74cf65ed4ff9e2c41c57fba5009b8191440f2	peptide_dcf65a11538f918eae65b31adc4bb6b591a7c882dd13c3d3721b01693cb43f84	parent_a_canonical	1	19	19	1.0	0.8598025848990992	19	True	True	True
orf_ebea3836e354a1301838ba9cc7e74cf65ed4ff9e2c41c57fba5009b8191440f2	peptide_dcf65a11538f918eae65b31adc4bb6b591a7c882dd13c3d3721b01693cb43f84	junction_split_codon	20	20	1	1.0	0.8811938762664795	1	True	True	True
orf_ebea3836e354a1301838ba9cc7e74cf65ed4ff9e2c41c57fba5009b8191440f2	peptide_dcf65a11538f918eae65b31adc4bb6b591a7c882dd13c3d3721b01693cb43f84	parent_b_unannotated_CDS	21	53	33	1.0	0.9545004584572532	33	True	True	True
orf_d37606de73ae1baf6a81c864bce44c67d5f7e420a0493bab02a5217a940ca84c	peptide_dcf65a11538f918eae65b31adc4bb6b591a7c882dd13c3d3721b01693cb43f84	parent_a_canonical	1	19	19	1.0	0.8598025848990992	19	True	True	True
orf_d37606de73ae1baf6a81c864bce44c67d5f7e420a0493bab02a5217a940ca84c	peptide_dcf65a11538f918eae65b31adc4bb6b591a7c882dd13c3d3721b01693cb43f84	junction_split_codon	20	20	1	1.0	0.8811938762664795	1	True	True	True
orf_d37606de73ae1baf6a81c864bce44c67d5f7e420a0493bab02a5217a940ca84c	peptide_dcf65a11538f918eae65b31adc4bb6b591a7c882dd13c3d3721b01693cb43f84	parent_b_unannotated_CDS	21	53	33	1.0	0.9545004584572532	33	True	True	True
orf_7cbb212d1bfb853644e5e3490948cbc00ea44ff7b55e98ba4203c11d57888ed6	peptide_62ff9581d94f4b438a37a895b57e53a37f32598f2937bee77211e2616ff4c39f	parent_a_canonical	1	1344	1344	0.31398809523809523	0.3859589157980822	242	False	False	False
orf_7cbb212d1bfb853644e5e3490948cbc00ea44ff7b55e98ba4203c11d57888ed6	peptide_62ff9581d94f4b438a37a895b57e53a37f32598f2937bee77211e2616ff4c39f	junction_split_codon	1345	1345	1	0.0	0.33548223972320557	0	False	False	False
orf_7cbb212d1bfb853644e5e3490948cbc00ea44ff7b55e98ba4203c11d57888ed6	peptide_62ff9581d94f4b438a37a895b57e53a37f32598f2937bee77211e2616ff4c39f	parent_b_upstream_of_annotated_CDS	1346	1362	17	0.6470588235294118	0.5549172250663533	11	True	True	True
orf_6f7e52b0958e202617510c3b64cda37d97ba9f7025e3548b89ef445ae9d911eb	peptide_62ff9581d94f4b438a37a895b57e53a37f32598f2937bee77211e2616ff4c39f	parent_a_canonical	1	1344	1344	0.31398809523809523	0.3859589157980822	242	False	False	False
orf_6f7e52b0958e202617510c3b64cda37d97ba9f7025e3548b89ef445ae9d911eb	peptide_62ff9581d94f4b438a37a895b57e53a37f32598f2937bee77211e2616ff4c39f	junction_split_codon	1345	1345	1	0.0	0.33548223972320557	0	False	False	False
orf_6f7e52b0958e202617510c3b64cda37d97ba9f7025e3548b89ef445ae9d911eb	peptide_62ff9581d94f4b438a37a895b57e53a37f32598f2937bee77211e2616ff4c39f	parent_b_upstream_of_annotated_CDS	1346	1362	17	0.6470588235294118	0.5549172250663533	11	True	True	True
orf_bffd2aabb86fa9861e43dbca1369acc80d90eba76f2960e591b01f9755ba7aea	peptide_62ff9581d94f4b438a37a895b57e53a37f32598f2937bee77211e2616ff4c39f	parent_a_canonical	1	1344	1344	0.31398809523809523	0.3859589157980822	242	False	False	False
orf_bffd2aabb86fa9861e43dbca1369acc80d90eba76f2960e591b01f9755ba7aea	peptide_62ff9581d94f4b438a37a895b57e53a37f32598f2937bee77211e2616ff4c39f	junction_split_codon	1345	1345	1	0.0	0.33548223972320557	0	False	False	False
orf_bffd2aabb86fa9861e43dbca1369acc80d90eba76f2960e591b01f9755ba7aea	peptide_62ff9581d94f4b438a37a895b57e53a37f32598f2937bee77211e2616ff4c39f	parent_b_upstream_of_annotated_CDS	1346	1362	17	0.6470588235294118	0.5549172250663533	11	True	True	True
orf_6823ccd2ed292fbb3781067d20d963e917209c306f2061fccf595e2f44718da2	peptide_684ae47e8b38547516ae9fae92459e8f41b885d9330c57b50f31ae7e197157bc	parent_a_canonical	1	1343	1343	0.31422189128816086	0.3859245904838515	241	False	False	False
orf_6823ccd2ed292fbb3781067d20d963e917209c306f2061fccf595e2f44718da2	peptide_684ae47e8b38547516ae9fae92459e8f41b885d9330c57b50f31ae7e197157bc	junction_split_codon	1344	1344	1	0.0	0.33536770939826965	0	False	False	False
orf_6823ccd2ed292fbb3781067d20d963e917209c306f2061fccf595e2f44718da2	peptide_684ae47e8b38547516ae9fae92459e8f41b885d9330c57b50f31ae7e197157bc	parent_b_upstream_of_annotated_CDS	1345	1361	17	0.6470588235294118	0.5546739995479584	11	True	True	True
orf_3ac3a4703a1c5efdad464fdd93ed07f9d4b522a63619aba8e35fb0007a0b818a	peptide_684ae47e8b38547516ae9fae92459e8f41b885d9330c57b50f31ae7e197157bc	parent_a_canonical	1	1343	1343	0.31422189128816086	0.3859245904838515	241	False	False	False
orf_3ac3a4703a1c5efdad464fdd93ed07f9d4b522a63619aba8e35fb0007a0b818a	peptide_684ae47e8b38547516ae9fae92459e8f41b885d9330c57b50f31ae7e197157bc	junction_split_codon	1344	1344	1	0.0	0.33536770939826965	0	False	False	False
orf_3ac3a4703a1c5efdad464fdd93ed07f9d4b522a63619aba8e35fb0007a0b818a	peptide_684ae47e8b38547516ae9fae92459e8f41b885d9330c57b50f31ae7e197157bc	parent_b_upstream_of_annotated_CDS	1345	1361	17	0.6470588235294118	0.5546739995479584	11	True	True	True
orf_2fc09901f8b3f667a50115712c763dc7c1ed353410c13bff10bab6afeb3ed2ed	peptide_684ae47e8b38547516ae9fae92459e8f41b885d9330c57b50f31ae7e197157bc	parent_a_canonical	1	1343	1343	0.31422189128816086	0.3859245904838515	241	False	False	False
orf_2fc09901f8b3f667a50115712c763dc7c1ed353410c13bff10bab6afeb3ed2ed	peptide_684ae47e8b38547516ae9fae92459e8f41b885d9330c57b50f31ae7e197157bc	junction_split_codon	1344	1344	1	0.0	0.33536770939826965	0	False	False	False
orf_2fc09901f8b3f667a50115712c763dc7c1ed353410c13bff10bab6afeb3ed2ed	peptide_684ae47e8b38547516ae9fae92459e8f41b885d9330c57b50f31ae7e197157bc	parent_b_upstream_of_annotated_CDS	1345	1361	17	0.6470588235294118	0.5546739995479584	11	True	True	True
orf_d3a084851f0400893bca198c70d584d289891cde177d749fa3ea4935a290a3d4	peptide_62ff9581d94f4b438a37a895b57e53a37f32598f2937bee77211e2616ff4c39f	parent_a_canonical	1	1344	1344	0.31398809523809523	0.3859589157980822	242	False	False	False
orf_d3a084851f0400893bca198c70d584d289891cde177d749fa3ea4935a290a3d4	peptide_62ff9581d94f4b438a37a895b57e53a37f32598f2937bee77211e2616ff4c39f	junction_split_codon	1345	1345	1	0.0	0.33548223972320557	0	False	False	False
orf_d3a084851f0400893bca198c70d584d289891cde177d749fa3ea4935a290a3d4	peptide_62ff9581d94f4b438a37a895b57e53a37f32598f2937bee77211e2616ff4c39f	parent_b_upstream_of_annotated_CDS	1346	1362	17	0.6470588235294118	0.5549172250663533	11	True	True	True
orf_d51cebf0fb32b6ed8b5d37da0fbdfc0af76e0b0691fc96d02271adce11276b27	peptide_62ff9581d94f4b438a37a895b57e53a37f32598f2937bee77211e2616ff4c39f	parent_a_canonical	1	1344	1344	0.31398809523809523	0.3859589157980822	242	False	False	False
orf_d51cebf0fb32b6ed8b5d37da0fbdfc0af76e0b0691fc96d02271adce11276b27	peptide_62ff9581d94f4b438a37a895b57e53a37f32598f2937bee77211e2616ff4c39f	junction_split_codon	1345	1345	1	0.0	0.33548223972320557	0	False	False	False
orf_d51cebf0fb32b6ed8b5d37da0fbdfc0af76e0b0691fc96d02271adce11276b27	peptide_62ff9581d94f4b438a37a895b57e53a37f32598f2937bee77211e2616ff4c39f	parent_b_upstream_of_annotated_CDS	1346	1362	17	0.6470588235294118	0.5549172250663533	11	True	True	True
orf_d47a745f79f2b194d2582c34cb029314bfe764b81b45f217cdf657a508ed9f35	peptide_62ff9581d94f4b438a37a895b57e53a37f32598f2937bee77211e2616ff4c39f	parent_a_canonical	1	1344	1344	0.31398809523809523	0.3859589157980822	242	False	False	False
orf_d47a745f79f2b194d2582c34cb029314bfe764b81b45f217cdf657a508ed9f35	peptide_62ff9581d94f4b438a37a895b57e53a37f32598f2937bee77211e2616ff4c39f	junction_split_codon	1345	1345	1	0.0	0.33548223972320557	0	False	False	False
orf_d47a745f79f2b194d2582c34cb029314bfe764b81b45f217cdf657a508ed9f35	peptide_62ff9581d94f4b438a37a895b57e53a37f32598f2937bee77211e2616ff4c39f	parent_b_upstream_of_annotated_CDS	1346	1362	17	0.6470588235294118	0.5549172250663533	11	True	True	True
orf_6d8440676ddf9eb00500de546f907184c8a43dfd90fc646e427ed7e1359fc44c	peptide_c1948a8a77f5ea08c4d36a01e0245baa0c8132908e8bbe8e9ad8f218c1c8b54f	parent_a_canonical	1	170	170	0.12941176470588237	0.17429172458017575	22	False	False	False
orf_6d8440676ddf9eb00500de546f907184c8a43dfd90fc646e427ed7e1359fc44c	peptide_c1948a8a77f5ea08c4d36a01e0245baa0c8132908e8bbe8e9ad8f218c1c8b54f	junction_split_codon	171	171	1	0.0	0.009999305009841919	0	False	False	False
orf_6d8440676ddf9eb00500de546f907184c8a43dfd90fc646e427ed7e1359fc44c	peptide_c1948a8a77f5ea08c4d36a01e0245baa0c8132908e8bbe8e9ad8f218c1c8b54f	parent_b_canonical	172	408	237	0.046413502109704644	0.06352709566993553	11	False	False	False
orf_10b3547164462a233d07425511df5dd3c195f69a6ceff554cccc4788e08003da	peptide_7df335ea49a94c8f5c9e1f78714ff1b12179161c2dcda1c47dc2059434ec5453	parent_a_canonical	1	170	170	0.14705882352941177	0.18470566798658933	25	False	False	False
orf_10b3547164462a233d07425511df5dd3c195f69a6ceff554cccc4788e08003da	peptide_7df335ea49a94c8f5c9e1f78714ff1b12179161c2dcda1c47dc2059434ec5453	junction_split_codon	171	171	1	0.0	0.01060059666633606	0	False	False	False
orf_10b3547164462a233d07425511df5dd3c195f69a6ceff554cccc4788e08003da	peptide_7df335ea49a94c8f5c9e1f78714ff1b12179161c2dcda1c47dc2059434ec5453	parent_b_canonical	172	408	237	0.046413502109704644	0.0643478943828792	11	False	False	False
orf_bda1dfe1f23cd5c0853c0ef97348f10b9813b033b0161c19d447365d9693f772	peptide_5fd8a3582535ef3ad429d94d60715365c727b6e884f71ce641a7e729a3149cfd	parent_a_canonical	1	111	111	0.5405405405405406	0.5282230114077663	60	True	True	False
orf_bda1dfe1f23cd5c0853c0ef97348f10b9813b033b0161c19d447365d9693f772	peptide_5fd8a3582535ef3ad429d94d60715365c727b6e884f71ce641a7e729a3149cfd	junction_split_codon	112	112	1	0.0	0.08383369445800781	0	False	False	False
orf_bda1dfe1f23cd5c0853c0ef97348f10b9813b033b0161c19d447365d9693f772	peptide_5fd8a3582535ef3ad429d94d60715365c727b6e884f71ce641a7e729a3149cfd	parent_b_canonical	113	253	141	0.45390070921985815	0.4123388039516219	64	False	True	False
orf_4112be6b4ec44d99ddfbc802aed673ddfe2f678ee81bf49c7884fc36a7a54c45	peptide_5fd8a3582535ef3ad429d94d60715365c727b6e884f71ce641a7e729a3149cfd	parent_a_canonical	1	111	111	0.5405405405405406	0.5282230114077663	60	True	True	False
orf_4112be6b4ec44d99ddfbc802aed673ddfe2f678ee81bf49c7884fc36a7a54c45	peptide_5fd8a3582535ef3ad429d94d60715365c727b6e884f71ce641a7e729a3149cfd	junction_split_codon	112	112	1	0.0	0.08383369445800781	0	False	False	False
orf_4112be6b4ec44d99ddfbc802aed673ddfe2f678ee81bf49c7884fc36a7a54c45	peptide_5fd8a3582535ef3ad429d94d60715365c727b6e884f71ce641a7e729a3149cfd	parent_b_unannotated_CDS	113	253	141	0.45390070921985815	0.4123388039516219	64	False	True	False
orf_42af64330008b050a82bca61eec0217df26e6d9f8677d80b48846d2c23e98c2d	peptide_5fd8a3582535ef3ad429d94d60715365c727b6e884f71ce641a7e729a3149cfd	parent_a_canonical	1	111	111	0.5405405405405406	0.5282230114077663	60	True	True	False
orf_42af64330008b050a82bca61eec0217df26e6d9f8677d80b48846d2c23e98c2d	peptide_5fd8a3582535ef3ad429d94d60715365c727b6e884f71ce641a7e729a3149cfd	junction_split_codon	112	112	1	0.0	0.08383369445800781	0	False	False	False
orf_42af64330008b050a82bca61eec0217df26e6d9f8677d80b48846d2c23e98c2d	peptide_5fd8a3582535ef3ad429d94d60715365c727b6e884f71ce641a7e729a3149cfd	parent_b_canonical	113	253	141	0.45390070921985815	0.4123388039516219	64	False	True	False
orf_3a70c42e8329f0fddce1df54e959661e678a53dd356c39c411d30d36ac8a671b	peptide_5fd8a3582535ef3ad429d94d60715365c727b6e884f71ce641a7e729a3149cfd	parent_a_canonical	1	111	111	0.5405405405405406	0.5282230114077663	60	True	True	False
orf_3a70c42e8329f0fddce1df54e959661e678a53dd356c39c411d30d36ac8a671b	peptide_5fd8a3582535ef3ad429d94d60715365c727b6e884f71ce641a7e729a3149cfd	junction_split_codon	112	112	1	0.0	0.08383369445800781	0	False	False	False
orf_3a70c42e8329f0fddce1df54e959661e678a53dd356c39c411d30d36ac8a671b	peptide_5fd8a3582535ef3ad429d94d60715365c727b6e884f71ce641a7e729a3149cfd	parent_b_canonical	113	253	141	0.45390070921985815	0.4123388039516219	64	False	True	False
orf_c19d02b15a696b421a237da0cbed0b4437a80aeefc2d5f0983ccce9723f5acdb	peptide_5fd8a3582535ef3ad429d94d60715365c727b6e884f71ce641a7e729a3149cfd	parent_a_canonical	1	111	111	0.5405405405405406	0.5282230114077663	60	True	True	False
orf_c19d02b15a696b421a237da0cbed0b4437a80aeefc2d5f0983ccce9723f5acdb	peptide_5fd8a3582535ef3ad429d94d60715365c727b6e884f71ce641a7e729a3149cfd	junction_split_codon	112	112	1	0.0	0.08383369445800781	0	False	False	False
orf_c19d02b15a696b421a237da0cbed0b4437a80aeefc2d5f0983ccce9723f5acdb	peptide_5fd8a3582535ef3ad429d94d60715365c727b6e884f71ce641a7e729a3149cfd	parent_b_unannotated_CDS	113	253	141	0.45390070921985815	0.4123388039516219	64	False	True	False
orf_1e4cf4d7376a1de1299da374a6f44f56886f5423563974d7cb4f5647e0c35912	peptide_5fd8a3582535ef3ad429d94d60715365c727b6e884f71ce641a7e729a3149cfd	parent_a_canonical	1	111	111	0.5405405405405406	0.5282230114077663	60	True	True	False
orf_1e4cf4d7376a1de1299da374a6f44f56886f5423563974d7cb4f5647e0c35912	peptide_5fd8a3582535ef3ad429d94d60715365c727b6e884f71ce641a7e729a3149cfd	junction_split_codon	112	112	1	0.0	0.08383369445800781	0	False	False	False
orf_1e4cf4d7376a1de1299da374a6f44f56886f5423563974d7cb4f5647e0c35912	peptide_5fd8a3582535ef3ad429d94d60715365c727b6e884f71ce641a7e729a3149cfd	parent_b_canonical	113	253	141	0.45390070921985815	0.4123388039516219	64	False	True	False
orf_d54d67d31b55e84ffa1613b498411bed0997da931dfedbd118d8b51cba56167b	peptide_2b6307a928c00d74e5da0a64ec3c8c19333fa31e0ec9ff5b1f553c414751a1eb	parent_a_canonical	1	111	111	0.5495495495495496	0.5686938280726338	61	True	True	False
orf_d54d67d31b55e84ffa1613b498411bed0997da931dfedbd118d8b51cba56167b	peptide_2b6307a928c00d74e5da0a64ec3c8c19333fa31e0ec9ff5b1f553c414751a1eb	junction_split_codon	112	112	1	0.0	0.4274837076663971	0	False	False	False
orf_d54d67d31b55e84ffa1613b498411bed0997da931dfedbd118d8b51cba56167b	peptide_2b6307a928c00d74e5da0a64ec3c8c19333fa31e0ec9ff5b1f553c414751a1eb	parent_b_canonical	113	299	187	0.5133689839572193	0.4981997958957193	56	True	True	False
orf_ec897f8f634f9e534c1bcbf7abf85f047fa678fd21a9f9245ba860b0d23ca121	peptide_d12ded276778cca561f61708455f059a1bccb3f6e5b75d6ea02f274ab7b9a20d	parent_a_canonical	1	111	111	0.5495495495495496	0.568197841848339	61	True	True	False
orf_ec897f8f634f9e534c1bcbf7abf85f047fa678fd21a9f9245ba860b0d23ca121	peptide_d12ded276778cca561f61708455f059a1bccb3f6e5b75d6ea02f274ab7b9a20d	junction_split_codon	112	112	1	0.0	0.4298095703125	0	False	False	False
orf_ec897f8f634f9e534c1bcbf7abf85f047fa678fd21a9f9245ba860b0d23ca121	peptide_d12ded276778cca561f61708455f059a1bccb3f6e5b75d6ea02f274ab7b9a20d	parent_b_canonical	113	290	178	0.6067415730337079	0.5415633735194635	88	True	True	True
orf_0c99ffb2d09d0b02ad5e038642a55d6944d17b2c2f2ea9b27e0b2d70c06476ba	peptide_e3551690a6b76267d8c2b08ac175a3a20ff96f0247e854ef37f71567b7497c7a	parent_a_canonical	1	111	111	0.5495495495495496	0.5724778208915178	61	True	True	False
orf_0c99ffb2d09d0b02ad5e038642a55d6944d17b2c2f2ea9b27e0b2d70c06476ba	peptide_e3551690a6b76267d8c2b08ac175a3a20ff96f0247e854ef37f71567b7497c7a	junction_split_codon	112	112	1	0.0	0.44408461451530457	0	False	False	False
orf_0c99ffb2d09d0b02ad5e038642a55d6944d17b2c2f2ea9b27e0b2d70c06476ba	peptide_e3551690a6b76267d8c2b08ac175a3a20ff96f0247e854ef37f71567b7497c7a	parent_b_canonical	113	304	192	0.65625	0.5794759034955254	105	True	True	True
orf_cb79a307ca2f6220428f0d99dc50a96009e1560a86d3a33a7dac84726f9b6aaf	peptide_a70d2373112bb0cf390a66c6914c839458bd0e2056b6d6e8cf928657ca6fe52a	parent_a_canonical	1	111	111	0.5495495495495496	0.5763961217693381	61	True	True	False
orf_cb79a307ca2f6220428f0d99dc50a96009e1560a86d3a33a7dac84726f9b6aaf	peptide_a70d2373112bb0cf390a66c6914c839458bd0e2056b6d6e8cf928657ca6fe52a	junction_split_codon	112	112	1	0.0	0.45404696464538574	0	False	False	False
orf_cb79a307ca2f6220428f0d99dc50a96009e1560a86d3a33a7dac84726f9b6aaf	peptide_a70d2373112bb0cf390a66c6914c839458bd0e2056b6d6e8cf928657ca6fe52a	parent_b_canonical	113	313	201	0.6766169154228856	0.5832315963595661	114	True	True	True
orf_291d11a55b5b8e47edd583934eb5ab0a21e36e7dd5893e1d1c966b8a63dd0329	peptide_d12ded276778cca561f61708455f059a1bccb3f6e5b75d6ea02f274ab7b9a20d	parent_a_canonical	1	111	111	0.5495495495495496	0.568197841848339	61	True	True	False
orf_291d11a55b5b8e47edd583934eb5ab0a21e36e7dd5893e1d1c966b8a63dd0329	peptide_d12ded276778cca561f61708455f059a1bccb3f6e5b75d6ea02f274ab7b9a20d	junction_split_codon	112	112	1	0.0	0.4298095703125	0	False	False	False
orf_291d11a55b5b8e47edd583934eb5ab0a21e36e7dd5893e1d1c966b8a63dd0329	peptide_d12ded276778cca561f61708455f059a1bccb3f6e5b75d6ea02f274ab7b9a20d	parent_b_canonical	113	290	178	0.6067415730337079	0.5415633735194635	88	True	True	True
orf_43331dc36ac46aeaeeceaf73bf4202b517d0b6dd56e2e3453aef51059a035cc8	peptide_d12ded276778cca561f61708455f059a1bccb3f6e5b75d6ea02f274ab7b9a20d	parent_a_canonical	1	111	111	0.5495495495495496	0.568197841848339	61	True	True	False
orf_43331dc36ac46aeaeeceaf73bf4202b517d0b6dd56e2e3453aef51059a035cc8	peptide_d12ded276778cca561f61708455f059a1bccb3f6e5b75d6ea02f274ab7b9a20d	junction_split_codon	112	112	1	0.0	0.4298095703125	0	False	False	False
orf_43331dc36ac46aeaeeceaf73bf4202b517d0b6dd56e2e3453aef51059a035cc8	peptide_d12ded276778cca561f61708455f059a1bccb3f6e5b75d6ea02f274ab7b9a20d	parent_b_upstream_of_annotated_CDS	113	128	16	0.875	0.6100673768669367	14	True	True	True
orf_43331dc36ac46aeaeeceaf73bf4202b517d0b6dd56e2e3453aef51059a035cc8	peptide_d12ded276778cca561f61708455f059a1bccb3f6e5b75d6ea02f274ab7b9a20d	parent_b_canonical	129	290	162	0.5802469135802469	0.534797546028355	88	True	True	False
orf_37f2c26513d1d0fadc72201b3b1d1497957d954fc035dc5942ffa77ec036f7e1	peptide_2b6307a928c00d74e5da0a64ec3c8c19333fa31e0ec9ff5b1f553c414751a1eb	parent_a_canonical	1	111	111	0.5495495495495496	0.5686938280726338	61	True	True	False
orf_37f2c26513d1d0fadc72201b3b1d1497957d954fc035dc5942ffa77ec036f7e1	peptide_2b6307a928c00d74e5da0a64ec3c8c19333fa31e0ec9ff5b1f553c414751a1eb	junction_split_codon	112	112	1	0.0	0.4274837076663971	0	False	False	False
orf_37f2c26513d1d0fadc72201b3b1d1497957d954fc035dc5942ffa77ec036f7e1	peptide_2b6307a928c00d74e5da0a64ec3c8c19333fa31e0ec9ff5b1f553c414751a1eb	parent_b_canonical	113	299	187	0.5133689839572193	0.4981997958957193	56	True	True	False
orf_f67b2bce75d253c08274779c15e9210f146cbcdffe885e78b5d4eaa78bb991eb	peptide_d12ded276778cca561f61708455f059a1bccb3f6e5b75d6ea02f274ab7b9a20d	parent_a_canonical	1	111	111	0.5495495495495496	0.568197841848339	61	True	True	False
orf_f67b2bce75d253c08274779c15e9210f146cbcdffe885e78b5d4eaa78bb991eb	peptide_d12ded276778cca561f61708455f059a1bccb3f6e5b75d6ea02f274ab7b9a20d	junction_split_codon	112	112	1	0.0	0.4298095703125	0	False	False	False
orf_f67b2bce75d253c08274779c15e9210f146cbcdffe885e78b5d4eaa78bb991eb	peptide_d12ded276778cca561f61708455f059a1bccb3f6e5b75d6ea02f274ab7b9a20d	parent_b_canonical	113	290	178	0.6067415730337079	0.5415633735194635	88	True	True	True
orf_45bb831b559afb53c0536756df2e2bf9c857d5d2b78d1ed351352ab245a0434a	peptide_e3551690a6b76267d8c2b08ac175a3a20ff96f0247e854ef37f71567b7497c7a	parent_a_canonical	1	111	111	0.5495495495495496	0.5724778208915178	61	True	True	False
orf_45bb831b559afb53c0536756df2e2bf9c857d5d2b78d1ed351352ab245a0434a	peptide_e3551690a6b76267d8c2b08ac175a3a20ff96f0247e854ef37f71567b7497c7a	junction_split_codon	112	112	1	0.0	0.44408461451530457	0	False	False	False
orf_45bb831b559afb53c0536756df2e2bf9c857d5d2b78d1ed351352ab245a0434a	peptide_e3551690a6b76267d8c2b08ac175a3a20ff96f0247e854ef37f71567b7497c7a	parent_b_canonical	113	304	192	0.65625	0.5794759034955254	105	True	True	True
orf_110bcf7df6b00b66536fc273de9ed1e1f4aefb08ea91ae163b2f6237fbecdbe2	peptide_a70d2373112bb0cf390a66c6914c839458bd0e2056b6d6e8cf928657ca6fe52a	parent_a_canonical	1	111	111	0.5495495495495496	0.5763961217693381	61	True	True	False
orf_110bcf7df6b00b66536fc273de9ed1e1f4aefb08ea91ae163b2f6237fbecdbe2	peptide_a70d2373112bb0cf390a66c6914c839458bd0e2056b6d6e8cf928657ca6fe52a	junction_split_codon	112	112	1	0.0	0.45404696464538574	0	False	False	False
orf_110bcf7df6b00b66536fc273de9ed1e1f4aefb08ea91ae163b2f6237fbecdbe2	peptide_a70d2373112bb0cf390a66c6914c839458bd0e2056b6d6e8cf928657ca6fe52a	parent_b_canonical	113	313	201	0.6766169154228856	0.5832315963595661	114	True	True	True
orf_e867e36ad1034108092fe6f03eab5ff5042ef1b2b696ddf33dcde67f4096560f	peptide_d12ded276778cca561f61708455f059a1bccb3f6e5b75d6ea02f274ab7b9a20d	parent_a_canonical	1	111	111	0.5495495495495496	0.568197841848339	61	True	True	False
orf_e867e36ad1034108092fe6f03eab5ff5042ef1b2b696ddf33dcde67f4096560f	peptide_d12ded276778cca561f61708455f059a1bccb3f6e5b75d6ea02f274ab7b9a20d	junction_split_codon	112	112	1	0.0	0.4298095703125	0	False	False	False
orf_e867e36ad1034108092fe6f03eab5ff5042ef1b2b696ddf33dcde67f4096560f	peptide_d12ded276778cca561f61708455f059a1bccb3f6e5b75d6ea02f274ab7b9a20d	parent_b_canonical	113	290	178	0.6067415730337079	0.5415633735194635	88	True	True	True
orf_76426c0f14c0fc50b017c9d1da6de1d10888b68cabf5953e4a861b248974dc09	peptide_d12ded276778cca561f61708455f059a1bccb3f6e5b75d6ea02f274ab7b9a20d	parent_a_canonical	1	111	111	0.5495495495495496	0.568197841848339	61	True	True	False
orf_76426c0f14c0fc50b017c9d1da6de1d10888b68cabf5953e4a861b248974dc09	peptide_d12ded276778cca561f61708455f059a1bccb3f6e5b75d6ea02f274ab7b9a20d	junction_split_codon	112	112	1	0.0	0.4298095703125	0	False	False	False
orf_76426c0f14c0fc50b017c9d1da6de1d10888b68cabf5953e4a861b248974dc09	peptide_d12ded276778cca561f61708455f059a1bccb3f6e5b75d6ea02f274ab7b9a20d	parent_b_upstream_of_annotated_CDS	113	128	16	0.875	0.6100673768669367	14	True	True	True
orf_76426c0f14c0fc50b017c9d1da6de1d10888b68cabf5953e4a861b248974dc09	peptide_d12ded276778cca561f61708455f059a1bccb3f6e5b75d6ea02f274ab7b9a20d	parent_b_canonical	129	290	162	0.5802469135802469	0.534797546028355	88	True	True	False
orf_041db5d0e073cec2b60610a21f68b0d77344365dda239fb56bc5f04447e9895a	peptide_8ed300036e2828567d72b2c567b47b1fa8d40ab9f289820204bdeaf3a18588ec	parent_a_canonical	1	531	531	0.0	0.05066878610972855	0	False	False	False
orf_041db5d0e073cec2b60610a21f68b0d77344365dda239fb56bc5f04447e9895a	peptide_8ed300036e2828567d72b2c567b47b1fa8d40ab9f289820204bdeaf3a18588ec	junction_split_codon	532	532	1	0.0	0.233359694480896	0	False	False	False
orf_041db5d0e073cec2b60610a21f68b0d77344365dda239fb56bc5f04447e9895a	peptide_8ed300036e2828567d72b2c567b47b1fa8d40ab9f289820204bdeaf3a18588ec	parent_b_canonical	533	576	44	0.13636363636363635	0.42216701534661377	6	False	False	False
orf_1fea26bd8ec9c15e07f6a9a6db91d692993b0904996a4f4ce209e34c05fa9df0	peptide_8ed300036e2828567d72b2c567b47b1fa8d40ab9f289820204bdeaf3a18588ec	parent_a_canonical	1	531	531	0.0	0.05066878610972855	0	False	False	False
orf_1fea26bd8ec9c15e07f6a9a6db91d692993b0904996a4f4ce209e34c05fa9df0	peptide_8ed300036e2828567d72b2c567b47b1fa8d40ab9f289820204bdeaf3a18588ec	junction_split_codon	532	532	1	0.0	0.233359694480896	0	False	False	False
orf_1fea26bd8ec9c15e07f6a9a6db91d692993b0904996a4f4ce209e34c05fa9df0	peptide_8ed300036e2828567d72b2c567b47b1fa8d40ab9f289820204bdeaf3a18588ec	parent_b_canonical	533	576	44	0.13636363636363635	0.42216701534661377	6	False	False	False
orf_e57c2c4635472e85e6885b008f50e877ff45691fb79176d4f88e7652490dc371	peptide_7153a9988f10e3f16ef9401be9c3ebf0e792e0075a0738bde80362e44019b419	parent_a_canonical	1	168	168	0.20833333333333334	0.23964475033183893	35	False	False	False
orf_e57c2c4635472e85e6885b008f50e877ff45691fb79176d4f88e7652490dc371	peptide_7153a9988f10e3f16ef9401be9c3ebf0e792e0075a0738bde80362e44019b419	junction_split_codon	169	169	1	0.0	0.052817583084106445	0	False	False	False
orf_e57c2c4635472e85e6885b008f50e877ff45691fb79176d4f88e7652490dc371	peptide_7153a9988f10e3f16ef9401be9c3ebf0e792e0075a0738bde80362e44019b419	parent_b_canonical	170	304	135	0.0	0.07488381321783419	0	False	False	False
orf_f2edae85873112a390633cb81b80ec72547110779cd39287dbec7ef8f771dfbf	peptide_1d96ab1139fd7e2a5d0d5c16c5db26c59fb1194ceaf2df73b61b5175196b3ef2	parent_a_canonical	1	538	538	0.12267657992565056	0.15462727171670104	66	False	False	False
orf_f2edae85873112a390633cb81b80ec72547110779cd39287dbec7ef8f771dfbf	peptide_1d96ab1139fd7e2a5d0d5c16c5db26c59fb1194ceaf2df73b61b5175196b3ef2	junction_split_codon	539	539	1	0.0	0.034361064434051514	0	False	False	False
orf_f2edae85873112a390633cb81b80ec72547110779cd39287dbec7ef8f771dfbf	peptide_1d96ab1139fd7e2a5d0d5c16c5db26c59fb1194ceaf2df73b61b5175196b3ef2	parent_b_upstream_of_annotated_CDS	540	569	30	0.0	0.04266753494739532	0	False	False	False
orf_f2edae85873112a390633cb81b80ec72547110779cd39287dbec7ef8f771dfbf	peptide_1d96ab1139fd7e2a5d0d5c16c5db26c59fb1194ceaf2df73b61b5175196b3ef2	parent_b_canonical	570	784	215	0.0	0.09526149339454118	0	False	False	False
orf_672e7b6258ac412fe5bbc9a781c7e1111fb7994d07ed795573b6945ebf8f6b01	peptide_1d96ab1139fd7e2a5d0d5c16c5db26c59fb1194ceaf2df73b61b5175196b3ef2	parent_a_canonical	1	538	538	0.12267657992565056	0.15462727171670104	66	False	False	False
orf_672e7b6258ac412fe5bbc9a781c7e1111fb7994d07ed795573b6945ebf8f6b01	peptide_1d96ab1139fd7e2a5d0d5c16c5db26c59fb1194ceaf2df73b61b5175196b3ef2	junction_split_codon	539	539	1	0.0	0.034361064434051514	0	False	False	False
orf_672e7b6258ac412fe5bbc9a781c7e1111fb7994d07ed795573b6945ebf8f6b01	peptide_1d96ab1139fd7e2a5d0d5c16c5db26c59fb1194ceaf2df73b61b5175196b3ef2	parent_b_canonical	540	784	245	0.0	0.08882141684999272	0	False	False	False
orf_1b9309f177fba50740b66798c9c0712ac5d9f178590df1a2076c6d83f2bcf512	peptide_1d96ab1139fd7e2a5d0d5c16c5db26c59fb1194ceaf2df73b61b5175196b3ef2	parent_a_canonical	1	538	538	0.12267657992565056	0.15462727171670104	66	False	False	False
orf_1b9309f177fba50740b66798c9c0712ac5d9f178590df1a2076c6d83f2bcf512	peptide_1d96ab1139fd7e2a5d0d5c16c5db26c59fb1194ceaf2df73b61b5175196b3ef2	junction_split_codon	539	539	1	0.0	0.034361064434051514	0	False	False	False
orf_1b9309f177fba50740b66798c9c0712ac5d9f178590df1a2076c6d83f2bcf512	peptide_1d96ab1139fd7e2a5d0d5c16c5db26c59fb1194ceaf2df73b61b5175196b3ef2	parent_b_upstream_of_annotated_CDS	540	569	30	0.0	0.04266753494739532	0	False	False	False
orf_1b9309f177fba50740b66798c9c0712ac5d9f178590df1a2076c6d83f2bcf512	peptide_1d96ab1139fd7e2a5d0d5c16c5db26c59fb1194ceaf2df73b61b5175196b3ef2	parent_b_canonical	570	784	215	0.0	0.09526149339454118	0	False	False	False
orf_34fcf64ea26a8095795ecc2da6b571d7ddcd5d006be4b753c2b4013d5e5844e8	peptide_1d96ab1139fd7e2a5d0d5c16c5db26c59fb1194ceaf2df73b61b5175196b3ef2	parent_a_canonical	1	538	538	0.12267657992565056	0.15462727171670104	66	False	False	False
orf_34fcf64ea26a8095795ecc2da6b571d7ddcd5d006be4b753c2b4013d5e5844e8	peptide_1d96ab1139fd7e2a5d0d5c16c5db26c59fb1194ceaf2df73b61b5175196b3ef2	junction_split_codon	539	539	1	0.0	0.034361064434051514	0	False	False	False
orf_34fcf64ea26a8095795ecc2da6b571d7ddcd5d006be4b753c2b4013d5e5844e8	peptide_1d96ab1139fd7e2a5d0d5c16c5db26c59fb1194ceaf2df73b61b5175196b3ef2	parent_b_canonical	540	784	245	0.0	0.08882141684999272	0	False	False	False
orf_9a6b42af67d81477bd7a275c9fc6b7168a570146f662ebc06a8e0a7f0f28b808	peptide_f3b157eea4a7b3afed59584e95a707bc05cb7cf6e128952858f1c030fdca8e9f	parent_a_canonical	1	68	68	0.16176470588235295	0.3187328921083142	11	False	False	False
orf_9a6b42af67d81477bd7a275c9fc6b7168a570146f662ebc06a8e0a7f0f28b808	peptide_f3b157eea4a7b3afed59584e95a707bc05cb7cf6e128952858f1c030fdca8e9f	junction_split_codon	69	69	1	0.0	0.3478952646255493	0	False	False	False
orf_9a6b42af67d81477bd7a275c9fc6b7168a570146f662ebc06a8e0a7f0f28b808	peptide_f3b157eea4a7b3afed59584e95a707bc05cb7cf6e128952858f1c030fdca8e9f	parent_b_out_of_frame	70	70	1	0.0	0.3397367298603058	0	False	False	False
orf_f561c11401fa87747d6151990315fcdd51535d7895d8e648a83b915997fb3c9c	peptide_f3b157eea4a7b3afed59584e95a707bc05cb7cf6e128952858f1c030fdca8e9f	parent_a_canonical	1	68	68	0.16176470588235295	0.3187328921083142	11	False	False	False
orf_f561c11401fa87747d6151990315fcdd51535d7895d8e648a83b915997fb3c9c	peptide_f3b157eea4a7b3afed59584e95a707bc05cb7cf6e128952858f1c030fdca8e9f	junction_split_codon	69	69	1	0.0	0.3478952646255493	0	False	False	False
orf_f561c11401fa87747d6151990315fcdd51535d7895d8e648a83b915997fb3c9c	peptide_f3b157eea4a7b3afed59584e95a707bc05cb7cf6e128952858f1c030fdca8e9f	parent_b_unannotated_CDS	70	70	1	0.0	0.3397367298603058	0	False	False	False
orf_d512121fc2a33ebe3a2a769cecef91de5f1e9e24d1ca8eb56edb67fb915890f2	peptide_f3b157eea4a7b3afed59584e95a707bc05cb7cf6e128952858f1c030fdca8e9f	parent_a_canonical	1	68	68	0.16176470588235295	0.3187328921083142	11	False	False	False
orf_d512121fc2a33ebe3a2a769cecef91de5f1e9e24d1ca8eb56edb67fb915890f2	peptide_f3b157eea4a7b3afed59584e95a707bc05cb7cf6e128952858f1c030fdca8e9f	junction_split_codon	69	69	1	0.0	0.3478952646255493	0	False	False	False
orf_d512121fc2a33ebe3a2a769cecef91de5f1e9e24d1ca8eb56edb67fb915890f2	peptide_f3b157eea4a7b3afed59584e95a707bc05cb7cf6e128952858f1c030fdca8e9f	parent_b_unannotated_CDS	70	70	1	0.0	0.3397367298603058	0	False	False	False
orf_107b8f6f1dd59b2cfa0aae727faa14f7db0c064152eccabe43a742cbd6a4a89a	peptide_2fa08b3f456b35b634ae9dec88e1161e05e4063bbe185c89f98466c5b35a86b8	parent_a_canonical	1	26	26	0.9230769230769231	0.754795919244106	24	True	True	True
orf_107b8f6f1dd59b2cfa0aae727faa14f7db0c064152eccabe43a742cbd6a4a89a	peptide_2fa08b3f456b35b634ae9dec88e1161e05e4063bbe185c89f98466c5b35a86b8	parent_b_canonical	27	357	331	0.03625377643504532	0.10481569233977903	12	False	False	False
orf_fbbf550d4c0e3d0286db2ad2a171043e5577ffae6c37a120c54921356096c9a0	peptide_2fa08b3f456b35b634ae9dec88e1161e05e4063bbe185c89f98466c5b35a86b8	parent_a_canonical	1	26	26	0.9230769230769231	0.754795919244106	24	True	True	True
orf_fbbf550d4c0e3d0286db2ad2a171043e5577ffae6c37a120c54921356096c9a0	peptide_2fa08b3f456b35b634ae9dec88e1161e05e4063bbe185c89f98466c5b35a86b8	parent_b_canonical	27	357	331	0.03625377643504532	0.10481569233977903	12	False	False	False
orf_de964ab45e0a5047b74eed0b335515b41f910377b058e99d93d5591e9ffc164e	peptide_2fa08b3f456b35b634ae9dec88e1161e05e4063bbe185c89f98466c5b35a86b8	parent_a_canonical	1	26	26	0.9230769230769231	0.754795919244106	24	True	True	True
orf_de964ab45e0a5047b74eed0b335515b41f910377b058e99d93d5591e9ffc164e	peptide_2fa08b3f456b35b634ae9dec88e1161e05e4063bbe185c89f98466c5b35a86b8	parent_b_downstream_of_annotated_CDS	27	357	331	0.03625377643504532	0.10481569233977903	12	False	False	False
orf_076cdd0d12edb262f7536d26d99908be39db0f17f087ef281cea67c1f72dbda1	peptide_52c3c3a3a74c40b0b52b57efee49c5c169200cc9ffa5a31ec683837dee43ea18	parent_a_canonical	1	26	26	0.9230769230769231	0.7635918431557142	24	True	True	True
orf_076cdd0d12edb262f7536d26d99908be39db0f17f087ef281cea67c1f72dbda1	peptide_52c3c3a3a74c40b0b52b57efee49c5c169200cc9ffa5a31ec683837dee43ea18	parent_b_canonical	27	295	269	0.0	0.10019538576496578	0	False	False	False
orf_0756a338e8a5694a9d4c45987afd970e1d36375e0c22c31d15ae4e00baa28747	peptide_d9dadae508e1aba65519f0bec221151e33dd065734ac6bd7d657c57034b61154	parent_a_canonical	1	26	26	0.8846153846153846	0.74695012317254	23	True	True	True
orf_0756a338e8a5694a9d4c45987afd970e1d36375e0c22c31d15ae4e00baa28747	peptide_d9dadae508e1aba65519f0bec221151e33dd065734ac6bd7d657c57034b61154	parent_b_unannotated_CDS	27	86	60	0.0	0.09523881475130717	0	False	False	False
orf_6033b6efb7af2725d9175017237b7e20cc27b9934d6a5b14aae682082fe57795	peptide_2fa08b3f456b35b634ae9dec88e1161e05e4063bbe185c89f98466c5b35a86b8	parent_a_canonical	1	26	26	0.9230769230769231	0.754795919244106	24	True	True	True
orf_6033b6efb7af2725d9175017237b7e20cc27b9934d6a5b14aae682082fe57795	peptide_2fa08b3f456b35b634ae9dec88e1161e05e4063bbe185c89f98466c5b35a86b8	parent_b_canonical	27	357	331	0.03625377643504532	0.10481569233977903	12	False	False	False
orf_b447317e2c56eb078ab27d6afa6a9e8abdd3691bcfa289b96d151b1a9cedb652	peptide_2fa08b3f456b35b634ae9dec88e1161e05e4063bbe185c89f98466c5b35a86b8	parent_a_canonical	1	26	26	0.9230769230769231	0.754795919244106	24	True	True	True
orf_b447317e2c56eb078ab27d6afa6a9e8abdd3691bcfa289b96d151b1a9cedb652	peptide_2fa08b3f456b35b634ae9dec88e1161e05e4063bbe185c89f98466c5b35a86b8	parent_b_canonical	27	357	331	0.03625377643504532	0.10481569233977903	12	False	False	False
orf_c6d0b74fe5691a76a222c5476b0bac26f07f93a1399daccd7dcb3f629c9f2581	peptide_2fa08b3f456b35b634ae9dec88e1161e05e4063bbe185c89f98466c5b35a86b8	parent_a_canonical	1	26	26	0.9230769230769231	0.754795919244106	24	True	True	True
orf_c6d0b74fe5691a76a222c5476b0bac26f07f93a1399daccd7dcb3f629c9f2581	peptide_2fa08b3f456b35b634ae9dec88e1161e05e4063bbe185c89f98466c5b35a86b8	parent_b_downstream_of_annotated_CDS	27	357	331	0.03625377643504532	0.10481569233977903	12	False	False	False
orf_7edf3882806b88281cd0bd44a2e0ffc3d52db03af38e0794f00e8e2b2ec5da44	peptide_52c3c3a3a74c40b0b52b57efee49c5c169200cc9ffa5a31ec683837dee43ea18	parent_a_canonical	1	26	26	0.9230769230769231	0.7635918431557142	24	True	True	True
orf_7edf3882806b88281cd0bd44a2e0ffc3d52db03af38e0794f00e8e2b2ec5da44	peptide_52c3c3a3a74c40b0b52b57efee49c5c169200cc9ffa5a31ec683837dee43ea18	parent_b_canonical	27	295	269	0.0	0.10019538576496578	0	False	False	False
orf_a969679ae841148cc07e9ae60d9894c0126c59eb658d29c754418b6bebd92a51	peptide_d9dadae508e1aba65519f0bec221151e33dd065734ac6bd7d657c57034b61154	parent_a_canonical	1	26	26	0.8846153846153846	0.74695012317254	23	True	True	True
orf_a969679ae841148cc07e9ae60d9894c0126c59eb658d29c754418b6bebd92a51	peptide_d9dadae508e1aba65519f0bec221151e33dd065734ac6bd7d657c57034b61154	parent_b_unannotated_CDS	27	86	60	0.0	0.09523881475130717	0	False	False	False
orf_ea4c06caaa102028add1724e8752027151ac978bab58c287a16a9399820367d6	peptide_2fa08b3f456b35b634ae9dec88e1161e05e4063bbe185c89f98466c5b35a86b8	parent_a_canonical	1	26	26	0.9230769230769231	0.754795919244106	24	True	True	True
orf_ea4c06caaa102028add1724e8752027151ac978bab58c287a16a9399820367d6	peptide_2fa08b3f456b35b634ae9dec88e1161e05e4063bbe185c89f98466c5b35a86b8	parent_b_canonical	27	357	331	0.03625377643504532	0.10481569233977903	12	False	False	False
orf_5331831b7a2881e287a40bb37dfd10101364c67f3fd1231133646554041f7130	peptide_2fa08b3f456b35b634ae9dec88e1161e05e4063bbe185c89f98466c5b35a86b8	parent_a_canonical	1	26	26	0.9230769230769231	0.754795919244106	24	True	True	True
orf_5331831b7a2881e287a40bb37dfd10101364c67f3fd1231133646554041f7130	peptide_2fa08b3f456b35b634ae9dec88e1161e05e4063bbe185c89f98466c5b35a86b8	parent_b_canonical	27	357	331	0.03625377643504532	0.10481569233977903	12	False	False	False
orf_c1f9d1a834809a6a905dcda65f001ec770847063c90fc64bbdbab91944edce44	peptide_2fa08b3f456b35b634ae9dec88e1161e05e4063bbe185c89f98466c5b35a86b8	parent_a_canonical	1	26	26	0.9230769230769231	0.754795919244106	24	True	True	True
orf_c1f9d1a834809a6a905dcda65f001ec770847063c90fc64bbdbab91944edce44	peptide_2fa08b3f456b35b634ae9dec88e1161e05e4063bbe185c89f98466c5b35a86b8	parent_b_downstream_of_annotated_CDS	27	357	331	0.03625377643504532	0.10481569233977903	12	False	False	False
orf_10e883f341f335d01df2f8f48ff5f45551af9a50fb1f398f1d9170a8a78d7f96	peptide_52c3c3a3a74c40b0b52b57efee49c5c169200cc9ffa5a31ec683837dee43ea18	parent_a_canonical	1	26	26	0.9230769230769231	0.7635918431557142	24	True	True	True
orf_10e883f341f335d01df2f8f48ff5f45551af9a50fb1f398f1d9170a8a78d7f96	peptide_52c3c3a3a74c40b0b52b57efee49c5c169200cc9ffa5a31ec683837dee43ea18	parent_b_canonical	27	295	269	0.0	0.10019538576496578	0	False	False	False
orf_1d59a61ca35a3d06851a99a7c609d3a9396b5f32cf9c54aa5255789f06a69686	peptide_d9dadae508e1aba65519f0bec221151e33dd065734ac6bd7d657c57034b61154	parent_a_canonical	1	26	26	0.8846153846153846	0.74695012317254	23	True	True	True
orf_1d59a61ca35a3d06851a99a7c609d3a9396b5f32cf9c54aa5255789f06a69686	peptide_d9dadae508e1aba65519f0bec221151e33dd065734ac6bd7d657c57034b61154	parent_b_unannotated_CDS	27	86	60	0.0	0.09523881475130717	0	False	False	False
orf_44b279b4c8a6722e868cc340ba364c38a304598a0025abba80a9930b98fbf773	peptide_00fb8657255fb894315401cecb9ab9e3047ef7b3d1f0d35d357663269780201c	parent_a_canonical	1	42	42	0.0	0.14954420995144618	0	False	False	False
orf_44b279b4c8a6722e868cc340ba364c38a304598a0025abba80a9930b98fbf773	peptide_00fb8657255fb894315401cecb9ab9e3047ef7b3d1f0d35d357663269780201c	parent_b_out_of_frame	43	47	5	0.0	0.1644666910171509	0	False	False	False
orf_94b287595d9354397ed2244ed9c9181c280fc29085555476dad5d15d29563572	peptide_00fb8657255fb894315401cecb9ab9e3047ef7b3d1f0d35d357663269780201c	parent_a_canonical	1	42	42	0.0	0.14954420995144618	0	False	False	False
orf_94b287595d9354397ed2244ed9c9181c280fc29085555476dad5d15d29563572	peptide_00fb8657255fb894315401cecb9ab9e3047ef7b3d1f0d35d357663269780201c	parent_b_out_of_frame	43	47	5	0.0	0.1644666910171509	0	False	False	False
orf_c6447545049b6c6c64c5d1a846dd25724695d8879d4edfa22e0aabfd8a9c5b4c	peptide_00fb8657255fb894315401cecb9ab9e3047ef7b3d1f0d35d357663269780201c	parent_a_canonical	1	42	42	0.0	0.14954420995144618	0	False	False	False
orf_c6447545049b6c6c64c5d1a846dd25724695d8879d4edfa22e0aabfd8a9c5b4c	peptide_00fb8657255fb894315401cecb9ab9e3047ef7b3d1f0d35d357663269780201c	parent_b_out_of_frame	43	47	5	0.0	0.1644666910171509	0	False	False	False
orf_21f0722d79774b94a1a42a8ba998b25aaa10f01f06a9cfbd1b30eb01db64d8ac	peptide_00fb8657255fb894315401cecb9ab9e3047ef7b3d1f0d35d357663269780201c	parent_a_canonical	1	42	42	0.0	0.14954420995144618	0	False	False	False
orf_21f0722d79774b94a1a42a8ba998b25aaa10f01f06a9cfbd1b30eb01db64d8ac	peptide_00fb8657255fb894315401cecb9ab9e3047ef7b3d1f0d35d357663269780201c	parent_b_out_of_frame	43	47	5	0.0	0.1644666910171509	0	False	False	False
orf_d3fcac55e59faee40dcc14ab424c65f4f89dca235b662ce548ba02165a392342	peptide_00fb8657255fb894315401cecb9ab9e3047ef7b3d1f0d35d357663269780201c	parent_a_canonical	1	42	42	0.0	0.14954420995144618	0	False	False	False
orf_d3fcac55e59faee40dcc14ab424c65f4f89dca235b662ce548ba02165a392342	peptide_00fb8657255fb894315401cecb9ab9e3047ef7b3d1f0d35d357663269780201c	parent_b_out_of_frame	43	47	5	0.0	0.1644666910171509	0	False	False	False
orf_dfde784e65b9662c6be9ed84503a7288f451d7d0e4d6df9dd964ba53d29406f5	peptide_00fb8657255fb894315401cecb9ab9e3047ef7b3d1f0d35d357663269780201c	parent_a_canonical	1	42	42	0.0	0.14954420995144618	0	False	False	False
orf_dfde784e65b9662c6be9ed84503a7288f451d7d0e4d6df9dd964ba53d29406f5	peptide_00fb8657255fb894315401cecb9ab9e3047ef7b3d1f0d35d357663269780201c	parent_b_out_of_frame	43	47	5	0.0	0.1644666910171509	0	False	False	False
orf_3642fae708d9f52d6f2dfb6d73d7e5f8817d2c26b98a8cfedcd3078f7a51777f	peptide_97d9bcc0b34c7caa43656e7e2bf23f1b94c25ff9edfee400a71f5b9bed81655c	parent_a_canonical	1	17	17	0.5294117647058824	0.4963822627768797	9	True	True	False
orf_3642fae708d9f52d6f2dfb6d73d7e5f8817d2c26b98a8cfedcd3078f7a51777f	peptide_97d9bcc0b34c7caa43656e7e2bf23f1b94c25ff9edfee400a71f5b9bed81655c	parent_b_canonical	18	373	356	0.0	0.05292867011066233	0	False	False	False
orf_12f19bee812d4d172eaba0bb6232c4cd9d52ac0ebf7e5e3637b0651f888a095a	peptide_97d9bcc0b34c7caa43656e7e2bf23f1b94c25ff9edfee400a71f5b9bed81655c	parent_a_canonical	1	17	17	0.5294117647058824	0.4963822627768797	9	True	True	False
orf_12f19bee812d4d172eaba0bb6232c4cd9d52ac0ebf7e5e3637b0651f888a095a	peptide_97d9bcc0b34c7caa43656e7e2bf23f1b94c25ff9edfee400a71f5b9bed81655c	parent_b_canonical	18	373	356	0.0	0.05292867011066233	0	False	False	False
orf_4c493765e8d9cf05c29688db78d81466f36da3c3f540e4d0a90b7a37d0af2ca5	peptide_6de3b695e6fb7625fb0b645afd1d9dbcedf1ea280f2faf93d7ebafbd589a09ef	parent_a_canonical	1	153	153	0.17647058823529413	0.19377778772435156	27	False	False	False
orf_4c493765e8d9cf05c29688db78d81466f36da3c3f540e4d0a90b7a37d0af2ca5	peptide_6de3b695e6fb7625fb0b645afd1d9dbcedf1ea280f2faf93d7ebafbd589a09ef	parent_b_out_of_frame	154	298	145	0.10344827586206896	0.1432100949616268	15	False	False	False
orf_230c7541f7a20b2093014d971aea327d36badb11bdc2d508ad3b01578fba904c	peptide_6de3b695e6fb7625fb0b645afd1d9dbcedf1ea280f2faf93d7ebafbd589a09ef	parent_a_canonical	1	153	153	0.17647058823529413	0.19377778772435156	27	False	False	False
orf_230c7541f7a20b2093014d971aea327d36badb11bdc2d508ad3b01578fba904c	peptide_6de3b695e6fb7625fb0b645afd1d9dbcedf1ea280f2faf93d7ebafbd589a09ef	parent_b_canonical	154	298	145	0.10344827586206896	0.1432100949616268	15	False	False	False
orf_a51535da1591977ea978666a0c979e67c439241de998b3523ecaba52b6949c57	peptide_6de3b695e6fb7625fb0b645afd1d9dbcedf1ea280f2faf93d7ebafbd589a09ef	parent_a_canonical	1	153	153	0.17647058823529413	0.19377778772435156	27	False	False	False
orf_a51535da1591977ea978666a0c979e67c439241de998b3523ecaba52b6949c57	peptide_6de3b695e6fb7625fb0b645afd1d9dbcedf1ea280f2faf93d7ebafbd589a09ef	parent_b_canonical	154	298	145	0.10344827586206896	0.1432100949616268	15	False	False	False
orf_35f7615e4b680ad8d9e7bdf750fdddfc133fb6d5b823c599cf731066b08d9fec	peptide_6de3b695e6fb7625fb0b645afd1d9dbcedf1ea280f2faf93d7ebafbd589a09ef	parent_a_canonical	1	153	153	0.17647058823529413	0.19377778772435156	27	False	False	False
orf_35f7615e4b680ad8d9e7bdf750fdddfc133fb6d5b823c599cf731066b08d9fec	peptide_6de3b695e6fb7625fb0b645afd1d9dbcedf1ea280f2faf93d7ebafbd589a09ef	parent_b_downstream_of_annotated_CDS	154	298	145	0.10344827586206896	0.1432100949616268	15	False	False	False
orf_f882d091c0853a1d5b24425b7772e074c4ba597521aa8613066f43673c6e2179	peptide_91b6c2354036f74992cb5f2520a3614bb2b0ecc3feab662dbb7e791accc4b3b7	parent_a_canonical	1	167	167	0.20359281437125748	0.20990748346565727	34	False	False	False
orf_f882d091c0853a1d5b24425b7772e074c4ba597521aa8613066f43673c6e2179	peptide_91b6c2354036f74992cb5f2520a3614bb2b0ecc3feab662dbb7e791accc4b3b7	junction_split_codon	168	168	1	0.0	0.31377989053726196	0	False	False	False
orf_f882d091c0853a1d5b24425b7772e074c4ba597521aa8613066f43673c6e2179	peptide_91b6c2354036f74992cb5f2520a3614bb2b0ecc3feab662dbb7e791accc4b3b7	parent_b_canonical	169	213	45	0.8444444444444444	0.7485848228136699	38	True	True	True
orf_b3306428fe19f2706619ae373f49abf34e764fd0e2aa8c8a52ac60494f877655	peptide_91b6c2354036f74992cb5f2520a3614bb2b0ecc3feab662dbb7e791accc4b3b7	parent_a_canonical	1	167	167	0.20359281437125748	0.20990748346565727	34	False	False	False
orf_b3306428fe19f2706619ae373f49abf34e764fd0e2aa8c8a52ac60494f877655	peptide_91b6c2354036f74992cb5f2520a3614bb2b0ecc3feab662dbb7e791accc4b3b7	junction_split_codon	168	168	1	0.0	0.31377989053726196	0	False	False	False
orf_b3306428fe19f2706619ae373f49abf34e764fd0e2aa8c8a52ac60494f877655	peptide_91b6c2354036f74992cb5f2520a3614bb2b0ecc3feab662dbb7e791accc4b3b7	parent_b_canonical	169	213	45	0.8444444444444444	0.7485848228136699	38	True	True	True
orf_0feebd9110d62dcb7ae53f45528a36b6b4e60ae4a3772ff28d5150830b524569	peptide_91b6c2354036f74992cb5f2520a3614bb2b0ecc3feab662dbb7e791accc4b3b7	parent_a_canonical	1	167	167	0.20359281437125748	0.20990748346565727	34	False	False	False
orf_0feebd9110d62dcb7ae53f45528a36b6b4e60ae4a3772ff28d5150830b524569	peptide_91b6c2354036f74992cb5f2520a3614bb2b0ecc3feab662dbb7e791accc4b3b7	junction_split_codon	168	168	1	0.0	0.31377989053726196	0	False	False	False
orf_0feebd9110d62dcb7ae53f45528a36b6b4e60ae4a3772ff28d5150830b524569	peptide_91b6c2354036f74992cb5f2520a3614bb2b0ecc3feab662dbb7e791accc4b3b7	parent_b_canonical	169	213	45	0.8444444444444444	0.7485848228136699	38	True	True	True
orf_eb5039aca1db517ab587ac74edfa9b24f8fd229517778fecc67e3b8bd9d5f303	peptide_91b6c2354036f74992cb5f2520a3614bb2b0ecc3feab662dbb7e791accc4b3b7	parent_a_canonical	1	167	167	0.20359281437125748	0.20990748346565727	34	False	False	False
orf_eb5039aca1db517ab587ac74edfa9b24f8fd229517778fecc67e3b8bd9d5f303	peptide_91b6c2354036f74992cb5f2520a3614bb2b0ecc3feab662dbb7e791accc4b3b7	junction_split_codon	168	168	1	0.0	0.31377989053726196	0	False	False	False
orf_eb5039aca1db517ab587ac74edfa9b24f8fd229517778fecc67e3b8bd9d5f303	peptide_91b6c2354036f74992cb5f2520a3614bb2b0ecc3feab662dbb7e791accc4b3b7	parent_b_canonical	169	213	45	0.8444444444444444	0.7485848228136699	38	True	True	True
orf_402d8da7cd447a1f2c53668908035755f7321f8fcf95b1856fded3f827d42a16	peptide_fad6c30fb46f2bddb0e3907a6a14afc1997cb5b9ca40cd09e010031d06b87f91	parent_a_canonical	1	18	18	0.8333333333333334	0.7045137070947223	15	True	True	True
orf_402d8da7cd447a1f2c53668908035755f7321f8fcf95b1856fded3f827d42a16	peptide_fad6c30fb46f2bddb0e3907a6a14afc1997cb5b9ca40cd09e010031d06b87f91	junction_split_codon	19	19	1	0.0	0.3799976408481598	0	False	False	False
orf_402d8da7cd447a1f2c53668908035755f7321f8fcf95b1856fded3f827d42a16	peptide_fad6c30fb46f2bddb0e3907a6a14afc1997cb5b9ca40cd09e010031d06b87f91	parent_b_unannotated_CDS	20	32	13	0.0	0.2422710691507046	0	False	False	False
orf_7b940a86d3a5cf3267fc44a8cfd5aaf0611c348ed32868045baa83bf6187ab4b	peptide_fad6c30fb46f2bddb0e3907a6a14afc1997cb5b9ca40cd09e010031d06b87f91	parent_a_canonical	1	18	18	0.8333333333333334	0.7045137070947223	15	True	True	True
orf_7b940a86d3a5cf3267fc44a8cfd5aaf0611c348ed32868045baa83bf6187ab4b	peptide_fad6c30fb46f2bddb0e3907a6a14afc1997cb5b9ca40cd09e010031d06b87f91	junction_split_codon	19	19	1	0.0	0.3799976408481598	0	False	False	False
orf_7b940a86d3a5cf3267fc44a8cfd5aaf0611c348ed32868045baa83bf6187ab4b	peptide_fad6c30fb46f2bddb0e3907a6a14afc1997cb5b9ca40cd09e010031d06b87f91	parent_b_unannotated_CDS	20	32	13	0.0	0.2422710691507046	0	False	False	False
orf_8d3e616d3a2065470398feac56b2fcfbc55906623ad12cec8c24a9b8845c4b75	peptide_d8d5b0b8301c06d3b9cde19098580d9cdc661be23dd4a22cd9bae2c753192db2	parent_a_canonical	1	48	48	0.20833333333333334	0.31244688636312884	10	False	False	False
orf_8d3e616d3a2065470398feac56b2fcfbc55906623ad12cec8c24a9b8845c4b75	peptide_d8d5b0b8301c06d3b9cde19098580d9cdc661be23dd4a22cd9bae2c753192db2	parent_b_unannotated_CDS	49	74	26	0.0	0.22467156155751303	0	False	False	False
orf_00e087f7ed9c2688331bd600346af1a7c61b0b512542e17584b311b166eb2c6c	peptide_d8d5b0b8301c06d3b9cde19098580d9cdc661be23dd4a22cd9bae2c753192db2	parent_a_canonical	1	48	48	0.20833333333333334	0.31244688636312884	10	False	False	False
orf_00e087f7ed9c2688331bd600346af1a7c61b0b512542e17584b311b166eb2c6c	peptide_d8d5b0b8301c06d3b9cde19098580d9cdc661be23dd4a22cd9bae2c753192db2	parent_b_unannotated_CDS	49	74	26	0.0	0.22467156155751303	0	False	False	False
orf_7f94247877f6887c91d7d27e1fee939994ed8afda3bdd95c82649d644c3ebef3	peptide_fad6c30fb46f2bddb0e3907a6a14afc1997cb5b9ca40cd09e010031d06b87f91	parent_a_canonical	1	18	18	0.8333333333333334	0.7045137070947223	15	True	True	True
orf_7f94247877f6887c91d7d27e1fee939994ed8afda3bdd95c82649d644c3ebef3	peptide_fad6c30fb46f2bddb0e3907a6a14afc1997cb5b9ca40cd09e010031d06b87f91	junction_split_codon	19	19	1	0.0	0.3799976408481598	0	False	False	False
orf_7f94247877f6887c91d7d27e1fee939994ed8afda3bdd95c82649d644c3ebef3	peptide_fad6c30fb46f2bddb0e3907a6a14afc1997cb5b9ca40cd09e010031d06b87f91	parent_b_unannotated_CDS	20	32	13	0.0	0.2422710691507046	0	False	False	False
orf_ff98ceb18e9c4abc0b9ea53813a58bba565cc9ac56c7184b2a66e52cab1bb2cd	peptide_fad6c30fb46f2bddb0e3907a6a14afc1997cb5b9ca40cd09e010031d06b87f91	parent_a_canonical	1	18	18	0.8333333333333334	0.7045137070947223	15	True	True	True
orf_ff98ceb18e9c4abc0b9ea53813a58bba565cc9ac56c7184b2a66e52cab1bb2cd	peptide_fad6c30fb46f2bddb0e3907a6a14afc1997cb5b9ca40cd09e010031d06b87f91	junction_split_codon	19	19	1	0.0	0.3799976408481598	0	False	False	False
orf_ff98ceb18e9c4abc0b9ea53813a58bba565cc9ac56c7184b2a66e52cab1bb2cd	peptide_fad6c30fb46f2bddb0e3907a6a14afc1997cb5b9ca40cd09e010031d06b87f91	parent_b_unannotated_CDS	20	32	13	0.0	0.2422710691507046	0	False	False	False
orf_d3fd33a0e1d267ceecc8ba74597b9c3df31ebf394a6b30aec9e461b2dc0e0063	peptide_d856b7bb2fc8dfa370b5ecd0078cd483e64a89cde2fe7a9e77010c39f9e1f75b	parent_a_canonical	1	200	200	0.115	0.17773186527192592	23	False	False	False
orf_d3fd33a0e1d267ceecc8ba74597b9c3df31ebf394a6b30aec9e461b2dc0e0063	peptide_d856b7bb2fc8dfa370b5ecd0078cd483e64a89cde2fe7a9e77010c39f9e1f75b	parent_b_out_of_frame	201	212	12	0.0	0.2753868376215299	0	False	False	False
orf_5ebbab44afcd7ee3f5ad36b945126494592469f15251f017c6020b600a411092	peptide_d856b7bb2fc8dfa370b5ecd0078cd483e64a89cde2fe7a9e77010c39f9e1f75b	parent_a_canonical	1	200	200	0.115	0.17773186527192592	23	False	False	False
orf_5ebbab44afcd7ee3f5ad36b945126494592469f15251f017c6020b600a411092	peptide_d856b7bb2fc8dfa370b5ecd0078cd483e64a89cde2fe7a9e77010c39f9e1f75b	parent_b_out_of_frame	201	212	12	0.0	0.2753868376215299	0	False	False	False
orf_329301864c7fd90dcd37fd618b00691caf002f79bcef2f6444f369e8ecf8e6ae	peptide_d856b7bb2fc8dfa370b5ecd0078cd483e64a89cde2fe7a9e77010c39f9e1f75b	parent_a_canonical	1	200	200	0.115	0.17773186527192592	23	False	False	False
orf_329301864c7fd90dcd37fd618b00691caf002f79bcef2f6444f369e8ecf8e6ae	peptide_d856b7bb2fc8dfa370b5ecd0078cd483e64a89cde2fe7a9e77010c39f9e1f75b	parent_b_out_of_frame	201	212	12	0.0	0.2753868376215299	0	False	False	False
orf_218994fccd27d73925c5c4c3b94bdff8c1ac5eabea773d6e2fb799ce1f1b5077	peptide_d856b7bb2fc8dfa370b5ecd0078cd483e64a89cde2fe7a9e77010c39f9e1f75b	parent_a_canonical	1	200	200	0.115	0.17773186527192592	23	False	False	False
orf_218994fccd27d73925c5c4c3b94bdff8c1ac5eabea773d6e2fb799ce1f1b5077	peptide_d856b7bb2fc8dfa370b5ecd0078cd483e64a89cde2fe7a9e77010c39f9e1f75b	parent_b_out_of_frame	201	212	12	0.0	0.2753868376215299	0	False	False	False
orf_f6b00b451f5bd20cc8ff8cebbd9208ad295f71fce505eb6981e144e94afbb256	peptide_c9bd32c51697562e4682682f7973836127065d644b434e46336cf1b16be4ca7f	parent_a_canonical	1	200	200	0.1	0.1501046856492758	20	False	False	False
orf_f6b00b451f5bd20cc8ff8cebbd9208ad295f71fce505eb6981e144e94afbb256	peptide_c9bd32c51697562e4682682f7973836127065d644b434e46336cf1b16be4ca7f	parent_b_canonical	201	275	75	0.0	0.14000253975391388	0	False	False	False
orf_e505a0516d4bfa98ed80123dc517711e0ae04d85b1aca269e04d90320cc58fc7	peptide_c9bd32c51697562e4682682f7973836127065d644b434e46336cf1b16be4ca7f	parent_a_canonical	1	200	200	0.1	0.1501046856492758	20	False	False	False
orf_e505a0516d4bfa98ed80123dc517711e0ae04d85b1aca269e04d90320cc58fc7	peptide_c9bd32c51697562e4682682f7973836127065d644b434e46336cf1b16be4ca7f	parent_b_unannotated_CDS	201	275	75	0.0	0.14000253975391388	0	False	False	False
orf_ddcc4e8699c3c9f5c38959791a6caa42cfd6d9be5c41dcb20dbccb293263b4e1	peptide_c9bd32c51697562e4682682f7973836127065d644b434e46336cf1b16be4ca7f	parent_a_canonical	1	200	200	0.1	0.1501046856492758	20	False	False	False
orf_ddcc4e8699c3c9f5c38959791a6caa42cfd6d9be5c41dcb20dbccb293263b4e1	peptide_c9bd32c51697562e4682682f7973836127065d644b434e46336cf1b16be4ca7f	parent_b_unannotated_CDS	201	275	75	0.0	0.14000253975391388	0	False	False	False
orf_0777a69c951dd3b65025ae68d8ad8ed5b9a0e7f86873e2ec96c359ea88ce5220	peptide_c9bd32c51697562e4682682f7973836127065d644b434e46336cf1b16be4ca7f	parent_a_canonical	1	200	200	0.1	0.1501046856492758	20	False	False	False
orf_0777a69c951dd3b65025ae68d8ad8ed5b9a0e7f86873e2ec96c359ea88ce5220	peptide_c9bd32c51697562e4682682f7973836127065d644b434e46336cf1b16be4ca7f	parent_b_out_of_frame	201	275	75	0.0	0.14000253975391388	0	False	False	False
orf_0eb561dc0a0a5f9d9fcbaeae914fe323cad41bb7249296aa86df3d1946ebc048	peptide_c9bd32c51697562e4682682f7973836127065d644b434e46336cf1b16be4ca7f	parent_a_canonical	1	200	200	0.1	0.1501046856492758	20	False	False	False
orf_0eb561dc0a0a5f9d9fcbaeae914fe323cad41bb7249296aa86df3d1946ebc048	peptide_c9bd32c51697562e4682682f7973836127065d644b434e46336cf1b16be4ca7f	parent_b_canonical	201	275	75	0.0	0.14000253975391388	0	False	False	False
orf_08561a0b347dbc68d403a9b1fbe0837bac722ccedeb3370a5076a31b0f0312f5	peptide_c9bd32c51697562e4682682f7973836127065d644b434e46336cf1b16be4ca7f	parent_a_canonical	1	200	200	0.1	0.1501046856492758	20	False	False	False
orf_08561a0b347dbc68d403a9b1fbe0837bac722ccedeb3370a5076a31b0f0312f5	peptide_c9bd32c51697562e4682682f7973836127065d644b434e46336cf1b16be4ca7f	parent_b_unannotated_CDS	201	275	75	0.0	0.14000253975391388	0	False	False	False
orf_e89a543f12323e2a5f2774540717eb2755f3fd2ed4ed1e666fe30eaac1114488	peptide_c9bd32c51697562e4682682f7973836127065d644b434e46336cf1b16be4ca7f	parent_a_canonical	1	200	200	0.1	0.1501046856492758	20	False	False	False
orf_e89a543f12323e2a5f2774540717eb2755f3fd2ed4ed1e666fe30eaac1114488	peptide_c9bd32c51697562e4682682f7973836127065d644b434e46336cf1b16be4ca7f	parent_b_unannotated_CDS	201	275	75	0.0	0.14000253975391388	0	False	False	False
orf_aa51294ffb98c03417b3a6619c3e3c85a8195ccb294439b6319d260c397800da	peptide_c9bd32c51697562e4682682f7973836127065d644b434e46336cf1b16be4ca7f	parent_a_canonical	1	200	200	0.1	0.1501046856492758	20	False	False	False
orf_aa51294ffb98c03417b3a6619c3e3c85a8195ccb294439b6319d260c397800da	peptide_c9bd32c51697562e4682682f7973836127065d644b434e46336cf1b16be4ca7f	parent_b_out_of_frame	201	275	75	0.0	0.14000253975391388	0	False	False	False
orf_3bb5fd5b03dc49aefa76c872c22062c9dac0e69ced1583a897de25560a3da527	peptide_04e15dc3926c12278ffcff63cfbb0a6f232e69a5d16fa877239ea03bee778a02	parent_a_canonical	1	206	206	0.0	0.12562005836697457	0	False	False	False
orf_3bb5fd5b03dc49aefa76c872c22062c9dac0e69ced1583a897de25560a3da527	peptide_04e15dc3926c12278ffcff63cfbb0a6f232e69a5d16fa877239ea03bee778a02	junction_split_codon	207	207	1	0.0	0.05844661593437195	0	False	False	False
orf_3bb5fd5b03dc49aefa76c872c22062c9dac0e69ced1583a897de25560a3da527	peptide_04e15dc3926c12278ffcff63cfbb0a6f232e69a5d16fa877239ea03bee778a02	parent_b_out_of_frame	208	218	11	0.0	0.057702852921052414	0	False	False	False
orf_004ce9c8e20740c3dae8a4cfb6ce8b5e289553239656f0cae41c0606254fa589	peptide_04e15dc3926c12278ffcff63cfbb0a6f232e69a5d16fa877239ea03bee778a02	parent_a_canonical	1	206	206	0.0	0.12562005836697457	0	False	False	False
orf_004ce9c8e20740c3dae8a4cfb6ce8b5e289553239656f0cae41c0606254fa589	peptide_04e15dc3926c12278ffcff63cfbb0a6f232e69a5d16fa877239ea03bee778a02	junction_split_codon	207	207	1	0.0	0.05844661593437195	0	False	False	False
orf_004ce9c8e20740c3dae8a4cfb6ce8b5e289553239656f0cae41c0606254fa589	peptide_04e15dc3926c12278ffcff63cfbb0a6f232e69a5d16fa877239ea03bee778a02	parent_b_out_of_frame	208	218	11	0.0	0.057702852921052414	0	False	False	False
orf_31830fac162609270b4545e18ad3480478643644e13e27aacee2225c47ff8b4e	peptide_04e15dc3926c12278ffcff63cfbb0a6f232e69a5d16fa877239ea03bee778a02	parent_a_canonical	1	206	206	0.0	0.12562005836697457	0	False	False	False
orf_31830fac162609270b4545e18ad3480478643644e13e27aacee2225c47ff8b4e	peptide_04e15dc3926c12278ffcff63cfbb0a6f232e69a5d16fa877239ea03bee778a02	junction_split_codon	207	207	1	0.0	0.05844661593437195	0	False	False	False
orf_31830fac162609270b4545e18ad3480478643644e13e27aacee2225c47ff8b4e	peptide_04e15dc3926c12278ffcff63cfbb0a6f232e69a5d16fa877239ea03bee778a02	parent_b_out_of_frame	208	218	11	0.0	0.057702852921052414	0	False	False	False
orf_ff1552f8d9520430e9715cfdcdb0f432aecaf5bdfcb0ed6db103c3c1e9307db2	peptide_651cce5964555aebb8ec06a12446126fdc22fb3d9d460048b7381c5c5b59284b	parent_a_canonical	1	111	111	0.0	0.14758397773042456	0	False	False	False
orf_ff1552f8d9520430e9715cfdcdb0f432aecaf5bdfcb0ed6db103c3c1e9307db2	peptide_651cce5964555aebb8ec06a12446126fdc22fb3d9d460048b7381c5c5b59284b	parent_b_out_of_frame	112	164	53	0.1509433962264151	0.28888550063349167	8	False	False	False
orf_d2372f6351e83d60033fcf0ddffb8665326d71e87726af218f5d5a3945b592c6	peptide_32888589dc5b12cf0be003a11e192edadf3264e7da04a8823f1a9499eb3f68a0	parent_a_canonical	1	519	519	0.0789980732177264	0.18557350690654248	34	False	False	False
orf_d2372f6351e83d60033fcf0ddffb8665326d71e87726af218f5d5a3945b592c6	peptide_32888589dc5b12cf0be003a11e192edadf3264e7da04a8823f1a9499eb3f68a0	parent_b_canonical	520	595	76	0.9605263157894737	0.8000723566663893	73	True	True	True
orf_d584faa30b3047ab6d8a39baedf6e8da4aaeb331be73ea4dbd77e651b18ecc09	peptide_32888589dc5b12cf0be003a11e192edadf3264e7da04a8823f1a9499eb3f68a0	parent_a_canonical	1	519	519	0.0789980732177264	0.18557350690654248	34	False	False	False
orf_d584faa30b3047ab6d8a39baedf6e8da4aaeb331be73ea4dbd77e651b18ecc09	peptide_32888589dc5b12cf0be003a11e192edadf3264e7da04a8823f1a9499eb3f68a0	parent_b_canonical	520	595	76	0.9605263157894737	0.8000723566663893	73	True	True	True
orf_f400212ea137cfad597719b1e1ed89c0b0c9d5f568f58473767e115dc75f08be	peptide_32888589dc5b12cf0be003a11e192edadf3264e7da04a8823f1a9499eb3f68a0	parent_a_canonical	1	519	519	0.0789980732177264	0.18557350690654248	34	False	False	False
orf_f400212ea137cfad597719b1e1ed89c0b0c9d5f568f58473767e115dc75f08be	peptide_32888589dc5b12cf0be003a11e192edadf3264e7da04a8823f1a9499eb3f68a0	parent_b_canonical	520	595	76	0.9605263157894737	0.8000723566663893	73	True	True	True
orf_295555b7b1ca7d39d2ba7951d34f06286d95113661b9d838ac973f20d34e4ef1	peptide_ff641b7f66baa209ff86e50cff70775b9fc1fd0004872ad33a501711d57eaf5e	parent_a_canonical	1	46	46	0.0	0.18139900007973547	0	False	False	False
orf_295555b7b1ca7d39d2ba7951d34f06286d95113661b9d838ac973f20d34e4ef1	peptide_ff641b7f66baa209ff86e50cff70775b9fc1fd0004872ad33a501711d57eaf5e	parent_b_canonical	47	133	87	0.0	0.0731701064726402	0	False	False	False
orf_e3ba4d4381620858aa55f4e1f5617604f2353d7269f2389b5bb18ecfef5d0237	peptide_ff641b7f66baa209ff86e50cff70775b9fc1fd0004872ad33a501711d57eaf5e	parent_a_canonical	1	46	46	0.0	0.18139900007973547	0	False	False	False
orf_e3ba4d4381620858aa55f4e1f5617604f2353d7269f2389b5bb18ecfef5d0237	peptide_ff641b7f66baa209ff86e50cff70775b9fc1fd0004872ad33a501711d57eaf5e	parent_b_canonical	47	133	87	0.0	0.0731701064726402	0	False	False	False
orf_74a5ddd3669f2f3076abc3c8a7436944146b8f912f938c172843605f3db86730	peptide_ff641b7f66baa209ff86e50cff70775b9fc1fd0004872ad33a501711d57eaf5e	parent_a_canonical	1	46	46	0.0	0.18139900007973547	0	False	False	False
orf_74a5ddd3669f2f3076abc3c8a7436944146b8f912f938c172843605f3db86730	peptide_ff641b7f66baa209ff86e50cff70775b9fc1fd0004872ad33a501711d57eaf5e	parent_b_canonical	47	133	87	0.0	0.0731701064726402	0	False	False	False
orf_6cf654c205d59f5561e289822b83a046bf23e97c8554ceb21e40f1258438a3ce	peptide_ff641b7f66baa209ff86e50cff70775b9fc1fd0004872ad33a501711d57eaf5e	parent_a_canonical	1	46	46	0.0	0.18139900007973547	0	False	False	False
orf_6cf654c205d59f5561e289822b83a046bf23e97c8554ceb21e40f1258438a3ce	peptide_ff641b7f66baa209ff86e50cff70775b9fc1fd0004872ad33a501711d57eaf5e	parent_b_canonical	47	133	87	0.0	0.0731701064726402	0	False	False	False
orf_1837308671fd5f511d7d8f73a692c84baca7bba3381445610c0bc30c4ed0239c	peptide_ff641b7f66baa209ff86e50cff70775b9fc1fd0004872ad33a501711d57eaf5e	parent_a_canonical	1	46	46	0.0	0.18139900007973547	0	False	False	False
orf_1837308671fd5f511d7d8f73a692c84baca7bba3381445610c0bc30c4ed0239c	peptide_ff641b7f66baa209ff86e50cff70775b9fc1fd0004872ad33a501711d57eaf5e	parent_b_canonical	47	133	87	0.0	0.0731701064726402	0	False	False	False
orf_9a7ca3f0d8c032e151fa9b121679dd13c669ed5bc56aade496a6b20fdd6c0eb8	peptide_ff641b7f66baa209ff86e50cff70775b9fc1fd0004872ad33a501711d57eaf5e	parent_a_canonical	1	46	46	0.0	0.18139900007973547	0	False	False	False
orf_9a7ca3f0d8c032e151fa9b121679dd13c669ed5bc56aade496a6b20fdd6c0eb8	peptide_ff641b7f66baa209ff86e50cff70775b9fc1fd0004872ad33a501711d57eaf5e	parent_b_canonical	47	133	87	0.0	0.0731701064726402	0	False	False	False
orf_87aad3e7f8cad333c535ee79c584c6853c21494cd1f4c3de3634e030f43e1b33	peptide_dbe63ac2fd19bcb0471334efc8f3f26068724f8a1fa27b6ec33cea8d1276d6e7	parent_a_canonical	1	104	104	0.5192307692307693	0.47579296133839166	32	True	True	False
orf_87aad3e7f8cad333c535ee79c584c6853c21494cd1f4c3de3634e030f43e1b33	peptide_dbe63ac2fd19bcb0471334efc8f3f26068724f8a1fa27b6ec33cea8d1276d6e7	junction_split_codon	105	105	1	1.0	0.9360455274581909	1	True	True	True
orf_87aad3e7f8cad333c535ee79c584c6853c21494cd1f4c3de3634e030f43e1b33	peptide_dbe63ac2fd19bcb0471334efc8f3f26068724f8a1fa27b6ec33cea8d1276d6e7	parent_b_out_of_frame	106	114	9	1.0	0.9254805776807997	9	True	True	True
orf_4c21b1a303b7258ab6faea0204654d36fb14340d00a0226299fbe2256fec9c2d	peptide_dbe63ac2fd19bcb0471334efc8f3f26068724f8a1fa27b6ec33cea8d1276d6e7	parent_a_canonical	1	104	104	0.5192307692307693	0.47579296133839166	32	True	True	False
orf_4c21b1a303b7258ab6faea0204654d36fb14340d00a0226299fbe2256fec9c2d	peptide_dbe63ac2fd19bcb0471334efc8f3f26068724f8a1fa27b6ec33cea8d1276d6e7	junction_split_codon	105	105	1	1.0	0.9360455274581909	1	True	True	True
orf_4c21b1a303b7258ab6faea0204654d36fb14340d00a0226299fbe2256fec9c2d	peptide_dbe63ac2fd19bcb0471334efc8f3f26068724f8a1fa27b6ec33cea8d1276d6e7	parent_b_out_of_frame	106	114	9	1.0	0.9254805776807997	9	True	True	True
orf_9e807e13d1c3c91e5897e393f93859f7f139f40d5f12ff41859e5a459c9cbdfb	peptide_c5aa1181f378e8535d24133e7306de2fee0a8ffef0f3b5dd13badc5dd4a2c962	parent_a_canonical	1	135	135	0.8518518518518519	0.8311942721958514	115	True	True	True
orf_9e807e13d1c3c91e5897e393f93859f7f139f40d5f12ff41859e5a459c9cbdfb	peptide_c5aa1181f378e8535d24133e7306de2fee0a8ffef0f3b5dd13badc5dd4a2c962	junction_split_codon	136	136	1	0.0	0.21334978938102722	0	False	False	False
orf_9e807e13d1c3c91e5897e393f93859f7f139f40d5f12ff41859e5a459c9cbdfb	peptide_c5aa1181f378e8535d24133e7306de2fee0a8ffef0f3b5dd13badc5dd4a2c962	parent_b_canonical	137	635	499	0.18236472945891782	0.27511982816851926	47	False	False	False
orf_43b313b8b753c22586f8fae824f91c4a05462fbcfb2f23142e2693b19cd04f9c	peptide_cb97015f50ef275c05983c5ed87741c420183c811a8e822dafb8f5a9508f892b	parent_a_canonical	1	135	135	0.8518518518518519	0.8345008887626507	115	True	True	True
orf_43b313b8b753c22586f8fae824f91c4a05462fbcfb2f23142e2693b19cd04f9c	peptide_cb97015f50ef275c05983c5ed87741c420183c811a8e822dafb8f5a9508f892b	junction_split_codon	136	136	1	0.0	0.2319636046886444	0	False	False	False
orf_43b313b8b753c22586f8fae824f91c4a05462fbcfb2f23142e2693b19cd04f9c	peptide_cb97015f50ef275c05983c5ed87741c420183c811a8e822dafb8f5a9508f892b	parent_b_canonical	137	587	451	0.0975609756097561	0.21337869099264928	44	False	False	False
orf_82c8ed2c6664ef4551e297fcbcf4126e8b2a9269eb1a7b4398e8fa30572b7063	peptide_139563c3790484e398f1558332258abd5f38773b4c9b8c7dd1d496f233efbed8	parent_a_canonical	1	126	126	0.8333333333333334	0.8080030613475375	105	True	True	True
orf_82c8ed2c6664ef4551e297fcbcf4126e8b2a9269eb1a7b4398e8fa30572b7063	peptide_139563c3790484e398f1558332258abd5f38773b4c9b8c7dd1d496f233efbed8	junction_split_codon	127	127	1	0.0	0.16251301765441895	0	False	False	False
orf_82c8ed2c6664ef4551e297fcbcf4126e8b2a9269eb1a7b4398e8fa30572b7063	peptide_139563c3790484e398f1558332258abd5f38773b4c9b8c7dd1d496f233efbed8	parent_b_canonical	128	626	499	0.18236472945891782	0.27653740026907836	47	False	False	False
orf_c7019f281f45cd519ec3f44bd6d441bb16a0064e8ab168dc31b8a1f2e195aae1	peptide_bb6a0efabb44c22429af8b146d72d3eae65afa0851fc1b4f46e83997a65ef711	parent_a_canonical	1	126	126	0.8333333333333334	0.8111360809869237	105	True	True	True
orf_c7019f281f45cd519ec3f44bd6d441bb16a0064e8ab168dc31b8a1f2e195aae1	peptide_bb6a0efabb44c22429af8b146d72d3eae65afa0851fc1b4f46e83997a65ef711	junction_split_codon	127	127	1	0.0	0.17713798582553864	0	False	False	False
orf_c7019f281f45cd519ec3f44bd6d441bb16a0064e8ab168dc31b8a1f2e195aae1	peptide_bb6a0efabb44c22429af8b146d72d3eae65afa0851fc1b4f46e83997a65ef711	parent_b_canonical	128	578	451	0.0975609756097561	0.2148439129876456	44	False	False	False
orf_513a834fb3fb53bdf8ba43d3e720f2cafa7e9a75423a79609d07d68071e199ef	peptide_c5aa1181f378e8535d24133e7306de2fee0a8ffef0f3b5dd13badc5dd4a2c962	parent_a_canonical	1	135	135	0.8518518518518519	0.8311942721958514	115	True	True	True
orf_513a834fb3fb53bdf8ba43d3e720f2cafa7e9a75423a79609d07d68071e199ef	peptide_c5aa1181f378e8535d24133e7306de2fee0a8ffef0f3b5dd13badc5dd4a2c962	junction_split_codon	136	136	1	0.0	0.21334978938102722	0	False	False	False
orf_513a834fb3fb53bdf8ba43d3e720f2cafa7e9a75423a79609d07d68071e199ef	peptide_c5aa1181f378e8535d24133e7306de2fee0a8ffef0f3b5dd13badc5dd4a2c962	parent_b_canonical	137	635	499	0.18236472945891782	0.27511982816851926	47	False	False	False
orf_8d23a481b9ade18b540b3e9d5a0006d941ef383e10ec37df647877f93342540e	peptide_cb97015f50ef275c05983c5ed87741c420183c811a8e822dafb8f5a9508f892b	parent_a_canonical	1	135	135	0.8518518518518519	0.8345008887626507	115	True	True	True
orf_8d23a481b9ade18b540b3e9d5a0006d941ef383e10ec37df647877f93342540e	peptide_cb97015f50ef275c05983c5ed87741c420183c811a8e822dafb8f5a9508f892b	junction_split_codon	136	136	1	0.0	0.2319636046886444	0	False	False	False
orf_8d23a481b9ade18b540b3e9d5a0006d941ef383e10ec37df647877f93342540e	peptide_cb97015f50ef275c05983c5ed87741c420183c811a8e822dafb8f5a9508f892b	parent_b_canonical	137	587	451	0.0975609756097561	0.21337869099264928	44	False	False	False
orf_b32850e58bfd0be56b0360313dddfd9656323160b08ce23126d3c5dee1172e93	peptide_c5aa1181f378e8535d24133e7306de2fee0a8ffef0f3b5dd13badc5dd4a2c962	parent_a_canonical	1	135	135	0.8518518518518519	0.8311942721958514	115	True	True	True
orf_b32850e58bfd0be56b0360313dddfd9656323160b08ce23126d3c5dee1172e93	peptide_c5aa1181f378e8535d24133e7306de2fee0a8ffef0f3b5dd13badc5dd4a2c962	junction_split_codon	136	136	1	0.0	0.21334978938102722	0	False	False	False
orf_b32850e58bfd0be56b0360313dddfd9656323160b08ce23126d3c5dee1172e93	peptide_c5aa1181f378e8535d24133e7306de2fee0a8ffef0f3b5dd13badc5dd4a2c962	parent_b_canonical	137	635	499	0.18236472945891782	0.27511982816851926	47	False	False	False
orf_80d62106401bc35bec4651674dda9ccc7b2e71fa73660914786da003f66b7e42	peptide_cb97015f50ef275c05983c5ed87741c420183c811a8e822dafb8f5a9508f892b	parent_a_canonical	1	135	135	0.8518518518518519	0.8345008887626507	115	True	True	True
orf_80d62106401bc35bec4651674dda9ccc7b2e71fa73660914786da003f66b7e42	peptide_cb97015f50ef275c05983c5ed87741c420183c811a8e822dafb8f5a9508f892b	junction_split_codon	136	136	1	0.0	0.2319636046886444	0	False	False	False
orf_80d62106401bc35bec4651674dda9ccc7b2e71fa73660914786da003f66b7e42	peptide_cb97015f50ef275c05983c5ed87741c420183c811a8e822dafb8f5a9508f892b	parent_b_canonical	137	587	451	0.0975609756097561	0.21337869099264928	44	False	False	False
orf_aa741787239ceacdcc2e95d82c796c0243cb12cd93ad27d3873c78659716a421	peptide_c5aa1181f378e8535d24133e7306de2fee0a8ffef0f3b5dd13badc5dd4a2c962	parent_a_canonical	1	135	135	0.8518518518518519	0.8311942721958514	115	True	True	True
orf_aa741787239ceacdcc2e95d82c796c0243cb12cd93ad27d3873c78659716a421	peptide_c5aa1181f378e8535d24133e7306de2fee0a8ffef0f3b5dd13badc5dd4a2c962	junction_split_codon	136	136	1	0.0	0.21334978938102722	0	False	False	False
orf_aa741787239ceacdcc2e95d82c796c0243cb12cd93ad27d3873c78659716a421	peptide_c5aa1181f378e8535d24133e7306de2fee0a8ffef0f3b5dd13badc5dd4a2c962	parent_b_canonical	137	635	499	0.18236472945891782	0.27511982816851926	47	False	False	False
orf_c51848e3659af41740e48518c9db7a15f75b0ad9aa7b1b85621849dfe8a9bcae	peptide_cb97015f50ef275c05983c5ed87741c420183c811a8e822dafb8f5a9508f892b	parent_a_canonical	1	135	135	0.8518518518518519	0.8345008887626507	115	True	True	True
orf_c51848e3659af41740e48518c9db7a15f75b0ad9aa7b1b85621849dfe8a9bcae	peptide_cb97015f50ef275c05983c5ed87741c420183c811a8e822dafb8f5a9508f892b	junction_split_codon	136	136	1	0.0	0.2319636046886444	0	False	False	False
orf_c51848e3659af41740e48518c9db7a15f75b0ad9aa7b1b85621849dfe8a9bcae	peptide_cb97015f50ef275c05983c5ed87741c420183c811a8e822dafb8f5a9508f892b	parent_b_canonical	137	587	451	0.0975609756097561	0.21337869099264928	44	False	False	False
orf_0cff0f18a4022f2e3f93767f8ce20c0b6b23ced6332307ceeb028bbb8b6f2bdc	peptide_5ab5e29857f2cd5da92b5e094e07c40bb5bc57e5337cb74ff8eddf36df1360ea	parent_a_canonical	1	104	104	0.4807692307692308	0.421501699835062	31	False	True	False
orf_0cff0f18a4022f2e3f93767f8ce20c0b6b23ced6332307ceeb028bbb8b6f2bdc	peptide_5ab5e29857f2cd5da92b5e094e07c40bb5bc57e5337cb74ff8eddf36df1360ea	junction_split_codon	105	105	1	1.0	0.6092433929443359	1	True	True	True
orf_0cff0f18a4022f2e3f93767f8ce20c0b6b23ced6332307ceeb028bbb8b6f2bdc	peptide_5ab5e29857f2cd5da92b5e094e07c40bb5bc57e5337cb74ff8eddf36df1360ea	parent_b_out_of_frame	106	153	48	0.0625	0.22100343834608793	3	False	False	False
orf_6ca9cf64cde691a187383cbff88d31c8f7cd8d7b872cf454e674a6861033f418	peptide_1015ff2fa888cebfb365500cc0ab8e73fbbf1ac9a892fa1436d4660a59c814cd	parent_a_canonical	1	135	135	0.8666666666666667	0.7731494320763482	117	True	True	True
orf_6ca9cf64cde691a187383cbff88d31c8f7cd8d7b872cf454e674a6861033f418	peptide_1015ff2fa888cebfb365500cc0ab8e73fbbf1ac9a892fa1436d4660a59c814cd	junction_split_codon	136	136	1	0.0	0.4383160471916199	0	False	False	False
orf_6ca9cf64cde691a187383cbff88d31c8f7cd8d7b872cf454e674a6861033f418	peptide_1015ff2fa888cebfb365500cc0ab8e73fbbf1ac9a892fa1436d4660a59c814cd	parent_b_out_of_frame	137	139	3	0.3333333333333333	0.495623121658961	1	False	False	False
orf_1e42b331164675dc0ce19a8fffcb723c9f5364b1f8c3b5a1839a68fb688f5d08	peptide_1a7b2bbbbf30fea698c57990414166e3db473b4ecba590ce3231a6f36c80546f	parent_a_canonical	1	126	126	0.8492063492063492	0.7494352888020258	107	True	True	True
orf_1e42b331164675dc0ce19a8fffcb723c9f5364b1f8c3b5a1839a68fb688f5d08	peptide_1a7b2bbbbf30fea698c57990414166e3db473b4ecba590ce3231a6f36c80546f	junction_split_codon	127	127	1	0.0	0.42814746499061584	0	False	False	False
orf_1e42b331164675dc0ce19a8fffcb723c9f5364b1f8c3b5a1839a68fb688f5d08	peptide_1a7b2bbbbf30fea698c57990414166e3db473b4ecba590ce3231a6f36c80546f	parent_b_out_of_frame	128	130	3	0.3333333333333333	0.4878419836362203	1	False	False	False
orf_0deca09dbf5c349eacf0cfd742bd5ab1268ceeff6ce374e4c8287970a95e9bd1	peptide_1015ff2fa888cebfb365500cc0ab8e73fbbf1ac9a892fa1436d4660a59c814cd	parent_a_canonical	1	135	135	0.8666666666666667	0.7731494320763482	117	True	True	True
orf_0deca09dbf5c349eacf0cfd742bd5ab1268ceeff6ce374e4c8287970a95e9bd1	peptide_1015ff2fa888cebfb365500cc0ab8e73fbbf1ac9a892fa1436d4660a59c814cd	junction_split_codon	136	136	1	0.0	0.4383160471916199	0	False	False	False
orf_0deca09dbf5c349eacf0cfd742bd5ab1268ceeff6ce374e4c8287970a95e9bd1	peptide_1015ff2fa888cebfb365500cc0ab8e73fbbf1ac9a892fa1436d4660a59c814cd	parent_b_out_of_frame	137	139	3	0.3333333333333333	0.495623121658961	1	False	False	False
orf_4fce22eb263f7865bbb10c2f3148ac871af7ef5145e9204fa46131a25bc3c11e	peptide_1015ff2fa888cebfb365500cc0ab8e73fbbf1ac9a892fa1436d4660a59c814cd	parent_a_canonical	1	135	135	0.8666666666666667	0.7731494320763482	117	True	True	True
orf_4fce22eb263f7865bbb10c2f3148ac871af7ef5145e9204fa46131a25bc3c11e	peptide_1015ff2fa888cebfb365500cc0ab8e73fbbf1ac9a892fa1436d4660a59c814cd	junction_split_codon	136	136	1	0.0	0.4383160471916199	0	False	False	False
orf_4fce22eb263f7865bbb10c2f3148ac871af7ef5145e9204fa46131a25bc3c11e	peptide_1015ff2fa888cebfb365500cc0ab8e73fbbf1ac9a892fa1436d4660a59c814cd	parent_b_out_of_frame	137	139	3	0.3333333333333333	0.495623121658961	1	False	False	False
orf_e9664b126e8432f90902129a0e05ef7ab9e3a31a154554ed6675a4d88afbb1d8	peptide_1015ff2fa888cebfb365500cc0ab8e73fbbf1ac9a892fa1436d4660a59c814cd	parent_a_canonical	1	135	135	0.8666666666666667	0.7731494320763482	117	True	True	True
orf_e9664b126e8432f90902129a0e05ef7ab9e3a31a154554ed6675a4d88afbb1d8	peptide_1015ff2fa888cebfb365500cc0ab8e73fbbf1ac9a892fa1436d4660a59c814cd	junction_split_codon	136	136	1	0.0	0.4383160471916199	0	False	False	False
orf_e9664b126e8432f90902129a0e05ef7ab9e3a31a154554ed6675a4d88afbb1d8	peptide_1015ff2fa888cebfb365500cc0ab8e73fbbf1ac9a892fa1436d4660a59c814cd	parent_b_out_of_frame	137	139	3	0.3333333333333333	0.495623121658961	1	False	False	False
orf_6ee8149fab1ed2b4dffe387d1864300b50b3e0782195a5e92e33090659204be5	peptide_57d0d0dcf6e822977e6241e297a8c01a63b5946f671c050ffb0862f613df07b2	parent_a_canonical	1	37	37	1.0	0.7903534302840362	37	True	True	True
orf_6ee8149fab1ed2b4dffe387d1864300b50b3e0782195a5e92e33090659204be5	peptide_57d0d0dcf6e822977e6241e297a8c01a63b5946f671c050ffb0862f613df07b2	junction_split_codon	38	38	1	1.0	0.8479865789413452	1	True	True	True
orf_6ee8149fab1ed2b4dffe387d1864300b50b3e0782195a5e92e33090659204be5	peptide_57d0d0dcf6e822977e6241e297a8c01a63b5946f671c050ffb0862f613df07b2	parent_b_out_of_frame	39	44	6	1.0	0.9121144016583761	6	True	True	True
orf_ac071e8c93b6ae693c9ef74cede55653718c86fb8175962d9d4a2e1cdfd13881	peptide_57d0d0dcf6e822977e6241e297a8c01a63b5946f671c050ffb0862f613df07b2	parent_a_canonical	1	37	37	1.0	0.7903534302840362	37	True	True	True
orf_ac071e8c93b6ae693c9ef74cede55653718c86fb8175962d9d4a2e1cdfd13881	peptide_57d0d0dcf6e822977e6241e297a8c01a63b5946f671c050ffb0862f613df07b2	junction_split_codon	38	38	1	1.0	0.8479865789413452	1	True	True	True
orf_ac071e8c93b6ae693c9ef74cede55653718c86fb8175962d9d4a2e1cdfd13881	peptide_57d0d0dcf6e822977e6241e297a8c01a63b5946f671c050ffb0862f613df07b2	parent_b_out_of_frame	39	44	6	1.0	0.9121144016583761	6	True	True	True
orf_82d711bdbd09637cdd682aca095366b6e4aa8fc4e8ff7af38713d94ae31ef8ca	peptide_57d0d0dcf6e822977e6241e297a8c01a63b5946f671c050ffb0862f613df07b2	parent_a_canonical	1	37	37	1.0	0.7903534302840362	37	True	True	True
orf_82d711bdbd09637cdd682aca095366b6e4aa8fc4e8ff7af38713d94ae31ef8ca	peptide_57d0d0dcf6e822977e6241e297a8c01a63b5946f671c050ffb0862f613df07b2	junction_split_codon	38	38	1	1.0	0.8479865789413452	1	True	True	True
orf_82d711bdbd09637cdd682aca095366b6e4aa8fc4e8ff7af38713d94ae31ef8ca	peptide_57d0d0dcf6e822977e6241e297a8c01a63b5946f671c050ffb0862f613df07b2	parent_b_out_of_frame	39	44	6	1.0	0.9121144016583761	6	True	True	True
orf_e5d71efa5412747040063f470c5da32e620502a765ae58b8c674a516d4fb04a7	peptide_57d0d0dcf6e822977e6241e297a8c01a63b5946f671c050ffb0862f613df07b2	parent_a_canonical	1	37	37	1.0	0.7903534302840362	37	True	True	True
orf_e5d71efa5412747040063f470c5da32e620502a765ae58b8c674a516d4fb04a7	peptide_57d0d0dcf6e822977e6241e297a8c01a63b5946f671c050ffb0862f613df07b2	junction_split_codon	38	38	1	1.0	0.8479865789413452	1	True	True	True
orf_e5d71efa5412747040063f470c5da32e620502a765ae58b8c674a516d4fb04a7	peptide_57d0d0dcf6e822977e6241e297a8c01a63b5946f671c050ffb0862f613df07b2	parent_b_out_of_frame	39	44	6	1.0	0.9121144016583761	6	True	True	True
orf_2bedb98d54201c648ea8dab5d995161e5993f578f4dd416ddd4ea5b52feb958e	peptide_57d0d0dcf6e822977e6241e297a8c01a63b5946f671c050ffb0862f613df07b2	parent_a_canonical	1	37	37	1.0	0.7903534302840362	37	True	True	True
orf_2bedb98d54201c648ea8dab5d995161e5993f578f4dd416ddd4ea5b52feb958e	peptide_57d0d0dcf6e822977e6241e297a8c01a63b5946f671c050ffb0862f613df07b2	junction_split_codon	38	38	1	1.0	0.8479865789413452	1	True	True	True
orf_2bedb98d54201c648ea8dab5d995161e5993f578f4dd416ddd4ea5b52feb958e	peptide_57d0d0dcf6e822977e6241e297a8c01a63b5946f671c050ffb0862f613df07b2	parent_b_out_of_frame	39	44	6	1.0	0.9121144016583761	6	True	True	True
orf_9b8e339dbe3b82d77e6ebf7d6a157583217c4729f12beda999ce8e68ae3e3c70	peptide_3868fed335582b3a056d423efc2dbae9dfa7c7350d3572a0f67798065f307d53	parent_a_canonical	1	88	88	0.4659090909090909	0.4148930360309102	41	False	True	False
orf_9b8e339dbe3b82d77e6ebf7d6a157583217c4729f12beda999ce8e68ae3e3c70	peptide_3868fed335582b3a056d423efc2dbae9dfa7c7350d3572a0f67798065f307d53	junction_split_codon	89	89	1	0.0	0.175645649433136	0	False	False	False
orf_9b8e339dbe3b82d77e6ebf7d6a157583217c4729f12beda999ce8e68ae3e3c70	peptide_3868fed335582b3a056d423efc2dbae9dfa7c7350d3572a0f67798065f307d53	parent_b_out_of_frame	90	99	10	0.0	0.2371414765715599	0	False	False	False
orf_77b4e354541dda504056c412e04a1201dd33fb93265f1c6a473b3d69fcd3db5d	peptide_3868fed335582b3a056d423efc2dbae9dfa7c7350d3572a0f67798065f307d53	parent_a_canonical	1	88	88	0.4659090909090909	0.4148930360309102	41	False	True	False
orf_77b4e354541dda504056c412e04a1201dd33fb93265f1c6a473b3d69fcd3db5d	peptide_3868fed335582b3a056d423efc2dbae9dfa7c7350d3572a0f67798065f307d53	junction_split_codon	89	89	1	0.0	0.175645649433136	0	False	False	False
orf_77b4e354541dda504056c412e04a1201dd33fb93265f1c6a473b3d69fcd3db5d	peptide_3868fed335582b3a056d423efc2dbae9dfa7c7350d3572a0f67798065f307d53	parent_b_out_of_frame	90	99	10	0.0	0.2371414765715599	0	False	False	False
orf_9773149ccc9ab50db4048142870964fce437625f9001a791e171f1fefafbdd82	peptide_3868fed335582b3a056d423efc2dbae9dfa7c7350d3572a0f67798065f307d53	parent_a_canonical	1	88	88	0.4659090909090909	0.4148930360309102	41	False	True	False
orf_9773149ccc9ab50db4048142870964fce437625f9001a791e171f1fefafbdd82	peptide_3868fed335582b3a056d423efc2dbae9dfa7c7350d3572a0f67798065f307d53	junction_split_codon	89	89	1	0.0	0.175645649433136	0	False	False	False
orf_9773149ccc9ab50db4048142870964fce437625f9001a791e171f1fefafbdd82	peptide_3868fed335582b3a056d423efc2dbae9dfa7c7350d3572a0f67798065f307d53	parent_b_out_of_frame	90	99	10	0.0	0.2371414765715599	0	False	False	False
orf_e62cc1995ba968e59a57c1e9a580e586b8f5492fa3d3f624d4e01af7fb4971ce	peptide_3868fed335582b3a056d423efc2dbae9dfa7c7350d3572a0f67798065f307d53	parent_a_canonical	1	88	88	0.4659090909090909	0.4148930360309102	41	False	True	False
orf_e62cc1995ba968e59a57c1e9a580e586b8f5492fa3d3f624d4e01af7fb4971ce	peptide_3868fed335582b3a056d423efc2dbae9dfa7c7350d3572a0f67798065f307d53	junction_split_codon	89	89	1	0.0	0.175645649433136	0	False	False	False
orf_e62cc1995ba968e59a57c1e9a580e586b8f5492fa3d3f624d4e01af7fb4971ce	peptide_3868fed335582b3a056d423efc2dbae9dfa7c7350d3572a0f67798065f307d53	parent_b_out_of_frame	90	99	10	0.0	0.2371414765715599	0	False	False	False
orf_a4ae9019fa2f5837e989f97d2721ca843958433d17adb50f30099add7c017c86	peptide_3868fed335582b3a056d423efc2dbae9dfa7c7350d3572a0f67798065f307d53	parent_a_canonical	1	88	88	0.4659090909090909	0.4148930360309102	41	False	True	False
orf_a4ae9019fa2f5837e989f97d2721ca843958433d17adb50f30099add7c017c86	peptide_3868fed335582b3a056d423efc2dbae9dfa7c7350d3572a0f67798065f307d53	junction_split_codon	89	89	1	0.0	0.175645649433136	0	False	False	False
orf_a4ae9019fa2f5837e989f97d2721ca843958433d17adb50f30099add7c017c86	peptide_3868fed335582b3a056d423efc2dbae9dfa7c7350d3572a0f67798065f307d53	parent_b_out_of_frame	90	99	10	0.0	0.2371414765715599	0	False	False	False
orf_0a0283b8715637f37b2f55925838772d9ce242e7a0d71b267d1678e7efeb41eb	peptide_3868fed335582b3a056d423efc2dbae9dfa7c7350d3572a0f67798065f307d53	parent_a_canonical	1	88	88	0.4659090909090909	0.4148930360309102	41	False	True	False
orf_0a0283b8715637f37b2f55925838772d9ce242e7a0d71b267d1678e7efeb41eb	peptide_3868fed335582b3a056d423efc2dbae9dfa7c7350d3572a0f67798065f307d53	junction_split_codon	89	89	1	0.0	0.175645649433136	0	False	False	False
orf_0a0283b8715637f37b2f55925838772d9ce242e7a0d71b267d1678e7efeb41eb	peptide_3868fed335582b3a056d423efc2dbae9dfa7c7350d3572a0f67798065f307d53	parent_b_out_of_frame	90	99	10	0.0	0.2371414765715599	0	False	False	False
orf_155e5891c7c3131066d6649753bf7eb1a8fd3bc331f29f1155ddc2f553a548a6	peptide_3868fed335582b3a056d423efc2dbae9dfa7c7350d3572a0f67798065f307d53	parent_a_canonical	1	88	88	0.4659090909090909	0.4148930360309102	41	False	True	False
orf_155e5891c7c3131066d6649753bf7eb1a8fd3bc331f29f1155ddc2f553a548a6	peptide_3868fed335582b3a056d423efc2dbae9dfa7c7350d3572a0f67798065f307d53	junction_split_codon	89	89	1	0.0	0.175645649433136	0	False	False	False
orf_155e5891c7c3131066d6649753bf7eb1a8fd3bc331f29f1155ddc2f553a548a6	peptide_3868fed335582b3a056d423efc2dbae9dfa7c7350d3572a0f67798065f307d53	parent_b_out_of_frame	90	99	10	0.0	0.2371414765715599	0	False	False	False
orf_22908a3fe671c1348eb9d2bb8b216031c239d337d4713b84b5ba188b3ace5f82	peptide_3868fed335582b3a056d423efc2dbae9dfa7c7350d3572a0f67798065f307d53	parent_a_canonical	1	88	88	0.4659090909090909	0.4148930360309102	41	False	True	False
orf_22908a3fe671c1348eb9d2bb8b216031c239d337d4713b84b5ba188b3ace5f82	peptide_3868fed335582b3a056d423efc2dbae9dfa7c7350d3572a0f67798065f307d53	junction_split_codon	89	89	1	0.0	0.175645649433136	0	False	False	False
orf_22908a3fe671c1348eb9d2bb8b216031c239d337d4713b84b5ba188b3ace5f82	peptide_3868fed335582b3a056d423efc2dbae9dfa7c7350d3572a0f67798065f307d53	parent_b_out_of_frame	90	99	10	0.0	0.2371414765715599	0	False	False	False
orf_b506906d414898af9b3556e327e0932af2abac6f1a8bb28bd04c17e83337365d	peptide_e48f3c517ce97280418f285dcc2fded5b7e117f6b8dabd50384472b8eb355ff2	parent_a_canonical	1	26	26	0.5384615384615384	0.4685709992280373	13	True	True	False
orf_b506906d414898af9b3556e327e0932af2abac6f1a8bb28bd04c17e83337365d	peptide_e48f3c517ce97280418f285dcc2fded5b7e117f6b8dabd50384472b8eb355ff2	parent_b_canonical	27	84	58	0.0	0.07305931094391592	0	False	False	False
orf_fd89d38260d88d3b44c31cc8fe038a2a011c8d7b1017f16204007bdd76e120c1	peptide_995610c8b20c13f099e69762a68583e23fac1924d42e96a1468586f9b62a1509	parent_a_canonical	1	26	26	0.5384615384615384	0.483020808834296	12	True	True	False
orf_fd89d38260d88d3b44c31cc8fe038a2a011c8d7b1017f16204007bdd76e120c1	peptide_995610c8b20c13f099e69762a68583e23fac1924d42e96a1468586f9b62a1509	parent_b_canonical	27	223	197	0.0	0.08277534356879704	0	False	False	False
orf_225c01aeb8d347e4bbe0c59196fcfaa00210c5a2e322f89deec99902b7a144bb	peptide_e48f3c517ce97280418f285dcc2fded5b7e117f6b8dabd50384472b8eb355ff2	parent_a_canonical	1	26	26	0.5384615384615384	0.4685709992280373	13	True	True	False
orf_225c01aeb8d347e4bbe0c59196fcfaa00210c5a2e322f89deec99902b7a144bb	peptide_e48f3c517ce97280418f285dcc2fded5b7e117f6b8dabd50384472b8eb355ff2	parent_b_unannotated_CDS	27	84	58	0.0	0.07305931094391592	0	False	False	False
orf_d7a29c7fc58c7148da61adbe437bb1e183576e138fddb58130edbc6cf0d4da2e	peptide_6f9c6c95e73d37c0af4cb615693fd91bd7be5767a64ec7f7327d3527f4ed7dac	parent_a_canonical	1	26	26	0.6538461538461539	0.5057243796495291	17	True	True	True
orf_d7a29c7fc58c7148da61adbe437bb1e183576e138fddb58130edbc6cf0d4da2e	peptide_6f9c6c95e73d37c0af4cb615693fd91bd7be5767a64ec7f7327d3527f4ed7dac	parent_b_canonical	27	263	237	0.0	0.07787555456161499	0	False	False	False
orf_f8cdf1c7f22168b1b5ce3057ab0535c0614d7543dd4778a72cef2c55d13a582b	peptide_6f9c6c95e73d37c0af4cb615693fd91bd7be5767a64ec7f7327d3527f4ed7dac	parent_a_canonical	1	26	26	0.6538461538461539	0.5057243796495291	17	True	True	True
orf_f8cdf1c7f22168b1b5ce3057ab0535c0614d7543dd4778a72cef2c55d13a582b	peptide_6f9c6c95e73d37c0af4cb615693fd91bd7be5767a64ec7f7327d3527f4ed7dac	parent_b_canonical	27	263	237	0.0	0.07787555456161499	0	False	False	False
orf_0ae1d6024582a0875002a3363788b9204436d04118f2a5476e431a7831da7e7d	peptide_e48f3c517ce97280418f285dcc2fded5b7e117f6b8dabd50384472b8eb355ff2	parent_a_canonical	1	26	26	0.5384615384615384	0.4685709992280373	13	True	True	False
orf_0ae1d6024582a0875002a3363788b9204436d04118f2a5476e431a7831da7e7d	peptide_e48f3c517ce97280418f285dcc2fded5b7e117f6b8dabd50384472b8eb355ff2	parent_b_canonical	27	84	58	0.0	0.07305931094391592	0	False	False	False
orf_e45f0b53bb83cd9602ea4f0dc3a6ce0f14960a244a7bae16cae459d0d6c49aa8	peptide_995610c8b20c13f099e69762a68583e23fac1924d42e96a1468586f9b62a1509	parent_a_canonical	1	26	26	0.5384615384615384	0.483020808834296	12	True	True	False
orf_e45f0b53bb83cd9602ea4f0dc3a6ce0f14960a244a7bae16cae459d0d6c49aa8	peptide_995610c8b20c13f099e69762a68583e23fac1924d42e96a1468586f9b62a1509	parent_b_canonical	27	223	197	0.0	0.08277534356879704	0	False	False	False
orf_60f1167162923ea252f833a996347bb4e560a5e01ffa253ae5319fb4843d56de	peptide_e48f3c517ce97280418f285dcc2fded5b7e117f6b8dabd50384472b8eb355ff2	parent_a_canonical	1	26	26	0.5384615384615384	0.4685709992280373	13	True	True	False
orf_60f1167162923ea252f833a996347bb4e560a5e01ffa253ae5319fb4843d56de	peptide_e48f3c517ce97280418f285dcc2fded5b7e117f6b8dabd50384472b8eb355ff2	parent_b_unannotated_CDS	27	84	58	0.0	0.07305931094391592	0	False	False	False
orf_a26b44c5be4329d802907128228b81d6bdab14880f807e3f0a50bbbc73ee6a35	peptide_6f9c6c95e73d37c0af4cb615693fd91bd7be5767a64ec7f7327d3527f4ed7dac	parent_a_canonical	1	26	26	0.6538461538461539	0.5057243796495291	17	True	True	True
orf_a26b44c5be4329d802907128228b81d6bdab14880f807e3f0a50bbbc73ee6a35	peptide_6f9c6c95e73d37c0af4cb615693fd91bd7be5767a64ec7f7327d3527f4ed7dac	parent_b_canonical	27	263	237	0.0	0.07787555456161499	0	False	False	False
orf_23d739c8c4eb1967c14e00fa21569cd884204e35aad76fd194cdb54a9e0f2046	peptide_6f9c6c95e73d37c0af4cb615693fd91bd7be5767a64ec7f7327d3527f4ed7dac	parent_a_canonical	1	26	26	0.6538461538461539	0.5057243796495291	17	True	True	True
orf_23d739c8c4eb1967c14e00fa21569cd884204e35aad76fd194cdb54a9e0f2046	peptide_6f9c6c95e73d37c0af4cb615693fd91bd7be5767a64ec7f7327d3527f4ed7dac	parent_b_canonical	27	263	237	0.0	0.07787555456161499	0	False	False	False
orf_6191b0c6a673ef4e480a072c9fcb0dc835df0e8808f074b422f58ccc0fcb0111	peptide_29ea5ee0680ecd1f94f1277f5409186d94102586e1ff61dc723a33f27a95836b	parent_a_canonical	1	26	26	0.7307692307692307	0.563018819460502	19	True	True	True
orf_6191b0c6a673ef4e480a072c9fcb0dc835df0e8808f074b422f58ccc0fcb0111	peptide_29ea5ee0680ecd1f94f1277f5409186d94102586e1ff61dc723a33f27a95836b	parent_b_canonical	27	206	180	0.0	0.07993884492251609	0	False	False	False
orf_8e5cfbb31a07c37303b7f1cb569cbbdc277e896a7c34743c09cf65f75340a94c	peptide_93da00c13b107cc869cc2d289cf4367dc03321113f2a152598e850d7d560bc26	parent_a_canonical	1	26	26	0.6538461538461539	0.5142694425124389	17	True	True	True
orf_8e5cfbb31a07c37303b7f1cb569cbbdc277e896a7c34743c09cf65f75340a94c	peptide_93da00c13b107cc869cc2d289cf4367dc03321113f2a152598e850d7d560bc26	parent_b_unannotated_CDS	27	166	140	0.0	0.11491637325712613	0	False	False	False
orf_d73e8c70d0d8fc6a0b0f6336309ebc99d0b28a9570f4a85c911bd7f5930a6aa7	peptide_29ea5ee0680ecd1f94f1277f5409186d94102586e1ff61dc723a33f27a95836b	parent_a_canonical	1	26	26	0.7307692307692307	0.563018819460502	19	True	True	True
orf_d73e8c70d0d8fc6a0b0f6336309ebc99d0b28a9570f4a85c911bd7f5930a6aa7	peptide_29ea5ee0680ecd1f94f1277f5409186d94102586e1ff61dc723a33f27a95836b	parent_b_canonical	27	206	180	0.0	0.07993884492251609	0	False	False	False
orf_1fde8aae1e534ce28f8a8737914992d083bbbc94ca1d4ccff166af4d00b02403	peptide_93da00c13b107cc869cc2d289cf4367dc03321113f2a152598e850d7d560bc26	parent_a_canonical	1	26	26	0.6538461538461539	0.5142694425124389	17	True	True	True
orf_1fde8aae1e534ce28f8a8737914992d083bbbc94ca1d4ccff166af4d00b02403	peptide_93da00c13b107cc869cc2d289cf4367dc03321113f2a152598e850d7d560bc26	parent_b_unannotated_CDS	27	166	140	0.0	0.11491637325712613	0	False	False	False
orf_782110296cf2b09eb48f39340a14a87648e163d6cd21aa7b80002f55e41d8917	peptide_b0f7012915787af8c78d24c3b962bedf5ff153a837d9fe4c4783341713813c3b	parent_a_canonical	1	89	89	0.3595505617977528	0.3597744465543983	32	False	False	False
orf_782110296cf2b09eb48f39340a14a87648e163d6cd21aa7b80002f55e41d8917	peptide_b0f7012915787af8c78d24c3b962bedf5ff153a837d9fe4c4783341713813c3b	parent_b_canonical	90	235	146	0.0	0.08399667049923988	0	False	False	False
orf_e816ae8945e94089e6e87e27d11b8476e0f472057ef78788bc68be656e5b67fc	peptide_b0f7012915787af8c78d24c3b962bedf5ff153a837d9fe4c4783341713813c3b	parent_a_canonical	1	89	89	0.3595505617977528	0.3597744465543983	32	False	False	False
orf_e816ae8945e94089e6e87e27d11b8476e0f472057ef78788bc68be656e5b67fc	peptide_b0f7012915787af8c78d24c3b962bedf5ff153a837d9fe4c4783341713813c3b	parent_b_unannotated_CDS	90	235	146	0.0	0.08399667049923988	0	False	False	False
orf_f1cc217477541598b94ae2637dded28343bfaab0e8388d8b6aab085405644ed3	peptide_4d6b671f67914a092e9a5f3bbea33bd2487c5c33e47d7b3cb6d2e6a0beb9d2f1	parent_a_canonical	1	125	125	0.44	0.4339384068250656	55	False	True	False
orf_f1cc217477541598b94ae2637dded28343bfaab0e8388d8b6aab085405644ed3	peptide_4d6b671f67914a092e9a5f3bbea33bd2487c5c33e47d7b3cb6d2e6a0beb9d2f1	parent_b_canonical	126	271	146	0.0	0.091586671361368	0	False	False	False
orf_dffa9467c408c6c6608f81dd0f06ee12d63f1513bbc824930d9baa2ddfa50545	peptide_4d6b671f67914a092e9a5f3bbea33bd2487c5c33e47d7b3cb6d2e6a0beb9d2f1	parent_a_canonical	1	125	125	0.44	0.4339384068250656	55	False	True	False
orf_dffa9467c408c6c6608f81dd0f06ee12d63f1513bbc824930d9baa2ddfa50545	peptide_4d6b671f67914a092e9a5f3bbea33bd2487c5c33e47d7b3cb6d2e6a0beb9d2f1	parent_b_unannotated_CDS	126	271	146	0.0	0.091586671361368	0	False	False	False
orf_cebdf3903d1652e0315909c6d5d972c4917d9085a242ebc78bee400d547a5c7e	peptide_e6bde9e98c0c71a406cda37d339a2829de1ba0ba203b851d67e4082deda858a7	parent_a_canonical	1	111	111	0.9819819819819819	0.8724353453060528	109	True	True	True
orf_cebdf3903d1652e0315909c6d5d972c4917d9085a242ebc78bee400d547a5c7e	peptide_e6bde9e98c0c71a406cda37d339a2829de1ba0ba203b851d67e4082deda858a7	parent_b_canonical	112	383	272	0.0	0.07601759117096663	0	False	False	False
orf_5fa6e136b7cd50950470ed4d73b80b1011fc4048b5e383e822e2bd6cb02569bb	peptide_74f81c5b0dd4882852f7a96e994592fa15f7d1de20b877dd0717982b2ec560c7	parent_a_canonical	1	55	55	0.4727272727272727	0.5361203383315694	26	False	True	False
orf_5fa6e136b7cd50950470ed4d73b80b1011fc4048b5e383e822e2bd6cb02569bb	peptide_74f81c5b0dd4882852f7a96e994592fa15f7d1de20b877dd0717982b2ec560c7	parent_b_out_of_frame	56	133	78	0.0	0.1910024214631472	0	False	False	False
orf_cf624eb809a83c222c0ea5a8f8ef3cfd9719d9b72bde1f6fd70d0d9e67b7c14e	peptide_74f81c5b0dd4882852f7a96e994592fa15f7d1de20b877dd0717982b2ec560c7	parent_a_canonical	1	55	55	0.4727272727272727	0.5361203383315694	26	False	True	False
orf_cf624eb809a83c222c0ea5a8f8ef3cfd9719d9b72bde1f6fd70d0d9e67b7c14e	peptide_74f81c5b0dd4882852f7a96e994592fa15f7d1de20b877dd0717982b2ec560c7	parent_b_out_of_frame	56	133	78	0.0	0.1910024214631472	0	False	False	False
orf_d6649f13b10ffc5ecdce2c507b4128c960090fc05a25bde2c4eccc4c37d4bc80	peptide_74f81c5b0dd4882852f7a96e994592fa15f7d1de20b877dd0717982b2ec560c7	parent_a_canonical	1	55	55	0.4727272727272727	0.5361203383315694	26	False	True	False
orf_d6649f13b10ffc5ecdce2c507b4128c960090fc05a25bde2c4eccc4c37d4bc80	peptide_74f81c5b0dd4882852f7a96e994592fa15f7d1de20b877dd0717982b2ec560c7	parent_b_out_of_frame	56	133	78	0.0	0.1910024214631472	0	False	False	False
orf_47ebf50de77f01b747c17b78a1e70f8d7b1266914cfd9c29f5b02be13666d3be	peptide_74f81c5b0dd4882852f7a96e994592fa15f7d1de20b877dd0717982b2ec560c7	parent_a_canonical	1	55	55	0.4727272727272727	0.5361203383315694	26	False	True	False
orf_47ebf50de77f01b747c17b78a1e70f8d7b1266914cfd9c29f5b02be13666d3be	peptide_74f81c5b0dd4882852f7a96e994592fa15f7d1de20b877dd0717982b2ec560c7	parent_b_out_of_frame	56	133	78	0.0	0.1910024214631472	0	False	False	False
orf_5b56ade46f0e5fe02abea5bccf98cd932ddf15b3aab124880b16f604137feef0	peptide_74f81c5b0dd4882852f7a96e994592fa15f7d1de20b877dd0717982b2ec560c7	parent_a_canonical	1	55	55	0.4727272727272727	0.5361203383315694	26	False	True	False
orf_5b56ade46f0e5fe02abea5bccf98cd932ddf15b3aab124880b16f604137feef0	peptide_74f81c5b0dd4882852f7a96e994592fa15f7d1de20b877dd0717982b2ec560c7	parent_b_out_of_frame	56	133	78	0.0	0.1910024214631472	0	False	False	False
orf_c94c273c2b1f39a2890f5d80ffe9a449359833e638a85c91f400e2b83f8e7466	peptide_74f81c5b0dd4882852f7a96e994592fa15f7d1de20b877dd0717982b2ec560c7	parent_a_canonical	1	55	55	0.4727272727272727	0.5361203383315694	26	False	True	False
orf_c94c273c2b1f39a2890f5d80ffe9a449359833e638a85c91f400e2b83f8e7466	peptide_74f81c5b0dd4882852f7a96e994592fa15f7d1de20b877dd0717982b2ec560c7	parent_b_out_of_frame	56	133	78	0.0	0.1910024214631472	0	False	False	False
orf_8ececf08d02e7062cd6c8a7bab999b8c154a0fb9dbfbdef35b72c9eba7b13629	peptide_74f81c5b0dd4882852f7a96e994592fa15f7d1de20b877dd0717982b2ec560c7	parent_a_canonical	1	55	55	0.4727272727272727	0.5361203383315694	26	False	True	False
orf_8ececf08d02e7062cd6c8a7bab999b8c154a0fb9dbfbdef35b72c9eba7b13629	peptide_74f81c5b0dd4882852f7a96e994592fa15f7d1de20b877dd0717982b2ec560c7	parent_b_out_of_frame	56	133	78	0.0	0.1910024214631472	0	False	False	False
orf_7177193aeb79df64b0450c7526b7075fa2ac6eb920e37e4e3f2b0c5e70f3f520	peptide_74f81c5b0dd4882852f7a96e994592fa15f7d1de20b877dd0717982b2ec560c7	parent_a_canonical	1	55	55	0.4727272727272727	0.5361203383315694	26	False	True	False
orf_7177193aeb79df64b0450c7526b7075fa2ac6eb920e37e4e3f2b0c5e70f3f520	peptide_74f81c5b0dd4882852f7a96e994592fa15f7d1de20b877dd0717982b2ec560c7	parent_b_out_of_frame	56	133	78	0.0	0.1910024214631472	0	False	False	False
orf_1541798253d0b2c318fe3f9959bdeaac428f35c9b81caf3af256c621424973d2	peptide_74f81c5b0dd4882852f7a96e994592fa15f7d1de20b877dd0717982b2ec560c7	parent_a_canonical	1	55	55	0.4727272727272727	0.5361203383315694	26	False	True	False
orf_1541798253d0b2c318fe3f9959bdeaac428f35c9b81caf3af256c621424973d2	peptide_74f81c5b0dd4882852f7a96e994592fa15f7d1de20b877dd0717982b2ec560c7	parent_b_out_of_frame	56	133	78	0.0	0.1910024214631472	0	False	False	False
orf_83a5abbc7a43cbb7b78094c44811405c3f200da4ff7875861a4569fe30fcf206	peptide_74f81c5b0dd4882852f7a96e994592fa15f7d1de20b877dd0717982b2ec560c7	parent_a_canonical	1	55	55	0.4727272727272727	0.5361203383315694	26	False	True	False
orf_83a5abbc7a43cbb7b78094c44811405c3f200da4ff7875861a4569fe30fcf206	peptide_74f81c5b0dd4882852f7a96e994592fa15f7d1de20b877dd0717982b2ec560c7	parent_b_out_of_frame	56	133	78	0.0	0.1910024214631472	0	False	False	False
orf_5d4f93f0c1c1a8f8bcfe888d733fdc9d5df7000ea70502ebf17c8765a7a1b808	peptide_a7c61936d86fa6f47cd92c1dd11e03d5a0ccb281c6f51a33ccc8ce02bbcec48a	parent_a_canonical	1	34	34	0.5	0.5421399184886146	17	False	True	False
orf_5d4f93f0c1c1a8f8bcfe888d733fdc9d5df7000ea70502ebf17c8765a7a1b808	peptide_a7c61936d86fa6f47cd92c1dd11e03d5a0ccb281c6f51a33ccc8ce02bbcec48a	parent_b_out_of_frame	35	112	78	0.0	0.2153837495507338	0	False	False	False
orf_c4edfbbc05209803a419b1c7e9c82b58cdd2bc9e66565bbf3c814412e171b603	peptide_a7c61936d86fa6f47cd92c1dd11e03d5a0ccb281c6f51a33ccc8ce02bbcec48a	parent_a_canonical	1	34	34	0.5	0.5421399184886146	17	False	True	False
orf_c4edfbbc05209803a419b1c7e9c82b58cdd2bc9e66565bbf3c814412e171b603	peptide_a7c61936d86fa6f47cd92c1dd11e03d5a0ccb281c6f51a33ccc8ce02bbcec48a	parent_b_out_of_frame	35	112	78	0.0	0.2153837495507338	0	False	False	False
orf_e9e7147bef54986d4c0a6b66f9fe9fd077b7e7258b5267020efab72b37ad53d5	peptide_fce534cced06c5860a0e4e21ac53ffa1a3c03bdd613724466f90f0578df30471	parent_a_canonical	1	151	151	0.006622516556291391	0.16343123914784943	1	False	False	False
orf_e9e7147bef54986d4c0a6b66f9fe9fd077b7e7258b5267020efab72b37ad53d5	peptide_fce534cced06c5860a0e4e21ac53ffa1a3c03bdd613724466f90f0578df30471	junction_split_codon	152	152	1	0.0	0.2963349223136902	0	False	False	False
orf_e9e7147bef54986d4c0a6b66f9fe9fd077b7e7258b5267020efab72b37ad53d5	peptide_fce534cced06c5860a0e4e21ac53ffa1a3c03bdd613724466f90f0578df30471	parent_b_out_of_frame	153	176	24	0.2916666666666667	0.4313003607094288	7	False	False	False
orf_0f4248f228ff5ce03c2f1317ddb83380fddedf695996f08a1535f720876ff9cb	peptide_fce534cced06c5860a0e4e21ac53ffa1a3c03bdd613724466f90f0578df30471	parent_a_canonical	1	151	151	0.006622516556291391	0.16343123914784943	1	False	False	False
orf_0f4248f228ff5ce03c2f1317ddb83380fddedf695996f08a1535f720876ff9cb	peptide_fce534cced06c5860a0e4e21ac53ffa1a3c03bdd613724466f90f0578df30471	junction_split_codon	152	152	1	0.0	0.2963349223136902	0	False	False	False
orf_0f4248f228ff5ce03c2f1317ddb83380fddedf695996f08a1535f720876ff9cb	peptide_fce534cced06c5860a0e4e21ac53ffa1a3c03bdd613724466f90f0578df30471	parent_b_out_of_frame	153	176	24	0.2916666666666667	0.4313003607094288	7	False	False	False
orf_b3f205f24094c36838dc80e41a8be02ed5b4c00938cbcda22534c7ce10bf258a	peptide_fce534cced06c5860a0e4e21ac53ffa1a3c03bdd613724466f90f0578df30471	parent_a_canonical	1	151	151	0.006622516556291391	0.16343123914784943	1	False	False	False
orf_b3f205f24094c36838dc80e41a8be02ed5b4c00938cbcda22534c7ce10bf258a	peptide_fce534cced06c5860a0e4e21ac53ffa1a3c03bdd613724466f90f0578df30471	junction_split_codon	152	152	1	0.0	0.2963349223136902	0	False	False	False
orf_b3f205f24094c36838dc80e41a8be02ed5b4c00938cbcda22534c7ce10bf258a	peptide_fce534cced06c5860a0e4e21ac53ffa1a3c03bdd613724466f90f0578df30471	parent_b_out_of_frame	153	176	24	0.2916666666666667	0.4313003607094288	7	False	False	False
orf_eb40859ac0ac48ec001685db5d56433a424f30113a17f3f5e7493ee064094f6d	peptide_fce534cced06c5860a0e4e21ac53ffa1a3c03bdd613724466f90f0578df30471	parent_a_canonical	1	151	151	0.006622516556291391	0.16343123914784943	1	False	False	False
orf_eb40859ac0ac48ec001685db5d56433a424f30113a17f3f5e7493ee064094f6d	peptide_fce534cced06c5860a0e4e21ac53ffa1a3c03bdd613724466f90f0578df30471	junction_split_codon	152	152	1	0.0	0.2963349223136902	0	False	False	False
orf_eb40859ac0ac48ec001685db5d56433a424f30113a17f3f5e7493ee064094f6d	peptide_fce534cced06c5860a0e4e21ac53ffa1a3c03bdd613724466f90f0578df30471	parent_b_out_of_frame	153	176	24	0.2916666666666667	0.4313003607094288	7	False	False	False
orf_1e47c1d32acda0864d4d19e8e5a52a1705b638cccce847111ff998aab7884370	peptide_fce534cced06c5860a0e4e21ac53ffa1a3c03bdd613724466f90f0578df30471	parent_a_canonical	1	151	151	0.006622516556291391	0.16343123914784943	1	False	False	False
orf_1e47c1d32acda0864d4d19e8e5a52a1705b638cccce847111ff998aab7884370	peptide_fce534cced06c5860a0e4e21ac53ffa1a3c03bdd613724466f90f0578df30471	junction_split_codon	152	152	1	0.0	0.2963349223136902	0	False	False	False
orf_1e47c1d32acda0864d4d19e8e5a52a1705b638cccce847111ff998aab7884370	peptide_fce534cced06c5860a0e4e21ac53ffa1a3c03bdd613724466f90f0578df30471	parent_b_out_of_frame	153	176	24	0.2916666666666667	0.4313003607094288	7	False	False	False
orf_3edc6f4184ca8211d43089782416b75c8bde7295b985b155e6977ded8324b189	peptide_fce534cced06c5860a0e4e21ac53ffa1a3c03bdd613724466f90f0578df30471	parent_a_canonical	1	151	151	0.006622516556291391	0.16343123914784943	1	False	False	False
orf_3edc6f4184ca8211d43089782416b75c8bde7295b985b155e6977ded8324b189	peptide_fce534cced06c5860a0e4e21ac53ffa1a3c03bdd613724466f90f0578df30471	junction_split_codon	152	152	1	0.0	0.2963349223136902	0	False	False	False
orf_3edc6f4184ca8211d43089782416b75c8bde7295b985b155e6977ded8324b189	peptide_fce534cced06c5860a0e4e21ac53ffa1a3c03bdd613724466f90f0578df30471	parent_b_out_of_frame	153	176	24	0.2916666666666667	0.4313003607094288	7	False	False	False
orf_630f853a1c1839c9dce00d443b50f062cefab0cd2579ad4c9937847b928896d9	peptide_e2e945499d969d3f3f5c7f6e58c493d60821e9a3917cc4a3b4c9157cc333163e	parent_a_canonical	1	188	188	0.0	0.18524498492479324	0	False	False	False
orf_630f853a1c1839c9dce00d443b50f062cefab0cd2579ad4c9937847b928896d9	peptide_e2e945499d969d3f3f5c7f6e58c493d60821e9a3917cc4a3b4c9157cc333163e	junction_split_codon	189	189	1	0.0	0.29195863008499146	0	False	False	False
orf_630f853a1c1839c9dce00d443b50f062cefab0cd2579ad4c9937847b928896d9	peptide_e2e945499d969d3f3f5c7f6e58c493d60821e9a3917cc4a3b4c9157cc333163e	parent_b_out_of_frame	190	213	24	0.2916666666666667	0.4282085821032524	7	False	False	False
orf_a7559beae5ccc308ccd1e01aa39fa185f3bd2b8860668e2d35ccf15c5f17700c	peptide_e2e945499d969d3f3f5c7f6e58c493d60821e9a3917cc4a3b4c9157cc333163e	parent_a_canonical	1	188	188	0.0	0.18524498492479324	0	False	False	False
orf_a7559beae5ccc308ccd1e01aa39fa185f3bd2b8860668e2d35ccf15c5f17700c	peptide_e2e945499d969d3f3f5c7f6e58c493d60821e9a3917cc4a3b4c9157cc333163e	junction_split_codon	189	189	1	0.0	0.29195863008499146	0	False	False	False
orf_a7559beae5ccc308ccd1e01aa39fa185f3bd2b8860668e2d35ccf15c5f17700c	peptide_e2e945499d969d3f3f5c7f6e58c493d60821e9a3917cc4a3b4c9157cc333163e	parent_b_out_of_frame	190	213	24	0.2916666666666667	0.4282085821032524	7	False	False	False
orf_6e57d07693de498104d9f44ff4facff8cfeb6d6f2d87f22398e869d432e99856	peptide_fe9d713de22366a70052a1235a251c8f1999f247300bea4c5902067bfde22536	parent_a_canonical	1	187	187	0.0	0.1938824836104949	0	False	False	False
orf_6e57d07693de498104d9f44ff4facff8cfeb6d6f2d87f22398e869d432e99856	peptide_fe9d713de22366a70052a1235a251c8f1999f247300bea4c5902067bfde22536	junction_split_codon	188	188	1	0.0	0.30556344985961914	0	False	False	False
orf_6e57d07693de498104d9f44ff4facff8cfeb6d6f2d87f22398e869d432e99856	peptide_fe9d713de22366a70052a1235a251c8f1999f247300bea4c5902067bfde22536	parent_b_out_of_frame	189	212	24	0.5	0.4687203528980414	12	False	True	False
orf_30e654b75169fffdcd066d554bf1518f19e52efd866699bb7e6f12ec85a54e81	peptide_fe9d713de22366a70052a1235a251c8f1999f247300bea4c5902067bfde22536	parent_a_canonical	1	187	187	0.0	0.1938824836104949	0	False	False	False
orf_30e654b75169fffdcd066d554bf1518f19e52efd866699bb7e6f12ec85a54e81	peptide_fe9d713de22366a70052a1235a251c8f1999f247300bea4c5902067bfde22536	junction_split_codon	188	188	1	0.0	0.30556344985961914	0	False	False	False
orf_30e654b75169fffdcd066d554bf1518f19e52efd866699bb7e6f12ec85a54e81	peptide_fe9d713de22366a70052a1235a251c8f1999f247300bea4c5902067bfde22536	parent_b_out_of_frame	189	212	24	0.5	0.4687203528980414	12	False	True	False
orf_af3b784786f0ba11238db2873703aeb64b7206f49c45eabea0be11966b6bde75	peptide_44e77e98a7056e62ab58c0d6e9bfb595600a4e52033173803b36e6da613738d9	parent_a_canonical	1	61	61	0.0	0.17336963996535443	0	False	False	False
orf_af3b784786f0ba11238db2873703aeb64b7206f49c45eabea0be11966b6bde75	peptide_44e77e98a7056e62ab58c0d6e9bfb595600a4e52033173803b36e6da613738d9	junction_split_codon	62	62	1	0.0	0.20236307382583618	0	False	False	False
orf_af3b784786f0ba11238db2873703aeb64b7206f49c45eabea0be11966b6bde75	peptide_44e77e98a7056e62ab58c0d6e9bfb595600a4e52033173803b36e6da613738d9	parent_b_out_of_frame	63	86	24	0.0	0.2460921903451284	0	False	False	False
orf_5ef0f9a8a726a13a2d30823a2c084168767bd8b24b5e73831b0a9dde950b0419	peptide_44e77e98a7056e62ab58c0d6e9bfb595600a4e52033173803b36e6da613738d9	parent_a_canonical	1	61	61	0.0	0.17336963996535443	0	False	False	False
orf_5ef0f9a8a726a13a2d30823a2c084168767bd8b24b5e73831b0a9dde950b0419	peptide_44e77e98a7056e62ab58c0d6e9bfb595600a4e52033173803b36e6da613738d9	junction_split_codon	62	62	1	0.0	0.20236307382583618	0	False	False	False
orf_5ef0f9a8a726a13a2d30823a2c084168767bd8b24b5e73831b0a9dde950b0419	peptide_44e77e98a7056e62ab58c0d6e9bfb595600a4e52033173803b36e6da613738d9	parent_b_out_of_frame	63	86	24	0.0	0.2460921903451284	0	False	False	False
orf_9c3663dc7a67f5472f22599dd3b3d4d964af8adc9497392743a079b7a7e11f3a	peptide_e4d7de5a0a608c817a0fe1dfffd651af36fe378e122c1b14712e4c434175579d	parent_a_canonical	1	82	82	0.0	0.0906079640475715	0	False	False	False
orf_9c3663dc7a67f5472f22599dd3b3d4d964af8adc9497392743a079b7a7e11f3a	peptide_e4d7de5a0a608c817a0fe1dfffd651af36fe378e122c1b14712e4c434175579d	junction_split_codon	83	83	1	0.0	0.4241584837436676	0	False	False	False
orf_9c3663dc7a67f5472f22599dd3b3d4d964af8adc9497392743a079b7a7e11f3a	peptide_e4d7de5a0a608c817a0fe1dfffd651af36fe378e122c1b14712e4c434175579d	parent_b_canonical	84	176	93	0.27956989247311825	0.26271900614743593	26	False	False	False
orf_0c6bb313d4f309051afb780300387fd0d1bf63fd9c83e5794f7f1e7170aec8b9	peptide_e4d7de5a0a608c817a0fe1dfffd651af36fe378e122c1b14712e4c434175579d	parent_a_canonical	1	82	82	0.0	0.0906079640475715	0	False	False	False
orf_0c6bb313d4f309051afb780300387fd0d1bf63fd9c83e5794f7f1e7170aec8b9	peptide_e4d7de5a0a608c817a0fe1dfffd651af36fe378e122c1b14712e4c434175579d	junction_split_codon	83	83	1	0.0	0.4241584837436676	0	False	False	False
orf_0c6bb313d4f309051afb780300387fd0d1bf63fd9c83e5794f7f1e7170aec8b9	peptide_e4d7de5a0a608c817a0fe1dfffd651af36fe378e122c1b14712e4c434175579d	parent_b_canonical	84	176	93	0.27956989247311825	0.26271900614743593	26	False	False	False
orf_e87e7e49934f6bd5261fb74d21cd27e864c5b65b734cfce840cecc0cdc53dbb9	peptide_2b51f821f3f63a41e62b73e95a3994fa13f9f527ec1942f80ca2dd456355c2b6	parent_a_canonical	1	11	11	1.0	0.7426006956533953	11	True	True	True
orf_e87e7e49934f6bd5261fb74d21cd27e864c5b65b734cfce840cecc0cdc53dbb9	peptide_2b51f821f3f63a41e62b73e95a3994fa13f9f527ec1942f80ca2dd456355c2b6	junction_split_codon	12	12	1	1.0	0.796455979347229	1	True	True	True
orf_e87e7e49934f6bd5261fb74d21cd27e864c5b65b734cfce840cecc0cdc53dbb9	peptide_2b51f821f3f63a41e62b73e95a3994fa13f9f527ec1942f80ca2dd456355c2b6	parent_b_canonical	13	105	93	0.3118279569892473	0.30477902197068735	29	False	False	False
orf_8ed124d91d0eb45b2bf57f01721c04646f209c66df41830fbfba517c13271493	peptide_2b51f821f3f63a41e62b73e95a3994fa13f9f527ec1942f80ca2dd456355c2b6	parent_a_canonical	1	11	11	1.0	0.7426006956533953	11	True	True	True
orf_8ed124d91d0eb45b2bf57f01721c04646f209c66df41830fbfba517c13271493	peptide_2b51f821f3f63a41e62b73e95a3994fa13f9f527ec1942f80ca2dd456355c2b6	junction_split_codon	12	12	1	1.0	0.796455979347229	1	True	True	True
orf_8ed124d91d0eb45b2bf57f01721c04646f209c66df41830fbfba517c13271493	peptide_2b51f821f3f63a41e62b73e95a3994fa13f9f527ec1942f80ca2dd456355c2b6	parent_b_canonical	13	105	93	0.3118279569892473	0.30477902197068735	29	False	False	False
orf_7d93bf0fa6c88c7f991aea362901ef7c4251b6c038ab61b232ecbfdc51a01e11	peptide_c9c43436c7d475fe18a20917c549cfe6185e1ef612cbff65fd8e6e8905429253	parent_a_canonical	1	417	417	0.5323741007194245	0.5515651460960329	154	True	True	False
orf_7d93bf0fa6c88c7f991aea362901ef7c4251b6c038ab61b232ecbfdc51a01e11	peptide_c9c43436c7d475fe18a20917c549cfe6185e1ef612cbff65fd8e6e8905429253	parent_b_canonical	418	565	148	0.0	0.08171081734267441	0	False	False	False
orf_f5238ff0a98ee420865c9014515432663f85908a69b808f67f75947f185547ca	peptide_c9c43436c7d475fe18a20917c549cfe6185e1ef612cbff65fd8e6e8905429253	parent_a_canonical	1	417	417	0.5323741007194245	0.5515651460960329	154	True	True	False
orf_f5238ff0a98ee420865c9014515432663f85908a69b808f67f75947f185547ca	peptide_c9c43436c7d475fe18a20917c549cfe6185e1ef612cbff65fd8e6e8905429253	parent_b_canonical	418	565	148	0.0	0.08171081734267441	0	False	False	False
orf_8b66b17960c8972bb02fb48454c1e1b86dc9638c01621605b694c0ef21003c3c	peptide_a59d7915e3ec361c0f32f4047df2746ab1fe653e0c6afa2cce32d8136e25201b	parent_a_canonical	1	378	378	0.7671957671957672	0.7187831733750287	153	True	True	True
orf_8b66b17960c8972bb02fb48454c1e1b86dc9638c01621605b694c0ef21003c3c	peptide_a59d7915e3ec361c0f32f4047df2746ab1fe653e0c6afa2cce32d8136e25201b	junction_split_codon	379	379	1	1.0	0.9733353853225708	1	True	True	True
orf_8b66b17960c8972bb02fb48454c1e1b86dc9638c01621605b694c0ef21003c3c	peptide_a59d7915e3ec361c0f32f4047df2746ab1fe653e0c6afa2cce32d8136e25201b	parent_b_out_of_frame	380	393	14	1.0	0.9835478833743504	14	True	True	True
orf_385fc7f1238cd3295579422e7a68c249b08a8a9c0e875c40816d25238bd5713f	peptide_c9e5f8be670a1ae1d2a4735a6dbd307a6c40ff922d2621fd7bcb98a4150c9da3	parent_a_canonical	1	551	551	0.6497277676950998	0.658873631035784	203	True	True	True
orf_385fc7f1238cd3295579422e7a68c249b08a8a9c0e875c40816d25238bd5713f	peptide_c9e5f8be670a1ae1d2a4735a6dbd307a6c40ff922d2621fd7bcb98a4150c9da3	parent_b_canonical	552	699	148	0.0	0.08173499649038186	0	False	False	False
orf_612f966597298e2f516fd60697c3e470612dc013fc16340e3a13afbe39f5c4d7	peptide_998ad695623bf53e5df81e435ea3b908f303040afcdd165c52d53905a3ae1120	parent_a_canonical	1	597	597	0.678391959798995	0.6854734737769244	250	True	True	True
orf_612f966597298e2f516fd60697c3e470612dc013fc16340e3a13afbe39f5c4d7	peptide_998ad695623bf53e5df81e435ea3b908f303040afcdd165c52d53905a3ae1120	parent_b_canonical	598	745	148	0.0	0.08538851081519513	0	False	False	False
orf_b1efb9a71c8c3734e3c33014d269e3063d0115b1116979df192c451c4e67d511	peptide_899325e73395c7c25bfb100e110524886b8177bae90a0ab97604b66f4b77da1e	parent_a_canonical	1	14	14	0.0	0.25919634848833084	0	False	False	False
orf_b1efb9a71c8c3734e3c33014d269e3063d0115b1116979df192c451c4e67d511	peptide_899325e73395c7c25bfb100e110524886b8177bae90a0ab97604b66f4b77da1e	junction_split_codon	15	15	1	0.0	0.1792745739221573	0	False	False	False
orf_b1efb9a71c8c3734e3c33014d269e3063d0115b1116979df192c451c4e67d511	peptide_899325e73395c7c25bfb100e110524886b8177bae90a0ab97604b66f4b77da1e	parent_b_upstream_of_annotated_CDS	16	25	10	0.0	0.1228482961654663	0	False	False	False
orf_b1efb9a71c8c3734e3c33014d269e3063d0115b1116979df192c451c4e67d511	peptide_899325e73395c7c25bfb100e110524886b8177bae90a0ab97604b66f4b77da1e	parent_b_out_of_frame	26	95	70	0.6428571428571429	0.6212072840758732	45	True	True	True
orf_696b3f7cae25c2dc6c6963e1c07881c321ec63d918e18f551f5d5af0a641490d	peptide_899325e73395c7c25bfb100e110524886b8177bae90a0ab97604b66f4b77da1e	parent_a_canonical	1	14	14	0.0	0.25919634848833084	0	False	False	False
orf_696b3f7cae25c2dc6c6963e1c07881c321ec63d918e18f551f5d5af0a641490d	peptide_899325e73395c7c25bfb100e110524886b8177bae90a0ab97604b66f4b77da1e	junction_split_codon	15	15	1	0.0	0.1792745739221573	0	False	False	False
orf_696b3f7cae25c2dc6c6963e1c07881c321ec63d918e18f551f5d5af0a641490d	peptide_899325e73395c7c25bfb100e110524886b8177bae90a0ab97604b66f4b77da1e	parent_b_out_of_frame	16	95	80	0.5625	0.5589124105870724	45	True	True	False
orf_5371b17853ceb4c1aaa7a8790e96628c0398b5168f72758d94c242e1510f44cb	peptide_899325e73395c7c25bfb100e110524886b8177bae90a0ab97604b66f4b77da1e	parent_a_canonical	1	14	14	0.0	0.25919634848833084	0	False	False	False
orf_5371b17853ceb4c1aaa7a8790e96628c0398b5168f72758d94c242e1510f44cb	peptide_899325e73395c7c25bfb100e110524886b8177bae90a0ab97604b66f4b77da1e	junction_split_codon	15	15	1	0.0	0.1792745739221573	0	False	False	False
orf_5371b17853ceb4c1aaa7a8790e96628c0398b5168f72758d94c242e1510f44cb	peptide_899325e73395c7c25bfb100e110524886b8177bae90a0ab97604b66f4b77da1e	parent_b_upstream_of_annotated_CDS	16	25	10	0.0	0.1228482961654663	0	False	False	False
orf_5371b17853ceb4c1aaa7a8790e96628c0398b5168f72758d94c242e1510f44cb	peptide_899325e73395c7c25bfb100e110524886b8177bae90a0ab97604b66f4b77da1e	parent_b_out_of_frame	26	95	70	0.6428571428571429	0.6212072840758732	45	True	True	True
orf_b0c083ec61f70b31b2922fda6ea621fcd2e46fb8b25396be4dadf3c390a88dae	peptide_899325e73395c7c25bfb100e110524886b8177bae90a0ab97604b66f4b77da1e	parent_a_canonical	1	14	14	0.0	0.25919634848833084	0	False	False	False
orf_b0c083ec61f70b31b2922fda6ea621fcd2e46fb8b25396be4dadf3c390a88dae	peptide_899325e73395c7c25bfb100e110524886b8177bae90a0ab97604b66f4b77da1e	junction_split_codon	15	15	1	0.0	0.1792745739221573	0	False	False	False
orf_b0c083ec61f70b31b2922fda6ea621fcd2e46fb8b25396be4dadf3c390a88dae	peptide_899325e73395c7c25bfb100e110524886b8177bae90a0ab97604b66f4b77da1e	parent_b_out_of_frame	16	95	80	0.5625	0.5589124105870724	45	True	True	False
orf_686b2f69db3ad21c8debc6e9b903c4bb93f2b5bf1c375b3f0f6df2ced3339a75	peptide_ca2772f82b0e861861636ddd31697e08475ddd2b2f93467e300b85d3aa0b3c75	parent_a_canonical	1	2491	2491	0.16659975913287836	0.29143881693105533	60	False	False	False
orf_686b2f69db3ad21c8debc6e9b903c4bb93f2b5bf1c375b3f0f6df2ced3339a75	peptide_ca2772f82b0e861861636ddd31697e08475ddd2b2f93467e300b85d3aa0b3c75	parent_b_out_of_frame	2492	2498	7	0.0	0.16743403460298265	0	False	False	False
orf_96ed544db7c396936cde21463e1983b63649506b950bd89cf488c1cae81933f0	peptide_ca2772f82b0e861861636ddd31697e08475ddd2b2f93467e300b85d3aa0b3c75	parent_a_canonical	1	2491	2491	0.16659975913287836	0.29143881693105533	60	False	False	False
orf_96ed544db7c396936cde21463e1983b63649506b950bd89cf488c1cae81933f0	peptide_ca2772f82b0e861861636ddd31697e08475ddd2b2f93467e300b85d3aa0b3c75	parent_b_out_of_frame	2492	2498	7	0.0	0.16743403460298265	0	False	False	False
orf_034aa13d9a76aaa87fdc513d0c67895461c32502f19752a8af0d6e402f19512d	peptide_ca2772f82b0e861861636ddd31697e08475ddd2b2f93467e300b85d3aa0b3c75	parent_a_canonical	1	2491	2491	0.16659975913287836	0.29143881693105533	60	False	False	False
orf_034aa13d9a76aaa87fdc513d0c67895461c32502f19752a8af0d6e402f19512d	peptide_ca2772f82b0e861861636ddd31697e08475ddd2b2f93467e300b85d3aa0b3c75	parent_b_out_of_frame	2492	2498	7	0.0	0.16743403460298265	0	False	False	False
orf_46ef1e1f67ea5b5d82d695356fafb903d6015fb05e67f11452f3511c06c8d34c	peptide_ca2772f82b0e861861636ddd31697e08475ddd2b2f93467e300b85d3aa0b3c75	parent_a_canonical	1	2491	2491	0.16659975913287836	0.29143881693105533	60	False	False	False
orf_46ef1e1f67ea5b5d82d695356fafb903d6015fb05e67f11452f3511c06c8d34c	peptide_ca2772f82b0e861861636ddd31697e08475ddd2b2f93467e300b85d3aa0b3c75	parent_b_out_of_frame	2492	2498	7	0.0	0.16743403460298265	0	False	False	False
orf_42d3bc5f4fdd77734f323cf55a19789350f06c63a958143e3beccd065a073541	peptide_6dfa9c12b06b15953a4aa17cdbb7f8f8e591a481218f1747a1efd01ed1dd0797	parent_a_canonical	1	196	196	0.16326530612244897	0.20110076878752028	32	False	False	False
orf_42d3bc5f4fdd77734f323cf55a19789350f06c63a958143e3beccd065a073541	peptide_6dfa9c12b06b15953a4aa17cdbb7f8f8e591a481218f1747a1efd01ed1dd0797	junction_split_codon	197	197	1	0.0	0.04675251245498657	0	False	False	False
orf_42d3bc5f4fdd77734f323cf55a19789350f06c63a958143e3beccd065a073541	peptide_6dfa9c12b06b15953a4aa17cdbb7f8f8e591a481218f1747a1efd01ed1dd0797	parent_b_unannotated_CDS	198	220	23	0.30434782608695654	0.3470470931219018	7	False	False	False
orf_2061de57c349c29f4aad9f226dd3900897b096eb6cf7869d5449e1b8ed2f286a	peptide_1e8bc65243a9facc8e4feddf58cbbe693b2477dfe7a89be4bd6f1930464904dc	parent_a_canonical	1	62	62	0.16129032258064516	0.2285588419725818	10	False	False	False
orf_2061de57c349c29f4aad9f226dd3900897b096eb6cf7869d5449e1b8ed2f286a	peptide_1e8bc65243a9facc8e4feddf58cbbe693b2477dfe7a89be4bd6f1930464904dc	parent_b_unannotated_CDS	63	81	19	0.0	0.34718044886463567	0	False	False	False
orf_1b4ccf6df695497ef67605fdd28db04770432f10fbac6ddb1499ab7654133b32	peptide_1e8bc65243a9facc8e4feddf58cbbe693b2477dfe7a89be4bd6f1930464904dc	parent_a_canonical	1	62	62	0.16129032258064516	0.2285588419725818	10	False	False	False
orf_1b4ccf6df695497ef67605fdd28db04770432f10fbac6ddb1499ab7654133b32	peptide_1e8bc65243a9facc8e4feddf58cbbe693b2477dfe7a89be4bd6f1930464904dc	parent_b_unannotated_CDS	63	81	19	0.0	0.34718044886463567	0	False	False	False
orf_13ddca2f1382dbb743b5d594a829c338c0f864a569bc63609037a11415649533	peptide_1e8bc65243a9facc8e4feddf58cbbe693b2477dfe7a89be4bd6f1930464904dc	parent_a_canonical	1	62	62	0.16129032258064516	0.2285588419725818	10	False	False	False
orf_13ddca2f1382dbb743b5d594a829c338c0f864a569bc63609037a11415649533	peptide_1e8bc65243a9facc8e4feddf58cbbe693b2477dfe7a89be4bd6f1930464904dc	parent_b_unannotated_CDS	63	81	19	0.0	0.34718044886463567	0	False	False	False
orf_73589651e47d322b163727a4f75aa37918549ba174fb6652b8fe72c28bec58cd	peptide_1e8bc65243a9facc8e4feddf58cbbe693b2477dfe7a89be4bd6f1930464904dc	parent_a_canonical	1	62	62	0.16129032258064516	0.2285588419725818	10	False	False	False
orf_73589651e47d322b163727a4f75aa37918549ba174fb6652b8fe72c28bec58cd	peptide_1e8bc65243a9facc8e4feddf58cbbe693b2477dfe7a89be4bd6f1930464904dc	parent_b_unannotated_CDS	63	81	19	0.0	0.34718044886463567	0	False	False	False
orf_7c43a106ef5d91d762d1276291ea1bec7d2d647636ec3bc780c7ec94ce64c549	peptide_1e8bc65243a9facc8e4feddf58cbbe693b2477dfe7a89be4bd6f1930464904dc	parent_a_canonical	1	62	62	0.16129032258064516	0.2285588419725818	10	False	False	False
orf_7c43a106ef5d91d762d1276291ea1bec7d2d647636ec3bc780c7ec94ce64c549	peptide_1e8bc65243a9facc8e4feddf58cbbe693b2477dfe7a89be4bd6f1930464904dc	parent_b_unannotated_CDS	63	81	19	0.0	0.34718044886463567	0	False	False	False
orf_fd60fabb89206bc43fa4d82668d0d6d0e1c980fda22dec585ab5a8c51422c5f7	peptide_1e8bc65243a9facc8e4feddf58cbbe693b2477dfe7a89be4bd6f1930464904dc	parent_a_canonical	1	62	62	0.16129032258064516	0.2285588419725818	10	False	False	False
orf_fd60fabb89206bc43fa4d82668d0d6d0e1c980fda22dec585ab5a8c51422c5f7	peptide_1e8bc65243a9facc8e4feddf58cbbe693b2477dfe7a89be4bd6f1930464904dc	parent_b_unannotated_CDS	63	81	19	0.0	0.34718044886463567	0	False	False	False
orf_40993678a4af5496cb677575a27fdb8275f892c7f16bede086e8413ad0b52ebb	peptide_1485ea7abb5537105da28caa75dbafd079f07504c590ce733c6d66afe0f0e279	parent_a_canonical	1	222	222	0.19369369369369369	0.2516627089531572	21	False	False	False
orf_40993678a4af5496cb677575a27fdb8275f892c7f16bede086e8413ad0b52ebb	peptide_1485ea7abb5537105da28caa75dbafd079f07504c590ce733c6d66afe0f0e279	junction_split_codon	223	223	1	1.0	0.7750388383865356	1	True	True	True
orf_40993678a4af5496cb677575a27fdb8275f892c7f16bede086e8413ad0b52ebb	peptide_1485ea7abb5537105da28caa75dbafd079f07504c590ce733c6d66afe0f0e279	parent_b_canonical	224	383	160	0.60625	0.5995250896550715	82	True	True	True
orf_24f92059a4238114eba0397914312a9cff59c0b6fb7849c34fd81e69c8769f8e	peptide_1485ea7abb5537105da28caa75dbafd079f07504c590ce733c6d66afe0f0e279	parent_a_canonical	1	222	222	0.19369369369369369	0.2516627089531572	21	False	False	False
orf_24f92059a4238114eba0397914312a9cff59c0b6fb7849c34fd81e69c8769f8e	peptide_1485ea7abb5537105da28caa75dbafd079f07504c590ce733c6d66afe0f0e279	junction_split_codon	223	223	1	1.0	0.7750388383865356	1	True	True	True
orf_24f92059a4238114eba0397914312a9cff59c0b6fb7849c34fd81e69c8769f8e	peptide_1485ea7abb5537105da28caa75dbafd079f07504c590ce733c6d66afe0f0e279	parent_b_canonical	224	383	160	0.60625	0.5995250896550715	82	True	True	True
orf_8436865be5a5a9f16ad786e10d7a9797c3659998fcb4c1a19f15ab86ef71a16f	peptide_1485ea7abb5537105da28caa75dbafd079f07504c590ce733c6d66afe0f0e279	parent_a_canonical	1	222	222	0.19369369369369369	0.2516627089531572	21	False	False	False
orf_8436865be5a5a9f16ad786e10d7a9797c3659998fcb4c1a19f15ab86ef71a16f	peptide_1485ea7abb5537105da28caa75dbafd079f07504c590ce733c6d66afe0f0e279	junction_split_codon	223	223	1	1.0	0.7750388383865356	1	True	True	True
orf_8436865be5a5a9f16ad786e10d7a9797c3659998fcb4c1a19f15ab86ef71a16f	peptide_1485ea7abb5537105da28caa75dbafd079f07504c590ce733c6d66afe0f0e279	parent_b_canonical	224	383	160	0.60625	0.5995250896550715	82	True	True	True
orf_a736d4084654e6676326664c8f6e1b4bb95457310a24be9c1737694620206b92	peptide_e0d3fd43f9f22d7297190f8f414371f7c190ecfc647bf5c34c551d12c1c4357c	parent_a_canonical	1	222	222	0.15765765765765766	0.23032329486565548	16	False	False	False
orf_a736d4084654e6676326664c8f6e1b4bb95457310a24be9c1737694620206b92	peptide_e0d3fd43f9f22d7297190f8f414371f7c190ecfc647bf5c34c551d12c1c4357c	junction_split_codon	223	223	1	1.0	0.6802829504013062	1	True	True	True
orf_a736d4084654e6676326664c8f6e1b4bb95457310a24be9c1737694620206b92	peptide_e0d3fd43f9f22d7297190f8f414371f7c190ecfc647bf5c34c551d12c1c4357c	parent_b_unannotated_CDS	224	267	44	1.0	0.8611711724237963	44	True	True	True
orf_4b4871d1c56f31591d1c3e2ab8cdaa13978eda5518aa179b61f2fda3743e5120	peptide_dfa0f70392894092a6ebb5547ba8aec5110bf75282b42da97ad017230e00c4e6	parent_a_canonical	1	222	222	0.17567567567567569	0.2409200722032839	18	False	False	False
orf_4b4871d1c56f31591d1c3e2ab8cdaa13978eda5518aa179b61f2fda3743e5120	peptide_dfa0f70392894092a6ebb5547ba8aec5110bf75282b42da97ad017230e00c4e6	junction_split_codon	223	223	1	1.0	0.7295591831207275	1	True	True	True
orf_4b4871d1c56f31591d1c3e2ab8cdaa13978eda5518aa179b61f2fda3743e5120	peptide_dfa0f70392894092a6ebb5547ba8aec5110bf75282b42da97ad017230e00c4e6	parent_b_unannotated_CDS	224	374	151	1.0	0.7926218035994776	151	True	True	True
orf_ec367ab811c57fbe604ce98b54d04b280900bfef0a33e1a358b46bdd185930ba	peptide_1d26632909793e9ef4868a1283d4ec88d8de6173f2567712b41a3547f09f15b9	parent_a_canonical	1	141	141	0.8297872340425532	0.7521719648271588	111	True	True	True
orf_ec367ab811c57fbe604ce98b54d04b280900bfef0a33e1a358b46bdd185930ba	peptide_1d26632909793e9ef4868a1283d4ec88d8de6173f2567712b41a3547f09f15b9	junction_split_codon	142	142	1	1.0	0.7019072771072388	1	True	True	True
orf_ec367ab811c57fbe604ce98b54d04b280900bfef0a33e1a358b46bdd185930ba	peptide_1d26632909793e9ef4868a1283d4ec88d8de6173f2567712b41a3547f09f15b9	parent_b_canonical	143	302	160	0.49375	0.49064779160544275	65	False	True	False
orf_b086ea36e0bbff21af17aa05ac5b85c7858607fbe7d6f163389de4a55fca4611	peptide_1d26632909793e9ef4868a1283d4ec88d8de6173f2567712b41a3547f09f15b9	parent_a_canonical	1	141	141	0.8297872340425532	0.7521719648271588	111	True	True	True
orf_b086ea36e0bbff21af17aa05ac5b85c7858607fbe7d6f163389de4a55fca4611	peptide_1d26632909793e9ef4868a1283d4ec88d8de6173f2567712b41a3547f09f15b9	junction_split_codon	142	142	1	1.0	0.7019072771072388	1	True	True	True
orf_b086ea36e0bbff21af17aa05ac5b85c7858607fbe7d6f163389de4a55fca4611	peptide_1d26632909793e9ef4868a1283d4ec88d8de6173f2567712b41a3547f09f15b9	parent_b_canonical	143	302	160	0.49375	0.49064779160544275	65	False	True	False
orf_7ae3e4ce30281d3f2124a91a5c7b322200c5341019c5cb8e23a0042e27fb45cb	peptide_1d26632909793e9ef4868a1283d4ec88d8de6173f2567712b41a3547f09f15b9	parent_a_canonical	1	141	141	0.8297872340425532	0.7521719648271588	111	True	True	True
orf_7ae3e4ce30281d3f2124a91a5c7b322200c5341019c5cb8e23a0042e27fb45cb	peptide_1d26632909793e9ef4868a1283d4ec88d8de6173f2567712b41a3547f09f15b9	junction_split_codon	142	142	1	1.0	0.7019072771072388	1	True	True	True
orf_7ae3e4ce30281d3f2124a91a5c7b322200c5341019c5cb8e23a0042e27fb45cb	peptide_1d26632909793e9ef4868a1283d4ec88d8de6173f2567712b41a3547f09f15b9	parent_b_canonical	143	302	160	0.49375	0.49064779160544275	65	False	True	False
orf_0a3965291c1a1269ff4b80926ece1ae09a35781a89cc732083a668ca62528d52	peptide_83e70cbd623cb2f7b5d79b5782f40681b07246f0010b053184a440fd9cafd420	parent_a_canonical	1	141	141	0.7801418439716312	0.6751842824279839	109	True	True	True
orf_0a3965291c1a1269ff4b80926ece1ae09a35781a89cc732083a668ca62528d52	peptide_83e70cbd623cb2f7b5d79b5782f40681b07246f0010b053184a440fd9cafd420	junction_split_codon	142	142	1	1.0	0.5522456169128418	1	True	True	True
orf_0a3965291c1a1269ff4b80926ece1ae09a35781a89cc732083a668ca62528d52	peptide_83e70cbd623cb2f7b5d79b5782f40681b07246f0010b053184a440fd9cafd420	parent_b_unannotated_CDS	143	186	44	1.0	0.7286926507949829	44	True	True	True
orf_4cbb5cdc4a3afe3e24cf9b49215732be6f74dc888741e4ec897cd88007b1d99b	peptide_597d635312bbaecad92397a89da8161ec9f7e058ec824cd5ea5ad11bacfb78f7	parent_a_canonical	1	141	141	0.8085106382978723	0.7027572629088206	110	True	True	True
orf_4cbb5cdc4a3afe3e24cf9b49215732be6f74dc888741e4ec897cd88007b1d99b	peptide_597d635312bbaecad92397a89da8161ec9f7e058ec824cd5ea5ad11bacfb78f7	junction_split_codon	142	142	1	1.0	0.6443769931793213	1	True	True	True
orf_4cbb5cdc4a3afe3e24cf9b49215732be6f74dc888741e4ec897cd88007b1d99b	peptide_597d635312bbaecad92397a89da8161ec9f7e058ec824cd5ea5ad11bacfb78f7	parent_b_unannotated_CDS	143	293	151	0.6423841059602649	0.5582684689997047	76	True	True	True
orf_f82b6855b29d579fdb84ae65baba98875f8e610508b12e09634d9a1bdaa2af69	peptide_1485ea7abb5537105da28caa75dbafd079f07504c590ce733c6d66afe0f0e279	parent_a_canonical	1	222	222	0.19369369369369369	0.2516627089531572	21	False	False	False
orf_f82b6855b29d579fdb84ae65baba98875f8e610508b12e09634d9a1bdaa2af69	peptide_1485ea7abb5537105da28caa75dbafd079f07504c590ce733c6d66afe0f0e279	junction_split_codon	223	223	1	1.0	0.7750388383865356	1	True	True	True
orf_f82b6855b29d579fdb84ae65baba98875f8e610508b12e09634d9a1bdaa2af69	peptide_1485ea7abb5537105da28caa75dbafd079f07504c590ce733c6d66afe0f0e279	parent_b_canonical	224	383	160	0.60625	0.5995250896550715	82	True	True	True
orf_d764c8a72455290c75ba3402b60d197d6a097284c118ff44537d17a82cbba814	peptide_1485ea7abb5537105da28caa75dbafd079f07504c590ce733c6d66afe0f0e279	parent_a_canonical	1	222	222	0.19369369369369369	0.2516627089531572	21	False	False	False
orf_d764c8a72455290c75ba3402b60d197d6a097284c118ff44537d17a82cbba814	peptide_1485ea7abb5537105da28caa75dbafd079f07504c590ce733c6d66afe0f0e279	junction_split_codon	223	223	1	1.0	0.7750388383865356	1	True	True	True
orf_d764c8a72455290c75ba3402b60d197d6a097284c118ff44537d17a82cbba814	peptide_1485ea7abb5537105da28caa75dbafd079f07504c590ce733c6d66afe0f0e279	parent_b_canonical	224	383	160	0.60625	0.5995250896550715	82	True	True	True
orf_df47c54d987815637f517337a076d642ba51d1bbb8ff2cd6e3bcf2ed8e51aa87	peptide_1485ea7abb5537105da28caa75dbafd079f07504c590ce733c6d66afe0f0e279	parent_a_canonical	1	222	222	0.19369369369369369	0.2516627089531572	21	False	False	False
orf_df47c54d987815637f517337a076d642ba51d1bbb8ff2cd6e3bcf2ed8e51aa87	peptide_1485ea7abb5537105da28caa75dbafd079f07504c590ce733c6d66afe0f0e279	junction_split_codon	223	223	1	1.0	0.7750388383865356	1	True	True	True
orf_df47c54d987815637f517337a076d642ba51d1bbb8ff2cd6e3bcf2ed8e51aa87	peptide_1485ea7abb5537105da28caa75dbafd079f07504c590ce733c6d66afe0f0e279	parent_b_canonical	224	383	160	0.60625	0.5995250896550715	82	True	True	True
orf_25937857a6c554aeaa5b33ea913f30928df67e3712806202be8dfa58c3d79740	peptide_e0d3fd43f9f22d7297190f8f414371f7c190ecfc647bf5c34c551d12c1c4357c	parent_a_canonical	1	222	222	0.15765765765765766	0.23032329486565548	16	False	False	False
orf_25937857a6c554aeaa5b33ea913f30928df67e3712806202be8dfa58c3d79740	peptide_e0d3fd43f9f22d7297190f8f414371f7c190ecfc647bf5c34c551d12c1c4357c	junction_split_codon	223	223	1	1.0	0.6802829504013062	1	True	True	True
orf_25937857a6c554aeaa5b33ea913f30928df67e3712806202be8dfa58c3d79740	peptide_e0d3fd43f9f22d7297190f8f414371f7c190ecfc647bf5c34c551d12c1c4357c	parent_b_unannotated_CDS	224	267	44	1.0	0.8611711724237963	44	True	True	True
orf_0dd67054757ec78df1f53f3b8253e22f406ef043b3f4d8a36d74178981d3dc2a	peptide_dfa0f70392894092a6ebb5547ba8aec5110bf75282b42da97ad017230e00c4e6	parent_a_canonical	1	222	222	0.17567567567567569	0.2409200722032839	18	False	False	False
orf_0dd67054757ec78df1f53f3b8253e22f406ef043b3f4d8a36d74178981d3dc2a	peptide_dfa0f70392894092a6ebb5547ba8aec5110bf75282b42da97ad017230e00c4e6	junction_split_codon	223	223	1	1.0	0.7295591831207275	1	True	True	True
orf_0dd67054757ec78df1f53f3b8253e22f406ef043b3f4d8a36d74178981d3dc2a	peptide_dfa0f70392894092a6ebb5547ba8aec5110bf75282b42da97ad017230e00c4e6	parent_b_unannotated_CDS	224	374	151	1.0	0.7926218035994776	151	True	True	True
orf_d767ac918dda7c9c999b90b0257f7c9958ac4bad0f3254ceb3f7581c6ffd3f29	peptide_ad78f740e929300252b49c120f9ddbbb1f8e475cc6f925f94b1664050843b25b	parent_a_canonical	1	161	161	0.32298136645962733	0.34683847251515953	28	False	False	False
orf_d767ac918dda7c9c999b90b0257f7c9958ac4bad0f3254ceb3f7581c6ffd3f29	peptide_ad78f740e929300252b49c120f9ddbbb1f8e475cc6f925f94b1664050843b25b	junction_split_codon	162	162	1	1.0	0.770958662033081	1	True	True	True
orf_d767ac918dda7c9c999b90b0257f7c9958ac4bad0f3254ceb3f7581c6ffd3f29	peptide_ad78f740e929300252b49c120f9ddbbb1f8e475cc6f925f94b1664050843b25b	parent_b_canonical	163	322	160	0.48125	0.5118441477417945	62	False	True	False
orf_02c0866ab5de487b891e3edfd31b11575ade3604362181e2bbf519507b4b5f43	peptide_ad78f740e929300252b49c120f9ddbbb1f8e475cc6f925f94b1664050843b25b	parent_a_canonical	1	161	161	0.32298136645962733	0.34683847251515953	28	False	False	False
orf_02c0866ab5de487b891e3edfd31b11575ade3604362181e2bbf519507b4b5f43	peptide_ad78f740e929300252b49c120f9ddbbb1f8e475cc6f925f94b1664050843b25b	junction_split_codon	162	162	1	1.0	0.770958662033081	1	True	True	True
orf_02c0866ab5de487b891e3edfd31b11575ade3604362181e2bbf519507b4b5f43	peptide_ad78f740e929300252b49c120f9ddbbb1f8e475cc6f925f94b1664050843b25b	parent_b_canonical	163	322	160	0.48125	0.5118441477417945	62	False	True	False
orf_6d979a09221999e85948fbeaa23d90a271fa4e170732e44bef5c9f1b2daacb4f	peptide_ad78f740e929300252b49c120f9ddbbb1f8e475cc6f925f94b1664050843b25b	parent_a_canonical	1	161	161	0.32298136645962733	0.34683847251515953	28	False	False	False
orf_6d979a09221999e85948fbeaa23d90a271fa4e170732e44bef5c9f1b2daacb4f	peptide_ad78f740e929300252b49c120f9ddbbb1f8e475cc6f925f94b1664050843b25b	junction_split_codon	162	162	1	1.0	0.770958662033081	1	True	True	True
orf_6d979a09221999e85948fbeaa23d90a271fa4e170732e44bef5c9f1b2daacb4f	peptide_ad78f740e929300252b49c120f9ddbbb1f8e475cc6f925f94b1664050843b25b	parent_b_canonical	163	322	160	0.48125	0.5118441477417945	62	False	True	False
orf_63a04fbb253a0e90d2eab19f71dc55ef8548399fba818989e09a17fbadd3368f	peptide_75322bcdd1040b2b5cb41f68f709aa3dca2758091ab5789d18444f16472b238a	parent_a_canonical	1	161	161	0.2670807453416149	0.31968312150573136	25	False	False	False
orf_63a04fbb253a0e90d2eab19f71dc55ef8548399fba818989e09a17fbadd3368f	peptide_75322bcdd1040b2b5cb41f68f709aa3dca2758091ab5789d18444f16472b238a	junction_split_codon	162	162	1	1.0	0.6594480872154236	1	True	True	True
orf_63a04fbb253a0e90d2eab19f71dc55ef8548399fba818989e09a17fbadd3368f	peptide_75322bcdd1040b2b5cb41f68f709aa3dca2758091ab5789d18444f16472b238a	parent_b_unannotated_CDS	163	206	44	1.0	0.840425045652823	44	True	True	True
orf_e675c358f0266179bc0b7fd95817947969c4ee7976e045b2917165bc1b5e69c4	peptide_cb4825c6749f1e85ecc74a20cb49cd884674a3946d0d5d2f68a309487244bb5b	parent_a_canonical	1	161	161	0.3105590062111801	0.34351475018522015	28	False	False	False
orf_e675c358f0266179bc0b7fd95817947969c4ee7976e045b2917165bc1b5e69c4	peptide_cb4825c6749f1e85ecc74a20cb49cd884674a3946d0d5d2f68a309487244bb5b	junction_split_codon	162	162	1	1.0	0.7340514063835144	1	True	True	True
orf_e675c358f0266179bc0b7fd95817947969c4ee7976e045b2917165bc1b5e69c4	peptide_cb4825c6749f1e85ecc74a20cb49cd884674a3946d0d5d2f68a309487244bb5b	parent_b_unannotated_CDS	163	313	151	0.6291390728476821	0.5620237081650866	69	True	True	True
orf_f3c0e46aa91d953ede13e70f899473c2a2e2639d5a48c6e4ca98d5b75e15c386	peptide_6d671b114e1c0ccf69cdb1c4eefa26c0c6df2e22ce8b0983ef4805183aac5496	parent_a_canonical	1	88	88	0.0	0.25565546327693894	0	False	False	False
orf_f3c0e46aa91d953ede13e70f899473c2a2e2639d5a48c6e4ca98d5b75e15c386	peptide_6d671b114e1c0ccf69cdb1c4eefa26c0c6df2e22ce8b0983ef4805183aac5496	parent_b_canonical	89	149	61	0.3442622950819672	0.4401069674335542	12	False	False	False
orf_facc8f3586b7a8c8fc94cd3353d5a15d3e4de7dfcb7ac2ca3c25eff4109e754e	peptide_6d671b114e1c0ccf69cdb1c4eefa26c0c6df2e22ce8b0983ef4805183aac5496	parent_a_canonical	1	88	88	0.0	0.25565546327693894	0	False	False	False
orf_facc8f3586b7a8c8fc94cd3353d5a15d3e4de7dfcb7ac2ca3c25eff4109e754e	peptide_6d671b114e1c0ccf69cdb1c4eefa26c0c6df2e22ce8b0983ef4805183aac5496	parent_b_canonical	89	149	61	0.3442622950819672	0.4401069674335542	12	False	False	False
orf_335f4a93021886ca4f7057483fd913055b8208e2603188a714abfcdf1c1a3a32	peptide_6d671b114e1c0ccf69cdb1c4eefa26c0c6df2e22ce8b0983ef4805183aac5496	parent_a_canonical	1	88	88	0.0	0.25565546327693894	0	False	False	False
orf_335f4a93021886ca4f7057483fd913055b8208e2603188a714abfcdf1c1a3a32	peptide_6d671b114e1c0ccf69cdb1c4eefa26c0c6df2e22ce8b0983ef4805183aac5496	parent_b_canonical	89	149	61	0.3442622950819672	0.4401069674335542	12	False	False	False
orf_c102d1387c837f21ffd6cedc80334eba1759f486c9a9044d87fa53dd9c154566	peptide_33e439fffd21f0bb37f62999726d0ef310cba0c1c7da99974a3c8dde432ecde0	parent_a_canonical	1	145	145	0.0896551724137931	0.15303075416334744	13	False	False	False
orf_c102d1387c837f21ffd6cedc80334eba1759f486c9a9044d87fa53dd9c154566	peptide_33e439fffd21f0bb37f62999726d0ef310cba0c1c7da99974a3c8dde432ecde0	parent_b_canonical	146	199	54	0.14814814814814814	0.27769001600918947	8	False	False	False
orf_92fc07dec9a4c58dce38916d1a47d3440dac83aee1ff4f8fdd2d2247aa10675d	peptide_2168e44b24311d2038cfd2a0e4419b38462cc90c1ad4a8edab2a8f33656b2877	parent_a_canonical	1	143	143	0.0979020979020979	0.1464209488847039	14	False	False	False
orf_92fc07dec9a4c58dce38916d1a47d3440dac83aee1ff4f8fdd2d2247aa10675d	peptide_2168e44b24311d2038cfd2a0e4419b38462cc90c1ad4a8edab2a8f33656b2877	parent_b_canonical	144	197	54	0.14814814814814814	0.27656057946108004	8	False	False	False
orf_9a72c924daa43054fe0b47d6e34071b071786b577a5a60fa0352c0d78e70189c	peptide_3538354085b81ef36c100a2816d54993d184f50f51149beb3c72110afb62890b	parent_a_canonical	1	29	29	0.5517241379310345	0.5246664891982901	16	True	True	False
orf_9a72c924daa43054fe0b47d6e34071b071786b577a5a60fa0352c0d78e70189c	peptide_3538354085b81ef36c100a2816d54993d184f50f51149beb3c72110afb62890b	junction_split_codon	30	30	1	0.0	0.13931909203529358	0	False	False	False
orf_9a72c924daa43054fe0b47d6e34071b071786b577a5a60fa0352c0d78e70189c	peptide_3538354085b81ef36c100a2816d54993d184f50f51149beb3c72110afb62890b	parent_b_out_of_frame	31	39	9	0.0	0.14457387725512186	0	False	False	False
orf_4256cbfcc09eaed4e7223f0c174d359327102d4dd8675bd2871b880a3a3012ce	peptide_3538354085b81ef36c100a2816d54993d184f50f51149beb3c72110afb62890b	parent_a_canonical	1	29	29	0.5517241379310345	0.5246664891982901	16	True	True	False
orf_4256cbfcc09eaed4e7223f0c174d359327102d4dd8675bd2871b880a3a3012ce	peptide_3538354085b81ef36c100a2816d54993d184f50f51149beb3c72110afb62890b	junction_split_codon	30	30	1	0.0	0.13931909203529358	0	False	False	False
orf_4256cbfcc09eaed4e7223f0c174d359327102d4dd8675bd2871b880a3a3012ce	peptide_3538354085b81ef36c100a2816d54993d184f50f51149beb3c72110afb62890b	parent_b_out_of_frame	31	39	9	0.0	0.14457387725512186	0	False	False	False
orf_1ff7d96628d4e1e311bd7fadd5ab7eca46e56ea4b33e9e3088bfb5661efc6f32	peptide_3538354085b81ef36c100a2816d54993d184f50f51149beb3c72110afb62890b	parent_a_canonical	1	29	29	0.5517241379310345	0.5246664891982901	16	True	True	False
orf_1ff7d96628d4e1e311bd7fadd5ab7eca46e56ea4b33e9e3088bfb5661efc6f32	peptide_3538354085b81ef36c100a2816d54993d184f50f51149beb3c72110afb62890b	junction_split_codon	30	30	1	0.0	0.13931909203529358	0	False	False	False
orf_1ff7d96628d4e1e311bd7fadd5ab7eca46e56ea4b33e9e3088bfb5661efc6f32	peptide_3538354085b81ef36c100a2816d54993d184f50f51149beb3c72110afb62890b	parent_b_out_of_frame	31	39	9	0.0	0.14457387725512186	0	False	False	False
orf_ec9c0b0b8a60a859788989419a6959eae8d47545dad39fb68993c36edb21e407	peptide_3538354085b81ef36c100a2816d54993d184f50f51149beb3c72110afb62890b	parent_a_canonical	1	29	29	0.5517241379310345	0.5246664891982901	16	True	True	False
orf_ec9c0b0b8a60a859788989419a6959eae8d47545dad39fb68993c36edb21e407	peptide_3538354085b81ef36c100a2816d54993d184f50f51149beb3c72110afb62890b	junction_split_codon	30	30	1	0.0	0.13931909203529358	0	False	False	False
orf_ec9c0b0b8a60a859788989419a6959eae8d47545dad39fb68993c36edb21e407	peptide_3538354085b81ef36c100a2816d54993d184f50f51149beb3c72110afb62890b	parent_b_out_of_frame	31	39	9	0.0	0.14457387725512186	0	False	False	False
orf_ce8b7b425b16153e651b8dab0e5768f39ab916021a1335c98d9b2ad79d696f2d	peptide_3538354085b81ef36c100a2816d54993d184f50f51149beb3c72110afb62890b	parent_a_canonical	1	29	29	0.5517241379310345	0.5246664891982901	16	True	True	False
orf_ce8b7b425b16153e651b8dab0e5768f39ab916021a1335c98d9b2ad79d696f2d	peptide_3538354085b81ef36c100a2816d54993d184f50f51149beb3c72110afb62890b	junction_split_codon	30	30	1	0.0	0.13931909203529358	0	False	False	False
orf_ce8b7b425b16153e651b8dab0e5768f39ab916021a1335c98d9b2ad79d696f2d	peptide_3538354085b81ef36c100a2816d54993d184f50f51149beb3c72110afb62890b	parent_b_out_of_frame	31	39	9	0.0	0.14457387725512186	0	False	False	False
orf_f8c479c83a75b9de196505097b50b30941b996474db9e01192bcc569187fa150	peptide_3538354085b81ef36c100a2816d54993d184f50f51149beb3c72110afb62890b	parent_a_canonical	1	29	29	0.5517241379310345	0.5246664891982901	16	True	True	False
orf_f8c479c83a75b9de196505097b50b30941b996474db9e01192bcc569187fa150	peptide_3538354085b81ef36c100a2816d54993d184f50f51149beb3c72110afb62890b	junction_split_codon	30	30	1	0.0	0.13931909203529358	0	False	False	False
orf_f8c479c83a75b9de196505097b50b30941b996474db9e01192bcc569187fa150	peptide_3538354085b81ef36c100a2816d54993d184f50f51149beb3c72110afb62890b	parent_b_out_of_frame	31	39	9	0.0	0.14457387725512186	0	False	False	False
orf_f535cfbc09505552da50fb5df2479cf55db8c3e420a0eb60a58e7e169dce8fc1	peptide_3538354085b81ef36c100a2816d54993d184f50f51149beb3c72110afb62890b	parent_a_canonical	1	29	29	0.5517241379310345	0.5246664891982901	16	True	True	False
orf_f535cfbc09505552da50fb5df2479cf55db8c3e420a0eb60a58e7e169dce8fc1	peptide_3538354085b81ef36c100a2816d54993d184f50f51149beb3c72110afb62890b	junction_split_codon	30	30	1	0.0	0.13931909203529358	0	False	False	False
orf_f535cfbc09505552da50fb5df2479cf55db8c3e420a0eb60a58e7e169dce8fc1	peptide_3538354085b81ef36c100a2816d54993d184f50f51149beb3c72110afb62890b	parent_b_out_of_frame	31	39	9	0.0	0.14457387725512186	0	False	False	False
orf_6158616796cbe127c641d684231d98e1e6f5d9340b7f077c98616c0824f0cbe5	peptide_3538354085b81ef36c100a2816d54993d184f50f51149beb3c72110afb62890b	parent_a_canonical	1	29	29	0.5517241379310345	0.5246664891982901	16	True	True	False
orf_6158616796cbe127c641d684231d98e1e6f5d9340b7f077c98616c0824f0cbe5	peptide_3538354085b81ef36c100a2816d54993d184f50f51149beb3c72110afb62890b	junction_split_codon	30	30	1	0.0	0.13931909203529358	0	False	False	False
orf_6158616796cbe127c641d684231d98e1e6f5d9340b7f077c98616c0824f0cbe5	peptide_3538354085b81ef36c100a2816d54993d184f50f51149beb3c72110afb62890b	parent_b_out_of_frame	31	39	9	0.0	0.14457387725512186	0	False	False	False
orf_36e3fa6eacec280ff998858bc592301d81db359e3c24088875af67d0846f45ce	peptide_3538354085b81ef36c100a2816d54993d184f50f51149beb3c72110afb62890b	parent_a_canonical	1	29	29	0.5517241379310345	0.5246664891982901	16	True	True	False
orf_36e3fa6eacec280ff998858bc592301d81db359e3c24088875af67d0846f45ce	peptide_3538354085b81ef36c100a2816d54993d184f50f51149beb3c72110afb62890b	junction_split_codon	30	30	1	0.0	0.13931909203529358	0	False	False	False
orf_36e3fa6eacec280ff998858bc592301d81db359e3c24088875af67d0846f45ce	peptide_3538354085b81ef36c100a2816d54993d184f50f51149beb3c72110afb62890b	parent_b_out_of_frame	31	39	9	0.0	0.14457387725512186	0	False	False	False
orf_3601668f2861228452c02dbfa60d4c3f036f716929221150e35f48b1a7032fa8	peptide_3538354085b81ef36c100a2816d54993d184f50f51149beb3c72110afb62890b	parent_a_canonical	1	29	29	0.5517241379310345	0.5246664891982901	16	True	True	False
orf_3601668f2861228452c02dbfa60d4c3f036f716929221150e35f48b1a7032fa8	peptide_3538354085b81ef36c100a2816d54993d184f50f51149beb3c72110afb62890b	junction_split_codon	30	30	1	0.0	0.13931909203529358	0	False	False	False
orf_3601668f2861228452c02dbfa60d4c3f036f716929221150e35f48b1a7032fa8	peptide_3538354085b81ef36c100a2816d54993d184f50f51149beb3c72110afb62890b	parent_b_out_of_frame	31	39	9	0.0	0.14457387725512186	0	False	False	False
orf_869c8ffc9c583e52052b960c3a21a46c70cd66c34c05dff9b410167f86d08eef	peptide_7a9f6f4887bd814b003cf10313fd2533c1efedd27d7e63a1d4f1508167c28ace	parent_a_canonical	1	22	22	1.0	0.6924893883141604	22	True	True	True
orf_869c8ffc9c583e52052b960c3a21a46c70cd66c34c05dff9b410167f86d08eef	peptide_7a9f6f4887bd814b003cf10313fd2533c1efedd27d7e63a1d4f1508167c28ace	junction_split_codon	23	23	1	1.0	0.5290489196777344	1	True	True	True
orf_869c8ffc9c583e52052b960c3a21a46c70cd66c34c05dff9b410167f86d08eef	peptide_7a9f6f4887bd814b003cf10313fd2533c1efedd27d7e63a1d4f1508167c28ace	parent_b_out_of_frame	24	39	16	1.0	0.5841132402420044	16	True	True	True
orf_0ee03ae88971746f23c1ff5c65c33d7c01fbed7efebd37ff4084e0d0036d9a23	peptide_7a9f6f4887bd814b003cf10313fd2533c1efedd27d7e63a1d4f1508167c28ace	parent_a_canonical	1	22	22	1.0	0.6924893883141604	22	True	True	True
orf_0ee03ae88971746f23c1ff5c65c33d7c01fbed7efebd37ff4084e0d0036d9a23	peptide_7a9f6f4887bd814b003cf10313fd2533c1efedd27d7e63a1d4f1508167c28ace	junction_split_codon	23	23	1	1.0	0.5290489196777344	1	True	True	True
orf_0ee03ae88971746f23c1ff5c65c33d7c01fbed7efebd37ff4084e0d0036d9a23	peptide_7a9f6f4887bd814b003cf10313fd2533c1efedd27d7e63a1d4f1508167c28ace	parent_b_unannotated_CDS	24	39	16	1.0	0.5841132402420044	16	True	True	True
orf_ada27386fd7817425c5b5697ba1d4e7279d87a1c78268981eb789430d70692d5	peptide_7a9f6f4887bd814b003cf10313fd2533c1efedd27d7e63a1d4f1508167c28ace	parent_a_canonical	1	22	22	1.0	0.6924893883141604	22	True	True	True
orf_ada27386fd7817425c5b5697ba1d4e7279d87a1c78268981eb789430d70692d5	peptide_7a9f6f4887bd814b003cf10313fd2533c1efedd27d7e63a1d4f1508167c28ace	junction_split_codon	23	23	1	1.0	0.5290489196777344	1	True	True	True
orf_ada27386fd7817425c5b5697ba1d4e7279d87a1c78268981eb789430d70692d5	peptide_7a9f6f4887bd814b003cf10313fd2533c1efedd27d7e63a1d4f1508167c28ace	parent_b_out_of_frame	24	39	16	1.0	0.5841132402420044	16	True	True	True
orf_f2b36dae5e30804fb13c8f9de1367da5ba3ecd39e83b475a1bf3b7bcea55e376	peptide_7a9f6f4887bd814b003cf10313fd2533c1efedd27d7e63a1d4f1508167c28ace	parent_a_canonical	1	22	22	1.0	0.6924893883141604	22	True	True	True
orf_f2b36dae5e30804fb13c8f9de1367da5ba3ecd39e83b475a1bf3b7bcea55e376	peptide_7a9f6f4887bd814b003cf10313fd2533c1efedd27d7e63a1d4f1508167c28ace	junction_split_codon	23	23	1	1.0	0.5290489196777344	1	True	True	True
orf_f2b36dae5e30804fb13c8f9de1367da5ba3ecd39e83b475a1bf3b7bcea55e376	peptide_7a9f6f4887bd814b003cf10313fd2533c1efedd27d7e63a1d4f1508167c28ace	parent_b_out_of_frame	24	39	16	1.0	0.5841132402420044	16	True	True	True
orf_59734bd7a9f9a6bce29a9afa47c84e6d1ada2e49676428f793354726e3b7c757	peptide_7a9f6f4887bd814b003cf10313fd2533c1efedd27d7e63a1d4f1508167c28ace	parent_a_canonical	1	22	22	1.0	0.6924893883141604	22	True	True	True
orf_59734bd7a9f9a6bce29a9afa47c84e6d1ada2e49676428f793354726e3b7c757	peptide_7a9f6f4887bd814b003cf10313fd2533c1efedd27d7e63a1d4f1508167c28ace	junction_split_codon	23	23	1	1.0	0.5290489196777344	1	True	True	True
orf_59734bd7a9f9a6bce29a9afa47c84e6d1ada2e49676428f793354726e3b7c757	peptide_7a9f6f4887bd814b003cf10313fd2533c1efedd27d7e63a1d4f1508167c28ace	parent_b_unannotated_CDS	24	39	16	1.0	0.5841132402420044	16	True	True	True
orf_2e65bc507214e5b15dc5f25d579e70abdbb3e8fecd0e9aeaab5181e5b64dd9c5	peptide_7a9f6f4887bd814b003cf10313fd2533c1efedd27d7e63a1d4f1508167c28ace	parent_a_canonical	1	22	22	1.0	0.6924893883141604	22	True	True	True
orf_2e65bc507214e5b15dc5f25d579e70abdbb3e8fecd0e9aeaab5181e5b64dd9c5	peptide_7a9f6f4887bd814b003cf10313fd2533c1efedd27d7e63a1d4f1508167c28ace	junction_split_codon	23	23	1	1.0	0.5290489196777344	1	True	True	True
orf_2e65bc507214e5b15dc5f25d579e70abdbb3e8fecd0e9aeaab5181e5b64dd9c5	peptide_7a9f6f4887bd814b003cf10313fd2533c1efedd27d7e63a1d4f1508167c28ace	parent_b_out_of_frame	24	39	16	1.0	0.5841132402420044	16	True	True	True
orf_2a3674d8f0113b24af2f1dc3fdeaed9c49d687ee3148ee4555c71b6c228a79bb	peptide_7a9f6f4887bd814b003cf10313fd2533c1efedd27d7e63a1d4f1508167c28ace	parent_a_canonical	1	22	22	1.0	0.6924893883141604	22	True	True	True
orf_2a3674d8f0113b24af2f1dc3fdeaed9c49d687ee3148ee4555c71b6c228a79bb	peptide_7a9f6f4887bd814b003cf10313fd2533c1efedd27d7e63a1d4f1508167c28ace	junction_split_codon	23	23	1	1.0	0.5290489196777344	1	True	True	True
orf_2a3674d8f0113b24af2f1dc3fdeaed9c49d687ee3148ee4555c71b6c228a79bb	peptide_7a9f6f4887bd814b003cf10313fd2533c1efedd27d7e63a1d4f1508167c28ace	parent_b_unannotated_CDS	24	39	16	1.0	0.5841132402420044	16	True	True	True
orf_e26f88e18dbff588f982850702b3f08d83d95ef12e2be6f97ec3db05e0e0af7f	peptide_7a9f6f4887bd814b003cf10313fd2533c1efedd27d7e63a1d4f1508167c28ace	parent_a_canonical	1	22	22	1.0	0.6924893883141604	22	True	True	True
orf_e26f88e18dbff588f982850702b3f08d83d95ef12e2be6f97ec3db05e0e0af7f	peptide_7a9f6f4887bd814b003cf10313fd2533c1efedd27d7e63a1d4f1508167c28ace	junction_split_codon	23	23	1	1.0	0.5290489196777344	1	True	True	True
orf_e26f88e18dbff588f982850702b3f08d83d95ef12e2be6f97ec3db05e0e0af7f	peptide_7a9f6f4887bd814b003cf10313fd2533c1efedd27d7e63a1d4f1508167c28ace	parent_b_out_of_frame	24	39	16	1.0	0.5841132402420044	16	True	True	True
orf_e4f805ef9530d9718ca51b9f6ff04198bc8c59dc78eb56e5fbefcb672ea5c2a8	peptide_7a9f6f4887bd814b003cf10313fd2533c1efedd27d7e63a1d4f1508167c28ace	parent_a_canonical	1	22	22	1.0	0.6924893883141604	22	True	True	True
orf_e4f805ef9530d9718ca51b9f6ff04198bc8c59dc78eb56e5fbefcb672ea5c2a8	peptide_7a9f6f4887bd814b003cf10313fd2533c1efedd27d7e63a1d4f1508167c28ace	junction_split_codon	23	23	1	1.0	0.5290489196777344	1	True	True	True
orf_e4f805ef9530d9718ca51b9f6ff04198bc8c59dc78eb56e5fbefcb672ea5c2a8	peptide_7a9f6f4887bd814b003cf10313fd2533c1efedd27d7e63a1d4f1508167c28ace	parent_b_out_of_frame	24	39	16	1.0	0.5841132402420044	16	True	True	True
orf_9ff92af2637010e4a973809a8453cb6591bf5253a218b73fb8691064dda1d367	peptide_7a9f6f4887bd814b003cf10313fd2533c1efedd27d7e63a1d4f1508167c28ace	parent_a_canonical	1	22	22	1.0	0.6924893883141604	22	True	True	True
orf_9ff92af2637010e4a973809a8453cb6591bf5253a218b73fb8691064dda1d367	peptide_7a9f6f4887bd814b003cf10313fd2533c1efedd27d7e63a1d4f1508167c28ace	junction_split_codon	23	23	1	1.0	0.5290489196777344	1	True	True	True
orf_9ff92af2637010e4a973809a8453cb6591bf5253a218b73fb8691064dda1d367	peptide_7a9f6f4887bd814b003cf10313fd2533c1efedd27d7e63a1d4f1508167c28ace	parent_b_unannotated_CDS	24	39	16	1.0	0.5841132402420044	16	True	True	True
orf_6f82d674c06c9e0422ff7287b24aaa5c79152f754850e6948c8c321934a108d9	peptide_7a9f6f4887bd814b003cf10313fd2533c1efedd27d7e63a1d4f1508167c28ace	parent_a_canonical	1	22	22	1.0	0.6924893883141604	22	True	True	True
orf_6f82d674c06c9e0422ff7287b24aaa5c79152f754850e6948c8c321934a108d9	peptide_7a9f6f4887bd814b003cf10313fd2533c1efedd27d7e63a1d4f1508167c28ace	junction_split_codon	23	23	1	1.0	0.5290489196777344	1	True	True	True
orf_6f82d674c06c9e0422ff7287b24aaa5c79152f754850e6948c8c321934a108d9	peptide_7a9f6f4887bd814b003cf10313fd2533c1efedd27d7e63a1d4f1508167c28ace	parent_b_out_of_frame	24	39	16	1.0	0.5841132402420044	16	True	True	True
orf_261ce6b53a8270f7a0c16c899e4215a81baed4901c68b51fb11519aaa83d22b6	peptide_7a9f6f4887bd814b003cf10313fd2533c1efedd27d7e63a1d4f1508167c28ace	parent_a_canonical	1	22	22	1.0	0.6924893883141604	22	True	True	True
orf_261ce6b53a8270f7a0c16c899e4215a81baed4901c68b51fb11519aaa83d22b6	peptide_7a9f6f4887bd814b003cf10313fd2533c1efedd27d7e63a1d4f1508167c28ace	junction_split_codon	23	23	1	1.0	0.5290489196777344	1	True	True	True
orf_261ce6b53a8270f7a0c16c899e4215a81baed4901c68b51fb11519aaa83d22b6	peptide_7a9f6f4887bd814b003cf10313fd2533c1efedd27d7e63a1d4f1508167c28ace	parent_b_unannotated_CDS	24	39	16	1.0	0.5841132402420044	16	True	True	True
orf_95393afd98dd69c707faab8c7420a3699b8a9582007387db9607b0d544678a53	peptide_7a9f6f4887bd814b003cf10313fd2533c1efedd27d7e63a1d4f1508167c28ace	parent_a_canonical	1	22	22	1.0	0.6924893883141604	22	True	True	True
orf_95393afd98dd69c707faab8c7420a3699b8a9582007387db9607b0d544678a53	peptide_7a9f6f4887bd814b003cf10313fd2533c1efedd27d7e63a1d4f1508167c28ace	junction_split_codon	23	23	1	1.0	0.5290489196777344	1	True	True	True
orf_95393afd98dd69c707faab8c7420a3699b8a9582007387db9607b0d544678a53	peptide_7a9f6f4887bd814b003cf10313fd2533c1efedd27d7e63a1d4f1508167c28ace	parent_b_out_of_frame	24	39	16	1.0	0.5841132402420044	16	True	True	True
orf_3bf10d1ab0effbadc4f630092ba6c90880a91de719cd8c2fa44450f8119d12fc	peptide_7a9f6f4887bd814b003cf10313fd2533c1efedd27d7e63a1d4f1508167c28ace	parent_a_canonical	1	22	22	1.0	0.6924893883141604	22	True	True	True
orf_3bf10d1ab0effbadc4f630092ba6c90880a91de719cd8c2fa44450f8119d12fc	peptide_7a9f6f4887bd814b003cf10313fd2533c1efedd27d7e63a1d4f1508167c28ace	junction_split_codon	23	23	1	1.0	0.5290489196777344	1	True	True	True
orf_3bf10d1ab0effbadc4f630092ba6c90880a91de719cd8c2fa44450f8119d12fc	peptide_7a9f6f4887bd814b003cf10313fd2533c1efedd27d7e63a1d4f1508167c28ace	parent_b_out_of_frame	24	39	16	1.0	0.5841132402420044	16	True	True	True
orf_5726f23f56665a04389cf973d50e90bb2c0c07c0c077969ebaaf65a950d73931	peptide_7a9f6f4887bd814b003cf10313fd2533c1efedd27d7e63a1d4f1508167c28ace	parent_a_canonical	1	22	22	1.0	0.6924893883141604	22	True	True	True
orf_5726f23f56665a04389cf973d50e90bb2c0c07c0c077969ebaaf65a950d73931	peptide_7a9f6f4887bd814b003cf10313fd2533c1efedd27d7e63a1d4f1508167c28ace	junction_split_codon	23	23	1	1.0	0.5290489196777344	1	True	True	True
orf_5726f23f56665a04389cf973d50e90bb2c0c07c0c077969ebaaf65a950d73931	peptide_7a9f6f4887bd814b003cf10313fd2533c1efedd27d7e63a1d4f1508167c28ace	parent_b_unannotated_CDS	24	39	16	1.0	0.5841132402420044	16	True	True	True
orf_ce4cb9d143d22fdc01b4aac598875f0e17a197c9a0d904f3b75140ce94808102	peptide_7a9f6f4887bd814b003cf10313fd2533c1efedd27d7e63a1d4f1508167c28ace	parent_a_canonical	1	22	22	1.0	0.6924893883141604	22	True	True	True
orf_ce4cb9d143d22fdc01b4aac598875f0e17a197c9a0d904f3b75140ce94808102	peptide_7a9f6f4887bd814b003cf10313fd2533c1efedd27d7e63a1d4f1508167c28ace	junction_split_codon	23	23	1	1.0	0.5290489196777344	1	True	True	True
orf_ce4cb9d143d22fdc01b4aac598875f0e17a197c9a0d904f3b75140ce94808102	peptide_7a9f6f4887bd814b003cf10313fd2533c1efedd27d7e63a1d4f1508167c28ace	parent_b_out_of_frame	24	39	16	1.0	0.5841132402420044	16	True	True	True
orf_a0afc186d551149fe3aadb9d4f070c32e4f4cc192a716a4b0d0247ed3a85012d	peptide_7a9f6f4887bd814b003cf10313fd2533c1efedd27d7e63a1d4f1508167c28ace	parent_a_canonical	1	22	22	1.0	0.6924893883141604	22	True	True	True
orf_a0afc186d551149fe3aadb9d4f070c32e4f4cc192a716a4b0d0247ed3a85012d	peptide_7a9f6f4887bd814b003cf10313fd2533c1efedd27d7e63a1d4f1508167c28ace	junction_split_codon	23	23	1	1.0	0.5290489196777344	1	True	True	True
orf_a0afc186d551149fe3aadb9d4f070c32e4f4cc192a716a4b0d0247ed3a85012d	peptide_7a9f6f4887bd814b003cf10313fd2533c1efedd27d7e63a1d4f1508167c28ace	parent_b_unannotated_CDS	24	39	16	1.0	0.5841132402420044	16	True	True	True
orf_15e2a47c50db80958315091fde4d6c1460d58dbd9af5f8775676b81e5ba78375	peptide_7a9f6f4887bd814b003cf10313fd2533c1efedd27d7e63a1d4f1508167c28ace	parent_a_canonical	1	22	22	1.0	0.6924893883141604	22	True	True	True
orf_15e2a47c50db80958315091fde4d6c1460d58dbd9af5f8775676b81e5ba78375	peptide_7a9f6f4887bd814b003cf10313fd2533c1efedd27d7e63a1d4f1508167c28ace	junction_split_codon	23	23	1	1.0	0.5290489196777344	1	True	True	True
orf_15e2a47c50db80958315091fde4d6c1460d58dbd9af5f8775676b81e5ba78375	peptide_7a9f6f4887bd814b003cf10313fd2533c1efedd27d7e63a1d4f1508167c28ace	parent_b_out_of_frame	24	39	16	1.0	0.5841132402420044	16	True	True	True
orf_5d0912bd42f98728084f52d26d6b416f94f764476d790c51c764b07acefe51a7	peptide_7a9f6f4887bd814b003cf10313fd2533c1efedd27d7e63a1d4f1508167c28ace	parent_a_canonical	1	22	22	1.0	0.6924893883141604	22	True	True	True
orf_5d0912bd42f98728084f52d26d6b416f94f764476d790c51c764b07acefe51a7	peptide_7a9f6f4887bd814b003cf10313fd2533c1efedd27d7e63a1d4f1508167c28ace	junction_split_codon	23	23	1	1.0	0.5290489196777344	1	True	True	True
orf_5d0912bd42f98728084f52d26d6b416f94f764476d790c51c764b07acefe51a7	peptide_7a9f6f4887bd814b003cf10313fd2533c1efedd27d7e63a1d4f1508167c28ace	parent_b_out_of_frame	24	39	16	1.0	0.5841132402420044	16	True	True	True
orf_1f2c4de3279ad378c8c1a9cc126788ae3a582e42aa379f8a6d72a7e857e2ae09	peptide_7a9f6f4887bd814b003cf10313fd2533c1efedd27d7e63a1d4f1508167c28ace	parent_a_canonical	1	22	22	1.0	0.6924893883141604	22	True	True	True
orf_1f2c4de3279ad378c8c1a9cc126788ae3a582e42aa379f8a6d72a7e857e2ae09	peptide_7a9f6f4887bd814b003cf10313fd2533c1efedd27d7e63a1d4f1508167c28ace	junction_split_codon	23	23	1	1.0	0.5290489196777344	1	True	True	True
orf_1f2c4de3279ad378c8c1a9cc126788ae3a582e42aa379f8a6d72a7e857e2ae09	peptide_7a9f6f4887bd814b003cf10313fd2533c1efedd27d7e63a1d4f1508167c28ace	parent_b_unannotated_CDS	24	39	16	1.0	0.5841132402420044	16	True	True	True
orf_396544ace2de20b76e8c7680847eac3cfab8ff3d8d131253192426cb1484a698	peptide_7a9f6f4887bd814b003cf10313fd2533c1efedd27d7e63a1d4f1508167c28ace	parent_a_canonical	1	22	22	1.0	0.6924893883141604	22	True	True	True
orf_396544ace2de20b76e8c7680847eac3cfab8ff3d8d131253192426cb1484a698	peptide_7a9f6f4887bd814b003cf10313fd2533c1efedd27d7e63a1d4f1508167c28ace	junction_split_codon	23	23	1	1.0	0.5290489196777344	1	True	True	True
orf_396544ace2de20b76e8c7680847eac3cfab8ff3d8d131253192426cb1484a698	peptide_7a9f6f4887bd814b003cf10313fd2533c1efedd27d7e63a1d4f1508167c28ace	parent_b_out_of_frame	24	39	16	1.0	0.5841132402420044	16	True	True	True
orf_045919cf24db8993c0640b757e608072ad697681a3e914e03f346d64d289a0b4	peptide_7a9f6f4887bd814b003cf10313fd2533c1efedd27d7e63a1d4f1508167c28ace	parent_a_canonical	1	22	22	1.0	0.6924893883141604	22	True	True	True
orf_045919cf24db8993c0640b757e608072ad697681a3e914e03f346d64d289a0b4	peptide_7a9f6f4887bd814b003cf10313fd2533c1efedd27d7e63a1d4f1508167c28ace	junction_split_codon	23	23	1	1.0	0.5290489196777344	1	True	True	True
orf_045919cf24db8993c0640b757e608072ad697681a3e914e03f346d64d289a0b4	peptide_7a9f6f4887bd814b003cf10313fd2533c1efedd27d7e63a1d4f1508167c28ace	parent_b_unannotated_CDS	24	39	16	1.0	0.5841132402420044	16	True	True	True
orf_7e4dee2ae89eb55d0434ef15655cd7c3c6c90173b718e887d2f785d4862f1b5b	peptide_7a9f6f4887bd814b003cf10313fd2533c1efedd27d7e63a1d4f1508167c28ace	parent_a_canonical	1	22	22	1.0	0.6924893883141604	22	True	True	True
orf_7e4dee2ae89eb55d0434ef15655cd7c3c6c90173b718e887d2f785d4862f1b5b	peptide_7a9f6f4887bd814b003cf10313fd2533c1efedd27d7e63a1d4f1508167c28ace	junction_split_codon	23	23	1	1.0	0.5290489196777344	1	True	True	True
orf_7e4dee2ae89eb55d0434ef15655cd7c3c6c90173b718e887d2f785d4862f1b5b	peptide_7a9f6f4887bd814b003cf10313fd2533c1efedd27d7e63a1d4f1508167c28ace	parent_b_out_of_frame	24	39	16	1.0	0.5841132402420044	16	True	True	True
orf_4b74dfdffba3516dc75e8b4d81798a243aaf3ef829a467c208ea1c2fb2e85ed5	peptide_7a9f6f4887bd814b003cf10313fd2533c1efedd27d7e63a1d4f1508167c28ace	parent_a_canonical	1	22	22	1.0	0.6924893883141604	22	True	True	True
orf_4b74dfdffba3516dc75e8b4d81798a243aaf3ef829a467c208ea1c2fb2e85ed5	peptide_7a9f6f4887bd814b003cf10313fd2533c1efedd27d7e63a1d4f1508167c28ace	junction_split_codon	23	23	1	1.0	0.5290489196777344	1	True	True	True
orf_4b74dfdffba3516dc75e8b4d81798a243aaf3ef829a467c208ea1c2fb2e85ed5	peptide_7a9f6f4887bd814b003cf10313fd2533c1efedd27d7e63a1d4f1508167c28ace	parent_b_out_of_frame	24	39	16	1.0	0.5841132402420044	16	True	True	True
orf_d6b71088a1c9fa27c26bdb7045c13d129ba044f1ca711f9c2da2c9f6f453fa56	peptide_7a9f6f4887bd814b003cf10313fd2533c1efedd27d7e63a1d4f1508167c28ace	parent_a_canonical	1	22	22	1.0	0.6924893883141604	22	True	True	True
orf_d6b71088a1c9fa27c26bdb7045c13d129ba044f1ca711f9c2da2c9f6f453fa56	peptide_7a9f6f4887bd814b003cf10313fd2533c1efedd27d7e63a1d4f1508167c28ace	junction_split_codon	23	23	1	1.0	0.5290489196777344	1	True	True	True
orf_d6b71088a1c9fa27c26bdb7045c13d129ba044f1ca711f9c2da2c9f6f453fa56	peptide_7a9f6f4887bd814b003cf10313fd2533c1efedd27d7e63a1d4f1508167c28ace	parent_b_unannotated_CDS	24	39	16	1.0	0.5841132402420044	16	True	True	True
orf_e968e4cba4333d0c60a835a824607f055cbbf653ee0a3e6f24c20c0eaa914f01	peptide_7a9f6f4887bd814b003cf10313fd2533c1efedd27d7e63a1d4f1508167c28ace	parent_a_canonical	1	22	22	1.0	0.6924893883141604	22	True	True	True
orf_e968e4cba4333d0c60a835a824607f055cbbf653ee0a3e6f24c20c0eaa914f01	peptide_7a9f6f4887bd814b003cf10313fd2533c1efedd27d7e63a1d4f1508167c28ace	junction_split_codon	23	23	1	1.0	0.5290489196777344	1	True	True	True
orf_e968e4cba4333d0c60a835a824607f055cbbf653ee0a3e6f24c20c0eaa914f01	peptide_7a9f6f4887bd814b003cf10313fd2533c1efedd27d7e63a1d4f1508167c28ace	parent_b_out_of_frame	24	39	16	1.0	0.5841132402420044	16	True	True	True
orf_fbb6c057f1a26022a903012d7711a9653790eb0534dc82b344ebd5f37bf7c6e0	peptide_7a9f6f4887bd814b003cf10313fd2533c1efedd27d7e63a1d4f1508167c28ace	parent_a_canonical	1	22	22	1.0	0.6924893883141604	22	True	True	True
orf_fbb6c057f1a26022a903012d7711a9653790eb0534dc82b344ebd5f37bf7c6e0	peptide_7a9f6f4887bd814b003cf10313fd2533c1efedd27d7e63a1d4f1508167c28ace	junction_split_codon	23	23	1	1.0	0.5290489196777344	1	True	True	True
orf_fbb6c057f1a26022a903012d7711a9653790eb0534dc82b344ebd5f37bf7c6e0	peptide_7a9f6f4887bd814b003cf10313fd2533c1efedd27d7e63a1d4f1508167c28ace	parent_b_unannotated_CDS	24	39	16	1.0	0.5841132402420044	16	True	True	True
orf_9974b664a60e77fcb9d05357c627d3642d404d1651b090f2728f99e86613600d	peptide_7a9f6f4887bd814b003cf10313fd2533c1efedd27d7e63a1d4f1508167c28ace	parent_a_canonical	1	22	22	1.0	0.6924893883141604	22	True	True	True
orf_9974b664a60e77fcb9d05357c627d3642d404d1651b090f2728f99e86613600d	peptide_7a9f6f4887bd814b003cf10313fd2533c1efedd27d7e63a1d4f1508167c28ace	junction_split_codon	23	23	1	1.0	0.5290489196777344	1	True	True	True
orf_9974b664a60e77fcb9d05357c627d3642d404d1651b090f2728f99e86613600d	peptide_7a9f6f4887bd814b003cf10313fd2533c1efedd27d7e63a1d4f1508167c28ace	parent_b_out_of_frame	24	39	16	1.0	0.5841132402420044	16	True	True	True
orf_f20a040096c6178604c193c1405927c5bad94944228a1758c8a9b06bbcabcf11	peptide_7a9f6f4887bd814b003cf10313fd2533c1efedd27d7e63a1d4f1508167c28ace	parent_a_canonical	1	22	22	1.0	0.6924893883141604	22	True	True	True
orf_f20a040096c6178604c193c1405927c5bad94944228a1758c8a9b06bbcabcf11	peptide_7a9f6f4887bd814b003cf10313fd2533c1efedd27d7e63a1d4f1508167c28ace	junction_split_codon	23	23	1	1.0	0.5290489196777344	1	True	True	True
orf_f20a040096c6178604c193c1405927c5bad94944228a1758c8a9b06bbcabcf11	peptide_7a9f6f4887bd814b003cf10313fd2533c1efedd27d7e63a1d4f1508167c28ace	parent_b_out_of_frame	24	39	16	1.0	0.5841132402420044	16	True	True	True
orf_838c63ebe210c6ec351d43ceb1642d8f663b4aef0318895159c4c0e3b00c8176	peptide_7a9f6f4887bd814b003cf10313fd2533c1efedd27d7e63a1d4f1508167c28ace	parent_a_canonical	1	22	22	1.0	0.6924893883141604	22	True	True	True
orf_838c63ebe210c6ec351d43ceb1642d8f663b4aef0318895159c4c0e3b00c8176	peptide_7a9f6f4887bd814b003cf10313fd2533c1efedd27d7e63a1d4f1508167c28ace	junction_split_codon	23	23	1	1.0	0.5290489196777344	1	True	True	True
orf_838c63ebe210c6ec351d43ceb1642d8f663b4aef0318895159c4c0e3b00c8176	peptide_7a9f6f4887bd814b003cf10313fd2533c1efedd27d7e63a1d4f1508167c28ace	parent_b_unannotated_CDS	24	39	16	1.0	0.5841132402420044	16	True	True	True
orf_a37f4863e34dd5966a1acba90e135d7623f4b1006f73fc0ff058506cf8971743	peptide_7a9f6f4887bd814b003cf10313fd2533c1efedd27d7e63a1d4f1508167c28ace	parent_a_canonical	1	22	22	1.0	0.6924893883141604	22	True	True	True
orf_a37f4863e34dd5966a1acba90e135d7623f4b1006f73fc0ff058506cf8971743	peptide_7a9f6f4887bd814b003cf10313fd2533c1efedd27d7e63a1d4f1508167c28ace	junction_split_codon	23	23	1	1.0	0.5290489196777344	1	True	True	True
orf_a37f4863e34dd5966a1acba90e135d7623f4b1006f73fc0ff058506cf8971743	peptide_7a9f6f4887bd814b003cf10313fd2533c1efedd27d7e63a1d4f1508167c28ace	parent_b_out_of_frame	24	39	16	1.0	0.5841132402420044	16	True	True	True
orf_4bc94ed76ac06be846f088a727d0bcc8f7eb6ebb5039a582e64c7a9f2fd9b147	peptide_7a9f6f4887bd814b003cf10313fd2533c1efedd27d7e63a1d4f1508167c28ace	parent_a_canonical	1	22	22	1.0	0.6924893883141604	22	True	True	True
orf_4bc94ed76ac06be846f088a727d0bcc8f7eb6ebb5039a582e64c7a9f2fd9b147	peptide_7a9f6f4887bd814b003cf10313fd2533c1efedd27d7e63a1d4f1508167c28ace	junction_split_codon	23	23	1	1.0	0.5290489196777344	1	True	True	True
orf_4bc94ed76ac06be846f088a727d0bcc8f7eb6ebb5039a582e64c7a9f2fd9b147	peptide_7a9f6f4887bd814b003cf10313fd2533c1efedd27d7e63a1d4f1508167c28ace	parent_b_unannotated_CDS	24	39	16	1.0	0.5841132402420044	16	True	True	True
orf_f28f0b78c960eb4fca17f3f0455f129c21702fbe3558e31b4a2a33af66aef75a	peptide_7a9f6f4887bd814b003cf10313fd2533c1efedd27d7e63a1d4f1508167c28ace	parent_a_canonical	1	22	22	1.0	0.6924893883141604	22	True	True	True
orf_f28f0b78c960eb4fca17f3f0455f129c21702fbe3558e31b4a2a33af66aef75a	peptide_7a9f6f4887bd814b003cf10313fd2533c1efedd27d7e63a1d4f1508167c28ace	junction_split_codon	23	23	1	1.0	0.5290489196777344	1	True	True	True
orf_f28f0b78c960eb4fca17f3f0455f129c21702fbe3558e31b4a2a33af66aef75a	peptide_7a9f6f4887bd814b003cf10313fd2533c1efedd27d7e63a1d4f1508167c28ace	parent_b_out_of_frame	24	39	16	1.0	0.5841132402420044	16	True	True	True
orf_7dd748c51a286530abe17b458a4aad7e9dbb7c20ba019135c0e6edc49dccbe56	peptide_7a9f6f4887bd814b003cf10313fd2533c1efedd27d7e63a1d4f1508167c28ace	parent_a_canonical	1	22	22	1.0	0.6924893883141604	22	True	True	True
orf_7dd748c51a286530abe17b458a4aad7e9dbb7c20ba019135c0e6edc49dccbe56	peptide_7a9f6f4887bd814b003cf10313fd2533c1efedd27d7e63a1d4f1508167c28ace	junction_split_codon	23	23	1	1.0	0.5290489196777344	1	True	True	True
orf_7dd748c51a286530abe17b458a4aad7e9dbb7c20ba019135c0e6edc49dccbe56	peptide_7a9f6f4887bd814b003cf10313fd2533c1efedd27d7e63a1d4f1508167c28ace	parent_b_out_of_frame	24	39	16	1.0	0.5841132402420044	16	True	True	True
orf_f5b58ccf1ea29d635dcf52f59ce20d8c8885e6a9a6f5098b210385c7e4b63ad0	peptide_7a9f6f4887bd814b003cf10313fd2533c1efedd27d7e63a1d4f1508167c28ace	parent_a_canonical	1	22	22	1.0	0.6924893883141604	22	True	True	True
orf_f5b58ccf1ea29d635dcf52f59ce20d8c8885e6a9a6f5098b210385c7e4b63ad0	peptide_7a9f6f4887bd814b003cf10313fd2533c1efedd27d7e63a1d4f1508167c28ace	junction_split_codon	23	23	1	1.0	0.5290489196777344	1	True	True	True
orf_f5b58ccf1ea29d635dcf52f59ce20d8c8885e6a9a6f5098b210385c7e4b63ad0	peptide_7a9f6f4887bd814b003cf10313fd2533c1efedd27d7e63a1d4f1508167c28ace	parent_b_unannotated_CDS	24	39	16	1.0	0.5841132402420044	16	True	True	True
orf_734311235ff5435cb5a8dd238e21f3bffe1141f76d5cdc100591af1673f71c38	peptide_f24219a126525f2d211114163d59773936920bb6110bdcc3eba476c5a060678c	parent_a_canonical	1	491	491	0.06924643584521385	0.14223106138696495	34	False	False	False
orf_734311235ff5435cb5a8dd238e21f3bffe1141f76d5cdc100591af1673f71c38	peptide_f24219a126525f2d211114163d59773936920bb6110bdcc3eba476c5a060678c	junction_split_codon	492	492	1	0.0	0.06315717101097107	0	False	False	False
orf_734311235ff5435cb5a8dd238e21f3bffe1141f76d5cdc100591af1673f71c38	peptide_f24219a126525f2d211114163d59773936920bb6110bdcc3eba476c5a060678c	parent_b_upstream_of_annotated_CDS	493	525	33	0.6060606060606061	0.6058606279618812	20	True	True	True
orf_579613ab55720418ba28ca4545de0f4bf1e4dac765ed3b996eddc159e8ebf723	peptide_f24219a126525f2d211114163d59773936920bb6110bdcc3eba476c5a060678c	parent_a_canonical	1	491	491	0.06924643584521385	0.14223106138696495	34	False	False	False
orf_579613ab55720418ba28ca4545de0f4bf1e4dac765ed3b996eddc159e8ebf723	peptide_f24219a126525f2d211114163d59773936920bb6110bdcc3eba476c5a060678c	junction_split_codon	492	492	1	0.0	0.06315717101097107	0	False	False	False
orf_579613ab55720418ba28ca4545de0f4bf1e4dac765ed3b996eddc159e8ebf723	peptide_f24219a126525f2d211114163d59773936920bb6110bdcc3eba476c5a060678c	parent_b_upstream_of_annotated_CDS	493	525	33	0.6060606060606061	0.6058606279618812	20	True	True	True
orf_e39fb98ee23b315960eb56569feb83e9c37d5421dd03e43a87d8e77fcefcfff5	peptide_1fe37bd6ea07b66d2c16eb3ac3ec79534ca5317c7b1cadea503320eaa4a1a3a2	parent_a_canonical	1	361	361	0.0	0.111975784405777	0	False	False	False
orf_e39fb98ee23b315960eb56569feb83e9c37d5421dd03e43a87d8e77fcefcfff5	peptide_1fe37bd6ea07b66d2c16eb3ac3ec79534ca5317c7b1cadea503320eaa4a1a3a2	junction_split_codon	362	362	1	0.0	0.0636226236820221	0	False	False	False
orf_e39fb98ee23b315960eb56569feb83e9c37d5421dd03e43a87d8e77fcefcfff5	peptide_1fe37bd6ea07b66d2c16eb3ac3ec79534ca5317c7b1cadea503320eaa4a1a3a2	parent_b_upstream_of_annotated_CDS	363	395	33	0.6363636363636364	0.6090842882792155	21	True	True	True
orf_2a6d8f9aca56b3dfc2affce83becf371f062686a48a2ff790f8d2d169bffda81	peptide_1fe37bd6ea07b66d2c16eb3ac3ec79534ca5317c7b1cadea503320eaa4a1a3a2	parent_a_canonical	1	361	361	0.0	0.111975784405777	0	False	False	False
orf_2a6d8f9aca56b3dfc2affce83becf371f062686a48a2ff790f8d2d169bffda81	peptide_1fe37bd6ea07b66d2c16eb3ac3ec79534ca5317c7b1cadea503320eaa4a1a3a2	junction_split_codon	362	362	1	0.0	0.0636226236820221	0	False	False	False
orf_2a6d8f9aca56b3dfc2affce83becf371f062686a48a2ff790f8d2d169bffda81	peptide_1fe37bd6ea07b66d2c16eb3ac3ec79534ca5317c7b1cadea503320eaa4a1a3a2	parent_b_upstream_of_annotated_CDS	363	395	33	0.6363636363636364	0.6090842882792155	21	True	True	True
orf_797b42700787ba0bbe5bda6bae6cc269e2dd0bccc877f8d3ebc81343042b5882	peptide_b38a46e68fa112ecb3d07b06ff9f3c00cfbcb19b8f9098cd396c99a0030c80ca	parent_a_canonical	1	68	68	1.0	0.8702757516328026	68	True	True	True
orf_797b42700787ba0bbe5bda6bae6cc269e2dd0bccc877f8d3ebc81343042b5882	peptide_b38a46e68fa112ecb3d07b06ff9f3c00cfbcb19b8f9098cd396c99a0030c80ca	junction_split_codon	69	69	1	1.0	0.9245145320892334	1	True	True	True
orf_797b42700787ba0bbe5bda6bae6cc269e2dd0bccc877f8d3ebc81343042b5882	peptide_b38a46e68fa112ecb3d07b06ff9f3c00cfbcb19b8f9098cd396c99a0030c80ca	parent_b_unannotated_CDS	70	75	6	1.0	0.8874321977297465	6	True	True	True
orf_eef5a3f2ed34f9c6ca7f1cf34aef1a931d573ca389dc78c7e9715c981dcf4ee0	peptide_b38a46e68fa112ecb3d07b06ff9f3c00cfbcb19b8f9098cd396c99a0030c80ca	parent_a_canonical	1	68	68	1.0	0.8702757516328026	68	True	True	True
orf_eef5a3f2ed34f9c6ca7f1cf34aef1a931d573ca389dc78c7e9715c981dcf4ee0	peptide_b38a46e68fa112ecb3d07b06ff9f3c00cfbcb19b8f9098cd396c99a0030c80ca	junction_split_codon	69	69	1	1.0	0.9245145320892334	1	True	True	True
orf_eef5a3f2ed34f9c6ca7f1cf34aef1a931d573ca389dc78c7e9715c981dcf4ee0	peptide_b38a46e68fa112ecb3d07b06ff9f3c00cfbcb19b8f9098cd396c99a0030c80ca	parent_b_out_of_frame	70	75	6	1.0	0.8874321977297465	6	True	True	True
orf_0803c3a31cb9dccf403fcb525ffbc96a171319b8e337d99b5d06dd73d094d86b	peptide_b38a46e68fa112ecb3d07b06ff9f3c00cfbcb19b8f9098cd396c99a0030c80ca	parent_a_canonical	1	68	68	1.0	0.8702757516328026	68	True	True	True
orf_0803c3a31cb9dccf403fcb525ffbc96a171319b8e337d99b5d06dd73d094d86b	peptide_b38a46e68fa112ecb3d07b06ff9f3c00cfbcb19b8f9098cd396c99a0030c80ca	junction_split_codon	69	69	1	1.0	0.9245145320892334	1	True	True	True
orf_0803c3a31cb9dccf403fcb525ffbc96a171319b8e337d99b5d06dd73d094d86b	peptide_b38a46e68fa112ecb3d07b06ff9f3c00cfbcb19b8f9098cd396c99a0030c80ca	parent_b_unannotated_CDS	70	75	6	1.0	0.8874321977297465	6	True	True	True
orf_d7a70cb2a2631994a41cf66c3e413698dd8a00221c490afdf51cefd4bdd12d5a	peptide_b38a46e68fa112ecb3d07b06ff9f3c00cfbcb19b8f9098cd396c99a0030c80ca	parent_a_canonical	1	68	68	1.0	0.8702757516328026	68	True	True	True
orf_d7a70cb2a2631994a41cf66c3e413698dd8a00221c490afdf51cefd4bdd12d5a	peptide_b38a46e68fa112ecb3d07b06ff9f3c00cfbcb19b8f9098cd396c99a0030c80ca	junction_split_codon	69	69	1	1.0	0.9245145320892334	1	True	True	True
orf_d7a70cb2a2631994a41cf66c3e413698dd8a00221c490afdf51cefd4bdd12d5a	peptide_b38a46e68fa112ecb3d07b06ff9f3c00cfbcb19b8f9098cd396c99a0030c80ca	parent_b_out_of_frame	70	75	6	1.0	0.8874321977297465	6	True	True	True
orf_a84e28f4ad2b876e6f8d779e1c6798c21679c899951b16ce86834b2d29a0ba63	peptide_9f2fe14fa088a9dd84d07165dad30bd8c00b45f2a19df50ed275a955ec4f7d82	parent_a_canonical	1	24	24	1.0	0.9128196189800898	24	True	True	True
orf_a84e28f4ad2b876e6f8d779e1c6798c21679c899951b16ce86834b2d29a0ba63	peptide_9f2fe14fa088a9dd84d07165dad30bd8c00b45f2a19df50ed275a955ec4f7d82	junction_split_codon	25	25	1	1.0	0.9137860536575317	1	True	True	True
orf_a84e28f4ad2b876e6f8d779e1c6798c21679c899951b16ce86834b2d29a0ba63	peptide_9f2fe14fa088a9dd84d07165dad30bd8c00b45f2a19df50ed275a955ec4f7d82	parent_b_unannotated_CDS	26	31	6	1.0	0.8757121165593466	6	True	True	True
orf_13ea2469182308c0d0fecc84db409375e13ddc619a880e4ff41f075988d4c03c	peptide_9f2fe14fa088a9dd84d07165dad30bd8c00b45f2a19df50ed275a955ec4f7d82	parent_a_canonical	1	24	24	1.0	0.9128196189800898	24	True	True	True
orf_13ea2469182308c0d0fecc84db409375e13ddc619a880e4ff41f075988d4c03c	peptide_9f2fe14fa088a9dd84d07165dad30bd8c00b45f2a19df50ed275a955ec4f7d82	junction_split_codon	25	25	1	1.0	0.9137860536575317	1	True	True	True
orf_13ea2469182308c0d0fecc84db409375e13ddc619a880e4ff41f075988d4c03c	peptide_9f2fe14fa088a9dd84d07165dad30bd8c00b45f2a19df50ed275a955ec4f7d82	parent_b_out_of_frame	26	31	6	1.0	0.8757121165593466	6	True	True	True
orf_1b5c80a5fbcf730f2eae22c4587ae6f3672b0da04ed323fa8d263b770bacb6f6	peptide_9f2fe14fa088a9dd84d07165dad30bd8c00b45f2a19df50ed275a955ec4f7d82	parent_a_canonical	1	24	24	1.0	0.9128196189800898	24	True	True	True
orf_1b5c80a5fbcf730f2eae22c4587ae6f3672b0da04ed323fa8d263b770bacb6f6	peptide_9f2fe14fa088a9dd84d07165dad30bd8c00b45f2a19df50ed275a955ec4f7d82	junction_split_codon	25	25	1	1.0	0.9137860536575317	1	True	True	True
orf_1b5c80a5fbcf730f2eae22c4587ae6f3672b0da04ed323fa8d263b770bacb6f6	peptide_9f2fe14fa088a9dd84d07165dad30bd8c00b45f2a19df50ed275a955ec4f7d82	parent_b_unannotated_CDS	26	31	6	1.0	0.8757121165593466	6	True	True	True
orf_2f5f7c29a70b51a3ab1e4571ac21fe7e6970fd317b698d86871d0978d0ace359	peptide_9f2fe14fa088a9dd84d07165dad30bd8c00b45f2a19df50ed275a955ec4f7d82	parent_a_canonical	1	24	24	1.0	0.9128196189800898	24	True	True	True
orf_2f5f7c29a70b51a3ab1e4571ac21fe7e6970fd317b698d86871d0978d0ace359	peptide_9f2fe14fa088a9dd84d07165dad30bd8c00b45f2a19df50ed275a955ec4f7d82	junction_split_codon	25	25	1	1.0	0.9137860536575317	1	True	True	True
orf_2f5f7c29a70b51a3ab1e4571ac21fe7e6970fd317b698d86871d0978d0ace359	peptide_9f2fe14fa088a9dd84d07165dad30bd8c00b45f2a19df50ed275a955ec4f7d82	parent_b_out_of_frame	26	31	6	1.0	0.8757121165593466	6	True	True	True
orf_3a40114da70116d9964e7a68cb1c0c5cc348c47e6d7cc232bead5583dda59212	peptide_9f2fe14fa088a9dd84d07165dad30bd8c00b45f2a19df50ed275a955ec4f7d82	parent_a_canonical	1	24	24	1.0	0.9128196189800898	24	True	True	True
orf_3a40114da70116d9964e7a68cb1c0c5cc348c47e6d7cc232bead5583dda59212	peptide_9f2fe14fa088a9dd84d07165dad30bd8c00b45f2a19df50ed275a955ec4f7d82	junction_split_codon	25	25	1	1.0	0.9137860536575317	1	True	True	True
orf_3a40114da70116d9964e7a68cb1c0c5cc348c47e6d7cc232bead5583dda59212	peptide_9f2fe14fa088a9dd84d07165dad30bd8c00b45f2a19df50ed275a955ec4f7d82	parent_b_unannotated_CDS	26	31	6	1.0	0.8757121165593466	6	True	True	True
orf_0eac5966fa63c4e646a593701b7ed2fe5ac971244d07b973a242fbc532b4c193	peptide_9f2fe14fa088a9dd84d07165dad30bd8c00b45f2a19df50ed275a955ec4f7d82	parent_a_canonical	1	24	24	1.0	0.9128196189800898	24	True	True	True
orf_0eac5966fa63c4e646a593701b7ed2fe5ac971244d07b973a242fbc532b4c193	peptide_9f2fe14fa088a9dd84d07165dad30bd8c00b45f2a19df50ed275a955ec4f7d82	junction_split_codon	25	25	1	1.0	0.9137860536575317	1	True	True	True
orf_0eac5966fa63c4e646a593701b7ed2fe5ac971244d07b973a242fbc532b4c193	peptide_9f2fe14fa088a9dd84d07165dad30bd8c00b45f2a19df50ed275a955ec4f7d82	parent_b_out_of_frame	26	31	6	1.0	0.8757121165593466	6	True	True	True
orf_32365299303413d2d81b5b555bdf80e2278725bf037427144922381e3473ad03	peptide_9f2fe14fa088a9dd84d07165dad30bd8c00b45f2a19df50ed275a955ec4f7d82	parent_a_canonical	1	24	24	1.0	0.9128196189800898	24	True	True	True
orf_32365299303413d2d81b5b555bdf80e2278725bf037427144922381e3473ad03	peptide_9f2fe14fa088a9dd84d07165dad30bd8c00b45f2a19df50ed275a955ec4f7d82	junction_split_codon	25	25	1	1.0	0.9137860536575317	1	True	True	True
orf_32365299303413d2d81b5b555bdf80e2278725bf037427144922381e3473ad03	peptide_9f2fe14fa088a9dd84d07165dad30bd8c00b45f2a19df50ed275a955ec4f7d82	parent_b_unannotated_CDS	26	31	6	1.0	0.8757121165593466	6	True	True	True
orf_e676ec7ef8121295abc085ee2876814c9e97b2a02ab6548e286985338b72cb46	peptide_9f2fe14fa088a9dd84d07165dad30bd8c00b45f2a19df50ed275a955ec4f7d82	parent_a_canonical	1	24	24	1.0	0.9128196189800898	24	True	True	True
orf_e676ec7ef8121295abc085ee2876814c9e97b2a02ab6548e286985338b72cb46	peptide_9f2fe14fa088a9dd84d07165dad30bd8c00b45f2a19df50ed275a955ec4f7d82	junction_split_codon	25	25	1	1.0	0.9137860536575317	1	True	True	True
orf_e676ec7ef8121295abc085ee2876814c9e97b2a02ab6548e286985338b72cb46	peptide_9f2fe14fa088a9dd84d07165dad30bd8c00b45f2a19df50ed275a955ec4f7d82	parent_b_out_of_frame	26	31	6	1.0	0.8757121165593466	6	True	True	True
orf_7fb50d263c9875a687e421d5445ff911e957e8e42dea59908df1b05ac8d65c5d	peptide_9f2fe14fa088a9dd84d07165dad30bd8c00b45f2a19df50ed275a955ec4f7d82	parent_a_canonical	1	24	24	1.0	0.9128196189800898	24	True	True	True
orf_7fb50d263c9875a687e421d5445ff911e957e8e42dea59908df1b05ac8d65c5d	peptide_9f2fe14fa088a9dd84d07165dad30bd8c00b45f2a19df50ed275a955ec4f7d82	junction_split_codon	25	25	1	1.0	0.9137860536575317	1	True	True	True
orf_7fb50d263c9875a687e421d5445ff911e957e8e42dea59908df1b05ac8d65c5d	peptide_9f2fe14fa088a9dd84d07165dad30bd8c00b45f2a19df50ed275a955ec4f7d82	parent_b_unannotated_CDS	26	31	6	1.0	0.8757121165593466	6	True	True	True
orf_82d0130332d1fdb63981f268983c5b5e6ee4cc5bd827ff5762ac351a67b81982	peptide_9f2fe14fa088a9dd84d07165dad30bd8c00b45f2a19df50ed275a955ec4f7d82	parent_a_canonical	1	24	24	1.0	0.9128196189800898	24	True	True	True
orf_82d0130332d1fdb63981f268983c5b5e6ee4cc5bd827ff5762ac351a67b81982	peptide_9f2fe14fa088a9dd84d07165dad30bd8c00b45f2a19df50ed275a955ec4f7d82	junction_split_codon	25	25	1	1.0	0.9137860536575317	1	True	True	True
orf_82d0130332d1fdb63981f268983c5b5e6ee4cc5bd827ff5762ac351a67b81982	peptide_9f2fe14fa088a9dd84d07165dad30bd8c00b45f2a19df50ed275a955ec4f7d82	parent_b_out_of_frame	26	31	6	1.0	0.8757121165593466	6	True	True	True
orf_01df366652b5df04f6b0ca3a9860f18df0bcd71536963af4507dc06f98430daa	peptide_9f2fe14fa088a9dd84d07165dad30bd8c00b45f2a19df50ed275a955ec4f7d82	parent_a_canonical	1	24	24	1.0	0.9128196189800898	24	True	True	True
orf_01df366652b5df04f6b0ca3a9860f18df0bcd71536963af4507dc06f98430daa	peptide_9f2fe14fa088a9dd84d07165dad30bd8c00b45f2a19df50ed275a955ec4f7d82	junction_split_codon	25	25	1	1.0	0.9137860536575317	1	True	True	True
orf_01df366652b5df04f6b0ca3a9860f18df0bcd71536963af4507dc06f98430daa	peptide_9f2fe14fa088a9dd84d07165dad30bd8c00b45f2a19df50ed275a955ec4f7d82	parent_b_unannotated_CDS	26	31	6	1.0	0.8757121165593466	6	True	True	True
orf_a0b1b1fb07fea2bc0ca5e419a7c06952000337acb232f3e73ff02ff2e1aa37b3	peptide_9f2fe14fa088a9dd84d07165dad30bd8c00b45f2a19df50ed275a955ec4f7d82	parent_a_canonical	1	24	24	1.0	0.9128196189800898	24	True	True	True
orf_a0b1b1fb07fea2bc0ca5e419a7c06952000337acb232f3e73ff02ff2e1aa37b3	peptide_9f2fe14fa088a9dd84d07165dad30bd8c00b45f2a19df50ed275a955ec4f7d82	junction_split_codon	25	25	1	1.0	0.9137860536575317	1	True	True	True
orf_a0b1b1fb07fea2bc0ca5e419a7c06952000337acb232f3e73ff02ff2e1aa37b3	peptide_9f2fe14fa088a9dd84d07165dad30bd8c00b45f2a19df50ed275a955ec4f7d82	parent_b_out_of_frame	26	31	6	1.0	0.8757121165593466	6	True	True	True
orf_9863196b70aac54657c6339eae7ae7c82c9618122bbc51cb0b6e41787f3a0cdb	peptide_9f2fe14fa088a9dd84d07165dad30bd8c00b45f2a19df50ed275a955ec4f7d82	parent_a_canonical	1	24	24	1.0	0.9128196189800898	24	True	True	True
orf_9863196b70aac54657c6339eae7ae7c82c9618122bbc51cb0b6e41787f3a0cdb	peptide_9f2fe14fa088a9dd84d07165dad30bd8c00b45f2a19df50ed275a955ec4f7d82	junction_split_codon	25	25	1	1.0	0.9137860536575317	1	True	True	True
orf_9863196b70aac54657c6339eae7ae7c82c9618122bbc51cb0b6e41787f3a0cdb	peptide_9f2fe14fa088a9dd84d07165dad30bd8c00b45f2a19df50ed275a955ec4f7d82	parent_b_unannotated_CDS	26	31	6	1.0	0.8757121165593466	6	True	True	True
orf_078f2c1accdc67a4b3d4615697a3c1bbac24820c2a03d86a68dc068a6d4004d9	peptide_9f2fe14fa088a9dd84d07165dad30bd8c00b45f2a19df50ed275a955ec4f7d82	parent_a_canonical	1	24	24	1.0	0.9128196189800898	24	True	True	True
orf_078f2c1accdc67a4b3d4615697a3c1bbac24820c2a03d86a68dc068a6d4004d9	peptide_9f2fe14fa088a9dd84d07165dad30bd8c00b45f2a19df50ed275a955ec4f7d82	junction_split_codon	25	25	1	1.0	0.9137860536575317	1	True	True	True
orf_078f2c1accdc67a4b3d4615697a3c1bbac24820c2a03d86a68dc068a6d4004d9	peptide_9f2fe14fa088a9dd84d07165dad30bd8c00b45f2a19df50ed275a955ec4f7d82	parent_b_out_of_frame	26	31	6	1.0	0.8757121165593466	6	True	True	True
orf_fd1d7a9e580c0d12b43be81f9a0774e6180d8b55d0b35ed3bdb240e18cc6ea92	peptide_9f2fe14fa088a9dd84d07165dad30bd8c00b45f2a19df50ed275a955ec4f7d82	parent_a_canonical	1	24	24	1.0	0.9128196189800898	24	True	True	True
orf_fd1d7a9e580c0d12b43be81f9a0774e6180d8b55d0b35ed3bdb240e18cc6ea92	peptide_9f2fe14fa088a9dd84d07165dad30bd8c00b45f2a19df50ed275a955ec4f7d82	junction_split_codon	25	25	1	1.0	0.9137860536575317	1	True	True	True
orf_fd1d7a9e580c0d12b43be81f9a0774e6180d8b55d0b35ed3bdb240e18cc6ea92	peptide_9f2fe14fa088a9dd84d07165dad30bd8c00b45f2a19df50ed275a955ec4f7d82	parent_b_unannotated_CDS	26	31	6	1.0	0.8757121165593466	6	True	True	True
orf_fb5a1b7cc2621b5ae75925a847d9605da78c32dc26106b8fb0c217e077afba8b	peptide_9f2fe14fa088a9dd84d07165dad30bd8c00b45f2a19df50ed275a955ec4f7d82	parent_a_canonical	1	24	24	1.0	0.9128196189800898	24	True	True	True
orf_fb5a1b7cc2621b5ae75925a847d9605da78c32dc26106b8fb0c217e077afba8b	peptide_9f2fe14fa088a9dd84d07165dad30bd8c00b45f2a19df50ed275a955ec4f7d82	junction_split_codon	25	25	1	1.0	0.9137860536575317	1	True	True	True
orf_fb5a1b7cc2621b5ae75925a847d9605da78c32dc26106b8fb0c217e077afba8b	peptide_9f2fe14fa088a9dd84d07165dad30bd8c00b45f2a19df50ed275a955ec4f7d82	parent_b_out_of_frame	26	31	6	1.0	0.8757121165593466	6	True	True	True
orf_1b6c9cab806cb5fd1f81b79302e4ca75af18ba995d8c53884d9cda3e32775a16	peptide_9f2fe14fa088a9dd84d07165dad30bd8c00b45f2a19df50ed275a955ec4f7d82	parent_a_canonical	1	24	24	1.0	0.9128196189800898	24	True	True	True
orf_1b6c9cab806cb5fd1f81b79302e4ca75af18ba995d8c53884d9cda3e32775a16	peptide_9f2fe14fa088a9dd84d07165dad30bd8c00b45f2a19df50ed275a955ec4f7d82	junction_split_codon	25	25	1	1.0	0.9137860536575317	1	True	True	True
orf_1b6c9cab806cb5fd1f81b79302e4ca75af18ba995d8c53884d9cda3e32775a16	peptide_9f2fe14fa088a9dd84d07165dad30bd8c00b45f2a19df50ed275a955ec4f7d82	parent_b_unannotated_CDS	26	31	6	1.0	0.8757121165593466	6	True	True	True
orf_b0a7b53bd8a7f3018cf42daf79427b93f5e58c50a54e5c609375f1facbf4d8eb	peptide_9f2fe14fa088a9dd84d07165dad30bd8c00b45f2a19df50ed275a955ec4f7d82	parent_a_canonical	1	24	24	1.0	0.9128196189800898	24	True	True	True
orf_b0a7b53bd8a7f3018cf42daf79427b93f5e58c50a54e5c609375f1facbf4d8eb	peptide_9f2fe14fa088a9dd84d07165dad30bd8c00b45f2a19df50ed275a955ec4f7d82	junction_split_codon	25	25	1	1.0	0.9137860536575317	1	True	True	True
orf_b0a7b53bd8a7f3018cf42daf79427b93f5e58c50a54e5c609375f1facbf4d8eb	peptide_9f2fe14fa088a9dd84d07165dad30bd8c00b45f2a19df50ed275a955ec4f7d82	parent_b_out_of_frame	26	31	6	1.0	0.8757121165593466	6	True	True	True
orf_0613605cb36d74df3d8dccf0f6d5ab6a5681abd3101377ff9423d4baf5adf188	peptide_9f2fe14fa088a9dd84d07165dad30bd8c00b45f2a19df50ed275a955ec4f7d82	parent_a_canonical	1	24	24	1.0	0.9128196189800898	24	True	True	True
orf_0613605cb36d74df3d8dccf0f6d5ab6a5681abd3101377ff9423d4baf5adf188	peptide_9f2fe14fa088a9dd84d07165dad30bd8c00b45f2a19df50ed275a955ec4f7d82	junction_split_codon	25	25	1	1.0	0.9137860536575317	1	True	True	True
orf_0613605cb36d74df3d8dccf0f6d5ab6a5681abd3101377ff9423d4baf5adf188	peptide_9f2fe14fa088a9dd84d07165dad30bd8c00b45f2a19df50ed275a955ec4f7d82	parent_b_unannotated_CDS	26	31	6	1.0	0.8757121165593466	6	True	True	True
orf_5a722ac1102f863f484f0bb873ef161ec247ac83bb656885fa19faa7ae11334d	peptide_9f2fe14fa088a9dd84d07165dad30bd8c00b45f2a19df50ed275a955ec4f7d82	parent_a_canonical	1	24	24	1.0	0.9128196189800898	24	True	True	True
orf_5a722ac1102f863f484f0bb873ef161ec247ac83bb656885fa19faa7ae11334d	peptide_9f2fe14fa088a9dd84d07165dad30bd8c00b45f2a19df50ed275a955ec4f7d82	junction_split_codon	25	25	1	1.0	0.9137860536575317	1	True	True	True
orf_5a722ac1102f863f484f0bb873ef161ec247ac83bb656885fa19faa7ae11334d	peptide_9f2fe14fa088a9dd84d07165dad30bd8c00b45f2a19df50ed275a955ec4f7d82	parent_b_out_of_frame	26	31	6	1.0	0.8757121165593466	6	True	True	True
orf_da75ce5e28fe729f6d9780f7bb11aacdaa59dbab1ea364b7cf3bcb9bafba704b	peptide_9f2fe14fa088a9dd84d07165dad30bd8c00b45f2a19df50ed275a955ec4f7d82	parent_a_canonical	1	24	24	1.0	0.9128196189800898	24	True	True	True
orf_da75ce5e28fe729f6d9780f7bb11aacdaa59dbab1ea364b7cf3bcb9bafba704b	peptide_9f2fe14fa088a9dd84d07165dad30bd8c00b45f2a19df50ed275a955ec4f7d82	junction_split_codon	25	25	1	1.0	0.9137860536575317	1	True	True	True
orf_da75ce5e28fe729f6d9780f7bb11aacdaa59dbab1ea364b7cf3bcb9bafba704b	peptide_9f2fe14fa088a9dd84d07165dad30bd8c00b45f2a19df50ed275a955ec4f7d82	parent_b_unannotated_CDS	26	31	6	1.0	0.8757121165593466	6	True	True	True
orf_bcccef700f5e287ac660606d599efabfa4586f2d75c9e54e873c8d7def08eac5	peptide_9f2fe14fa088a9dd84d07165dad30bd8c00b45f2a19df50ed275a955ec4f7d82	parent_a_canonical	1	24	24	1.0	0.9128196189800898	24	True	True	True
orf_bcccef700f5e287ac660606d599efabfa4586f2d75c9e54e873c8d7def08eac5	peptide_9f2fe14fa088a9dd84d07165dad30bd8c00b45f2a19df50ed275a955ec4f7d82	junction_split_codon	25	25	1	1.0	0.9137860536575317	1	True	True	True
orf_bcccef700f5e287ac660606d599efabfa4586f2d75c9e54e873c8d7def08eac5	peptide_9f2fe14fa088a9dd84d07165dad30bd8c00b45f2a19df50ed275a955ec4f7d82	parent_b_out_of_frame	26	31	6	1.0	0.8757121165593466	6	True	True	True
orf_e83f3a5c8276482a391f03ae0aee2965a91d5245b20965d868990a1735499e14	peptide_9f2fe14fa088a9dd84d07165dad30bd8c00b45f2a19df50ed275a955ec4f7d82	parent_a_canonical	1	24	24	1.0	0.9128196189800898	24	True	True	True
orf_e83f3a5c8276482a391f03ae0aee2965a91d5245b20965d868990a1735499e14	peptide_9f2fe14fa088a9dd84d07165dad30bd8c00b45f2a19df50ed275a955ec4f7d82	junction_split_codon	25	25	1	1.0	0.9137860536575317	1	True	True	True
orf_e83f3a5c8276482a391f03ae0aee2965a91d5245b20965d868990a1735499e14	peptide_9f2fe14fa088a9dd84d07165dad30bd8c00b45f2a19df50ed275a955ec4f7d82	parent_b_unannotated_CDS	26	31	6	1.0	0.8757121165593466	6	True	True	True
orf_3bc084ee4275c8f1912b08ba6d3585659f317da65e3b86439cf4f60a4de93b5e	peptide_9f2fe14fa088a9dd84d07165dad30bd8c00b45f2a19df50ed275a955ec4f7d82	parent_a_canonical	1	24	24	1.0	0.9128196189800898	24	True	True	True
orf_3bc084ee4275c8f1912b08ba6d3585659f317da65e3b86439cf4f60a4de93b5e	peptide_9f2fe14fa088a9dd84d07165dad30bd8c00b45f2a19df50ed275a955ec4f7d82	junction_split_codon	25	25	1	1.0	0.9137860536575317	1	True	True	True
orf_3bc084ee4275c8f1912b08ba6d3585659f317da65e3b86439cf4f60a4de93b5e	peptide_9f2fe14fa088a9dd84d07165dad30bd8c00b45f2a19df50ed275a955ec4f7d82	parent_b_out_of_frame	26	31	6	1.0	0.8757121165593466	6	True	True	True
orf_0e5d5e8dea234888c560cd36446ad0b1ff720e0d038e2bed4e0bdbbe834410ac	peptide_9f2fe14fa088a9dd84d07165dad30bd8c00b45f2a19df50ed275a955ec4f7d82	parent_a_canonical	1	24	24	1.0	0.9128196189800898	24	True	True	True
orf_0e5d5e8dea234888c560cd36446ad0b1ff720e0d038e2bed4e0bdbbe834410ac	peptide_9f2fe14fa088a9dd84d07165dad30bd8c00b45f2a19df50ed275a955ec4f7d82	junction_split_codon	25	25	1	1.0	0.9137860536575317	1	True	True	True
orf_0e5d5e8dea234888c560cd36446ad0b1ff720e0d038e2bed4e0bdbbe834410ac	peptide_9f2fe14fa088a9dd84d07165dad30bd8c00b45f2a19df50ed275a955ec4f7d82	parent_b_unannotated_CDS	26	31	6	1.0	0.8757121165593466	6	True	True	True
orf_e673dc6a22bc9a4c770d10943fbd4500724db5c14d48459e39d42a5ec69993df	peptide_9f2fe14fa088a9dd84d07165dad30bd8c00b45f2a19df50ed275a955ec4f7d82	parent_a_canonical	1	24	24	1.0	0.9128196189800898	24	True	True	True
orf_e673dc6a22bc9a4c770d10943fbd4500724db5c14d48459e39d42a5ec69993df	peptide_9f2fe14fa088a9dd84d07165dad30bd8c00b45f2a19df50ed275a955ec4f7d82	junction_split_codon	25	25	1	1.0	0.9137860536575317	1	True	True	True
orf_e673dc6a22bc9a4c770d10943fbd4500724db5c14d48459e39d42a5ec69993df	peptide_9f2fe14fa088a9dd84d07165dad30bd8c00b45f2a19df50ed275a955ec4f7d82	parent_b_out_of_frame	26	31	6	1.0	0.8757121165593466	6	True	True	True
orf_04b21eba8d951887bf0d90a4e79031b6c68292229885b66c33af2a4a88033772	peptide_9f2fe14fa088a9dd84d07165dad30bd8c00b45f2a19df50ed275a955ec4f7d82	parent_a_canonical	1	24	24	1.0	0.9128196189800898	24	True	True	True
orf_04b21eba8d951887bf0d90a4e79031b6c68292229885b66c33af2a4a88033772	peptide_9f2fe14fa088a9dd84d07165dad30bd8c00b45f2a19df50ed275a955ec4f7d82	junction_split_codon	25	25	1	1.0	0.9137860536575317	1	True	True	True
orf_04b21eba8d951887bf0d90a4e79031b6c68292229885b66c33af2a4a88033772	peptide_9f2fe14fa088a9dd84d07165dad30bd8c00b45f2a19df50ed275a955ec4f7d82	parent_b_unannotated_CDS	26	31	6	1.0	0.8757121165593466	6	True	True	True
orf_9aa9cf6226a3481d2a7b19892ad35c40e6443bcd02b499d2c3644874c62e1f04	peptide_9f2fe14fa088a9dd84d07165dad30bd8c00b45f2a19df50ed275a955ec4f7d82	parent_a_canonical	1	24	24	1.0	0.9128196189800898	24	True	True	True
orf_9aa9cf6226a3481d2a7b19892ad35c40e6443bcd02b499d2c3644874c62e1f04	peptide_9f2fe14fa088a9dd84d07165dad30bd8c00b45f2a19df50ed275a955ec4f7d82	junction_split_codon	25	25	1	1.0	0.9137860536575317	1	True	True	True
orf_9aa9cf6226a3481d2a7b19892ad35c40e6443bcd02b499d2c3644874c62e1f04	peptide_9f2fe14fa088a9dd84d07165dad30bd8c00b45f2a19df50ed275a955ec4f7d82	parent_b_out_of_frame	26	31	6	1.0	0.8757121165593466	6	True	True	True
orf_25bfa978003a7d3f9688ee768d74d9dee7323bcf76778f2d0d5f5898457af99f	peptide_9f2fe14fa088a9dd84d07165dad30bd8c00b45f2a19df50ed275a955ec4f7d82	parent_a_canonical	1	24	24	1.0	0.9128196189800898	24	True	True	True
orf_25bfa978003a7d3f9688ee768d74d9dee7323bcf76778f2d0d5f5898457af99f	peptide_9f2fe14fa088a9dd84d07165dad30bd8c00b45f2a19df50ed275a955ec4f7d82	junction_split_codon	25	25	1	1.0	0.9137860536575317	1	True	True	True
orf_25bfa978003a7d3f9688ee768d74d9dee7323bcf76778f2d0d5f5898457af99f	peptide_9f2fe14fa088a9dd84d07165dad30bd8c00b45f2a19df50ed275a955ec4f7d82	parent_b_unannotated_CDS	26	31	6	1.0	0.8757121165593466	6	True	True	True
orf_19e15cba184cb1c35b66a06edf1b8fe45267a0f1e765c7e0178e3043f0b6c1f2	peptide_9f2fe14fa088a9dd84d07165dad30bd8c00b45f2a19df50ed275a955ec4f7d82	parent_a_canonical	1	24	24	1.0	0.9128196189800898	24	True	True	True
orf_19e15cba184cb1c35b66a06edf1b8fe45267a0f1e765c7e0178e3043f0b6c1f2	peptide_9f2fe14fa088a9dd84d07165dad30bd8c00b45f2a19df50ed275a955ec4f7d82	junction_split_codon	25	25	1	1.0	0.9137860536575317	1	True	True	True
orf_19e15cba184cb1c35b66a06edf1b8fe45267a0f1e765c7e0178e3043f0b6c1f2	peptide_9f2fe14fa088a9dd84d07165dad30bd8c00b45f2a19df50ed275a955ec4f7d82	parent_b_out_of_frame	26	31	6	1.0	0.8757121165593466	6	True	True	True
orf_7ae7522503924039034d80f06792753c8d0f3a68271b436a2c3499eacf0318ce	peptide_9f2fe14fa088a9dd84d07165dad30bd8c00b45f2a19df50ed275a955ec4f7d82	parent_a_canonical	1	24	24	1.0	0.9128196189800898	24	True	True	True
orf_7ae7522503924039034d80f06792753c8d0f3a68271b436a2c3499eacf0318ce	peptide_9f2fe14fa088a9dd84d07165dad30bd8c00b45f2a19df50ed275a955ec4f7d82	junction_split_codon	25	25	1	1.0	0.9137860536575317	1	True	True	True
orf_7ae7522503924039034d80f06792753c8d0f3a68271b436a2c3499eacf0318ce	peptide_9f2fe14fa088a9dd84d07165dad30bd8c00b45f2a19df50ed275a955ec4f7d82	parent_b_unannotated_CDS	26	31	6	1.0	0.8757121165593466	6	True	True	True
orf_d69a23a11fc892e623e3eb91a5c2e4c8a6326b21035a566d45396fa4777b8147	peptide_9f2fe14fa088a9dd84d07165dad30bd8c00b45f2a19df50ed275a955ec4f7d82	parent_a_canonical	1	24	24	1.0	0.9128196189800898	24	True	True	True
orf_d69a23a11fc892e623e3eb91a5c2e4c8a6326b21035a566d45396fa4777b8147	peptide_9f2fe14fa088a9dd84d07165dad30bd8c00b45f2a19df50ed275a955ec4f7d82	junction_split_codon	25	25	1	1.0	0.9137860536575317	1	True	True	True
orf_d69a23a11fc892e623e3eb91a5c2e4c8a6326b21035a566d45396fa4777b8147	peptide_9f2fe14fa088a9dd84d07165dad30bd8c00b45f2a19df50ed275a955ec4f7d82	parent_b_out_of_frame	26	31	6	1.0	0.8757121165593466	6	True	True	True
orf_47ad0ba2540a93c2f4f1e4a8c0b9595b04469b6621a948a2de0c2a876e35e505	peptide_9f2fe14fa088a9dd84d07165dad30bd8c00b45f2a19df50ed275a955ec4f7d82	parent_a_canonical	1	24	24	1.0	0.9128196189800898	24	True	True	True
orf_47ad0ba2540a93c2f4f1e4a8c0b9595b04469b6621a948a2de0c2a876e35e505	peptide_9f2fe14fa088a9dd84d07165dad30bd8c00b45f2a19df50ed275a955ec4f7d82	junction_split_codon	25	25	1	1.0	0.9137860536575317	1	True	True	True
orf_47ad0ba2540a93c2f4f1e4a8c0b9595b04469b6621a948a2de0c2a876e35e505	peptide_9f2fe14fa088a9dd84d07165dad30bd8c00b45f2a19df50ed275a955ec4f7d82	parent_b_unannotated_CDS	26	31	6	1.0	0.8757121165593466	6	True	True	True
orf_cfd580b9226e137b6778460b9b3cc7210c0d4d4c141e2d7b9c4474be71d54e34	peptide_9f2fe14fa088a9dd84d07165dad30bd8c00b45f2a19df50ed275a955ec4f7d82	parent_a_canonical	1	24	24	1.0	0.9128196189800898	24	True	True	True
orf_cfd580b9226e137b6778460b9b3cc7210c0d4d4c141e2d7b9c4474be71d54e34	peptide_9f2fe14fa088a9dd84d07165dad30bd8c00b45f2a19df50ed275a955ec4f7d82	junction_split_codon	25	25	1	1.0	0.9137860536575317	1	True	True	True
orf_cfd580b9226e137b6778460b9b3cc7210c0d4d4c141e2d7b9c4474be71d54e34	peptide_9f2fe14fa088a9dd84d07165dad30bd8c00b45f2a19df50ed275a955ec4f7d82	parent_b_out_of_frame	26	31	6	1.0	0.8757121165593466	6	True	True	True
orf_a435edbba1723f3c5d4bfd1cf834b7db921f48b54120c5731b1af6e297e03750	peptide_9f2fe14fa088a9dd84d07165dad30bd8c00b45f2a19df50ed275a955ec4f7d82	parent_a_canonical	1	24	24	1.0	0.9128196189800898	24	True	True	True
orf_a435edbba1723f3c5d4bfd1cf834b7db921f48b54120c5731b1af6e297e03750	peptide_9f2fe14fa088a9dd84d07165dad30bd8c00b45f2a19df50ed275a955ec4f7d82	junction_split_codon	25	25	1	1.0	0.9137860536575317	1	True	True	True
orf_a435edbba1723f3c5d4bfd1cf834b7db921f48b54120c5731b1af6e297e03750	peptide_9f2fe14fa088a9dd84d07165dad30bd8c00b45f2a19df50ed275a955ec4f7d82	parent_b_unannotated_CDS	26	31	6	1.0	0.8757121165593466	6	True	True	True
orf_9ca2c822cf97bffc2e0a2957f73136c834b91448d8e410a312bdf29b3f33d7e1	peptide_9f2fe14fa088a9dd84d07165dad30bd8c00b45f2a19df50ed275a955ec4f7d82	parent_a_canonical	1	24	24	1.0	0.9128196189800898	24	True	True	True
orf_9ca2c822cf97bffc2e0a2957f73136c834b91448d8e410a312bdf29b3f33d7e1	peptide_9f2fe14fa088a9dd84d07165dad30bd8c00b45f2a19df50ed275a955ec4f7d82	junction_split_codon	25	25	1	1.0	0.9137860536575317	1	True	True	True
orf_9ca2c822cf97bffc2e0a2957f73136c834b91448d8e410a312bdf29b3f33d7e1	peptide_9f2fe14fa088a9dd84d07165dad30bd8c00b45f2a19df50ed275a955ec4f7d82	parent_b_out_of_frame	26	31	6	1.0	0.8757121165593466	6	True	True	True
orf_7e10582a0e7d3dfac5c4ac6d29ada515e760deb213238414e97e29e9849bcffd	peptide_5a234919c79536d3b2fa40752c1be194a577052356662814783fd92907a22081	parent_a_canonical	1	68	68	1.0	0.9076618394430946	68	True	True	True
orf_7e10582a0e7d3dfac5c4ac6d29ada515e760deb213238414e97e29e9849bcffd	peptide_5a234919c79536d3b2fa40752c1be194a577052356662814783fd92907a22081	junction_split_codon	69	69	1	1.0	0.9294310808181763	1	True	True	True
orf_7e10582a0e7d3dfac5c4ac6d29ada515e760deb213238414e97e29e9849bcffd	peptide_5a234919c79536d3b2fa40752c1be194a577052356662814783fd92907a22081	parent_b_unannotated_CDS	70	75	6	1.0	0.8966147502263387	6	True	True	True
orf_7aaa8301cfc5a529648e57f6d1af9603c452808fdd34df4875fefa8a4cf95162	peptide_5a234919c79536d3b2fa40752c1be194a577052356662814783fd92907a22081	parent_a_canonical	1	68	68	1.0	0.9076618394430946	68	True	True	True
orf_7aaa8301cfc5a529648e57f6d1af9603c452808fdd34df4875fefa8a4cf95162	peptide_5a234919c79536d3b2fa40752c1be194a577052356662814783fd92907a22081	junction_split_codon	69	69	1	1.0	0.9294310808181763	1	True	True	True
orf_7aaa8301cfc5a529648e57f6d1af9603c452808fdd34df4875fefa8a4cf95162	peptide_5a234919c79536d3b2fa40752c1be194a577052356662814783fd92907a22081	parent_b_out_of_frame	70	75	6	1.0	0.8966147502263387	6	True	True	True
orf_ed45e3e5748c2ec8aeb9962edc9e7e47cc28a141b70595444bb07436aedd6117	peptide_5a234919c79536d3b2fa40752c1be194a577052356662814783fd92907a22081	parent_a_canonical	1	68	68	1.0	0.9076618394430946	68	True	True	True
orf_ed45e3e5748c2ec8aeb9962edc9e7e47cc28a141b70595444bb07436aedd6117	peptide_5a234919c79536d3b2fa40752c1be194a577052356662814783fd92907a22081	junction_split_codon	69	69	1	1.0	0.9294310808181763	1	True	True	True
orf_ed45e3e5748c2ec8aeb9962edc9e7e47cc28a141b70595444bb07436aedd6117	peptide_5a234919c79536d3b2fa40752c1be194a577052356662814783fd92907a22081	parent_b_unannotated_CDS	70	75	6	1.0	0.8966147502263387	6	True	True	True
orf_a1a7171f6e4b2a82836ec7ce8c2f9c309778b5f8739f609cf306b529132584ac	peptide_5a234919c79536d3b2fa40752c1be194a577052356662814783fd92907a22081	parent_a_canonical	1	68	68	1.0	0.9076618394430946	68	True	True	True
orf_a1a7171f6e4b2a82836ec7ce8c2f9c309778b5f8739f609cf306b529132584ac	peptide_5a234919c79536d3b2fa40752c1be194a577052356662814783fd92907a22081	junction_split_codon	69	69	1	1.0	0.9294310808181763	1	True	True	True
orf_a1a7171f6e4b2a82836ec7ce8c2f9c309778b5f8739f609cf306b529132584ac	peptide_5a234919c79536d3b2fa40752c1be194a577052356662814783fd92907a22081	parent_b_out_of_frame	70	75	6	1.0	0.8966147502263387	6	True	True	True
orf_44df2b37104f4e57cbb8c604563ee56defe3acaa77082e5ac420216204db5a82	peptide_9f2fe14fa088a9dd84d07165dad30bd8c00b45f2a19df50ed275a955ec4f7d82	parent_a_canonical	1	24	24	1.0	0.9128196189800898	24	True	True	True
orf_44df2b37104f4e57cbb8c604563ee56defe3acaa77082e5ac420216204db5a82	peptide_9f2fe14fa088a9dd84d07165dad30bd8c00b45f2a19df50ed275a955ec4f7d82	junction_split_codon	25	25	1	1.0	0.9137860536575317	1	True	True	True
orf_44df2b37104f4e57cbb8c604563ee56defe3acaa77082e5ac420216204db5a82	peptide_9f2fe14fa088a9dd84d07165dad30bd8c00b45f2a19df50ed275a955ec4f7d82	parent_b_unannotated_CDS	26	31	6	1.0	0.8757121165593466	6	True	True	True
orf_1d8e5af69001f7126b2bff62a33efc599654e2c13f66e0f14d63162f164b3148	peptide_9f2fe14fa088a9dd84d07165dad30bd8c00b45f2a19df50ed275a955ec4f7d82	parent_a_canonical	1	24	24	1.0	0.9128196189800898	24	True	True	True
orf_1d8e5af69001f7126b2bff62a33efc599654e2c13f66e0f14d63162f164b3148	peptide_9f2fe14fa088a9dd84d07165dad30bd8c00b45f2a19df50ed275a955ec4f7d82	junction_split_codon	25	25	1	1.0	0.9137860536575317	1	True	True	True
orf_1d8e5af69001f7126b2bff62a33efc599654e2c13f66e0f14d63162f164b3148	peptide_9f2fe14fa088a9dd84d07165dad30bd8c00b45f2a19df50ed275a955ec4f7d82	parent_b_out_of_frame	26	31	6	1.0	0.8757121165593466	6	True	True	True
orf_79f6418ba8a77e37401baea4545eb19b2c5e5a0cdfce67f9ae7c279843b46259	peptide_9f2fe14fa088a9dd84d07165dad30bd8c00b45f2a19df50ed275a955ec4f7d82	parent_a_canonical	1	24	24	1.0	0.9128196189800898	24	True	True	True
orf_79f6418ba8a77e37401baea4545eb19b2c5e5a0cdfce67f9ae7c279843b46259	peptide_9f2fe14fa088a9dd84d07165dad30bd8c00b45f2a19df50ed275a955ec4f7d82	junction_split_codon	25	25	1	1.0	0.9137860536575317	1	True	True	True
orf_79f6418ba8a77e37401baea4545eb19b2c5e5a0cdfce67f9ae7c279843b46259	peptide_9f2fe14fa088a9dd84d07165dad30bd8c00b45f2a19df50ed275a955ec4f7d82	parent_b_unannotated_CDS	26	31	6	1.0	0.8757121165593466	6	True	True	True
orf_2bc3d34c23a6e1cc70539f72ca3c679709a85f5c56b6730e4b14f19b8792369a	peptide_9f2fe14fa088a9dd84d07165dad30bd8c00b45f2a19df50ed275a955ec4f7d82	parent_a_canonical	1	24	24	1.0	0.9128196189800898	24	True	True	True
orf_2bc3d34c23a6e1cc70539f72ca3c679709a85f5c56b6730e4b14f19b8792369a	peptide_9f2fe14fa088a9dd84d07165dad30bd8c00b45f2a19df50ed275a955ec4f7d82	junction_split_codon	25	25	1	1.0	0.9137860536575317	1	True	True	True
orf_2bc3d34c23a6e1cc70539f72ca3c679709a85f5c56b6730e4b14f19b8792369a	peptide_9f2fe14fa088a9dd84d07165dad30bd8c00b45f2a19df50ed275a955ec4f7d82	parent_b_out_of_frame	26	31	6	1.0	0.8757121165593466	6	True	True	True
orf_94325fc75891ec492950709208d01774644c6b8099135b150fad3614e7a798c6	peptide_64acab400c65167ffaeee966c72b5756d55bfb825d8d85ba309ad0336fc74355	parent_a_canonical	1	53	53	1.0	0.8810010496175514	53	True	True	True
orf_94325fc75891ec492950709208d01774644c6b8099135b150fad3614e7a798c6	peptide_64acab400c65167ffaeee966c72b5756d55bfb825d8d85ba309ad0336fc74355	junction_split_codon	54	54	1	1.0	0.9245465993881226	1	True	True	True
orf_94325fc75891ec492950709208d01774644c6b8099135b150fad3614e7a798c6	peptide_64acab400c65167ffaeee966c72b5756d55bfb825d8d85ba309ad0336fc74355	parent_b_unannotated_CDS	55	60	6	1.0	0.888039747873942	6	True	True	True
orf_a7909b8ae493f5b5379919aab47d0320a0ed3f62c3b59cc365b270d4b29b1f13	peptide_64acab400c65167ffaeee966c72b5756d55bfb825d8d85ba309ad0336fc74355	parent_a_canonical	1	53	53	1.0	0.8810010496175514	53	True	True	True
orf_a7909b8ae493f5b5379919aab47d0320a0ed3f62c3b59cc365b270d4b29b1f13	peptide_64acab400c65167ffaeee966c72b5756d55bfb825d8d85ba309ad0336fc74355	junction_split_codon	54	54	1	1.0	0.9245465993881226	1	True	True	True
orf_a7909b8ae493f5b5379919aab47d0320a0ed3f62c3b59cc365b270d4b29b1f13	peptide_64acab400c65167ffaeee966c72b5756d55bfb825d8d85ba309ad0336fc74355	parent_b_out_of_frame	55	60	6	1.0	0.888039747873942	6	True	True	True
orf_09e9d494fdc4d871dc4a70c3bf4052b72779887d82ed28eac5d46398e01f212e	peptide_64acab400c65167ffaeee966c72b5756d55bfb825d8d85ba309ad0336fc74355	parent_a_canonical	1	53	53	1.0	0.8810010496175514	53	True	True	True
orf_09e9d494fdc4d871dc4a70c3bf4052b72779887d82ed28eac5d46398e01f212e	peptide_64acab400c65167ffaeee966c72b5756d55bfb825d8d85ba309ad0336fc74355	junction_split_codon	54	54	1	1.0	0.9245465993881226	1	True	True	True
orf_09e9d494fdc4d871dc4a70c3bf4052b72779887d82ed28eac5d46398e01f212e	peptide_64acab400c65167ffaeee966c72b5756d55bfb825d8d85ba309ad0336fc74355	parent_b_unannotated_CDS	55	60	6	1.0	0.888039747873942	6	True	True	True
orf_9ddc56de9f940d9a0b74847e7a88d62e38173492cc92ded40af4a43a7f9786d2	peptide_64acab400c65167ffaeee966c72b5756d55bfb825d8d85ba309ad0336fc74355	parent_a_canonical	1	53	53	1.0	0.8810010496175514	53	True	True	True
orf_9ddc56de9f940d9a0b74847e7a88d62e38173492cc92ded40af4a43a7f9786d2	peptide_64acab400c65167ffaeee966c72b5756d55bfb825d8d85ba309ad0336fc74355	junction_split_codon	54	54	1	1.0	0.9245465993881226	1	True	True	True
orf_9ddc56de9f940d9a0b74847e7a88d62e38173492cc92ded40af4a43a7f9786d2	peptide_64acab400c65167ffaeee966c72b5756d55bfb825d8d85ba309ad0336fc74355	parent_b_out_of_frame	55	60	6	1.0	0.888039747873942	6	True	True	True
orf_7c228c9a9b6263712ef27f77d3ebbd4c05f87d881fd486037b539a1da7755385	peptide_9f2fe14fa088a9dd84d07165dad30bd8c00b45f2a19df50ed275a955ec4f7d82	parent_a_canonical	1	24	24	1.0	0.9128196189800898	24	True	True	True
orf_7c228c9a9b6263712ef27f77d3ebbd4c05f87d881fd486037b539a1da7755385	peptide_9f2fe14fa088a9dd84d07165dad30bd8c00b45f2a19df50ed275a955ec4f7d82	junction_split_codon	25	25	1	1.0	0.9137860536575317	1	True	True	True
orf_7c228c9a9b6263712ef27f77d3ebbd4c05f87d881fd486037b539a1da7755385	peptide_9f2fe14fa088a9dd84d07165dad30bd8c00b45f2a19df50ed275a955ec4f7d82	parent_b_unannotated_CDS	26	31	6	1.0	0.8757121165593466	6	True	True	True
orf_3b1e5d4850189c38dd419142fb552e188ddb23c442958e87df10db76149c40f9	peptide_9f2fe14fa088a9dd84d07165dad30bd8c00b45f2a19df50ed275a955ec4f7d82	parent_a_canonical	1	24	24	1.0	0.9128196189800898	24	True	True	True
orf_3b1e5d4850189c38dd419142fb552e188ddb23c442958e87df10db76149c40f9	peptide_9f2fe14fa088a9dd84d07165dad30bd8c00b45f2a19df50ed275a955ec4f7d82	junction_split_codon	25	25	1	1.0	0.9137860536575317	1	True	True	True
orf_3b1e5d4850189c38dd419142fb552e188ddb23c442958e87df10db76149c40f9	peptide_9f2fe14fa088a9dd84d07165dad30bd8c00b45f2a19df50ed275a955ec4f7d82	parent_b_out_of_frame	26	31	6	1.0	0.8757121165593466	6	True	True	True
orf_bda4444ced8e72bdb02763c6941328b82c0a6363ca27f8aa548973e49378115b	peptide_9f2fe14fa088a9dd84d07165dad30bd8c00b45f2a19df50ed275a955ec4f7d82	parent_a_canonical	1	24	24	1.0	0.9128196189800898	24	True	True	True
orf_bda4444ced8e72bdb02763c6941328b82c0a6363ca27f8aa548973e49378115b	peptide_9f2fe14fa088a9dd84d07165dad30bd8c00b45f2a19df50ed275a955ec4f7d82	junction_split_codon	25	25	1	1.0	0.9137860536575317	1	True	True	True
orf_bda4444ced8e72bdb02763c6941328b82c0a6363ca27f8aa548973e49378115b	peptide_9f2fe14fa088a9dd84d07165dad30bd8c00b45f2a19df50ed275a955ec4f7d82	parent_b_unannotated_CDS	26	31	6	1.0	0.8757121165593466	6	True	True	True
orf_6890604b59978cd69b9177cf39d3008d14dc0fea811d2683656b310e190d146d	peptide_9f2fe14fa088a9dd84d07165dad30bd8c00b45f2a19df50ed275a955ec4f7d82	parent_a_canonical	1	24	24	1.0	0.9128196189800898	24	True	True	True
orf_6890604b59978cd69b9177cf39d3008d14dc0fea811d2683656b310e190d146d	peptide_9f2fe14fa088a9dd84d07165dad30bd8c00b45f2a19df50ed275a955ec4f7d82	junction_split_codon	25	25	1	1.0	0.9137860536575317	1	True	True	True
orf_6890604b59978cd69b9177cf39d3008d14dc0fea811d2683656b310e190d146d	peptide_9f2fe14fa088a9dd84d07165dad30bd8c00b45f2a19df50ed275a955ec4f7d82	parent_b_out_of_frame	26	31	6	1.0	0.8757121165593466	6	True	True	True
orf_6209a2633be9985658d4d830c5d1be6cd3837c0ca99a3af4e036a0284b1ff633	peptide_9f2fe14fa088a9dd84d07165dad30bd8c00b45f2a19df50ed275a955ec4f7d82	parent_a_canonical	1	24	24	1.0	0.9128196189800898	24	True	True	True
orf_6209a2633be9985658d4d830c5d1be6cd3837c0ca99a3af4e036a0284b1ff633	peptide_9f2fe14fa088a9dd84d07165dad30bd8c00b45f2a19df50ed275a955ec4f7d82	junction_split_codon	25	25	1	1.0	0.9137860536575317	1	True	True	True
orf_6209a2633be9985658d4d830c5d1be6cd3837c0ca99a3af4e036a0284b1ff633	peptide_9f2fe14fa088a9dd84d07165dad30bd8c00b45f2a19df50ed275a955ec4f7d82	parent_b_unannotated_CDS	26	31	6	1.0	0.8757121165593466	6	True	True	True
orf_ebab26924e1c5c782a4709acab9d69147e297be3a86fc8003aa2ccb26573aa66	peptide_9f2fe14fa088a9dd84d07165dad30bd8c00b45f2a19df50ed275a955ec4f7d82	parent_a_canonical	1	24	24	1.0	0.9128196189800898	24	True	True	True
orf_ebab26924e1c5c782a4709acab9d69147e297be3a86fc8003aa2ccb26573aa66	peptide_9f2fe14fa088a9dd84d07165dad30bd8c00b45f2a19df50ed275a955ec4f7d82	junction_split_codon	25	25	1	1.0	0.9137860536575317	1	True	True	True
orf_ebab26924e1c5c782a4709acab9d69147e297be3a86fc8003aa2ccb26573aa66	peptide_9f2fe14fa088a9dd84d07165dad30bd8c00b45f2a19df50ed275a955ec4f7d82	parent_b_out_of_frame	26	31	6	1.0	0.8757121165593466	6	True	True	True
orf_e31c37db1ebcd36ea03be4f7086f5c9034657a846603c7ddbf13135f0f9bf1b9	peptide_9f2fe14fa088a9dd84d07165dad30bd8c00b45f2a19df50ed275a955ec4f7d82	parent_a_canonical	1	24	24	1.0	0.9128196189800898	24	True	True	True
orf_e31c37db1ebcd36ea03be4f7086f5c9034657a846603c7ddbf13135f0f9bf1b9	peptide_9f2fe14fa088a9dd84d07165dad30bd8c00b45f2a19df50ed275a955ec4f7d82	junction_split_codon	25	25	1	1.0	0.9137860536575317	1	True	True	True
orf_e31c37db1ebcd36ea03be4f7086f5c9034657a846603c7ddbf13135f0f9bf1b9	peptide_9f2fe14fa088a9dd84d07165dad30bd8c00b45f2a19df50ed275a955ec4f7d82	parent_b_unannotated_CDS	26	31	6	1.0	0.8757121165593466	6	True	True	True
orf_7fb10de7a11c4bf4d3b48c6bcc2e07cb1671ece445e715c122905874b3bb6ee5	peptide_9f2fe14fa088a9dd84d07165dad30bd8c00b45f2a19df50ed275a955ec4f7d82	parent_a_canonical	1	24	24	1.0	0.9128196189800898	24	True	True	True
orf_7fb10de7a11c4bf4d3b48c6bcc2e07cb1671ece445e715c122905874b3bb6ee5	peptide_9f2fe14fa088a9dd84d07165dad30bd8c00b45f2a19df50ed275a955ec4f7d82	junction_split_codon	25	25	1	1.0	0.9137860536575317	1	True	True	True
orf_7fb10de7a11c4bf4d3b48c6bcc2e07cb1671ece445e715c122905874b3bb6ee5	peptide_9f2fe14fa088a9dd84d07165dad30bd8c00b45f2a19df50ed275a955ec4f7d82	parent_b_out_of_frame	26	31	6	1.0	0.8757121165593466	6	True	True	True
orf_ab50b2c1b5147110359586bc04c6624011fef9263c2fd46fb32d1b5384bce66b	peptide_9f2fe14fa088a9dd84d07165dad30bd8c00b45f2a19df50ed275a955ec4f7d82	parent_a_canonical	1	24	24	1.0	0.9128196189800898	24	True	True	True
orf_ab50b2c1b5147110359586bc04c6624011fef9263c2fd46fb32d1b5384bce66b	peptide_9f2fe14fa088a9dd84d07165dad30bd8c00b45f2a19df50ed275a955ec4f7d82	junction_split_codon	25	25	1	1.0	0.9137860536575317	1	True	True	True
orf_ab50b2c1b5147110359586bc04c6624011fef9263c2fd46fb32d1b5384bce66b	peptide_9f2fe14fa088a9dd84d07165dad30bd8c00b45f2a19df50ed275a955ec4f7d82	parent_b_unannotated_CDS	26	31	6	1.0	0.8757121165593466	6	True	True	True
orf_5f08f3723905d75f90a428835a9f4a1132239b949620054af704a5d131f8db2d	peptide_9f2fe14fa088a9dd84d07165dad30bd8c00b45f2a19df50ed275a955ec4f7d82	parent_a_canonical	1	24	24	1.0	0.9128196189800898	24	True	True	True
orf_5f08f3723905d75f90a428835a9f4a1132239b949620054af704a5d131f8db2d	peptide_9f2fe14fa088a9dd84d07165dad30bd8c00b45f2a19df50ed275a955ec4f7d82	junction_split_codon	25	25	1	1.0	0.9137860536575317	1	True	True	True
orf_5f08f3723905d75f90a428835a9f4a1132239b949620054af704a5d131f8db2d	peptide_9f2fe14fa088a9dd84d07165dad30bd8c00b45f2a19df50ed275a955ec4f7d82	parent_b_out_of_frame	26	31	6	1.0	0.8757121165593466	6	True	True	True
orf_67ee8eef26230e65d5488177c1567538823ef36be7f44213ea0d1edf26601fab	peptide_9f2fe14fa088a9dd84d07165dad30bd8c00b45f2a19df50ed275a955ec4f7d82	parent_a_canonical	1	24	24	1.0	0.9128196189800898	24	True	True	True
orf_67ee8eef26230e65d5488177c1567538823ef36be7f44213ea0d1edf26601fab	peptide_9f2fe14fa088a9dd84d07165dad30bd8c00b45f2a19df50ed275a955ec4f7d82	junction_split_codon	25	25	1	1.0	0.9137860536575317	1	True	True	True
orf_67ee8eef26230e65d5488177c1567538823ef36be7f44213ea0d1edf26601fab	peptide_9f2fe14fa088a9dd84d07165dad30bd8c00b45f2a19df50ed275a955ec4f7d82	parent_b_unannotated_CDS	26	31	6	1.0	0.8757121165593466	6	True	True	True
orf_b7214e803df8bfb2a1dbfe39eb94f52da9de3d9ae1892aebe715b7477069dbf8	peptide_9f2fe14fa088a9dd84d07165dad30bd8c00b45f2a19df50ed275a955ec4f7d82	parent_a_canonical	1	24	24	1.0	0.9128196189800898	24	True	True	True
orf_b7214e803df8bfb2a1dbfe39eb94f52da9de3d9ae1892aebe715b7477069dbf8	peptide_9f2fe14fa088a9dd84d07165dad30bd8c00b45f2a19df50ed275a955ec4f7d82	junction_split_codon	25	25	1	1.0	0.9137860536575317	1	True	True	True
orf_b7214e803df8bfb2a1dbfe39eb94f52da9de3d9ae1892aebe715b7477069dbf8	peptide_9f2fe14fa088a9dd84d07165dad30bd8c00b45f2a19df50ed275a955ec4f7d82	parent_b_out_of_frame	26	31	6	1.0	0.8757121165593466	6	True	True	True
orf_f7149ce97d6b631772d7c681567b62b0ac9d632da00b39f952caeb165fe58ab6	peptide_3efb26690c36c414062c23d0c47a34fbb57d8f10f8edf672769c2cddb8218cfa	junction_window	183	207	25	0.0	0.06706294178962707	0	False	False	False
orf_8a25ad481d777bd7289d2bc54188e6644f5c9bdc76f66d537cebf18dc90d2a26	peptide_3efb26690c36c414062c23d0c47a34fbb57d8f10f8edf672769c2cddb8218cfa	junction_window	183	207	25	0.0	0.06706294178962707	0	False	False	False
orf_9142525481a1cd0db1d7e7bc59022a9bd3097ee1b1bcb8d2f2ac1b4bee0456b4	peptide_3efb26690c36c414062c23d0c47a34fbb57d8f10f8edf672769c2cddb8218cfa	junction_window	183	207	25	0.0	0.06706294178962707	0	False	False	False
orf_f8f8a7976634ab0b48ca9ea49a1851ca55c0dc6137c6fba102570476acd97597	peptide_3efb26690c36c414062c23d0c47a34fbb57d8f10f8edf672769c2cddb8218cfa	junction_window	183	207	25	0.0	0.06706294178962707	0	False	False	False
orf_612f638ddd0cb6be43cbbfb68f477ee47153bdb53327f41a306395dc4f92f43f	peptide_dfb8a2ccde79614b69b3425f8cd6ffcf0f2bddaf437ae76facc8bb7ebdfacb2e	junction_window	142	172	31	0.6129032258064516	0.5693461048987604	19	True	True	True
orf_9a84a32ccbb5f62c254f662411ad245beb0659ceacf60aa01bde17be70a0a751	peptide_3eea41dc2191758bba2af58f9efccf8e359349d6a85ff027e916d63e125531f4	junction_window	199	228	30	0.0	0.023495362202326456	0	False	False	False
orf_78cd9572b3088abb10da2e4c1ea5a6452daa006e829afa225ff6a82e9f07270f	peptide_3eea41dc2191758bba2af58f9efccf8e359349d6a85ff027e916d63e125531f4	junction_window	199	228	30	0.0	0.023495362202326456	0	False	False	False
orf_25dbf392eaa5c84df209506657052ff4ac3bb720aa73997ac62f255210e03352	peptide_3eea41dc2191758bba2af58f9efccf8e359349d6a85ff027e916d63e125531f4	junction_window	199	228	30	0.0	0.023495362202326456	0	False	False	False
orf_04affeb52b2dd54af899a2f338ef09d300f7c3a627342c3140c7599d7a6bc1bd	peptide_d7cfe4bcbfc06555a21a4e31ff58a6da16586e2dc7c03042c57eaf3dbcea97a8	junction_window	166	195	30	0.0	0.01823706030845642	0	False	False	False
orf_2c6c64cb4a5530a7bfed0fdfdf87e034dd83f1357a0c68901d5cc2b7e5ccc322	peptide_d7cfe4bcbfc06555a21a4e31ff58a6da16586e2dc7c03042c57eaf3dbcea97a8	junction_window	166	195	30	0.0	0.01823706030845642	0	False	False	False
orf_925fcf7734d98150f688f7c58c87164132aa8b36c4f2885f04f9c6982efe4076	peptide_d7cfe4bcbfc06555a21a4e31ff58a6da16586e2dc7c03042c57eaf3dbcea97a8	junction_window	166	195	30	0.0	0.01823706030845642	0	False	False	False
orf_e4628c5a35d9d37e73b9c178773fff177ff5ca0d86e879edd06504620cbce9d5	peptide_3eea41dc2191758bba2af58f9efccf8e359349d6a85ff027e916d63e125531f4	junction_window	199	228	30	0.0	0.023495362202326456	0	False	False	False
orf_ab921d28d6758aa53505625eff643eaffca12d55cbb0f207779404ed4a32e4b2	peptide_3eea41dc2191758bba2af58f9efccf8e359349d6a85ff027e916d63e125531f4	junction_window	199	228	30	0.0	0.023495362202326456	0	False	False	False
orf_60c18bcf42f68f4f4c117d59f7877fb16b76592d8f9f85df997e4a324e6fa0a7	peptide_3eea41dc2191758bba2af58f9efccf8e359349d6a85ff027e916d63e125531f4	junction_window	199	228	30	0.0	0.023495362202326456	0	False	False	False
orf_db90fce85aa2d85ef5b78f16e5c64c6434db0145b4f06dcabd08dce7e964ee06	peptide_3eea41dc2191758bba2af58f9efccf8e359349d6a85ff027e916d63e125531f4	junction_window	199	228	30	0.0	0.023495362202326456	0	False	False	False
orf_f9bbeeeb49f73dc8af9cdcd68564c54536f5567f0e063ecb21036e8d1c14cdcb	peptide_3eea41dc2191758bba2af58f9efccf8e359349d6a85ff027e916d63e125531f4	junction_window	199	228	30	0.0	0.023495362202326456	0	False	False	False
orf_2bc5cf702376f3c36e6dd758ea9678c3b7f84a6b62d486aafdf36dadcce033ec	peptide_3eea41dc2191758bba2af58f9efccf8e359349d6a85ff027e916d63e125531f4	junction_window	199	228	30	0.0	0.023495362202326456	0	False	False	False
orf_4220c8ab91d23e4977794cd2ce935744f6e66fd0c58896cf20a6316a4f5a9c1d	peptide_61dbcd41ff74ad3f3b63240c13327fee06c0feb5d06fe4cf72c1220d5d18bb06	junction_window	115	144	30	0.4	0.4426889295379321	12	False	False	False
orf_87bbfa8c07af3fa56e78144a2ad197ca0b044be8272744e80333b3960809d3b4	peptide_61dbcd41ff74ad3f3b63240c13327fee06c0feb5d06fe4cf72c1220d5d18bb06	junction_window	115	144	30	0.4	0.4426889295379321	12	False	False	False
orf_3e8465bae8eaa260040475ce0c51e251ea57e883c75e23cbc7f0074bdd9b95c0	peptide_61dbcd41ff74ad3f3b63240c13327fee06c0feb5d06fe4cf72c1220d5d18bb06	junction_window	115	144	30	0.4	0.4426889295379321	12	False	False	False
orf_f0a3ea13dc80f5f3ead53b935c2f36353da38ab216d077448021669277c2295f	peptide_61dbcd41ff74ad3f3b63240c13327fee06c0feb5d06fe4cf72c1220d5d18bb06	junction_window	115	144	30	0.4	0.4426889295379321	12	False	False	False
orf_855fdd6439f3ba34917fcaf013ddf74538417be5f345ac99f92612c2cbded8bb	peptide_61dbcd41ff74ad3f3b63240c13327fee06c0feb5d06fe4cf72c1220d5d18bb06	junction_window	115	144	30	0.4	0.4426889295379321	12	False	False	False
orf_cb5f1be1e9b558aea7ba668cebd0425521aea87ed88a570cd5e06dd57b8f66e2	peptide_61dbcd41ff74ad3f3b63240c13327fee06c0feb5d06fe4cf72c1220d5d18bb06	junction_window	115	144	30	0.4	0.4426889295379321	12	False	False	False
orf_01a406fe90f2686341aa8ed161b614106b93397b08afd1bd8f03e873ed37d861	peptide_61dbcd41ff74ad3f3b63240c13327fee06c0feb5d06fe4cf72c1220d5d18bb06	junction_window	115	144	30	0.4	0.4426889295379321	12	False	False	False
orf_6733db6f39870e2b9422ce40998052ab65042c3150f4d309a5b7607457c74462	peptide_61dbcd41ff74ad3f3b63240c13327fee06c0feb5d06fe4cf72c1220d5d18bb06	junction_window	115	144	30	0.4	0.4426889295379321	12	False	False	False
orf_8b62335691e9cc2427aee7820ef1e12b5b605166dbce40ca780438ed68adf9ed	peptide_b0d22e27937167cce8168e89f2f47683b4ada96ad48b9ebb22e347b9e99abcb8	junction_window	115	141	27	0.4444444444444444	0.4283915426996019	12	False	True	False
orf_1e20cdbfbf6d900e16841b0b95c99f70abd8a950fe52e84fccc48aa7f76eb893	peptide_b0d22e27937167cce8168e89f2f47683b4ada96ad48b9ebb22e347b9e99abcb8	junction_window	115	141	27	0.4444444444444444	0.4283915426996019	12	False	True	False
orf_19063bf841e46c2953741fc6fea3989426ca756976df8eae0f06e861df90e544	peptide_b0d22e27937167cce8168e89f2f47683b4ada96ad48b9ebb22e347b9e99abcb8	junction_window	115	141	27	0.4444444444444444	0.4283915426996019	12	False	True	False
orf_293010dae8882df12412c1f17110984e2a5458b2b2b0c40f95e47a883520f4c3	peptide_b0d22e27937167cce8168e89f2f47683b4ada96ad48b9ebb22e347b9e99abcb8	junction_window	115	141	27	0.4444444444444444	0.4283915426996019	12	False	True	False
orf_70a8044d0b1a708397481906676a2102d715ecd646b2f447fe57e0536b9d8d3b	peptide_a95d8cbc1b3c1c36209d70ae0aa0ceccfc7c47c9f4f3aa6cfe4290b5d6b39426	junction_window	694	723	30	0.26666666666666666	0.32049373189608255	8	False	False	False
orf_13fd5afee1bd2b898b9c76e007b18cc1387b55e5621cda4d1c3af0f18b5d4a95	peptide_a95d8cbc1b3c1c36209d70ae0aa0ceccfc7c47c9f4f3aa6cfe4290b5d6b39426	junction_window	694	723	30	0.26666666666666666	0.32049373189608255	8	False	False	False
orf_6cfee3616f4c0ff16818b3be0885bca6ac47ba5ab2dea0e7132748b8a3cfd2c9	peptide_141ec2db205027760299d6cfdf072036bb4e5b4e6bbd92c9460372e87321d3d2	junction_window	694	723	30	0.3	0.3326993977030118	9	False	False	False
orf_67f7e99bd46dbc0a388b5fb255002ee858a232b7dfd1f1d69189804bb98a2e50	peptide_b47acaaa34041c15379dbe15991643dd9960fe076300fb7a0b59cf4254e923c5	junction_window	695	724	30	0.3	0.3297323673963547	9	False	False	False
orf_8ba405c368bbb228d2bb46c2b9857df599a42a12948cbb9af02f9e85ddfb2b14	peptide_b47acaaa34041c15379dbe15991643dd9960fe076300fb7a0b59cf4254e923c5	junction_window	695	724	30	0.3	0.3297323673963547	9	False	False	False
orf_4cadd6a9cd33bfee192137718c97bc4fe40779939d0e85b003605a851ceda9c7	peptide_a2af17ae967680398fa5c75808451b0172e3946c43756c9174369641d75165ca	junction_window	695	724	30	0.3333333333333333	0.3399982144435247	10	False	False	False
orf_b8215ffa720f911295f4b50ddc156ad75538fb9a7d4de6fb40a16e37113eb6db	peptide_2b725ec6513d4fe033761938b5b7e38cdb2776f273712a72de67a893499a6121	junction_window	102	132	31	0.0	0.20896023079272238	0	False	False	False
orf_cfaf0ffd1f1a7c2da8ce11c2a4a129d2a6f029a4dbeac193ac8f41cab8858d69	peptide_2b725ec6513d4fe033761938b5b7e38cdb2776f273712a72de67a893499a6121	junction_window	102	132	31	0.0	0.20896023079272238	0	False	False	False
orf_e3c3484dacac8dae4f2bc9a8b74c8ab6f221dfc135585319db61d15eb677f4c0	peptide_bcd139b19630cb31f3a89703fedd00936138336ed28e45f87045ef3f8222c90c	junction_window	117	147	31	0.0	0.09591866885462115	0	False	False	False
orf_415c54b54c315bcc88f3adf5aee91320eef8e5be6b473bfdd499e809d1787bab	peptide_2b725ec6513d4fe033761938b5b7e38cdb2776f273712a72de67a893499a6121	junction_window	102	132	31	0.0	0.20896023079272238	0	False	False	False
orf_5587d5f12e42b7534fdc59d06b97b95546bea324d27c2610227707a78a3c111c	peptide_2b725ec6513d4fe033761938b5b7e38cdb2776f273712a72de67a893499a6121	junction_window	102	132	31	0.0	0.20896023079272238	0	False	False	False
orf_03af46f3e2fcf0a687be3561ca5454b19ec1ab16424100f03178d4fe53f7a886	peptide_ac4b4182244b5a4567212afe1127bbb1070da7a018d7dc75c9a8043fc6d88c8a	junction_window	64	94	31	0.06451612903225806	0.24657138364930306	2	False	False	False
orf_c6ef031d85c96ea8766037acdf924b06c4e025d7040d798195a59a3f3687becd	peptide_ac4b4182244b5a4567212afe1127bbb1070da7a018d7dc75c9a8043fc6d88c8a	junction_window	64	94	31	0.06451612903225806	0.24657138364930306	2	False	False	False
orf_014eccd4220e6eda34d1d82c31877edf27706c9ebec267f03afcadef7208d581	peptide_ac4b4182244b5a4567212afe1127bbb1070da7a018d7dc75c9a8043fc6d88c8a	junction_window	64	94	31	0.06451612903225806	0.24657138364930306	2	False	False	False
orf_c0028c03a26867496f12f5124dffbad12846314e9d212bfe2a3f72bed62d03a4	peptide_ac4b4182244b5a4567212afe1127bbb1070da7a018d7dc75c9a8043fc6d88c8a	junction_window	64	94	31	0.06451612903225806	0.24657138364930306	2	False	False	False
orf_fd5ac340ac1929112c6eb62bec6044ae83d3dd43b92e7b6bfe6a0d298288c8f4	peptide_2b725ec6513d4fe033761938b5b7e38cdb2776f273712a72de67a893499a6121	junction_window	102	132	31	0.0	0.20896023079272238	0	False	False	False
orf_7733370789bc19b766523c8b8d78d3e598b2d047bd51d43231efbcd80443bf8c	peptide_c7cbaf05452f930ea271c4310d7d53eb7a94d31003d4692c42f7a9310278a184	junction_window	35	65	31	0.0967741935483871	0.24499477638352302	3	False	False	False
orf_92c42901b2f4ceab16e3a32eb517a9dfa92bc50afcc19885978ea017967951f0	peptide_2b725ec6513d4fe033761938b5b7e38cdb2776f273712a72de67a893499a6121	junction_window	102	132	31	0.0	0.20896023079272238	0	False	False	False
orf_79e0744a0fd38a026c7a23b8d196a1246088e8135bd604a68d3a254647b88e33	peptide_e8b37fb4123387d477121be6767ff9b0e64886eca7291810abf400d584152ca2	junction_window	50	80	31	0.0	0.09352538806776847	0	False	False	False
orf_9159f523a21f270124bb5e55d7b0619f5e7131055d46976bdde5bb1d33edb2a1	peptide_bcd139b19630cb31f3a89703fedd00936138336ed28e45f87045ef3f8222c90c	junction_window	117	147	31	0.0	0.09591866885462115	0	False	False	False
orf_ae2cb7ce4e3c5abdde41c0801772f34d99b506179b294f7f487b5b185ea821dc	peptide_ac4b4182244b5a4567212afe1127bbb1070da7a018d7dc75c9a8043fc6d88c8a	junction_window	64	94	31	0.06451612903225806	0.24657138364930306	2	False	False	False
orf_204fe5037e036847aeb518aca17dc842c142c4daa265938e4e8c446dc93598f7	peptide_128478dad5923df8e153bbe6c3fe22332eb265107b6c4204a02f16733a87a5f0	junction_window	25	54	30	0.0	0.011382517218589783	0	False	False	False
orf_012fcd8755b5cab37262a9102aefcfa997e4bdad864d499d86abd55ea810d569	peptide_df2c551958df67bbccad0f87c785fb069df18fc67668af2ff95835daf8fcca3f	junction_window	25	54	30	0.0	0.022196368873119356	0	False	False	False
orf_89391407fd29fca0cdeb985a1521341037b57e6eb218731e1ec6c4d648554f5a	peptide_128478dad5923df8e153bbe6c3fe22332eb265107b6c4204a02f16733a87a5f0	junction_window	25	54	30	0.0	0.011382517218589783	0	False	False	False
orf_7cc63bf6d6f0a0523f1e328da493eef4e437b34fbaac5c6059168fbedfbf46f6	peptide_df2c551958df67bbccad0f87c785fb069df18fc67668af2ff95835daf8fcca3f	junction_window	25	54	30	0.0	0.022196368873119356	0	False	False	False
orf_2a55cb5ffa74fd9aedbff91aa998e4da67314ef3b15de195b5a400dda77350a7	peptide_128478dad5923df8e153bbe6c3fe22332eb265107b6c4204a02f16733a87a5f0	junction_window	25	54	30	0.0	0.011382517218589783	0	False	False	False
orf_a1ad6473aec66acdff5cbcc3357d787c7659bdc77ee3ab5a531964ec95f4aa89	peptide_df2c551958df67bbccad0f87c785fb069df18fc67668af2ff95835daf8fcca3f	junction_window	25	54	30	0.0	0.022196368873119356	0	False	False	False
orf_e48e4b29788c0ce391c7f57f3ac9f8dccd8d713d6ab5f0671cb6ec5ca19fda1a	peptide_128478dad5923df8e153bbe6c3fe22332eb265107b6c4204a02f16733a87a5f0	junction_window	25	54	30	0.0	0.011382517218589783	0	False	False	False
orf_8bfacecf5ada5f7c0de7a06ba778dababe3c1e90ceeba35510a71b938dafc568	peptide_df2c551958df67bbccad0f87c785fb069df18fc67668af2ff95835daf8fcca3f	junction_window	25	54	30	0.0	0.022196368873119356	0	False	False	False
orf_c4570ad7c4515e6f923529a3d7f96bb1970dfb2d6620dda371b866b519ee09c1	peptide_128478dad5923df8e153bbe6c3fe22332eb265107b6c4204a02f16733a87a5f0	junction_window	25	54	30	0.0	0.011382517218589783	0	False	False	False
orf_26ad90cf58fca0181b5c1c8c3000291863caa1ce3b0cfe3f1ae448ad0de509dc	peptide_df2c551958df67bbccad0f87c785fb069df18fc67668af2ff95835daf8fcca3f	junction_window	25	54	30	0.0	0.022196368873119356	0	False	False	False
orf_19332eebda712aea87fdaa34ab46fd96e40980bf2b4a6eaa58f5f3dc7b2d5da0	peptide_5999eb11d67df7e522c505afd90acafbdfe9801630ef60c14a9f5cd4b009d493	junction_window	1655	1684	30	1.0	0.9399306774139404	30	True	True	True
orf_d330ddaa72f416106136aaed02002b5968038552b5d38e4326ebc2df9b4788c5	peptide_5999eb11d67df7e522c505afd90acafbdfe9801630ef60c14a9f5cd4b009d493	junction_window	1655	1684	30	1.0	0.9399306774139404	30	True	True	True
orf_5f40273f178a79fff94cc56b1b7c5c54d0a96daee7d0c2906719b89b3563538c	peptide_5999eb11d67df7e522c505afd90acafbdfe9801630ef60c14a9f5cd4b009d493	junction_window	1655	1684	30	1.0	0.9399306774139404	30	True	True	True
orf_00dbf63a5e33cde7a0bdbf88af2631718f6d128b5495e4ddb958127b6a992cb8	peptide_cb3b877487db63c75d8a61ca9a8bf692284b3476f9b1f6a3c9c6e16a8da2fdb7	junction_window	1634	1663	30	1.0	0.9411829094092051	30	True	True	True
orf_552b7f4ed2200da757d41f040ba8f3acc30bc251b4c2b0f05566ba6d4208b595	peptide_cb3b877487db63c75d8a61ca9a8bf692284b3476f9b1f6a3c9c6e16a8da2fdb7	junction_window	1634	1663	30	1.0	0.9411829094092051	30	True	True	True
orf_3ee325dc2dbde5e75db6ff60e331a90b0ae0b8d5f10a385034693c249e6b31de	peptide_cb3b877487db63c75d8a61ca9a8bf692284b3476f9b1f6a3c9c6e16a8da2fdb7	junction_window	1634	1663	30	1.0	0.9411829094092051	30	True	True	True
orf_eb234fc38b4fd912ffeb4e3ee38c064d7099c5abd20a55a389d7592323a5d996	peptide_7b0d5d3c3a31c1168531049ad5eb4bf68c7070067b6a2cd48ed4f7d87f40e85a	junction_window	1612	1641	30	1.0	0.9412781715393066	30	True	True	True
orf_572f55568c065e8e0f54c9b56db49fa01b2f2d0a95bbc562cef417a36a4f5710	peptide_7b0d5d3c3a31c1168531049ad5eb4bf68c7070067b6a2cd48ed4f7d87f40e85a	junction_window	1612	1641	30	1.0	0.9412781715393066	30	True	True	True
orf_ca774285e0ef1115b660924510181310fe191466a33dbbd7dca3aa3365d0cfb5	peptide_7b0d5d3c3a31c1168531049ad5eb4bf68c7070067b6a2cd48ed4f7d87f40e85a	junction_window	1612	1641	30	1.0	0.9412781715393066	30	True	True	True
orf_3909843b2dc779f2d59db3df01c2a09825f2475229ac8908f1b6989d6a803d2b	peptide_eed915b6ca8b3996cd855855d0eb3687677480ad6600d6a859007123a2d56e75	junction_window	1612	1641	30	1.0	0.9411995689074198	30	True	True	True
orf_703ef684468bb06dbb0dba2a0bb35d3ca6ce0946806712a9f400f0425ce8d667	peptide_eed915b6ca8b3996cd855855d0eb3687677480ad6600d6a859007123a2d56e75	junction_window	1612	1641	30	1.0	0.9411995689074198	30	True	True	True
orf_863dcfe1cb54bcc45f6bdeec769ce68a3db5e78ed67bed76997cb1434d0759f7	peptide_eed915b6ca8b3996cd855855d0eb3687677480ad6600d6a859007123a2d56e75	junction_window	1612	1641	30	1.0	0.9411995689074198	30	True	True	True
orf_c3b9bbc234b53e225735f3696e344ff3e55c582abb2045a61b2ee97114063de7	peptide_0113c383751f1a0ef3d6b27676d2e2141e091b8b60dc744ecdfddcbc258c577c	junction_window	1627	1656	30	1.0	0.9397100329399108	30	True	True	True
orf_e901f4a339e2bc18576a7d8ca7f53c9e488e553e696b76bc83efcb3c9abf45bb	peptide_0113c383751f1a0ef3d6b27676d2e2141e091b8b60dc744ecdfddcbc258c577c	junction_window	1627	1656	30	1.0	0.9397100329399108	30	True	True	True
orf_a3cbe106f7a4912cee1036cd70d718ac5671685a82411f1a713a672f2867fd67	peptide_0113c383751f1a0ef3d6b27676d2e2141e091b8b60dc744ecdfddcbc258c577c	junction_window	1627	1656	30	1.0	0.9397100329399108	30	True	True	True
orf_959c80111caf8bb728dbd4ed8733c3ca173da6843b9c7013d4815906b460ea96	peptide_0a3c36316543a47148471358f32a4ec64764c26acc5dd428c304719ee387455d	junction_window	1647	1676	30	1.0	0.939999787012736	30	True	True	True
orf_449ec32ca4fad25eb068be0bb27685707b79e0d8d27b0e63deb5a77735cc6655	peptide_0a3c36316543a47148471358f32a4ec64764c26acc5dd428c304719ee387455d	junction_window	1647	1676	30	1.0	0.939999787012736	30	True	True	True
orf_e32af9b8cbfbe658dd77b1b358068b75c212ea48fa574451df3f5efca299e8c7	peptide_0a3c36316543a47148471358f32a4ec64764c26acc5dd428c304719ee387455d	junction_window	1647	1676	30	1.0	0.939999787012736	30	True	True	True
orf_3893271fcb3303022b9b4871d99346b1ef5b63db7f54dcaef93ea882c70a30d5	peptide_8f6c0816b17ee55076c61cdf4c826cc1643979392efca5fb4467a8a9f9ace991	junction_window	1627	1656	30	1.0	0.9396281063556671	30	True	True	True
orf_b6fdbf400e3b31850d4dd58d2a024fbc0180e6d7632caaec54597796051ef929	peptide_8f6c0816b17ee55076c61cdf4c826cc1643979392efca5fb4467a8a9f9ace991	junction_window	1627	1656	30	1.0	0.9396281063556671	30	True	True	True
orf_f2208b6fd8a8f0eecc584e1c5e214efc7b04388af3a404d0fe50cc5c5c8223a3	peptide_8f6c0816b17ee55076c61cdf4c826cc1643979392efca5fb4467a8a9f9ace991	junction_window	1627	1656	30	1.0	0.9396281063556671	30	True	True	True
orf_c4c8163927f9c137522921daefec5d87a22247b14495959e58775462a2445995	peptide_d09ba36d63b4b05b94c1787f8ea186e5b841f5920b3ffb5356533bd95afd68da	junction_window	117	147	31	0.0	0.020941137306151852	0	False	False	False
orf_74e992bb54560714bd8c24c91f2080f39b9a4b2fcb11d70d96839aeb4dfc3926	peptide_17d111deb4d6dc3037080cfa51b4f13d1b3e22d45fa78ccc97a0cca4c2afed7e	junction_window	69	99	31	0.0	0.10101243613227721	0	False	False	False
orf_0d70cce67e44e4489c7aa990bb5726c53d5b5adf33323a5adfe61f8d72116702	peptide_17d111deb4d6dc3037080cfa51b4f13d1b3e22d45fa78ccc97a0cca4c2afed7e	junction_window	69	99	31	0.0	0.10101243613227721	0	False	False	False
orf_34a9f7bf58ae51ac820a412da3be7cbbf995f0f53aba46732c6994feed0bf0aa	peptide_17d111deb4d6dc3037080cfa51b4f13d1b3e22d45fa78ccc97a0cca4c2afed7e	junction_window	69	99	31	0.0	0.10101243613227721	0	False	False	False
orf_84aafc605a5b32eb71da0420b1412ca95aa35280bf3264ec017fe9b4ea60531a	peptide_17d111deb4d6dc3037080cfa51b4f13d1b3e22d45fa78ccc97a0cca4c2afed7e	junction_window	69	99	31	0.0	0.10101243613227721	0	False	False	False
orf_75f15cb48bdf3827b27e65d45f960d32f7879a5cf25472cf902fa74fa0b73761	peptide_17d111deb4d6dc3037080cfa51b4f13d1b3e22d45fa78ccc97a0cca4c2afed7e	junction_window	69	99	31	0.0	0.10101243613227721	0	False	False	False
orf_aa70935af1d2ef32935929ca54ea20d64a52f6f9d0c729e5a457daee6b0d63ea	peptide_17d111deb4d6dc3037080cfa51b4f13d1b3e22d45fa78ccc97a0cca4c2afed7e	junction_window	69	99	31	0.0	0.10101243613227721	0	False	False	False
orf_ca46d7c72ae4db058055e49dda40c012bd07daf7a43074947e04bd02d7f51442	peptide_17d111deb4d6dc3037080cfa51b4f13d1b3e22d45fa78ccc97a0cca4c2afed7e	junction_window	69	99	31	0.0	0.10101243613227721	0	False	False	False
orf_4af4304437e32195c439569e0a121f0a42b9247bcc199cdceae521101db7e01e	peptide_17d111deb4d6dc3037080cfa51b4f13d1b3e22d45fa78ccc97a0cca4c2afed7e	junction_window	69	99	31	0.0	0.10101243613227721	0	False	False	False
orf_268ce05342151891ee53651f31d57207f449d0c919fd12b6b131fff5d0fd3a3c	peptide_fa93e53ac27b4b7dae1a80f579d41c4b15d48643b853104cb1872d9055bb9812	junction_window	3	33	31	0.45161290322580644	0.45072122735361897	14	False	True	False
orf_6a1a3e2d6f8f256e0150db81c8abb951dcd2a91c8cc53b667f686c6c5e784ce8	peptide_06ff13e279243d2b7ad8638c5afd0676ce8e8691414485e804189b01e04b5c71	junction_window	3	33	31	0.45161290322580644	0.45071282886689706	14	False	True	False
orf_385264fe5657dabaf9b9d5c592701b8d2057b2a30c1eae924ae0672f4eb21632	peptide_fa93e53ac27b4b7dae1a80f579d41c4b15d48643b853104cb1872d9055bb9812	junction_window	3	33	31	0.45161290322580644	0.45072122735361897	14	False	True	False
orf_0dd25baec7b1e0e82e86ee269b661f29a7624e83989330b8d1648e22ab20e736	peptide_fa93e53ac27b4b7dae1a80f579d41c4b15d48643b853104cb1872d9055bb9812	junction_window	3	33	31	0.45161290322580644	0.45072122735361897	14	False	True	False
orf_606edc55d8973081591435fa488bbc754534150755178c6067e2150caba78571	peptide_06ff13e279243d2b7ad8638c5afd0676ce8e8691414485e804189b01e04b5c71	junction_window	3	33	31	0.45161290322580644	0.45071282886689706	14	False	True	False
orf_9ac56c63bd281f5600f5966cbd0fec8471acdb744a251e50174cd9a55a0bfc6b	peptide_fa93e53ac27b4b7dae1a80f579d41c4b15d48643b853104cb1872d9055bb9812	junction_window	3	33	31	0.45161290322580644	0.45072122735361897	14	False	True	False
orf_b732652db04157556f092f4652d743f6bec9c4490269cae10c1a9c3f544f0fcd	peptide_e99c765e89e22454b77f5bee5b91d4a1c68ae4acbfc5e433be58eddefc6e939e	junction_window	63	92	30	0.0	0.1423189361890157	0	False	False	False
orf_ea0b380b262d4aaf2142609c64cc3580e90fa4256638c6028c18ee5ef9e73840	peptide_e99c765e89e22454b77f5bee5b91d4a1c68ae4acbfc5e433be58eddefc6e939e	junction_window	63	92	30	0.0	0.1423189361890157	0	False	False	False
orf_ac6c1b74bb5d473257bb33d204ce4af1ac2c070bb45b8ef849664808b1a27f2a	peptide_e99c765e89e22454b77f5bee5b91d4a1c68ae4acbfc5e433be58eddefc6e939e	junction_window	63	92	30	0.0	0.1423189361890157	0	False	False	False
orf_879916e89bfebdfd5baddda6cc03e078765c0d01e75b9f9a08dbb950a9987df7	peptide_e99c765e89e22454b77f5bee5b91d4a1c68ae4acbfc5e433be58eddefc6e939e	junction_window	63	92	30	0.0	0.1423189361890157	0	False	False	False
orf_0db628344987ea956e3cffe84e91677c6f58a7b8d883b20d6fffe9587ab6c88a	peptide_c616ef8758452c5c28c9c0ea6d2c5c5a1ea47daff6a1c63c1664c595ab5fdc6f	junction_window	68	97	30	0.0	0.14039157430330912	0	False	False	False
orf_87a4925e9165d063bb1deb7d4d51cdd909b4b8ff6d6a05864ad5e8f44a91cee7	peptide_c616ef8758452c5c28c9c0ea6d2c5c5a1ea47daff6a1c63c1664c595ab5fdc6f	junction_window	68	97	30	0.0	0.14039157430330912	0	False	False	False
orf_66450fd83eb987665e932d094f6381794cdb5f58276215e66f419f73d29c268d	peptide_e99c765e89e22454b77f5bee5b91d4a1c68ae4acbfc5e433be58eddefc6e939e	junction_window	63	92	30	0.0	0.1423189361890157	0	False	False	False
orf_0de8f22856f1579fec381d9cd2c7d46aa813d2f9816a0878d42603491e54b741	peptide_e99c765e89e22454b77f5bee5b91d4a1c68ae4acbfc5e433be58eddefc6e939e	junction_window	63	92	30	0.0	0.1423189361890157	0	False	False	False
orf_c65eaf9541cc23e34eb5662055d43bba8f27652879de583f040b3574fb4ca12a	peptide_5c21ae184feb65c1e843decba2484c105c32fad251b9076e518b980cedb5e364	junction_window	99	128	30	0.0	0.020995192726453147	0	False	False	False
orf_a982d00ad126331b05c85cf33ce28020ec9fdd27e873074c4014b2164d32f828	peptide_bb6d915a079cd22e4c6146fd7fd974ece5af6779270aa276b58776d32193b5a9	junction_window	99	128	30	0.0	0.01836004654566447	0	False	False	False
orf_f700356b5a832ffb480a83f0c8f778eefff78052026ab3f28f05befa3a9be045	peptide_d863b4181c9445613da3877663fc081e228ed82f65667b4d3ed864a4251e3f95	junction_window	99	128	30	0.0	0.021920173366864523	0	False	False	False
orf_434972e5e1a310ced675f5f56feeb9d12ea53de83d79dd1b67540d6b57a0db31	peptide_ed94a7c73c5bb4d289c56f618b0eb9ee4ae8c7f74e21cbb1da03f872cd1f9de4	junction_window	73	102	30	0.0	0.030976995329062142	0	False	False	False
orf_3e63e847f550dc238aff17fd9322d7d27ff14cc14a7c989297c823b9e49e9094	peptide_dd05b2de8b0dff54a99f32fb5534a21ea7b2859c77f90ebe3af16b628329d84d	junction_window	73	102	30	0.0	0.028991105655829113	0	False	False	False
orf_5672950dc1f4c883211ae8ca36d4ffb7a0528bd9be1212d7c4024c56aae20eb8	peptide_4d18fa70af645e46d15fe314ebcce1c4a4d97a8f5efb301e857bc9e15fa34010	junction_window	73	102	30	0.0	0.03780717104673385	0	False	False	False
orf_79626bce4ffe34768486c7324c249e4f62130350bb7691ad03b1a1493a5874ff	peptide_ed94a7c73c5bb4d289c56f618b0eb9ee4ae8c7f74e21cbb1da03f872cd1f9de4	junction_window	73	102	30	0.0	0.030976995329062142	0	False	False	False
orf_36fd9035a50950b01e309c9bc972b16370c0d84f8e9ba391ff532a59c4920895	peptide_dd05b2de8b0dff54a99f32fb5534a21ea7b2859c77f90ebe3af16b628329d84d	junction_window	73	102	30	0.0	0.028991105655829113	0	False	False	False
orf_25c929d7b9ac7cc59315e9b2ab3bce859d3ae63c634e28f12314435ec549654e	peptide_4d18fa70af645e46d15fe314ebcce1c4a4d97a8f5efb301e857bc9e15fa34010	junction_window	73	102	30	0.0	0.03780717104673385	0	False	False	False
orf_7cdcd245f48f278063960862eecd6c3ecc7b48c3441b770f4a45b8224c6d0ca5	peptide_5c21ae184feb65c1e843decba2484c105c32fad251b9076e518b980cedb5e364	junction_window	99	128	30	0.0	0.020995192726453147	0	False	False	False
orf_cb10403f40ed705185652391facee785f11499e84222455841f5ed69a217d2a3	peptide_bb6d915a079cd22e4c6146fd7fd974ece5af6779270aa276b58776d32193b5a9	junction_window	99	128	30	0.0	0.01836004654566447	0	False	False	False
orf_7b58a6fc8dc92fc62e3de4813e92eb3c60fed8788567a0d8778a1177110fd07f	peptide_d863b4181c9445613da3877663fc081e228ed82f65667b4d3ed864a4251e3f95	junction_window	99	128	30	0.0	0.021920173366864523	0	False	False	False
orf_f818b91beb01a006f208f8659c07167acf274f09386f00fcf3491275c613bc95	peptide_ed94a7c73c5bb4d289c56f618b0eb9ee4ae8c7f74e21cbb1da03f872cd1f9de4	junction_window	73	102	30	0.0	0.030976995329062142	0	False	False	False
orf_83f97f86c8ed2ae30a0afe6cafeb2b41194c20981de83ee83b56b9ccb8eec04b	peptide_dd05b2de8b0dff54a99f32fb5534a21ea7b2859c77f90ebe3af16b628329d84d	junction_window	73	102	30	0.0	0.028991105655829113	0	False	False	False
orf_512ad5a6d80727abc49ce5f2d1ab6c7e08c0d8370abd51b6787dea640d609cf1	peptide_4d18fa70af645e46d15fe314ebcce1c4a4d97a8f5efb301e857bc9e15fa34010	junction_window	73	102	30	0.0	0.03780717104673385	0	False	False	False
orf_389b695255670b6adf6bbb2a8386e3b542c929f9975fba50a1c935a00b03a082	peptide_7bcda12bdf29e3d6d0ef460640d8a4e51aff91f6bdd3153d1c314603883f3620	junction_window	287	303	17	1.0	0.9732618121539846	17	True	True	True
orf_e6894988b10a9d447329313064ede3708cded165dbdd09fd0c824ca928d769a6	peptide_7bcda12bdf29e3d6d0ef460640d8a4e51aff91f6bdd3153d1c314603883f3620	junction_window	287	303	17	1.0	0.9732618121539846	17	True	True	True
orf_c2d37e944f5a4f2e9d8f8edc35e994786d83f079140b5018c7eb2c3e66f1c1e4	peptide_7bcda12bdf29e3d6d0ef460640d8a4e51aff91f6bdd3153d1c314603883f3620	junction_window	287	303	17	1.0	0.9732618121539846	17	True	True	True
orf_6fc813b61c356c6559aa454ab3495855fc6164b2394a0088a40337a04785a583	peptide_7bcda12bdf29e3d6d0ef460640d8a4e51aff91f6bdd3153d1c314603883f3620	junction_window	287	303	17	1.0	0.9732618121539846	17	True	True	True
orf_e89f1db17dff99169c04e01441e5131c0ecbf2b69963a20bf71672e114bfa10e	peptide_7bcda12bdf29e3d6d0ef460640d8a4e51aff91f6bdd3153d1c314603883f3620	junction_window	287	303	17	1.0	0.9732618121539846	17	True	True	True
orf_a4ef9a12aefdc48073bcc7261158be5e374c33e38c9c22e64a3e67d2a1682a7b	peptide_7bcda12bdf29e3d6d0ef460640d8a4e51aff91f6bdd3153d1c314603883f3620	junction_window	287	303	17	1.0	0.9732618121539846	17	True	True	True
orf_aa8ac54c2c9d04ab603a0112b8ab1a895fd1c83c29e8e4f970f1b094096a65d8	peptide_7bcda12bdf29e3d6d0ef460640d8a4e51aff91f6bdd3153d1c314603883f3620	junction_window	287	303	17	1.0	0.9732618121539846	17	True	True	True
orf_49a8ed0d31b8c13b6c41122ae0836be45891a2fb227b5c1bb78cbadd00fbd176	peptide_7bcda12bdf29e3d6d0ef460640d8a4e51aff91f6bdd3153d1c314603883f3620	junction_window	287	303	17	1.0	0.9732618121539846	17	True	True	True
orf_1e121b07318be2bc7811aa18b785d8d4e22e3ed357d4e2bdbc56dc26849831ec	peptide_7bcda12bdf29e3d6d0ef460640d8a4e51aff91f6bdd3153d1c314603883f3620	junction_window	287	303	17	1.0	0.9732618121539846	17	True	True	True
orf_7b302d3888c9bbf83f908cb4b379c285978038ecaa9f6ef52852c387c6ec73f0	peptide_7bcda12bdf29e3d6d0ef460640d8a4e51aff91f6bdd3153d1c314603883f3620	junction_window	287	303	17	1.0	0.9732618121539846	17	True	True	True
orf_a1eb2118c46dd46159025828a0e10cb5bb0be70dd0446d2b7eaafaa8e29ef4fd	peptide_7bcda12bdf29e3d6d0ef460640d8a4e51aff91f6bdd3153d1c314603883f3620	junction_window	287	303	17	1.0	0.9732618121539846	17	True	True	True
orf_41d50f380da3cfaf0f48123f6eda4a76073e58b8645c5a2303d5ad873359ef65	peptide_7bcda12bdf29e3d6d0ef460640d8a4e51aff91f6bdd3153d1c314603883f3620	junction_window	287	303	17	1.0	0.9732618121539846	17	True	True	True
orf_529636900be78930cd34b6a32d3ace2fe93fb14c1dd601c5e9423e3c8843e705	peptide_7bcda12bdf29e3d6d0ef460640d8a4e51aff91f6bdd3153d1c314603883f3620	junction_window	287	303	17	1.0	0.9732618121539846	17	True	True	True
orf_b35a16eae6f4520c6a6ae76a3810041204660888db79daf158e573beb4404b7c	peptide_7bcda12bdf29e3d6d0ef460640d8a4e51aff91f6bdd3153d1c314603883f3620	junction_window	287	303	17	1.0	0.9732618121539846	17	True	True	True
orf_180716fbe3f90ba08be61b7a61266de6c2910863d66b3bf8a4beef1f5d43eb5c	peptide_7bcda12bdf29e3d6d0ef460640d8a4e51aff91f6bdd3153d1c314603883f3620	junction_window	287	303	17	1.0	0.9732618121539846	17	True	True	True
orf_7f43a57def18f55edad53d332680f66684a44006c6209befed8d349e02e8aead	peptide_101700281cde078bee94b7382d6e603a4babf7b2c6c73ebf43d4a469d59c79f5	junction_window	120	150	31	0.0	0.0440830732545545	0	False	False	False
orf_2db2a40b8714f0a4c5e5662cc287b815f10c750376f6dd75a67bef6a4d5984f8	peptide_2c1cb44a742642c7499d1d08f06ecb23a8a9624b374d98d67c1abe41c80dad9f	junction_window	239	268	30	0.23333333333333334	0.30868712266286213	7	False	False	False
orf_d233cf0150070d90261d46d73c03320a362d5b4d36d25c9afc6d37d26d8180d4	peptide_289703e36f5869975fcc5af1cbd06c1f72a4d2a842df9afb9026fb0767317782	junction_window	239	268	30	0.23333333333333334	0.304663543899854	7	False	False	False
orf_2018a7bc57bedb2f237fb20e1db8bf9e4af80a520df7baa7f74b649cf65131a4	peptide_2c1cb44a742642c7499d1d08f06ecb23a8a9624b374d98d67c1abe41c80dad9f	junction_window	239	268	30	0.23333333333333334	0.30868712266286213	7	False	False	False
orf_36db398d345d8fb6ea2355fd613e69c11f69b54192d05c811fc059cd33dc7ae8	peptide_289703e36f5869975fcc5af1cbd06c1f72a4d2a842df9afb9026fb0767317782	junction_window	239	268	30	0.23333333333333334	0.304663543899854	7	False	False	False
orf_ff991d94294ccd59d7f289b9704e8c41a8f122199ae71408df59e024e84a05e2	peptide_d349aa7322fee3b86b789ab684cd76079672d6b4c4cededfb18f9176d162adcc	junction_window	135	164	30	0.0	0.0256943608323733	0	False	False	False
orf_ab825e71bfa0fd17b27b7fa78734540ceae9beba9811510d72c1b7717dd5c3c5	peptide_5b820602d0913021ac12d92f0fc7c2366f7be431a2c151cfe72ac60156f69222	junction_window	135	164	30	0.0	0.02552699496348699	0	False	False	False
orf_78fc6bcf488ac4faf62c315738a8487fee780221a4c78a4b61b084521ca6c30e	peptide_d155235fc72b0662d3c8bbf119a4f520de177b182c86e1bedc3fb455dd412ca3	junction_window	116	145	30	0.0	0.027763657768567405	0	False	False	False
orf_00a300746895baee21205255b86f79b4950f585c3792ae4502960e826cdbee4c	peptide_30789ddbca07e50737e87ef7ab2775266174c325dbac710715479d3a2f30a194	junction_window	116	145	30	0.0	0.02738013118505478	0	False	False	False
orf_ebd1b06c6441595a4024b44959b3ffec89488c8abbfabf49b4823b302e8608d0	peptide_793796e4e1c34f48ece748d9bbdd33f9d79b459a7bcd1d2d5639d6ca7121a914	junction_window	105	134	30	0.0	0.028790545463562012	0	False	False	False
orf_6094ddc9a076b8c6e02d48b74a66df195b3b3425a93ef1f640855050f48c2938	peptide_f41443bc0b10f416c99dddf5688636205400f620bb71771505df8299c360c620	junction_window	105	134	30	0.0	0.02830265462398529	0	False	False	False
orf_c7a650779281b96c7cd6fe05237d5f3ebb365a761e590215281aff0ea7f5edfe	peptide_9a99577ea77e93a51bb896132001fac6caa242ee517a62995ddef9d39a72f54a	junction_window	509	539	31	0.0	0.17375844668957494	0	False	False	False
orf_617890ad648090aa7312b0cbf508cca51ffb7a0f884c82289638b4f1ffddc16b	peptide_9a99577ea77e93a51bb896132001fac6caa242ee517a62995ddef9d39a72f54a	junction_window	509	539	31	0.0	0.17375844668957494	0	False	False	False
orf_eda3c90d4d3cab41ec300db46e56ea98b553f2e6333ca5065c24c9ed66747794	peptide_9a99577ea77e93a51bb896132001fac6caa242ee517a62995ddef9d39a72f54a	junction_window	509	539	31	0.0	0.17375844668957494	0	False	False	False
orf_7862e92e75db52a4433a6d38288170b927d575037839ab43c7a531c2f47d863b	peptide_9a99577ea77e93a51bb896132001fac6caa242ee517a62995ddef9d39a72f54a	junction_window	509	539	31	0.0	0.17375844668957494	0	False	False	False
orf_83ccc490a3f531d466e63ae4d0a9bbb22188d685cb62240d2535eb5e89646d66	peptide_f0766d124b52f0061597ce4e822e9275a04152df574f9a512631a0fa6ed8a2fa	junction_window	59	89	31	1.0	0.8781328316657774	31	True	True	True
orf_72aa4aa9c7dc2940458fed952a5c2fe8c582d5fc93f955e8d1694feb835abdfb	peptide_f0766d124b52f0061597ce4e822e9275a04152df574f9a512631a0fa6ed8a2fa	junction_window	59	89	31	1.0	0.8781328316657774	31	True	True	True
orf_e5993add2e0661cc2e675829b5bd0cb897102ee31f6141d212fd9ca8e6a79426	peptide_f0766d124b52f0061597ce4e822e9275a04152df574f9a512631a0fa6ed8a2fa	junction_window	59	89	31	1.0	0.8781328316657774	31	True	True	True
orf_79b936c73f20a7520dfd9238b31ebd33ee54a0bd0166019a540dcb9ffe53d30d	peptide_f0766d124b52f0061597ce4e822e9275a04152df574f9a512631a0fa6ed8a2fa	junction_window	59	89	31	1.0	0.8781328316657774	31	True	True	True
orf_cd742926d553caf089c8ac933bf8bbdd7ca88ff1bf0562327bd16d8be4112418	peptide_f0766d124b52f0061597ce4e822e9275a04152df574f9a512631a0fa6ed8a2fa	junction_window	59	89	31	1.0	0.8781328316657774	31	True	True	True
orf_793102b0f2fa96e0aea1c967efe71293a8dc59a9a8ec2bc3018c1221696ab570	peptide_f0766d124b52f0061597ce4e822e9275a04152df574f9a512631a0fa6ed8a2fa	junction_window	59	89	31	1.0	0.8781328316657774	31	True	True	True
orf_56a2b7cf0a8d8f48ac7bc0e88cb0837b45d343eb61ee2ae177f6d32daedc231e	peptide_f0766d124b52f0061597ce4e822e9275a04152df574f9a512631a0fa6ed8a2fa	junction_window	59	89	31	1.0	0.8781328316657774	31	True	True	True
orf_54cd746fdd6c2d7ad1722acf8a131da0e13c3c575c6797456cc45d7b281e933b	peptide_f0766d124b52f0061597ce4e822e9275a04152df574f9a512631a0fa6ed8a2fa	junction_window	59	89	31	1.0	0.8781328316657774	31	True	True	True
orf_c8d23e55fff004c0a5410f394c74b45541084e071457bc2652f8667e56b2d508	peptide_74500f70e6a9f3f7e33db93e70c8610c8c7af7704f8522687bc26abc4cd3eb18	junction_window	189	219	31	0.0	0.12552241548415152	0	False	False	False
orf_9414cb089ec7a330132411d55e7757c65dbc3cdbbd414bf53f85ee0ef0c1701c	peptide_74500f70e6a9f3f7e33db93e70c8610c8c7af7704f8522687bc26abc4cd3eb18	junction_window	189	219	31	0.0	0.12552241548415152	0	False	False	False
orf_af15de62beb22ffa6e14e09ec6ca82c994a9471999a2e29b51bf10ed5fbdcd47	peptide_74500f70e6a9f3f7e33db93e70c8610c8c7af7704f8522687bc26abc4cd3eb18	junction_window	189	219	31	0.0	0.12552241548415152	0	False	False	False
orf_cf9d14bc41b068519a57581567452503819d1e131e9a7a9917a8e1503f463b25	peptide_74500f70e6a9f3f7e33db93e70c8610c8c7af7704f8522687bc26abc4cd3eb18	junction_window	189	219	31	0.0	0.12552241548415152	0	False	False	False
orf_42b194a4289f6236e85f3123abcd7ede5e576751d4938cd84d3a31dee553781a	peptide_74500f70e6a9f3f7e33db93e70c8610c8c7af7704f8522687bc26abc4cd3eb18	junction_window	189	219	31	0.0	0.12552241548415152	0	False	False	False
orf_04fa11d6e08f583296d357d9104a8b9622515ed0485f19b9526996b70e0aa3a2	peptide_74500f70e6a9f3f7e33db93e70c8610c8c7af7704f8522687bc26abc4cd3eb18	junction_window	189	219	31	0.0	0.12552241548415152	0	False	False	False
orf_92c79c1c1acad18b13c1db4b4328324c417bc28dc19a220e39e87f1aeb445603	peptide_74500f70e6a9f3f7e33db93e70c8610c8c7af7704f8522687bc26abc4cd3eb18	junction_window	189	219	31	0.0	0.12552241548415152	0	False	False	False
orf_fed3e08572d2a9e43d619af9587056adbcbfeddeb108c3de05f2a03d93472f86	peptide_74500f70e6a9f3f7e33db93e70c8610c8c7af7704f8522687bc26abc4cd3eb18	junction_window	189	219	31	0.0	0.12552241548415152	0	False	False	False
orf_de36b62b9a9dd0def8d6fd0d910cbfe73fc4996c4eb95976d7994c7d4c1a3120	peptide_74500f70e6a9f3f7e33db93e70c8610c8c7af7704f8522687bc26abc4cd3eb18	junction_window	189	219	31	0.0	0.12552241548415152	0	False	False	False
orf_62f67334d3cb5b2ba59a380ece963576d89859745bb1ee88d5092b8642d23d54	peptide_74500f70e6a9f3f7e33db93e70c8610c8c7af7704f8522687bc26abc4cd3eb18	junction_window	189	219	31	0.0	0.12552241548415152	0	False	False	False
orf_21902b41a85d7bc3a7e9a2e39aeee75faceb39d901b922b5701775c0d8c1d639	peptide_74500f70e6a9f3f7e33db93e70c8610c8c7af7704f8522687bc26abc4cd3eb18	junction_window	189	219	31	0.0	0.12552241548415152	0	False	False	False
orf_6bf4d385f0e8825f63ddd0b1b11c1a32a9e768408eaeb8c18fd28ad61579a9ce	peptide_74500f70e6a9f3f7e33db93e70c8610c8c7af7704f8522687bc26abc4cd3eb18	junction_window	189	219	31	0.0	0.12552241548415152	0	False	False	False
orf_bd6dd06046389dcf23a54c8f02c0a970f6b400893b2911013de134fa87f48e47	peptide_27423e5ae634ee16faa22fbee9d7696e067cad37f9f43540e7126b62788f8fee	junction_window	47	77	31	0.0	0.17845467405934487	0	False	False	False
orf_8ccb0d2859a79a631ea0aabd0c6906cbaf077fdcfd51d7b72f5ee5350b895d1d	peptide_27423e5ae634ee16faa22fbee9d7696e067cad37f9f43540e7126b62788f8fee	junction_window	47	77	31	0.0	0.17845467405934487	0	False	False	False
orf_204a5536617457d2c0f9ffe8208dbe4ec1e62396adbb1c6bd663cded49571cb9	peptide_27423e5ae634ee16faa22fbee9d7696e067cad37f9f43540e7126b62788f8fee	junction_window	47	77	31	0.0	0.17845467405934487	0	False	False	False
orf_ca5d26db92da54a97ae3506a5d310645ac22d28c25d8de98fe3ebe7a7d578057	peptide_27423e5ae634ee16faa22fbee9d7696e067cad37f9f43540e7126b62788f8fee	junction_window	47	77	31	0.0	0.17845467405934487	0	False	False	False
orf_e33dbc7c3e2c14720b20512da1a49cb7ce47af1e01043cd10bf97d1c710783f3	peptide_27423e5ae634ee16faa22fbee9d7696e067cad37f9f43540e7126b62788f8fee	junction_window	47	77	31	0.0	0.17845467405934487	0	False	False	False
orf_63d61e9b9d2cff3a1f14c24eb8205bc41b38ee8714090f895e28c67f12000a5e	peptide_27423e5ae634ee16faa22fbee9d7696e067cad37f9f43540e7126b62788f8fee	junction_window	47	77	31	0.0	0.17845467405934487	0	False	False	False
orf_d5e291a570ba998d867d26fa72302f9f1b8b2278867cdb80f00b4b9b22d93bac	peptide_27423e5ae634ee16faa22fbee9d7696e067cad37f9f43540e7126b62788f8fee	junction_window	47	77	31	0.0	0.17845467405934487	0	False	False	False
orf_94afa47428945db8353443d12ab5c503dbb6f56915f40a01bc7ed5a28fa44db4	peptide_27423e5ae634ee16faa22fbee9d7696e067cad37f9f43540e7126b62788f8fee	junction_window	47	77	31	0.0	0.17845467405934487	0	False	False	False
orf_428349d18ca66657ac091bcde214092aeb433386cd98c4f0742d70b20a3c02b7	peptide_27423e5ae634ee16faa22fbee9d7696e067cad37f9f43540e7126b62788f8fee	junction_window	47	77	31	0.0	0.17845467405934487	0	False	False	False
orf_702756bd084a0b297e00d8e225c6b297a2447a66b17d03e8c4398342793cb551	peptide_27423e5ae634ee16faa22fbee9d7696e067cad37f9f43540e7126b62788f8fee	junction_window	47	77	31	0.0	0.17845467405934487	0	False	False	False
orf_95560e5a33cb4b16c155c60e597ad011538c4315f53cda9cebbe32ec42df6c43	peptide_27423e5ae634ee16faa22fbee9d7696e067cad37f9f43540e7126b62788f8fee	junction_window	47	77	31	0.0	0.17845467405934487	0	False	False	False
orf_9dab475ef2c50a0e294973af7020ba0fe02ed4aad481b8db1084060d1697446a	peptide_12745343cbe2431513f67f949df2911fade4cbdac322f7cdc173a482777cfec3	junction_window	102	132	31	0.0	0.16826154531971102	0	False	False	False
orf_d52d30f41174db415698bcf6fce0e60ac24e77c7559f5e2adf6b5ad0a2f13a59	peptide_12745343cbe2431513f67f949df2911fade4cbdac322f7cdc173a482777cfec3	junction_window	102	132	31	0.0	0.16826154531971102	0	False	False	False
orf_2eb79890d4fc272c669af304bd00f0559dde830c0eefcd5b8e8cd5b873fa336f	peptide_12745343cbe2431513f67f949df2911fade4cbdac322f7cdc173a482777cfec3	junction_window	102	132	31	0.0	0.16826154531971102	0	False	False	False
orf_cebc31c68836cc9e0444baf15b45077c115500f8e79e0191dde3f4c8fa4f35bd	peptide_344139caecbb91ebedc38d31dc6d21ae9491f43c900a54be6d396baf9e5553ff	junction_window	102	132	31	0.0	0.18469197182886063	0	False	False	False
orf_e090f06ff3149a228b9e0c4fd07792f0dbf89a20d9b63f989977617a62dbe95b	peptide_12745343cbe2431513f67f949df2911fade4cbdac322f7cdc173a482777cfec3	junction_window	102	132	31	0.0	0.16826154531971102	0	False	False	False
orf_43069a6539a44541c975fd804ecf90cdb3e63d21f3a0d1a020dfe9134b9272bc	peptide_12745343cbe2431513f67f949df2911fade4cbdac322f7cdc173a482777cfec3	junction_window	102	132	31	0.0	0.16826154531971102	0	False	False	False
orf_9b1d65e950d9bbdb71df8b2226eefb7c1ecb413b28adb96a2a1b6264495ffdea	peptide_12745343cbe2431513f67f949df2911fade4cbdac322f7cdc173a482777cfec3	junction_window	102	132	31	0.0	0.16826154531971102	0	False	False	False
orf_354ade88fcf022e44efdd1008453f6bf903b0eaa2fbd139c5867284a341134f1	peptide_12745343cbe2431513f67f949df2911fade4cbdac322f7cdc173a482777cfec3	junction_window	102	132	31	0.0	0.16826154531971102	0	False	False	False
orf_1e7efb0508d395466d0f6dc5917d55e3edb13ba8714adcaf58357248a727098e	peptide_344139caecbb91ebedc38d31dc6d21ae9491f43c900a54be6d396baf9e5553ff	junction_window	102	132	31	0.0	0.18469197182886063	0	False	False	False
orf_13801033ba349fafe4a68354f8950830fb65806d7196ae48426cb4bf37b81a22	peptide_12745343cbe2431513f67f949df2911fade4cbdac322f7cdc173a482777cfec3	junction_window	102	132	31	0.0	0.16826154531971102	0	False	False	False
orf_33774b8689cb4169d9d5c569e811cb8b0c5dd1e5e0f852c252b578329475827d	peptide_eaadb81f5c70805626da52cd61e57438d32bf21d9a2d8384477f99624294a992	junction_window	138	158	21	1.0	0.9167577482405163	21	True	True	True
orf_9b52bfe86a98c4d0680be6713b9484b3ea86eac52df4b08a54bd96601aeee3d9	peptide_eaadb81f5c70805626da52cd61e57438d32bf21d9a2d8384477f99624294a992	junction_window	138	158	21	1.0	0.9167577482405163	21	True	True	True
orf_96c6ff77691c5b31324503ef3b35277755a07aacee49c1ce0f805ac283aeb880	peptide_eaadb81f5c70805626da52cd61e57438d32bf21d9a2d8384477f99624294a992	junction_window	138	158	21	1.0	0.9167577482405163	21	True	True	True
orf_3a3719b643b5332d1f688379422ecdc9e467524ae0b29003eab6aa60983114e9	peptide_eaadb81f5c70805626da52cd61e57438d32bf21d9a2d8384477f99624294a992	junction_window	138	158	21	1.0	0.9167577482405163	21	True	True	True
orf_8617bbdb004d5737186e0be52b644948330fbd921a90e8013f53461d0ef2d789	peptide_eaadb81f5c70805626da52cd61e57438d32bf21d9a2d8384477f99624294a992	junction_window	138	158	21	1.0	0.9167577482405163	21	True	True	True
orf_f92033d45e5bdc889fddd384233c1684e351d8dccf49d0492cf31c9fc27195a1	peptide_eaadb81f5c70805626da52cd61e57438d32bf21d9a2d8384477f99624294a992	junction_window	138	158	21	1.0	0.9167577482405163	21	True	True	True
orf_189cd457fef3234253689d60f9a965d60d2e22f644e17cdd95ce43954b433d17	peptide_2add87360b59c5d05baa755fdce15eb60d338d20384a37357db0bbe326096009	junction_window	9	39	31	1.0	0.9563797404689174	31	True	True	True
orf_5ed5e57055783c911920020b4bb32d082d9fce7d766891f0bdd649cf1225ef39	peptide_cf88e914fde7e920bc60427bb16d0451af6b04a869160e47318de2cd0c881f04	junction_window	9	39	31	1.0	0.9574998117262318	31	True	True	True
orf_d110308455b8e3200b2dbfd0ec7533cc1a75bc936bd520d28ea8c91bf921c98a	peptide_2add87360b59c5d05baa755fdce15eb60d338d20384a37357db0bbe326096009	junction_window	9	39	31	1.0	0.9563797404689174	31	True	True	True
orf_9593a5d662f8d285a14341e6190b6ba362c68efc82da52840232fc6af0546eba	peptide_cf88e914fde7e920bc60427bb16d0451af6b04a869160e47318de2cd0c881f04	junction_window	9	39	31	1.0	0.9574998117262318	31	True	True	True
orf_4d2e4e0d451507061c23c7f15165163f946d43735ced8332ef563cbf1269fa9f	peptide_2add87360b59c5d05baa755fdce15eb60d338d20384a37357db0bbe326096009	junction_window	9	39	31	1.0	0.9563797404689174	31	True	True	True
orf_0135b7108d6511491c5012e2ac0efd1ecc51907aea458e2aed0638bf59aa4f51	peptide_cf88e914fde7e920bc60427bb16d0451af6b04a869160e47318de2cd0c881f04	junction_window	9	39	31	1.0	0.9574998117262318	31	True	True	True
orf_4608ea56dcf90863ba7a574f463c9ffb6abe595f384fe1d4f9272740443b28ed	peptide_e5af13d33e889258c3c023a666c476f620d82348973f983e518b9779866522d1	junction_window	5	35	31	0.0	0.05919176724649245	0	False	False	False
orf_05861232c740589364e865dd3e53c279021f0d94384fd3d25799fd1124e6999d	peptide_1bce31ef49449220635ddadc203907308fc7f2ec67e7d48732292471c9bbe3df	junction_window	10	32	23	0.0	0.1509702348190805	0	False	False	False
orf_e05808312495bbaa2ebbd722e5aa9883fd40151150762ab5f1240c625f1210b1	peptide_1bce31ef49449220635ddadc203907308fc7f2ec67e7d48732292471c9bbe3df	junction_window	10	32	23	0.0	0.1509702348190805	0	False	False	False
orf_336fe97da080ac8047ea2064dfb63507d83ce9dc1521428138d3a757e4777d41	peptide_06518bc387ccfd3be991b7ce8522835748deb4643cd98dccca776b3e1dd2d9c1	junction_window	89	119	31	0.0	0.07932698966995362	0	False	False	False
orf_3510566e5839835f0557835a328a1efbb8d17fd3ab084cd5c60aaa68e5b1f86b	peptide_db377c7d3a9026616bfee0cff0333714ba0a86b262b36d79a3f15fae46241c91	junction_window	89	119	31	0.0	0.05914796840760016	0	False	False	False
orf_fd745c84015a15061bdd41b386978df1480c837995ac6501ca660527479c408d	peptide_7196f2379ef2afc723703c0e03e303f38d67b600b730adca2d6532708a2d7bf4	junction_window	89	119	31	0.0	0.05808608618474776	0	False	False	False
orf_af66865687568a12831bcaf63c0badee20cad70d057efc573d652329234d6cb7	peptide_06518bc387ccfd3be991b7ce8522835748deb4643cd98dccca776b3e1dd2d9c1	junction_window	89	119	31	0.0	0.07932698966995362	0	False	False	False
orf_4c2ded88001323295b0702355c5a4d73a8df87a98ea97e21d6c4af77e2b0f9c7	peptide_db377c7d3a9026616bfee0cff0333714ba0a86b262b36d79a3f15fae46241c91	junction_window	89	119	31	0.0	0.05914796840760016	0	False	False	False
orf_a579c151a8b6235c3a071a75297684bdc7d6452b09fa0097e60bed64207cc658	peptide_7196f2379ef2afc723703c0e03e303f38d67b600b730adca2d6532708a2d7bf4	junction_window	89	119	31	0.0	0.05808608618474776	0	False	False	False
orf_7e3e3530b1d8bc56f168a7577e165a22f5a0ceaa00c9b16e3d3cf56ef6d2b216	peptide_319de57327db46169c574e3e03d766160c11791eed0bff2de59bef5570b97a97	junction_window	140	170	31	0.0	0.09222763632574389	0	False	False	False
orf_63320686e8a6c69670923e7ef66375d12c64307605a40664fccf2f643b06ddb8	peptide_558c207f42783b30e5190e4016b2b0146626e7f1370c9f13d1fb075b69e22fb0	junction_window	140	170	31	0.0	0.07209518647963001	0	False	False	False
orf_5f59ad02f5642a7c3bddc0425c4793b2dd9c71b59f1baa695a79d227bbc80945	peptide_7428656ab9a4b6ef9d586205d7c1cbe8f13a8506c7ed86d4096b333215f00b20	junction_window	140	170	31	0.0	0.07012718194915403	0	False	False	False
orf_1a1d6b004a327a3421e2a15d0bcd83c9498386da31aab832732c1eb55a9c37ca	peptide_bbc2f45c39296a9aaa3ba800100e72663162ae08390a550a054bad367a2fc139	junction_window	20	50	31	0.1935483870967742	0.2821113818114804	6	False	False	False
orf_cee8bba217702d1287f0794b1e6a52242665d13169573108a982c265c3aace7a	peptide_2138b9068e3e0c4310d51e2c49d2938f8b195a4a67421c7713adf671057faa19	junction_window	20	50	31	0.12903225806451613	0.21446027726896347	4	False	False	False
orf_4dc6ad0b430643e1bc21bc967055555ce6e53c688d75e9f0f7e597a24bbd9c8c	peptide_47fc51d8b4ad674a009f9c5742c21b1c917e7576d90c01ef9e0e2dd1d906f9de	junction_window	20	50	31	0.12903225806451613	0.23593634318920872	4	False	False	False
orf_002c6fa58e7aba7d6520679ada2bd04a20fa9c7965597a120ace328960571425	peptide_5e0a55ceea7aa5596a1130b2f7a693b8a52acf6bf2ac12e69951ade5c9fb2d52	junction_window	69	98	30	1.0	0.8879515568415324	30	True	True	True
orf_b8d0010503aa7fd4010f4e704ed87d20be3ae52fec88f05c821e3a32a39b8afd	peptide_5e0a55ceea7aa5596a1130b2f7a693b8a52acf6bf2ac12e69951ade5c9fb2d52	junction_window	69	98	30	1.0	0.8879515568415324	30	True	True	True
orf_98ad79984f725bea1cc5abafbde21b404036c25da9ebe5110daa26d482833362	peptide_5e0a55ceea7aa5596a1130b2f7a693b8a52acf6bf2ac12e69951ade5c9fb2d52	junction_window	69	98	30	1.0	0.8879515568415324	30	True	True	True
orf_76814e6799b4dfd321ee6b7a18ab4af6a52836382474247772ee75bfb2ef8740	peptide_5e0a55ceea7aa5596a1130b2f7a693b8a52acf6bf2ac12e69951ade5c9fb2d52	junction_window	69	98	30	1.0	0.8879515568415324	30	True	True	True
orf_7d6d35f9b65f5eb147c5a6d1cc1d043b2eb7a4bc0fb5ab3df29ecc5d31a7aa33	peptide_5e0a55ceea7aa5596a1130b2f7a693b8a52acf6bf2ac12e69951ade5c9fb2d52	junction_window	69	98	30	1.0	0.8879515568415324	30	True	True	True
orf_1abcae930cc7f85ebd68589b939b9473f692e290cd0f0ff7ca310dd3f904c667	peptide_5e0a55ceea7aa5596a1130b2f7a693b8a52acf6bf2ac12e69951ade5c9fb2d52	junction_window	69	98	30	1.0	0.8879515568415324	30	True	True	True
orf_a249a259eeec76bbb846785e1bb3bbcc2decbe8b1587eabc0cc6a425d10fabbd	peptide_9cdb44bee5cfb950ceb681f58e9b980aa86b1a24eba968a18e738743ad144b62	junction_window	46	74	29	0.0	0.12992688139964795	0	False	False	False
orf_c142b72c498a28f812078fc264afcbf3bdd4aaec49cf741aa7a6315e6292e29c	peptide_9cdb44bee5cfb950ceb681f58e9b980aa86b1a24eba968a18e738743ad144b62	junction_window	46	74	29	0.0	0.12992688139964795	0	False	False	False
orf_316546553b92c707c0d4e5426e2192e942f93147f7cc827a3f5a8826c766ce33	peptide_9cdb44bee5cfb950ceb681f58e9b980aa86b1a24eba968a18e738743ad144b62	junction_window	46	74	29	0.0	0.12992688139964795	0	False	False	False
orf_35b967ff8c5a833bf78e23545b8e042dc1c56981574f40c167cca91c50df5d9a	peptide_1dc6aeda50a5e497a2f5951ecc5210d7d2e68c1a6ea22fa070ab227803ad98df	junction_window	5	34	30	0.5	0.5119462057948112	15	False	True	False
orf_435b528d0def3b30d3e7226deecd63dcf9332aedce68e7def9405d97dc40c10e	peptide_1dc6aeda50a5e497a2f5951ecc5210d7d2e68c1a6ea22fa070ab227803ad98df	junction_window	5	34	30	0.5	0.5119462057948112	15	False	True	False
orf_7098ca13158dab0dc51852add1d04a457d01e0e4a2628a60fdd64799ff9cc8c1	peptide_ddd4cd153f6619b54c5711ed15b99bcbda63e0216ad10154b681f2ff63d4678c	junction_window	5	34	30	0.5	0.5188828319311142	15	False	True	False
orf_1c5293c39fc8a381b4f534c1906a90c7aee244ab46948ca91fccf4d92e6d0524	peptide_1dc6aeda50a5e497a2f5951ecc5210d7d2e68c1a6ea22fa070ab227803ad98df	junction_window	5	34	30	0.5	0.5119462057948112	15	False	True	False
orf_f53cc5fb9acdd00a38804c39af1f840e97e8ccd6808a89b993563a9718e4c9a5	peptide_dba94fe4564b656dcb4c88ed9c0af05dfe78a7d6ea0ef18b1c71b29fe58fa0d9	junction_window	64	93	30	0.0	0.13589082807302474	0	False	False	False
orf_fdc241ba9fad2dae5ceb4956d19962df9769e5ae9bfe1aedc0af36b086abe21b	peptide_dba94fe4564b656dcb4c88ed9c0af05dfe78a7d6ea0ef18b1c71b29fe58fa0d9	junction_window	64	93	30	0.0	0.13589082807302474	0	False	False	False
orf_6709581ea595bf7bd3d3300ed5716539003ecb7ae0f1f0f78953906e680ea91d	peptide_dba94fe4564b656dcb4c88ed9c0af05dfe78a7d6ea0ef18b1c71b29fe58fa0d9	junction_window	64	93	30	0.0	0.13589082807302474	0	False	False	False
orf_4b0dbcd3a4d30b1cb6f67fe5aa6b6ea96f4bb04d15a68df310489b951a3f16b1	peptide_204ed537f56ceb775af18238d6211e9820a946ab60919dfc9088e0f6179859b9	junction_window	1121	1144	24	0.4583333333333333	0.4618543051183224	11	False	True	False
orf_e8053fa7db18759af3c4f8232acaeac5b6970ae5580c71ec7bc5db14eb2731c6	peptide_204ed537f56ceb775af18238d6211e9820a946ab60919dfc9088e0f6179859b9	junction_window	1121	1144	24	0.4583333333333333	0.4618543051183224	11	False	True	False
orf_98a90186cc2006b5379e81490274327b63f76528f7f79cd7d3dec36920320bbd	peptide_204ed537f56ceb775af18238d6211e9820a946ab60919dfc9088e0f6179859b9	junction_window	1121	1144	24	0.4583333333333333	0.4618543051183224	11	False	True	False
orf_db96856f58655357cbddfe75665d3d3a1c694286d08ea0db160c92645e4d2e44	peptide_0c490e72ecae44550e53ca74fe76b911e1331a1d12589a18ae2832bd120927f3	junction_window	16	46	31	1.0	0.9340232033883372	31	True	True	True
orf_7d125d0b3d2715f5b14ab5b13c847993ae05506fd04a090449bc5c60931d7dcb	peptide_0c490e72ecae44550e53ca74fe76b911e1331a1d12589a18ae2832bd120927f3	junction_window	16	46	31	1.0	0.9340232033883372	31	True	True	True
orf_28e53c11d614f69232cde4dd5f58793506ff16a3fe0110aa4e61bbd98f777b4f	peptide_0c490e72ecae44550e53ca74fe76b911e1331a1d12589a18ae2832bd120927f3	junction_window	16	46	31	1.0	0.9340232033883372	31	True	True	True
orf_a84f5f36220b914ddadc134d84542fdc0394c484a6133687451177190036c07d	peptide_0c490e72ecae44550e53ca74fe76b911e1331a1d12589a18ae2832bd120927f3	junction_window	16	46	31	1.0	0.9340232033883372	31	True	True	True
orf_b8914623b67c5331b1db05b2f386627f8488c9baad3a8dd5662072dcc710142f	peptide_f0d37395734f61dc7792a5acf6ad495d9a1058302b01d4fa1338af9f49112dac	junction_window	58	88	31	1.0	0.9320744429865191	31	True	True	True
orf_caadab2eaedf49c2899e37cad6a0619e8eee56fc0c4a6ed751837e860001e725	peptide_f0d37395734f61dc7792a5acf6ad495d9a1058302b01d4fa1338af9f49112dac	junction_window	58	88	31	1.0	0.9320744429865191	31	True	True	True
orf_be6a40457a264c7ab10ebab041f3ba0d0d59e5255dbb64684d3c54906853e98e	peptide_f0d37395734f61dc7792a5acf6ad495d9a1058302b01d4fa1338af9f49112dac	junction_window	58	88	31	1.0	0.9320744429865191	31	True	True	True
orf_ff00d8c9fac5e982c7073224c52618c1fb3298aec77c513da830b802124388df	peptide_f0d37395734f61dc7792a5acf6ad495d9a1058302b01d4fa1338af9f49112dac	junction_window	58	88	31	1.0	0.9320744429865191	31	True	True	True
orf_3c29d551f55dbafcb631a71071b9c66d54b33c9172454adac569d549df80cc27	peptide_7c620433a33c479bd09812150c15d2e0accd796c3cd40b057543080302fe009b	junction_window	30	46	17	1.0	0.7267971564741695	17	True	True	True
orf_5db57966829e41166fc52b9052035fe2d9edddf5ec48700f578370f6982d3ce5	peptide_7c620433a33c479bd09812150c15d2e0accd796c3cd40b057543080302fe009b	junction_window	30	46	17	1.0	0.7267971564741695	17	True	True	True
orf_1923b0fa6a2ab57ccb80947f8955340896257ed7ebe3d4c79035fe16fcb36192	peptide_37ced88ed5be8c8a074c1ff82f0875d9fae0fade8abab4cb6efe0f2fcbb73097	junction_window	18	48	31	0.0	0.12806062496477558	0	False	False	False
orf_de73eaa968730185da95193fbd6420141c9b17b36fff1130a430f1d1dff047e7	peptide_37ced88ed5be8c8a074c1ff82f0875d9fae0fade8abab4cb6efe0f2fcbb73097	junction_window	18	48	31	0.0	0.12806062496477558	0	False	False	False
orf_7bd268c620679fe18793e33067f55aec9681c2b2cea44e06a2e08a93ed7de6df	peptide_37ced88ed5be8c8a074c1ff82f0875d9fae0fade8abab4cb6efe0f2fcbb73097	junction_window	18	48	31	0.0	0.12806062496477558	0	False	False	False
orf_f287c07290abab4967cd9375ccbd7e5ac4c79b8f6908b459aa065b3d36b76b10	peptide_37ced88ed5be8c8a074c1ff82f0875d9fae0fade8abab4cb6efe0f2fcbb73097	junction_window	18	48	31	0.0	0.12806062496477558	0	False	False	False
orf_d0e4953c630c612bf4a379e99c3596f3b8e575d5d373b168edd44e4f398757b3	peptide_fa6506540deb5226f196b5e2c3dc3fd6a10972fec505231d4d43a33b7e157c2a	junction_window	170	200	31	1.0	0.9853672135260797	31	True	True	True
orf_3b8891dd2920d50e67fc79ca136b46ee2b1c98af810041eb7f75f8bfc279b06b	peptide_fa6506540deb5226f196b5e2c3dc3fd6a10972fec505231d4d43a33b7e157c2a	junction_window	170	200	31	1.0	0.9853672135260797	31	True	True	True
orf_11da3b22ddd8cdf431c6b23c4158dd895d72cf9c708ea9c545f1dae058ef6333	peptide_dd7c67c48b8513a5d2fb9cdfa8fc9e1c4bdc2c4184b06ef715954b7c4d66e566	junction_window	170	200	31	1.0	0.9471730301457066	31	True	True	True
orf_c42b6392e33e438f5080d0913a03a7fad7278b281392ab43dfea6b67c7af5183	peptide_3330637c06dd88a8e1161a3b66396a58fa97dad6e8626bde1493ffe2d727812b	junction_window	170	200	31	1.0	0.9346430186302431	31	True	True	True
orf_3322b66cca49066f891cd104202a71b386ed3e550088ad62cf5124ce68c5d6f0	peptide_fa6506540deb5226f196b5e2c3dc3fd6a10972fec505231d4d43a33b7e157c2a	junction_window	170	200	31	1.0	0.9853672135260797	31	True	True	True
orf_dc14a67489252a113e53f0753bf3117e98b664a36906419aa62301857d91d9e0	peptide_943a44d804f94e54bf2d98cb10a55b9c7b86d0d2e468bb94b83b42c794cd9ccf	junction_window	101	131	31	1.0	0.9838968476941509	31	True	True	True
orf_4d505a3300d343da63427022878f0bc1f9cfb650fb9129668b2bfeb87a786070	peptide_943a44d804f94e54bf2d98cb10a55b9c7b86d0d2e468bb94b83b42c794cd9ccf	junction_window	101	131	31	1.0	0.9838968476941509	31	True	True	True
orf_745e13095101e29c877072c1479e907ca6d98654e1563fe36fa46914def6a1a5	peptide_2fd568c243ae5fc146a0c3231fbaef7e40cf01dbf9a2cc5cea6ca2f10c9a8f54	junction_window	101	131	31	1.0	0.9404192278462071	31	True	True	True
orf_447c67aa9def82c4f6367dee42d61cc228f91c32786aa185f6751413345f27e9	peptide_3fe112080cd703f5864a72a00c8693231209bfbbe44887998c4bb81b1ea3b440	junction_window	101	131	31	1.0	0.9222262867035405	31	True	True	True
orf_15e10ef851ae59a2a288951aa4bc636ef64e20b0e6466ef828bb64c9db98259e	peptide_943a44d804f94e54bf2d98cb10a55b9c7b86d0d2e468bb94b83b42c794cd9ccf	junction_window	101	131	31	1.0	0.9838968476941509	31	True	True	True
orf_899094205ef85ab4adc29b9f6dfb82c718be2dd50b5400648e7324c51d99d800	peptide_943a44d804f94e54bf2d98cb10a55b9c7b86d0d2e468bb94b83b42c794cd9ccf	junction_window	101	131	31	1.0	0.9838968476941509	31	True	True	True
orf_47b62697443768e634f177800a1fe0e98abfbac124510263a8a05d4a910077c9	peptide_943a44d804f94e54bf2d98cb10a55b9c7b86d0d2e468bb94b83b42c794cd9ccf	junction_window	101	131	31	1.0	0.9838968476941509	31	True	True	True
orf_92f9672c81ba0eb92441c40c56e1f16e61af25ea6dc594790a9bc3843a374230	peptide_2fd568c243ae5fc146a0c3231fbaef7e40cf01dbf9a2cc5cea6ca2f10c9a8f54	junction_window	101	131	31	1.0	0.9404192278462071	31	True	True	True
orf_f25d96e6ae450d4831bd6f466edee8c41a07f05bbf4eeed9c5b8df5a5fcc99b4	peptide_3fe112080cd703f5864a72a00c8693231209bfbbe44887998c4bb81b1ea3b440	junction_window	101	131	31	1.0	0.9222262867035405	31	True	True	True
orf_619032b87e306cf669e77fe1386ae88322cef6b085bdbfb73da3987f0949dbd5	peptide_943a44d804f94e54bf2d98cb10a55b9c7b86d0d2e468bb94b83b42c794cd9ccf	junction_window	101	131	31	1.0	0.9838968476941509	31	True	True	True
orf_d52f45cc627e193f55e1e34ee9d04637d8132b9d8212b39edd09c5e080c82e86	peptide_943a44d804f94e54bf2d98cb10a55b9c7b86d0d2e468bb94b83b42c794cd9ccf	junction_window	101	131	31	1.0	0.9838968476941509	31	True	True	True
orf_a284402936a304997cabe2a060173217e3d8f1dcf799e257cc978545e8a72910	peptide_943a44d804f94e54bf2d98cb10a55b9c7b86d0d2e468bb94b83b42c794cd9ccf	junction_window	101	131	31	1.0	0.9838968476941509	31	True	True	True
orf_a5a4d9669b379d18f26442b9f9f1efe67877ca5b19d9ada8ee6c01f8d3651ec4	peptide_2fd568c243ae5fc146a0c3231fbaef7e40cf01dbf9a2cc5cea6ca2f10c9a8f54	junction_window	101	131	31	1.0	0.9404192278462071	31	True	True	True
orf_d42aab33934622a06e40afaa3f8c4ed6a25b1ca892ec428f54a161cd260fa0c3	peptide_3fe112080cd703f5864a72a00c8693231209bfbbe44887998c4bb81b1ea3b440	junction_window	101	131	31	1.0	0.9222262867035405	31	True	True	True
orf_a54bf513cd20549ff19e2127d32393edb6a3cc45a5533c3221788294f9365c42	peptide_943a44d804f94e54bf2d98cb10a55b9c7b86d0d2e468bb94b83b42c794cd9ccf	junction_window	101	131	31	1.0	0.9838968476941509	31	True	True	True
orf_bd5181dbea32ac3ffc7acadb8b6495c2511c8f0774ca13a509e0b0d467d823fe	peptide_943a44d804f94e54bf2d98cb10a55b9c7b86d0d2e468bb94b83b42c794cd9ccf	junction_window	101	131	31	1.0	0.9838968476941509	31	True	True	True
orf_5af8c76581939d846814bf8187cf350de7e0ad71b9309c80d7fe04461710dba3	peptide_943a44d804f94e54bf2d98cb10a55b9c7b86d0d2e468bb94b83b42c794cd9ccf	junction_window	101	131	31	1.0	0.9838968476941509	31	True	True	True
orf_e51ad483566291b1d3807e12cd3cb5fa2db9e6f4b314df6208bd885563031334	peptide_2fd568c243ae5fc146a0c3231fbaef7e40cf01dbf9a2cc5cea6ca2f10c9a8f54	junction_window	101	131	31	1.0	0.9404192278462071	31	True	True	True
orf_17cf01ec5656b9d9b105297986ff4ed3a764f6085e9a4b2609c1b7e45a29b919	peptide_3fe112080cd703f5864a72a00c8693231209bfbbe44887998c4bb81b1ea3b440	junction_window	101	131	31	1.0	0.9222262867035405	31	True	True	True
orf_14ed18f0bc312cf9733f51bac092043a80a3501df64698f45afe39ff5c22b1a0	peptide_943a44d804f94e54bf2d98cb10a55b9c7b86d0d2e468bb94b83b42c794cd9ccf	junction_window	101	131	31	1.0	0.9838968476941509	31	True	True	True
orf_63fd81124e3d6f38257763277626122e4f26e92d34035402f4126db8a60ca16e	peptide_4d1e29a48689d0211f48794e07c63a0323e19504cc539691619c0ba0dc364723	junction_window	244	273	30	0.0	0.0654062752922376	0	False	False	False
orf_e1cf9f35b357b4e8c98f07ff4bbae1816b8e3d2c81910e15759509319c497688	peptide_4d1e29a48689d0211f48794e07c63a0323e19504cc539691619c0ba0dc364723	junction_window	244	273	30	0.0	0.0654062752922376	0	False	False	False
orf_5d6f10b20b434556b4a7f5c25d61df3d87a2242637ba8e7298ceb9f1c1c4e96f	peptide_4d1e29a48689d0211f48794e07c63a0323e19504cc539691619c0ba0dc364723	junction_window	244	273	30	0.0	0.0654062752922376	0	False	False	False
orf_eb5515e16adad0afdcefafaf39ec44c9cd6573b44543550825fda7cb4ae2fcb3	peptide_4d1e29a48689d0211f48794e07c63a0323e19504cc539691619c0ba0dc364723	junction_window	244	273	30	0.0	0.0654062752922376	0	False	False	False
orf_76b9876d7b802ae5ca8a3f523917d30154e862c300071679a575ae2479fb7615	peptide_4d1e29a48689d0211f48794e07c63a0323e19504cc539691619c0ba0dc364723	junction_window	244	273	30	0.0	0.0654062752922376	0	False	False	False
orf_44f840a1bc045fa317d217ab542c03f373d11a41ae798aa6f4b799777b8b42b2	peptide_4d1e29a48689d0211f48794e07c63a0323e19504cc539691619c0ba0dc364723	junction_window	244	273	30	0.0	0.0654062752922376	0	False	False	False
orf_062c8536836df20af219cb8b5e9acf70930c7fede1cc8ccaf2f4fbd38948fa79	peptide_2f48fe9d24692c4c2f3fdc9e40a42a86d295d828cc45bb4e18a09e986843283f	junction_window	241	270	30	0.0	0.04734396636486053	0	False	False	False
orf_ddacbb913b3a9b1ee133a4eb6a0e9a5069a88f81749b8729e76529c52716ae03	peptide_2f48fe9d24692c4c2f3fdc9e40a42a86d295d828cc45bb4e18a09e986843283f	junction_window	241	270	30	0.0	0.04734396636486053	0	False	False	False
orf_0b645b4aad7f79cdb4016da11c5075b2412bb393340c20535004714a3cda35cb	peptide_2f48fe9d24692c4c2f3fdc9e40a42a86d295d828cc45bb4e18a09e986843283f	junction_window	241	270	30	0.0	0.04734396636486053	0	False	False	False
orf_411b7f70372cdbd78d806761dcdd30f147f33c277bf61a1f9ed93b33d0e13b2c	peptide_4d1e29a48689d0211f48794e07c63a0323e19504cc539691619c0ba0dc364723	junction_window	244	273	30	0.0	0.0654062752922376	0	False	False	False
orf_1c893bb65d6ea6ed202e8367c9ca402813fdea7dfdeacecf156f35d094a86fab	peptide_4d1e29a48689d0211f48794e07c63a0323e19504cc539691619c0ba0dc364723	junction_window	244	273	30	0.0	0.0654062752922376	0	False	False	False
orf_1b1661ae989e9d5a1693fceaeeebbaff694729f9b5df6ed1f892d0ca18803a2c	peptide_4d1e29a48689d0211f48794e07c63a0323e19504cc539691619c0ba0dc364723	junction_window	244	273	30	0.0	0.0654062752922376	0	False	False	False
orf_7a24b59507deaf1c5e3402ee891afab31ce21fb789451c2c8b8b0b9910c33df6	peptide_6ae36d8a89ac3ac04b43b02983f3cb8994037ee6cadc0be1d50523eaca3430e4	junction_window	129	159	31	0.06451612903225806	0.21744220102986983	2	False	False	False
orf_3d658316382ec287954d12996f053abb761291397b714fa8181a28ac27eb9cd9	peptide_941a6aaa0baa0c154a997e323bb1854d5a7c68dff56aa42048153300cd054f46	junction_window	129	159	31	0.1935483870967742	0.286813463414869	6	False	False	False
orf_d4c9b90539260aea4a9de931f9ea685b6aef2eaa5f744277f610954995f73573	peptide_6fb675ee937bd6012483d68e055c6066fe96784a8fb6fbac7c2a40238065d2e1	junction_window	129	159	31	0.03225806451612903	0.23216440744938388	1	False	False	False
orf_593cc807a3709c11bc18eb04f6c8764749063c47ddfd803537b6c6681ee47365	peptide_a770a3d08a3c20be0ee4337c7f52e7cc1544867922827d0624e6380bf3fea14c	junction_window	129	159	31	0.03225806451612903	0.20135655710774084	1	False	False	False
orf_c1a409e9ff260da266278a56d5d955912e6d037910d08a1ed9a683956ec83adb	peptide_6ae36d8a89ac3ac04b43b02983f3cb8994037ee6cadc0be1d50523eaca3430e4	junction_window	129	159	31	0.06451612903225806	0.21744220102986983	2	False	False	False
orf_516be9a4bf8a7f475b2becc2bd1c0fa662efe2c33e75f2aba1e150b11ed138d4	peptide_941a6aaa0baa0c154a997e323bb1854d5a7c68dff56aa42048153300cd054f46	junction_window	129	159	31	0.1935483870967742	0.286813463414869	6	False	False	False
orf_700bdc1d1a0186fbbc4fb001060769a8c4dde1f78857527aec9e3f8cc53368d4	peptide_6fb675ee937bd6012483d68e055c6066fe96784a8fb6fbac7c2a40238065d2e1	junction_window	129	159	31	0.03225806451612903	0.23216440744938388	1	False	False	False
orf_927b6453276ef280dee2d2b198f143ff3887fabb01760909c7a59020b8f043ce	peptide_a770a3d08a3c20be0ee4337c7f52e7cc1544867922827d0624e6380bf3fea14c	junction_window	129	159	31	0.03225806451612903	0.20135655710774084	1	False	False	False
orf_582732d36f26eedec7223580218f9241d9b573b4466f8185e258facd7e888a5c	peptide_279701eeae3508894ecda791240e0f757558d2bafab5b71e12e4d38b4e71b14b	junction_window	29	59	31	0.03225806451612903	0.2451571875041531	1	False	False	False
orf_13fa9de098446cd0b1da5bdaa90464b59b27ad42ab8034bf8a2d4ca9db827ff9	peptide_031f87d03d93806fb6598bc5acfc051372dffe27f323210698bb511e6bbec75f	junction_window	29	59	31	1.0	0.6785360747768033	31	True	True	True
orf_fee0e726e214769ee7c18d396f5396a91d7c87a209b716e6953348f79c507f0f	peptide_39c80d227d1b6b4e946adce4be85cef588e0b03a059216ffe8e45cd70776a3f8	junction_window	29	59	31	0.3225806451612903	0.37370270346441575	10	False	False	False
orf_d083151a70f05b6994d4012ac7b21b4e2ef6a89f1c86fa88ba64c99b2e17c57b	peptide_4b2f98c509cb29c5b53a91dc288beb0f4663e51e40260899718df2cb4b118fbb	junction_window	29	59	31	0.16129032258064516	0.31757477598805584	5	False	False	False
orf_27ba0e253160652e6df41bc113a17e84575ba99d2c0e9620b32b4bd4b963bad5	peptide_06a47ea8fb14decf2e1f83ce3d7b3bc9900a29ed89cc722332a43a369472b176	junction_window	267	297	31	0.0	0.04596297923595675	0	False	False	False
orf_615a3cbea9c444fa85b9d849ac9bdcbaee1bca9303912125cb99333f2ec6979c	peptide_433070179775f2a51f11608ee7cdba082ebe9d602b558890f9ff511c537698ac	junction_window	309	339	31	0.0	0.054831892732651	0	False	False	False
orf_d997340860df1fa0c8d4076ccb52c6a4c7da56b0cc31061feb4c5931b73b5c46	peptide_2f5ccec75975e3c6f577920bce8d2353c43c2083ced5a445cd4306874aa49f96	junction_window	27	44	18	0.0	0.19657832963599098	0	False	False	False
orf_58ea285c7263c342287ea61733b0777f81c58bf5d796df1cb5072b636e8b65d5	peptide_2f5ccec75975e3c6f577920bce8d2353c43c2083ced5a445cd4306874aa49f96	junction_window	27	44	18	0.0	0.19657832963599098	0	False	False	False
orf_fd69839cf533d356c5cb9ec26a0d09010aeaa70db6c934cab581f8d9d973d916	peptide_2f5ccec75975e3c6f577920bce8d2353c43c2083ced5a445cd4306874aa49f96	junction_window	27	44	18	0.0	0.19657832963599098	0	False	False	False
orf_51b51404182da8b2f20b1f2c3ca9a838d6a0beef75a1b9278e69212b38d8dddd	peptide_70b1ed4ba81a68375cfb42e68d1af3b9cf1105b34faaa49a883b93a8bfa81b6c	junction_window	21	51	31	0.0	0.09909583580109381	0	False	False	False
orf_a569e9d3bd25cdb8642b8ae5f6e5bcb6af4dee35612a5eddff03aaf27fd947e1	peptide_19394e5c359c5a82b8cb1bd0ed1fa1b68fb38f6139c5c1acdf5b19900a03299a	junction_window	21	51	31	0.0	0.14692627326134713	0	False	False	False
orf_5f384acce3ab13cc4e399c7e7488f5c6ff675d755fa3badc3669dcde5de72bef	peptide_70b1ed4ba81a68375cfb42e68d1af3b9cf1105b34faaa49a883b93a8bfa81b6c	junction_window	21	51	31	0.0	0.09909583580109381	0	False	False	False
orf_de247820cd00aa4d4b3e5f268d690dc8beb6d7bbd474ebf72b80d1ba6d6b6d18	peptide_19394e5c359c5a82b8cb1bd0ed1fa1b68fb38f6139c5c1acdf5b19900a03299a	junction_window	21	51	31	0.0	0.14692627326134713	0	False	False	False
orf_1f6052678f4847299544c3da7c1bc96efe75ce7d56372ac4b2ae9194d60664fc	peptide_1148a09617eba2312e87a99c5e199bf30521982cb6c30cc7354ca5f31aa604ee	junction_window	545	574	30	0.0	0.05969295303026835	0	False	False	False
orf_731b2cdf4e63fe7eb75920d4c854a3e186898422f70b51cc4ee585f64f1b1937	peptide_4dbf9f2439301397cc62c56355584e851ad5440d0237c220366059cbd2a7e107	junction_window	56	86	31	0.0	0.10360524923570695	0	False	False	False
orf_9e446696b83b20cf02b3d2df623891f726b8fc366a197a4677fb9209ee5a3350	peptide_f7b68fea961e6f0194842633b1fdb2a31f6c14e63114270cc1767153d4d2780d	junction_window	58	88	31	0.0	0.13915158375616996	0	False	False	False
orf_beffc7f081fdac9d12edb55e2322e917025f1573703ca8d912d4ab246878c199	peptide_f24d6b7fa37dddf47c2a5a41244495275ae838ba9d20379f92b7e8df069983ac	junction_window	133	162	30	0.0	0.04426730672518412	0	False	False	False
orf_5c1dbf0aff49a471bd00ef26798bb06e17e9f3a96f640913b7987e89544aae74	peptide_f24d6b7fa37dddf47c2a5a41244495275ae838ba9d20379f92b7e8df069983ac	junction_window	133	162	30	0.0	0.04426730672518412	0	False	False	False
orf_3055459db4c5141e066188252e9db726efded8d404940fa92933915c89937a60	peptide_f24d6b7fa37dddf47c2a5a41244495275ae838ba9d20379f92b7e8df069983ac	junction_window	133	162	30	0.0	0.04426730672518412	0	False	False	False
orf_5874bd2bcac4e1ed47d4c5d20547566f893530ccb25f5d26bd411099188ae40e	peptide_f24d6b7fa37dddf47c2a5a41244495275ae838ba9d20379f92b7e8df069983ac	junction_window	133	162	30	0.0	0.04426730672518412	0	False	False	False
orf_9af64288b9fceb00f7c41e8a89de185b55b9e7e932b085c4fc8fb6fceeef1651	peptide_f24d6b7fa37dddf47c2a5a41244495275ae838ba9d20379f92b7e8df069983ac	junction_window	133	162	30	0.0	0.04426730672518412	0	False	False	False
orf_17a57a385754ae90b24163d84be8ccaef991366f2bcc435a67aeb135eb43a41b	peptide_953ba92bc1f4c477e39df8169492d7ef48e7bbc46569bb4073b795e64edbb4ee	junction_window	133	162	30	0.0	0.04894863416751226	0	False	False	False
orf_ba4881015a749e4fefe972b1f5b1520594c057ddc248489d62962e260ce3dcdf	peptide_b537f99b45ff96dfbe025055a4ef53a4d336495d89f7355a3e01399abae3638e	junction_window	511	540	30	0.0	0.13214578628540039	0	False	False	False
orf_561a3e2dd391db3125a7bc1fed3de627cc9321ae7a5d20126425e90c9f4173ce	peptide_94aa7d8429095a2d18c299c1632f8bb7095fbd800ffddb34c2611bcfc8fdeac7	junction_window	48	77	30	0.0	0.08101830681165059	0	False	False	False
orf_2c6cee74545416344906a9d2affe268a41fb0995bef02d2b46c9c3bca29055c0	peptide_df44b28c7c8070fa139d1324a6441969ed0e1e1c84e0b535e304ae32a32b021d	junction_window	48	77	30	0.0	0.09092193891604741	0	False	False	False
orf_73d213201c13198ccdba01f0c49e3fc6eadce3315b35de3ca6f67495996bcb8b	peptide_dcf65a11538f918eae65b31adc4bb6b591a7c882dd13c3d3721b01693cb43f84	junction_window	5	35	31	1.0	0.8942902011256064	31	True	True	True
orf_bf615a622151ab170c5210863047419cb50ae25b370f261be19337888ff4212e	peptide_dcf65a11538f918eae65b31adc4bb6b591a7c882dd13c3d3721b01693cb43f84	junction_window	5	35	31	1.0	0.8942902011256064	31	True	True	True
orf_8cde095df6ad2156c31b5e4f74d02938faaf2b7dfb67ac3b59de8a28bcc3b089	peptide_dcf65a11538f918eae65b31adc4bb6b591a7c882dd13c3d3721b01693cb43f84	junction_window	5	35	31	1.0	0.8942902011256064	31	True	True	True
orf_85fed8d5301daf3e0dd7e3aa381e0b4f33b0bc41712f00bfcd6f8c9b06e99392	peptide_dcf65a11538f918eae65b31adc4bb6b591a7c882dd13c3d3721b01693cb43f84	junction_window	5	35	31	1.0	0.8942902011256064	31	True	True	True
orf_67fe97b6335176670b7318059f9a282187a975da99257279cde1afae1de06503	peptide_dcf65a11538f918eae65b31adc4bb6b591a7c882dd13c3d3721b01693cb43f84	junction_window	5	35	31	1.0	0.8942902011256064	31	True	True	True
orf_b598f487349d72cdb4a1482cd17ae7ce7429a51782d2d7af7cad24d338d5634e	peptide_dcf65a11538f918eae65b31adc4bb6b591a7c882dd13c3d3721b01693cb43f84	junction_window	5	35	31	1.0	0.8942902011256064	31	True	True	True
orf_ebea3836e354a1301838ba9cc7e74cf65ed4ff9e2c41c57fba5009b8191440f2	peptide_dcf65a11538f918eae65b31adc4bb6b591a7c882dd13c3d3721b01693cb43f84	junction_window	5	35	31	1.0	0.8942902011256064	31	True	True	True
orf_d37606de73ae1baf6a81c864bce44c67d5f7e420a0493bab02a5217a940ca84c	peptide_dcf65a11538f918eae65b31adc4bb6b591a7c882dd13c3d3721b01693cb43f84	junction_window	5	35	31	1.0	0.8942902011256064	31	True	True	True
orf_7cbb212d1bfb853644e5e3490948cbc00ea44ff7b55e98ba4203c11d57888ed6	peptide_62ff9581d94f4b438a37a895b57e53a37f32598f2937bee77211e2616ff4c39f	junction_window	1330	1360	31	0.2903225806451613	0.3514842895730849	9	False	False	False
orf_6f7e52b0958e202617510c3b64cda37d97ba9f7025e3548b89ef445ae9d911eb	peptide_62ff9581d94f4b438a37a895b57e53a37f32598f2937bee77211e2616ff4c39f	junction_window	1330	1360	31	0.2903225806451613	0.3514842895730849	9	False	False	False
orf_bffd2aabb86fa9861e43dbca1369acc80d90eba76f2960e591b01f9755ba7aea	peptide_62ff9581d94f4b438a37a895b57e53a37f32598f2937bee77211e2616ff4c39f	junction_window	1330	1360	31	0.2903225806451613	0.3514842895730849	9	False	False	False
orf_6823ccd2ed292fbb3781067d20d963e917209c306f2061fccf595e2f44718da2	peptide_684ae47e8b38547516ae9fae92459e8f41b885d9330c57b50f31ae7e197157bc	junction_window	1329	1359	31	0.2903225806451613	0.3513457630911181	9	False	False	False
orf_3ac3a4703a1c5efdad464fdd93ed07f9d4b522a63619aba8e35fb0007a0b818a	peptide_684ae47e8b38547516ae9fae92459e8f41b885d9330c57b50f31ae7e197157bc	junction_window	1329	1359	31	0.2903225806451613	0.3513457630911181	9	False	False	False
orf_2fc09901f8b3f667a50115712c763dc7c1ed353410c13bff10bab6afeb3ed2ed	peptide_684ae47e8b38547516ae9fae92459e8f41b885d9330c57b50f31ae7e197157bc	junction_window	1329	1359	31	0.2903225806451613	0.3513457630911181	9	False	False	False
orf_d3a084851f0400893bca198c70d584d289891cde177d749fa3ea4935a290a3d4	peptide_62ff9581d94f4b438a37a895b57e53a37f32598f2937bee77211e2616ff4c39f	junction_window	1330	1360	31	0.2903225806451613	0.3514842895730849	9	False	False	False
orf_d51cebf0fb32b6ed8b5d37da0fbdfc0af76e0b0691fc96d02271adce11276b27	peptide_62ff9581d94f4b438a37a895b57e53a37f32598f2937bee77211e2616ff4c39f	junction_window	1330	1360	31	0.2903225806451613	0.3514842895730849	9	False	False	False
orf_d47a745f79f2b194d2582c34cb029314bfe764b81b45f217cdf657a508ed9f35	peptide_62ff9581d94f4b438a37a895b57e53a37f32598f2937bee77211e2616ff4c39f	junction_window	1330	1360	31	0.2903225806451613	0.3514842895730849	9	False	False	False
orf_6d8440676ddf9eb00500de546f907184c8a43dfd90fc646e427ed7e1359fc44c	peptide_c1948a8a77f5ea08c4d36a01e0245baa0c8132908e8bbe8e9ad8f218c1c8b54f	junction_window	156	186	31	0.0	0.02483673874408968	0	False	False	False
orf_10b3547164462a233d07425511df5dd3c195f69a6ceff554cccc4788e08003da	peptide_7df335ea49a94c8f5c9e1f78714ff1b12179161c2dcda1c47dc2059434ec5453	junction_window	156	186	31	0.0	0.02582427570896764	0	False	False	False
orf_bda1dfe1f23cd5c0853c0ef97348f10b9813b033b0161c19d447365d9693f772	peptide_5fd8a3582535ef3ad429d94d60715365c727b6e884f71ce641a7e729a3149cfd	junction_window	97	127	31	0.0	0.06418809006291051	0	False	False	False
orf_4112be6b4ec44d99ddfbc802aed673ddfe2f678ee81bf49c7884fc36a7a54c45	peptide_5fd8a3582535ef3ad429d94d60715365c727b6e884f71ce641a7e729a3149cfd	junction_window	97	127	31	0.0	0.06418809006291051	0	False	False	False
orf_42af64330008b050a82bca61eec0217df26e6d9f8677d80b48846d2c23e98c2d	peptide_5fd8a3582535ef3ad429d94d60715365c727b6e884f71ce641a7e729a3149cfd	junction_window	97	127	31	0.0	0.06418809006291051	0	False	False	False
orf_3a70c42e8329f0fddce1df54e959661e678a53dd356c39c411d30d36ac8a671b	peptide_5fd8a3582535ef3ad429d94d60715365c727b6e884f71ce641a7e729a3149cfd	junction_window	97	127	31	0.0	0.06418809006291051	0	False	False	False
orf_c19d02b15a696b421a237da0cbed0b4437a80aeefc2d5f0983ccce9723f5acdb	peptide_5fd8a3582535ef3ad429d94d60715365c727b6e884f71ce641a7e729a3149cfd	junction_window	97	127	31	0.0	0.06418809006291051	0	False	False	False
orf_1e4cf4d7376a1de1299da374a6f44f56886f5423563974d7cb4f5647e0c35912	peptide_5fd8a3582535ef3ad429d94d60715365c727b6e884f71ce641a7e729a3149cfd	junction_window	97	127	31	0.0	0.06418809006291051	0	False	False	False
orf_d54d67d31b55e84ffa1613b498411bed0997da931dfedbd118d8b51cba56167b	peptide_2b6307a928c00d74e5da0a64ec3c8c19333fa31e0ec9ff5b1f553c414751a1eb	junction_window	97	127	31	0.41935483870967744	0.4243867728979357	13	False	True	False
orf_ec897f8f634f9e534c1bcbf7abf85f047fa678fd21a9f9245ba860b0d23ca121	peptide_d12ded276778cca561f61708455f059a1bccb3f6e5b75d6ea02f274ab7b9a20d	junction_window	97	127	31	0.41935483870967744	0.4268791175657703	13	False	True	False
orf_0c99ffb2d09d0b02ad5e038642a55d6944d17b2c2f2ea9b27e0b2d70c06476ba	peptide_e3551690a6b76267d8c2b08ac175a3a20ff96f0247e854ef37f71567b7497c7a	junction_window	97	127	31	0.45161290322580644	0.4387688439699911	14	False	True	False
orf_cb79a307ca2f6220428f0d99dc50a96009e1560a86d3a33a7dac84726f9b6aaf	peptide_a70d2373112bb0cf390a66c6914c839458bd0e2056b6d6e8cf928657ca6fe52a	junction_window	97	127	31	0.45161290322580644	0.4467109215836371	14	False	True	False
orf_291d11a55b5b8e47edd583934eb5ab0a21e36e7dd5893e1d1c966b8a63dd0329	peptide_d12ded276778cca561f61708455f059a1bccb3f6e5b75d6ea02f274ab7b9a20d	junction_window	97	127	31	0.41935483870967744	0.4268791175657703	13	False	True	False
orf_43331dc36ac46aeaeeceaf73bf4202b517d0b6dd56e2e3453aef51059a035cc8	peptide_d12ded276778cca561f61708455f059a1bccb3f6e5b75d6ea02f274ab7b9a20d	junction_window	97	127	31	0.41935483870967744	0.4268791175657703	13	False	True	False
orf_37f2c26513d1d0fadc72201b3b1d1497957d954fc035dc5942ffa77ec036f7e1	peptide_2b6307a928c00d74e5da0a64ec3c8c19333fa31e0ec9ff5b1f553c414751a1eb	junction_window	97	127	31	0.41935483870967744	0.4243867728979357	13	False	True	False
orf_f67b2bce75d253c08274779c15e9210f146cbcdffe885e78b5d4eaa78bb991eb	peptide_d12ded276778cca561f61708455f059a1bccb3f6e5b75d6ea02f274ab7b9a20d	junction_window	97	127	31	0.41935483870967744	0.4268791175657703	13	False	True	False
orf_45bb831b559afb53c0536756df2e2bf9c857d5d2b78d1ed351352ab245a0434a	peptide_e3551690a6b76267d8c2b08ac175a3a20ff96f0247e854ef37f71567b7497c7a	junction_window	97	127	31	0.45161290322580644	0.4387688439699911	14	False	True	False
orf_110bcf7df6b00b66536fc273de9ed1e1f4aefb08ea91ae163b2f6237fbecdbe2	peptide_a70d2373112bb0cf390a66c6914c839458bd0e2056b6d6e8cf928657ca6fe52a	junction_window	97	127	31	0.45161290322580644	0.4467109215836371	14	False	True	False
orf_e867e36ad1034108092fe6f03eab5ff5042ef1b2b696ddf33dcde67f4096560f	peptide_d12ded276778cca561f61708455f059a1bccb3f6e5b75d6ea02f274ab7b9a20d	junction_window	97	127	31	0.41935483870967744	0.4268791175657703	13	False	True	False
orf_76426c0f14c0fc50b017c9d1da6de1d10888b68cabf5953e4a861b248974dc09	peptide_d12ded276778cca561f61708455f059a1bccb3f6e5b75d6ea02f274ab7b9a20d	junction_window	97	127	31	0.41935483870967744	0.4268791175657703	13	False	True	False
orf_041db5d0e073cec2b60610a21f68b0d77344365dda239fb56bc5f04447e9895a	peptide_8ed300036e2828567d72b2c567b47b1fa8d40ab9f289820204bdeaf3a18588ec	junction_window	517	547	31	0.03225806451612903	0.2585174306746452	1	False	False	False
orf_1fea26bd8ec9c15e07f6a9a6db91d692993b0904996a4f4ce209e34c05fa9df0	peptide_8ed300036e2828567d72b2c567b47b1fa8d40ab9f289820204bdeaf3a18588ec	junction_window	517	547	31	0.03225806451612903	0.2585174306746452	1	False	False	False
orf_e57c2c4635472e85e6885b008f50e877ff45691fb79176d4f88e7652490dc371	peptide_7153a9988f10e3f16ef9401be9c3ebf0e792e0075a0738bde80362e44019b419	junction_window	154	184	31	0.0	0.050379577182954355	0	False	False	False
orf_f2edae85873112a390633cb81b80ec72547110779cd39287dbec7ef8f771dfbf	peptide_1d96ab1139fd7e2a5d0d5c16c5db26c59fb1194ceaf2df73b61b5175196b3ef2	junction_window	524	554	31	0.0	0.032931525861063314	0	False	False	False
orf_672e7b6258ac412fe5bbc9a781c7e1111fb7994d07ed795573b6945ebf8f6b01	peptide_1d96ab1139fd7e2a5d0d5c16c5db26c59fb1194ceaf2df73b61b5175196b3ef2	junction_window	524	554	31	0.0	0.032931525861063314	0	False	False	False
orf_1b9309f177fba50740b66798c9c0712ac5d9f178590df1a2076c6d83f2bcf512	peptide_1d96ab1139fd7e2a5d0d5c16c5db26c59fb1194ceaf2df73b61b5175196b3ef2	junction_window	524	554	31	0.0	0.032931525861063314	0	False	False	False
orf_34fcf64ea26a8095795ecc2da6b571d7ddcd5d006be4b753c2b4013d5e5844e8	peptide_1d96ab1139fd7e2a5d0d5c16c5db26c59fb1194ceaf2df73b61b5175196b3ef2	junction_window	524	554	31	0.0	0.032931525861063314	0	False	False	False
orf_9a6b42af67d81477bd7a275c9fc6b7168a570146f662ebc06a8e0a7f0f28b808	peptide_f3b157eea4a7b3afed59584e95a707bc05cb7cf6e128952858f1c030fdca8e9f	junction_window	54	70	17	0.0	0.3421807762454538	0	False	False	False
orf_f561c11401fa87747d6151990315fcdd51535d7895d8e648a83b915997fb3c9c	peptide_f3b157eea4a7b3afed59584e95a707bc05cb7cf6e128952858f1c030fdca8e9f	junction_window	54	70	17	0.0	0.3421807762454538	0	False	False	False
orf_d512121fc2a33ebe3a2a769cecef91de5f1e9e24d1ca8eb56edb67fb915890f2	peptide_f3b157eea4a7b3afed59584e95a707bc05cb7cf6e128952858f1c030fdca8e9f	junction_window	54	70	17	0.0	0.3421807762454538	0	False	False	False
orf_107b8f6f1dd59b2cfa0aae727faa14f7db0c064152eccabe43a742cbd6a4a89a	peptide_2fa08b3f456b35b634ae9dec88e1161e05e4063bbe185c89f98466c5b35a86b8	junction_window	12	41	30	0.43333333333333335	0.4341904963056246	13	False	True	False
orf_fbbf550d4c0e3d0286db2ad2a171043e5577ffae6c37a120c54921356096c9a0	peptide_2fa08b3f456b35b634ae9dec88e1161e05e4063bbe185c89f98466c5b35a86b8	junction_window	12	41	30	0.43333333333333335	0.4341904963056246	13	False	True	False
orf_de964ab45e0a5047b74eed0b335515b41f910377b058e99d93d5591e9ffc164e	peptide_2fa08b3f456b35b634ae9dec88e1161e05e4063bbe185c89f98466c5b35a86b8	junction_window	12	41	30	0.43333333333333335	0.4341904963056246	13	False	True	False
orf_076cdd0d12edb262f7536d26d99908be39db0f17f087ef281cea67c1f72dbda1	peptide_52c3c3a3a74c40b0b52b57efee49c5c169200cc9ffa5a31ec683837dee43ea18	junction_window	12	41	30	0.43333333333333335	0.44768745452165604	13	False	True	False
orf_0756a338e8a5694a9d4c45987afd970e1d36375e0c22c31d15ae4e00baa28747	peptide_d9dadae508e1aba65519f0bec221151e33dd065734ac6bd7d657c57034b61154	junction_window	12	41	30	0.4	0.4349094107747078	12	False	False	False
orf_6033b6efb7af2725d9175017237b7e20cc27b9934d6a5b14aae682082fe57795	peptide_2fa08b3f456b35b634ae9dec88e1161e05e4063bbe185c89f98466c5b35a86b8	junction_window	12	41	30	0.43333333333333335	0.4341904963056246	13	False	True	False
orf_b447317e2c56eb078ab27d6afa6a9e8abdd3691bcfa289b96d151b1a9cedb652	peptide_2fa08b3f456b35b634ae9dec88e1161e05e4063bbe185c89f98466c5b35a86b8	junction_window	12	41	30	0.43333333333333335	0.4341904963056246	13	False	True	False
orf_c6d0b74fe5691a76a222c5476b0bac26f07f93a1399daccd7dcb3f629c9f2581	peptide_2fa08b3f456b35b634ae9dec88e1161e05e4063bbe185c89f98466c5b35a86b8	junction_window	12	41	30	0.43333333333333335	0.4341904963056246	13	False	True	False
orf_7edf3882806b88281cd0bd44a2e0ffc3d52db03af38e0794f00e8e2b2ec5da44	peptide_52c3c3a3a74c40b0b52b57efee49c5c169200cc9ffa5a31ec683837dee43ea18	junction_window	12	41	30	0.43333333333333335	0.44768745452165604	13	False	True	False
orf_a969679ae841148cc07e9ae60d9894c0126c59eb658d29c754418b6bebd92a51	peptide_d9dadae508e1aba65519f0bec221151e33dd065734ac6bd7d657c57034b61154	junction_window	12	41	30	0.4	0.4349094107747078	12	False	False	False
orf_ea4c06caaa102028add1724e8752027151ac978bab58c287a16a9399820367d6	peptide_2fa08b3f456b35b634ae9dec88e1161e05e4063bbe185c89f98466c5b35a86b8	junction_window	12	41	30	0.43333333333333335	0.4341904963056246	13	False	True	False
orf_5331831b7a2881e287a40bb37dfd10101364c67f3fd1231133646554041f7130	peptide_2fa08b3f456b35b634ae9dec88e1161e05e4063bbe185c89f98466c5b35a86b8	junction_window	12	41	30	0.43333333333333335	0.4341904963056246	13	False	True	False
orf_c1f9d1a834809a6a905dcda65f001ec770847063c90fc64bbdbab91944edce44	peptide_2fa08b3f456b35b634ae9dec88e1161e05e4063bbe185c89f98466c5b35a86b8	junction_window	12	41	30	0.43333333333333335	0.4341904963056246	13	False	True	False
orf_10e883f341f335d01df2f8f48ff5f45551af9a50fb1f398f1d9170a8a78d7f96	peptide_52c3c3a3a74c40b0b52b57efee49c5c169200cc9ffa5a31ec683837dee43ea18	junction_window	12	41	30	0.43333333333333335	0.44768745452165604	13	False	True	False
orf_1d59a61ca35a3d06851a99a7c609d3a9396b5f32cf9c54aa5255789f06a69686	peptide_d9dadae508e1aba65519f0bec221151e33dd065734ac6bd7d657c57034b61154	junction_window	12	41	30	0.4	0.4349094107747078	12	False	False	False
orf_44b279b4c8a6722e868cc340ba364c38a304598a0025abba80a9930b98fbf773	peptide_00fb8657255fb894315401cecb9ab9e3047ef7b3d1f0d35d357663269780201c	junction_window	28	47	20	0.0	0.15934780091047288	0	False	False	False
orf_94b287595d9354397ed2244ed9c9181c280fc29085555476dad5d15d29563572	peptide_00fb8657255fb894315401cecb9ab9e3047ef7b3d1f0d35d357663269780201c	junction_window	28	47	20	0.0	0.15934780091047288	0	False	False	False
orf_c6447545049b6c6c64c5d1a846dd25724695d8879d4edfa22e0aabfd8a9c5b4c	peptide_00fb8657255fb894315401cecb9ab9e3047ef7b3d1f0d35d357663269780201c	junction_window	28	47	20	0.0	0.15934780091047288	0	False	False	False
orf_21f0722d79774b94a1a42a8ba998b25aaa10f01f06a9cfbd1b30eb01db64d8ac	peptide_00fb8657255fb894315401cecb9ab9e3047ef7b3d1f0d35d357663269780201c	junction_window	28	47	20	0.0	0.15934780091047288	0	False	False	False
orf_d3fcac55e59faee40dcc14ab424c65f4f89dca235b662ce548ba02165a392342	peptide_00fb8657255fb894315401cecb9ab9e3047ef7b3d1f0d35d357663269780201c	junction_window	28	47	20	0.0	0.15934780091047288	0	False	False	False
orf_dfde784e65b9662c6be9ed84503a7288f451d7d0e4d6df9dd964ba53d29406f5	peptide_00fb8657255fb894315401cecb9ab9e3047ef7b3d1f0d35d357663269780201c	junction_window	28	47	20	0.0	0.15934780091047288	0	False	False	False
orf_3642fae708d9f52d6f2dfb6d73d7e5f8817d2c26b98a8cfedcd3078f7a51777f	peptide_97d9bcc0b34c7caa43656e7e2bf23f1b94c25ff9edfee400a71f5b9bed81655c	junction_window	3	32	30	0.23333333333333334	0.3043777123093605	7	False	False	False
orf_12f19bee812d4d172eaba0bb6232c4cd9d52ac0ebf7e5e3637b0651f888a095a	peptide_97d9bcc0b34c7caa43656e7e2bf23f1b94c25ff9edfee400a71f5b9bed81655c	junction_window	3	32	30	0.23333333333333334	0.3043777123093605	7	False	False	False
orf_4c493765e8d9cf05c29688db78d81466f36da3c3f540e4d0a90b7a37d0af2ca5	peptide_6de3b695e6fb7625fb0b645afd1d9dbcedf1ea280f2faf93d7ebafbd589a09ef	junction_window	139	168	30	0.0	0.020113027095794676	0	False	False	False
orf_230c7541f7a20b2093014d971aea327d36badb11bdc2d508ad3b01578fba904c	peptide_6de3b695e6fb7625fb0b645afd1d9dbcedf1ea280f2faf93d7ebafbd589a09ef	junction_window	139	168	30	0.0	0.020113027095794676	0	False	False	False
orf_a51535da1591977ea978666a0c979e67c439241de998b3523ecaba52b6949c57	peptide_6de3b695e6fb7625fb0b645afd1d9dbcedf1ea280f2faf93d7ebafbd589a09ef	junction_window	139	168	30	0.0	0.020113027095794676	0	False	False	False
orf_35f7615e4b680ad8d9e7bdf750fdddfc133fb6d5b823c599cf731066b08d9fec	peptide_6de3b695e6fb7625fb0b645afd1d9dbcedf1ea280f2faf93d7ebafbd589a09ef	junction_window	139	168	30	0.0	0.020113027095794676	0	False	False	False
orf_f882d091c0853a1d5b24425b7772e074c4ba597521aa8613066f43673c6e2179	peptide_91b6c2354036f74992cb5f2520a3614bb2b0ecc3feab662dbb7e791accc4b3b7	junction_window	153	183	31	0.25806451612903225	0.3426391727501346	8	False	False	False
orf_b3306428fe19f2706619ae373f49abf34e764fd0e2aa8c8a52ac60494f877655	peptide_91b6c2354036f74992cb5f2520a3614bb2b0ecc3feab662dbb7e791accc4b3b7	junction_window	153	183	31	0.25806451612903225	0.3426391727501346	8	False	False	False
orf_0feebd9110d62dcb7ae53f45528a36b6b4e60ae4a3772ff28d5150830b524569	peptide_91b6c2354036f74992cb5f2520a3614bb2b0ecc3feab662dbb7e791accc4b3b7	junction_window	153	183	31	0.25806451612903225	0.3426391727501346	8	False	False	False
orf_eb5039aca1db517ab587ac74edfa9b24f8fd229517778fecc67e3b8bd9d5f303	peptide_91b6c2354036f74992cb5f2520a3614bb2b0ecc3feab662dbb7e791accc4b3b7	junction_window	153	183	31	0.25806451612903225	0.3426391727501346	8	False	False	False
orf_402d8da7cd447a1f2c53668908035755f7321f8fcf95b1856fded3f827d42a16	peptide_fad6c30fb46f2bddb0e3907a6a14afc1997cb5b9ca40cd09e010031d06b87f91	junction_window	4	32	29	0.41379310344827586	0.4679667184065128	12	False	True	False
orf_7b940a86d3a5cf3267fc44a8cfd5aaf0611c348ed32868045baa83bf6187ab4b	peptide_fad6c30fb46f2bddb0e3907a6a14afc1997cb5b9ca40cd09e010031d06b87f91	junction_window	4	32	29	0.41379310344827586	0.4679667184065128	12	False	True	False
orf_8d3e616d3a2065470398feac56b2fcfbc55906623ad12cec8c24a9b8845c4b75	peptide_d8d5b0b8301c06d3b9cde19098580d9cdc661be23dd4a22cd9bae2c753192db2	junction_window	34	63	30	0.0	0.16601629356543224	0	False	False	False
orf_00e087f7ed9c2688331bd600346af1a7c61b0b512542e17584b311b166eb2c6c	peptide_d8d5b0b8301c06d3b9cde19098580d9cdc661be23dd4a22cd9bae2c753192db2	junction_window	34	63	30	0.0	0.16601629356543224	0	False	False	False
orf_7f94247877f6887c91d7d27e1fee939994ed8afda3bdd95c82649d644c3ebef3	peptide_fad6c30fb46f2bddb0e3907a6a14afc1997cb5b9ca40cd09e010031d06b87f91	junction_window	4	32	29	0.41379310344827586	0.4679667184065128	12	False	True	False
orf_ff98ceb18e9c4abc0b9ea53813a58bba565cc9ac56c7184b2a66e52cab1bb2cd	peptide_fad6c30fb46f2bddb0e3907a6a14afc1997cb5b9ca40cd09e010031d06b87f91	junction_window	4	32	29	0.41379310344827586	0.4679667184065128	12	False	True	False
orf_d3fd33a0e1d267ceecc8ba74597b9c3df31ebf394a6b30aec9e461b2dc0e0063	peptide_d856b7bb2fc8dfa370b5ecd0078cd483e64a89cde2fe7a9e77010c39f9e1f75b	junction_window	186	212	27	0.0	0.2020329236984253	0	False	False	False
orf_5ebbab44afcd7ee3f5ad36b945126494592469f15251f017c6020b600a411092	peptide_d856b7bb2fc8dfa370b5ecd0078cd483e64a89cde2fe7a9e77010c39f9e1f75b	junction_window	186	212	27	0.0	0.2020329236984253	0	False	False	False
orf_329301864c7fd90dcd37fd618b00691caf002f79bcef2f6444f369e8ecf8e6ae	peptide_d856b7bb2fc8dfa370b5ecd0078cd483e64a89cde2fe7a9e77010c39f9e1f75b	junction_window	186	212	27	0.0	0.2020329236984253	0	False	False	False
orf_218994fccd27d73925c5c4c3b94bdff8c1ac5eabea773d6e2fb799ce1f1b5077	peptide_d856b7bb2fc8dfa370b5ecd0078cd483e64a89cde2fe7a9e77010c39f9e1f75b	junction_window	186	212	27	0.0	0.2020329236984253	0	False	False	False
orf_f6b00b451f5bd20cc8ff8cebbd9208ad295f71fce505eb6981e144e94afbb256	peptide_c9bd32c51697562e4682682f7973836127065d644b434e46336cf1b16be4ca7f	junction_window	186	215	30	0.0	0.04615368445714315	0	False	False	False
orf_e505a0516d4bfa98ed80123dc517711e0ae04d85b1aca269e04d90320cc58fc7	peptide_c9bd32c51697562e4682682f7973836127065d644b434e46336cf1b16be4ca7f	junction_window	186	215	30	0.0	0.04615368445714315	0	False	False	False
orf_ddcc4e8699c3c9f5c38959791a6caa42cfd6d9be5c41dcb20dbccb293263b4e1	peptide_c9bd32c51697562e4682682f7973836127065d644b434e46336cf1b16be4ca7f	junction_window	186	215	30	0.0	0.04615368445714315	0	False	False	False
orf_0777a69c951dd3b65025ae68d8ad8ed5b9a0e7f86873e2ec96c359ea88ce5220	peptide_c9bd32c51697562e4682682f7973836127065d644b434e46336cf1b16be4ca7f	junction_window	186	215	30	0.0	0.04615368445714315	0	False	False	False
orf_0eb561dc0a0a5f9d9fcbaeae914fe323cad41bb7249296aa86df3d1946ebc048	peptide_c9bd32c51697562e4682682f7973836127065d644b434e46336cf1b16be4ca7f	junction_window	186	215	30	0.0	0.04615368445714315	0	False	False	False
orf_08561a0b347dbc68d403a9b1fbe0837bac722ccedeb3370a5076a31b0f0312f5	peptide_c9bd32c51697562e4682682f7973836127065d644b434e46336cf1b16be4ca7f	junction_window	186	215	30	0.0	0.04615368445714315	0	False	False	False
orf_e89a543f12323e2a5f2774540717eb2755f3fd2ed4ed1e666fe30eaac1114488	peptide_c9bd32c51697562e4682682f7973836127065d644b434e46336cf1b16be4ca7f	junction_window	186	215	30	0.0	0.04615368445714315	0	False	False	False
orf_aa51294ffb98c03417b3a6619c3e3c85a8195ccb294439b6319d260c397800da	peptide_c9bd32c51697562e4682682f7973836127065d644b434e46336cf1b16be4ca7f	junction_window	186	215	30	0.0	0.04615368445714315	0	False	False	False
orf_3bb5fd5b03dc49aefa76c872c22062c9dac0e69ced1583a897de25560a3da527	peptide_04e15dc3926c12278ffcff63cfbb0a6f232e69a5d16fa877239ea03bee778a02	junction_window	192	218	27	0.0	0.05802556817178373	0	False	False	False
orf_004ce9c8e20740c3dae8a4cfb6ce8b5e289553239656f0cae41c0606254fa589	peptide_04e15dc3926c12278ffcff63cfbb0a6f232e69a5d16fa877239ea03bee778a02	junction_window	192	218	27	0.0	0.05802556817178373	0	False	False	False
orf_31830fac162609270b4545e18ad3480478643644e13e27aacee2225c47ff8b4e	peptide_04e15dc3926c12278ffcff63cfbb0a6f232e69a5d16fa877239ea03bee778a02	junction_window	192	218	27	0.0	0.05802556817178373	0	False	False	False
orf_ff1552f8d9520430e9715cfdcdb0f432aecaf5bdfcb0ed6db103c3c1e9307db2	peptide_651cce5964555aebb8ec06a12446126fdc22fb3d9d460048b7381c5c5b59284b	junction_window	97	126	30	0.0	0.10080183297395706	0	False	False	False
orf_d2372f6351e83d60033fcf0ddffb8665326d71e87726af218f5d5a3945b592c6	peptide_32888589dc5b12cf0be003a11e192edadf3264e7da04a8823f1a9499eb3f68a0	junction_window	505	534	30	0.4	0.44642203152179716	12	False	False	False
orf_d584faa30b3047ab6d8a39baedf6e8da4aaeb331be73ea4dbd77e651b18ecc09	peptide_32888589dc5b12cf0be003a11e192edadf3264e7da04a8823f1a9499eb3f68a0	junction_window	505	534	30	0.4	0.44642203152179716	12	False	False	False
orf_f400212ea137cfad597719b1e1ed89c0b0c9d5f568f58473767e115dc75f08be	peptide_32888589dc5b12cf0be003a11e192edadf3264e7da04a8823f1a9499eb3f68a0	junction_window	505	534	30	0.4	0.44642203152179716	12	False	False	False
orf_295555b7b1ca7d39d2ba7951d34f06286d95113661b9d838ac973f20d34e4ef1	peptide_ff641b7f66baa209ff86e50cff70775b9fc1fd0004872ad33a501711d57eaf5e	junction_window	32	61	30	0.0	0.05131557583808899	0	False	False	False
orf_e3ba4d4381620858aa55f4e1f5617604f2353d7269f2389b5bb18ecfef5d0237	peptide_ff641b7f66baa209ff86e50cff70775b9fc1fd0004872ad33a501711d57eaf5e	junction_window	32	61	30	0.0	0.05131557583808899	0	False	False	False
orf_74a5ddd3669f2f3076abc3c8a7436944146b8f912f938c172843605f3db86730	peptide_ff641b7f66baa209ff86e50cff70775b9fc1fd0004872ad33a501711d57eaf5e	junction_window	32	61	30	0.0	0.05131557583808899	0	False	False	False
orf_6cf654c205d59f5561e289822b83a046bf23e97c8554ceb21e40f1258438a3ce	peptide_ff641b7f66baa209ff86e50cff70775b9fc1fd0004872ad33a501711d57eaf5e	junction_window	32	61	30	0.0	0.05131557583808899	0	False	False	False
orf_1837308671fd5f511d7d8f73a692c84baca7bba3381445610c0bc30c4ed0239c	peptide_ff641b7f66baa209ff86e50cff70775b9fc1fd0004872ad33a501711d57eaf5e	junction_window	32	61	30	0.0	0.05131557583808899	0	False	False	False
orf_9a7ca3f0d8c032e151fa9b121679dd13c669ed5bc56aade496a6b20fdd6c0eb8	peptide_ff641b7f66baa209ff86e50cff70775b9fc1fd0004872ad33a501711d57eaf5e	junction_window	32	61	30	0.0	0.05131557583808899	0	False	False	False
orf_87aad3e7f8cad333c535ee79c584c6853c21494cd1f4c3de3634e030f43e1b33	peptide_dbe63ac2fd19bcb0471334efc8f3f26068724f8a1fa27b6ec33cea8d1276d6e7	junction_window	90	114	25	1.0	0.8843114018440247	25	True	True	True
orf_4c21b1a303b7258ab6faea0204654d36fb14340d00a0226299fbe2256fec9c2d	peptide_dbe63ac2fd19bcb0471334efc8f3f26068724f8a1fa27b6ec33cea8d1276d6e7	junction_window	90	114	25	1.0	0.8843114018440247	25	True	True	True
orf_9e807e13d1c3c91e5897e393f93859f7f139f40d5f12ff41859e5a459c9cbdfb	peptide_c5aa1181f378e8535d24133e7306de2fee0a8ffef0f3b5dd13badc5dd4a2c962	junction_window	121	151	31	0.0	0.20088296744131273	0	False	False	False
orf_43b313b8b753c22586f8fae824f91c4a05462fbcfb2f23142e2693b19cd04f9c	peptide_cb97015f50ef275c05983c5ed87741c420183c811a8e822dafb8f5a9508f892b	junction_window	121	151	31	0.0	0.21477442258788693	0	False	False	False
orf_82c8ed2c6664ef4551e297fcbcf4126e8b2a9269eb1a7b4398e8fa30572b7063	peptide_139563c3790484e398f1558332258abd5f38773b4c9b8c7dd1d496f233efbed8	junction_window	112	142	31	0.0	0.15957240568053338	0	False	False	False
orf_c7019f281f45cd519ec3f44bd6d441bb16a0064e8ab168dc31b8a1f2e195aae1	peptide_bb6a0efabb44c22429af8b146d72d3eae65afa0851fc1b4f46e83997a65ef711	junction_window	112	142	31	0.0	0.17119983271245034	0	False	False	False
orf_513a834fb3fb53bdf8ba43d3e720f2cafa7e9a75423a79609d07d68071e199ef	peptide_c5aa1181f378e8535d24133e7306de2fee0a8ffef0f3b5dd13badc5dd4a2c962	junction_window	121	151	31	0.0	0.20088296744131273	0	False	False	False
orf_8d23a481b9ade18b540b3e9d5a0006d941ef383e10ec37df647877f93342540e	peptide_cb97015f50ef275c05983c5ed87741c420183c811a8e822dafb8f5a9508f892b	junction_window	121	151	31	0.0	0.21477442258788693	0	False	False	False
orf_b32850e58bfd0be56b0360313dddfd9656323160b08ce23126d3c5dee1172e93	peptide_c5aa1181f378e8535d24133e7306de2fee0a8ffef0f3b5dd13badc5dd4a2c962	junction_window	121	151	31	0.0	0.20088296744131273	0	False	False	False
orf_80d62106401bc35bec4651674dda9ccc7b2e71fa73660914786da003f66b7e42	peptide_cb97015f50ef275c05983c5ed87741c420183c811a8e822dafb8f5a9508f892b	junction_window	121	151	31	0.0	0.21477442258788693	0	False	False	False
orf_aa741787239ceacdcc2e95d82c796c0243cb12cd93ad27d3873c78659716a421	peptide_c5aa1181f378e8535d24133e7306de2fee0a8ffef0f3b5dd13badc5dd4a2c962	junction_window	121	151	31	0.0	0.20088296744131273	0	False	False	False
orf_c51848e3659af41740e48518c9db7a15f75b0ad9aa7b1b85621849dfe8a9bcae	peptide_cb97015f50ef275c05983c5ed87741c420183c811a8e822dafb8f5a9508f892b	junction_window	121	151	31	0.0	0.21477442258788693	0	False	False	False
orf_0cff0f18a4022f2e3f93767f8ce20c0b6b23ced6332307ceeb028bbb8b6f2bdc	peptide_5ab5e29857f2cd5da92b5e094e07c40bb5bc57e5337cb74ff8eddf36df1360ea	junction_window	90	120	31	0.6129032258064516	0.5080044548357686	19	True	True	True
orf_6ca9cf64cde691a187383cbff88d31c8f7cd8d7b872cf454e674a6861033f418	peptide_1015ff2fa888cebfb365500cc0ab8e73fbbf1ac9a892fa1436d4660a59c814cd	junction_window	121	139	19	0.05263157894736842	0.39181393855496455	1	False	False	False
orf_1e42b331164675dc0ce19a8fffcb723c9f5364b1f8c3b5a1839a68fb688f5d08	peptide_1a7b2bbbbf30fea698c57990414166e3db473b4ecba590ce3231a6f36c80546f	junction_window	112	130	19	0.05263157894736842	0.37732149895868805	1	False	False	False
orf_0deca09dbf5c349eacf0cfd742bd5ab1268ceeff6ce374e4c8287970a95e9bd1	peptide_1015ff2fa888cebfb365500cc0ab8e73fbbf1ac9a892fa1436d4660a59c814cd	junction_window	121	139	19	0.05263157894736842	0.39181393855496455	1	False	False	False
orf_4fce22eb263f7865bbb10c2f3148ac871af7ef5145e9204fa46131a25bc3c11e	peptide_1015ff2fa888cebfb365500cc0ab8e73fbbf1ac9a892fa1436d4660a59c814cd	junction_window	121	139	19	0.05263157894736842	0.39181393855496455	1	False	False	False
orf_e9664b126e8432f90902129a0e05ef7ab9e3a31a154554ed6675a4d88afbb1d8	peptide_1015ff2fa888cebfb365500cc0ab8e73fbbf1ac9a892fa1436d4660a59c814cd	junction_window	121	139	19	0.05263157894736842	0.39181393855496455	1	False	False	False
orf_6ee8149fab1ed2b4dffe387d1864300b50b3e0782195a5e92e33090659204be5	peptide_57d0d0dcf6e822977e6241e297a8c01a63b5946f671c050ffb0862f613df07b2	junction_window	23	44	22	1.0	0.8107961551709608	22	True	True	True
orf_ac071e8c93b6ae693c9ef74cede55653718c86fb8175962d9d4a2e1cdfd13881	peptide_57d0d0dcf6e822977e6241e297a8c01a63b5946f671c050ffb0862f613df07b2	junction_window	23	44	22	1.0	0.8107961551709608	22	True	True	True
orf_82d711bdbd09637cdd682aca095366b6e4aa8fc4e8ff7af38713d94ae31ef8ca	peptide_57d0d0dcf6e822977e6241e297a8c01a63b5946f671c050ffb0862f613df07b2	junction_window	23	44	22	1.0	0.8107961551709608	22	True	True	True
orf_e5d71efa5412747040063f470c5da32e620502a765ae58b8c674a516d4fb04a7	peptide_57d0d0dcf6e822977e6241e297a8c01a63b5946f671c050ffb0862f613df07b2	junction_window	23	44	22	1.0	0.8107961551709608	22	True	True	True
orf_2bedb98d54201c648ea8dab5d995161e5993f578f4dd416ddd4ea5b52feb958e	peptide_57d0d0dcf6e822977e6241e297a8c01a63b5946f671c050ffb0862f613df07b2	junction_window	23	44	22	1.0	0.8107961551709608	22	True	True	True
orf_9b8e339dbe3b82d77e6ebf7d6a157583217c4729f12beda999ce8e68ae3e3c70	peptide_3868fed335582b3a056d423efc2dbae9dfa7c7350d3572a0f67798065f307d53	junction_window	74	99	26	0.0	0.1549121726017732	0	False	False	False
orf_77b4e354541dda504056c412e04a1201dd33fb93265f1c6a473b3d69fcd3db5d	peptide_3868fed335582b3a056d423efc2dbae9dfa7c7350d3572a0f67798065f307d53	junction_window	74	99	26	0.0	0.1549121726017732	0	False	False	False
orf_9773149ccc9ab50db4048142870964fce437625f9001a791e171f1fefafbdd82	peptide_3868fed335582b3a056d423efc2dbae9dfa7c7350d3572a0f67798065f307d53	junction_window	74	99	26	0.0	0.1549121726017732	0	False	False	False
orf_e62cc1995ba968e59a57c1e9a580e586b8f5492fa3d3f624d4e01af7fb4971ce	peptide_3868fed335582b3a056d423efc2dbae9dfa7c7350d3572a0f67798065f307d53	junction_window	74	99	26	0.0	0.1549121726017732	0	False	False	False
orf_a4ae9019fa2f5837e989f97d2721ca843958433d17adb50f30099add7c017c86	peptide_3868fed335582b3a056d423efc2dbae9dfa7c7350d3572a0f67798065f307d53	junction_window	74	99	26	0.0	0.1549121726017732	0	False	False	False
orf_0a0283b8715637f37b2f55925838772d9ce242e7a0d71b267d1678e7efeb41eb	peptide_3868fed335582b3a056d423efc2dbae9dfa7c7350d3572a0f67798065f307d53	junction_window	74	99	26	0.0	0.1549121726017732	0	False	False	False
orf_155e5891c7c3131066d6649753bf7eb1a8fd3bc331f29f1155ddc2f553a548a6	peptide_3868fed335582b3a056d423efc2dbae9dfa7c7350d3572a0f67798065f307d53	junction_window	74	99	26	0.0	0.1549121726017732	0	False	False	False
orf_22908a3fe671c1348eb9d2bb8b216031c239d337d4713b84b5ba188b3ace5f82	peptide_3868fed335582b3a056d423efc2dbae9dfa7c7350d3572a0f67798065f307d53	junction_window	74	99	26	0.0	0.1549121726017732	0	False	False	False
orf_b506906d414898af9b3556e327e0932af2abac6f1a8bb28bd04c17e83337365d	peptide_e48f3c517ce97280418f285dcc2fded5b7e117f6b8dabd50384472b8eb355ff2	junction_window	12	41	30	0.1	0.2721523190538088	2	False	False	False
orf_fd89d38260d88d3b44c31cc8fe038a2a011c8d7b1017f16204007bdd76e120c1	peptide_995610c8b20c13f099e69762a68583e23fac1924d42e96a1468586f9b62a1509	junction_window	12	41	30	0.2	0.30876486947139103	6	False	False	False
orf_225c01aeb8d347e4bbe0c59196fcfaa00210c5a2e322f89deec99902b7a144bb	peptide_e48f3c517ce97280418f285dcc2fded5b7e117f6b8dabd50384472b8eb355ff2	junction_window	12	41	30	0.1	0.2721523190538088	2	False	False	False
orf_d7a29c7fc58c7148da61adbe437bb1e183576e138fddb58130edbc6cf0d4da2e	peptide_6f9c6c95e73d37c0af4cb615693fd91bd7be5767a64ec7f7327d3527f4ed7dac	junction_window	12	41	30	0.23333333333333334	0.31492390632629397	7	False	False	False
orf_f8cdf1c7f22168b1b5ce3057ab0535c0614d7543dd4778a72cef2c55d13a582b	peptide_6f9c6c95e73d37c0af4cb615693fd91bd7be5767a64ec7f7327d3527f4ed7dac	junction_window	12	41	30	0.23333333333333334	0.31492390632629397	7	False	False	False
orf_0ae1d6024582a0875002a3363788b9204436d04118f2a5476e431a7831da7e7d	peptide_e48f3c517ce97280418f285dcc2fded5b7e117f6b8dabd50384472b8eb355ff2	junction_window	12	41	30	0.1	0.2721523190538088	2	False	False	False
orf_e45f0b53bb83cd9602ea4f0dc3a6ce0f14960a244a7bae16cae459d0d6c49aa8	peptide_995610c8b20c13f099e69762a68583e23fac1924d42e96a1468586f9b62a1509	junction_window	12	41	30	0.2	0.30876486947139103	6	False	False	False
orf_60f1167162923ea252f833a996347bb4e560a5e01ffa253ae5319fb4843d56de	peptide_e48f3c517ce97280418f285dcc2fded5b7e117f6b8dabd50384472b8eb355ff2	junction_window	12	41	30	0.1	0.2721523190538088	2	False	False	False
orf_a26b44c5be4329d802907128228b81d6bdab14880f807e3f0a50bbbc73ee6a35	peptide_6f9c6c95e73d37c0af4cb615693fd91bd7be5767a64ec7f7327d3527f4ed7dac	junction_window	12	41	30	0.23333333333333334	0.31492390632629397	7	False	False	False
orf_23d739c8c4eb1967c14e00fa21569cd884204e35aad76fd194cdb54a9e0f2046	peptide_6f9c6c95e73d37c0af4cb615693fd91bd7be5767a64ec7f7327d3527f4ed7dac	junction_window	12	41	30	0.23333333333333334	0.31492390632629397	7	False	False	False
orf_6191b0c6a673ef4e480a072c9fcb0dc835df0e8808f074b422f58ccc0fcb0111	peptide_29ea5ee0680ecd1f94f1277f5409186d94102586e1ff61dc723a33f27a95836b	junction_window	12	41	30	0.26666666666666666	0.31709723025560377	8	False	False	False
orf_8e5cfbb31a07c37303b7f1cb569cbbdc277e896a7c34743c09cf65f75340a94c	peptide_93da00c13b107cc869cc2d289cf4367dc03321113f2a152598e850d7d560bc26	junction_window	12	41	30	0.2	0.2958731313546499	6	False	False	False
orf_d73e8c70d0d8fc6a0b0f6336309ebc99d0b28a9570f4a85c911bd7f5930a6aa7	peptide_29ea5ee0680ecd1f94f1277f5409186d94102586e1ff61dc723a33f27a95836b	junction_window	12	41	30	0.26666666666666666	0.31709723025560377	8	False	False	False
orf_1fde8aae1e534ce28f8a8737914992d083bbbc94ca1d4ccff166af4d00b02403	peptide_93da00c13b107cc869cc2d289cf4367dc03321113f2a152598e850d7d560bc26	junction_window	12	41	30	0.2	0.2958731313546499	6	False	False	False
orf_782110296cf2b09eb48f39340a14a87648e163d6cd21aa7b80002f55e41d8917	peptide_b0f7012915787af8c78d24c3b962bedf5ff153a837d9fe4c4783341713813c3b	junction_window	75	104	30	0.0	0.036285007496674855	0	False	False	False
orf_e816ae8945e94089e6e87e27d11b8476e0f472057ef78788bc68be656e5b67fc	peptide_b0f7012915787af8c78d24c3b962bedf5ff153a837d9fe4c4783341713813c3b	junction_window	75	104	30	0.0	0.036285007496674855	0	False	False	False
orf_f1cc217477541598b94ae2637dded28343bfaab0e8388d8b6aab085405644ed3	peptide_4d6b671f67914a092e9a5f3bbea33bd2487c5c33e47d7b3cb6d2e6a0beb9d2f1	junction_window	111	140	30	0.0	0.03834277441104253	0	False	False	False
orf_dffa9467c408c6c6608f81dd0f06ee12d63f1513bbc824930d9baa2ddfa50545	peptide_4d6b671f67914a092e9a5f3bbea33bd2487c5c33e47d7b3cb6d2e6a0beb9d2f1	junction_window	111	140	30	0.0	0.03834277441104253	0	False	False	False
orf_cebdf3903d1652e0315909c6d5d972c4917d9085a242ebc78bee400d547a5c7e	peptide_e6bde9e98c0c71a406cda37d339a2829de1ba0ba203b851d67e4082deda858a7	junction_window	97	126	30	0.43333333333333335	0.4328988273938497	13	False	True	False
orf_5fa6e136b7cd50950470ed4d73b80b1011fc4048b5e383e822e2bd6cb02569bb	peptide_74f81c5b0dd4882852f7a96e994592fa15f7d1de20b877dd0717982b2ec560c7	junction_window	41	70	30	0.0	0.2795225779215495	0	False	False	False
orf_cf624eb809a83c222c0ea5a8f8ef3cfd9719d9b72bde1f6fd70d0d9e67b7c14e	peptide_74f81c5b0dd4882852f7a96e994592fa15f7d1de20b877dd0717982b2ec560c7	junction_window	41	70	30	0.0	0.2795225779215495	0	False	False	False
orf_d6649f13b10ffc5ecdce2c507b4128c960090fc05a25bde2c4eccc4c37d4bc80	peptide_74f81c5b0dd4882852f7a96e994592fa15f7d1de20b877dd0717982b2ec560c7	junction_window	41	70	30	0.0	0.2795225779215495	0	False	False	False
orf_47ebf50de77f01b747c17b78a1e70f8d7b1266914cfd9c29f5b02be13666d3be	peptide_74f81c5b0dd4882852f7a96e994592fa15f7d1de20b877dd0717982b2ec560c7	junction_window	41	70	30	0.0	0.2795225779215495	0	False	False	False
orf_5b56ade46f0e5fe02abea5bccf98cd932ddf15b3aab124880b16f604137feef0	peptide_74f81c5b0dd4882852f7a96e994592fa15f7d1de20b877dd0717982b2ec560c7	junction_window	41	70	30	0.0	0.2795225779215495	0	False	False	False
orf_c94c273c2b1f39a2890f5d80ffe9a449359833e638a85c91f400e2b83f8e7466	peptide_74f81c5b0dd4882852f7a96e994592fa15f7d1de20b877dd0717982b2ec560c7	junction_window	41	70	30	0.0	0.2795225779215495	0	False	False	False
orf_8ececf08d02e7062cd6c8a7bab999b8c154a0fb9dbfbdef35b72c9eba7b13629	peptide_74f81c5b0dd4882852f7a96e994592fa15f7d1de20b877dd0717982b2ec560c7	junction_window	41	70	30	0.0	0.2795225779215495	0	False	False	False
orf_7177193aeb79df64b0450c7526b7075fa2ac6eb920e37e4e3f2b0c5e70f3f520	peptide_74f81c5b0dd4882852f7a96e994592fa15f7d1de20b877dd0717982b2ec560c7	junction_window	41	70	30	0.0	0.2795225779215495	0	False	False	False
orf_1541798253d0b2c318fe3f9959bdeaac428f35c9b81caf3af256c621424973d2	peptide_74f81c5b0dd4882852f7a96e994592fa15f7d1de20b877dd0717982b2ec560c7	junction_window	41	70	30	0.0	0.2795225779215495	0	False	False	False
orf_83a5abbc7a43cbb7b78094c44811405c3f200da4ff7875861a4569fe30fcf206	peptide_74f81c5b0dd4882852f7a96e994592fa15f7d1de20b877dd0717982b2ec560c7	junction_window	41	70	30	0.0	0.2795225779215495	0	False	False	False
orf_5d4f93f0c1c1a8f8bcfe888d733fdc9d5df7000ea70502ebf17c8765a7a1b808	peptide_a7c61936d86fa6f47cd92c1dd11e03d5a0ccb281c6f51a33ccc8ce02bbcec48a	junction_window	20	49	30	0.0	0.34656426012516023	0	False	False	False
orf_c4edfbbc05209803a419b1c7e9c82b58cdd2bc9e66565bbf3c814412e171b603	peptide_a7c61936d86fa6f47cd92c1dd11e03d5a0ccb281c6f51a33ccc8ce02bbcec48a	junction_window	20	49	30	0.0	0.34656426012516023	0	False	False	False
orf_e9e7147bef54986d4c0a6b66f9fe9fd077b7e7258b5267020efab72b37ad53d5	peptide_fce534cced06c5860a0e4e21ac53ffa1a3c03bdd613724466f90f0578df30471	junction_window	137	167	31	0.0	0.28523875724884773	0	False	False	False
orf_0f4248f228ff5ce03c2f1317ddb83380fddedf695996f08a1535f720876ff9cb	peptide_fce534cced06c5860a0e4e21ac53ffa1a3c03bdd613724466f90f0578df30471	junction_window	137	167	31	0.0	0.28523875724884773	0	False	False	False
orf_b3f205f24094c36838dc80e41a8be02ed5b4c00938cbcda22534c7ce10bf258a	peptide_fce534cced06c5860a0e4e21ac53ffa1a3c03bdd613724466f90f0578df30471	junction_window	137	167	31	0.0	0.28523875724884773	0	False	False	False
orf_eb40859ac0ac48ec001685db5d56433a424f30113a17f3f5e7493ee064094f6d	peptide_fce534cced06c5860a0e4e21ac53ffa1a3c03bdd613724466f90f0578df30471	junction_window	137	167	31	0.0	0.28523875724884773	0	False	False	False
orf_1e47c1d32acda0864d4d19e8e5a52a1705b638cccce847111ff998aab7884370	peptide_fce534cced06c5860a0e4e21ac53ffa1a3c03bdd613724466f90f0578df30471	junction_window	137	167	31	0.0	0.28523875724884773	0	False	False	False
orf_3edc6f4184ca8211d43089782416b75c8bde7295b985b155e6977ded8324b189	peptide_fce534cced06c5860a0e4e21ac53ffa1a3c03bdd613724466f90f0578df30471	junction_window	137	167	31	0.0	0.28523875724884773	0	False	False	False
orf_630f853a1c1839c9dce00d443b50f062cefab0cd2579ad4c9937847b928896d9	peptide_e2e945499d969d3f3f5c7f6e58c493d60821e9a3917cc4a3b4c9157cc333163e	junction_window	174	204	31	0.0	0.28527891587826515	0	False	False	False
orf_a7559beae5ccc308ccd1e01aa39fa185f3bd2b8860668e2d35ccf15c5f17700c	peptide_e2e945499d969d3f3f5c7f6e58c493d60821e9a3917cc4a3b4c9157cc333163e	junction_window	174	204	31	0.0	0.28527891587826515	0	False	False	False
orf_6e57d07693de498104d9f44ff4facff8cfeb6d6f2d87f22398e869d432e99856	peptide_fe9d713de22366a70052a1235a251c8f1999f247300bea4c5902067bfde22536	junction_window	173	203	31	0.0967741935483871	0.3032972211799314	3	False	False	False
orf_30e654b75169fffdcd066d554bf1518f19e52efd866699bb7e6f12ec85a54e81	peptide_fe9d713de22366a70052a1235a251c8f1999f247300bea4c5902067bfde22536	junction_window	173	203	31	0.0967741935483871	0.3032972211799314	3	False	False	False
orf_af3b784786f0ba11238db2873703aeb64b7206f49c45eabea0be11966b6bde75	peptide_44e77e98a7056e62ab58c0d6e9bfb595600a4e52033173803b36e6da613738d9	junction_window	47	77	31	0.0	0.18005982714314614	0	False	False	False
orf_5ef0f9a8a726a13a2d30823a2c084168767bd8b24b5e73831b0a9dde950b0419	peptide_44e77e98a7056e62ab58c0d6e9bfb595600a4e52033173803b36e6da613738d9	junction_window	47	77	31	0.0	0.18005982714314614	0	False	False	False
orf_9c3663dc7a67f5472f22599dd3b3d4d964af8adc9497392743a079b7a7e11f3a	peptide_e4d7de5a0a608c817a0fe1dfffd651af36fe378e122c1b14712e4c434175579d	junction_window	68	98	31	0.41935483870967744	0.43947413323387025	13	False	True	False
orf_0c6bb313d4f309051afb780300387fd0d1bf63fd9c83e5794f7f1e7170aec8b9	peptide_e4d7de5a0a608c817a0fe1dfffd651af36fe378e122c1b14712e4c434175579d	junction_window	68	98	31	0.41935483870967744	0.43947413323387025	13	False	True	False
orf_e87e7e49934f6bd5261fb74d21cd27e864c5b65b734cfce840cecc0cdc53dbb9	peptide_2b51f821f3f63a41e62b73e95a3994fa13f9f527ec1942f80ca2dd456355c2b6	junction_window	1	27	27	1.0	0.8188614072623076	27	True	True	True
orf_8ed124d91d0eb45b2bf57f01721c04646f209c66df41830fbfba517c13271493	peptide_2b51f821f3f63a41e62b73e95a3994fa13f9f527ec1942f80ca2dd456355c2b6	junction_window	1	27	27	1.0	0.8188614072623076	27	True	True	True
orf_7d93bf0fa6c88c7f991aea362901ef7c4251b6c038ab61b232ecbfdc51a01e11	peptide_c9c43436c7d475fe18a20917c549cfe6185e1ef612cbff65fd8e6e8905429253	junction_window	403	432	30	0.0	0.06274708559115728	0	False	False	False
orf_f5238ff0a98ee420865c9014515432663f85908a69b808f67f75947f185547ca	peptide_c9c43436c7d475fe18a20917c549cfe6185e1ef612cbff65fd8e6e8905429253	junction_window	403	432	30	0.0	0.06274708559115728	0	False	False	False
orf_8b66b17960c8972bb02fb48454c1e1b86dc9638c01621605b694c0ef21003c3c	peptide_a59d7915e3ec361c0f32f4047df2746ab1fe653e0c6afa2cce32d8136e25201b	junction_window	364	393	30	1.0	0.9480187694231669	30	True	True	True
orf_385fc7f1238cd3295579422e7a68c249b08a8a9c0e875c40816d25238bd5713f	peptide_c9e5f8be670a1ae1d2a4735a6dbd307a6c40ff922d2621fd7bcb98a4150c9da3	junction_window	537	566	30	0.0	0.0629906306664149	0	False	False	False
orf_612f966597298e2f516fd60697c3e470612dc013fc16340e3a13afbe39f5c4d7	peptide_998ad695623bf53e5df81e435ea3b908f303040afcdd165c52d53905a3ae1120	junction_window	583	612	30	0.0	0.0670085683465004	0	False	False	False
orf_b1efb9a71c8c3734e3c33014d269e3063d0115b1116979df192c451c4e67d511	peptide_899325e73395c7c25bfb100e110524886b8177bae90a0ab97604b66f4b77da1e	junction_window	1	30	30	0.0	0.1817725549141566	0	False	False	False
orf_696b3f7cae25c2dc6c6963e1c07881c321ec63d918e18f551f5d5af0a641490d	peptide_899325e73395c7c25bfb100e110524886b8177bae90a0ab97604b66f4b77da1e	junction_window	1	30	30	0.0	0.1817725549141566	0	False	False	False
orf_5371b17853ceb4c1aaa7a8790e96628c0398b5168f72758d94c242e1510f44cb	peptide_899325e73395c7c25bfb100e110524886b8177bae90a0ab97604b66f4b77da1e	junction_window	1	30	30	0.0	0.1817725549141566	0	False	False	False
orf_b0c083ec61f70b31b2922fda6ea621fcd2e46fb8b25396be4dadf3c390a88dae	peptide_899325e73395c7c25bfb100e110524886b8177bae90a0ab97604b66f4b77da1e	junction_window	1	30	30	0.0	0.1817725549141566	0	False	False	False
orf_686b2f69db3ad21c8debc6e9b903c4bb93f2b5bf1c375b3f0f6df2ced3339a75	peptide_ca2772f82b0e861861636ddd31697e08475ddd2b2f93467e300b85d3aa0b3c75	junction_window	2477	2498	22	0.0	0.1576831191778183	0	False	False	False
orf_96ed544db7c396936cde21463e1983b63649506b950bd89cf488c1cae81933f0	peptide_ca2772f82b0e861861636ddd31697e08475ddd2b2f93467e300b85d3aa0b3c75	junction_window	2477	2498	22	0.0	0.1576831191778183	0	False	False	False
orf_034aa13d9a76aaa87fdc513d0c67895461c32502f19752a8af0d6e402f19512d	peptide_ca2772f82b0e861861636ddd31697e08475ddd2b2f93467e300b85d3aa0b3c75	junction_window	2477	2498	22	0.0	0.1576831191778183	0	False	False	False
orf_46ef1e1f67ea5b5d82d695356fafb903d6015fb05e67f11452f3511c06c8d34c	peptide_ca2772f82b0e861861636ddd31697e08475ddd2b2f93467e300b85d3aa0b3c75	junction_window	2477	2498	22	0.0	0.1576831191778183	0	False	False	False
orf_42d3bc5f4fdd77734f323cf55a19789350f06c63a958143e3beccd065a073541	peptide_6dfa9c12b06b15953a4aa17cdbb7f8f8e591a481218f1747a1efd01ed1dd0797	junction_window	182	212	31	0.0	0.1403763125981054	0	False	False	False
orf_2061de57c349c29f4aad9f226dd3900897b096eb6cf7869d5449e1b8ed2f286a	peptide_1e8bc65243a9facc8e4feddf58cbbe693b2477dfe7a89be4bd6f1930464904dc	junction_window	48	77	30	0.0	0.2537772963444392	0	False	False	False
orf_1b4ccf6df695497ef67605fdd28db04770432f10fbac6ddb1499ab7654133b32	peptide_1e8bc65243a9facc8e4feddf58cbbe693b2477dfe7a89be4bd6f1930464904dc	junction_window	48	77	30	0.0	0.2537772963444392	0	False	False	False
orf_13ddca2f1382dbb743b5d594a829c338c0f864a569bc63609037a11415649533	peptide_1e8bc65243a9facc8e4feddf58cbbe693b2477dfe7a89be4bd6f1930464904dc	junction_window	48	77	30	0.0	0.2537772963444392	0	False	False	False
orf_73589651e47d322b163727a4f75aa37918549ba174fb6652b8fe72c28bec58cd	peptide_1e8bc65243a9facc8e4feddf58cbbe693b2477dfe7a89be4bd6f1930464904dc	junction_window	48	77	30	0.0	0.2537772963444392	0	False	False	False
orf_7c43a106ef5d91d762d1276291ea1bec7d2d647636ec3bc780c7ec94ce64c549	peptide_1e8bc65243a9facc8e4feddf58cbbe693b2477dfe7a89be4bd6f1930464904dc	junction_window	48	77	30	0.0	0.2537772963444392	0	False	False	False
orf_fd60fabb89206bc43fa4d82668d0d6d0e1c980fda22dec585ab5a8c51422c5f7	peptide_1e8bc65243a9facc8e4feddf58cbbe693b2477dfe7a89be4bd6f1930464904dc	junction_window	48	77	30	0.0	0.2537772963444392	0	False	False	False
orf_40993678a4af5496cb677575a27fdb8275f892c7f16bede086e8413ad0b52ebb	peptide_1485ea7abb5537105da28caa75dbafd079f07504c590ce733c6d66afe0f0e279	junction_window	208	238	31	0.7741935483870968	0.7009338986489081	24	True	True	True
orf_24f92059a4238114eba0397914312a9cff59c0b6fb7849c34fd81e69c8769f8e	peptide_1485ea7abb5537105da28caa75dbafd079f07504c590ce733c6d66afe0f0e279	junction_window	208	238	31	0.7741935483870968	0.7009338986489081	24	True	True	True
orf_8436865be5a5a9f16ad786e10d7a9797c3659998fcb4c1a19f15ab86ef71a16f	peptide_1485ea7abb5537105da28caa75dbafd079f07504c590ce733c6d66afe0f0e279	junction_window	208	238	31	0.7741935483870968	0.7009338986489081	24	True	True	True
orf_a736d4084654e6676326664c8f6e1b4bb95457310a24be9c1737694620206b92	peptide_e0d3fd43f9f22d7297190f8f414371f7c190ecfc647bf5c34c551d12c1c4357c	junction_window	208	238	31	0.7096774193548387	0.6153572941980054	22	True	True	True
orf_4b4871d1c56f31591d1c3e2ab8cdaa13978eda5518aa179b61f2fda3743e5120	peptide_dfa0f70392894092a6ebb5547ba8aec5110bf75282b42da97ad017230e00c4e6	junction_window	208	238	31	0.7419354838709677	0.6629067822810142	23	True	True	True
orf_ec367ab811c57fbe604ce98b54d04b280900bfef0a33e1a358b46bdd185930ba	peptide_1d26632909793e9ef4868a1283d4ec88d8de6173f2567712b41a3547f09f15b9	junction_window	127	157	31	0.7096774193548387	0.6268203830526721	22	True	True	True
orf_b086ea36e0bbff21af17aa05ac5b85c7858607fbe7d6f163389de4a55fca4611	peptide_1d26632909793e9ef4868a1283d4ec88d8de6173f2567712b41a3547f09f15b9	junction_window	127	157	31	0.7096774193548387	0.6268203830526721	22	True	True	True
orf_7ae3e4ce30281d3f2124a91a5c7b322200c5341019c5cb8e23a0042e27fb45cb	peptide_1d26632909793e9ef4868a1283d4ec88d8de6173f2567712b41a3547f09f15b9	junction_window	127	157	31	0.7096774193548387	0.6268203830526721	22	True	True	True
orf_0a3965291c1a1269ff4b80926ece1ae09a35781a89cc732083a668ca62528d52	peptide_83e70cbd623cb2f7b5d79b5782f40681b07246f0010b053184a440fd9cafd420	junction_window	127	157	31	0.5483870967741935	0.48386898252271837	17	True	True	False
orf_4cbb5cdc4a3afe3e24cf9b49215732be6f74dc888741e4ec897cd88007b1d99b	peptide_597d635312bbaecad92397a89da8161ec9f7e058ec824cd5ea5ad11bacfb78f7	junction_window	127	157	31	0.6451612903225806	0.5748504688662868	20	True	True	True
orf_f82b6855b29d579fdb84ae65baba98875f8e610508b12e09634d9a1bdaa2af69	peptide_1485ea7abb5537105da28caa75dbafd079f07504c590ce733c6d66afe0f0e279	junction_window	208	238	31	0.7741935483870968	0.7009338986489081	24	True	True	True
orf_d764c8a72455290c75ba3402b60d197d6a097284c118ff44537d17a82cbba814	peptide_1485ea7abb5537105da28caa75dbafd079f07504c590ce733c6d66afe0f0e279	junction_window	208	238	31	0.7741935483870968	0.7009338986489081	24	True	True	True
orf_df47c54d987815637f517337a076d642ba51d1bbb8ff2cd6e3bcf2ed8e51aa87	peptide_1485ea7abb5537105da28caa75dbafd079f07504c590ce733c6d66afe0f0e279	junction_window	208	238	31	0.7741935483870968	0.7009338986489081	24	True	True	True
orf_25937857a6c554aeaa5b33ea913f30928df67e3712806202be8dfa58c3d79740	peptide_e0d3fd43f9f22d7297190f8f414371f7c190ecfc647bf5c34c551d12c1c4357c	junction_window	208	238	31	0.7096774193548387	0.6153572941980054	22	True	True	True
orf_0dd67054757ec78df1f53f3b8253e22f406ef043b3f4d8a36d74178981d3dc2a	peptide_dfa0f70392894092a6ebb5547ba8aec5110bf75282b42da97ad017230e00c4e6	junction_window	208	238	31	0.7419354838709677	0.6629067822810142	23	True	True	True
orf_d767ac918dda7c9c999b90b0257f7c9958ac4bad0f3254ceb3f7581c6ffd3f29	peptide_ad78f740e929300252b49c120f9ddbbb1f8e475cc6f925f94b1664050843b25b	junction_window	147	177	31	0.7741935483870968	0.6951289388441271	24	True	True	True
orf_02c0866ab5de487b891e3edfd31b11575ade3604362181e2bbf519507b4b5f43	peptide_ad78f740e929300252b49c120f9ddbbb1f8e475cc6f925f94b1664050843b25b	junction_window	147	177	31	0.7741935483870968	0.6951289388441271	24	True	True	True
orf_6d979a09221999e85948fbeaa23d90a271fa4e170732e44bef5c9f1b2daacb4f	peptide_ad78f740e929300252b49c120f9ddbbb1f8e475cc6f925f94b1664050843b25b	junction_window	147	177	31	0.7741935483870968	0.6951289388441271	24	True	True	True
orf_63a04fbb253a0e90d2eab19f71dc55ef8548399fba818989e09a17fbadd3368f	peptide_75322bcdd1040b2b5cb41f68f709aa3dca2758091ab5789d18444f16472b238a	junction_window	147	177	31	0.6774193548387096	0.5940400583128775	21	True	True	True
orf_e675c358f0266179bc0b7fd95817947969c4ee7976e045b2917165bc1b5e69c4	peptide_cb4825c6749f1e85ecc74a20cb49cd884674a3946d0d5d2f68a309487244bb5b	junction_window	147	177	31	0.7419354838709677	0.6640761321590792	23	True	True	True
orf_f3c0e46aa91d953ede13e70f899473c2a2e2639d5a48c6e4ca98d5b75e15c386	peptide_6d671b114e1c0ccf69cdb1c4eefa26c0c6df2e22ce8b0983ef4805183aac5496	junction_window	74	103	30	0.2	0.4071428765853246	6	False	False	False
orf_facc8f3586b7a8c8fc94cd3353d5a15d3e4de7dfcb7ac2ca3c25eff4109e754e	peptide_6d671b114e1c0ccf69cdb1c4eefa26c0c6df2e22ce8b0983ef4805183aac5496	junction_window	74	103	30	0.2	0.4071428765853246	6	False	False	False
orf_335f4a93021886ca4f7057483fd913055b8208e2603188a714abfcdf1c1a3a32	peptide_6d671b114e1c0ccf69cdb1c4eefa26c0c6df2e22ce8b0983ef4805183aac5496	junction_window	74	103	30	0.2	0.4071428765853246	6	False	False	False
orf_c102d1387c837f21ffd6cedc80334eba1759f486c9a9044d87fa53dd9c154566	peptide_33e439fffd21f0bb37f62999726d0ef310cba0c1c7da99974a3c8dde432ecde0	junction_window	131	160	30	0.0	0.09548578212658564	0	False	False	False
orf_92fc07dec9a4c58dce38916d1a47d3440dac83aee1ff4f8fdd2d2247aa10675d	peptide_2168e44b24311d2038cfd2a0e4419b38462cc90c1ad4a8edab2a8f33656b2877	junction_window	129	158	30	0.0	0.08202332804600397	0	False	False	False
orf_9a72c924daa43054fe0b47d6e34071b071786b577a5a60fa0352c0d78e70189c	peptide_3538354085b81ef36c100a2816d54993d184f50f51149beb3c72110afb62890b	junction_window	15	39	25	0.08	0.2424229323863983	2	False	False	False
orf_4256cbfcc09eaed4e7223f0c174d359327102d4dd8675bd2871b880a3a3012ce	peptide_3538354085b81ef36c100a2816d54993d184f50f51149beb3c72110afb62890b	junction_window	15	39	25	0.08	0.2424229323863983	2	False	False	False
orf_1ff7d96628d4e1e311bd7fadd5ab7eca46e56ea4b33e9e3088bfb5661efc6f32	peptide_3538354085b81ef36c100a2816d54993d184f50f51149beb3c72110afb62890b	junction_window	15	39	25	0.08	0.2424229323863983	2	False	False	False
orf_ec9c0b0b8a60a859788989419a6959eae8d47545dad39fb68993c36edb21e407	peptide_3538354085b81ef36c100a2816d54993d184f50f51149beb3c72110afb62890b	junction_window	15	39	25	0.08	0.2424229323863983	2	False	False	False
orf_ce8b7b425b16153e651b8dab0e5768f39ab916021a1335c98d9b2ad79d696f2d	peptide_3538354085b81ef36c100a2816d54993d184f50f51149beb3c72110afb62890b	junction_window	15	39	25	0.08	0.2424229323863983	2	False	False	False
orf_f8c479c83a75b9de196505097b50b30941b996474db9e01192bcc569187fa150	peptide_3538354085b81ef36c100a2816d54993d184f50f51149beb3c72110afb62890b	junction_window	15	39	25	0.08	0.2424229323863983	2	False	False	False
orf_f535cfbc09505552da50fb5df2479cf55db8c3e420a0eb60a58e7e169dce8fc1	peptide_3538354085b81ef36c100a2816d54993d184f50f51149beb3c72110afb62890b	junction_window	15	39	25	0.08	0.2424229323863983	2	False	False	False
orf_6158616796cbe127c641d684231d98e1e6f5d9340b7f077c98616c0824f0cbe5	peptide_3538354085b81ef36c100a2816d54993d184f50f51149beb3c72110afb62890b	junction_window	15	39	25	0.08	0.2424229323863983	2	False	False	False
orf_36e3fa6eacec280ff998858bc592301d81db359e3c24088875af67d0846f45ce	peptide_3538354085b81ef36c100a2816d54993d184f50f51149beb3c72110afb62890b	junction_window	15	39	25	0.08	0.2424229323863983	2	False	False	False
orf_3601668f2861228452c02dbfa60d4c3f036f716929221150e35f48b1a7032fa8	peptide_3538354085b81ef36c100a2816d54993d184f50f51149beb3c72110afb62890b	junction_window	15	39	25	0.08	0.2424229323863983	2	False	False	False
orf_869c8ffc9c583e52052b960c3a21a46c70cd66c34c05dff9b410167f86d08eef	peptide_7a9f6f4887bd814b003cf10313fd2533c1efedd27d7e63a1d4f1508167c28ace	junction_window	8	38	31	1.0	0.6096326324247545	31	True	True	True
orf_0ee03ae88971746f23c1ff5c65c33d7c01fbed7efebd37ff4084e0d0036d9a23	peptide_7a9f6f4887bd814b003cf10313fd2533c1efedd27d7e63a1d4f1508167c28ace	junction_window	8	38	31	1.0	0.6096326324247545	31	True	True	True
orf_ada27386fd7817425c5b5697ba1d4e7279d87a1c78268981eb789430d70692d5	peptide_7a9f6f4887bd814b003cf10313fd2533c1efedd27d7e63a1d4f1508167c28ace	junction_window	8	38	31	1.0	0.6096326324247545	31	True	True	True
orf_f2b36dae5e30804fb13c8f9de1367da5ba3ecd39e83b475a1bf3b7bcea55e376	peptide_7a9f6f4887bd814b003cf10313fd2533c1efedd27d7e63a1d4f1508167c28ace	junction_window	8	38	31	1.0	0.6096326324247545	31	True	True	True
orf_59734bd7a9f9a6bce29a9afa47c84e6d1ada2e49676428f793354726e3b7c757	peptide_7a9f6f4887bd814b003cf10313fd2533c1efedd27d7e63a1d4f1508167c28ace	junction_window	8	38	31	1.0	0.6096326324247545	31	True	True	True
orf_2e65bc507214e5b15dc5f25d579e70abdbb3e8fecd0e9aeaab5181e5b64dd9c5	peptide_7a9f6f4887bd814b003cf10313fd2533c1efedd27d7e63a1d4f1508167c28ace	junction_window	8	38	31	1.0	0.6096326324247545	31	True	True	True
orf_2a3674d8f0113b24af2f1dc3fdeaed9c49d687ee3148ee4555c71b6c228a79bb	peptide_7a9f6f4887bd814b003cf10313fd2533c1efedd27d7e63a1d4f1508167c28ace	junction_window	8	38	31	1.0	0.6096326324247545	31	True	True	True
orf_e26f88e18dbff588f982850702b3f08d83d95ef12e2be6f97ec3db05e0e0af7f	peptide_7a9f6f4887bd814b003cf10313fd2533c1efedd27d7e63a1d4f1508167c28ace	junction_window	8	38	31	1.0	0.6096326324247545	31	True	True	True
orf_e4f805ef9530d9718ca51b9f6ff04198bc8c59dc78eb56e5fbefcb672ea5c2a8	peptide_7a9f6f4887bd814b003cf10313fd2533c1efedd27d7e63a1d4f1508167c28ace	junction_window	8	38	31	1.0	0.6096326324247545	31	True	True	True
orf_9ff92af2637010e4a973809a8453cb6591bf5253a218b73fb8691064dda1d367	peptide_7a9f6f4887bd814b003cf10313fd2533c1efedd27d7e63a1d4f1508167c28ace	junction_window	8	38	31	1.0	0.6096326324247545	31	True	True	True
orf_6f82d674c06c9e0422ff7287b24aaa5c79152f754850e6948c8c321934a108d9	peptide_7a9f6f4887bd814b003cf10313fd2533c1efedd27d7e63a1d4f1508167c28ace	junction_window	8	38	31	1.0	0.6096326324247545	31	True	True	True
orf_261ce6b53a8270f7a0c16c899e4215a81baed4901c68b51fb11519aaa83d22b6	peptide_7a9f6f4887bd814b003cf10313fd2533c1efedd27d7e63a1d4f1508167c28ace	junction_window	8	38	31	1.0	0.6096326324247545	31	True	True	True
orf_95393afd98dd69c707faab8c7420a3699b8a9582007387db9607b0d544678a53	peptide_7a9f6f4887bd814b003cf10313fd2533c1efedd27d7e63a1d4f1508167c28ace	junction_window	8	38	31	1.0	0.6096326324247545	31	True	True	True
orf_3bf10d1ab0effbadc4f630092ba6c90880a91de719cd8c2fa44450f8119d12fc	peptide_7a9f6f4887bd814b003cf10313fd2533c1efedd27d7e63a1d4f1508167c28ace	junction_window	8	38	31	1.0	0.6096326324247545	31	True	True	True
orf_5726f23f56665a04389cf973d50e90bb2c0c07c0c077969ebaaf65a950d73931	peptide_7a9f6f4887bd814b003cf10313fd2533c1efedd27d7e63a1d4f1508167c28ace	junction_window	8	38	31	1.0	0.6096326324247545	31	True	True	True
orf_ce4cb9d143d22fdc01b4aac598875f0e17a197c9a0d904f3b75140ce94808102	peptide_7a9f6f4887bd814b003cf10313fd2533c1efedd27d7e63a1d4f1508167c28ace	junction_window	8	38	31	1.0	0.6096326324247545	31	True	True	True
orf_a0afc186d551149fe3aadb9d4f070c32e4f4cc192a716a4b0d0247ed3a85012d	peptide_7a9f6f4887bd814b003cf10313fd2533c1efedd27d7e63a1d4f1508167c28ace	junction_window	8	38	31	1.0	0.6096326324247545	31	True	True	True
orf_15e2a47c50db80958315091fde4d6c1460d58dbd9af5f8775676b81e5ba78375	peptide_7a9f6f4887bd814b003cf10313fd2533c1efedd27d7e63a1d4f1508167c28ace	junction_window	8	38	31	1.0	0.6096326324247545	31	True	True	True
orf_5d0912bd42f98728084f52d26d6b416f94f764476d790c51c764b07acefe51a7	peptide_7a9f6f4887bd814b003cf10313fd2533c1efedd27d7e63a1d4f1508167c28ace	junction_window	8	38	31	1.0	0.6096326324247545	31	True	True	True
orf_1f2c4de3279ad378c8c1a9cc126788ae3a582e42aa379f8a6d72a7e857e2ae09	peptide_7a9f6f4887bd814b003cf10313fd2533c1efedd27d7e63a1d4f1508167c28ace	junction_window	8	38	31	1.0	0.6096326324247545	31	True	True	True
orf_396544ace2de20b76e8c7680847eac3cfab8ff3d8d131253192426cb1484a698	peptide_7a9f6f4887bd814b003cf10313fd2533c1efedd27d7e63a1d4f1508167c28ace	junction_window	8	38	31	1.0	0.6096326324247545	31	True	True	True
orf_045919cf24db8993c0640b757e608072ad697681a3e914e03f346d64d289a0b4	peptide_7a9f6f4887bd814b003cf10313fd2533c1efedd27d7e63a1d4f1508167c28ace	junction_window	8	38	31	1.0	0.6096326324247545	31	True	True	True
orf_7e4dee2ae89eb55d0434ef15655cd7c3c6c90173b718e887d2f785d4862f1b5b	peptide_7a9f6f4887bd814b003cf10313fd2533c1efedd27d7e63a1d4f1508167c28ace	junction_window	8	38	31	1.0	0.6096326324247545	31	True	True	True
orf_4b74dfdffba3516dc75e8b4d81798a243aaf3ef829a467c208ea1c2fb2e85ed5	peptide_7a9f6f4887bd814b003cf10313fd2533c1efedd27d7e63a1d4f1508167c28ace	junction_window	8	38	31	1.0	0.6096326324247545	31	True	True	True
orf_d6b71088a1c9fa27c26bdb7045c13d129ba044f1ca711f9c2da2c9f6f453fa56	peptide_7a9f6f4887bd814b003cf10313fd2533c1efedd27d7e63a1d4f1508167c28ace	junction_window	8	38	31	1.0	0.6096326324247545	31	True	True	True
orf_e968e4cba4333d0c60a835a824607f055cbbf653ee0a3e6f24c20c0eaa914f01	peptide_7a9f6f4887bd814b003cf10313fd2533c1efedd27d7e63a1d4f1508167c28ace	junction_window	8	38	31	1.0	0.6096326324247545	31	True	True	True
orf_fbb6c057f1a26022a903012d7711a9653790eb0534dc82b344ebd5f37bf7c6e0	peptide_7a9f6f4887bd814b003cf10313fd2533c1efedd27d7e63a1d4f1508167c28ace	junction_window	8	38	31	1.0	0.6096326324247545	31	True	True	True
orf_9974b664a60e77fcb9d05357c627d3642d404d1651b090f2728f99e86613600d	peptide_7a9f6f4887bd814b003cf10313fd2533c1efedd27d7e63a1d4f1508167c28ace	junction_window	8	38	31	1.0	0.6096326324247545	31	True	True	True
orf_f20a040096c6178604c193c1405927c5bad94944228a1758c8a9b06bbcabcf11	peptide_7a9f6f4887bd814b003cf10313fd2533c1efedd27d7e63a1d4f1508167c28ace	junction_window	8	38	31	1.0	0.6096326324247545	31	True	True	True
orf_838c63ebe210c6ec351d43ceb1642d8f663b4aef0318895159c4c0e3b00c8176	peptide_7a9f6f4887bd814b003cf10313fd2533c1efedd27d7e63a1d4f1508167c28ace	junction_window	8	38	31	1.0	0.6096326324247545	31	True	True	True
orf_a37f4863e34dd5966a1acba90e135d7623f4b1006f73fc0ff058506cf8971743	peptide_7a9f6f4887bd814b003cf10313fd2533c1efedd27d7e63a1d4f1508167c28ace	junction_window	8	38	31	1.0	0.6096326324247545	31	True	True	True
orf_4bc94ed76ac06be846f088a727d0bcc8f7eb6ebb5039a582e64c7a9f2fd9b147	peptide_7a9f6f4887bd814b003cf10313fd2533c1efedd27d7e63a1d4f1508167c28ace	junction_window	8	38	31	1.0	0.6096326324247545	31	True	True	True
orf_f28f0b78c960eb4fca17f3f0455f129c21702fbe3558e31b4a2a33af66aef75a	peptide_7a9f6f4887bd814b003cf10313fd2533c1efedd27d7e63a1d4f1508167c28ace	junction_window	8	38	31	1.0	0.6096326324247545	31	True	True	True
orf_7dd748c51a286530abe17b458a4aad7e9dbb7c20ba019135c0e6edc49dccbe56	peptide_7a9f6f4887bd814b003cf10313fd2533c1efedd27d7e63a1d4f1508167c28ace	junction_window	8	38	31	1.0	0.6096326324247545	31	True	True	True
orf_f5b58ccf1ea29d635dcf52f59ce20d8c8885e6a9a6f5098b210385c7e4b63ad0	peptide_7a9f6f4887bd814b003cf10313fd2533c1efedd27d7e63a1d4f1508167c28ace	junction_window	8	38	31	1.0	0.6096326324247545	31	True	True	True
orf_734311235ff5435cb5a8dd238e21f3bffe1141f76d5cdc100591af1673f71c38	peptide_f24219a126525f2d211114163d59773936920bb6110bdcc3eba476c5a060678c	junction_window	477	507	31	0.06451612903225806	0.1517105140993672	2	False	False	False
orf_579613ab55720418ba28ca4545de0f4bf1e4dac765ed3b996eddc159e8ebf723	peptide_f24219a126525f2d211114163d59773936920bb6110bdcc3eba476c5a060678c	junction_window	477	507	31	0.06451612903225806	0.1517105140993672	2	False	False	False
orf_e39fb98ee23b315960eb56569feb83e9c37d5421dd03e43a87d8e77fcefcfff5	peptide_1fe37bd6ea07b66d2c16eb3ac3ec79534ca5317c7b1cadea503320eaa4a1a3a2	junction_window	347	377	31	0.0967741935483871	0.15409334100061847	3	False	False	False
orf_2a6d8f9aca56b3dfc2affce83becf371f062686a48a2ff790f8d2d169bffda81	peptide_1fe37bd6ea07b66d2c16eb3ac3ec79534ca5317c7b1cadea503320eaa4a1a3a2	junction_window	347	377	31	0.0967741935483871	0.15409334100061847	3	False	False	False
orf_797b42700787ba0bbe5bda6bae6cc269e2dd0bccc877f8d3ebc81343042b5882	peptide_b38a46e68fa112ecb3d07b06ff9f3c00cfbcb19b8f9098cd396c99a0030c80ca	junction_window	54	75	22	1.0	0.9025627483021129	22	True	True	True
orf_eef5a3f2ed34f9c6ca7f1cf34aef1a931d573ca389dc78c7e9715c981dcf4ee0	peptide_b38a46e68fa112ecb3d07b06ff9f3c00cfbcb19b8f9098cd396c99a0030c80ca	junction_window	54	75	22	1.0	0.9025627483021129	22	True	True	True
orf_0803c3a31cb9dccf403fcb525ffbc96a171319b8e337d99b5d06dd73d094d86b	peptide_b38a46e68fa112ecb3d07b06ff9f3c00cfbcb19b8f9098cd396c99a0030c80ca	junction_window	54	75	22	1.0	0.9025627483021129	22	True	True	True
orf_d7a70cb2a2631994a41cf66c3e413698dd8a00221c490afdf51cefd4bdd12d5a	peptide_b38a46e68fa112ecb3d07b06ff9f3c00cfbcb19b8f9098cd396c99a0030c80ca	junction_window	54	75	22	1.0	0.9025627483021129	22	True	True	True
orf_a84e28f4ad2b876e6f8d779e1c6798c21679c899951b16ce86834b2d29a0ba63	peptide_9f2fe14fa088a9dd84d07165dad30bd8c00b45f2a19df50ed275a955ec4f7d82	junction_window	10	31	22	1.0	0.9044367616826837	22	True	True	True
orf_13ea2469182308c0d0fecc84db409375e13ddc619a880e4ff41f075988d4c03c	peptide_9f2fe14fa088a9dd84d07165dad30bd8c00b45f2a19df50ed275a955ec4f7d82	junction_window	10	31	22	1.0	0.9044367616826837	22	True	True	True
orf_1b5c80a5fbcf730f2eae22c4587ae6f3672b0da04ed323fa8d263b770bacb6f6	peptide_9f2fe14fa088a9dd84d07165dad30bd8c00b45f2a19df50ed275a955ec4f7d82	junction_window	10	31	22	1.0	0.9044367616826837	22	True	True	True
orf_2f5f7c29a70b51a3ab1e4571ac21fe7e6970fd317b698d86871d0978d0ace359	peptide_9f2fe14fa088a9dd84d07165dad30bd8c00b45f2a19df50ed275a955ec4f7d82	junction_window	10	31	22	1.0	0.9044367616826837	22	True	True	True
orf_3a40114da70116d9964e7a68cb1c0c5cc348c47e6d7cc232bead5583dda59212	peptide_9f2fe14fa088a9dd84d07165dad30bd8c00b45f2a19df50ed275a955ec4f7d82	junction_window	10	31	22	1.0	0.9044367616826837	22	True	True	True
orf_0eac5966fa63c4e646a593701b7ed2fe5ac971244d07b973a242fbc532b4c193	peptide_9f2fe14fa088a9dd84d07165dad30bd8c00b45f2a19df50ed275a955ec4f7d82	junction_window	10	31	22	1.0	0.9044367616826837	22	True	True	True
orf_32365299303413d2d81b5b555bdf80e2278725bf037427144922381e3473ad03	peptide_9f2fe14fa088a9dd84d07165dad30bd8c00b45f2a19df50ed275a955ec4f7d82	junction_window	10	31	22	1.0	0.9044367616826837	22	True	True	True
orf_e676ec7ef8121295abc085ee2876814c9e97b2a02ab6548e286985338b72cb46	peptide_9f2fe14fa088a9dd84d07165dad30bd8c00b45f2a19df50ed275a955ec4f7d82	junction_window	10	31	22	1.0	0.9044367616826837	22	True	True	True
orf_7fb50d263c9875a687e421d5445ff911e957e8e42dea59908df1b05ac8d65c5d	peptide_9f2fe14fa088a9dd84d07165dad30bd8c00b45f2a19df50ed275a955ec4f7d82	junction_window	10	31	22	1.0	0.9044367616826837	22	True	True	True
orf_82d0130332d1fdb63981f268983c5b5e6ee4cc5bd827ff5762ac351a67b81982	peptide_9f2fe14fa088a9dd84d07165dad30bd8c00b45f2a19df50ed275a955ec4f7d82	junction_window	10	31	22	1.0	0.9044367616826837	22	True	True	True
orf_01df366652b5df04f6b0ca3a9860f18df0bcd71536963af4507dc06f98430daa	peptide_9f2fe14fa088a9dd84d07165dad30bd8c00b45f2a19df50ed275a955ec4f7d82	junction_window	10	31	22	1.0	0.9044367616826837	22	True	True	True
orf_a0b1b1fb07fea2bc0ca5e419a7c06952000337acb232f3e73ff02ff2e1aa37b3	peptide_9f2fe14fa088a9dd84d07165dad30bd8c00b45f2a19df50ed275a955ec4f7d82	junction_window	10	31	22	1.0	0.9044367616826837	22	True	True	True
orf_9863196b70aac54657c6339eae7ae7c82c9618122bbc51cb0b6e41787f3a0cdb	peptide_9f2fe14fa088a9dd84d07165dad30bd8c00b45f2a19df50ed275a955ec4f7d82	junction_window	10	31	22	1.0	0.9044367616826837	22	True	True	True
orf_078f2c1accdc67a4b3d4615697a3c1bbac24820c2a03d86a68dc068a6d4004d9	peptide_9f2fe14fa088a9dd84d07165dad30bd8c00b45f2a19df50ed275a955ec4f7d82	junction_window	10	31	22	1.0	0.9044367616826837	22	True	True	True
orf_fd1d7a9e580c0d12b43be81f9a0774e6180d8b55d0b35ed3bdb240e18cc6ea92	peptide_9f2fe14fa088a9dd84d07165dad30bd8c00b45f2a19df50ed275a955ec4f7d82	junction_window	10	31	22	1.0	0.9044367616826837	22	True	True	True
orf_fb5a1b7cc2621b5ae75925a847d9605da78c32dc26106b8fb0c217e077afba8b	peptide_9f2fe14fa088a9dd84d07165dad30bd8c00b45f2a19df50ed275a955ec4f7d82	junction_window	10	31	22	1.0	0.9044367616826837	22	True	True	True
orf_1b6c9cab806cb5fd1f81b79302e4ca75af18ba995d8c53884d9cda3e32775a16	peptide_9f2fe14fa088a9dd84d07165dad30bd8c00b45f2a19df50ed275a955ec4f7d82	junction_window	10	31	22	1.0	0.9044367616826837	22	True	True	True
orf_b0a7b53bd8a7f3018cf42daf79427b93f5e58c50a54e5c609375f1facbf4d8eb	peptide_9f2fe14fa088a9dd84d07165dad30bd8c00b45f2a19df50ed275a955ec4f7d82	junction_window	10	31	22	1.0	0.9044367616826837	22	True	True	True
orf_0613605cb36d74df3d8dccf0f6d5ab6a5681abd3101377ff9423d4baf5adf188	peptide_9f2fe14fa088a9dd84d07165dad30bd8c00b45f2a19df50ed275a955ec4f7d82	junction_window	10	31	22	1.0	0.9044367616826837	22	True	True	True
orf_5a722ac1102f863f484f0bb873ef161ec247ac83bb656885fa19faa7ae11334d	peptide_9f2fe14fa088a9dd84d07165dad30bd8c00b45f2a19df50ed275a955ec4f7d82	junction_window	10	31	22	1.0	0.9044367616826837	22	True	True	True
orf_da75ce5e28fe729f6d9780f7bb11aacdaa59dbab1ea364b7cf3bcb9bafba704b	peptide_9f2fe14fa088a9dd84d07165dad30bd8c00b45f2a19df50ed275a955ec4f7d82	junction_window	10	31	22	1.0	0.9044367616826837	22	True	True	True
orf_bcccef700f5e287ac660606d599efabfa4586f2d75c9e54e873c8d7def08eac5	peptide_9f2fe14fa088a9dd84d07165dad30bd8c00b45f2a19df50ed275a955ec4f7d82	junction_window	10	31	22	1.0	0.9044367616826837	22	True	True	True
orf_e83f3a5c8276482a391f03ae0aee2965a91d5245b20965d868990a1735499e14	peptide_9f2fe14fa088a9dd84d07165dad30bd8c00b45f2a19df50ed275a955ec4f7d82	junction_window	10	31	22	1.0	0.9044367616826837	22	True	True	True
orf_3bc084ee4275c8f1912b08ba6d3585659f317da65e3b86439cf4f60a4de93b5e	peptide_9f2fe14fa088a9dd84d07165dad30bd8c00b45f2a19df50ed275a955ec4f7d82	junction_window	10	31	22	1.0	0.9044367616826837	22	True	True	True
orf_0e5d5e8dea234888c560cd36446ad0b1ff720e0d038e2bed4e0bdbbe834410ac	peptide_9f2fe14fa088a9dd84d07165dad30bd8c00b45f2a19df50ed275a955ec4f7d82	junction_window	10	31	22	1.0	0.9044367616826837	22	True	True	True
orf_e673dc6a22bc9a4c770d10943fbd4500724db5c14d48459e39d42a5ec69993df	peptide_9f2fe14fa088a9dd84d07165dad30bd8c00b45f2a19df50ed275a955ec4f7d82	junction_window	10	31	22	1.0	0.9044367616826837	22	True	True	True
orf_04b21eba8d951887bf0d90a4e79031b6c68292229885b66c33af2a4a88033772	peptide_9f2fe14fa088a9dd84d07165dad30bd8c00b45f2a19df50ed275a955ec4f7d82	junction_window	10	31	22	1.0	0.9044367616826837	22	True	True	True
orf_9aa9cf6226a3481d2a7b19892ad35c40e6443bcd02b499d2c3644874c62e1f04	peptide_9f2fe14fa088a9dd84d07165dad30bd8c00b45f2a19df50ed275a955ec4f7d82	junction_window	10	31	22	1.0	0.9044367616826837	22	True	True	True
orf_25bfa978003a7d3f9688ee768d74d9dee7323bcf76778f2d0d5f5898457af99f	peptide_9f2fe14fa088a9dd84d07165dad30bd8c00b45f2a19df50ed275a955ec4f7d82	junction_window	10	31	22	1.0	0.9044367616826837	22	True	True	True
orf_19e15cba184cb1c35b66a06edf1b8fe45267a0f1e765c7e0178e3043f0b6c1f2	peptide_9f2fe14fa088a9dd84d07165dad30bd8c00b45f2a19df50ed275a955ec4f7d82	junction_window	10	31	22	1.0	0.9044367616826837	22	True	True	True
orf_7ae7522503924039034d80f06792753c8d0f3a68271b436a2c3499eacf0318ce	peptide_9f2fe14fa088a9dd84d07165dad30bd8c00b45f2a19df50ed275a955ec4f7d82	junction_window	10	31	22	1.0	0.9044367616826837	22	True	True	True
orf_d69a23a11fc892e623e3eb91a5c2e4c8a6326b21035a566d45396fa4777b8147	peptide_9f2fe14fa088a9dd84d07165dad30bd8c00b45f2a19df50ed275a955ec4f7d82	junction_window	10	31	22	1.0	0.9044367616826837	22	True	True	True
orf_47ad0ba2540a93c2f4f1e4a8c0b9595b04469b6621a948a2de0c2a876e35e505	peptide_9f2fe14fa088a9dd84d07165dad30bd8c00b45f2a19df50ed275a955ec4f7d82	junction_window	10	31	22	1.0	0.9044367616826837	22	True	True	True
orf_cfd580b9226e137b6778460b9b3cc7210c0d4d4c141e2d7b9c4474be71d54e34	peptide_9f2fe14fa088a9dd84d07165dad30bd8c00b45f2a19df50ed275a955ec4f7d82	junction_window	10	31	22	1.0	0.9044367616826837	22	True	True	True
orf_a435edbba1723f3c5d4bfd1cf834b7db921f48b54120c5731b1af6e297e03750	peptide_9f2fe14fa088a9dd84d07165dad30bd8c00b45f2a19df50ed275a955ec4f7d82	junction_window	10	31	22	1.0	0.9044367616826837	22	True	True	True
orf_9ca2c822cf97bffc2e0a2957f73136c834b91448d8e410a312bdf29b3f33d7e1	peptide_9f2fe14fa088a9dd84d07165dad30bd8c00b45f2a19df50ed275a955ec4f7d82	junction_window	10	31	22	1.0	0.9044367616826837	22	True	True	True
orf_7e10582a0e7d3dfac5c4ac6d29ada515e760deb213238414e97e29e9849bcffd	peptide_5a234919c79536d3b2fa40752c1be194a577052356662814783fd92907a22081	junction_window	54	75	22	1.0	0.9147565852512013	22	True	True	True
orf_7aaa8301cfc5a529648e57f6d1af9603c452808fdd34df4875fefa8a4cf95162	peptide_5a234919c79536d3b2fa40752c1be194a577052356662814783fd92907a22081	junction_window	54	75	22	1.0	0.9147565852512013	22	True	True	True
orf_ed45e3e5748c2ec8aeb9962edc9e7e47cc28a141b70595444bb07436aedd6117	peptide_5a234919c79536d3b2fa40752c1be194a577052356662814783fd92907a22081	junction_window	54	75	22	1.0	0.9147565852512013	22	True	True	True
orf_a1a7171f6e4b2a82836ec7ce8c2f9c309778b5f8739f609cf306b529132584ac	peptide_5a234919c79536d3b2fa40752c1be194a577052356662814783fd92907a22081	junction_window	54	75	22	1.0	0.9147565852512013	22	True	True	True
orf_44df2b37104f4e57cbb8c604563ee56defe3acaa77082e5ac420216204db5a82	peptide_9f2fe14fa088a9dd84d07165dad30bd8c00b45f2a19df50ed275a955ec4f7d82	junction_window	10	31	22	1.0	0.9044367616826837	22	True	True	True
orf_1d8e5af69001f7126b2bff62a33efc599654e2c13f66e0f14d63162f164b3148	peptide_9f2fe14fa088a9dd84d07165dad30bd8c00b45f2a19df50ed275a955ec4f7d82	junction_window	10	31	22	1.0	0.9044367616826837	22	True	True	True
orf_79f6418ba8a77e37401baea4545eb19b2c5e5a0cdfce67f9ae7c279843b46259	peptide_9f2fe14fa088a9dd84d07165dad30bd8c00b45f2a19df50ed275a955ec4f7d82	junction_window	10	31	22	1.0	0.9044367616826837	22	True	True	True
orf_2bc3d34c23a6e1cc70539f72ca3c679709a85f5c56b6730e4b14f19b8792369a	peptide_9f2fe14fa088a9dd84d07165dad30bd8c00b45f2a19df50ed275a955ec4f7d82	junction_window	10	31	22	1.0	0.9044367616826837	22	True	True	True
orf_94325fc75891ec492950709208d01774644c6b8099135b150fad3614e7a798c6	peptide_64acab400c65167ffaeee966c72b5756d55bfb825d8d85ba309ad0336fc74355	junction_window	39	60	22	1.0	0.9037548141046003	22	True	True	True
orf_a7909b8ae493f5b5379919aab47d0320a0ed3f62c3b59cc365b270d4b29b1f13	peptide_64acab400c65167ffaeee966c72b5756d55bfb825d8d85ba309ad0336fc74355	junction_window	39	60	22	1.0	0.9037548141046003	22	True	True	True
orf_09e9d494fdc4d871dc4a70c3bf4052b72779887d82ed28eac5d46398e01f212e	peptide_64acab400c65167ffaeee966c72b5756d55bfb825d8d85ba309ad0336fc74355	junction_window	39	60	22	1.0	0.9037548141046003	22	True	True	True
orf_9ddc56de9f940d9a0b74847e7a88d62e38173492cc92ded40af4a43a7f9786d2	peptide_64acab400c65167ffaeee966c72b5756d55bfb825d8d85ba309ad0336fc74355	junction_window	39	60	22	1.0	0.9037548141046003	22	True	True	True
orf_7c228c9a9b6263712ef27f77d3ebbd4c05f87d881fd486037b539a1da7755385	peptide_9f2fe14fa088a9dd84d07165dad30bd8c00b45f2a19df50ed275a955ec4f7d82	junction_window	10	31	22	1.0	0.9044367616826837	22	True	True	True
orf_3b1e5d4850189c38dd419142fb552e188ddb23c442958e87df10db76149c40f9	peptide_9f2fe14fa088a9dd84d07165dad30bd8c00b45f2a19df50ed275a955ec4f7d82	junction_window	10	31	22	1.0	0.9044367616826837	22	True	True	True
orf_bda4444ced8e72bdb02763c6941328b82c0a6363ca27f8aa548973e49378115b	peptide_9f2fe14fa088a9dd84d07165dad30bd8c00b45f2a19df50ed275a955ec4f7d82	junction_window	10	31	22	1.0	0.9044367616826837	22	True	True	True
orf_6890604b59978cd69b9177cf39d3008d14dc0fea811d2683656b310e190d146d	peptide_9f2fe14fa088a9dd84d07165dad30bd8c00b45f2a19df50ed275a955ec4f7d82	junction_window	10	31	22	1.0	0.9044367616826837	22	True	True	True
orf_6209a2633be9985658d4d830c5d1be6cd3837c0ca99a3af4e036a0284b1ff633	peptide_9f2fe14fa088a9dd84d07165dad30bd8c00b45f2a19df50ed275a955ec4f7d82	junction_window	10	31	22	1.0	0.9044367616826837	22	True	True	True
orf_ebab26924e1c5c782a4709acab9d69147e297be3a86fc8003aa2ccb26573aa66	peptide_9f2fe14fa088a9dd84d07165dad30bd8c00b45f2a19df50ed275a955ec4f7d82	junction_window	10	31	22	1.0	0.9044367616826837	22	True	True	True
orf_e31c37db1ebcd36ea03be4f7086f5c9034657a846603c7ddbf13135f0f9bf1b9	peptide_9f2fe14fa088a9dd84d07165dad30bd8c00b45f2a19df50ed275a955ec4f7d82	junction_window	10	31	22	1.0	0.9044367616826837	22	True	True	True
orf_7fb10de7a11c4bf4d3b48c6bcc2e07cb1671ece445e715c122905874b3bb6ee5	peptide_9f2fe14fa088a9dd84d07165dad30bd8c00b45f2a19df50ed275a955ec4f7d82	junction_window	10	31	22	1.0	0.9044367616826837	22	True	True	True
orf_ab50b2c1b5147110359586bc04c6624011fef9263c2fd46fb32d1b5384bce66b	peptide_9f2fe14fa088a9dd84d07165dad30bd8c00b45f2a19df50ed275a955ec4f7d82	junction_window	10	31	22	1.0	0.9044367616826837	22	True	True	True
orf_5f08f3723905d75f90a428835a9f4a1132239b949620054af704a5d131f8db2d	peptide_9f2fe14fa088a9dd84d07165dad30bd8c00b45f2a19df50ed275a955ec4f7d82	junction_window	10	31	22	1.0	0.9044367616826837	22	True	True	True
orf_67ee8eef26230e65d5488177c1567538823ef36be7f44213ea0d1edf26601fab	peptide_9f2fe14fa088a9dd84d07165dad30bd8c00b45f2a19df50ed275a955ec4f7d82	junction_window	10	31	22	1.0	0.9044367616826837	22	True	True	True
orf_b7214e803df8bfb2a1dbfe39eb94f52da9de3d9ae1892aebe715b7477069dbf8	peptide_9f2fe14fa088a9dd84d07165dad30bd8c00b45f2a19df50ed275a955ec4f7d82	junction_window	10	31	22	1.0	0.9044367616826837	22	True	True	True
