sequence_id	role	sequence_sha256	length_aa	pfam_domain_hit_count	distinct_pfam_count	aligned_residue_union_coverage	architecture	domain_status	overlap_handling
control_001594b905670e913e645ea91909b6dfa709729825581373325481860fbb8515	parent_control	001594b905670e913e645ea91909b6dfa709729825581373325481860fbb8515	220	2	1	0.6454545454545455	PF04201.21:41-121;PF04201.21:119-182	Pfam_GA_hit	all_GA_hits_retained_no_clan_competition_filter
control_00f204d97e5d0fa5951098199c808c3fea15f364cd8e1594dc26af5b61a915e1	parent_control	00f204d97e5d0fa5951098199c808c3fea15f364cd8e1594dc26af5b61a915e1	209	1	1	0.7129186602870813	PF08718.17:18-166	Pfam_GA_hit	all_GA_hits_retained_no_clan_competition_filter
control_011cac683ab698f112355673dfc8960f01e3cc951a1f3efb1776fbc4775efd55	parent_control	011cac683ab698f112355673dfc8960f01e3cc951a1f3efb1776fbc4775efd55	838	1	1	0.9570405727923628	PF01496.25:27-828	Pfam_GA_hit	all_GA_hits_retained_no_clan_competition_filter
control_031ca417fea4797cad76481845bc3481455b01685aa212415f7909d9f30327dc	parent_control	031ca417fea4797cad76481845bc3481455b01685aa212415f7909d9f30327dc	457	1	1	0.1838074398249453	PF00017.31:347-430	Pfam_GA_hit	all_GA_hits_retained_no_clan_competition_filter
control_034fcd077d3d56ac7994886e738ee87781835a4faed516e5c32ce6f2ce3e14d4	parent_control	034fcd077d3d56ac7994886e738ee87781835a4faed516e5c32ce6f2ce3e14d4	176	1	1	0.23295454545454544	PF00595.30:18-58	Pfam_GA_hit	all_GA_hits_retained_no_clan_competition_filter
control_0395b1536b6918d405a38332dec8cdd458fda5af210e1ec8e74048fad7ac4cc4	parent_control	0395b1536b6918d405a38332dec8cdd458fda5af210e1ec8e74048fad7ac4cc4	1457	1	1	0.9986273164035689	PF24917.1:1-1455	Pfam_GA_hit	all_GA_hits_retained_no_clan_competition_filter
control_03fe05e6d2a9581bb3f099607555b1889159c45468b6cd5c2b5e29e9b87c66b0	parent_control	03fe05e6d2a9581bb3f099607555b1889159c45468b6cd5c2b5e29e9b87c66b0	282	1	1	0.2978723404255319	PF00017.31:172-255	Pfam_GA_hit	all_GA_hits_retained_no_clan_competition_filter
control_04c1b2a567d706ab88ea9e81f5436c8b634559e1d18275b53738437eb71e3b15	parent_control	04c1b2a567d706ab88ea9e81f5436c8b634559e1d18275b53738437eb71e3b15	40	1	1	0.575	PF10584.15:8-30	Pfam_GA_hit	all_GA_hits_retained_no_clan_competition_filter
control_05307a69ac9e8a99a465f7230bb2f1f333e0996076b3f0a81b4dd38f3e8d6883	parent_control	05307a69ac9e8a99a465f7230bb2f1f333e0996076b3f0a81b4dd38f3e8d6883	998	1	1	0.5220440881763527	PF10408.15:462-982	Pfam_GA_hit	all_GA_hits_retained_no_clan_competition_filter
control_05b3a7684b1f3ae50ccef172b8f09f9d5ff92206a5ada0db05750bfc827eb1db	parent_control	05b3a7684b1f3ae50ccef172b8f09f9d5ff92206a5ada0db05750bfc827eb1db	454	1	1	0.18502202643171806	PF00017.31:344-427	Pfam_GA_hit	all_GA_hits_retained_no_clan_competition_filter
control_05b3fd5ebc86f211f96ec9a0dd66977307db8a6a3ce3b5a9325f3853d5a43678	parent_control	05b3fd5ebc86f211f96ec9a0dd66977307db8a6a3ce3b5a9325f3853d5a43678	100	1	1	0.77	PF00169.36:6-82	Pfam_GA_hit	all_GA_hits_retained_no_clan_competition_filter
control_05baf7248422cf32e3196038af7d9caf6bf281785fe8e59880148d56ea88e9a8	parent_control	05baf7248422cf32e3196038af7d9caf6bf281785fe8e59880148d56ea88e9a8	308	2	1	0.4577922077922078	PF03821.23:146-215;PF03821.23:236-306	Pfam_GA_hit	all_GA_hits_retained_no_clan_competition_filter
control_05eadf9ea9ebf30e3c8425ae0dae43789a328c062860a8db3c5b1193443c57b1	parent_control	05eadf9ea9ebf30e3c8425ae0dae43789a328c062860a8db3c5b1193443c57b1	741	5	5	0.41295546558704455	PF05279.17:52-117;PF13432.13:328-388;PF13174.13:334-357;PF13181.13:447-470;PF05118.22:574-728	Pfam_GA_hit	all_GA_hits_retained_no_clan_competition_filter
control_06113b994aad0b3683e47f7c2f6e62759934add0a2793027c2bd02e8e56e2c47	parent_control	06113b994aad0b3683e47f7c2f6e62759934add0a2793027c2bd02e8e56e2c47	44	0	0	0.0		no_Pfam_GA_hit_not_evidence_of_novel_fold	all_GA_hits_retained_no_clan_competition_filter
control_061ec3e1904b8a8166ac281699fd9e7c1be70afbdd566ff01fbc9ae1213e06a1	parent_control	061ec3e1904b8a8166ac281699fd9e7c1be70afbdd566ff01fbc9ae1213e06a1	272	1	1	0.2426470588235294	PF05279.17:14-79	Pfam_GA_hit	all_GA_hits_retained_no_clan_competition_filter
control_06703c4d8d4a69d1aeaaf568766e48d65313a595620f627f453e60d5d7b7c331	parent_control	06703c4d8d4a69d1aeaaf568766e48d65313a595620f627f453e60d5d7b7c331	73	0	0	0.0		no_Pfam_GA_hit_not_evidence_of_novel_fold	all_GA_hits_retained_no_clan_competition_filter
control_06c4ed338cf67897369e74de3506192a48c8297293f142ca2f53ff27d807f39d	parent_control	06c4ed338cf67897369e74de3506192a48c8297293f142ca2f53ff27d807f39d	64	1	1	1.0	PF05279.17:1-64	Pfam_GA_hit	all_GA_hits_retained_no_clan_competition_filter
control_07e8f24c6382fecf5560d285fba0a23cae6b9e863fc68c4915b43fe42c325369	parent_control	07e8f24c6382fecf5560d285fba0a23cae6b9e863fc68c4915b43fe42c325369	189	1	1	0.4126984126984127	PF03134.25:67-144	Pfam_GA_hit	all_GA_hits_retained_no_clan_competition_filter
control_086fa607deb305525f71ed46e3a84fd9ba76d0834b3c0dd1a2f6806c5856dc0f	parent_control	086fa607deb305525f71ed46e3a84fd9ba76d0834b3c0dd1a2f6806c5856dc0f	309	1	1	0.39805825242718446	PF07686.24:45-167	Pfam_GA_hit	all_GA_hits_retained_no_clan_competition_filter
control_09b7cf75339fd62d560e7c568eaa92fc82c5a2aed3e8e29c608ae6318ea4fc94	parent_control	09b7cf75339fd62d560e7c568eaa92fc82c5a2aed3e8e29c608ae6318ea4fc94	200	1	1	0.765	PF00566.26:48-200	Pfam_GA_hit	all_GA_hits_retained_no_clan_competition_filter
control_0aa9792e4e97a8890cb63329db82622ff333323a283ed43511ac91db0c4a42c6	parent_control	0aa9792e4e97a8890cb63329db82622ff333323a283ed43511ac91db0c4a42c6	1719	21	8	0.5561372891215823	PF12763.14:20-96;PF12763.14:222-292;PF07653.24:742-800;PF00018.35:744-796;PF14604.13:745-798;PF16617.11:801-915;PF00018.35:917-961;PF14604.13:918-965;PF07653.24:923-966;PF00018.35:1006-1050;PF07653.24:1006-1054;PF14604.13:1007-1053;PF07653.24:1077-1133;PF00018.35:1079-1128;PF14604.13:1079-1132;PF00018.35:1161-1204;PF14604.13:1161-1208;PF07653.24:1163-1208;PF00621.26:1240-1419;PF16652.12:1438-1591;PF00168.37:1594-1689	Pfam_GA_hit	all_GA_hits_retained_no_clan_competition_filter
control_0ab423d62fb062c7d97b0fbe3f1aa72569a12492073a9b28e8d03b4eab0c68ac	parent_control	0ab423d62fb062c7d97b0fbe3f1aa72569a12492073a9b28e8d03b4eab0c68ac	618	3	2	0.44983818770226536	PF02825.27:20-97;PF02825.27:110-174;PF18102.7:476-610	Pfam_GA_hit	all_GA_hits_retained_no_clan_competition_filter
control_0af4b20b98fdb9029e65a85f53d9e56531ac5d4121a62ad5472ef6c7e9aca280	parent_control	0af4b20b98fdb9029e65a85f53d9e56531ac5d4121a62ad5472ef6c7e9aca280	2144	8	5	0.6753731343283582	PF00520.38:126-416;PF00520.38:524-759;PF00520.38:885-1162;PF00520.38:1205-1459;PF08016.19:1293-1453;PF16905.11:1469-1522;PF08763.18:1532-1606;PF16885.12:1884-2142	Pfam_GA_hit	all_GA_hits_retained_no_clan_competition_filter
control_0b12844861aea32af6187a950713e82b4d381a3e2451cfe27eda4e5e58f72c96	parent_control	0b12844861aea32af6187a950713e82b4d381a3e2451cfe27eda4e5e58f72c96	1714	21	8	0.5548424737456242	PF12763.14:20-96;PF12763.14:222-292;PF07653.24:742-795;PF00018.35:744-791;PF14604.13:745-793;PF16617.11:796-910;PF00018.35:912-956;PF14604.13:913-960;PF07653.24:918-961;PF00018.35:1001-1045;PF07653.24:1001-1049;PF14604.13:1002-1048;PF07653.24:1072-1128;PF00018.35:1074-1123;PF14604.13:1074-1127;PF00018.35:1156-1199;PF14604.13:1156-1203;PF07653.24:1158-1203;PF00621.26:1235-1414;PF16652.12:1433-1586;PF00168.37:1589-1684	Pfam_GA_hit	all_GA_hits_retained_no_clan_competition_filter
control_0b41e78747f2772e77b140292832059c041db8f0a51fe0d319053eb9b31c7d7b	parent_control	0b41e78747f2772e77b140292832059c041db8f0a51fe0d319053eb9b31c7d7b	241	2	2	0.7053941908713693	PF10300.16:1-170;PF10345.16:8-128	Pfam_GA_hit	all_GA_hits_retained_no_clan_competition_filter
control_0b52ae5b66f4112036dd15e94442d990093c1bf90353edd2db23bc03a61818da	parent_control	0b52ae5b66f4112036dd15e94442d990093c1bf90353edd2db23bc03a61818da	823	2	2	0.40097205346294046	PF01433.27:436-653;PF09127.18:711-822	Pfam_GA_hit	all_GA_hits_retained_no_clan_competition_filter
control_0c64cb0a3827587831fe860ed257e113183815ed2d216d70356a0e09dc795922	parent_control	0c64cb0a3827587831fe860ed257e113183815ed2d216d70356a0e09dc795922	460	2	2	0.3760869565217391	PF04438.23:210-237;PF25790.2:299-443	Pfam_GA_hit	all_GA_hits_retained_no_clan_competition_filter
control_0d8faeca117704c75c8b896b663cf4c9153966f3e430919ba919732c9918f8b8	parent_control	0d8faeca117704c75c8b896b663cf4c9153966f3e430919ba919732c9918f8b8	2159	8	5	0.6776285317276517	PF00520.38:126-416;PF00520.38:524-759;PF00520.38:885-1162;PF00520.38:1205-1474;PF08016.19:1230-1468;PF16905.11:1484-1537;PF08763.18:1547-1621;PF16885.12:1899-2157	Pfam_GA_hit	all_GA_hits_retained_no_clan_competition_filter
control_0e0fbcb9b1b854b8968d0eeadcf97a46a29c0f6c7991ae06b8d19290a8a17027	parent_control	0e0fbcb9b1b854b8968d0eeadcf97a46a29c0f6c7991ae06b8d19290a8a17027	475	2	2	0.7073684210526315	PF01233.26:120-273;PF02799.22:287-468	Pfam_GA_hit	all_GA_hits_retained_no_clan_competition_filter
control_0ea64241734af371d362441e9d423626e5af99edd5983d323c3c95e398a7d96f	parent_control	0ea64241734af371d362441e9d423626e5af99edd5983d323c3c95e398a7d96f	272	1	1	0.09558823529411764	PF21362.4:106-131	Pfam_GA_hit	all_GA_hits_retained_no_clan_competition_filter
control_0ecdbe416f697b2383c6515b94ab1ae57a6348eeec1a44304f1d2a14ee3cd238	parent_control	0ecdbe416f697b2383c6515b94ab1ae57a6348eeec1a44304f1d2a14ee3cd238	232	0	0	0.0		no_Pfam_GA_hit_not_evidence_of_novel_fold	all_GA_hits_retained_no_clan_competition_filter
control_0ef6420d93ef0122f3f6817edcbf114a35c536d9dd535c22e45818cc3563433f	parent_control	0ef6420d93ef0122f3f6817edcbf114a35c536d9dd535c22e45818cc3563433f	1277	5	5	0.49725920125293654	PF16414.12:23-266;PF22314.3:392-607;PF02460.25:628-783;PF12349.15:650-802;PF03176.22:661-783	Pfam_GA_hit	all_GA_hits_retained_no_clan_competition_filter
control_1012316654cdd4640ef1c907a023d91b663f24916f397d3838b83550751d0994	parent_control	1012316654cdd4640ef1c907a023d91b663f24916f397d3838b83550751d0994	190	1	1	0.9473684210526315	PF06679.18:11-190	Pfam_GA_hit	all_GA_hits_retained_no_clan_competition_filter
control_10561a1e579b5e6a2c50c7cf8644f4cd4092e95f3e23a04b1bfbf50869fb63d6	parent_control	10561a1e579b5e6a2c50c7cf8644f4cd4092e95f3e23a04b1bfbf50869fb63d6	258	4	2	0.7558139534883721	PF25372.2:49-243;PF13516.13:64-82;PF13516.13:114-137;PF13516.13:165-187	Pfam_GA_hit	all_GA_hits_retained_no_clan_competition_filter
control_1084bdd9d4ef0beda3e209b07d4b3141e26469f5e15e93b28d521e00d2e73f79	parent_control	1084bdd9d4ef0beda3e209b07d4b3141e26469f5e15e93b28d521e00d2e73f79	256	1	1	0.828125	PF00335.27:28-239	Pfam_GA_hit	all_GA_hits_retained_no_clan_competition_filter
control_10ce478100d2c9a73604e8f0be05ba39f5d5243bcb8c966a6ca58e42dd14c00a	parent_control	10ce478100d2c9a73604e8f0be05ba39f5d5243bcb8c966a6ca58e42dd14c00a	1213	18	5	0.4295136026380874	PF12763.14:20-96;PF12763.14:222-292;PF07653.24:742-795;PF00018.35:744-791;PF14604.13:745-793;PF16617.11:796-910;PF00018.35:912-956;PF14604.13:913-960;PF07653.24:918-961;PF00018.35:1001-1045;PF07653.24:1001-1049;PF14604.13:1002-1048;PF07653.24:1072-1128;PF00018.35:1074-1123;PF14604.13:1074-1127;PF00018.35:1156-1199;PF14604.13:1156-1203;PF07653.24:1158-1203	Pfam_GA_hit	all_GA_hits_retained_no_clan_competition_filter
control_10d8a9893d3a1ef91a8de4af709f7c49430ee8d6e73b19b3c5f671ea185d1f9a	parent_control	10d8a9893d3a1ef91a8de4af709f7c49430ee8d6e73b19b3c5f671ea185d1f9a	2792	6	6	0.6181948424068768	PF11547.15:179-230;PF30806.1:866-1157;PF30802.1:1169-1235;PF30807.1:1242-2200;PF00658.25:2386-2443;PF00632.31:2494-2791	Pfam_GA_hit	all_GA_hits_retained_no_clan_competition_filter
control_10ddcb886a5cd3a2db9b2764097530b46aeeabebcf5ab666a1fc9553c158cc00	parent_control	10ddcb886a5cd3a2db9b2764097530b46aeeabebcf5ab666a1fc9553c158cc00	224	1	1	0.48214285714285715	PF04201.21:70-177	Pfam_GA_hit	all_GA_hits_retained_no_clan_competition_filter
control_10f3813649580c2e31f2da5a2362c4746a0a6d76f7720be908bbe728279d596d	parent_control	10f3813649580c2e31f2da5a2362c4746a0a6d76f7720be908bbe728279d596d	215	4	2	0.9069767441860465	PF25372.2:6-200;PF13516.13:21-39;PF13516.13:71-94;PF13516.13:122-144	Pfam_GA_hit	all_GA_hits_retained_no_clan_competition_filter
control_11ea8115c8a36ecd57863720f9edf6ee95c8fdbf005ec23e97df03115c57b47a	parent_control	11ea8115c8a36ecd57863720f9edf6ee95c8fdbf005ec23e97df03115c57b47a	273	1	1	0.6886446886446886	PF04427.24:7-194	Pfam_GA_hit	all_GA_hits_retained_no_clan_competition_filter
control_12391ef308f1b7d1f62d0a5e8dc781b659438d88ea6c34ff2bbce795a3076e80	parent_control	12391ef308f1b7d1f62d0a5e8dc781b659438d88ea6c34ff2bbce795a3076e80	622	12	6	0.5064308681672026	PF12796.14:56-145;PF13606.13:83-109;PF13637.13:86-136;PF13606.13:117-142;PF00023.37:117-146;PF13637.13:120-169;PF13857.13:203-257;PF12796.14:208-270;PF13606.13:217-244;PF00023.37:217-247;PF13637.13:221-261;PF01529.26:424-556	Pfam_GA_hit	all_GA_hits_retained_no_clan_competition_filter
control_1270597898e07e7e58193ae60f5c6f6ff767637730509b62d4f533530ab4be76	parent_control	1270597898e07e7e58193ae60f5c6f6ff767637730509b62d4f533530ab4be76	84	1	1	0.34523809523809523	PF05920.18:53-81	Pfam_GA_hit	all_GA_hits_retained_no_clan_competition_filter
control_13af641587610835ccf13231157fe90ef6e91f0485fa14f7ec5a46506b5a8823	parent_control	13af641587610835ccf13231157fe90ef6e91f0485fa14f7ec5a46506b5a8823	68	1	1	0.5588235294117647	PF03165.23:31-68	Pfam_GA_hit	all_GA_hits_retained_no_clan_competition_filter
control_13b5675d262133b2e7b9ba2f999fcd3667c3f362ef7a376818e13b14b4e438b3	parent_control	13b5675d262133b2e7b9ba2f999fcd3667c3f362ef7a376818e13b14b4e438b3	538	2	2	0.44609665427509293	PF02758.23:9-79;PF02760.22:311-479	Pfam_GA_hit	all_GA_hits_retained_no_clan_competition_filter
control_13d32eb7630258f94ef7f13f9f37cb5e331cf7d4d8238bc4fbcc3b4dd94bcf1b	parent_control	13d32eb7630258f94ef7f13f9f37cb5e331cf7d4d8238bc4fbcc3b4dd94bcf1b	115	0	0	0.0		no_Pfam_GA_hit_not_evidence_of_novel_fold	all_GA_hits_retained_no_clan_competition_filter
control_14e754ce4bfad3025d57e4ad785075cb65ba2fed7bb75680c2e54a1dc0344142	parent_control	14e754ce4bfad3025d57e4ad785075cb65ba2fed7bb75680c2e54a1dc0344142	248	1	1	0.967741935483871	PF00261.26:8-247	Pfam_GA_hit	all_GA_hits_retained_no_clan_competition_filter
control_14fb0ceaf9513c50bef4b22cf2523256dff6936a6e4282ff17880f8465063fd0	parent_control	14fb0ceaf9513c50bef4b22cf2523256dff6936a6e4282ff17880f8465063fd0	58	1	1	0.8620689655172413	PF08659.17:1-50	Pfam_GA_hit	all_GA_hits_retained_no_clan_competition_filter
control_15694dfd8968e25b22147201f613e64fcb3e5a27f353e2bf11eac571e5f1872c	parent_control	15694dfd8968e25b22147201f613e64fcb3e5a27f353e2bf11eac571e5f1872c	1589	4	4	0.2548772813089994	PF00130.29:71-118;PF10409.16:322-448;PF00017.31:1316-1410;PF08416.20:1454-1588	Pfam_GA_hit	all_GA_hits_retained_no_clan_competition_filter
control_161a789a5bbb452135f3c8871cc6f7fb1d41705accce89ceb07fdb4cd9bde217	parent_control	161a789a5bbb452135f3c8871cc6f7fb1d41705accce89ceb07fdb4cd9bde217	178	1	1	0.6067415730337079	PF04201.21:24-131	Pfam_GA_hit	all_GA_hits_retained_no_clan_competition_filter
control_175e947a06c07a38b7932887e4ef0971a98698c38e1b7e681520f6479e31c758	parent_control	175e947a06c07a38b7932887e4ef0971a98698c38e1b7e681520f6479e31c758	187	3	2	1.0	PF00261.26:1-79;PF16526.11:13-72;PF00261.26:67-187	Pfam_GA_hit	all_GA_hits_retained_no_clan_competition_filter
control_17a2cddfef3cd1ce6f21f0a7eb2988deb936ee84d6ba0c6c6c4be09dd201628d	parent_control	17a2cddfef3cd1ce6f21f0a7eb2988deb936ee84d6ba0c6c6c4be09dd201628d	199	3	3	0.8944723618090452	PF00578.28:8-141;PF08534.17:9-149;PF10417.15:162-197	Pfam_GA_hit	all_GA_hits_retained_no_clan_competition_filter
control_18236bd9421b9c8aad70aa6efa430e1b2161b5965e97b1356120f63806fc360e	parent_control	18236bd9421b9c8aad70aa6efa430e1b2161b5965e97b1356120f63806fc360e	111	0	0	0.0		no_Pfam_GA_hit_not_evidence_of_novel_fold	all_GA_hits_retained_no_clan_competition_filter
control_184042c780d9a7ecf71eb15b70eb328cb4ece9802cbdb0467591e3ea49d585d9	parent_control	184042c780d9a7ecf71eb15b70eb328cb4ece9802cbdb0467591e3ea49d585d9	201	1	1	0.8905472636815921	PF00227.32:5-183	Pfam_GA_hit	all_GA_hits_retained_no_clan_competition_filter
control_187794a78cbec24bc71374c93ee6e850c9b47fc1a26ebef62486d1761feea239	parent_control	187794a78cbec24bc71374c93ee6e850c9b47fc1a26ebef62486d1761feea239	247	1	1	0.9635627530364372	PF00261.26:8-245	Pfam_GA_hit	all_GA_hits_retained_no_clan_competition_filter
control_18d4d8c016e3161b8ae983eeefb5597f7799c4bf55a4fa9a026f4e9443957d5d	parent_control	18d4d8c016e3161b8ae983eeefb5597f7799c4bf55a4fa9a026f4e9443957d5d	1626	7	4	0.7312423124231242	PF00520.38:126-416;PF00520.38:524-759;PF00520.38:885-1162;PF00520.38:1205-1459;PF08016.19:1293-1453;PF16905.11:1469-1522;PF08763.18:1532-1606	Pfam_GA_hit	all_GA_hits_retained_no_clan_competition_filter
control_18df6210a6e46257fcd72c05946e2e30cc3f12d8a92a5dc895d18a0b610927fb	parent_control	18df6210a6e46257fcd72c05946e2e30cc3f12d8a92a5dc895d18a0b610927fb	77	1	1	0.974025974025974	PF05934.16:3-77	Pfam_GA_hit	all_GA_hits_retained_no_clan_competition_filter
control_1921d93ebf190fd685a8ec2b89d8c4f945408ef66d0c226eff736a99677bfc4f	parent_control	1921d93ebf190fd685a8ec2b89d8c4f945408ef66d0c226eff736a99677bfc4f	425	2	2	0.64	PF03165.23:31-131;PF03166.20:231-401	Pfam_GA_hit	all_GA_hits_retained_no_clan_competition_filter
control_19bc81ed86f0d012186ee5dbde8c60de0fd9f3b7a2155113d495171e85d787be	parent_control	19bc81ed86f0d012186ee5dbde8c60de0fd9f3b7a2155113d495171e85d787be	367	2	2	0.659400544959128	PF01909.30:50-107;PF10421.15:165-348	Pfam_GA_hit	all_GA_hits_retained_no_clan_competition_filter
control_1a7a427b3e640fe74e4fc4595149458538c06b03b0a60caabbdaa361d7b2d4b1	parent_control	1a7a427b3e640fe74e4fc4595149458538c06b03b0a60caabbdaa361d7b2d4b1	676	3	1	0.40384615384615385	PF00153.33:330-423;PF00153.33:427-514;PF00153.33:519-609	Pfam_GA_hit	all_GA_hits_retained_no_clan_competition_filter
control_1a91ab23afa3aaddededca49a9a2f3b0b8253e9f1cc6afc7d6690a4adb8e1def	parent_control	1a91ab23afa3aaddededca49a9a2f3b0b8253e9f1cc6afc7d6690a4adb8e1def	308	1	1	0.39935064935064934	PF07686.24:45-167	Pfam_GA_hit	all_GA_hits_retained_no_clan_competition_filter
control_1a91f17eba627fa6390451bd11f15c4e84f6c50e606ecc1e7576edfd13d8cbd3	parent_control	1a91f17eba627fa6390451bd11f15c4e84f6c50e606ecc1e7576edfd13d8cbd3	1173	3	3	0.9258312020460358	PF14745.12:32-603;PF14744.12:605-948;PF14746.12:966-1135	Pfam_GA_hit	all_GA_hits_retained_no_clan_competition_filter
control_1ac72fc852fd36e6ad5bbb70d6d75f98e6c4b549da94d994699921205474084e	parent_control	1ac72fc852fd36e6ad5bbb70d6d75f98e6c4b549da94d994699921205474084e	362	8	8	0.7071823204419889	PF05368.20:26-133;PF01370.28:30-245;PF04321.24:30-273;PF16363.12:31-245;PF01073.26:31-281;PF02719.22:33-134;PF13460.13:33-139;PF07993.19:65-233	Pfam_GA_hit	all_GA_hits_retained_no_clan_competition_filter
control_1ade48f0b575ee69e04c09f441427f43c0ec94601a57742af2cdead2021bd67e	parent_control	1ade48f0b575ee69e04c09f441427f43c0ec94601a57742af2cdead2021bd67e	229	2	1	0.6593886462882096	PF04201.21:41-121;PF04201.21:119-191	Pfam_GA_hit	all_GA_hits_retained_no_clan_competition_filter
control_1b61cd6b0dfaf857fcfbd9ab8f155546dfbee8244464eb942deb270a1f8870a0	parent_control	1b61cd6b0dfaf857fcfbd9ab8f155546dfbee8244464eb942deb270a1f8870a0	105	1	1	0.47619047619047616	PF04756.20:54-103	Pfam_GA_hit	all_GA_hits_retained_no_clan_competition_filter
control_1bac4ca7391e57bc4f272e14814285c195c59eafe5503a85cf79268855049d25	parent_control	1bac4ca7391e57bc4f272e14814285c195c59eafe5503a85cf79268855049d25	519	1	1	0.9499036608863198	PF01496.25:27-519	Pfam_GA_hit	all_GA_hits_retained_no_clan_competition_filter
control_1bb99356d918b0fbaa9b069fdeb691f9390e078bfa32068a8186f372bbfd91a3	parent_control	1bb99356d918b0fbaa9b069fdeb691f9390e078bfa32068a8186f372bbfd91a3	162	1	1	0.6666666666666666	PF04201.21:8-115	Pfam_GA_hit	all_GA_hits_retained_no_clan_competition_filter
control_1c17dc92b2e60504681c3ede621d80cc87b40f0d26ebf748243378b605a54caa	parent_control	1c17dc92b2e60504681c3ede621d80cc87b40f0d26ebf748243378b605a54caa	343	1	1	0.9387755102040817	PF07851.19:14-335	Pfam_GA_hit	all_GA_hits_retained_no_clan_competition_filter
control_1c79bf7453c5fe786a63bba1d9e7e64cbfc2f371c27d5dc128022f3f58fc3ecb	parent_control	1c79bf7453c5fe786a63bba1d9e7e64cbfc2f371c27d5dc128022f3f58fc3ecb	2491	8	2	0.32757928542753917	PF00307.37:32-134;PF00307.37:152-254;PF00435.28:311-417;PF00435.28:421-526;PF00435.28:1128-1230;PF00435.28:1653-1746;PF00435.28:1977-2076;PF00435.28:2232-2331	Pfam_GA_hit	all_GA_hits_retained_no_clan_competition_filter
control_1d432a0cab4308c3a98dec6a404dfe7d4d6c4e54ee39a8823b4c6c80710d5111	parent_control	1d432a0cab4308c3a98dec6a404dfe7d4d6c4e54ee39a8823b4c6c80710d5111	69	0	0	0.0		no_Pfam_GA_hit_not_evidence_of_novel_fold	all_GA_hits_retained_no_clan_competition_filter
control_1d7ceab20e9bbc45d46cb2d2288ea15dced9d0d8eceb8e5de8c5b53eaaf91be5	parent_control	1d7ceab20e9bbc45d46cb2d2288ea15dced9d0d8eceb8e5de8c5b53eaaf91be5	1626	7	4	0.7312423124231242	PF00520.38:126-416;PF00520.38:524-759;PF00520.38:885-1162;PF00520.38:1205-1459;PF08016.19:1293-1453;PF16905.11:1469-1522;PF08763.18:1532-1606	Pfam_GA_hit	all_GA_hits_retained_no_clan_competition_filter
control_1e1b8dacbc6f5c126a474a112a344cee5c5eb2078996582f957923d5c9ee9e84	parent_control	1e1b8dacbc6f5c126a474a112a344cee5c5eb2078996582f957923d5c9ee9e84	167	1	1	0.718562874251497	PF01284.29:33-152	Pfam_GA_hit	all_GA_hits_retained_no_clan_competition_filter
control_1f6f61c2ace14e8c7bb86b97abf822389ab57f8096ab445f2d5d4ca664a06c5d	parent_control	1f6f61c2ace14e8c7bb86b97abf822389ab57f8096ab445f2d5d4ca664a06c5d	88	0	0	0.0		no_Pfam_GA_hit_not_evidence_of_novel_fold	all_GA_hits_retained_no_clan_competition_filter
control_2022d42145ca2de9aab69e25281608f6ca5eeea5d7a39545411880a01b8a8929	parent_control	2022d42145ca2de9aab69e25281608f6ca5eeea5d7a39545411880a01b8a8929	485	2	2	0.6927835051546392	PF01233.26:130-283;PF02799.22:297-478	Pfam_GA_hit	all_GA_hits_retained_no_clan_competition_filter
control_211a977fad05321fe58ea701b76bb03420f60a91d794d41b885d59cc818ce3a1	parent_control	211a977fad05321fe58ea701b76bb03420f60a91d794d41b885d59cc818ce3a1	215	1	1	0.8325581395348837	PF00129.24:22-200	Pfam_GA_hit	all_GA_hits_retained_no_clan_competition_filter
control_2131f49d0d13ae79a93e5d3a2b272e0c546d5de70505f126a4e881982bef0227	parent_control	2131f49d0d13ae79a93e5d3a2b272e0c546d5de70505f126a4e881982bef0227	297	1	1	0.06397306397306397	PF15365.12:249-267	Pfam_GA_hit	all_GA_hits_retained_no_clan_competition_filter
control_21a41eb5f5432437f6edbd5208d41e9a040791ca1681b64d63af955237d603f2	parent_control	21a41eb5f5432437f6edbd5208d41e9a040791ca1681b64d63af955237d603f2	180	1	1	0.7	PF00328.28:33-158	Pfam_GA_hit	all_GA_hits_retained_no_clan_competition_filter
control_21cd12faf8480374771e1b70e255ab2846307a9ba9d6d0ef6cb5180e1f15f22a	parent_control	21cd12faf8480374771e1b70e255ab2846307a9ba9d6d0ef6cb5180e1f15f22a	125	1	1	0.384	PF00130.29:71-118	Pfam_GA_hit	all_GA_hits_retained_no_clan_competition_filter
control_226cb17990da90865d65ae4db0bd2f0cd45a3eda1603cbe96155fb9edda4fbd4	parent_control	226cb17990da90865d65ae4db0bd2f0cd45a3eda1603cbe96155fb9edda4fbd4	168	2	2	0.7738095238095238	PF13520.13:39-168;PF00324.28:47-145	Pfam_GA_hit	all_GA_hits_retained_no_clan_competition_filter
control_2282400bf49f93a3d310bbfbe8131542fc206fa5575d756cc704c89f4afa6cde	parent_control	2282400bf49f93a3d310bbfbe8131542fc206fa5575d756cc704c89f4afa6cde	77	0	0	0.0		no_Pfam_GA_hit_not_evidence_of_novel_fold	all_GA_hits_retained_no_clan_competition_filter
control_248ca5f1a91d00ea524e2c920340dcb97090c69e78f290c6fc51158d6163ea81	parent_control	248ca5f1a91d00ea524e2c920340dcb97090c69e78f290c6fc51158d6163ea81	354	2	2	0.6666666666666666	PF02758.23:9-78;PF02760.22:156-321	Pfam_GA_hit	all_GA_hits_retained_no_clan_competition_filter
control_25c69c5f818441a9208c66ae13127eb9fb17ee34d21aa03bcbb6f403ecca90f5	parent_control	25c69c5f818441a9208c66ae13127eb9fb17ee34d21aa03bcbb6f403ecca90f5	376	3	2	0.6835106382978723	PF22956.3:64-319;PF02985.29:253-278;PF02985.29:295-320	Pfam_GA_hit	all_GA_hits_retained_no_clan_competition_filter
control_2857c8843ea77a788735e4f987b72aced10f3b95ea5796eeb526266ec62978e6	parent_control	2857c8843ea77a788735e4f987b72aced10f3b95ea5796eeb526266ec62978e6	141	1	1	0.4397163120567376	PF04427.24:1-62	Pfam_GA_hit	all_GA_hits_retained_no_clan_competition_filter
control_28a84aa548bd20d17cd693ba7bda4b72758564710e18f71be1778652ca4c8008	parent_control	28a84aa548bd20d17cd693ba7bda4b72758564710e18f71be1778652ca4c8008	1013	4	4	0.19545903257650543	PF18104.8:90-123;PF18115.8:91-135;PF16660.11:318-413;PF20826.3:673-728	Pfam_GA_hit	all_GA_hits_retained_no_clan_competition_filter
control_299a7e67e4109c6d01356614148f02c0173e3c1f11788dbd76c0b52e117885a5	parent_control	299a7e67e4109c6d01356614148f02c0173e3c1f11788dbd76c0b52e117885a5	62	1	1	0.9838709677419355	PF10036.15:2-62	Pfam_GA_hit	all_GA_hits_retained_no_clan_competition_filter
control_29f3a53988a81586d7a66311333cc8c58581b053207c8f0f45d372ff2158c188	parent_control	29f3a53988a81586d7a66311333cc8c58581b053207c8f0f45d372ff2158c188	567	3	3	0.25044091710758376	PF18104.8:90-123;PF18115.8:91-135;PF16660.11:319-414	Pfam_GA_hit	all_GA_hits_retained_no_clan_competition_filter
control_2a291fa63f986b21466c541a014f771f74c2f76d8b53a014e7cb254734f85558	parent_control	2a291fa63f986b21466c541a014f771f74c2f76d8b53a014e7cb254734f85558	258	3	3	0.39147286821705424	PF02199.21:23-54;PF05184.21:62-97;PF03489.23:106-138	Pfam_GA_hit	all_GA_hits_retained_no_clan_competition_filter
control_2a5988618cbde01835ed2e6519d229078931c1f89011d1f7006bf754fd1f780b	parent_control	2a5988618cbde01835ed2e6519d229078931c1f89011d1f7006bf754fd1f780b	390	0	0	0.0		no_Pfam_GA_hit_not_evidence_of_novel_fold	all_GA_hits_retained_no_clan_competition_filter
control_2aa1802cbc660554c02a966b9085ec43b80d2c77451cb798e15d6554c43be5da	parent_control	2aa1802cbc660554c02a966b9085ec43b80d2c77451cb798e15d6554c43be5da	662	3	3	0.5574018126888217	PF00258.31:1-76;PF00667.27:135-352;PF00175.27:387-461	Pfam_GA_hit	all_GA_hits_retained_no_clan_competition_filter
control_2aa98b51144a0ff580d476c8f355f7f1aa5e0e3dd0e7212d6d6b72a47d33e306	parent_control	2aa98b51144a0ff580d476c8f355f7f1aa5e0e3dd0e7212d6d6b72a47d33e306	544	1	1	0.9871323529411765	PF05934.16:8-544	Pfam_GA_hit	all_GA_hits_retained_no_clan_competition_filter
control_2acfaac15d028414d02b74b41f0a90ba068a63e15b374ee59af21bf29830bf18	parent_control	2acfaac15d028414d02b74b41f0a90ba068a63e15b374ee59af21bf29830bf18	75	0	0	0.0		no_Pfam_GA_hit_not_evidence_of_novel_fold	all_GA_hits_retained_no_clan_competition_filter
control_2b5ad22228c50a991baa6a4d3a82193786eb7cd808f7eaa0e54639da8351f0a8	parent_control	2b5ad22228c50a991baa6a4d3a82193786eb7cd808f7eaa0e54639da8351f0a8	525	1	1	0.19428571428571428	PF03126.24:363-464	Pfam_GA_hit	all_GA_hits_retained_no_clan_competition_filter
control_2c04ee8da06f9ed6fe867d024ca2aeab79e563e70a7d1378339ea61d7b3e9e20	parent_control	2c04ee8da06f9ed6fe867d024ca2aeab79e563e70a7d1378339ea61d7b3e9e20	255	3	3	0.396078431372549	PF02199.21:20-51;PF05184.21:59-94;PF03489.23:103-135	Pfam_GA_hit	all_GA_hits_retained_no_clan_competition_filter
control_2c18587b3bf9c4e2bba530b999ef7946ba58d0684263873e0b97fd70fcbd5912	parent_control	2c18587b3bf9c4e2bba530b999ef7946ba58d0684263873e0b97fd70fcbd5912	345	3	3	0.672463768115942	PF08551.17:25-217;PF00627.38:307-342;PF22562.3:308-345	Pfam_GA_hit	all_GA_hits_retained_no_clan_competition_filter
control_2e1a7ef142326f15c6e11761747623dd840fedc30bf8d422c53ad8152ad98bad	parent_control	2e1a7ef142326f15c6e11761747623dd840fedc30bf8d422c53ad8152ad98bad	310	1	1	0.6419354838709678	PF02146.24:58-256	Pfam_GA_hit	all_GA_hits_retained_no_clan_competition_filter
control_2e3e1cca7f377d535ce375068c7c05689f72436c64bb4c7add52882c1aff6f50	parent_control	2e3e1cca7f377d535ce375068c7c05689f72436c64bb4c7add52882c1aff6f50	131	1	1	0.7251908396946565	PF07686.24:29-123	Pfam_GA_hit	all_GA_hits_retained_no_clan_competition_filter
control_2e9b8c70f5526fba214a0dc850c975ad1dd1d6baa09a423cea12148c66d20417	parent_control	2e9b8c70f5526fba214a0dc850c975ad1dd1d6baa09a423cea12148c66d20417	306	1	1	0.6143790849673203	PF04427.24:40-227	Pfam_GA_hit	all_GA_hits_retained_no_clan_competition_filter
control_2f7725fb189bcfae3f4675992af6bdb1dca8d467d1a75522c95b8d50d33652bf	parent_control	2f7725fb189bcfae3f4675992af6bdb1dca8d467d1a75522c95b8d50d33652bf	161	0	0	0.0		no_Pfam_GA_hit_not_evidence_of_novel_fold	all_GA_hits_retained_no_clan_competition_filter
control_2fe1edae76fe6871f3bd4fdbc2568891a8e123c8e5ce0d17e94283a37c460e14	parent_control	2fe1edae76fe6871f3bd4fdbc2568891a8e123c8e5ce0d17e94283a37c460e14	184	0	0	0.0		no_Pfam_GA_hit_not_evidence_of_novel_fold	all_GA_hits_retained_no_clan_competition_filter
control_31e59496f9e411a2980425e7da5e86f8231199ddc7ca623fc471b00ddd815ba7	parent_control	31e59496f9e411a2980425e7da5e86f8231199ddc7ca623fc471b00ddd815ba7	381	3	2	0.5380577427821522	PF02197.23:25-62;PF00027.36:156-236;PF00027.36:274-359	Pfam_GA_hit	all_GA_hits_retained_no_clan_competition_filter
control_323dd6e6cad9923d26ad23b4e30379411cecc53c7e5d391f91db91403ba405bf	parent_control	323dd6e6cad9923d26ad23b4e30379411cecc53c7e5d391f91db91403ba405bf	145	2	2	0.6551724137931034	PF20825.3:40-134;PF03489.23:81-113	Pfam_GA_hit	all_GA_hits_retained_no_clan_competition_filter
control_3247798dbe5a0aa363c9f317fb69dd1aeecde6ace1f5f0c954bbee60fc097118	parent_control	3247798dbe5a0aa363c9f317fb69dd1aeecde6ace1f5f0c954bbee60fc097118	901	6	4	0.7203107658157603	PF00431.27:28-139;PF00431.27:149-264;PF00754.32:292-424;PF00754.32:449-589;PF22633.4:484-573;PF00629.31:646-792	Pfam_GA_hit	all_GA_hits_retained_no_clan_competition_filter
control_3269155a7cc2c74f09aa9cccef7552b73df20335c070de595e7d78f61b2f4653	parent_control	3269155a7cc2c74f09aa9cccef7552b73df20335c070de595e7d78f61b2f4653	322	5	5	0.37888198757763975	PF13637.13:16-64;PF12796.14:16-79;PF13606.13:43-69;PF00023.37:43-72;PF27687.1:260-317	Pfam_GA_hit	all_GA_hits_retained_no_clan_competition_filter
control_329dd37895ce139ad5ba6cdd1fed8088db713962640c85361b2ab28607684d7a	parent_control	329dd37895ce139ad5ba6cdd1fed8088db713962640c85361b2ab28607684d7a	1147	15	5	0.41586748038360943	PF12763.14:20-96;PF12763.14:222-292;PF07653.24:742-800;PF00018.35:744-796;PF14604.13:745-798;PF16617.11:801-915;PF00018.35:917-961;PF14604.13:918-965;PF07653.24:923-966;PF07653.24:1006-1062;PF00018.35:1008-1057;PF14604.13:1008-1061;PF00018.35:1090-1133;PF14604.13:1090-1137;PF07653.24:1092-1137	Pfam_GA_hit	all_GA_hits_retained_no_clan_competition_filter
control_33a18e100bdccfe194a4b9d56797aca1aac4809bee9124c170e66b99c1c756c3	parent_control	33a18e100bdccfe194a4b9d56797aca1aac4809bee9124c170e66b99c1c756c3	2187	8	5	0.6689529035208047	PF00520.38:126-416;PF00520.38:552-787;PF00520.38:913-1190;PF00520.38:1233-1502;PF08016.19:1258-1496;PF16905.11:1512-1565;PF08763.18:1575-1649;PF16885.12:1927-2185	Pfam_GA_hit	all_GA_hits_retained_no_clan_competition_filter
control_340c40d7e1abaf7ffb7fe02c029edbacc5465658543aa8c88f95df372cfe5024	parent_control	340c40d7e1abaf7ffb7fe02c029edbacc5465658543aa8c88f95df372cfe5024	70	0	0	0.0		no_Pfam_GA_hit_not_evidence_of_novel_fold	all_GA_hits_retained_no_clan_competition_filter
control_345129754ff0ccc173929ddf22b27736775c4329d5023cd85485e4a3b98d6af1	parent_control	345129754ff0ccc173929ddf22b27736775c4329d5023cd85485e4a3b98d6af1	156	1	1	0.9166666666666666	PF03972.20:8-150	Pfam_GA_hit	all_GA_hits_retained_no_clan_competition_filter
control_34fa2fcc2ce0aecede399432871d0e5bc901d605c76ddd00e0ba741c5049a280	parent_control	34fa2fcc2ce0aecede399432871d0e5bc901d605c76ddd00e0ba741c5049a280	36	0	0	0.0		no_Pfam_GA_hit_not_evidence_of_novel_fold	all_GA_hits_retained_no_clan_competition_filter
control_3706b763c13941701122bea5baa396abe6a6ab5b6d3d532e82d002fc5bc576c9	parent_control	3706b763c13941701122bea5baa396abe6a6ab5b6d3d532e82d002fc5bc576c9	68	0	0	0.0		no_Pfam_GA_hit_not_evidence_of_novel_fold	all_GA_hits_retained_no_clan_competition_filter
control_37b6130c34c2edeefc11274b652d621c7106872fbd45c41de017cedf27ec0f31	parent_control	37b6130c34c2edeefc11274b652d621c7106872fbd45c41de017cedf27ec0f31	283	1	1	0.3392226148409894	PF16660.11:35-130	Pfam_GA_hit	all_GA_hits_retained_no_clan_competition_filter
control_3824503e934ebfac6fdc5d7c172fc14c57a51a888324883b58a7916dc2d3e8e7	parent_control	3824503e934ebfac6fdc5d7c172fc14c57a51a888324883b58a7916dc2d3e8e7	272	2	2	0.20955882352941177	PF00046.36:36-92;PF05920.18:53-92	Pfam_GA_hit	all_GA_hits_retained_no_clan_competition_filter
control_3914fa977768eb8397be69263884a0a410cc7036c1637a041bdf63c003445b80	parent_control	3914fa977768eb8397be69263884a0a410cc7036c1637a041bdf63c003445b80	2179	8	5	0.6714089031665902	PF00520.38:126-416;PF00520.38:544-779;PF00520.38:905-1182;PF00520.38:1225-1494;PF08016.19:1250-1488;PF16905.11:1504-1557;PF08763.18:1567-1641;PF16885.12:1919-2177	Pfam_GA_hit	all_GA_hits_retained_no_clan_competition_filter
control_392e815f5297838943c587583a35abf092b1ad3d4186e32989fb06a97596bb4c	parent_control	392e815f5297838943c587583a35abf092b1ad3d4186e32989fb06a97596bb4c	1353	2	2	0.5121951219512195	PF10408.15:642-1263;PF04564.22:1279-1349	Pfam_GA_hit	all_GA_hits_retained_no_clan_competition_filter
control_3a52d69f64eae80dc4228622a0469b884b37857922d834eb07c8e4d358f1a3be	parent_control	3a52d69f64eae80dc4228622a0469b884b37857922d834eb07c8e4d358f1a3be	116	1	1	0.5603448275862069	PF05279.17:52-116	Pfam_GA_hit	all_GA_hits_retained_no_clan_competition_filter
control_3aedc600a2334b40de848e218ec0d5310425f0f9fc8b4b1be679596b76edfff9	parent_control	3aedc600a2334b40de848e218ec0d5310425f0f9fc8b4b1be679596b76edfff9	846	2	2	0.07210401891252956	PF13181.13:567-598;PF13432.13:571-627	Pfam_GA_hit	all_GA_hits_retained_no_clan_competition_filter
control_3c6f0f91a73e7062d4e4ba8f57de6b957b44076a10752a670c913a890dac52c3	parent_control	3c6f0f91a73e7062d4e4ba8f57de6b957b44076a10752a670c913a890dac52c3	197	1	1	0.38578680203045684	PF00106.32:49-124	Pfam_GA_hit	all_GA_hits_retained_no_clan_competition_filter
control_3c750873ab0f5fdf32046aa0702ece151303d8ab465c0f0568cd87bf7b161ea4	parent_control	3c750873ab0f5fdf32046aa0702ece151303d8ab465c0f0568cd87bf7b161ea4	244	1	1	0.9959016393442623	PF10036.15:2-244	Pfam_GA_hit	all_GA_hits_retained_no_clan_competition_filter
control_3c81668025408b98fcc0eadd984698e5b445d10483275968375404c287018760	parent_control	3c81668025408b98fcc0eadd984698e5b445d10483275968375404c287018760	1259	8	3	0.11199364575059571	PF05605.19:255-306;PF00096.33:256-278;PF00096.33:285-307;PF00096.33:326-348;PF00096.33:354-374;PF12874.14:1043-1061;PF00096.33:1043-1065;PF00096.33:1099-1119	Pfam_GA_hit	all_GA_hits_retained_no_clan_competition_filter
control_3cbf613222512dfcddc3bc01387fab8a24868c90ab7287efaec3d3b83dc100a1	parent_control	3cbf613222512dfcddc3bc01387fab8a24868c90ab7287efaec3d3b83dc100a1	557	8	3	0.49371633752244165	PF02199.21:23-54;PF05184.21:62-97;PF03489.23:106-138;PF05184.21:316-352;PF03489.23:358-390;PF05184.21:441-477;PF03489.23:482-515;PF02199.21:525-557	Pfam_GA_hit	all_GA_hits_retained_no_clan_competition_filter
control_3cf404c83a2b3193ef5b44e2b9caf90cbd9cf4558e0442d1063b345181c8295b	parent_control	3cf404c83a2b3193ef5b44e2b9caf90cbd9cf4558e0442d1063b345181c8295b	245	1	1	0.8530612244897959	PF00248.28:13-221	Pfam_GA_hit	all_GA_hits_retained_no_clan_competition_filter
control_3e082fe9a81a2623cd53d4998eea14f5162651d70d3f7f901237056179f67427	parent_control	3e082fe9a81a2623cd53d4998eea14f5162651d70d3f7f901237056179f67427	89	1	1	0.5393258426966292	PF00130.29:35-82	Pfam_GA_hit	all_GA_hits_retained_no_clan_competition_filter
control_3e6fd272b608119f9d4f022d13ded281f9473f45b9de1e2d6b1931b43c2f8a44	parent_control	3e6fd272b608119f9d4f022d13ded281f9473f45b9de1e2d6b1931b43c2f8a44	43	1	1	0.9767441860465116	PF00227.32:2-43	Pfam_GA_hit	all_GA_hits_retained_no_clan_competition_filter
control_3e79f7491e58a6f85b617cf1759d8b8febe9a6ad05b7f116165c68c0bd9ae067	parent_control	3e79f7491e58a6f85b617cf1759d8b8febe9a6ad05b7f116165c68c0bd9ae067	134	0	0	0.0		no_Pfam_GA_hit_not_evidence_of_novel_fold	all_GA_hits_retained_no_clan_competition_filter
control_3f0d92535c83aaaf1cb87988f77c852edc115e2ada78a61d2ceef0c00008c8bc	parent_control	3f0d92535c83aaaf1cb87988f77c852edc115e2ada78a61d2ceef0c00008c8bc	301	1	1	0.9003322259136213	PF00248.28:7-277	Pfam_GA_hit	all_GA_hits_retained_no_clan_competition_filter
control_3f3fd6dd3e3e2f803ae90e6acf81ca7acb5bae7fa17a03d9808d5c64f62838b1	parent_control	3f3fd6dd3e3e2f803ae90e6acf81ca7acb5bae7fa17a03d9808d5c64f62838b1	126	1	1	0.5555555555555556	PF05915.18:57-126	Pfam_GA_hit	all_GA_hits_retained_no_clan_competition_filter
control_3f4e5f1b35105594c5c6162bdbaea7ffbbe33b7ef965a3b7412d78950fb0c5b9	parent_control	3f4e5f1b35105594c5c6162bdbaea7ffbbe33b7ef965a3b7412d78950fb0c5b9	72	0	0	0.0		no_Pfam_GA_hit_not_evidence_of_novel_fold	all_GA_hits_retained_no_clan_competition_filter
control_3fb5428bdb73f73c01dc2b63b40d897e25d97752b3e441b6eb798b9d394a4424	parent_control	3fb5428bdb73f73c01dc2b63b40d897e25d97752b3e441b6eb798b9d394a4424	197	0	0	0.0		no_Pfam_GA_hit_not_evidence_of_novel_fold	all_GA_hits_retained_no_clan_competition_filter
control_3fdf2bd2689ccc352b67ba2c2b3ed25ee49338a36fa8014888b4a22dabf3782a	parent_control	3fdf2bd2689ccc352b67ba2c2b3ed25ee49338a36fa8014888b4a22dabf3782a	563	1	1	0.8472468916518651	PF08216.18:58-534	Pfam_GA_hit	all_GA_hits_retained_no_clan_competition_filter
control_401a3016aad1caffcac387d7d5f58a18be3e0fc15bc0633da2c02e1701300495	parent_control	401a3016aad1caffcac387d7d5f58a18be3e0fc15bc0633da2c02e1701300495	119	2	1	0.8571428571428571	PF08718.17:18-75;PF08718.17:74-119	Pfam_GA_hit	all_GA_hits_retained_no_clan_competition_filter
control_40ddf036dbc509b52f45101c1400c7b6edb2fcefac6fc394009b15b0c29eecaf	parent_control	40ddf036dbc509b52f45101c1400c7b6edb2fcefac6fc394009b15b0c29eecaf	194	1	1	0.6030927835051546	PF04201.21:31-147	Pfam_GA_hit	all_GA_hits_retained_no_clan_competition_filter
control_419b9fbcebef67c09211ff79742d70084f6ba1f1a5d25d53e0a067e5bb1bf6f2	parent_control	419b9fbcebef67c09211ff79742d70084f6ba1f1a5d25d53e0a067e5bb1bf6f2	354	3	3	0.7288135593220338	PF00129.24:51-228;PF22705.3:236-313;PF07654.22:245-315	Pfam_GA_hit	all_GA_hits_retained_no_clan_competition_filter
control_41ba7738ac2bd091be7c3efc0d7c6d86654bbf4f733a7624a0b8628691f40197	parent_control	41ba7738ac2bd091be7c3efc0d7c6d86654bbf4f733a7624a0b8628691f40197	1641	7	4	0.7336989640463132	PF00520.38:126-416;PF00520.38:524-759;PF00520.38:885-1162;PF00520.38:1205-1474;PF08016.19:1230-1468;PF16905.11:1484-1537;PF08763.18:1547-1621	Pfam_GA_hit	all_GA_hits_retained_no_clan_competition_filter
control_41cb1a98ee0f5d5100da66508f52321923f02490eda4f2160785c316152ac08b	parent_control	41cb1a98ee0f5d5100da66508f52321923f02490eda4f2160785c316152ac08b	83	0	0	0.0		no_Pfam_GA_hit_not_evidence_of_novel_fold	all_GA_hits_retained_no_clan_competition_filter
control_41dc4c748505b5ab8ae934ebe42f6cd33634cfe2a856dcfe6b687334f3b39f51	parent_control	41dc4c748505b5ab8ae934ebe42f6cd33634cfe2a856dcfe6b687334f3b39f51	35	1	1	0.8857142857142857	PF00071.29:5-35	Pfam_GA_hit	all_GA_hits_retained_no_clan_competition_filter
control_421125d4f5dda9a5d036acbf486c89f1700b91897f895f322f8fe7a3462c90b0	parent_control	421125d4f5dda9a5d036acbf486c89f1700b91897f895f322f8fe7a3462c90b0	200	1	1	0.61	PF04201.21:41-162	Pfam_GA_hit	all_GA_hits_retained_no_clan_competition_filter
control_42acabca3dc8f1e7248798688055ec4066b2bdbd4a2535b6fac4875cebc9f984	parent_control	42acabca3dc8f1e7248798688055ec4066b2bdbd4a2535b6fac4875cebc9f984	554	1	1	0.8537906137184116	PF15250.12:1-473	Pfam_GA_hit	all_GA_hits_retained_no_clan_competition_filter
control_42cee8fb497d9021dbc5682a432eeabfb5aaa169092bc64b6cbbba6d68b061a1	parent_control	42cee8fb497d9021dbc5682a432eeabfb5aaa169092bc64b6cbbba6d68b061a1	684	4	4	0.6447368421052632	PF00566.26:48-245;PF23436.2:119-261;PF00581.26:331-438;PF19430.5:564-682	Pfam_GA_hit	all_GA_hits_retained_no_clan_competition_filter
control_43247ca3cbb4c934f147e70768763c0c8df87318576735b4c6e5df170aea0a62	parent_control	43247ca3cbb4c934f147e70768763c0c8df87318576735b4c6e5df170aea0a62	262	0	0	0.0		no_Pfam_GA_hit_not_evidence_of_novel_fold	all_GA_hits_retained_no_clan_competition_filter
control_43266903a255031a5da35014f3c93eff201d8c0c8f2289afb9c423af1f531db4	parent_control	43266903a255031a5da35014f3c93eff201d8c0c8f2289afb9c423af1f531db4	847	2	2	0.5336481700118064	PF00169.36:108-222;PF01237.24:368-704	Pfam_GA_hit	all_GA_hits_retained_no_clan_competition_filter
control_433596132861087e80fc9376d83bcd06e60a4e4388c5854deb46597d7a72c5a7	parent_control	433596132861087e80fc9376d83bcd06e60a4e4388c5854deb46597d7a72c5a7	619	3	2	0.4491114701130856	PF02825.27:20-97;PF02825.27:110-174;PF18102.7:477-611	Pfam_GA_hit	all_GA_hits_retained_no_clan_competition_filter
control_4337e7d64244240f91e56ae1bdac7f706955a928026a573a04d098c0081c854b	parent_control	4337e7d64244240f91e56ae1bdac7f706955a928026a573a04d098c0081c854b	1661	7	4	0.7248645394340758	PF00520.38:126-416;PF00520.38:544-779;PF00520.38:905-1182;PF00520.38:1225-1494;PF08016.19:1250-1488;PF16905.11:1504-1557;PF08763.18:1567-1641	Pfam_GA_hit	all_GA_hits_retained_no_clan_competition_filter
control_43663ceb31b62a55ca36df46c18cd38f9331cfa62a17b54c51df23622432b220	parent_control	43663ceb31b62a55ca36df46c18cd38f9331cfa62a17b54c51df23622432b220	88	1	1	1.0	PF05008.22:1-88	Pfam_GA_hit	all_GA_hits_retained_no_clan_competition_filter
control_43a1049551ae07e88d18b6f10867877af1ce57df431fa377cc1878cd3e9628b4	parent_control	43a1049551ae07e88d18b6f10867877af1ce57df431fa377cc1878cd3e9628b4	512	2	2	0.552734375	PF02403.28:2-98;PF00587.31:259-444	Pfam_GA_hit	all_GA_hits_retained_no_clan_competition_filter
control_44027ed0cd41ca97ce5b348735e3f9809772b0e94dba21952f93d278f833f499	parent_control	44027ed0cd41ca97ce5b348735e3f9809772b0e94dba21952f93d278f833f499	127	1	1	0.984251968503937	PF02578.22:1-125	Pfam_GA_hit	all_GA_hits_retained_no_clan_competition_filter
control_454352c260a8e30113c81de962c9c2fe56f463fece67f56a974be807b8b9f6d7	parent_control	454352c260a8e30113c81de962c9c2fe56f463fece67f56a974be807b8b9f6d7	180	1	1	0.6777777777777778	PF05915.18:57-178	Pfam_GA_hit	all_GA_hits_retained_no_clan_competition_filter
control_46ad991488bace04a995efdf6ebc0192701833f042d748a5f9f51760e87de663	parent_control	46ad991488bace04a995efdf6ebc0192701833f042d748a5f9f51760e87de663	245	4	2	0.7959183673469388	PF25372.2:36-230;PF13516.13:51-69;PF13516.13:101-124;PF13516.13:152-174	Pfam_GA_hit	all_GA_hits_retained_no_clan_competition_filter
control_46af05f7374377716b94f4ec8a767179cbf807aa1024b38054cdaf08eb7ccaf6	parent_control	46af05f7374377716b94f4ec8a767179cbf807aa1024b38054cdaf08eb7ccaf6	402	1	1	0.7437810945273632	PF15242.12:1-299	Pfam_GA_hit	all_GA_hits_retained_no_clan_competition_filter
control_47ac6e6903ec920667a04a8352f5f97226bf9e90fb6186377eee8d60d7995775	parent_control	47ac6e6903ec920667a04a8352f5f97226bf9e90fb6186377eee8d60d7995775	534	5	5	0.7284644194756554	PF16880.11:24-56;PF01926.30:61-220;PF00350.30:61-221;PF18150.7:288-394;PF12763.14:444-531	Pfam_GA_hit	all_GA_hits_retained_no_clan_competition_filter
control_47ca39724c6f2b496875cd3c58af8aa4081e67805272673180efb71f99d87808	parent_control	47ca39724c6f2b496875cd3c58af8aa4081e67805272673180efb71f99d87808	184	2	2	0.7282608695652174	PF00169.36:6-110;PF00779.25:119-147	Pfam_GA_hit	all_GA_hits_retained_no_clan_competition_filter
control_47d269676c35cd2066d34dbcd43e9a5d1af70a0eb831514cfb824c54940d9663	parent_control	47d269676c35cd2066d34dbcd43e9a5d1af70a0eb831514cfb824c54940d9663	608	6	6	0.8322368421052632	PF00169.36:6-110;PF00779.25:119-147;PF00018.35:184-222;PF00017.31:224-307;PF07714.24:347-595;PF00069.32:349-594	Pfam_GA_hit	all_GA_hits_retained_no_clan_competition_filter
control_47d60f8793c8bba7de2eeafd23e477f43ead3931a188d950aeb2821bb3282a35	parent_control	47d60f8793c8bba7de2eeafd23e477f43ead3931a188d950aeb2821bb3282a35	363	5	5	0.38016528925619836	PF13637.13:16-64;PF12796.14:16-79;PF13606.13:43-69;PF00023.37:43-72;PF27687.1:260-333	Pfam_GA_hit	all_GA_hits_retained_no_clan_competition_filter
control_483ecb87454d29bccec782d52e6c862e56bc1425397d9c75704f356bbcb03b4c	parent_control	483ecb87454d29bccec782d52e6c862e56bc1425397d9c75704f356bbcb03b4c	573	3	2	0.4851657940663176	PF02825.27:20-97;PF02825.27:110-174;PF18102.7:431-565	Pfam_GA_hit	all_GA_hits_retained_no_clan_competition_filter
control_486fadc9c5c195ee196e42e045e47bed64c54e54606e516ffd5d1b485653e149	parent_control	486fadc9c5c195ee196e42e045e47bed64c54e54606e516ffd5d1b485653e149	357	2	1	0.4005602240896359	PF02825.27:20-97;PF02825.27:110-174	Pfam_GA_hit	all_GA_hits_retained_no_clan_competition_filter
control_48db732bf13b377c21467adf0bac39d40975a33bbe2c63ded45016af2019c67c	parent_control	48db732bf13b377c21467adf0bac39d40975a33bbe2c63ded45016af2019c67c	192	3	3	0.9114583333333334	PF00025.28:2-170;PF08477.20:5-118;PF00071.29:5-176	Pfam_GA_hit	all_GA_hits_retained_no_clan_competition_filter
control_49ac344a89b4f94d61a558df400bf813e0659127c4703c7ef66a14cd3dcec88b	parent_control	49ac344a89b4f94d61a558df400bf813e0659127c4703c7ef66a14cd3dcec88b	2135	8	5	0.6782201405152225	PF00520.38:126-416;PF00520.38:524-759;PF00520.38:885-1162;PF00520.38:1205-1459;PF08016.19:1293-1453;PF16905.11:1469-1522;PF08763.18:1532-1606;PF16885.12:1875-2133	Pfam_GA_hit	all_GA_hits_retained_no_clan_competition_filter
control_4a8e5cd471ee072742a5ca7283e7325d071cbe1c7dabfca4a1b3daf518e13d87	parent_control	4a8e5cd471ee072742a5ca7283e7325d071cbe1c7dabfca4a1b3daf518e13d87	145	1	1	0.7862068965517242	PF14745.12:32-145	Pfam_GA_hit	all_GA_hits_retained_no_clan_competition_filter
control_4ad16ecc21c8b3cee4dd7e7b9758e962e83cd59172a2d449cc1c6fb8f300137b	parent_control	4ad16ecc21c8b3cee4dd7e7b9758e962e83cd59172a2d449cc1c6fb8f300137b	822	2	2	0.40145985401459855	PF01433.27:435-652;PF09127.18:710-821	Pfam_GA_hit	all_GA_hits_retained_no_clan_competition_filter
control_4af5631edd103498d305f8671892ebc2ebdb7b7c96d223f00d0c25be4f26719a	parent_control	4af5631edd103498d305f8671892ebc2ebdb7b7c96d223f00d0c25be4f26719a	611	8	5	0.2602291325695581	PF00515.35:117-149;PF07719.24:118-149;PF13181.13:122-149;PF13414.13:124-149;PF13181.13:405-436;PF13174.13:447-476;PF13181.13:479-512;PF13181.13:550-579	Pfam_GA_hit	all_GA_hits_retained_no_clan_competition_filter
control_4afcd7f088e82c98478ae9e0df671cefa8a005820469f826d3d8a65ef06dbec5	parent_control	4afcd7f088e82c98478ae9e0df671cefa8a005820469f826d3d8a65ef06dbec5	237	3	3	0.8312236286919831	PF08659.17:1-135;PF00106.32:2-164;PF13561.13:2-197	Pfam_GA_hit	all_GA_hits_retained_no_clan_competition_filter
control_4b0c47d86d5fab62aef0a1f20effce3e75e2a1e6d704ce59ee3a071041147e0c	parent_control	4b0c47d86d5fab62aef0a1f20effce3e75e2a1e6d704ce59ee3a071041147e0c	208	0	0	0.0		no_Pfam_GA_hit_not_evidence_of_novel_fold	all_GA_hits_retained_no_clan_competition_filter
control_4bc2ac33ac363b77d6b8f5edf39d55b9711c4850301c22127b337e7cb800d4ef	parent_control	4bc2ac33ac363b77d6b8f5edf39d55b9711c4850301c22127b337e7cb800d4ef	310	1	1	0.2129032258064516	PF05279.17:52-117	Pfam_GA_hit	all_GA_hits_retained_no_clan_competition_filter
control_4be0593da6aaf178070b1a1ca652c7c0c485e5a04b4a36a318beb14f68d62dc2	parent_control	4be0593da6aaf178070b1a1ca652c7c0c485e5a04b4a36a318beb14f68d62dc2	219	1	1	0.867579908675799	PF08216.18:1-190	Pfam_GA_hit	all_GA_hits_retained_no_clan_competition_filter
control_4cf58b8a26a65a3da5c81ef3b4f7cd780b5160bf9e07c2455083e044ee1cea4e	parent_control	4cf58b8a26a65a3da5c81ef3b4f7cd780b5160bf9e07c2455083e044ee1cea4e	1648	7	4	0.7214805825242718	PF00520.38:148-438;PF00520.38:546-781;PF00520.38:907-1184;PF00520.38:1227-1481;PF08016.19:1315-1475;PF16905.11:1491-1544;PF08763.18:1554-1628	Pfam_GA_hit	all_GA_hits_retained_no_clan_competition_filter
control_4cf5dc7bd097cd1d6557a553a783f543f95542e72a84a1875dd5523ecb2d132f	parent_control	4cf5dc7bd097cd1d6557a553a783f543f95542e72a84a1875dd5523ecb2d132f	311	3	3	0.31189710610932475	PF02820.25:18-68;PF18104.8:90-123;PF18115.8:91-135	Pfam_GA_hit	all_GA_hits_retained_no_clan_competition_filter
control_4d8da7a249b8e2edf2d48ecc95d93eb6898532d6e07ed982fec0fc4c9c14e12a	parent_control	4d8da7a249b8e2edf2d48ecc95d93eb6898532d6e07ed982fec0fc4c9c14e12a	181	6	6	0.9447513812154696	PF00025.28:6-176;PF09439.17:16-143;PF01926.30:19-124;PF08477.20:19-129;PF04670.19:19-141;PF00071.29:19-168	Pfam_GA_hit	all_GA_hits_retained_no_clan_competition_filter
control_4f66b1a165119157d47f12f37c0bebcdb76951a8286576e3811e053b4d975437	parent_control	4f66b1a165119157d47f12f37c0bebcdb76951a8286576e3811e053b4d975437	41	2	2	0.7804878048780488	PF00071.29:10-41;PF08477.20:10-41	Pfam_GA_hit	all_GA_hits_retained_no_clan_competition_filter
control_50bdddd5449e6311bb97a353a9e6487178dd8f56d302a5a354f8fe555e2d598f	parent_control	50bdddd5449e6311bb97a353a9e6487178dd8f56d302a5a354f8fe555e2d598f	54	0	0	0.0		no_Pfam_GA_hit_not_evidence_of_novel_fold	all_GA_hits_retained_no_clan_competition_filter
control_511f6c2e42d036dbf7dce0ad66d168eb8965143171a91801d1e78ee5faed7609	parent_control	511f6c2e42d036dbf7dce0ad66d168eb8965143171a91801d1e78ee5faed7609	180	1	1	0.6277777777777778	PF13911.13:32-144	Pfam_GA_hit	all_GA_hits_retained_no_clan_competition_filter
control_515cbf25781babfeb22d8d3a4926d35c13ea54cc0af1c39ddf18c53bd1e82d7b	parent_control	515cbf25781babfeb22d8d3a4926d35c13ea54cc0af1c39ddf18c53bd1e82d7b	47	1	1	0.851063829787234	PF15054.12:5-44	Pfam_GA_hit	all_GA_hits_retained_no_clan_competition_filter
control_51a570e05804e76c877e7798f705a3e4b0032ba77f32ff4fe2e02cc4fc8e523f	parent_control	51a570e05804e76c877e7798f705a3e4b0032ba77f32ff4fe2e02cc4fc8e523f	70	1	1	0.8142857142857143	PF05160.19:6-62	Pfam_GA_hit	all_GA_hits_retained_no_clan_competition_filter
control_520ca09d1dad11ec32053b60052b17e7d4c2ddf6605a6eb64fb646cc6c29f901	parent_control	520ca09d1dad11ec32053b60052b17e7d4c2ddf6605a6eb64fb646cc6c29f901	325	2	2	0.7661538461538462	PF00129.24:22-200;PF07654.22:218-287	Pfam_GA_hit	all_GA_hits_retained_no_clan_competition_filter
control_5215d5f008889b1c66f4fa97d300cdfadee117ac2864c7edcbff4439995ca2d6	parent_control	5215d5f008889b1c66f4fa97d300cdfadee117ac2864c7edcbff4439995ca2d6	409	0	0	0.0		no_Pfam_GA_hit_not_evidence_of_novel_fold	all_GA_hits_retained_no_clan_competition_filter
control_5253042921bb73f9dbef97e3640394d6f71f4d0b01dbb6fbd5d1c922daf1db57	parent_control	5253042921bb73f9dbef97e3640394d6f71f4d0b01dbb6fbd5d1c922daf1db57	130	2	1	0.8538461538461538	PF08718.17:18-78;PF08718.17:81-130	Pfam_GA_hit	all_GA_hits_retained_no_clan_competition_filter
control_52872abefe0791481ce87f4207a44039956abdc19ae955c3bf7580aff50c0463	parent_control	52872abefe0791481ce87f4207a44039956abdc19ae955c3bf7580aff50c0463	975	5	4	0.4594871794871795	PF00435.28:221-324;PF25803.2:329-440;PF00435.28:651-743;PF25804.1:806-888;PF10541.15:920-975	Pfam_GA_hit	all_GA_hits_retained_no_clan_competition_filter
control_52a5cecd0e201469223d5fca3dff5a8f5b28533847b0fc898cdd743cbabefa19	parent_control	52a5cecd0e201469223d5fca3dff5a8f5b28533847b0fc898cdd743cbabefa19	253	1	1	0.8972332015810277	PF00335.27:10-236	Pfam_GA_hit	all_GA_hits_retained_no_clan_competition_filter
control_52adc381994a88cae78278781d7155001ae6648641f86d8378bb756e94d5e378	parent_control	52adc381994a88cae78278781d7155001ae6648641f86d8378bb756e94d5e378	254	4	4	0.6771653543307087	PF06325.20:70-122;PF13649.13:74-144;PF08241.19:75-142;PF22528.2:95-241	Pfam_GA_hit	all_GA_hits_retained_no_clan_competition_filter
control_52c4dc0b981f6997bbd0f3f15469f84157898681f289cffa36f0f90a0d1cc88e	parent_control	52c4dc0b981f6997bbd0f3f15469f84157898681f289cffa36f0f90a0d1cc88e	152	0	0	0.0		no_Pfam_GA_hit_not_evidence_of_novel_fold	all_GA_hits_retained_no_clan_competition_filter
control_5366f5ebbfa5fa7013bad42c89dbbeca939c0596cd5a7b2b012a9d6e7003975a	parent_control	5366f5ebbfa5fa7013bad42c89dbbeca939c0596cd5a7b2b012a9d6e7003975a	323	2	2	0.4241486068111455	PF21236.4:129-196;PF00004.36:254-322	Pfam_GA_hit	all_GA_hits_retained_no_clan_competition_filter
control_54326d7a84063f948792ac1403b6f9fdb8da045a55de77dc933b8a15b9cc1a9f	parent_control	54326d7a84063f948792ac1403b6f9fdb8da045a55de77dc933b8a15b9cc1a9f	1142	15	5	0.4133099824868651	PF12763.14:20-96;PF12763.14:222-292;PF07653.24:742-795;PF00018.35:744-791;PF14604.13:745-793;PF16617.11:796-910;PF00018.35:912-956;PF14604.13:913-960;PF07653.24:918-961;PF07653.24:1001-1057;PF00018.35:1003-1052;PF14604.13:1003-1056;PF00018.35:1085-1128;PF14604.13:1085-1132;PF07653.24:1087-1132	Pfam_GA_hit	all_GA_hits_retained_no_clan_competition_filter
control_5467e9f1d042902c2a9c8045ae2249629eeb2de9c74bfc521fd1a5cdfad9ac4d	parent_control	5467e9f1d042902c2a9c8045ae2249629eeb2de9c74bfc521fd1a5cdfad9ac4d	574	4	4	0.48606271777003485	PF26141.1:52-233;PF00801.27:273-318;PF18911.7:277-317;PF20433.4:419-469	Pfam_GA_hit	all_GA_hits_retained_no_clan_competition_filter
control_55a3583ce96bcbebe89653a09d3b5343f631aba91cda94241d54426d38d3abe0	parent_control	55a3583ce96bcbebe89653a09d3b5343f631aba91cda94241d54426d38d3abe0	2166	8	5	0.6685133887349953	PF00520.38:148-438;PF00520.38:546-781;PF00520.38:907-1184;PF00520.38:1227-1481;PF08016.19:1315-1475;PF16905.11:1491-1544;PF08763.18:1554-1628;PF16885.12:1906-2164	Pfam_GA_hit	all_GA_hits_retained_no_clan_competition_filter
control_5617d4de510d30e68640cab45056c6acf384d809bf0f40da7bc2d655c263e9ec	parent_control	5617d4de510d30e68640cab45056c6acf384d809bf0f40da7bc2d655c263e9ec	103	1	1	0.9223300970873787	PF00258.31:8-102	Pfam_GA_hit	all_GA_hits_retained_no_clan_competition_filter
control_569b3df1f5ad13931d027202e0aa1b07798cdfbedecadfc82c0070bdd66d8299	parent_control	569b3df1f5ad13931d027202e0aa1b07798cdfbedecadfc82c0070bdd66d8299	311	1	1	0.4340836012861736	PF28124.1:176-310	Pfam_GA_hit	all_GA_hits_retained_no_clan_competition_filter
control_575fb0cd74724d2a4d85dedbb366b81e0ae94fd9d0ca75737787d436dab39f26	parent_control	575fb0cd74724d2a4d85dedbb366b81e0ae94fd9d0ca75737787d436dab39f26	151	1	1	0.9536423841059603	PF00261.26:8-151	Pfam_GA_hit	all_GA_hits_retained_no_clan_competition_filter
control_57c2ffe104b2177526b0b518ee7243761bd47d4a1c8ffda0fa93db0d51dac517	parent_control	57c2ffe104b2177526b0b518ee7243761bd47d4a1c8ffda0fa93db0d51dac517	171	1	1	0.2222222222222222	PF02197.23:25-62	Pfam_GA_hit	all_GA_hits_retained_no_clan_competition_filter
control_57eefbf7ae8d6cdffe49912c4f379013d6490121a88a049159d6bcb1e0a22d9b	parent_control	57eefbf7ae8d6cdffe49912c4f379013d6490121a88a049159d6bcb1e0a22d9b	201	1	1	0.6517412935323383	PF04201.21:24-154	Pfam_GA_hit	all_GA_hits_retained_no_clan_competition_filter
control_58794f5a2029d63653cad2307fcc27858e5599e67afb5a7cbc1cf592ab053f7b	parent_control	58794f5a2029d63653cad2307fcc27858e5599e67afb5a7cbc1cf592ab053f7b	574	2	2	0.735191637630662	PF06762.21:51-328;PF25179.2:404-547	Pfam_GA_hit	all_GA_hits_retained_no_clan_competition_filter
control_58c529dc5ce10f760e6207022558343ce29e868fe50d72ac1880b720d1462056	parent_control	58c529dc5ce10f760e6207022558343ce29e868fe50d72ac1880b720d1462056	196	1	1	0.32142857142857145	PF00168.37:46-108	Pfam_GA_hit	all_GA_hits_retained_no_clan_competition_filter
control_59f3187a933c6f544e5dae5c3a8003b5441eea8a0c323c0fb3d8e8ec7ebed370	parent_control	59f3187a933c6f544e5dae5c3a8003b5441eea8a0c323c0fb3d8e8ec7ebed370	419	1	1	0.8114558472553699	PF07221.18:37-376	Pfam_GA_hit	all_GA_hits_retained_no_clan_competition_filter
control_5a3212de94791460e0d550d0b67a3448303d3026e48183d8257932c52def3ed3	parent_control	5a3212de94791460e0d550d0b67a3448303d3026e48183d8257932c52def3ed3	196	3	3	0.7755102040816326	PF08477.20:1-106;PF00071.29:1-152;PF00025.28:2-145	Pfam_GA_hit	all_GA_hits_retained_no_clan_competition_filter
control_5a52f7834b7820bda6430e1e802a4589b3bc4a5186563b198146f8d86adc3cdc	parent_control	5a52f7834b7820bda6430e1e802a4589b3bc4a5186563b198146f8d86adc3cdc	348	1	1	0.8304597701149425	PF04756.20:54-342	Pfam_GA_hit	all_GA_hits_retained_no_clan_competition_filter
control_5a76c4ac2e817b4c6be2c9332ec04b6903374e1d843fd6b5942158564dfb0867	parent_control	5a76c4ac2e817b4c6be2c9332ec04b6903374e1d843fd6b5942158564dfb0867	596	1	1	0.22483221476510068	PF04146.22:428-561	Pfam_GA_hit	all_GA_hits_retained_no_clan_competition_filter
control_5a9ba170982b45f42b9c01ec27e4fda78248068e4a52150601218f3d50b7541c	parent_control	5a9ba170982b45f42b9c01ec27e4fda78248068e4a52150601218f3d50b7541c	580	1	1	0.8	PF10300.16:32-495	Pfam_GA_hit	all_GA_hits_retained_no_clan_competition_filter
control_5b2f95a8eb71a87f1884fc7e426192d272e376909f2aebc45fe4e63da6e2ed95	parent_control	5b2f95a8eb71a87f1884fc7e426192d272e376909f2aebc45fe4e63da6e2ed95	220	6	4	0.35	PF05605.19:124-175;PF00096.33:125-147;PF00096.33:154-176;PF13894.13:154-176;PF12874.14:154-177;PF00096.33:195-217	Pfam_GA_hit	all_GA_hits_retained_no_clan_competition_filter
control_5c5fe5d45f130d60add0545f56b1894885f1d5e636b09a29dc039cf351d932a2	parent_control	5c5fe5d45f130d60add0545f56b1894885f1d5e636b09a29dc039cf351d932a2	334	2	2	0.7455089820359282	PF00129.24:22-200;PF07654.22:218-287	Pfam_GA_hit	all_GA_hits_retained_no_clan_competition_filter
control_5c7ab1dcd1d2b458d28a0cd0d1d87f44b6e8586161a9677091ac8b7d028dba12	parent_control	5c7ab1dcd1d2b458d28a0cd0d1d87f44b6e8586161a9677091ac8b7d028dba12	76	1	1	0.3815789473684211	PF03343.19:1-29	Pfam_GA_hit	all_GA_hits_retained_no_clan_competition_filter
control_5ccdcbbb85a4090a7fa9c5f1f9b154d0f1101befe491345714b2d58333167051	parent_control	5ccdcbbb85a4090a7fa9c5f1f9b154d0f1101befe491345714b2d58333167051	119	1	1	0.6722689075630253	PF07654.22:27-106	Pfam_GA_hit	all_GA_hits_retained_no_clan_competition_filter
control_5e4faf285608e0d726a625dbe134532ae0080c1b78d7ae64241477740b1b6025	parent_control	5e4faf285608e0d726a625dbe134532ae0080c1b78d7ae64241477740b1b6025	248	1	1	0.967741935483871	PF00261.26:8-247	Pfam_GA_hit	all_GA_hits_retained_no_clan_competition_filter
control_5e532fbf8beeffc0a02020faba0ccfbe71598503702ec44f973497d8423d5bcb	parent_control	5e532fbf8beeffc0a02020faba0ccfbe71598503702ec44f973497d8423d5bcb	318	5	5	0.8459119496855346	PF06325.20:35-108;PF13847.13:35-109;PF13649.13:39-136;PF08241.19:40-138;PF22528.2:141-305	Pfam_GA_hit	all_GA_hits_retained_no_clan_competition_filter
control_5e9e086d3f59e3a12c5d4a807de9b223b5d51fbc896a8e78c2c56e0f60719b36	parent_control	5e9e086d3f59e3a12c5d4a807de9b223b5d51fbc896a8e78c2c56e0f60719b36	910	6	2	0.6879120879120879	PF00565.24:50-166;PF00565.24:220-327;PF00565.24:368-495;PF00565.24:553-659;PF00567.31:680-797;PF00565.24:847-894	Pfam_GA_hit	all_GA_hits_retained_no_clan_competition_filter
control_5f4d8b73bd4b1a539c015a6060f3c462ec101dd0fe55e863b8b3105084209f76	parent_control	5f4d8b73bd4b1a539c015a6060f3c462ec101dd0fe55e863b8b3105084209f76	951	3	3	0.3753943217665615	PF22956.3:65-318;PF02985.29:253-278;PF29896.1:646-748	Pfam_GA_hit	all_GA_hits_retained_no_clan_competition_filter
control_5f59914d46e390d3dcd71e403767bc1d71b65a6d8b03f335f3d34e08ebbea39e	parent_control	5f59914d46e390d3dcd71e403767bc1d71b65a6d8b03f335f3d34e08ebbea39e	621	2	1	0.23832528180354268	PF12763.14:20-96;PF12763.14:222-292	Pfam_GA_hit	all_GA_hits_retained_no_clan_competition_filter
control_5f5ca554f66c9cb99c53359b60e58f97dd19eed572384f165a9d9f274a0dbf4e	parent_control	5f5ca554f66c9cb99c53359b60e58f97dd19eed572384f165a9d9f274a0dbf4e	526	4	4	0.5399239543726235	PF26141.1:52-233;PF00801.27:268-318;PF18911.7:277-317;PF20433.4:419-469	Pfam_GA_hit	all_GA_hits_retained_no_clan_competition_filter
control_5fa1de73664e8fcb82df48f6de8d9194c750ddacae0f2a05224c9aea4d6debe6	parent_control	5fa1de73664e8fcb82df48f6de8d9194c750ddacae0f2a05224c9aea4d6debe6	123	4	4	0.6422764227642277	PF08659.17:41-114;PF00106.32:41-117;PF02719.22:41-119;PF13561.13:48-114	Pfam_GA_hit	all_GA_hits_retained_no_clan_competition_filter
control_5faf4947cfb0cbdc3f6d541f1186bae752a177abdaf3708e8d742975fe7e4aee	parent_control	5faf4947cfb0cbdc3f6d541f1186bae752a177abdaf3708e8d742975fe7e4aee	32	0	0	0.0		no_Pfam_GA_hit_not_evidence_of_novel_fold	all_GA_hits_retained_no_clan_competition_filter
control_600aa4090512621ca243af39dfe395d9442c39d5b5e36b22af89d8e7da74db6a	parent_control	600aa4090512621ca243af39dfe395d9442c39d5b5e36b22af89d8e7da74db6a	80	1	1	0.5375	PF09764.16:25-67	Pfam_GA_hit	all_GA_hits_retained_no_clan_competition_filter
control_619982d43738c64694983c451dd9aeefe06dd8b00f4595bf0e1f388040955249	parent_control	619982d43738c64694983c451dd9aeefe06dd8b00f4595bf0e1f388040955249	144	0	0	0.0		no_Pfam_GA_hit_not_evidence_of_novel_fold	all_GA_hits_retained_no_clan_competition_filter
control_61a6c306c0a882793e9a0eb0f38e9dffb4ad15d1ae413e718969b8f43c6e86e4	parent_control	61a6c306c0a882793e9a0eb0f38e9dffb4ad15d1ae413e718969b8f43c6e86e4	153	1	1	0.5098039215686274	PF02225.28:72-149	Pfam_GA_hit	all_GA_hits_retained_no_clan_competition_filter
control_6236e89a36ec2aa5696e38a2aef64d70b1a3fa15585141ac8e316274d63d55eb	parent_control	6236e89a36ec2aa5696e38a2aef64d70b1a3fa15585141ac8e316274d63d55eb	78	1	1	0.8333333333333334	PF05279.17:14-78	Pfam_GA_hit	all_GA_hits_retained_no_clan_competition_filter
control_625267851a43fa74e13368e599efa40e3949e5ed14538d0156835301db1ced31	parent_control	625267851a43fa74e13368e599efa40e3949e5ed14538d0156835301db1ced31	522	2	2	0.8352490421455939	PF10300.16:2-437;PF10345.16:271-395	Pfam_GA_hit	all_GA_hits_retained_no_clan_competition_filter
control_62b7292f378dbe3c53b39d182e74ef2dd4e07fbcde3a886d82a0aa9e00b55c2f	parent_control	62b7292f378dbe3c53b39d182e74ef2dd4e07fbcde3a886d82a0aa9e00b55c2f	53	0	0	0.0		no_Pfam_GA_hit_not_evidence_of_novel_fold	all_GA_hits_retained_no_clan_competition_filter
control_63186ed129cbeac8d3622242b3f0f3fef6632d5b23d6017c428aa8a295d45104	parent_control	63186ed129cbeac8d3622242b3f0f3fef6632d5b23d6017c428aa8a295d45104	61	1	1	0.7049180327868853	PF12763.14:19-61	Pfam_GA_hit	all_GA_hits_retained_no_clan_competition_filter
control_644025c6d488a413f1d4dadb3d8417887b0e3d87621932984de2b37dc7328706	parent_control	644025c6d488a413f1d4dadb3d8417887b0e3d87621932984de2b37dc7328706	241	1	1	0.7344398340248963	PF01227.28:64-240	Pfam_GA_hit	all_GA_hits_retained_no_clan_competition_filter
control_64a8a995832cf246708c228c5c6146b81a605d64175dfc978bb387c2da438bb7	parent_control	64a8a995832cf246708c228c5c6146b81a605d64175dfc978bb387c2da438bb7	378	0	0	0.0		no_Pfam_GA_hit_not_evidence_of_novel_fold	all_GA_hits_retained_no_clan_competition_filter
control_65154cfa47c41f0659b3bef95c50df99b82f5af5c3c84f7bf7c6ae151054be64	parent_control	65154cfa47c41f0659b3bef95c50df99b82f5af5c3c84f7bf7c6ae151054be64	1135	4	2	0.5392070484581498	PF10421.15:160-339;PF10421.15:611-795;PF01909.30:831-896;PF10421.15:955-1135	Pfam_GA_hit	all_GA_hits_retained_no_clan_competition_filter
control_667c91fcfae49d12ad63b9df7fb272f8328cd69d47d26783def81fbb45bd4fed	parent_control	667c91fcfae49d12ad63b9df7fb272f8328cd69d47d26783def81fbb45bd4fed	128	1	1	0.328125	PF00554.28:42-83	Pfam_GA_hit	all_GA_hits_retained_no_clan_competition_filter
control_678d7b3f7557c6b0a761f45cc3319a80ea88d6c4860a8d040f55f282752ac541	parent_control	678d7b3f7557c6b0a761f45cc3319a80ea88d6c4860a8d040f55f282752ac541	290	2	2	0.5517241379310345	PF07686.24:29-122;PF08205.19:147-212	Pfam_GA_hit	all_GA_hits_retained_no_clan_competition_filter
control_687c24c3cbfddc056d8d357dec3874fdcbd09d62518d8d3dde9dcd3ff83c90a9	parent_control	687c24c3cbfddc056d8d357dec3874fdcbd09d62518d8d3dde9dcd3ff83c90a9	310	2	2	0.8032258064516129	PF00129.24:22-200;PF07654.22:218-287	Pfam_GA_hit	all_GA_hits_retained_no_clan_competition_filter
control_697a38e13f963cf14d078ddf282e57cc1c6032ede7a89aa5b22b30ad69733a03	parent_control	697a38e13f963cf14d078ddf282e57cc1c6032ede7a89aa5b22b30ad69733a03	187	1	1	0.6256684491978609	PF04201.21:24-140	Pfam_GA_hit	all_GA_hits_retained_no_clan_competition_filter
control_6aa7a752a93a4c7b2bfc6ee23b9818c15e5313bda699fd5f7e6e4e690cc8d313	parent_control	6aa7a752a93a4c7b2bfc6ee23b9818c15e5313bda699fd5f7e6e4e690cc8d313	186	1	1	0.5806451612903226	PF04201.21:41-148	Pfam_GA_hit	all_GA_hits_retained_no_clan_competition_filter
control_6b70ebb71ef78e6caa372c3d15fbb31259d3eb75100b0e9c0b3ea58224bb6d4b	parent_control	6b70ebb71ef78e6caa372c3d15fbb31259d3eb75100b0e9c0b3ea58224bb6d4b	462	2	2	0.7445887445887446	PF08773.17:25-141;PF00112.30:230-456	Pfam_GA_hit	all_GA_hits_retained_no_clan_competition_filter
control_6ba4ea5d5ad4a5a6943492f00d9031d284a1a66e57466b08531eb03e0e9333d3	parent_control	6ba4ea5d5ad4a5a6943492f00d9031d284a1a66e57466b08531eb03e0e9333d3	285	4	3	0.40350877192982454	PF00057.24:26-63;PF00057.24:72-109;PF07645.22:151-189;PF14670.13:159-189	Pfam_GA_hit	all_GA_hits_retained_no_clan_competition_filter
control_6be63a813beda9a792ff295d937a8bddb1ed997ad9aafbfdc51e0b840c89b977	parent_control	6be63a813beda9a792ff295d937a8bddb1ed997ad9aafbfdc51e0b840c89b977	832	1	1	0.9567307692307693	PF01496.25:27-822	Pfam_GA_hit	all_GA_hits_retained_no_clan_competition_filter
control_6d8020f055fa7719635906c931c268c51dffda18520411b9c2b77c92f704555b	parent_control	6d8020f055fa7719635906c931c268c51dffda18520411b9c2b77c92f704555b	54	1	1	0.9444444444444444	PF15242.12:1-51	Pfam_GA_hit	all_GA_hits_retained_no_clan_competition_filter
control_6e0f425da988b2b11ddefa5dd8321a027b29ff3e62d55790d53d0e5dfb0f87a9	parent_control	6e0f425da988b2b11ddefa5dd8321a027b29ff3e62d55790d53d0e5dfb0f87a9	155	1	1	0.45806451612903226	PF03821.23:83-153	Pfam_GA_hit	all_GA_hits_retained_no_clan_competition_filter
control_6eafd1c18a1ffeed283afac148a0e6278c1663cae7ae62101fc00a0209bbfab4	parent_control	6eafd1c18a1ffeed283afac148a0e6278c1663cae7ae62101fc00a0209bbfab4	159	1	1	0.9622641509433962	PF04756.20:1-153	Pfam_GA_hit	all_GA_hits_retained_no_clan_competition_filter
control_6eff628f24e9419a4c5321669b7b0bad2a5919d55864981dc510f61f13566fb2	parent_control	6eff628f24e9419a4c5321669b7b0bad2a5919d55864981dc510f61f13566fb2	1214	8	3	0.11614497528830313	PF05605.19:210-261;PF00096.33:211-233;PF00096.33:240-262;PF00096.33:281-303;PF00096.33:309-329;PF12874.14:998-1016;PF00096.33:998-1020;PF00096.33:1054-1074	Pfam_GA_hit	all_GA_hits_retained_no_clan_competition_filter
control_6f366a71820dbd610da837abdf371fcd75381321cdb53bea10d6c6c61dfd76f7	parent_control	6f366a71820dbd610da837abdf371fcd75381321cdb53bea10d6c6c61dfd76f7	212	1	1	0.38207547169811323	PF05279.17:52-132	Pfam_GA_hit	all_GA_hits_retained_no_clan_competition_filter
control_6fb689e0039f795ee4228df268aae404a0edd122b3373767988dae45922a5a50	parent_control	6fb689e0039f795ee4228df268aae404a0edd122b3373767988dae45922a5a50	167	1	1	0.40718562874251496	PF00777.24:100-167	Pfam_GA_hit	all_GA_hits_retained_no_clan_competition_filter
control_6fdcb14badca1e99ffb3ae0578aa44c18d2042cc1e2a755ee473ff5c18278ce0	parent_control	6fdcb14badca1e99ffb3ae0578aa44c18d2042cc1e2a755ee473ff5c18278ce0	1641	7	4	0.7336989640463132	PF00520.38:126-416;PF00520.38:524-759;PF00520.38:885-1162;PF00520.38:1205-1474;PF08016.19:1230-1468;PF16905.11:1484-1537;PF08763.18:1547-1621	Pfam_GA_hit	all_GA_hits_retained_no_clan_competition_filter
control_7120bd1ee2bb690bf8e0b4d0228cd3c8b4060433d22c945deb861cfe3cc9737d	parent_control	7120bd1ee2bb690bf8e0b4d0228cd3c8b4060433d22c945deb861cfe3cc9737d	145	1	1	0.7310344827586207	PF00227.32:2-107	Pfam_GA_hit	all_GA_hits_retained_no_clan_competition_filter
control_7130abe33d37e16dc9b5848774b5211d48455311ca2b237ac6ca79700a6094a1	parent_control	7130abe33d37e16dc9b5848774b5211d48455311ca2b237ac6ca79700a6094a1	592	2	2	0.4222972972972973	PF02014.24:31-167;PF03351.23:219-331	Pfam_GA_hit	all_GA_hits_retained_no_clan_competition_filter
control_7136630f68b2cefdfd3e957e32b5fd4c1d26a024b6a64dbf039db571f7a48b2f	parent_control	7136630f68b2cefdfd3e957e32b5fd4c1d26a024b6a64dbf039db571f7a48b2f	162	0	0	0.0		no_Pfam_GA_hit_not_evidence_of_novel_fold	all_GA_hits_retained_no_clan_competition_filter
control_7202fe6019fcfeff791c4452101747ebf85d45311402753112c7371b2a0155b1	parent_control	7202fe6019fcfeff791c4452101747ebf85d45311402753112c7371b2a0155b1	197	1	1	0.3350253807106599	PF05279.17:52-117	Pfam_GA_hit	all_GA_hits_retained_no_clan_competition_filter
control_72070dc5699e4b1b46ca5617e28cf5a04ec3236fd466c6c2850b7b0a8603920c	parent_control	72070dc5699e4b1b46ca5617e28cf5a04ec3236fd466c6c2850b7b0a8603920c	170	2	2	0.7294117647058823	PF00735.25:47-170;PF01926.30:53-121	Pfam_GA_hit	all_GA_hits_retained_no_clan_competition_filter
control_7212777606abdd4abe7de957da936b3bc88ab381282cdc80ec43a0c264e35a31	parent_control	7212777606abdd4abe7de957da936b3bc88ab381282cdc80ec43a0c264e35a31	93	0	0	0.0		no_Pfam_GA_hit_not_evidence_of_novel_fold	all_GA_hits_retained_no_clan_competition_filter
control_7252f191f18b76776d0935c2a5ae13c0006c85b44ff87a36069046b6ab1036c3	parent_control	7252f191f18b76776d0935c2a5ae13c0006c85b44ff87a36069046b6ab1036c3	508	2	2	0.8582677165354331	PF10300.16:2-437;PF10345.16:271-395	Pfam_GA_hit	all_GA_hits_retained_no_clan_competition_filter
control_73265784112777cf8259c31a75cd7a5ce117ed36a6935c595e6a80e3d32f0643	parent_control	73265784112777cf8259c31a75cd7a5ce117ed36a6935c595e6a80e3d32f0643	1343	4	4	0.5197319434102755	PF13872.13:253-558;PF04851.22:292-442;PF13871.13:869-1145;PF25373.2:1183-1297	Pfam_GA_hit	all_GA_hits_retained_no_clan_competition_filter
control_73562e3b769ab7247b43b3393812614f68016dc7cfa273963004b8b68626d030	parent_control	73562e3b769ab7247b43b3393812614f68016dc7cfa273963004b8b68626d030	994	6	6	0.5160965794768612	PF00047.32:98-172;PF13927.13:192-261;PF13895.13:197-274;PF00041.28:280-368;PF07714.24:583-848;PF00069.32:585-843	Pfam_GA_hit	all_GA_hits_retained_no_clan_competition_filter
control_73f033b1da14f6020a44ab96a556a87d9a7206f009a849986d3deaaa05915613	parent_control	73f033b1da14f6020a44ab96a556a87d9a7206f009a849986d3deaaa05915613	284	3	2	0.9964788732394366	PF00261.26:1-82;PF16526.11:13-72;PF00261.26:67-283	Pfam_GA_hit	all_GA_hits_retained_no_clan_competition_filter
control_74e348a4a10ab201503816cbf128a87d803e9537a5115148dd5e68cbd0df42be	parent_control	74e348a4a10ab201503816cbf128a87d803e9537a5115148dd5e68cbd0df42be	889	2	2	0.5084364454443194	PF00169.36:150-264;PF01237.24:410-746	Pfam_GA_hit	all_GA_hits_retained_no_clan_competition_filter
control_75667be7e16006334318a59619e5d970eec3058ffdc17f2951e8ba99b39ab8d4	parent_control	75667be7e16006334318a59619e5d970eec3058ffdc17f2951e8ba99b39ab8d4	245	1	1	0.44081632653061226	PF00059.28:133-240	Pfam_GA_hit	all_GA_hits_retained_no_clan_competition_filter
control_7582f5f78820bcaa7da324897b7dbde7cc7b9efdba88646cd2ab0eba4bd10b3c	parent_control	7582f5f78820bcaa7da324897b7dbde7cc7b9efdba88646cd2ab0eba4bd10b3c	44	0	0	0.0		no_Pfam_GA_hit_not_evidence_of_novel_fold	all_GA_hits_retained_no_clan_competition_filter
control_76ed3d31a030abfb22444d1c00d9a5a8c5953aed6d324fed75f8e83e11ecaf62	parent_control	76ed3d31a030abfb22444d1c00d9a5a8c5953aed6d324fed75f8e83e11ecaf62	209	1	1	0.8516746411483254	PF09764.16:25-202	Pfam_GA_hit	all_GA_hits_retained_no_clan_competition_filter
control_76f4cb4c2952b816df6ee32d1d82107e7beb46065f64b02ebb590dc83fb204c4	parent_control	76f4cb4c2952b816df6ee32d1d82107e7beb46065f64b02ebb590dc83fb204c4	423	1	1	0.7021276595744681	PF00328.28:33-329	Pfam_GA_hit	all_GA_hits_retained_no_clan_competition_filter
control_7716316b15645b5862f0df7502a6492f685fd4749d176e23b0b34c30dabd1ed6	parent_control	7716316b15645b5862f0df7502a6492f685fd4749d176e23b0b34c30dabd1ed6	134	2	2	0.7761194029850746	PF16880.11:24-56;PF00350.30:61-131	Pfam_GA_hit	all_GA_hits_retained_no_clan_competition_filter
control_78848dc32b15f21981bf90f9bb304d5b9189088941226d4a162ca147b46a8202	parent_control	78848dc32b15f21981bf90f9bb304d5b9189088941226d4a162ca147b46a8202	470	1	1	0.474468085106383	PF21033.6:243-465	Pfam_GA_hit	all_GA_hits_retained_no_clan_competition_filter
control_7921d717fbb29d6c7feb18237a44dbb6244de186783fcbe380267bab6823bdf0	parent_control	7921d717fbb29d6c7feb18237a44dbb6244de186783fcbe380267bab6823bdf0	170	2	2	0.7294117647058823	PF00735.25:47-170;PF01926.30:53-121	Pfam_GA_hit	all_GA_hits_retained_no_clan_competition_filter
control_795ef1b8714a759d9b8cb7fc855b15312511a5c8f9b8be78c081cd7a1cbfe7ba	parent_control	795ef1b8714a759d9b8cb7fc855b15312511a5c8f9b8be78c081cd7a1cbfe7ba	533	2	1	0.8386491557223265	PF00067.28:46-290;PF00067.28:324-525	Pfam_GA_hit	all_GA_hits_retained_no_clan_competition_filter
control_7983abab3d1df816042b3a9d1fb20c789e09726b165264803d1e71e7091d111b	parent_control	7983abab3d1df816042b3a9d1fb20c789e09726b165264803d1e71e7091d111b	201	1	1	0.5621890547263682	PF13911.13:53-165	Pfam_GA_hit	all_GA_hits_retained_no_clan_competition_filter
control_79d5934e81d7e4ff207c95b8750c6107750910dff0f9ace672d5cf17f60ce3a0	parent_control	79d5934e81d7e4ff207c95b8750c6107750910dff0f9ace672d5cf17f60ce3a0	179	2	1	0.664804469273743	PF08718.17:18-75;PF08718.17:75-136	Pfam_GA_hit	all_GA_hits_retained_no_clan_competition_filter
control_79fe01e0caa7eaba65689649d0107963a1089d63125ac6b89566e464f26487d6	parent_control	79fe01e0caa7eaba65689649d0107963a1089d63125ac6b89566e464f26487d6	539	1	1	0.9962894248608535	PF05934.16:3-539	Pfam_GA_hit	all_GA_hits_retained_no_clan_competition_filter
control_7a105fd84126029fe8e9e2e2978b685deb6503c8fd9709cff857c43eebd56d10	parent_control	7a105fd84126029fe8e9e2e2978b685deb6503c8fd9709cff857c43eebd56d10	275	1	1	0.6509090909090909	PF07221.18:54-232	Pfam_GA_hit	all_GA_hits_retained_no_clan_competition_filter
control_7a62a94f5e7e5a97659efdb49e2113264d7b89c30d600ac050af2c6d88a8f00a	parent_control	7a62a94f5e7e5a97659efdb49e2113264d7b89c30d600ac050af2c6d88a8f00a	1176	18	5	0.44302721088435376	PF12763.14:20-96;PF12763.14:185-255;PF07653.24:705-758;PF00018.35:707-754;PF14604.13:708-756;PF16617.11:759-873;PF00018.35:875-919;PF14604.13:876-923;PF07653.24:881-924;PF00018.35:964-1008;PF07653.24:964-1012;PF14604.13:965-1011;PF07653.24:1035-1091;PF00018.35:1037-1086;PF14604.13:1037-1090;PF00018.35:1119-1162;PF14604.13:1119-1166;PF07653.24:1121-1166	Pfam_GA_hit	all_GA_hits_retained_no_clan_competition_filter
control_7ad6345e1cb008d4f106799d292dc8d1b1fe190f5cb3ab6e4e60cb5948fe194a	parent_control	7ad6345e1cb008d4f106799d292dc8d1b1fe190f5cb3ab6e4e60cb5948fe194a	523	4	4	0.5430210325047801	PF26141.1:52-233;PF00801.27:268-318;PF18911.7:277-317;PF20433.4:419-469	Pfam_GA_hit	all_GA_hits_retained_no_clan_competition_filter
control_7afc4df40af6691a02620aed69e61fe4dc0928edc1fb575a6ea67221b27459bb	parent_control	7afc4df40af6691a02620aed69e61fe4dc0928edc1fb575a6ea67221b27459bb	83	1	1	0.5060240963855421	PF00554.28:42-83	Pfam_GA_hit	all_GA_hits_retained_no_clan_competition_filter
control_7b2e56775d1ae661ed3a3649a93b7211c991fda22de179297b63b41e35fe1e18	parent_control	7b2e56775d1ae661ed3a3649a93b7211c991fda22de179297b63b41e35fe1e18	210	1	1	0.4857142857142857	PF04923.18:96-197	Pfam_GA_hit	all_GA_hits_retained_no_clan_competition_filter
control_7b6c0e554062837bb9dd67d0fe91f7243dfa53d9abcc1b3495b88c79494d3d92	parent_control	7b6c0e554062837bb9dd67d0fe91f7243dfa53d9abcc1b3495b88c79494d3d92	143	1	1	0.7832167832167832	PF14745.12:32-143	Pfam_GA_hit	all_GA_hits_retained_no_clan_competition_filter
control_7cefaace50c8815fa5f20f16bd08fbcd7000a184c4f0462451789a0f597fd93a	parent_control	7cefaace50c8815fa5f20f16bd08fbcd7000a184c4f0462451789a0f597fd93a	312	1	1	0.266025641025641	PF25234.2:222-304	Pfam_GA_hit	all_GA_hits_retained_no_clan_competition_filter
control_7d2f91f86fc6d5c759b427a402c414ea39d47dbb0dce40a732d085eb216154d3	parent_control	7d2f91f86fc6d5c759b427a402c414ea39d47dbb0dce40a732d085eb216154d3	730	2	2	0.20821917808219179	PF16660.11:35-130;PF20826.3:390-445	Pfam_GA_hit	all_GA_hits_retained_no_clan_competition_filter
control_7e1e7bfe028dc64043a6cc0c7c07de0e5c76dc9078e1cd54c134c37e2e30bcfe	parent_control	7e1e7bfe028dc64043a6cc0c7c07de0e5c76dc9078e1cd54c134c37e2e30bcfe	82	1	1	0.6951219512195121	PF09764.16:25-81	Pfam_GA_hit	all_GA_hits_retained_no_clan_competition_filter
control_7e985e2ec3f6433b076a7d8ac8833657160949d9a14811376052ce237b449d83	parent_control	7e985e2ec3f6433b076a7d8ac8833657160949d9a14811376052ce237b449d83	397	1	1	0.4256926952141058	PF02760.22:170-338	Pfam_GA_hit	all_GA_hits_retained_no_clan_competition_filter
control_7ee20946e5c4ed2462429811a208620d1753053d8621838b4f6eb6a39ee3ee4b	parent_control	7ee20946e5c4ed2462429811a208620d1753053d8621838b4f6eb6a39ee3ee4b	113	4	4	0.6460176991150443	PF02719.22:41-108;PF08659.17:41-112;PF00106.32:41-113;PF13561.13:48-113	Pfam_GA_hit	all_GA_hits_retained_no_clan_competition_filter
control_7f400709816b64b20df8ab830e0db688d017793fb914cc33f391061c7b9bb90a	parent_control	7f400709816b64b20df8ab830e0db688d017793fb914cc33f391061c7b9bb90a	43	0	0	0.0		no_Pfam_GA_hit_not_evidence_of_novel_fold	all_GA_hits_retained_no_clan_competition_filter
control_7f93dbaea487bf22125a75e37cf513e64310719b892bcb62e1bf0c9350a56b43	parent_control	7f93dbaea487bf22125a75e37cf513e64310719b892bcb62e1bf0c9350a56b43	1767	4	4	0.4527447651386531	PF22958.3:61-370;PF24618.2:1179-1345;PF22999.3:1379-1616;PF23009.2:1625-1709	Pfam_GA_hit	all_GA_hits_retained_no_clan_competition_filter
control_7f9cd2afc3f55e6352d3d650200346bb345928e76663cdf444d9808b616f10bc	parent_control	7f9cd2afc3f55e6352d3d650200346bb345928e76663cdf444d9808b616f10bc	556	5	5	0.6744604316546763	PF12796.14:4-65;PF13606.13:9-35;PF00023.37:9-38;PF13637.13:13-59;PF11904.14:124-436	Pfam_GA_hit	all_GA_hits_retained_no_clan_competition_filter
control_804361996ca0f9c150a145e2d5de08cdffb5c29dd7951edea464259f8bf49905	parent_control	804361996ca0f9c150a145e2d5de08cdffb5c29dd7951edea464259f8bf49905	970	0	0	0.0		no_Pfam_GA_hit_not_evidence_of_novel_fold	all_GA_hits_retained_no_clan_competition_filter
control_83debbb19e812356307cad4611f6c44e9650480292f836523dcb652f8ff279b4	parent_control	83debbb19e812356307cad4611f6c44e9650480292f836523dcb652f8ff279b4	227	1	1	0.23348017621145375	PF07686.24:34-86	Pfam_GA_hit	all_GA_hits_retained_no_clan_competition_filter
control_83f7a7bba889b9af99ce9dccc202437c9965d1b47f848d2652782aad283dbd3d	parent_control	83f7a7bba889b9af99ce9dccc202437c9965d1b47f848d2652782aad283dbd3d	1111	5	5	0.27992799279927993	PF13181.13:145-174;PF13432.13:264-318;PF02373.29:844-952;PF21322.3:959-1014;PF21326.5:1031-1091	Pfam_GA_hit	all_GA_hits_retained_no_clan_competition_filter
control_841b185429143bed863115afb560a3eadc04dd2ff5645f1b6732b70c33963d46	parent_control	841b185429143bed863115afb560a3eadc04dd2ff5645f1b6732b70c33963d46	244	2	2	0.6188524590163934	PF14560.13:10-91;PF01302.32:161-229	Pfam_GA_hit	all_GA_hits_retained_no_clan_competition_filter
control_8500b17b3f5cc9f4deaed97ff0ad19025d5d94095c67bb9c969910558b69f1f8	parent_control	8500b17b3f5cc9f4deaed97ff0ad19025d5d94095c67bb9c969910558b69f1f8	559	2	2	0.5420393559928444	PF11934.14:109-220;PF01858.23:367-557	Pfam_GA_hit	all_GA_hits_retained_no_clan_competition_filter
control_8510b2203494ec5fb2c91b949370cbdffedc527fa94b526f48cb22ac3cdcf744	parent_control	8510b2203494ec5fb2c91b949370cbdffedc527fa94b526f48cb22ac3cdcf744	297	1	1	0.8888888888888888	PF00248.28:2-265	Pfam_GA_hit	all_GA_hits_retained_no_clan_competition_filter
control_85a231bdeb25436041a861bc8afbe064a094cd1221980fe61107acea856198c9	parent_control	85a231bdeb25436041a861bc8afbe064a094cd1221980fe61107acea856198c9	417	0	0	0.0		no_Pfam_GA_hit_not_evidence_of_novel_fold	all_GA_hits_retained_no_clan_competition_filter
control_85c1b2645e2966cfacf564c3cb0de52abcb8dd0577029d4dbd018e2363abd3dd	parent_control	85c1b2645e2966cfacf564c3cb0de52abcb8dd0577029d4dbd018e2363abd3dd	269	2	2	0.7211895910780669	PF06762.21:1-85;PF25179.2:161-269	Pfam_GA_hit	all_GA_hits_retained_no_clan_competition_filter
control_85c505e06439e105e2c7cd5f75806c9582322af6abbf25c1c56fa74276f42036	parent_control	85c505e06439e105e2c7cd5f75806c9582322af6abbf25c1c56fa74276f42036	252	2	2	0.2261904761904762	PF00046.36:16-72;PF05920.18:33-72	Pfam_GA_hit	all_GA_hits_retained_no_clan_competition_filter
control_866c4e59f80368fe76915513f681f3ce4bd6cc3cfeed64e4429c8a13de2bd05f	parent_control	866c4e59f80368fe76915513f681f3ce4bd6cc3cfeed64e4429c8a13de2bd05f	206	2	1	0.6213592233009708	PF04201.21:41-121;PF04201.21:118-168	Pfam_GA_hit	all_GA_hits_retained_no_clan_competition_filter
control_86e0b6b0047834266a28c887ac80f3e9b8d36ce2db84bfbbdd52ea5092504dad	parent_control	86e0b6b0047834266a28c887ac80f3e9b8d36ce2db84bfbbdd52ea5092504dad	61	1	1	1.0	PF00261.26:1-61	Pfam_GA_hit	all_GA_hits_retained_no_clan_competition_filter
control_87d5a2f784f87fbadcaa1a4476b0758ccda748ecc1d3ef8c5e93869abd5b16c0	parent_control	87d5a2f784f87fbadcaa1a4476b0758ccda748ecc1d3ef8c5e93869abd5b16c0	585	1	1	0.22905982905982905	PF04146.22:417-550	Pfam_GA_hit	all_GA_hits_retained_no_clan_competition_filter
control_884b608ab8bc2f93536794469c5b9df7029d5d48c8f02aacd12040c052ecf957	parent_control	884b608ab8bc2f93536794469c5b9df7029d5d48c8f02aacd12040c052ecf957	658	5	5	0.44072948328267475	PF05279.17:1-50;PF13432.13:245-305;PF13174.13:251-274;PF13181.13:364-387;PF05118.22:491-645	Pfam_GA_hit	all_GA_hits_retained_no_clan_competition_filter
control_89ee57b4552c37aae39e88dd00c1317d581a59614f4280d9ad96bc6052390328	parent_control	89ee57b4552c37aae39e88dd00c1317d581a59614f4280d9ad96bc6052390328	4545	54	7	0.4453245324532453	PF00057.24:26-63;PF00057.24:72-109;PF07645.22:151-189;PF00058.24:615-658;PF00058.24:663-709;PF14670.13:808-843;PF00057.24:854-887;PF00057.24:895-932;PF00057.24:935-972;PF00057.24:980-1012;PF00057.24:1015-1052;PF00057.24:1063-1098;PF00057.24:1105-1141;PF14670.13:1186-1222;PF00058.24:1357-1397;PF00058.24:1402-1444;PF00058.24:1628-1668;PF00058.24:1978-2018;PF00058.24:2021-2062;PF00058.24:2345-2387;PF00058.24:2391-2429;PF00057.24:2524-2558;PF00057.24:2566-2601;PF00057.24:2605-2640;PF00057.24:2661-2689;PF00057.24:2696-2731;PF00057.24:2735-2770;PF00057.24:2773-2813;PF00057.24:2817-2854;PF00057.24:2858-2892;PF00057.24:2904-2940;PF07645.22:2942-2981;PF12662.14:2963-2986;PF07645.22:2983-3022;PF16472.13:3040-3221;PF00058.24:3072-3112;PF00058.24:3115-3154;PF00058.24:3158-3199;PF00058.24:3203-3241;PF14670.13:3295-3331;PF00057.24:3334-3370;PF00057.24:3374-3409;PF00057.24:3414-3449;PF00057.24:3453-3490;PF00057.24:3494-3532;PF00057.24:3535-3571;PF00057.24:3575-3610;PF00057.24:3613-3648;PF00057.24:3653-3691;PF00057.24:3741-3777;PF07645.22:3825-3861;PF00058.24:3971-4011;PF00058.24:4014-4055;PF00008.34:4236-4266	Pfam_GA_hit	all_GA_hits_retained_no_clan_competition_filter
control_8a01fcbf0cafea7ef4a43c3225692e236acd9bd82de3eaba399bfc65b9bbdda2	parent_control	8a01fcbf0cafea7ef4a43c3225692e236acd9bd82de3eaba399bfc65b9bbdda2	68	0	0	0.0		no_Pfam_GA_hit_not_evidence_of_novel_fold	all_GA_hits_retained_no_clan_competition_filter
control_8a6ac8d4c30467b8d5fd897e18522455d2f8d301e23d5ee40e8132f0dd53d9f1	parent_control	8a6ac8d4c30467b8d5fd897e18522455d2f8d301e23d5ee40e8132f0dd53d9f1	261	2	2	0.8735632183908046	PF21002.3:2-92;PF07092.19:115-251	Pfam_GA_hit	all_GA_hits_retained_no_clan_competition_filter
control_8aeb327e8d3bd08ecb72ee018f0d9064792c84f3fb00fb02adc4a7dcbc0c3a51	parent_control	8aeb327e8d3bd08ecb72ee018f0d9064792c84f3fb00fb02adc4a7dcbc0c3a51	233	1	1	0.7081545064377682	PF22528.2:56-220	Pfam_GA_hit	all_GA_hits_retained_no_clan_competition_filter
control_8be670cb97f2bb339e966a0b44f60cb57ccc3d65e57990d25e19545df944c8e1	parent_control	8be670cb97f2bb339e966a0b44f60cb57ccc3d65e57990d25e19545df944c8e1	485	2	2	0.4948453608247423	PF02758.23:9-79;PF02760.22:258-426	Pfam_GA_hit	all_GA_hits_retained_no_clan_competition_filter
control_8c6ed51b405fc30e2e14443e1b2431d23f7bdb56f50a3582ec0ddb654cb5c1a4	parent_control	8c6ed51b405fc30e2e14443e1b2431d23f7bdb56f50a3582ec0ddb654cb5c1a4	48	0	0	0.0		no_Pfam_GA_hit_not_evidence_of_novel_fold	all_GA_hits_retained_no_clan_competition_filter
control_8de4bce387755aa333d7e92a0f3c3767fd78208e18752575f0ed995a2c5ab538	parent_control	8de4bce387755aa333d7e92a0f3c3767fd78208e18752575f0ed995a2c5ab538	149	1	1	0.8859060402684564	PF08718.17:18-149	Pfam_GA_hit	all_GA_hits_retained_no_clan_competition_filter
control_8df942826d0b2fdc6a7c758c2eb0880482ec75875734f494c2285e150ede24c4	parent_control	8df942826d0b2fdc6a7c758c2eb0880482ec75875734f494c2285e150ede24c4	208	1	1	0.7932692307692307	PF22528.2:31-195	Pfam_GA_hit	all_GA_hits_retained_no_clan_competition_filter
control_8f9d2be3697a8304961bcdb65f2c09fcc87ff1281f0deb8d09e0d752c5cb8452	parent_control	8f9d2be3697a8304961bcdb65f2c09fcc87ff1281f0deb8d09e0d752c5cb8452	331	2	2	0.6918429003021148	PF06762.21:1-85;PF25179.2:161-304	Pfam_GA_hit	all_GA_hits_retained_no_clan_competition_filter
control_90723a202b23156d12af3d1dbd1d8b913ed1cbf81c178ccfc4eccbf205b37354	parent_control	90723a202b23156d12af3d1dbd1d8b913ed1cbf81c178ccfc4eccbf205b37354	834	1	1	0.9628297362110312	PF01496.25:27-829	Pfam_GA_hit	all_GA_hits_retained_no_clan_competition_filter
control_909ffa3f7249c7373fb5d1aef31563f75225f95ea4d242beee6cb5ef6ecbdf83	parent_control	909ffa3f7249c7373fb5d1aef31563f75225f95ea4d242beee6cb5ef6ecbdf83	806	2	2	0.7655086848635235	PF19252.5:116-137;PF03343.19:165-759	Pfam_GA_hit	all_GA_hits_retained_no_clan_competition_filter
control_91224fca4b20ac0df65ec37451c7e215c83ba1b68e29b3aab23a8f45f6b4b02a	parent_control	91224fca4b20ac0df65ec37451c7e215c83ba1b68e29b3aab23a8f45f6b4b02a	135	2	2	0.7407407407407407	PF10660.15:4-66;PF09360.16:79-115	Pfam_GA_hit	all_GA_hits_retained_no_clan_competition_filter
control_919ddaf7b3c2f5e3d819ea19bb18605d0b7dd4933328f18412967b1cac340f44	parent_control	919ddaf7b3c2f5e3d819ea19bb18605d0b7dd4933328f18412967b1cac340f44	245	1	1	0.2693877551020408	PF05279.17:52-117	Pfam_GA_hit	all_GA_hits_retained_no_clan_competition_filter
control_9223c320e908a1aa185b1d7bd83c86fef147d53461e8c7908368e2eef2a1b706	parent_control	9223c320e908a1aa185b1d7bd83c86fef147d53461e8c7908368e2eef2a1b706	512	2	1	0.76171875	PF07690.22:91-376;PF07690.22:299-480	Pfam_GA_hit	all_GA_hits_retained_no_clan_competition_filter
control_931bbab1eee82c4cbd8a16e6326b38e80807af880644e30948ca0784126f5fb5	parent_control	931bbab1eee82c4cbd8a16e6326b38e80807af880644e30948ca0784126f5fb5	212	4	4	0.7594339622641509	PF08477.20:8-122;PF00025.28:8-161;PF00071.29:8-168;PF01926.30:10-115	Pfam_GA_hit	all_GA_hits_retained_no_clan_competition_filter
control_948b835d1f3d5203e4fb78520b92edc150c3efeeecd9f65cb6960fa6569ed839	parent_control	948b835d1f3d5203e4fb78520b92edc150c3efeeecd9f65cb6960fa6569ed839	371	5	5	0.7250673854447439	PF06325.20:88-161;PF13847.13:88-162;PF13649.13:92-189;PF08241.19:93-191;PF22528.2:194-358	Pfam_GA_hit	all_GA_hits_retained_no_clan_competition_filter
control_959b280a789737059117bcbc042c9518ca61c0a1cd2d57fb735e686d85b8d9df	parent_control	959b280a789737059117bcbc042c9518ca61c0a1cd2d57fb735e686d85b8d9df	266	1	1	0.6127819548872181	PF00777.24:101-263	Pfam_GA_hit	all_GA_hits_retained_no_clan_competition_filter
control_96a4d8341e17c57cb31a77df7fe4af9922a31cee43472ca3da5ecf3a8dd693f3	parent_control	96a4d8341e17c57cb31a77df7fe4af9922a31cee43472ca3da5ecf3a8dd693f3	173	1	1	0.6994219653179191	PF30864.1:53-173	Pfam_GA_hit	all_GA_hits_retained_no_clan_competition_filter
control_96c09b7ce46b58fe7b0736c03f58a101aaff0950637d8fb687cef32701de3eba	parent_control	96c09b7ce46b58fe7b0736c03f58a101aaff0950637d8fb687cef32701de3eba	536	2	2	0.48507462686567165	PF02403.28:2-98;PF00587.31:259-421	Pfam_GA_hit	all_GA_hits_retained_no_clan_competition_filter
control_971643a7a6b3dc89f0c944f9560776ab9311cea51c0d0191e4ad271d724de080	parent_control	971643a7a6b3dc89f0c944f9560776ab9311cea51c0d0191e4ad271d724de080	309	1	1	0.28802588996763756	PF07686.24:30-118	Pfam_GA_hit	all_GA_hits_retained_no_clan_competition_filter
control_988563bd7d04b9491555c4b18f2cfb0d478c223f130885bcddab93f0bc94d766	parent_control	988563bd7d04b9491555c4b18f2cfb0d478c223f130885bcddab93f0bc94d766	523	2	2	0.6940726577437859	PF02225.28:72-149;PF04258.19:214-498	Pfam_GA_hit	all_GA_hits_retained_no_clan_competition_filter
control_99c415e3dbf3e7ff95ab96803c1c4042a6aef5bf708bb51fba82bf99661a102f	parent_control	99c415e3dbf3e7ff95ab96803c1c4042a6aef5bf708bb51fba82bf99661a102f	491	12	6	0.5071283095723014	PF12796.14:56-145;PF13606.13:83-109;PF13637.13:86-136;PF13606.13:117-142;PF00023.37:117-146;PF13637.13:120-169;PF13857.13:203-257;PF12796.14:208-270;PF13606.13:217-244;PF00023.37:217-247;PF13637.13:221-261;PF01529.26:424-490	Pfam_GA_hit	all_GA_hits_retained_no_clan_competition_filter
control_9a3783a3b27d465af2a7741b0e18cd90343f97791bcac7af7d51d17fe829a318	parent_control	9a3783a3b27d465af2a7741b0e18cd90343f97791bcac7af7d51d17fe829a318	465	2	2	0.47096774193548385	PF00853.25:66-193;PF08504.17:375-465	Pfam_GA_hit	all_GA_hits_retained_no_clan_competition_filter
control_9a3810572a63bf2ae10dd92c715b55fcf3ea44815ac4910fcdf3eb88f4ff707c	parent_control	9a3810572a63bf2ae10dd92c715b55fcf3ea44815ac4910fcdf3eb88f4ff707c	498	2	2	0.6746987951807228	PF01233.26:143-296;PF02799.22:310-491	Pfam_GA_hit	all_GA_hits_retained_no_clan_competition_filter
control_9a7ffcd32073103f60b4e6a3fe9fc3e3b45b8fcec0350bf845b5293218c01483	parent_control	9a7ffcd32073103f60b4e6a3fe9fc3e3b45b8fcec0350bf845b5293218c01483	339	4	1	0.7787610619469026	PF00191.26:38-102;PF00191.26:109-174;PF00191.26:193-259;PF00191.26:269-334	Pfam_GA_hit	all_GA_hits_retained_no_clan_competition_filter
control_9ad73883c261c3ece2520388a0df802a1b1e66e0bd289baf5f4b1cbd56b2e656	parent_control	9ad73883c261c3ece2520388a0df802a1b1e66e0bd289baf5f4b1cbd56b2e656	227	1	1	0.6431718061674009	PF05300.17:29-174	Pfam_GA_hit	all_GA_hits_retained_no_clan_competition_filter
control_9b9c28c4b262226731ee778575358bf069907c2fe03fe4dc7033164002963feb	parent_control	9b9c28c4b262226731ee778575358bf069907c2fe03fe4dc7033164002963feb	451	4	4	0.5764966740576497	PF26141.1:1-158;PF00801.27:193-243;PF18911.7:202-242;PF20433.4:344-394	Pfam_GA_hit	all_GA_hits_retained_no_clan_competition_filter
control_9c41f4901fc2d4b34d77840cd5370e3a7ec23e0baf670fb59728d797e130c305	parent_control	9c41f4901fc2d4b34d77840cd5370e3a7ec23e0baf670fb59728d797e130c305	699	4	4	0.630901287553648	PF00566.26:48-245;PF23436.2:119-261;PF00581.26:331-438;PF19430.5:579-697	Pfam_GA_hit	all_GA_hits_retained_no_clan_competition_filter
control_9ccf8e4b24e70fe9b848995e32799f4b9458c34aa1398798937a996082a99803	parent_control	9ccf8e4b24e70fe9b848995e32799f4b9458c34aa1398798937a996082a99803	82	1	1	0.9146341463414634	PF05934.16:8-82	Pfam_GA_hit	all_GA_hits_retained_no_clan_competition_filter
control_9db2e1e43fe73788fde6b354a950a906784fb18635037b17ddc218a763783a6b	parent_control	9db2e1e43fe73788fde6b354a950a906784fb18635037b17ddc218a763783a6b	437	2	2	0.6224256292906178	PF00735.25:47-318;PF01926.30:53-185	Pfam_GA_hit	all_GA_hits_retained_no_clan_competition_filter
control_9e3d053e9cf188de4ae35cae7f6e80720482a29b755bf2bb355bc367d5ebfcef	parent_control	9e3d053e9cf188de4ae35cae7f6e80720482a29b755bf2bb355bc367d5ebfcef	108	1	1	0.5833333333333334	PF10660.15:4-66	Pfam_GA_hit	all_GA_hits_retained_no_clan_competition_filter
control_9e44923604a8ba5e6797106739a49d881b822c9fa3df4805a4c5c622a4893205	parent_control	9e44923604a8ba5e6797106739a49d881b822c9fa3df4805a4c5c622a4893205	433	3	3	0.5658198614318707	PF21236.4:87-154;PF00004.36:212-344;PF17862.8:367-410	Pfam_GA_hit	all_GA_hits_retained_no_clan_competition_filter
control_9e6e51942da90655ab6ce497b140f8bffeba8b9da5d4d75866be1ffe20f1144c	parent_control	9e6e51942da90655ab6ce497b140f8bffeba8b9da5d4d75866be1ffe20f1144c	104	0	0	0.0		no_Pfam_GA_hit_not_evidence_of_novel_fold	all_GA_hits_retained_no_clan_competition_filter
control_9f1142b8bafa4a8bef03259600d022d50287e2630b579fe3f85e19385d5a20d8	parent_control	9f1142b8bafa4a8bef03259600d022d50287e2630b579fe3f85e19385d5a20d8	453	2	2	0.847682119205298	PF01591.25:33-233;PF00300.28:236-418	Pfam_GA_hit	all_GA_hits_retained_no_clan_competition_filter
control_9f71fd11034cd55c931f23e145b9f8ccd98199df26322e812003d1924cacceb0	parent_control	9f71fd11034cd55c931f23e145b9f8ccd98199df26322e812003d1924cacceb0	1553	4	4	0.2607855763039279	PF00130.29:35-82;PF10409.16:286-412;PF00017.31:1280-1374;PF08416.20:1418-1552	Pfam_GA_hit	all_GA_hits_retained_no_clan_competition_filter
control_9f85adb8253c89847663013745920bdcc9bbf25f7153a8b99adebc08a8f792c2	parent_control	9f85adb8253c89847663013745920bdcc9bbf25f7153a8b99adebc08a8f792c2	488	2	2	0.8504098360655737	PF03972.20:9-249;PF19305.5:274-447	Pfam_GA_hit	all_GA_hits_retained_no_clan_competition_filter
control_9faa6836b88d45bd9f82af4bb8d63e2db8905c78276b3ba91dadb3059aabe61e	parent_control	9faa6836b88d45bd9f82af4bb8d63e2db8905c78276b3ba91dadb3059aabe61e	551	0	0	0.0		no_Pfam_GA_hit_not_evidence_of_novel_fold	all_GA_hits_retained_no_clan_competition_filter
control_9fc47bf66e2e3018e350b8ee5663992a54099a5853667638c0385531fde0acf8	parent_control	9fc47bf66e2e3018e350b8ee5663992a54099a5853667638c0385531fde0acf8	574	2	2	0.735191637630662	PF06762.21:51-328;PF25179.2:404-547	Pfam_GA_hit	all_GA_hits_retained_no_clan_competition_filter
control_9fde83d5c76bbbaf6d6d4069a54b12d3e22bbec43f980a43b2c6821bb4f0a50d	parent_control	9fde83d5c76bbbaf6d6d4069a54b12d3e22bbec43f980a43b2c6821bb4f0a50d	222	1	1	0.5540540540540541	PF07686.24:45-167	Pfam_GA_hit	all_GA_hits_retained_no_clan_competition_filter
control_a01bb96bd3d11e8ce9bd7027980708e64521d3d3b0bdecf7660615df3e65a830	parent_control	a01bb96bd3d11e8ce9bd7027980708e64521d3d3b0bdecf7660615df3e65a830	232	1	1	0.8922413793103449	PF00248.28:2-208	Pfam_GA_hit	all_GA_hits_retained_no_clan_competition_filter
control_a0dc1671ec9cc2b891e4dad2b725e2200e5c6170212a796c360d54c657262462	parent_control	a0dc1671ec9cc2b891e4dad2b725e2200e5c6170212a796c360d54c657262462	597	0	0	0.0		no_Pfam_GA_hit_not_evidence_of_novel_fold	all_GA_hits_retained_no_clan_competition_filter
control_a1474f326e4e2fab34602745aba2041420fcdc124ee65a67a0add9dbbc48e8e3	parent_control	a1474f326e4e2fab34602745aba2041420fcdc124ee65a67a0add9dbbc48e8e3	135	1	1	0.9703703703703703	PF01227.28:4-134	Pfam_GA_hit	all_GA_hits_retained_no_clan_competition_filter
control_a14f8a2a88737f1e068cd37a14a768d1b72c76f3b68d98d87db3806d2289e742	parent_control	a14f8a2a88737f1e068cd37a14a768d1b72c76f3b68d98d87db3806d2289e742	148	1	1	0.8783783783783784	PF10421.15:1-130	Pfam_GA_hit	all_GA_hits_retained_no_clan_competition_filter
control_a1696802f8ab76cdec94ce4d2cf6920ae5d8b39b11d5fde6b2a7f7a41b786ac9	parent_control	a1696802f8ab76cdec94ce4d2cf6920ae5d8b39b11d5fde6b2a7f7a41b786ac9	574	3	3	0.7247386759581882	PF20825.3:40-169;PF03489.23:81-113;PF00657.29:256-541	Pfam_GA_hit	all_GA_hits_retained_no_clan_competition_filter
control_a1b127afcf0c1a30e7fb3748cdc09fc354c6084f6cb684b60fbe910d6b81d8a1	parent_control	a1b127afcf0c1a30e7fb3748cdc09fc354c6084f6cb684b60fbe910d6b81d8a1	361	9	6	0.5401662049861495	PF12796.14:2-61;PF13857.13:5-56;PF13637.13:23-61;PF13857.13:73-127;PF12796.14:78-140;PF13606.13:87-114;PF00023.37:87-117;PF13637.13:91-131;PF01529.26:294-360	Pfam_GA_hit	all_GA_hits_retained_no_clan_competition_filter
control_a1f3a1a7f0b2914e0193387ee4149be3257e0e35a270cfb066880dea08553094	parent_control	a1f3a1a7f0b2914e0193387ee4149be3257e0e35a270cfb066880dea08553094	34	0	0	0.0		no_Pfam_GA_hit_not_evidence_of_novel_fold	all_GA_hits_retained_no_clan_competition_filter
control_a21d61e6261af3674500f92333cd7fa2ae03c22126085dbef6ceb2f2596e9a35	parent_control	a21d61e6261af3674500f92333cd7fa2ae03c22126085dbef6ceb2f2596e9a35	140	1	1	0.8857142857142857	PF00227.32:2-125	Pfam_GA_hit	all_GA_hits_retained_no_clan_competition_filter
control_a27b841b13bf9a5b0478dfb4bed376161412fc033c877514cbea7807813c34ea	parent_control	a27b841b13bf9a5b0478dfb4bed376161412fc033c877514cbea7807813c34ea	203	1	1	0.7241379310344828	PF00227.32:34-180	Pfam_GA_hit	all_GA_hits_retained_no_clan_competition_filter
control_a2e7590f94a887bc04b0de19d0e25775ef5681d071714bab5d062dc1c1f272c8	parent_control	a2e7590f94a887bc04b0de19d0e25775ef5681d071714bab5d062dc1c1f272c8	131	1	1	0.6106870229007634	PF05279.17:52-131	Pfam_GA_hit	all_GA_hits_retained_no_clan_competition_filter
control_a34117b3ceed2645491f9f37e956b4845b9bdba8ebe57e8c9853384d928a3c87	parent_control	a34117b3ceed2645491f9f37e956b4845b9bdba8ebe57e8c9853384d928a3c87	231	0	0	0.0		no_Pfam_GA_hit_not_evidence_of_novel_fold	all_GA_hits_retained_no_clan_competition_filter
control_a352eb73aeac79007f35a62f3bf8cd90c6a9583fc5955bb812cbbc1dc6e5fe79	parent_control	a352eb73aeac79007f35a62f3bf8cd90c6a9583fc5955bb812cbbc1dc6e5fe79	450	1	1	0.37555555555555553	PF02760.22:223-391	Pfam_GA_hit	all_GA_hits_retained_no_clan_competition_filter
control_a35dcef1d9249c78625c688bfa56981533909fe1270e7c1241bcee24147fc643	parent_control	a35dcef1d9249c78625c688bfa56981533909fe1270e7c1241bcee24147fc643	255	2	2	0.8235294117647058	PF10584.15:8-30;PF00227.32:31-217	Pfam_GA_hit	all_GA_hits_retained_no_clan_competition_filter
control_a3ff91b7da2de9ebbfff0e7f2a0b6008f3bae53c05182e4d448b9550e21c5405	parent_control	a3ff91b7da2de9ebbfff0e7f2a0b6008f3bae53c05182e4d448b9550e21c5405	2798	6	6	0.6168691922802001	PF11547.15:179-230;PF30806.1:872-1163;PF30802.1:1175-1241;PF30807.1:1248-2206;PF00658.25:2392-2449;PF00632.31:2500-2797	Pfam_GA_hit	all_GA_hits_retained_no_clan_competition_filter
control_a4106ea84fb0d255780177e3278e9b6ee75027d89280a7316030f922aaca4ebf	parent_control	a4106ea84fb0d255780177e3278e9b6ee75027d89280a7316030f922aaca4ebf	437	2	2	0.6224256292906178	PF00735.25:47-318;PF01926.30:53-185	Pfam_GA_hit	all_GA_hits_retained_no_clan_competition_filter
control_a591c319b6588f758bddd3dcb5ce12dde1d1f663bc2b985a92ac255e2c5a9c45	parent_control	a591c319b6588f758bddd3dcb5ce12dde1d1f663bc2b985a92ac255e2c5a9c45	190	2	1	0.6736842105263158	PF08718.17:18-78;PF08718.17:81-147	Pfam_GA_hit	all_GA_hits_retained_no_clan_competition_filter
control_a5c76422e5e90bb64002d1e17460370c849cd388be80735b89d9f32b4452586d	parent_control	a5c76422e5e90bb64002d1e17460370c849cd388be80735b89d9f32b4452586d	1647	7	4	0.7310261080752884	PF00520.38:126-416;PF00520.38:524-759;PF00520.38:885-1162;PF00520.38:1205-1474;PF08016.19:1230-1468;PF16905.11:1484-1537;PF08763.18:1547-1621	Pfam_GA_hit	all_GA_hits_retained_no_clan_competition_filter
control_a5cd1e448d947eb9fda4eb51dea0153b945189d6c0ade421af3ce95e1a94886f	parent_control	a5cd1e448d947eb9fda4eb51dea0153b945189d6c0ade421af3ce95e1a94886f	64	0	0	0.0		no_Pfam_GA_hit_not_evidence_of_novel_fold	all_GA_hits_retained_no_clan_competition_filter
control_a5fe88cd7ce01bc7b8a5d20e372f87cf5ad2f717a9cea6961f8f6fb3ed1662f0	parent_control	a5fe88cd7ce01bc7b8a5d20e372f87cf5ad2f717a9cea6961f8f6fb3ed1662f0	199	1	1	0.6130653266331658	PF04201.21:31-152	Pfam_GA_hit	all_GA_hits_retained_no_clan_competition_filter
control_a616e07990009fd4b0f7ad5e94efec6469315446af9a8917dee12db0d3ded418	parent_control	a616e07990009fd4b0f7ad5e94efec6469315446af9a8917dee12db0d3ded418	474	2	1	0.16455696202531644	PF00020.25:40-76;PF00020.25:79-119	Pfam_GA_hit	all_GA_hits_retained_no_clan_competition_filter
control_a623ff4212e781902b856591666298cb87004d1ec042f3bbc8ddaa94ad8f82fa	parent_control	a623ff4212e781902b856591666298cb87004d1ec042f3bbc8ddaa94ad8f82fa	469	2	2	0.8486140724946695	PF01591.25:35-249;PF00300.28:252-434	Pfam_GA_hit	all_GA_hits_retained_no_clan_competition_filter
control_a663f6878cca37004d1fa4fdb405dbae1ce3608db43223572bd0f9893ea6e39b	parent_control	a663f6878cca37004d1fa4fdb405dbae1ce3608db43223572bd0f9893ea6e39b	531	2	2	0.768361581920904	PF13520.13:39-443;PF00324.28:47-446	Pfam_GA_hit	all_GA_hits_retained_no_clan_competition_filter
control_a71297c69b1df2dad4e3c8a3412a6b7f3d577c72a8871a12e99384ed3ffafd71	parent_control	a71297c69b1df2dad4e3c8a3412a6b7f3d577c72a8871a12e99384ed3ffafd71	272	3	3	0.9375	PF22999.3:1-121;PF23009.2:130-214;PF13639.13:220-268	Pfam_GA_hit	all_GA_hits_retained_no_clan_competition_filter
control_a8d6c0db01b78aa2f03b59beaa6d9f37f6b0cea4f4331066a5633b9f7161ec5a	parent_control	a8d6c0db01b78aa2f03b59beaa6d9f37f6b0cea4f4331066a5633b9f7161ec5a	73	1	1	0.958904109589041	PF04598.18:4-73	Pfam_GA_hit	all_GA_hits_retained_no_clan_competition_filter
control_a8e361c2ce0d0e42351d722318138cf7d9f8e492b0665033a0bc36e68b03e0e5	parent_control	a8e361c2ce0d0e42351d722318138cf7d9f8e492b0665033a0bc36e68b03e0e5	931	7	5	0.7819548872180451	PF00431.27:28-139;PF00431.27:149-264;PF00754.32:292-424;PF00754.32:449-589;PF22633.4:484-573;PF00629.31:646-792;PF11980.14:853-931	Pfam_GA_hit	all_GA_hits_retained_no_clan_competition_filter
control_a942c1bbfc874771cab8b39b8c35f4095c6ca003f72e7ca55da9ba4640e0b2b7	parent_control	a942c1bbfc874771cab8b39b8c35f4095c6ca003f72e7ca55da9ba4640e0b2b7	186	1	1	0.6881720430107527	PF05915.18:57-184	Pfam_GA_hit	all_GA_hits_retained_no_clan_competition_filter
control_a9738c40ff53f02521a2dad3e4ddf1447161387aa1b08341b8819e44a308a910	parent_control	a9738c40ff53f02521a2dad3e4ddf1447161387aa1b08341b8819e44a308a910	201	4	4	0.8407960199004975	PF00025.28:5-136;PF01926.30:9-104;PF08477.20:9-127;PF00071.29:9-173	Pfam_GA_hit	all_GA_hits_retained_no_clan_competition_filter
control_a97484af7998422c4b1f2fb421799246680b724b935bbc8ccf79e6670b0ba1c9	parent_control	a97484af7998422c4b1f2fb421799246680b724b935bbc8ccf79e6670b0ba1c9	261	1	1	0.25287356321839083	PF05279.17:14-79	Pfam_GA_hit	all_GA_hits_retained_no_clan_competition_filter
control_a9df1e345c7897470419b864540e5033c4989b50ade850d058fa8a2ba2612b30	parent_control	a9df1e345c7897470419b864540e5033c4989b50ade850d058fa8a2ba2612b30	1149	5	5	0.27067014795474326	PF13181.13:138-167;PF13432.13:257-311;PF02373.29:882-990;PF21322.3:997-1052;PF21326.5:1069-1129	Pfam_GA_hit	all_GA_hits_retained_no_clan_competition_filter
control_a9fe5b486c4ac81f7f0aeb38f96655c054001fe0dc947aff0e59cbfb9d65d4c5	parent_control	a9fe5b486c4ac81f7f0aeb38f96655c054001fe0dc947aff0e59cbfb9d65d4c5	126	1	1	0.5079365079365079	PF01423.29:9-72	Pfam_GA_hit	all_GA_hits_retained_no_clan_competition_filter
control_aa332563395735725298c8e0f34395ac3fa22970d4b1a7a4790998c3442fd005	parent_control	aa332563395735725298c8e0f34395ac3fa22970d4b1a7a4790998c3442fd005	293	1	1	0.2832764505119454	PF25234.2:203-285	Pfam_GA_hit	all_GA_hits_retained_no_clan_competition_filter
control_aa3a8b9f193ab6599711a35e5757636a93c74a353cf5ab3ebc217a102e7cf067	parent_control	aa3a8b9f193ab6599711a35e5757636a93c74a353cf5ab3ebc217a102e7cf067	87	1	1	0.9425287356321839	PF00059.28:1-82	Pfam_GA_hit	all_GA_hits_retained_no_clan_competition_filter
control_aa695e3c7986bb8fe78d7c41e0580879cdf299cf1d21fa437aa06167682065e3	parent_control	aa695e3c7986bb8fe78d7c41e0580879cdf299cf1d21fa437aa06167682065e3	150	1	1	0.2733333333333333	PF00595.30:18-58	Pfam_GA_hit	all_GA_hits_retained_no_clan_competition_filter
control_aa8792f918ce7e1207910c3f3aa3953d51cb1ed9f0c16bfffc497a4fd8da5848	parent_control	aa8792f918ce7e1207910c3f3aa3953d51cb1ed9f0c16bfffc497a4fd8da5848	709	1	1	0.307475317348378	PF01433.27:436-653	Pfam_GA_hit	all_GA_hits_retained_no_clan_competition_filter
control_aa8dd22ca0da9216315e324ab75966c02a8dbaa4ad10c16632e5d71a34a2f996	parent_control	aa8dd22ca0da9216315e324ab75966c02a8dbaa4ad10c16632e5d71a34a2f996	987	4	4	0.2006079027355623	PF18104.8:90-123;PF18115.8:91-135;PF16660.11:292-387;PF20826.3:647-702	Pfam_GA_hit	all_GA_hits_retained_no_clan_competition_filter
control_ab3d1696f281542cf2fc61f38ebb472abd633463cfc5a5870ac8851701b02702	parent_control	ab3d1696f281542cf2fc61f38ebb472abd633463cfc5a5870ac8851701b02702	350	1	1	0.8428571428571429	PF15122.12:55-349	Pfam_GA_hit	all_GA_hits_retained_no_clan_competition_filter
control_ac2653ab94fc4e6411a090c7c2e78a76bb682f97635ec6ab6094571d43035e27	parent_control	ac2653ab94fc4e6411a090c7c2e78a76bb682f97635ec6ab6094571d43035e27	191	3	3	0.9214659685863874	PF00025.28:2-170;PF08477.20:5-118;PF00071.29:5-177	Pfam_GA_hit	all_GA_hits_retained_no_clan_competition_filter
control_acd37f30de73f3e72ceb46914e593e8469f1f82ae1d7c6a75ef90b049edb8f40	parent_control	acd37f30de73f3e72ceb46914e593e8469f1f82ae1d7c6a75ef90b049edb8f40	971	13	6	0.6179196704428425	PF00554.28:42-240;PF16179.12:249-350;PF12796.14:521-606;PF00023.37:579-608;PF12796.14:582-676;PF00023.37:611-638;PF13637.13:615-667;PF00023.37:647-676;PF13637.13:651-697;PF12796.14:671-743;PF00023.37:681-712;PF00023.37:714-745;PF00531.29:814-887	Pfam_GA_hit	all_GA_hits_retained_no_clan_competition_filter
control_acfcd539b69f3433a7f9acb68e9431fb0f41539d34d63f12a1595f93c0286ea8	parent_control	acfcd539b69f3433a7f9acb68e9431fb0f41539d34d63f12a1595f93c0286ea8	217	2	2	0.7188940092165899	PF05008.22:1-91;PF12352.14:123-187	Pfam_GA_hit	all_GA_hits_retained_no_clan_competition_filter
control_ad3cb63a52d3ceb80503caf3667a8f27088ef697dbaa095b572c529ec93b5fa3	parent_control	ad3cb63a52d3ceb80503caf3667a8f27088ef697dbaa095b572c529ec93b5fa3	1391	4	4	0.5017972681524083	PF13872.13:254-559;PF04851.22:293-443;PF13871.13:870-1146;PF25373.2:1184-1298	Pfam_GA_hit	all_GA_hits_retained_no_clan_competition_filter
control_ad575211215a9e43399decd27d3a655c08d992a3cbc5b1519ca8fb8bba405429	parent_control	ad575211215a9e43399decd27d3a655c08d992a3cbc5b1519ca8fb8bba405429	266	1	1	0.34210526315789475	PF04089.20:140-230	Pfam_GA_hit	all_GA_hits_retained_no_clan_competition_filter
control_ae78a49e691758b6e4e372610fbeebd08710374e5976f8816c00bd3ebbb2cfe4	parent_control	ae78a49e691758b6e4e372610fbeebd08710374e5976f8816c00bd3ebbb2cfe4	207	1	1	0.3188405797101449	PF05279.17:14-79	Pfam_GA_hit	all_GA_hits_retained_no_clan_competition_filter
control_aec685cca2bf91dde4fc95031e26856e49e9c688775269ba6d8a18c4cdb1be0e	parent_control	aec685cca2bf91dde4fc95031e26856e49e9c688775269ba6d8a18c4cdb1be0e	78	2	2	0.6153846153846154	PF01370.28:30-77;PF01073.26:31-61	Pfam_GA_hit	all_GA_hits_retained_no_clan_competition_filter
control_aeebbe7018e5d84f5b562eedd54c03ce92f58776ec302c663e67b693e2a374a3	parent_control	aeebbe7018e5d84f5b562eedd54c03ce92f58776ec302c663e67b693e2a374a3	74	0	0	0.0		no_Pfam_GA_hit_not_evidence_of_novel_fold	all_GA_hits_retained_no_clan_competition_filter
control_af68ea87671fef795f2e1cf0ed292bddf3a59911eb86962e55973b7cf0e546a1	parent_control	af68ea87671fef795f2e1cf0ed292bddf3a59911eb86962e55973b7cf0e546a1	255	2	2	0.6666666666666666	PF10300.16:1-170;PF10345.16:8-128	Pfam_GA_hit	all_GA_hits_retained_no_clan_competition_filter
control_afa39cc15567a6b35bbe4bee9b58b7cc42cef751200facfa4b8ded5064f81fd8	parent_control	afa39cc15567a6b35bbe4bee9b58b7cc42cef751200facfa4b8ded5064f81fd8	134	1	1	0.8059701492537313	PF22528.2:14-121	Pfam_GA_hit	all_GA_hits_retained_no_clan_competition_filter
control_b04af00e946c0ba633eab8b927ad23819999c132af53d6607daa52e220beffd6	parent_control	b04af00e946c0ba633eab8b927ad23819999c132af53d6607daa52e220beffd6	487	2	2	0.8459958932238193	PF04598.18:4-243;PF17708.7:288-459	Pfam_GA_hit	all_GA_hits_retained_no_clan_competition_filter
control_b0c9eb5de887fbddd837b7cb02ba340ec94a8814ece8121f2791590c21b4465f	parent_control	b0c9eb5de887fbddd837b7cb02ba340ec94a8814ece8121f2791590c21b4465f	320	1	1	0.69375	PF07690.22:88-309	Pfam_GA_hit	all_GA_hits_retained_no_clan_competition_filter
control_b0e4f6a00299c83312a6ae68087a12a0a32dd7386b007802df27475f26a3431a	parent_control	b0e4f6a00299c83312a6ae68087a12a0a32dd7386b007802df27475f26a3431a	42	1	1	0.8095238095238095	PF01423.29:9-42	Pfam_GA_hit	all_GA_hits_retained_no_clan_competition_filter
control_b17a837756587a365f684c80948598133c4ccbe761400cb2392eae2a2c4a864d	parent_control	b17a837756587a365f684c80948598133c4ccbe761400cb2392eae2a2c4a864d	240	1	1	0.8	PF00227.32:34-225	Pfam_GA_hit	all_GA_hits_retained_no_clan_competition_filter
control_b1982646bea159b3e3b455d9e3f3dfacce4f6648eafa42e7c91f90739fcc44a7	parent_control	b1982646bea159b3e3b455d9e3f3dfacce4f6648eafa42e7c91f90739fcc44a7	292	2	2	0.5924657534246576	PF04438.23:42-69;PF25790.2:131-275	Pfam_GA_hit	all_GA_hits_retained_no_clan_competition_filter
control_b26ec3b6f3a11b387fd16a3539b5e60dd5d16768da65f5a9b0d770f12fd9cebc	parent_control	b26ec3b6f3a11b387fd16a3539b5e60dd5d16768da65f5a9b0d770f12fd9cebc	87	1	1	0.7471264367816092	PF06726.18:1-65	Pfam_GA_hit	all_GA_hits_retained_no_clan_competition_filter
control_b2e900f8bd9204fe9ee8afecc83f1baa8d9b92ba6198ec455cb1ecef038a852c	parent_control	b2e900f8bd9204fe9ee8afecc83f1baa8d9b92ba6198ec455cb1ecef038a852c	175	1	1	0.8342857142857143	PF05300.17:29-174	Pfam_GA_hit	all_GA_hits_retained_no_clan_competition_filter
control_b33dd68645fcfe43d4654563dbc50baa1bc07864ac0bb13725612df821aa2e4e	parent_control	b33dd68645fcfe43d4654563dbc50baa1bc07864ac0bb13725612df821aa2e4e	253	1	1	0.541501976284585	PF02014.24:31-167	Pfam_GA_hit	all_GA_hits_retained_no_clan_competition_filter
control_b4026fdc15bc8096e1ddd1551bff0fddd1ff23c128e8884f1ddf52edd65ba870	parent_control	b4026fdc15bc8096e1ddd1551bff0fddd1ff23c128e8884f1ddf52edd65ba870	359	1	1	0.6880222841225627	PF00777.24:101-347	Pfam_GA_hit	all_GA_hits_retained_no_clan_competition_filter
control_b51dcf10d0536081d0d0dd9e284d55daa69eeeabdb9eba7a3aed2f96330be081	parent_control	b51dcf10d0536081d0d0dd9e284d55daa69eeeabdb9eba7a3aed2f96330be081	106	1	1	0.8207547169811321	PF00227.32:2-88	Pfam_GA_hit	all_GA_hits_retained_no_clan_competition_filter
control_b5d86040e914acbe7ed0b7847a1f4fd4678317ae053949beff0bf09f897d75ce	parent_control	b5d86040e914acbe7ed0b7847a1f4fd4678317ae053949beff0bf09f897d75ce	195	0	0	0.0		no_Pfam_GA_hit_not_evidence_of_novel_fold	all_GA_hits_retained_no_clan_competition_filter
control_b6097ec9ca8327598c7f0e4b17956f1027eca7c86c06aef1eb256afa4661beb6	parent_control	b6097ec9ca8327598c7f0e4b17956f1027eca7c86c06aef1eb256afa4661beb6	538	1	1	0.8401486988847584	PF00999.27:84-535	Pfam_GA_hit	all_GA_hits_retained_no_clan_competition_filter
control_b6608c35145ccbd7b0deab797e7c8d689eeb7183b292fccc3e8c826c2a936a26	parent_control	b6608c35145ccbd7b0deab797e7c8d689eeb7183b292fccc3e8c826c2a936a26	318	6	2	0.6069182389937107	PF00400.39:63-91;PF00400.39:98-136;PF08662.18:98-213;PF00400.39:141-179;PF00400.39:188-222;PF00400.39:228-266	Pfam_GA_hit	all_GA_hits_retained_no_clan_competition_filter
control_b6ecd1f9e3449f21c95a0c47b31f963282d75a8c53de4d34367f1a9e1b56f6cb	parent_control	b6ecd1f9e3449f21c95a0c47b31f963282d75a8c53de4d34367f1a9e1b56f6cb	61	1	1	1.0	PF30864.1:1-61	Pfam_GA_hit	all_GA_hits_retained_no_clan_competition_filter
control_b7483e82cd5240a4edb2c5d8c779ffd6ad76c66c1fefa8e8c5f0584195709f87	parent_control	b7483e82cd5240a4edb2c5d8c779ffd6ad76c66c1fefa8e8c5f0584195709f87	197	2	2	0.7918781725888325	PF05008.22:1-91;PF12352.14:123-187	Pfam_GA_hit	all_GA_hits_retained_no_clan_competition_filter
control_b7e12688706fac7186ec3e9243989eedb57e7188771edb03929f4d762d55e8ba	parent_control	b7e12688706fac7186ec3e9243989eedb57e7188771edb03929f4d762d55e8ba	888	5	4	0.5045045045045045	PF00435.28:134-237;PF25803.2:242-353;PF00435.28:564-656;PF25804.1:719-801;PF10541.15:833-888	Pfam_GA_hit	all_GA_hits_retained_no_clan_competition_filter
control_b8cd310c0b779bdcb4826e0488b12738fc7c3d9c111a7f8a51926ee62aadbf93	parent_control	b8cd310c0b779bdcb4826e0488b12738fc7c3d9c111a7f8a51926ee62aadbf93	146	3	3	0.8013698630136986	PF08477.20:1-68;PF00025.28:1-75;PF00071.29:1-117	Pfam_GA_hit	all_GA_hits_retained_no_clan_competition_filter
control_b8f8063bed84a63d5090a9136405f2365905bb0dab8a819aa4f08ed7c70edb84	parent_control	b8f8063bed84a63d5090a9136405f2365905bb0dab8a819aa4f08ed7c70edb84	847	2	2	0.07201889020070838	PF13181.13:567-598;PF13432.13:571-627	Pfam_GA_hit	all_GA_hits_retained_no_clan_competition_filter
control_b96b094df28c124b911629991c20eb1d0e4f183c01d4292fb1f50408a2e06531	parent_control	b96b094df28c124b911629991c20eb1d0e4f183c01d4292fb1f50408a2e06531	489	2	2	0.6789366053169734	PF00675.26:68-214;PF05193.27:220-404	Pfam_GA_hit	all_GA_hits_retained_no_clan_competition_filter
control_ba9dd1ccdcbac6982a46053e936f4423d4af1e1937bdb58228022feb6f1679da	parent_control	ba9dd1ccdcbac6982a46053e936f4423d4af1e1937bdb58228022feb6f1679da	32	0	0	0.0		no_Pfam_GA_hit_not_evidence_of_novel_fold	all_GA_hits_retained_no_clan_competition_filter
control_bad579d1547f0444661ca125a4bb337ecf6e9a486ce2eeee9bf1c147cb1573f0	parent_control	bad579d1547f0444661ca125a4bb337ecf6e9a486ce2eeee9bf1c147cb1573f0	1191	8	3	0.11838790931989925	PF05605.19:187-238;PF00096.33:188-210;PF00096.33:217-239;PF00096.33:258-280;PF00096.33:286-306;PF12874.14:975-993;PF00096.33:975-997;PF00096.33:1031-1051	Pfam_GA_hit	all_GA_hits_retained_no_clan_competition_filter
control_bb0a07bc035ef3d02b3a5963fa4231a2152f7431c07229e2366adade313f88c9	parent_control	bb0a07bc035ef3d02b3a5963fa4231a2152f7431c07229e2366adade313f88c9	93	3	3	0.5053763440860215	PF07653.24:41-87;PF14604.13:46-87;PF00018.35:47-84	Pfam_GA_hit	all_GA_hits_retained_no_clan_competition_filter
control_bb35a936b0a3024469628d3d10185ae274d1d0c1c66c616c5405acd8bd543df1	parent_control	bb35a936b0a3024469628d3d10185ae274d1d0c1c66c616c5405acd8bd543df1	531	3	3	0.7871939736346516	PF00258.31:8-110;PF00667.27:137-354;PF00175.27:389-485	Pfam_GA_hit	all_GA_hits_retained_no_clan_competition_filter
control_bc24afb36d9714e5814f0713e8c0949a4b43ab6f5c30becf655c8d0866756bd8	parent_control	bc24afb36d9714e5814f0713e8c0949a4b43ab6f5c30becf655c8d0866756bd8	608	3	1	0.5805921052631579	PF00565.24:50-166;PF00565.24:220-327;PF00565.24:368-495	Pfam_GA_hit	all_GA_hits_retained_no_clan_competition_filter
control_bc804b2f054de0a544e42e5442aa2e5fa82efbf1727cd58e1ad61ee37efafbe2	parent_control	bc804b2f054de0a544e42e5442aa2e5fa82efbf1727cd58e1ad61ee37efafbe2	152	1	1	0.6710526315789473	PF04923.18:38-139	Pfam_GA_hit	all_GA_hits_retained_no_clan_competition_filter
control_bcb7b996e4fc113c4f01da4d20cf46574b1e418f3b7425e67f28959780b42c57	parent_control	bcb7b996e4fc113c4f01da4d20cf46574b1e418f3b7425e67f28959780b42c57	49	1	1	1.0	PF05279.17:1-49	Pfam_GA_hit	all_GA_hits_retained_no_clan_competition_filter
control_bdfc3509f31b8c229e58463ce30c8bf3d6db5bf33272128697e4c03a28829fca	parent_control	bdfc3509f31b8c229e58463ce30c8bf3d6db5bf33272128697e4c03a28829fca	200	1	1	0.675	PF28124.1:65-199	Pfam_GA_hit	all_GA_hits_retained_no_clan_competition_filter
control_bf9803707b0fc382d2817be6bd07ed51683b11efd14ad9eea2ed459669be633e	parent_control	bf9803707b0fc382d2817be6bd07ed51683b11efd14ad9eea2ed459669be633e	30	0	0	0.0		no_Pfam_GA_hit_not_evidence_of_novel_fold	all_GA_hits_retained_no_clan_competition_filter
control_bff4afb467049187088c69aef0012509b50b31a4645e8429b7ed5a557ff02713	parent_control	bff4afb467049187088c69aef0012509b50b31a4645e8429b7ed5a557ff02713	211	3	2	0.9004739336492891	PF08477.20:5-72;PF00071.29:5-76;PF00071.29:78-195	Pfam_GA_hit	all_GA_hits_retained_no_clan_competition_filter
control_c03d204706e59801d24331f4cee7361504552f0754d3f2cc6a7a74d903e10d81	parent_control	c03d204706e59801d24331f4cee7361504552f0754d3f2cc6a7a74d903e10d81	143	1	1	0.7692307692307693	PF00227.32:34-143	Pfam_GA_hit	all_GA_hits_retained_no_clan_competition_filter
control_c07db310018a45019886e29b23b1d63e9b4945ba891b2f98c019fe442a41fc80	parent_control	c07db310018a45019886e29b23b1d63e9b4945ba891b2f98c019fe442a41fc80	1215	8	3	0.11604938271604938	PF05605.19:211-262;PF00096.33:212-234;PF00096.33:241-263;PF00096.33:282-304;PF00096.33:310-330;PF12874.14:999-1017;PF00096.33:999-1021;PF00096.33:1055-1075	Pfam_GA_hit	all_GA_hits_retained_no_clan_competition_filter
control_c0e796b67a5973575bb7df4c14d6ff60dc203f3faa6fc875468267c95a3afac3	parent_control	c0e796b67a5973575bb7df4c14d6ff60dc203f3faa6fc875468267c95a3afac3	1565	2	2	0.10351437699680512	PF00651.38:499-603;PF09494.17:1485-1541	Pfam_GA_hit	all_GA_hits_retained_no_clan_competition_filter
control_c1395869225a72fb3b65c64fabf1c560f7e92f0c6a00d71b8d9420276fe4e517	parent_control	c1395869225a72fb3b65c64fabf1c560f7e92f0c6a00d71b8d9420276fe4e517	279	1	1	0.3010752688172043	PF00017.31:169-252	Pfam_GA_hit	all_GA_hits_retained_no_clan_competition_filter
control_c13f0f65d3165b6465f0252b6b81c75f4dd2d80db165bd113219514211e59aad	parent_control	c13f0f65d3165b6465f0252b6b81c75f4dd2d80db165bd113219514211e59aad	285	3	2	0.9929824561403509	PF00261.26:2-83;PF16526.11:14-73;PF00261.26:68-284	Pfam_GA_hit	all_GA_hits_retained_no_clan_competition_filter
control_c1c80538daddfb8eba13420a8d8f6113b322d97b42673abc0f331d0fe2664532	parent_control	c1c80538daddfb8eba13420a8d8f6113b322d97b42673abc0f331d0fe2664532	914	7	5	0.7964989059080962	PF00431.27:28-139;PF00431.27:149-264;PF00754.32:292-424;PF00754.32:449-589;PF22633.4:484-573;PF00629.31:646-792;PF11980.14:836-914	Pfam_GA_hit	all_GA_hits_retained_no_clan_competition_filter
control_c1d4eff5d1ede542260fe91111b1ac3522e8ea3d0af067ba7fd648d6736a2f78	parent_control	c1d4eff5d1ede542260fe91111b1ac3522e8ea3d0af067ba7fd648d6736a2f78	276	4	4	0.8043478260869565	PF02719.22:15-84;PF08659.17:15-174;PF00106.32:15-203;PF13561.13:22-236	Pfam_GA_hit	all_GA_hits_retained_no_clan_competition_filter
control_c281fbcfa73641e46be5b0c9d10d3da4c8653005b87b566455060c9f29f05b13	parent_control	c281fbcfa73641e46be5b0c9d10d3da4c8653005b87b566455060c9f29f05b13	725	5	5	0.4220689655172414	PF05279.17:52-117;PF13432.13:312-372;PF13174.13:318-341;PF13181.13:431-454;PF05118.22:558-712	Pfam_GA_hit	all_GA_hits_retained_no_clan_competition_filter
control_c2e23b4905b67a136cf777a8267c2d4f5b2aa8697f0b2a79d2ac79e2b307e3d0	parent_control	c2e23b4905b67a136cf777a8267c2d4f5b2aa8697f0b2a79d2ac79e2b307e3d0	715	1	1	0.14265734265734265	PF03126.24:363-464	Pfam_GA_hit	all_GA_hits_retained_no_clan_competition_filter
control_c30c6a72892726cac6ea1f4d7da3f1982b531e3bf910d961a9d6cf581a1c766f	parent_control	c30c6a72892726cac6ea1f4d7da3f1982b531e3bf910d961a9d6cf581a1c766f	259	2	1	0.7683397683397684	PF00300.28:6-129;PF00300.28:150-224	Pfam_GA_hit	all_GA_hits_retained_no_clan_competition_filter
control_c3dab0c33cf799a9b93e2d1f44bd1a374e5b7cd957c0d7fbca11aadd13d66ad0	parent_control	c3dab0c33cf799a9b93e2d1f44bd1a374e5b7cd957c0d7fbca11aadd13d66ad0	188	3	2	0.9946808510638298	PF00261.26:2-80;PF16526.11:14-73;PF00261.26:68-188	Pfam_GA_hit	all_GA_hits_retained_no_clan_competition_filter
control_c421e2dda81d7de94d95af0b799c96433df17155973ce4056a688c4e62d7fd1a	parent_control	c421e2dda81d7de94d95af0b799c96433df17155973ce4056a688c4e62d7fd1a	475	3	3	0.5157894736842106	PF21236.4:129-196;PF00004.36:254-386;PF17862.8:409-452	Pfam_GA_hit	all_GA_hits_retained_no_clan_competition_filter
control_c4c915da39d6ec74952059215262a9989ad6435c495f79363d36b565c91f216d	parent_control	c4c915da39d6ec74952059215262a9989ad6435c495f79363d36b565c91f216d	45	1	1	1.0	PF06679.18:1-45	Pfam_GA_hit	all_GA_hits_retained_no_clan_competition_filter
control_c551d7d2c0676c893a05e2c42f93b84b4fdb628ab88ed8b84c4301c75b185569	parent_control	c551d7d2c0676c893a05e2c42f93b84b4fdb628ab88ed8b84c4301c75b185569	55	0	0	0.0		no_Pfam_GA_hit_not_evidence_of_novel_fold	all_GA_hits_retained_no_clan_competition_filter
control_c5ff4d74340aaa37500a7a0ae604207159965fbced0fc8069a111b2abbc0ec3b	parent_control	c5ff4d74340aaa37500a7a0ae604207159965fbced0fc8069a111b2abbc0ec3b	60	0	0	0.0		no_Pfam_GA_hit_not_evidence_of_novel_fold	all_GA_hits_retained_no_clan_competition_filter
control_c6aba8d4340d741a28c91a25c090e244dd19fa208c81611196586961c7a3ea08	parent_control	c6aba8d4340d741a28c91a25c090e244dd19fa208c81611196586961c7a3ea08	185	1	1	0.5837837837837838	PF04201.21:31-138	Pfam_GA_hit	all_GA_hits_retained_no_clan_competition_filter
control_c6c82692cd52a90d65438ea3b572f6daaeffb28fc95c1e022ffd660ef0d915ed	parent_control	c6c82692cd52a90d65438ea3b572f6daaeffb28fc95c1e022ffd660ef0d915ed	1307	2	2	0.5302218821729151	PF10408.15:596-1217;PF04564.22:1233-1303	Pfam_GA_hit	all_GA_hits_retained_no_clan_competition_filter
control_c6d530966a733a12349a604fecbc57a5d2a4178eda55f9dda6756ac2b1fd4ead	parent_control	c6d530966a733a12349a604fecbc57a5d2a4178eda55f9dda6756ac2b1fd4ead	263	1	1	0.6273764258555133	PF15822.11:1-165	Pfam_GA_hit	all_GA_hits_retained_no_clan_competition_filter
control_c6e91bdd0ece791fe9475e47c665f76f0d07c51bb79656658868ac315318dcca	parent_control	c6e91bdd0ece791fe9475e47c665f76f0d07c51bb79656658868ac315318dcca	743	6	4	0.2772543741588156	PF00057.24:26-63;PF00057.24:72-109;PF07645.22:151-189;PF14670.13:159-189;PF00058.24:615-658;PF00058.24:663-709	Pfam_GA_hit	all_GA_hits_retained_no_clan_competition_filter
control_c872a5c9580536a0f125bf43e7f346e18d3057f1803d490934db546d2b384508	parent_control	c872a5c9580536a0f125bf43e7f346e18d3057f1803d490934db546d2b384508	906	6	4	0.7163355408388521	PF00431.27:28-139;PF00431.27:149-264;PF00754.32:292-424;PF00754.32:449-589;PF22633.4:484-573;PF00629.31:646-792	Pfam_GA_hit	all_GA_hits_retained_no_clan_competition_filter
control_ca2597595c9c912ba1f2edaa809d8f3523b11baeef07ec2fcbb3d502287c3331	parent_control	ca2597595c9c912ba1f2edaa809d8f3523b11baeef07ec2fcbb3d502287c3331	556	9	3	0.5575539568345323	PF02199.21:23-54;PF05184.21:62-97;PF03489.23:106-138;PF03489.23:238-272;PF05184.21:315-351;PF03489.23:357-389;PF05184.21:440-476;PF03489.23:481-514;PF02199.21:524-556	Pfam_GA_hit	all_GA_hits_retained_no_clan_competition_filter
control_cacabfc519ce52e6d2ce34decfc858636000ea3da89583c0de3e7452f7d12bb7	parent_control	cacabfc519ce52e6d2ce34decfc858636000ea3da89583c0de3e7452f7d12bb7	381	1	1	0.2178477690288714	PF25234.2:291-373	Pfam_GA_hit	all_GA_hits_retained_no_clan_competition_filter
control_caea8c7a69a90d90bad8272a42c5bd0e46e9cb95163c2aba6df7c1ec92a4e34f	parent_control	caea8c7a69a90d90bad8272a42c5bd0e46e9cb95163c2aba6df7c1ec92a4e34f	281	2	2	0.4875444839857651	PF21236.4:87-154;PF00004.36:212-280	Pfam_GA_hit	all_GA_hits_retained_no_clan_competition_filter
control_cb178105ce0239843cecc36a23fb1b3298d6618a410af7a88c1dddf98594e6c3	parent_control	cb178105ce0239843cecc36a23fb1b3298d6618a410af7a88c1dddf98594e6c3	190	0	0	0.0		no_Pfam_GA_hit_not_evidence_of_novel_fold	all_GA_hits_retained_no_clan_competition_filter
control_cb8385d20d2c8dfbdf1500029388caf817a1d384da09721cd555170494f62c64	parent_control	cb8385d20d2c8dfbdf1500029388caf817a1d384da09721cd555170494f62c64	33	0	0	0.0		no_Pfam_GA_hit_not_evidence_of_novel_fold	all_GA_hits_retained_no_clan_competition_filter
control_cb91e3786b655e1b5e29e6a598399efc2602eb9df37bedfc09cc2b2df8bd5789	parent_control	cb91e3786b655e1b5e29e6a598399efc2602eb9df37bedfc09cc2b2df8bd5789	170	1	1	0.888235294117647	PF00179.32:10-160	Pfam_GA_hit	all_GA_hits_retained_no_clan_competition_filter
control_cbb8a2e311546a40dde36381db35f3db150d1304d1f990af29d0a92f1c329568	parent_control	cbb8a2e311546a40dde36381db35f3db150d1304d1f990af29d0a92f1c329568	84	0	0	0.0		no_Pfam_GA_hit_not_evidence_of_novel_fold	all_GA_hits_retained_no_clan_competition_filter
control_cc9c10b1c2b59a071d903c1c08f719301e4f90914235c76c8b46b24d57be59b5	parent_control	cc9c10b1c2b59a071d903c1c08f719301e4f90914235c76c8b46b24d57be59b5	215	1	1	0.30697674418604654	PF05279.17:14-79	Pfam_GA_hit	all_GA_hits_retained_no_clan_competition_filter
control_cca55e69baa29342dd2ed300569f0380855c6e2f3edfc90359f7f9bc084418a5	parent_control	cca55e69baa29342dd2ed300569f0380855c6e2f3edfc90359f7f9bc084418a5	430	1	1	0.7906976744186046	PF07221.18:48-387	Pfam_GA_hit	all_GA_hits_retained_no_clan_competition_filter
control_cd1ae1492d6dd4e4122f0e87312653d9c9baba46542a02b9663ad3d453a7bab2	parent_control	cd1ae1492d6dd4e4122f0e87312653d9c9baba46542a02b9663ad3d453a7bab2	292	4	1	0.4863013698630137	PF00400.39:63-91;PF00400.39:115-153;PF00400.39:162-196;PF00400.39:202-240	Pfam_GA_hit	all_GA_hits_retained_no_clan_competition_filter
control_cd532c362e1a1fa1467e0f5dab660599aabd5e6a8184b9879ce65971fba6cf21	parent_control	cd532c362e1a1fa1467e0f5dab660599aabd5e6a8184b9879ce65971fba6cf21	708	1	1	0.307909604519774	PF01433.27:435-652	Pfam_GA_hit	all_GA_hits_retained_no_clan_competition_filter
control_ce2c857c19cf7d0ed0f77df70fa2d286045fe576f805e8d07166d7496f8692d5	parent_control	ce2c857c19cf7d0ed0f77df70fa2d286045fe576f805e8d07166d7496f8692d5	445	2	2	0.6719101123595506	PF12038.14:3-167;PF00534.27:276-409	Pfam_GA_hit	all_GA_hits_retained_no_clan_competition_filter
control_ce4bccca991af9e6141c14e38777536c359b9a6c9d302e443bb74bebddb0f6cf	parent_control	ce4bccca991af9e6141c14e38777536c359b9a6c9d302e443bb74bebddb0f6cf	412	1	1	0.06310679611650485	PF21362.4:106-131	Pfam_GA_hit	all_GA_hits_retained_no_clan_competition_filter
control_ce9195920bb8fdaf3299bed11792e564611ae88ea057e2c33c7fcd932ae031c0	parent_control	ce9195920bb8fdaf3299bed11792e564611ae88ea057e2c33c7fcd932ae031c0	160	0	0	0.0		no_Pfam_GA_hit_not_evidence_of_novel_fold	all_GA_hits_retained_no_clan_competition_filter
control_cea712cb6851b8714d7ce8136a88cdbcf59c29e52ae0dca87acba63b51711e3b	parent_control	cea712cb6851b8714d7ce8136a88cdbcf59c29e52ae0dca87acba63b51711e3b	118	7	5	0.7796610169491526	PF12796.14:6-97;PF13637.13:7-55;PF13857.13:22-72;PF13606.13:35-63;PF00023.37:35-66;PF13637.13:46-88;PF00023.37:69-96	Pfam_GA_hit	all_GA_hits_retained_no_clan_competition_filter
control_cedc888aa944927206d6ba55ac4209ebca68c719bf680e9e291ba8f9034392d5	parent_control	cedc888aa944927206d6ba55ac4209ebca68c719bf680e9e291ba8f9034392d5	141	1	1	0.375886524822695	PF07686.24:34-86	Pfam_GA_hit	all_GA_hits_retained_no_clan_competition_filter
control_cf3da4d22fa4dde99b4a1a065d084b5648476af73bdccb31f05e9673a236ec40	parent_control	cf3da4d22fa4dde99b4a1a065d084b5648476af73bdccb31f05e9673a236ec40	62	0	0	0.0		no_Pfam_GA_hit_not_evidence_of_novel_fold	all_GA_hits_retained_no_clan_competition_filter
control_cf85ce08a919453568b826abfaa7e5dddb6354c71d325d356f4a8e0a9ff2184d	parent_control	cf85ce08a919453568b826abfaa7e5dddb6354c71d325d356f4a8e0a9ff2184d	75	0	0	0.0		no_Pfam_GA_hit_not_evidence_of_novel_fold	all_GA_hits_retained_no_clan_competition_filter
control_d0e5b3dc2a7b39cb156389ba245d27f2aa8ebb379b58db29e9f9e19bd0ab79de	parent_control	d0e5b3dc2a7b39cb156389ba245d27f2aa8ebb379b58db29e9f9e19bd0ab79de	551	9	3	0.558983666061706	PF02199.21:20-51;PF05184.21:59-94;PF03489.23:103-135;PF03489.23:235-267;PF05184.21:310-346;PF03489.23:352-384;PF05184.21:435-471;PF03489.23:476-509;PF02199.21:519-551	Pfam_GA_hit	all_GA_hits_retained_no_clan_competition_filter
control_d21578f59fb8506020d709385f948b61101081aab662bb6493658bd559bfbbeb	parent_control	d21578f59fb8506020d709385f948b61101081aab662bb6493658bd559bfbbeb	1344	4	4	0.5193452380952381	PF13872.13:254-559;PF04851.22:293-443;PF13871.13:870-1146;PF25373.2:1184-1298	Pfam_GA_hit	all_GA_hits_retained_no_clan_competition_filter
control_d27f56198bf7b4d86a00716235b66c232ae280b53f8b4f97a2af48ddfe7c4f13	parent_control	d27f56198bf7b4d86a00716235b66c232ae280b53f8b4f97a2af48ddfe7c4f13	206	2	2	0.6213592233009708	PF14560.13:10-91;PF01302.32:161-206	Pfam_GA_hit	all_GA_hits_retained_no_clan_competition_filter
control_d35df10fe6dda7752236629e90c9b2e2316310b0134f4aa4c60bf01318091cb5	parent_control	d35df10fe6dda7752236629e90c9b2e2316310b0134f4aa4c60bf01318091cb5	111	0	0	0.0		no_Pfam_GA_hit_not_evidence_of_novel_fold	all_GA_hits_retained_no_clan_competition_filter
control_d384094d77c67e25550bc4255e5882525f256cf2385582fab7d2f9cb2ffa469b	parent_control	d384094d77c67e25550bc4255e5882525f256cf2385582fab7d2f9cb2ffa469b	35	1	1	0.6571428571428571	PF10584.15:8-30	Pfam_GA_hit	all_GA_hits_retained_no_clan_competition_filter
control_d385d8baf11fb57c36cc1ceb6cbf7294f23e3c124bc164523bf2d5f83f0154e4	parent_control	d385d8baf11fb57c36cc1ceb6cbf7294f23e3c124bc164523bf2d5f83f0154e4	111	1	1	0.5855855855855856	PF00067.28:46-110	Pfam_GA_hit	all_GA_hits_retained_no_clan_competition_filter
control_d385fa0c326675dd99cf4f64840bd38c0053e485f098b3e0b463e9ff02a01975	parent_control	d385fa0c326675dd99cf4f64840bd38c0053e485f098b3e0b463e9ff02a01975	135	1	1	0.5851851851851851	PF05915.18:57-135	Pfam_GA_hit	all_GA_hits_retained_no_clan_competition_filter
control_d3a02cfaaef3f6689d16e928091f7689b07c51d480738885e1e44fc1525d4f9f	parent_control	d3a02cfaaef3f6689d16e928091f7689b07c51d480738885e1e44fc1525d4f9f	37	0	0	0.0		no_Pfam_GA_hit_not_evidence_of_novel_fold	all_GA_hits_retained_no_clan_competition_filter
control_d447e9e05078192c084e5e4752ac45564c05c7ed94ce7023009be498bd09ac7e	parent_control	d447e9e05078192c084e5e4752ac45564c05c7ed94ce7023009be498bd09ac7e	554	9	3	0.555956678700361	PF02199.21:23-54;PF05184.21:62-97;PF03489.23:106-138;PF03489.23:238-270;PF05184.21:313-349;PF03489.23:355-387;PF05184.21:438-474;PF03489.23:479-512;PF02199.21:522-554	Pfam_GA_hit	all_GA_hits_retained_no_clan_competition_filter
control_d4574c6958090f8f531cea3fe53c47d8aa85183db1e093588cc2a390b30040d6	parent_control	d4574c6958090f8f531cea3fe53c47d8aa85183db1e093588cc2a390b30040d6	598	3	3	0.7575250836120402	PF00258.31:8-145;PF00667.27:204-421;PF00175.27:456-552	Pfam_GA_hit	all_GA_hits_retained_no_clan_competition_filter
control_d4780b820e4ca23b28768e1e1d7a79f4836a1dc68284bd59084b2dbfdb1efd3f	parent_control	d4780b820e4ca23b28768e1e1d7a79f4836a1dc68284bd59084b2dbfdb1efd3f	1218	18	5	0.4318555008210181	PF12763.14:20-96;PF12763.14:222-292;PF07653.24:742-800;PF00018.35:744-796;PF14604.13:745-798;PF16617.11:801-915;PF00018.35:917-961;PF14604.13:918-965;PF07653.24:923-966;PF00018.35:1006-1050;PF07653.24:1006-1054;PF14604.13:1007-1053;PF07653.24:1077-1133;PF00018.35:1079-1128;PF14604.13:1079-1132;PF00018.35:1161-1204;PF14604.13:1161-1208;PF07653.24:1163-1208	Pfam_GA_hit	all_GA_hits_retained_no_clan_competition_filter
control_d49493b9cc0c19e8b09a9743e8dffce1f2482086ea1e6b27c3a7c44d15a8196d	parent_control	d49493b9cc0c19e8b09a9743e8dffce1f2482086ea1e6b27c3a7c44d15a8196d	909	7	5	0.8008800880088008	PF00431.27:28-139;PF00431.27:149-264;PF00754.32:292-424;PF00754.32:449-589;PF22633.4:484-573;PF00629.31:646-792;PF11980.14:831-909	Pfam_GA_hit	all_GA_hits_retained_no_clan_competition_filter
control_d5d279ce429e4d927f907fd7709f4886d5c81d0cd43b3697d896b043d272ce04	parent_control	d5d279ce429e4d927f907fd7709f4886d5c81d0cd43b3697d896b043d272ce04	499	4	4	0.5210420841683366	PF26141.1:1-158;PF00801.27:193-243;PF18911.7:202-242;PF20433.4:344-394	Pfam_GA_hit	all_GA_hits_retained_no_clan_competition_filter
control_d5e584c2a04ce44d8c5759ee1d77bdd925ca075bde39bf1e30df77ae8e1e290c	parent_control	d5e584c2a04ce44d8c5759ee1d77bdd925ca075bde39bf1e30df77ae8e1e290c	347	1	1	0.8328530259365994	PF04756.20:54-342	Pfam_GA_hit	all_GA_hits_retained_no_clan_competition_filter
control_d86d5187582172eaa5a328022e2bb432ed1baae3c43b9f08fa667a9d67b074c8	parent_control	d86d5187582172eaa5a328022e2bb432ed1baae3c43b9f08fa667a9d67b074c8	292	1	1	0.6506849315068494	PF05197.19:37-226	Pfam_GA_hit	all_GA_hits_retained_no_clan_competition_filter
control_d8c6d83cfbc989dea7202d53e838ba18ae7d102409f78466574292795e26f72b	parent_control	d8c6d83cfbc989dea7202d53e838ba18ae7d102409f78466574292795e26f72b	87	4	4	0.8390804597701149	PF02719.22:15-82;PF08659.17:15-86;PF00106.32:15-87;PF13561.13:22-87	Pfam_GA_hit	all_GA_hits_retained_no_clan_competition_filter
control_d8f8bcf2abb482b2a03135ba312e8c7944962feb6b7a127ebf52ff23ea2fb9da	parent_control	d8f8bcf2abb482b2a03135ba312e8c7944962feb6b7a127ebf52ff23ea2fb9da	213	1	1	0.8497652582159625	PF00328.28:33-213	Pfam_GA_hit	all_GA_hits_retained_no_clan_competition_filter
control_daefdece2c98c64e566fc63855054c3f9190aa71d0ced558b3fd980a877de551	parent_control	daefdece2c98c64e566fc63855054c3f9190aa71d0ced558b3fd980a877de551	227	1	1	0.4008810572687225	PF04089.20:101-191	Pfam_GA_hit	all_GA_hits_retained_no_clan_competition_filter
control_dbc8fa69612a7113a91712b04235153f76cd58baa8b2d6377ec825ee3f1c61e3	parent_control	dbc8fa69612a7113a91712b04235153f76cd58baa8b2d6377ec825ee3f1c61e3	207	4	4	0.782608695652174	PF00025.28:9-164;PF08477.20:10-124;PF04670.19:10-130;PF00071.29:10-170	Pfam_GA_hit	all_GA_hits_retained_no_clan_competition_filter
control_dce5f71e22b102c9adb6874417b913a93c1251e19d860627ee26c2bd912cdf85	parent_control	dce5f71e22b102c9adb6874417b913a93c1251e19d860627ee26c2bd912cdf85	1335	7	7	0.7797752808988764	PF00111.33:11-80;PF01799.26:90-162;PF00941.28:236-413;PF03450.23:422-525;PF01315.28:590-696;PF02738.24:707-949;PF20256.4:974-1239	Pfam_GA_hit	all_GA_hits_retained_no_clan_competition_filter
control_dd5b0de12377ef26b3ccb081a9a2bbdd1a08fbf26861720d0f29b3cf4f31a1bf	parent_control	dd5b0de12377ef26b3ccb081a9a2bbdd1a08fbf26861720d0f29b3cf4f31a1bf	229	6	6	0.74235807860262	PF00025.28:31-158;PF00009.34:33-181;PF04670.19:35-119;PF01926.30:35-149;PF08477.20:35-151;PF00071.29:35-200	Pfam_GA_hit	all_GA_hits_retained_no_clan_competition_filter
control_ddbeab8c698a5f20d72600fae0769f4a0c03b94ba4303ac65a1220a5de3f2f60	parent_control	ddbeab8c698a5f20d72600fae0769f4a0c03b94ba4303ac65a1220a5de3f2f60	1436	4	2	0.58008356545961	PF00664.29:179-446;PF00005.34:579-712;PF00664.29:859-1140;PF00005.34:1209-1357	Pfam_GA_hit	all_GA_hits_retained_no_clan_competition_filter
control_de8144060a15dc3fd98d16ecdec4bfea1299def79b34dc1660f95bbd664e2242	parent_control	de8144060a15dc3fd98d16ecdec4bfea1299def79b34dc1660f95bbd664e2242	39	0	0	0.0		no_Pfam_GA_hit_not_evidence_of_novel_fold	all_GA_hits_retained_no_clan_competition_filter
control_df1391a795686ab3ee0803438d6e8d5d1f9bd594634e3c2223f345ecb05c2f7c	parent_control	df1391a795686ab3ee0803438d6e8d5d1f9bd594634e3c2223f345ecb05c2f7c	531	2	1	0.3427495291902072	PF00153.33:330-423;PF00153.33:427-514	Pfam_GA_hit	all_GA_hits_retained_no_clan_competition_filter
control_df3086ad9e7da104b5f4cdeeb7c9a94319e78d28085696bf36838b414465cf0c	parent_control	df3086ad9e7da104b5f4cdeeb7c9a94319e78d28085696bf36838b414465cf0c	1138	4	2	0.538664323374341	PF10421.15:160-339;PF10421.15:611-795;PF01909.30:831-896;PF10421.15:955-1136	Pfam_GA_hit	all_GA_hits_retained_no_clan_competition_filter
control_df33140ce534a81fc48b30c5ac8ac5c59264fedfdb3164ca7f4e844519a602d4	parent_control	df33140ce534a81fc48b30c5ac8ac5c59264fedfdb3164ca7f4e844519a602d4	40	0	0	0.0		no_Pfam_GA_hit_not_evidence_of_novel_fold	all_GA_hits_retained_no_clan_competition_filter
control_df9e651b7156884ff2f7f32e9413843e08d2253f813aea43ba95f3ecafbb2de7	parent_control	df9e651b7156884ff2f7f32e9413843e08d2253f813aea43ba95f3ecafbb2de7	804	3	3	0.7624378109452736	PF13967.12:54-212;PF14703.13:227-409;PF02714.21:421-691	Pfam_GA_hit	all_GA_hits_retained_no_clan_competition_filter
control_dfbc380bd60aeb6bcd2be16cf19c99106bb3011733cc6282c53587205039a7d0	parent_control	dfbc380bd60aeb6bcd2be16cf19c99106bb3011733cc6282c53587205039a7d0	921	4	4	0.6406080347448425	PF11934.14:109-220;PF01858.23:367-567;PF01857.26:639-758;PF08934.16:761-917	Pfam_GA_hit	all_GA_hits_retained_no_clan_competition_filter
control_dfd03c537cc6af6cf1253c19e07b02b43bc3f1b6781dcf1cd00224a704afa648	parent_control	dfd03c537cc6af6cf1253c19e07b02b43bc3f1b6781dcf1cd00224a704afa648	181	3	3	0.3149171270718232	PF07716.21:86-138;PF00170.27:86-142;PF03131.23:88-142	Pfam_GA_hit	all_GA_hits_retained_no_clan_competition_filter
control_e0da8d1d0549721fa830784ee580e6f15368ff339b5f046df2da998847ee702a	parent_control	e0da8d1d0549721fa830784ee580e6f15368ff339b5f046df2da998847ee702a	748	6	2	0.39572192513368987	PF00013.36:147-210;PF00013.36:237-302;PF00013.36:328-388;PF00013.36:428-494;PF09005.15:612-633;PF09005.15:671-686	Pfam_GA_hit	all_GA_hits_retained_no_clan_competition_filter
control_e1cc718b8034a16b1a963a8c41705d82abe104e894f0569a9844ba9d9469f9f3	parent_control	e1cc718b8034a16b1a963a8c41705d82abe104e894f0569a9844ba9d9469f9f3	698	3	3	0.5902578796561605	PF17649.7:39-436;PF00168.37:46-108;PF10186.15:184-450	Pfam_GA_hit	all_GA_hits_retained_no_clan_competition_filter
control_e24566fe2de1e94eabf4dcf592e11ff35ccaf9ef8ea85b5762f37b3b760d99f5	parent_control	e24566fe2de1e94eabf4dcf592e11ff35ccaf9ef8ea85b5762f37b3b760d99f5	589	1	1	0.22750424448217318	PF04146.22:421-554	Pfam_GA_hit	all_GA_hits_retained_no_clan_competition_filter
control_e41aa55ccb9c720f170fd5f7b3d37750b7d21e60964165f9dfa69c15c0d64d36	parent_control	e41aa55ccb9c720f170fd5f7b3d37750b7d21e60964165f9dfa69c15c0d64d36	325	1	1	0.8523076923076923	PF00248.28:17-293	Pfam_GA_hit	all_GA_hits_retained_no_clan_competition_filter
control_e41f60f5bb7eefdd457c22b691222a67cc22093ad2cac6ab76d6943375d37c53	parent_control	e41f60f5bb7eefdd457c22b691222a67cc22093ad2cac6ab76d6943375d37c53	1173	2	2	0.5907928388746803	PF10408.15:462-1083;PF04564.22:1099-1169	Pfam_GA_hit	all_GA_hits_retained_no_clan_competition_filter
control_e451052e50a63f62bdbabcff1168d3b79a3258aec0caf2a5df2a9e459ad99bbc	parent_control	e451052e50a63f62bdbabcff1168d3b79a3258aec0caf2a5df2a9e459ad99bbc	154	1	1	0.35714285714285715	PF00258.31:99-153	Pfam_GA_hit	all_GA_hits_retained_no_clan_competition_filter
control_e477fe8db07dff7c1d5e01e48facca7c78461f32203909d602ae944cdf46da01	parent_control	e477fe8db07dff7c1d5e01e48facca7c78461f32203909d602ae944cdf46da01	305	2	2	0.18688524590163935	PF00046.36:69-125;PF05920.18:86-125	Pfam_GA_hit	all_GA_hits_retained_no_clan_competition_filter
control_e4ef9245d9060d52fa3e71334259c77537a802b192c3eea77be36cb7f9bd3e59	parent_control	e4ef9245d9060d52fa3e71334259c77537a802b192c3eea77be36cb7f9bd3e59	34	0	0	0.0		no_Pfam_GA_hit_not_evidence_of_novel_fold	all_GA_hits_retained_no_clan_competition_filter
control_e4f4c2b8bc5c37a9e12c75392e17bb9d2c27ab3d000a83e487871de6e3663647	parent_control	e4f4c2b8bc5c37a9e12c75392e17bb9d2c27ab3d000a83e487871de6e3663647	236	5	4	0.6313559322033898	PF02719.22:15-84;PF08659.17:15-88;PF00106.32:15-89;PF13561.13:22-89;PF00106.32:88-163	Pfam_GA_hit	all_GA_hits_retained_no_clan_competition_filter
control_e540b647e3f4fefc066c7ba28dc6566e9738a8ccf862180d81cd6484be6aeeca	parent_control	e540b647e3f4fefc066c7ba28dc6566e9738a8ccf862180d81cd6484be6aeeca	404	3	2	0.8044554455445545	PF00787.30:56-168;PF09325.16:180-344;PF09325.16:327-391	Pfam_GA_hit	all_GA_hits_retained_no_clan_competition_filter
control_e55cce65d17d017a02f04df43e5c79cc75945d3d64cf897493e529e4ee6ec96b	parent_control	e55cce65d17d017a02f04df43e5c79cc75945d3d64cf897493e529e4ee6ec96b	413	2	2	0.8184019370460048	PF01591.25:35-249;PF00300.28:252-374	Pfam_GA_hit	all_GA_hits_retained_no_clan_competition_filter
control_e58abd7861cdedabbe958ec7f2dca05c3557af06629f569c82c623ed25a64306	parent_control	e58abd7861cdedabbe958ec7f2dca05c3557af06629f569c82c623ed25a64306	503	2	2	0.5208747514910537	PF07714.24:31-253;PF00069.32:31-292	Pfam_GA_hit	all_GA_hits_retained_no_clan_competition_filter
control_e5b1fd02dd7dc860563f8d44331607a20c592c991d69b57e672cc3262cd585b2	parent_control	e5b1fd02dd7dc860563f8d44331607a20c592c991d69b57e672cc3262cd585b2	1081	6	5	0.513413506012951	PF00385.31:309-352;PF00385.31:388-441;PF04851.22:477-643;PF00176.30:482-762;PF11496.15:713-933;PF00271.38:787-900	Pfam_GA_hit	all_GA_hits_retained_no_clan_competition_filter
control_e677c4b2f330208be69c475f2468675e3c36df613eff9be21c789f052beb5352	parent_control	e677c4b2f330208be69c475f2468675e3c36df613eff9be21c789f052beb5352	726	1	1	0.6225895316804407	PF00999.27:84-535	Pfam_GA_hit	all_GA_hits_retained_no_clan_competition_filter
control_e8387f04534550c46088ee9eeda170df7da0d10a2f8b4f8600daff5877f4de6c	parent_control	e8387f04534550c46088ee9eeda170df7da0d10a2f8b4f8600daff5877f4de6c	547	3	3	0.46617915904936014	PF09202.18:9-91;PF01163.29:108-279;PF06293.21:128-184	Pfam_GA_hit	all_GA_hits_retained_no_clan_competition_filter
control_e8716e413e794d444ca99a29cababe4f3823008e31575aa2e08ace28aa9ac3fc	parent_control	e8716e413e794d444ca99a29cababe4f3823008e31575aa2e08ace28aa9ac3fc	3430	12	5	0.3431486880466472	PF00307.37:32-134;PF00307.37:152-254;PF00435.28:311-417;PF00435.28:421-526;PF00435.28:1128-1230;PF00435.28:1653-1746;PF00435.28:1977-2076;PF00435.28:2232-2331;PF00435.28:2690-2795;PF09068.18:2844-2962;PF09069.18:2966-3057;PF00569.24:3063-3106	Pfam_GA_hit	all_GA_hits_retained_no_clan_competition_filter
control_e878c6522fc30af63a4b58bceb0846751546aca18eace2be9eb9383e0da8ee35	parent_control	e878c6522fc30af63a4b58bceb0846751546aca18eace2be9eb9383e0da8ee35	301	2	1	0.4750830564784053	PF02825.27:20-97;PF02825.27:110-174	Pfam_GA_hit	all_GA_hits_retained_no_clan_competition_filter
control_e8d70028fd6fded1314c6809e48f3e702ac4e89f157f02dad5c7092b75ae575c	parent_control	e8d70028fd6fded1314c6809e48f3e702ac4e89f157f02dad5c7092b75ae575c	512	2	2	0.755859375	PF06762.21:51-328;PF25179.2:404-512	Pfam_GA_hit	all_GA_hits_retained_no_clan_competition_filter
control_e9288a2a9221c9279623ae0d73e8d33cb7f5a2d9de15b6428b54fa174f7556ff	parent_control	e9288a2a9221c9279623ae0d73e8d33cb7f5a2d9de15b6428b54fa174f7556ff	203	1	1	0.8817733990147784	PF00129.24:22-200	Pfam_GA_hit	all_GA_hits_retained_no_clan_competition_filter
control_e95b32d5a4ebdd87d6988bb212828f0fb71027b4261b98ea46d643359e8e6dd0	parent_control	e95b32d5a4ebdd87d6988bb212828f0fb71027b4261b98ea46d643359e8e6dd0	351	5	5	0.4188034188034188	PF15413.13:110-208;PF00169.36:110-209;PF07653.24:299-345;PF00018.35:305-342;PF14604.13:305-345	Pfam_GA_hit	all_GA_hits_retained_no_clan_competition_filter
control_e9b143ebdb63b4f8155a28c30ba8170eb862d69d2b57d3c8c52c46a50e25aeeb	parent_control	e9b143ebdb63b4f8155a28c30ba8170eb862d69d2b57d3c8c52c46a50e25aeeb	46	1	1	0.8478260869565217	PF00169.36:6-44	Pfam_GA_hit	all_GA_hits_retained_no_clan_competition_filter
control_ead6c1b821c320b7b52819d2dfbdc5c6c4e24c22c4ed6e749ae2c2d42d4fae38	parent_control	ead6c1b821c320b7b52819d2dfbdc5c6c4e24c22c4ed6e749ae2c2d42d4fae38	180	1	1	0.7888888888888889	PF00227.32:1-142	Pfam_GA_hit	all_GA_hits_retained_no_clan_competition_filter
control_eb0edce64ee4b33c14589034671c93016f07a1fc63989f281da07c04197116aa	parent_control	eb0edce64ee4b33c14589034671c93016f07a1fc63989f281da07c04197116aa	1212	5	5	0.2566006600660066	PF13181.13:201-230;PF13432.13:320-374;PF02373.29:945-1053;PF21322.3:1060-1115;PF21326.5:1132-1192	Pfam_GA_hit	all_GA_hits_retained_no_clan_competition_filter
control_ebb69716c14a6061ab5c81f9659dc98b0727f90cc1aed3918aa4f26e05d70efe	parent_control	ebb69716c14a6061ab5c81f9659dc98b0727f90cc1aed3918aa4f26e05d70efe	839	1	1	0.9570917759237187	PF01496.25:27-829	Pfam_GA_hit	all_GA_hits_retained_no_clan_competition_filter
control_ebd7b239f53fd31361f8e53679fd8c9aaa18417336b44aef177523749ecf2b7f	parent_control	ebd7b239f53fd31361f8e53679fd8c9aaa18417336b44aef177523749ecf2b7f	185	0	0	0.0		no_Pfam_GA_hit_not_evidence_of_novel_fold	all_GA_hits_retained_no_clan_competition_filter
control_ec04eea819ce8766e2c09d229a710156de5f3cef7f511869285620cf12e8294a	parent_control	ec04eea819ce8766e2c09d229a710156de5f3cef7f511869285620cf12e8294a	44	1	1	0.7272727272727273	PF05160.19:5-36	Pfam_GA_hit	all_GA_hits_retained_no_clan_competition_filter
control_ecbffb93579669cf2cf5a6294b2a988d91568aba7914aeda9814d521498192d1	parent_control	ecbffb93579669cf2cf5a6294b2a988d91568aba7914aeda9814d521498192d1	83	1	1	0.6746987951807228	PF09764.16:25-80	Pfam_GA_hit	all_GA_hits_retained_no_clan_competition_filter
control_ee858c7bc590e2e6e3f2ee9cf993b78a49238875e4cd2c6f97414554d33291df	parent_control	ee858c7bc590e2e6e3f2ee9cf993b78a49238875e4cd2c6f97414554d33291df	147	1	1	1.0	PF15250.12:1-147	Pfam_GA_hit	all_GA_hits_retained_no_clan_competition_filter
control_eed55b2bcdf49c8357913dc61721603d699dca5dcff90fab2ecfd208a18a8d5c	parent_control	eed55b2bcdf49c8357913dc61721603d699dca5dcff90fab2ecfd208a18a8d5c	84	1	1	0.6071428571428571	PF01423.29:9-59	Pfam_GA_hit	all_GA_hits_retained_no_clan_competition_filter
control_ef256c767dcd9688a937ec2fc08f859baa038103cee942d92841f0ceef881c98	parent_control	ef256c767dcd9688a937ec2fc08f859baa038103cee942d92841f0ceef881c98	1711	9	8	0.4745762711864407	PF00385.31:310-352;PF00385.31:388-441;PF04851.22:477-643;PF00176.30:482-762;PF11496.15:713-933;PF00271.38:787-900;PF18375.8:1122-1208;PF23588.3:1231-1312;PF13907.12:1411-1499	Pfam_GA_hit	all_GA_hits_retained_no_clan_competition_filter
control_f06fb2577faef1294d48cb78d012c849879646cb0c50a88a7222e07b520d28fd	parent_control	f06fb2577faef1294d48cb78d012c849879646cb0c50a88a7222e07b520d28fd	224	2	2	0.6964285714285714	PF05008.22:1-91;PF12352.14:130-194	Pfam_GA_hit	all_GA_hits_retained_no_clan_competition_filter
control_f11d06be20d5d904790b0667758ef8b671856267eef3cf0b5e1ecc593ad4b262	parent_control	f11d06be20d5d904790b0667758ef8b671856267eef3cf0b5e1ecc593ad4b262	1014	4	4	0.1952662721893491	PF18104.8:90-123;PF18115.8:91-135;PF16660.11:319-414;PF20826.3:674-729	Pfam_GA_hit	all_GA_hits_retained_no_clan_competition_filter
control_f146921d34acfee8ab93314f648e2dcfff2f33c1119447710c5ddd05f2d63c85	parent_control	f146921d34acfee8ab93314f648e2dcfff2f33c1119447710c5ddd05f2d63c85	353	5	5	0.7620396600566572	PF06325.20:70-143;PF13847.13:70-144;PF13649.13:74-171;PF08241.19:75-173;PF22528.2:176-340	Pfam_GA_hit	all_GA_hits_retained_no_clan_competition_filter
control_f15fdd5a01ca37b94165f14daa13514eae09fd8c1019072c4328bff787e065f0	parent_control	f15fdd5a01ca37b94165f14daa13514eae09fd8c1019072c4328bff787e065f0	324	5	5	0.37962962962962965	PF13637.13:16-64;PF12796.14:16-79;PF13606.13:43-69;PF00023.37:43-72;PF27687.1:260-318	Pfam_GA_hit	all_GA_hits_retained_no_clan_competition_filter
control_f166deafdab72c3e09fbc3b52b4b18f884ea0adc2c58020041df14d605ca6fae	parent_control	f166deafdab72c3e09fbc3b52b4b18f884ea0adc2c58020041df14d605ca6fae	926	7	5	0.7861771058315334	PF00431.27:28-139;PF00431.27:149-264;PF00754.32:292-424;PF00754.32:449-589;PF22633.4:484-573;PF00629.31:646-792;PF11980.14:848-926	Pfam_GA_hit	all_GA_hits_retained_no_clan_competition_filter
control_f1aab743d6e5d1527b22cb2ba6d7ed2a11d9eccc947a0b68762e1adb31e9f4a8	parent_control	f1aab743d6e5d1527b22cb2ba6d7ed2a11d9eccc947a0b68762e1adb31e9f4a8	253	2	1	0.5533596837944664	PF05915.18:57-135;PF05915.18:191-251	Pfam_GA_hit	all_GA_hits_retained_no_clan_competition_filter
control_f221b19748dc8d17c4ebdd2f1b57148abbfac1dbd9cf5e206e872e9ada709ed3	parent_control	f221b19748dc8d17c4ebdd2f1b57148abbfac1dbd9cf5e206e872e9ada709ed3	416	1	1	0.7572115384615384	PF07221.18:59-373	Pfam_GA_hit	all_GA_hits_retained_no_clan_competition_filter
control_f260108808adb5606f9dadb21b1cd7b4d35b5243459f68a3f92f26f061e1e9e5	parent_control	f260108808adb5606f9dadb21b1cd7b4d35b5243459f68a3f92f26f061e1e9e5	247	1	1	0.5303643724696356	PF04201.21:70-200	Pfam_GA_hit	all_GA_hits_retained_no_clan_competition_filter
control_f260443270ee3c54f24ee23893bac5ab6991daf0dd126a7a26b60f4bb83cb33c	parent_control	f260443270ee3c54f24ee23893bac5ab6991daf0dd126a7a26b60f4bb83cb33c	213	0	0	0.0		no_Pfam_GA_hit_not_evidence_of_novel_fold	all_GA_hits_retained_no_clan_competition_filter
control_f2881a5c042ced851fd83a909eb5634153dd32616ecb4ee8aef96bc46111e8b9	parent_control	f2881a5c042ced851fd83a909eb5634153dd32616ecb4ee8aef96bc46111e8b9	82	1	1	0.8902439024390244	PF00179.32:10-82	Pfam_GA_hit	all_GA_hits_retained_no_clan_competition_filter
control_f2a7bed321df3f0fa8d044f327c2fac6ae1e1de132ad231acd24740664319366	parent_control	f2a7bed321df3f0fa8d044f327c2fac6ae1e1de132ad231acd24740664319366	30	0	0	0.0		no_Pfam_GA_hit_not_evidence_of_novel_fold	all_GA_hits_retained_no_clan_competition_filter
control_f350011bb7751c3418d3a199732edcba53664007adc3496eb364b018b9103157	parent_control	f350011bb7751c3418d3a199732edcba53664007adc3496eb364b018b9103157	302	4	4	0.7350993377483444	PF02719.22:41-110;PF08659.17:41-200;PF00106.32:41-229;PF13561.13:48-262	Pfam_GA_hit	all_GA_hits_retained_no_clan_competition_filter
control_f375ec4f4e24b52349deff1c728a91db0f3314db48f1c892e431dfce664df5ae	parent_control	f375ec4f4e24b52349deff1c728a91db0f3314db48f1c892e431dfce664df5ae	72	0	0	0.0		no_Pfam_GA_hit_not_evidence_of_novel_fold	all_GA_hits_retained_no_clan_competition_filter
control_f3d17f902bbb629c38eeaa5c11eec1a0ffec96fdc3955cc2c412414e803d4c8a	parent_control	f3d17f902bbb629c38eeaa5c11eec1a0ffec96fdc3955cc2c412414e803d4c8a	187	1	1	0.8288770053475936	PF14745.12:32-186	Pfam_GA_hit	all_GA_hits_retained_no_clan_competition_filter
control_f42adfc87e012cdd2083bcb1eec5a418fd1dfccedc27057ff2d7fa8c8d5ffe74	parent_control	f42adfc87e012cdd2083bcb1eec5a418fd1dfccedc27057ff2d7fa8c8d5ffe74	192	1	1	0.7708333333333334	PF09764.16:25-172	Pfam_GA_hit	all_GA_hits_retained_no_clan_competition_filter
control_f4e1ae74a67d95f867b707699e4352a02dcee04e9ecb645160cea21684ed766f	parent_control	f4e1ae74a67d95f867b707699e4352a02dcee04e9ecb645160cea21684ed766f	630	7	7	0.8222222222222222	PF00169.36:6-110;PF00779.25:119-147;PF07653.24:183-233;PF00018.35:184-230;PF00017.31:246-329;PF07714.24:369-617;PF00069.32:371-616	Pfam_GA_hit	all_GA_hits_retained_no_clan_competition_filter
control_f59ded9dbe5046df6d1f0f78f77e356ce9e7dedcdf0145111c40cc8365aaabfd	parent_control	f59ded9dbe5046df6d1f0f78f77e356ce9e7dedcdf0145111c40cc8365aaabfd	485	4	4	0.4268041237113402	PF13445.13:15-56;PF00097.32:15-58;PF00643.30:92-129;PF00622.37:347-471	Pfam_GA_hit	all_GA_hits_retained_no_clan_competition_filter
control_f5c01e33d99de264f01e3fff3f9ddd2aab6b2c3b44f16465abf2ffdba5a21230	parent_control	f5c01e33d99de264f01e3fff3f9ddd2aab6b2c3b44f16465abf2ffdba5a21230	37	0	0	0.0		no_Pfam_GA_hit_not_evidence_of_novel_fold	all_GA_hits_retained_no_clan_competition_filter
control_f5eaeba5a82afdfc637e154b472f2bf7264ea9b57fb0e282ad5c90928db91d10	parent_control	f5eaeba5a82afdfc637e154b472f2bf7264ea9b57fb0e282ad5c90928db91d10	1669	7	4	0.7213900539245057	PF00520.38:126-416;PF00520.38:552-787;PF00520.38:913-1190;PF00520.38:1233-1502;PF08016.19:1258-1496;PF16905.11:1512-1565;PF08763.18:1575-1649	Pfam_GA_hit	all_GA_hits_retained_no_clan_competition_filter
control_f70a5e847b416d2eda4a518e51f542e7404e8f34e40a6ad115c4382ab373edde	parent_control	f70a5e847b416d2eda4a518e51f542e7404e8f34e40a6ad115c4382ab373edde	356	2	2	0.7359550561797753	PF08773.17:1-35;PF00112.30:124-350	Pfam_GA_hit	all_GA_hits_retained_no_clan_competition_filter
control_f7f53ec6b51e1ad5702cc3ee81b511531092bb8dcabb380ba0cef5cbe44cdd7d	parent_control	f7f53ec6b51e1ad5702cc3ee81b511531092bb8dcabb380ba0cef5cbe44cdd7d	99	1	1	0.898989898989899	PF00179.32:1-89	Pfam_GA_hit	all_GA_hits_retained_no_clan_competition_filter
control_f828f0683b5d80a7349b41671618e53a91dfc92bfa2cc207c41c91b2f0c35abb	parent_control	f828f0683b5d80a7349b41671618e53a91dfc92bfa2cc207c41c91b2f0c35abb	358	5	5	0.4106145251396648	PF15413.13:117-215;PF00169.36:117-216;PF07653.24:306-352;PF00018.35:312-349;PF14604.13:312-352	Pfam_GA_hit	all_GA_hits_retained_no_clan_competition_filter
control_f879021cfd0132b36382dffaadf12aead8caf852ee18d39064a849986fa798ed	parent_control	f879021cfd0132b36382dffaadf12aead8caf852ee18d39064a849986fa798ed	158	1	1	0.9683544303797469	PF04756.20:1-153	Pfam_GA_hit	all_GA_hits_retained_no_clan_competition_filter
control_f892fbf09494ce264bc5004260737cc3f04fa1e16e7af904563e16077848cef9	parent_control	f892fbf09494ce264bc5004260737cc3f04fa1e16e7af904563e16077848cef9	838	1	1	0.9570405727923628	PF01496.25:27-828	Pfam_GA_hit	all_GA_hits_retained_no_clan_competition_filter
control_f897bbb5d6ab0938222002c7408418a64681e9cd637da07bf52fac33ac0f4205	parent_control	f897bbb5d6ab0938222002c7408418a64681e9cd637da07bf52fac33ac0f4205	934	3	3	0.38329764453961457	PF22956.3:48-302;PF02985.29:236-261;PF29896.1:629-731	Pfam_GA_hit	all_GA_hits_retained_no_clan_competition_filter
control_f99eb4a3a59ede70166edf022296887f95f5563bd22e30018708bb7a0c6e545c	parent_control	f99eb4a3a59ede70166edf022296887f95f5563bd22e30018708bb7a0c6e545c	195	1	1	0.7025641025641025	PF05915.18:57-193	Pfam_GA_hit	all_GA_hits_retained_no_clan_competition_filter
control_f9b95e3a0c9505f29e6db01f348996fa0b647f1d6a52f1e83cbe5c5cfbac6a5b	parent_control	f9b95e3a0c9505f29e6db01f348996fa0b647f1d6a52f1e83cbe5c5cfbac6a5b	294	1	1	0.22448979591836735	PF05279.17:52-117	Pfam_GA_hit	all_GA_hits_retained_no_clan_competition_filter
control_f9da695952bf828db67c6dcef7577d8a7735e76250776c90a4474e496c8838bd	parent_control	f9da695952bf828db67c6dcef7577d8a7735e76250776c90a4474e496c8838bd	548	1	1	0.8248175182481752	PF00999.27:84-535	Pfam_GA_hit	all_GA_hits_retained_no_clan_competition_filter
control_fa11008853f674c565afc18c2867887a349e3b223caad307b3ad5859eb5b76d5	parent_control	fa11008853f674c565afc18c2867887a349e3b223caad307b3ad5859eb5b76d5	529	2	2	0.6351606805293005	PF01233.26:174-327;PF02799.22:341-522	Pfam_GA_hit	all_GA_hits_retained_no_clan_competition_filter
control_fbdeef186e17a704cba66c14c68470850c208c534449650ffbca69e9c7be9cf4	parent_control	fbdeef186e17a704cba66c14c68470850c208c534449650ffbca69e9c7be9cf4	1211	5	5	0.25681255161023947	PF13181.13:200-229;PF13432.13:319-373;PF02373.29:944-1052;PF21322.3:1059-1114;PF21326.5:1131-1191	Pfam_GA_hit	all_GA_hits_retained_no_clan_competition_filter
control_fbffab251e5c351363f7e4debfecafe7f32f2fd2323d0bdb50601512e84e6c6e	parent_control	fbffab251e5c351363f7e4debfecafe7f32f2fd2323d0bdb50601512e84e6c6e	118	1	1	0.6186440677966102	PF03134.25:1-73	Pfam_GA_hit	all_GA_hits_retained_no_clan_competition_filter
control_fc42178270602d14d92e320214cafaaf3a6af33c459a2d73badc862110ea8a6d	parent_control	fc42178270602d14d92e320214cafaaf3a6af33c459a2d73badc862110ea8a6d	721	6	2	0.4105409153952843	PF00013.36:147-210;PF00013.36:237-302;PF00013.36:328-388;PF00013.36:428-494;PF09005.15:612-633;PF09005.15:671-686	Pfam_GA_hit	all_GA_hits_retained_no_clan_competition_filter
control_fc9007434234f8d10541cace6aea3e344a7d36845dc103ec3dda1012ea3d7a8d	parent_control	fc9007434234f8d10541cace6aea3e344a7d36845dc103ec3dda1012ea3d7a8d	116	0	0	0.0		no_Pfam_GA_hit_not_evidence_of_novel_fold	all_GA_hits_retained_no_clan_competition_filter
control_fd47e809e489a94274e22388d4021f34ab92383b58caa661ac127abad8fb0b12	parent_control	fd47e809e489a94274e22388d4021f34ab92383b58caa661ac127abad8fb0b12	192	1	1	0.6354166666666666	PF04201.21:24-145	Pfam_GA_hit	all_GA_hits_retained_no_clan_competition_filter
control_fdd40c5dd18e624257d0f4ddb45f54e0d38ade01cedd1d783077d2da06462233	parent_control	fdd40c5dd18e624257d0f4ddb45f54e0d38ade01cedd1d783077d2da06462233	55	0	0	0.0		no_Pfam_GA_hit_not_evidence_of_novel_fold	all_GA_hits_retained_no_clan_competition_filter
control_fdd42ea762527f31a899eb1c2324a0a5129f8c91ac97f420a4e84e00b0dfa142	parent_control	fdd42ea762527f31a899eb1c2324a0a5129f8c91ac97f420a4e84e00b0dfa142	237	1	1	0.9662447257383966	PF07851.19:1-229	Pfam_GA_hit	all_GA_hits_retained_no_clan_competition_filter
control_ff20642226faddb1a3df64911e83c6e8c03cb2c6119734d717687b645f0a31e4	parent_control	ff20642226faddb1a3df64911e83c6e8c03cb2c6119734d717687b645f0a31e4	219	1	1	0.9360730593607306	PF26158.1:7-211	Pfam_GA_hit	all_GA_hits_retained_no_clan_competition_filter
control_ff836638f23fb1eadfdc1c962d4e28016551d6ee1aefeb4c38851c068cf2991a	parent_control	ff836638f23fb1eadfdc1c962d4e28016551d6ee1aefeb4c38851c068cf2991a	430	1	1	0.5511627906976744	PF02578.22:192-428	Pfam_GA_hit	all_GA_hits_retained_no_clan_competition_filter
control_ff94800e922179729e86c53f89319115126e45abae0220aa9052e0fb76f532c1	parent_control	ff94800e922179729e86c53f89319115126e45abae0220aa9052e0fb76f532c1	129	2	2	0.6976744186046512	PF20825.3:40-129;PF03489.23:81-113	Pfam_GA_hit	all_GA_hits_retained_no_clan_competition_filter
control_ffb2237d030a56b7776f2232ae94a767f4a50175ca0f79e91e7b291b76bf8f7f	parent_control	ffb2237d030a56b7776f2232ae94a767f4a50175ca0f79e91e7b291b76bf8f7f	588	5	5	0.6768707482993197	PF12796.14:13-97;PF13606.13:41-67;PF00023.37:41-70;PF13637.13:45-91;PF11904.14:156-468	Pfam_GA_hit	all_GA_hits_retained_no_clan_competition_filter
peptide_00fb8657255fb894315401cecb9ab9e3047ef7b3d1f0d35d357663269780201c	conditional_candidate	00fb8657255fb894315401cecb9ab9e3047ef7b3d1f0d35d357663269780201c	47	1	1	0.723404255319149	PF01423.29:9-42	Pfam_GA_hit	all_GA_hits_retained_no_clan_competition_filter
peptide_0113c383751f1a0ef3d6b27676d2e2141e091b8b60dc744ecdfddcbc258c577c	conditional_candidate	0113c383751f1a0ef3d6b27676d2e2141e091b8b60dc744ecdfddcbc258c577c	1684	7	4	0.7149643705463183	PF00520.38:126-416;PF00520.38:524-759;PF00520.38:885-1162;PF00520.38:1205-1474;PF08016.19:1230-1468;PF16905.11:1484-1537;PF08763.18:1547-1621	Pfam_GA_hit	all_GA_hits_retained_no_clan_competition_filter
peptide_031f87d03d93806fb6598bc5acfc051372dffe27f323210698bb511e6bbec75f	conditional_candidate	031f87d03d93806fb6598bc5acfc051372dffe27f323210698bb511e6bbec75f	519	2	2	0.6473988439306358	PF01233.26:164-317;PF02799.22:331-512	Pfam_GA_hit	all_GA_hits_retained_no_clan_competition_filter
peptide_04e15dc3926c12278ffcff63cfbb0a6f232e69a5d16fa877239ea03bee778a02	conditional_candidate	04e15dc3926c12278ffcff63cfbb0a6f232e69a5d16fa877239ea03bee778a02	218	2	2	0.5963302752293578	PF14560.13:10-91;PF01302.32:161-208	Pfam_GA_hit	all_GA_hits_retained_no_clan_competition_filter
peptide_06518bc387ccfd3be991b7ce8522835748deb4643cd98dccca776b3e1dd2d9c1	conditional_candidate	06518bc387ccfd3be991b7ce8522835748deb4643cd98dccca776b3e1dd2d9c1	304	2	2	0.7631578947368421	PF00258.31:8-104;PF28124.1:169-303	Pfam_GA_hit	all_GA_hits_retained_no_clan_competition_filter
peptide_06a47ea8fb14decf2e1f83ce3d7b3bc9900a29ed89cc722332a43a369472b176	conditional_candidate	06a47ea8fb14decf2e1f83ce3d7b3bc9900a29ed89cc722332a43a369472b176	357	2	2	0.3949579831932773	PF21236.4:87-154;PF00004.36:212-284	Pfam_GA_hit	all_GA_hits_retained_no_clan_competition_filter
peptide_06ff13e279243d2b7ad8638c5afd0676ce8e8691414485e804189b01e04b5c71	conditional_candidate	06ff13e279243d2b7ad8638c5afd0676ce8e8691414485e804189b01e04b5c71	249	0	0	0.0		no_Pfam_GA_hit_not_evidence_of_novel_fold	all_GA_hits_retained_no_clan_competition_filter
peptide_0a3c36316543a47148471358f32a4ec64764c26acc5dd428c304719ee387455d	conditional_candidate	0a3c36316543a47148471358f32a4ec64764c26acc5dd428c304719ee387455d	1704	7	4	0.7065727699530516	PF00520.38:126-416;PF00520.38:544-779;PF00520.38:905-1182;PF00520.38:1225-1494;PF08016.19:1250-1488;PF16905.11:1504-1557;PF08763.18:1567-1641	Pfam_GA_hit	all_GA_hits_retained_no_clan_competition_filter
peptide_0c490e72ecae44550e53ca74fe76b911e1331a1d12589a18ae2832bd120927f3	conditional_candidate	0c490e72ecae44550e53ca74fe76b911e1331a1d12589a18ae2832bd120927f3	50	0	0	0.0		no_Pfam_GA_hit_not_evidence_of_novel_fold	all_GA_hits_retained_no_clan_competition_filter
peptide_1015ff2fa888cebfb365500cc0ab8e73fbbf1ac9a892fa1436d4660a59c814cd	conditional_candidate	1015ff2fa888cebfb365500cc0ab8e73fbbf1ac9a892fa1436d4660a59c814cd	139	1	1	0.5683453237410072	PF05915.18:57-135	Pfam_GA_hit	all_GA_hits_retained_no_clan_competition_filter
peptide_101700281cde078bee94b7382d6e603a4babf7b2c6c73ebf43d4a469d59c79f5	conditional_candidate	101700281cde078bee94b7382d6e603a4babf7b2c6c73ebf43d4a469d59c79f5	159	2	2	0.7044025157232704	PF16880.11:24-56;PF00350.30:61-139	Pfam_GA_hit	all_GA_hits_retained_no_clan_competition_filter
peptide_1148a09617eba2312e87a99c5e199bf30521982cb6c30cc7354ca5f31aa604ee	conditional_candidate	1148a09617eba2312e87a99c5e199bf30521982cb6c30cc7354ca5f31aa604ee	786	3	3	0.5038167938931297	PF11934.14:109-220;PF01858.23:367-559;PF04089.20:660-750	Pfam_GA_hit	all_GA_hits_retained_no_clan_competition_filter
peptide_12745343cbe2431513f67f949df2911fade4cbdac322f7cdc173a482777cfec3	conditional_candidate	12745343cbe2431513f67f949df2911fade4cbdac322f7cdc173a482777cfec3	350	1	1	0.4714285714285714	PF22528.2:173-337	Pfam_GA_hit	all_GA_hits_retained_no_clan_competition_filter
peptide_128478dad5923df8e153bbe6c3fe22332eb265107b6c4204a02f16733a87a5f0	conditional_candidate	128478dad5923df8e153bbe6c3fe22332eb265107b6c4204a02f16733a87a5f0	336	1	1	0.8095238095238095	PF00248.28:33-304	Pfam_GA_hit	all_GA_hits_retained_no_clan_competition_filter
peptide_139563c3790484e398f1558332258abd5f38773b4c9b8c7dd1d496f233efbed8	conditional_candidate	139563c3790484e398f1558332258abd5f38773b4c9b8c7dd1d496f233efbed8	626	5	5	0.5175718849840255	PF05915.18:57-127;PF26141.1:127-285;PF00801.27:327-370;PF18911.7:329-369;PF20433.4:471-521	Pfam_GA_hit	all_GA_hits_retained_no_clan_competition_filter
peptide_141ec2db205027760299d6cfdf072036bb4e5b4e6bbd92c9460372e87321d3d2	conditional_candidate	141ec2db205027760299d6cfdf072036bb4e5b4e6bbd92c9460372e87321d3d2	751	1	1	0.29027962716378164	PF01433.27:435-652	Pfam_GA_hit	all_GA_hits_retained_no_clan_competition_filter
peptide_1485ea7abb5537105da28caa75dbafd079f07504c590ce733c6d66afe0f0e279	conditional_candidate	1485ea7abb5537105da28caa75dbafd079f07504c590ce733c6d66afe0f0e279	383	1	1	0.32114882506527415	PF07686.24:45-167	Pfam_GA_hit	all_GA_hits_retained_no_clan_competition_filter
peptide_17d111deb4d6dc3037080cfa51b4f13d1b3e22d45fa78ccc97a0cca4c2afed7e	conditional_candidate	17d111deb4d6dc3037080cfa51b4f13d1b3e22d45fa78ccc97a0cca4c2afed7e	164	0	0	0.0		no_Pfam_GA_hit_not_evidence_of_novel_fold	all_GA_hits_retained_no_clan_competition_filter
peptide_19394e5c359c5a82b8cb1bd0ed1fa1b68fb38f6139c5c1acdf5b19900a03299a	conditional_candidate	19394e5c359c5a82b8cb1bd0ed1fa1b68fb38f6139c5c1acdf5b19900a03299a	112	2	2	0.8214285714285714	PF00071.29:5-38;PF03134.25:37-96	Pfam_GA_hit	all_GA_hits_retained_no_clan_competition_filter
peptide_1a7b2bbbbf30fea698c57990414166e3db473b4ecba590ce3231a6f36c80546f	conditional_candidate	1a7b2bbbbf30fea698c57990414166e3db473b4ecba590ce3231a6f36c80546f	130	1	1	0.5384615384615384	PF05915.18:57-126	Pfam_GA_hit	all_GA_hits_retained_no_clan_competition_filter
peptide_1bce31ef49449220635ddadc203907308fc7f2ec67e7d48732292471c9bbe3df	conditional_candidate	1bce31ef49449220635ddadc203907308fc7f2ec67e7d48732292471c9bbe3df	32	0	0	0.0		no_Pfam_GA_hit_not_evidence_of_novel_fold	all_GA_hits_retained_no_clan_competition_filter
peptide_1d26632909793e9ef4868a1283d4ec88d8de6173f2567712b41a3547f09f15b9	conditional_candidate	1d26632909793e9ef4868a1283d4ec88d8de6173f2567712b41a3547f09f15b9	302	1	1	0.17549668874172186	PF07686.24:34-86	Pfam_GA_hit	all_GA_hits_retained_no_clan_competition_filter
peptide_1d96ab1139fd7e2a5d0d5c16c5db26c59fb1194ceaf2df73b61b5175196b3ef2	conditional_candidate	1d96ab1139fd7e2a5d0d5c16c5db26c59fb1194ceaf2df73b61b5175196b3ef2	784	5	3	0.8252551020408163	PF00999.27:84-535;PF25372.2:575-769;PF13516.13:590-608;PF13516.13:640-663;PF13516.13:691-713	Pfam_GA_hit	all_GA_hits_retained_no_clan_competition_filter
peptide_1dc6aeda50a5e497a2f5951ecc5210d7d2e68c1a6ea22fa070ab227803ad98df	conditional_candidate	1dc6aeda50a5e497a2f5951ecc5210d7d2e68c1a6ea22fa070ab227803ad98df	274	2	2	0.6277372262773723	PF10300.16:18-189;PF10345.16:26-147	Pfam_GA_hit	all_GA_hits_retained_no_clan_competition_filter
peptide_1e8bc65243a9facc8e4feddf58cbbe693b2477dfe7a89be4bd6f1930464904dc	conditional_candidate	1e8bc65243a9facc8e4feddf58cbbe693b2477dfe7a89be4bd6f1930464904dc	81	0	0	0.0		no_Pfam_GA_hit_not_evidence_of_novel_fold	all_GA_hits_retained_no_clan_competition_filter
peptide_1fe37bd6ea07b66d2c16eb3ac3ec79534ca5317c7b1cadea503320eaa4a1a3a2	conditional_candidate	1fe37bd6ea07b66d2c16eb3ac3ec79534ca5317c7b1cadea503320eaa4a1a3a2	395	7	6	0.5189873417721519	PF12796.14:2-61;PF13857.13:73-127;PF12796.14:78-140;PF13606.13:87-114;PF00023.37:87-117;PF13637.13:91-131;PF01529.26:294-370	Pfam_GA_hit	all_GA_hits_retained_no_clan_competition_filter
peptide_204ed537f56ceb775af18238d6211e9820a946ab60919dfc9088e0f6179859b9	conditional_candidate	204ed537f56ceb775af18238d6211e9820a946ab60919dfc9088e0f6179859b9	1144	4	2	0.5358391608391608	PF10421.15:160-339;PF10421.15:611-795;PF01909.30:831-896;PF10421.15:955-1136	Pfam_GA_hit	all_GA_hits_retained_no_clan_competition_filter
peptide_2138b9068e3e0c4310d51e2c49d2938f8b195a4a67421c7713adf671057faa19	conditional_candidate	2138b9068e3e0c4310d51e2c49d2938f8b195a4a67421c7713adf671057faa19	248	0	0	0.0		no_Pfam_GA_hit_not_evidence_of_novel_fold	all_GA_hits_retained_no_clan_competition_filter
peptide_2168e44b24311d2038cfd2a0e4419b38462cc90c1ad4a8edab2a8f33656b2877	conditional_candidate	2168e44b24311d2038cfd2a0e4419b38462cc90c1ad4a8edab2a8f33656b2877	197	1	1	0.5888324873096447	PF14745.12:32-147	Pfam_GA_hit	all_GA_hits_retained_no_clan_competition_filter
peptide_27423e5ae634ee16faa22fbee9d7696e067cad37f9f43540e7126b62788f8fee	conditional_candidate	27423e5ae634ee16faa22fbee9d7696e067cad37f9f43540e7126b62788f8fee	124	1	1	0.3629032258064516	PF12763.14:19-63	Pfam_GA_hit	all_GA_hits_retained_no_clan_competition_filter
peptide_279701eeae3508894ecda791240e0f757558d2bafab5b71e12e4d38b4e71b14b	conditional_candidate	279701eeae3508894ecda791240e0f757558d2bafab5b71e12e4d38b4e71b14b	112	0	0	0.0		no_Pfam_GA_hit_not_evidence_of_novel_fold	all_GA_hits_retained_no_clan_competition_filter
peptide_289703e36f5869975fcc5af1cbd06c1f72a4d2a842df9afb9026fb0767317782	conditional_candidate	289703e36f5869975fcc5af1cbd06c1f72a4d2a842df9afb9026fb0767317782	532	2	2	0.41541353383458646	PF02014.24:31-167;PF00017.31:422-505	Pfam_GA_hit	all_GA_hits_retained_no_clan_competition_filter
peptide_29ea5ee0680ecd1f94f1277f5409186d94102586e1ff61dc723a33f27a95836b	conditional_candidate	29ea5ee0680ecd1f94f1277f5409186d94102586e1ff61dc723a33f27a95836b	206	1	1	0.5485436893203883	PF13911.13:58-170	Pfam_GA_hit	all_GA_hits_retained_no_clan_competition_filter
peptide_2add87360b59c5d05baa755fdce15eb60d338d20384a37357db0bbe326096009	conditional_candidate	2add87360b59c5d05baa755fdce15eb60d338d20384a37357db0bbe326096009	421	1	1	0.4014251781472684	PF02760.22:194-362	Pfam_GA_hit	all_GA_hits_retained_no_clan_competition_filter
peptide_2b51f821f3f63a41e62b73e95a3994fa13f9f527ec1942f80ca2dd456355c2b6	conditional_candidate	2b51f821f3f63a41e62b73e95a3994fa13f9f527ec1942f80ca2dd456355c2b6	105	3	3	0.44761904761904764	PF07653.24:53-99;PF00018.35:59-96;PF14604.13:59-99	Pfam_GA_hit	all_GA_hits_retained_no_clan_competition_filter
peptide_2b6307a928c00d74e5da0a64ec3c8c19333fa31e0ec9ff5b1f553c414751a1eb	conditional_candidate	2b6307a928c00d74e5da0a64ec3c8c19333fa31e0ec9ff5b1f553c414751a1eb	299	1	1	0.391304347826087	PF04201.21:136-252	Pfam_GA_hit	all_GA_hits_retained_no_clan_competition_filter
peptide_2b725ec6513d4fe033761938b5b7e38cdb2776f273712a72de67a893499a6121	conditional_candidate	2b725ec6513d4fe033761938b5b7e38cdb2776f273712a72de67a893499a6121	313	4	4	0.6964856230031949	PF05279.17:52-117;PF08477.20:117-223;PF00071.29:117-269;PF00025.28:118-262	Pfam_GA_hit	all_GA_hits_retained_no_clan_competition_filter
peptide_2c1cb44a742642c7499d1d08f06ecb23a8a9624b374d98d67c1abe41c80dad9f	conditional_candidate	2c1cb44a742642c7499d1d08f06ecb23a8a9624b374d98d67c1abe41c80dad9f	535	2	2	0.4130841121495327	PF02014.24:31-167;PF00017.31:425-508	Pfam_GA_hit	all_GA_hits_retained_no_clan_competition_filter
peptide_2f48fe9d24692c4c2f3fdc9e40a42a86d295d828cc45bb4e18a09e986843283f	conditional_candidate	2f48fe9d24692c4c2f3fdc9e40a42a86d295d828cc45bb4e18a09e986843283f	285	3	3	0.3543859649122807	PF02199.21:20-51;PF05184.21:59-94;PF03489.23:103-135	Pfam_GA_hit	all_GA_hits_retained_no_clan_competition_filter
peptide_2f5ccec75975e3c6f577920bce8d2353c43c2083ced5a445cd4306874aa49f96	conditional_candidate	2f5ccec75975e3c6f577920bce8d2353c43c2083ced5a445cd4306874aa49f96	44	2	2	0.7727272727272727	PF08477.20:10-42;PF00071.29:10-43	Pfam_GA_hit	all_GA_hits_retained_no_clan_competition_filter
peptide_2fa08b3f456b35b634ae9dec88e1161e05e4063bbe185c89f98466c5b35a86b8	conditional_candidate	2fa08b3f456b35b634ae9dec88e1161e05e4063bbe185c89f98466c5b35a86b8	357	2	2	0.6414565826330533	PF06762.21:27-111;PF25179.2:187-330	Pfam_GA_hit	all_GA_hits_retained_no_clan_competition_filter
peptide_2fd568c243ae5fc146a0c3231fbaef7e40cf01dbf9a2cc5cea6ca2f10c9a8f54	conditional_candidate	2fd568c243ae5fc146a0c3231fbaef7e40cf01dbf9a2cc5cea6ca2f10c9a8f54	399	1	1	0.24060150375939848	PF16660.11:151-246	Pfam_GA_hit	all_GA_hits_retained_no_clan_competition_filter
peptide_30789ddbca07e50737e87ef7ab2775266174c325dbac710715479d3a2f30a194	conditional_candidate	30789ddbca07e50737e87ef7ab2775266174c325dbac710715479d3a2f30a194	263	5	5	0.6768060836501901	PF08718.17:18-143;PF12796.14:119-195;PF13606.13:139-165;PF00023.37:139-168;PF13637.13:143-189	Pfam_GA_hit	all_GA_hits_retained_no_clan_competition_filter
peptide_319de57327db46169c574e3e03d766160c11791eed0bff2de59bef5570b97a97	conditional_candidate	319de57327db46169c574e3e03d766160c11791eed0bff2de59bef5570b97a97	355	2	2	0.5408450704225352	PF00258.31:99-155;PF28124.1:220-354	Pfam_GA_hit	all_GA_hits_retained_no_clan_competition_filter
peptide_32888589dc5b12cf0be003a11e192edadf3264e7da04a8823f1a9499eb3f68a0	conditional_candidate	32888589dc5b12cf0be003a11e192edadf3264e7da04a8823f1a9499eb3f68a0	595	2	2	0.8773109243697479	PF01496.25:27-538;PF03343.19:520-548	Pfam_GA_hit	all_GA_hits_retained_no_clan_competition_filter
peptide_3330637c06dd88a8e1161a3b66396a58fa97dad6e8626bde1493ffe2d727812b	conditional_candidate	3330637c06dd88a8e1161a3b66396a58fa97dad6e8626bde1493ffe2d727812b	213	0	0	0.0		no_Pfam_GA_hit_not_evidence_of_novel_fold	all_GA_hits_retained_no_clan_competition_filter
peptide_33e439fffd21f0bb37f62999726d0ef310cba0c1c7da99974a3c8dde432ecde0	conditional_candidate	33e439fffd21f0bb37f62999726d0ef310cba0c1c7da99974a3c8dde432ecde0	199	1	1	0.592964824120603	PF14745.12:32-149	Pfam_GA_hit	all_GA_hits_retained_no_clan_competition_filter
peptide_344139caecbb91ebedc38d31dc6d21ae9491f43c900a54be6d396baf9e5553ff	conditional_candidate	344139caecbb91ebedc38d31dc6d21ae9491f43c900a54be6d396baf9e5553ff	251	1	1	0.4342629482071713	PF22528.2:130-238	Pfam_GA_hit	all_GA_hits_retained_no_clan_competition_filter
peptide_3538354085b81ef36c100a2816d54993d184f50f51149beb3c72110afb62890b	conditional_candidate	3538354085b81ef36c100a2816d54993d184f50f51149beb3c72110afb62890b	39	0	0	0.0		no_Pfam_GA_hit_not_evidence_of_novel_fold	all_GA_hits_retained_no_clan_competition_filter
peptide_37ced88ed5be8c8a074c1ff82f0875d9fae0fade8abab4cb6efe0f2fcbb73097	conditional_candidate	37ced88ed5be8c8a074c1ff82f0875d9fae0fade8abab4cb6efe0f2fcbb73097	377	4	1	0.7002652519893899	PF00191.26:76-140;PF00191.26:147-212;PF00191.26:231-297;PF00191.26:307-372	Pfam_GA_hit	all_GA_hits_retained_no_clan_competition_filter
peptide_3868fed335582b3a056d423efc2dbae9dfa7c7350d3572a0f67798065f307d53	conditional_candidate	3868fed335582b3a056d423efc2dbae9dfa7c7350d3572a0f67798065f307d53	99	0	0	0.0		no_Pfam_GA_hit_not_evidence_of_novel_fold	all_GA_hits_retained_no_clan_competition_filter
peptide_39c80d227d1b6b4e946adce4be85cef588e0b03a059216ffe8e45cd70776a3f8	conditional_candidate	39c80d227d1b6b4e946adce4be85cef588e0b03a059216ffe8e45cd70776a3f8	136	0	0	0.0		no_Pfam_GA_hit_not_evidence_of_novel_fold	all_GA_hits_retained_no_clan_competition_filter
peptide_3eea41dc2191758bba2af58f9efccf8e359349d6a85ff027e916d63e125531f4	conditional_candidate	3eea41dc2191758bba2af58f9efccf8e359349d6a85ff027e916d63e125531f4	488	2	2	0.7663934426229508	PF00328.28:33-226;PF07221.18:266-445	Pfam_GA_hit	all_GA_hits_retained_no_clan_competition_filter
peptide_3efb26690c36c414062c23d0c47a34fbb57d8f10f8edf672769c2cddb8218cfa	conditional_candidate	3efb26690c36c414062c23d0c47a34fbb57d8f10f8edf672769c2cddb8218cfa	207	0	0	0.0		no_Pfam_GA_hit_not_evidence_of_novel_fold	all_GA_hits_retained_no_clan_competition_filter
peptide_3fe112080cd703f5864a72a00c8693231209bfbbe44887998c4bb81b1ea3b440	conditional_candidate	3fe112080cd703f5864a72a00c8693231209bfbbe44887998c4bb81b1ea3b440	144	0	0	0.0		no_Pfam_GA_hit_not_evidence_of_novel_fold	all_GA_hits_retained_no_clan_competition_filter
peptide_433070179775f2a51f11608ee7cdba082ebe9d602b558890f9ff511c537698ac	conditional_candidate	433070179775f2a51f11608ee7cdba082ebe9d602b558890f9ff511c537698ac	399	2	2	0.3533834586466165	PF21236.4:129-196;PF00004.36:254-326	Pfam_GA_hit	all_GA_hits_retained_no_clan_competition_filter
peptide_44e77e98a7056e62ab58c0d6e9bfb595600a4e52033173803b36e6da613738d9	conditional_candidate	44e77e98a7056e62ab58c0d6e9bfb595600a4e52033173803b36e6da613738d9	86	1	1	0.7209302325581395	PF00261.26:1-62	Pfam_GA_hit	all_GA_hits_retained_no_clan_competition_filter
peptide_47fc51d8b4ad674a009f9c5742c21b1c917e7576d90c01ef9e0e2dd1d906f9de	conditional_candidate	47fc51d8b4ad674a009f9c5742c21b1c917e7576d90c01ef9e0e2dd1d906f9de	108	0	0	0.0		no_Pfam_GA_hit_not_evidence_of_novel_fold	all_GA_hits_retained_no_clan_competition_filter
peptide_4b2f98c509cb29c5b53a91dc288beb0f4663e51e40260899718df2cb4b118fbb	conditional_candidate	4b2f98c509cb29c5b53a91dc288beb0f4663e51e40260899718df2cb4b118fbb	89	1	1	0.48314606741573035	PF00227.32:2-44	Pfam_GA_hit	all_GA_hits_retained_no_clan_competition_filter
peptide_4d18fa70af645e46d15fe314ebcce1c4a4d97a8f5efb301e857bc9e15fa34010	conditional_candidate	4d18fa70af645e46d15fe314ebcce1c4a4d97a8f5efb301e857bc9e15fa34010	215	6	5	0.9116279069767442	PF02719.22:15-84;PF08659.17:15-87;PF00106.32:15-88;PF13561.13:22-88;PF04756.20:80-134;PF04756.20:134-210	Pfam_GA_hit	all_GA_hits_retained_no_clan_competition_filter
peptide_4d1e29a48689d0211f48794e07c63a0323e19504cc539691619c0ba0dc364723	conditional_candidate	4d1e29a48689d0211f48794e07c63a0323e19504cc539691619c0ba0dc364723	288	3	3	0.3506944444444444	PF02199.21:23-54;PF05184.21:62-97;PF03489.23:106-138	Pfam_GA_hit	all_GA_hits_retained_no_clan_competition_filter
peptide_4d6b671f67914a092e9a5f3bbea33bd2487c5c33e47d7b3cb6d2e6a0beb9d2f1	conditional_candidate	4d6b671f67914a092e9a5f3bbea33bd2487c5c33e47d7b3cb6d2e6a0beb9d2f1	271	4	4	0.6346863468634686	PF00130.29:71-118;PF00071.29:115-242;PF00025.28:121-200;PF08477.20:125-193	Pfam_GA_hit	all_GA_hits_retained_no_clan_competition_filter
peptide_4dbf9f2439301397cc62c56355584e851ad5440d0237c220366059cbd2a7e107	conditional_candidate	4dbf9f2439301397cc62c56355584e851ad5440d0237c220366059cbd2a7e107	290	1	1	0.6620689655172414	PF08216.18:70-261	Pfam_GA_hit	all_GA_hits_retained_no_clan_competition_filter
peptide_52c3c3a3a74c40b0b52b57efee49c5c169200cc9ffa5a31ec683837dee43ea18	conditional_candidate	52c3c3a3a74c40b0b52b57efee49c5c169200cc9ffa5a31ec683837dee43ea18	295	2	2	0.6576271186440678	PF06762.21:27-111;PF25179.2:187-295	Pfam_GA_hit	all_GA_hits_retained_no_clan_competition_filter
peptide_558c207f42783b30e5190e4016b2b0146626e7f1370c9f13d1fb075b69e22fb0	conditional_candidate	558c207f42783b30e5190e4016b2b0146626e7f1370c9f13d1fb075b69e22fb0	368	1	1	0.15489130434782608	PF00258.31:99-155	Pfam_GA_hit	all_GA_hits_retained_no_clan_competition_filter
peptide_57d0d0dcf6e822977e6241e297a8c01a63b5946f671c050ffb0862f613df07b2	conditional_candidate	57d0d0dcf6e822977e6241e297a8c01a63b5946f671c050ffb0862f613df07b2	44	0	0	0.0		no_Pfam_GA_hit_not_evidence_of_novel_fold	all_GA_hits_retained_no_clan_competition_filter
peptide_597d635312bbaecad92397a89da8161ec9f7e058ec824cd5ea5ad11bacfb78f7	conditional_candidate	597d635312bbaecad92397a89da8161ec9f7e058ec824cd5ea5ad11bacfb78f7	293	1	1	0.18088737201365188	PF07686.24:34-86	Pfam_GA_hit	all_GA_hits_retained_no_clan_competition_filter
peptide_5999eb11d67df7e522c505afd90acafbdfe9801630ef60c14a9f5cd4b009d493	conditional_candidate	5999eb11d67df7e522c505afd90acafbdfe9801630ef60c14a9f5cd4b009d493	1712	7	4	0.7032710280373832	PF00520.38:126-416;PF00520.38:552-787;PF00520.38:913-1190;PF00520.38:1233-1502;PF08016.19:1258-1496;PF16905.11:1512-1565;PF08763.18:1575-1649	Pfam_GA_hit	all_GA_hits_retained_no_clan_competition_filter
peptide_5a234919c79536d3b2fa40752c1be194a577052356662814783fd92907a22081	conditional_candidate	5a234919c79536d3b2fa40752c1be194a577052356662814783fd92907a22081	75	0	0	0.0		no_Pfam_GA_hit_not_evidence_of_novel_fold	all_GA_hits_retained_no_clan_competition_filter
peptide_5ab5e29857f2cd5da92b5e094e07c40bb5bc57e5337cb74ff8eddf36df1360ea	conditional_candidate	5ab5e29857f2cd5da92b5e094e07c40bb5bc57e5337cb74ff8eddf36df1360ea	153	0	0	0.0		no_Pfam_GA_hit_not_evidence_of_novel_fold	all_GA_hits_retained_no_clan_competition_filter
peptide_5b820602d0913021ac12d92f0fc7c2366f7be431a2c151cfe72ac60156f69222	conditional_candidate	5b820602d0913021ac12d92f0fc7c2366f7be431a2c151cfe72ac60156f69222	282	5	5	0.6985815602836879	PF08718.17:18-162;PF12796.14:138-214;PF13606.13:158-184;PF00023.37:158-187;PF13637.13:162-208	Pfam_GA_hit	all_GA_hits_retained_no_clan_competition_filter
peptide_5c21ae184feb65c1e843decba2484c105c32fad251b9076e518b980cedb5e364	conditional_candidate	5c21ae184feb65c1e843decba2484c105c32fad251b9076e518b980cedb5e364	271	5	5	0.8339483394833949	PF02719.22:41-110;PF08659.17:41-113;PF00106.32:41-114;PF13561.13:48-114;PF04756.20:106-266	Pfam_GA_hit	all_GA_hits_retained_no_clan_competition_filter
peptide_5e0a55ceea7aa5596a1130b2f7a693b8a52acf6bf2ac12e69951ade5c9fb2d52	conditional_candidate	5e0a55ceea7aa5596a1130b2f7a693b8a52acf6bf2ac12e69951ade5c9fb2d52	118	1	1	0.3644067796610169	PF00554.28:42-84	Pfam_GA_hit	all_GA_hits_retained_no_clan_competition_filter
peptide_5fd8a3582535ef3ad429d94d60715365c727b6e884f71ce641a7e729a3149cfd	conditional_candidate	5fd8a3582535ef3ad429d94d60715365c727b6e884f71ce641a7e729a3149cfd	253	1	1	0.25296442687747034	PF04427.24:111-174	Pfam_GA_hit	all_GA_hits_retained_no_clan_competition_filter
peptide_61dbcd41ff74ad3f3b63240c13327fee06c0feb5d06fe4cf72c1220d5d18bb06	conditional_candidate	61dbcd41ff74ad3f3b63240c13327fee06c0feb5d06fe4cf72c1220d5d18bb06	167	2	2	0.5568862275449101	PF20825.3:40-132;PF03489.23:81-113	Pfam_GA_hit	all_GA_hits_retained_no_clan_competition_filter
peptide_62ff9581d94f4b438a37a895b57e53a37f32598f2937bee77211e2616ff4c39f	conditional_candidate	62ff9581d94f4b438a37a895b57e53a37f32598f2937bee77211e2616ff4c39f	1362	4	4	0.5124816446402349	PF13872.13:254-559;PF04851.22:293-443;PF13871.13:870-1146;PF25373.2:1184-1298	Pfam_GA_hit	all_GA_hits_retained_no_clan_competition_filter
peptide_64acab400c65167ffaeee966c72b5756d55bfb825d8d85ba309ad0336fc74355	conditional_candidate	64acab400c65167ffaeee966c72b5756d55bfb825d8d85ba309ad0336fc74355	60	0	0	0.0		no_Pfam_GA_hit_not_evidence_of_novel_fold	all_GA_hits_retained_no_clan_competition_filter
peptide_651cce5964555aebb8ec06a12446126fdc22fb3d9d460048b7381c5c5b59284b	conditional_candidate	651cce5964555aebb8ec06a12446126fdc22fb3d9d460048b7381c5c5b59284b	164	1	1	0.4146341463414634	PF00067.28:46-113	Pfam_GA_hit	all_GA_hits_retained_no_clan_competition_filter
peptide_684ae47e8b38547516ae9fae92459e8f41b885d9330c57b50f31ae7e197157bc	conditional_candidate	684ae47e8b38547516ae9fae92459e8f41b885d9330c57b50f31ae7e197157bc	1361	4	4	0.5128581925055107	PF13872.13:253-558;PF04851.22:292-442;PF13871.13:869-1145;PF25373.2:1183-1297	Pfam_GA_hit	all_GA_hits_retained_no_clan_competition_filter
peptide_6ae36d8a89ac3ac04b43b02983f3cb8994037ee6cadc0be1d50523eaca3430e4	conditional_candidate	6ae36d8a89ac3ac04b43b02983f3cb8994037ee6cadc0be1d50523eaca3430e4	212	1	1	0.5235849056603774	PF00227.32:34-144	Pfam_GA_hit	all_GA_hits_retained_no_clan_competition_filter
peptide_6d671b114e1c0ccf69cdb1c4eefa26c0c6df2e22ce8b0983ef4805183aac5496	conditional_candidate	6d671b114e1c0ccf69cdb1c4eefa26c0c6df2e22ce8b0983ef4805183aac5496	149	2	2	1.0	PF05008.22:1-88;PF30864.1:76-149	Pfam_GA_hit	all_GA_hits_retained_no_clan_competition_filter
peptide_6de3b695e6fb7625fb0b645afd1d9dbcedf1ea280f2faf93d7ebafbd589a09ef	conditional_candidate	6de3b695e6fb7625fb0b645afd1d9dbcedf1ea280f2faf93d7ebafbd589a09ef	298	2	2	0.62751677852349	PF02225.28:72-149;PF00227.32:152-260	Pfam_GA_hit	all_GA_hits_retained_no_clan_competition_filter
peptide_6dfa9c12b06b15953a4aa17cdbb7f8f8e591a481218f1747a1efd01ed1dd0797	conditional_candidate	6dfa9c12b06b15953a4aa17cdbb7f8f8e591a481218f1747a1efd01ed1dd0797	220	1	1	0.2863636363636364	PF00168.37:46-108	Pfam_GA_hit	all_GA_hits_retained_no_clan_competition_filter
peptide_6f9c6c95e73d37c0af4cb615693fd91bd7be5767a64ec7f7327d3527f4ed7dac	conditional_candidate	6f9c6c95e73d37c0af4cb615693fd91bd7be5767a64ec7f7327d3527f4ed7dac	263	3	3	0.7566539923954373	PF08659.17:25-161;PF00106.32:25-190;PF13561.13:25-223	Pfam_GA_hit	all_GA_hits_retained_no_clan_competition_filter
peptide_6fb675ee937bd6012483d68e055c6066fe96784a8fb6fbac7c2a40238065d2e1	conditional_candidate	6fb675ee937bd6012483d68e055c6066fe96784a8fb6fbac7c2a40238065d2e1	236	1	1	0.4703389830508475	PF00227.32:34-144	Pfam_GA_hit	all_GA_hits_retained_no_clan_competition_filter
peptide_70b1ed4ba81a68375cfb42e68d1af3b9cf1105b34faaa49a883b93a8bfa81b6c	conditional_candidate	70b1ed4ba81a68375cfb42e68d1af3b9cf1105b34faaa49a883b93a8bfa81b6c	154	2	2	0.6818181818181818	PF00071.29:5-37;PF03134.25:37-109	Pfam_GA_hit	all_GA_hits_retained_no_clan_competition_filter
peptide_7153a9988f10e3f16ef9401be9c3ebf0e792e0075a0738bde80362e44019b419	conditional_candidate	7153a9988f10e3f16ef9401be9c3ebf0e792e0075a0738bde80362e44019b419	304	3	3	0.868421052631579	PF13520.13:39-170;PF00324.28:47-145;PF01227.28:172-303	Pfam_GA_hit	all_GA_hits_retained_no_clan_competition_filter
peptide_7196f2379ef2afc723703c0e03e303f38d67b600b730adca2d6532708a2d7bf4	conditional_candidate	7196f2379ef2afc723703c0e03e303f38d67b600b730adca2d6532708a2d7bf4	177	1	1	0.5480225988700564	PF00258.31:8-104	Pfam_GA_hit	all_GA_hits_retained_no_clan_competition_filter
peptide_7428656ab9a4b6ef9d586205d7c1cbe8f13a8506c7ed86d4096b333215f00b20	conditional_candidate	7428656ab9a4b6ef9d586205d7c1cbe8f13a8506c7ed86d4096b333215f00b20	228	1	1	0.25	PF00258.31:99-155	Pfam_GA_hit	all_GA_hits_retained_no_clan_competition_filter
peptide_74500f70e6a9f3f7e33db93e70c8610c8c7af7704f8522687bc26abc4cd3eb18	conditional_candidate	74500f70e6a9f3f7e33db93e70c8610c8c7af7704f8522687bc26abc4cd3eb18	234	1	1	0.7649572649572649	PF00129.24:22-200	Pfam_GA_hit	all_GA_hits_retained_no_clan_competition_filter
peptide_74f81c5b0dd4882852f7a96e994592fa15f7d1de20b877dd0717982b2ec560c7	conditional_candidate	74f81c5b0dd4882852f7a96e994592fa15f7d1de20b877dd0717982b2ec560c7	133	0	0	0.0		no_Pfam_GA_hit_not_evidence_of_novel_fold	all_GA_hits_retained_no_clan_competition_filter
peptide_75322bcdd1040b2b5cb41f68f709aa3dca2758091ab5789d18444f16472b238a	conditional_candidate	75322bcdd1040b2b5cb41f68f709aa3dca2758091ab5789d18444f16472b238a	206	0	0	0.0		no_Pfam_GA_hit_not_evidence_of_novel_fold	all_GA_hits_retained_no_clan_competition_filter
peptide_793796e4e1c34f48ece748d9bbdd33f9d79b459a7bcd1d2d5639d6ca7121a914	conditional_candidate	793796e4e1c34f48ece748d9bbdd33f9d79b459a7bcd1d2d5639d6ca7121a914	675	7	6	0.7111111111111111	PF08718.17:18-75;PF08718.17:74-132;PF12796.14:108-184;PF13606.13:128-154;PF00023.37:128-157;PF13637.13:132-178;PF11904.14:243-555	Pfam_GA_hit	all_GA_hits_retained_no_clan_competition_filter
peptide_7a9f6f4887bd814b003cf10313fd2533c1efedd27d7e63a1d4f1508167c28ace	conditional_candidate	7a9f6f4887bd814b003cf10313fd2533c1efedd27d7e63a1d4f1508167c28ace	39	0	0	0.0		no_Pfam_GA_hit_not_evidence_of_novel_fold	all_GA_hits_retained_no_clan_competition_filter
peptide_7b0d5d3c3a31c1168531049ad5eb4bf68c7070067b6a2cd48ed4f7d87f40e85a	conditional_candidate	7b0d5d3c3a31c1168531049ad5eb4bf68c7070067b6a2cd48ed4f7d87f40e85a	1669	7	4	0.7124026363091671	PF00520.38:126-416;PF00520.38:524-759;PF00520.38:885-1162;PF00520.38:1205-1459;PF08016.19:1293-1453;PF16905.11:1469-1522;PF08763.18:1532-1606	Pfam_GA_hit	all_GA_hits_retained_no_clan_competition_filter
peptide_7bcda12bdf29e3d6d0ef460640d8a4e51aff91f6bdd3153d1c314603883f3620	conditional_candidate	7bcda12bdf29e3d6d0ef460640d8a4e51aff91f6bdd3153d1c314603883f3620	303	2	1	0.47194719471947194	PF02825.27:20-97;PF02825.27:110-174	Pfam_GA_hit	all_GA_hits_retained_no_clan_competition_filter
peptide_7c620433a33c479bd09812150c15d2e0accd796c3cd40b057543080302fe009b	conditional_candidate	7c620433a33c479bd09812150c15d2e0accd796c3cd40b057543080302fe009b	46	0	0	0.0		no_Pfam_GA_hit_not_evidence_of_novel_fold	all_GA_hits_retained_no_clan_competition_filter
peptide_7df335ea49a94c8f5c9e1f78714ff1b12179161c2dcda1c47dc2059434ec5453	conditional_candidate	7df335ea49a94c8f5c9e1f78714ff1b12179161c2dcda1c47dc2059434ec5453	408	3	3	0.8676470588235294	PF00735.25:47-172;PF01926.30:53-121;PF07851.19:167-400	Pfam_GA_hit	all_GA_hits_retained_no_clan_competition_filter
peptide_83e70cbd623cb2f7b5d79b5782f40681b07246f0010b053184a440fd9cafd420	conditional_candidate	83e70cbd623cb2f7b5d79b5782f40681b07246f0010b053184a440fd9cafd420	186	1	1	0.2849462365591398	PF07686.24:34-86	Pfam_GA_hit	all_GA_hits_retained_no_clan_competition_filter
peptide_899325e73395c7c25bfb100e110524886b8177bae90a0ab97604b66f4b77da1e	conditional_candidate	899325e73395c7c25bfb100e110524886b8177bae90a0ab97604b66f4b77da1e	95	0	0	0.0		no_Pfam_GA_hit_not_evidence_of_novel_fold	all_GA_hits_retained_no_clan_competition_filter
peptide_8ed300036e2828567d72b2c567b47b1fa8d40ab9f289820204bdeaf3a18588ec	conditional_candidate	8ed300036e2828567d72b2c567b47b1fa8d40ab9f289820204bdeaf3a18588ec	576	3	2	0.3802083333333333	PF00153.33:330-423;PF00153.33:427-514;PF05160.19:532-568	Pfam_GA_hit	all_GA_hits_retained_no_clan_competition_filter
peptide_8f6c0816b17ee55076c61cdf4c826cc1643979392efca5fb4467a8a9f9ace991	conditional_candidate	8f6c0816b17ee55076c61cdf4c826cc1643979392efca5fb4467a8a9f9ace991	1684	7	4	0.7149643705463183	PF00520.38:126-416;PF00520.38:524-759;PF00520.38:885-1162;PF00520.38:1205-1474;PF08016.19:1230-1468;PF16905.11:1484-1537;PF08763.18:1547-1621	Pfam_GA_hit	all_GA_hits_retained_no_clan_competition_filter
peptide_91b6c2354036f74992cb5f2520a3614bb2b0ecc3feab662dbb7e791accc4b3b7	conditional_candidate	91b6c2354036f74992cb5f2520a3614bb2b0ecc3feab662dbb7e791accc4b3b7	213	2	2	0.5305164319248826	PF00777.24:101-170;PF06679.18:166-213	Pfam_GA_hit	all_GA_hits_retained_no_clan_competition_filter
peptide_93da00c13b107cc869cc2d289cf4367dc03321113f2a152598e850d7d560bc26	conditional_candidate	93da00c13b107cc869cc2d289cf4367dc03321113f2a152598e850d7d560bc26	166	1	1	0.463855421686747	PF13911.13:58-134	Pfam_GA_hit	all_GA_hits_retained_no_clan_competition_filter
peptide_941a6aaa0baa0c154a997e323bb1854d5a7c68dff56aa42048153300cd054f46	conditional_candidate	941a6aaa0baa0c154a997e323bb1854d5a7c68dff56aa42048153300cd054f46	619	3	3	0.7221324717285945	PF00227.32:34-144;PF01233.26:264-417;PF02799.22:431-612	Pfam_GA_hit	all_GA_hits_retained_no_clan_competition_filter
peptide_943a44d804f94e54bf2d98cb10a55b9c7b86d0d2e468bb94b83b42c794cd9ccf	conditional_candidate	943a44d804f94e54bf2d98cb10a55b9c7b86d0d2e468bb94b83b42c794cd9ccf	846	2	2	0.17966903073286053	PF16660.11:151-246;PF20826.3:506-561	Pfam_GA_hit	all_GA_hits_retained_no_clan_competition_filter
peptide_94aa7d8429095a2d18c299c1632f8bb7095fbd800ffddb34c2611bcfc8fdeac7	conditional_candidate	94aa7d8429095a2d18c299c1632f8bb7095fbd800ffddb34c2611bcfc8fdeac7	168	2	2	0.8869047619047619	PF10036.15:2-63;PF00227.32:62-150	Pfam_GA_hit	all_GA_hits_retained_no_clan_competition_filter
peptide_953ba92bc1f4c477e39df8169492d7ef48e7bbc46569bb4073b795e64edbb4ee	conditional_candidate	953ba92bc1f4c477e39df8169492d7ef48e7bbc46569bb4073b795e64edbb4ee	403	1	1	0.36724565756823824	PF15250.12:1-148	Pfam_GA_hit	all_GA_hits_retained_no_clan_competition_filter
peptide_97d9bcc0b34c7caa43656e7e2bf23f1b94c25ff9edfee400a71f5b9bed81655c	conditional_candidate	97d9bcc0b34c7caa43656e7e2bf23f1b94c25ff9edfee400a71f5b9bed81655c	373	2	2	0.707774798927614	PF08773.17:16-52;PF00112.30:141-367	Pfam_GA_hit	all_GA_hits_retained_no_clan_competition_filter
peptide_995610c8b20c13f099e69762a68583e23fac1924d42e96a1468586f9b62a1509	conditional_candidate	995610c8b20c13f099e69762a68583e23fac1924d42e96a1468586f9b62a1509	223	1	1	0.34080717488789236	PF00106.32:75-150	Pfam_GA_hit	all_GA_hits_retained_no_clan_competition_filter
peptide_998ad695623bf53e5df81e435ea3b908f303040afcdd165c52d53905a3ae1120	conditional_candidate	998ad695623bf53e5df81e435ea3b908f303040afcdd165c52d53905a3ae1120	745	1	1	0.174496644295302	PF10421.15:597-726	Pfam_GA_hit	all_GA_hits_retained_no_clan_competition_filter
peptide_9a99577ea77e93a51bb896132001fac6caa242ee517a62995ddef9d39a72f54a	conditional_candidate	9a99577ea77e93a51bb896132001fac6caa242ee517a62995ddef9d39a72f54a	711	9	9	0.630098452883263	PF26141.1:52-233;PF00801.27:275-318;PF18911.7:277-317;PF20433.4:419-469;PF00025.28:536-706;PF09439.17:546-673;PF08477.20:549-659;PF04670.19:549-670;PF00071.29:549-693	Pfam_GA_hit	all_GA_hits_retained_no_clan_competition_filter
peptide_9cdb44bee5cfb950ceb681f58e9b980aa86b1a24eba968a18e738743ad144b62	conditional_candidate	9cdb44bee5cfb950ceb681f58e9b980aa86b1a24eba968a18e738743ad144b62	74	0	0	0.0		no_Pfam_GA_hit_not_evidence_of_novel_fold	all_GA_hits_retained_no_clan_competition_filter
peptide_9f2fe14fa088a9dd84d07165dad30bd8c00b45f2a19df50ed275a955ec4f7d82	conditional_candidate	9f2fe14fa088a9dd84d07165dad30bd8c00b45f2a19df50ed275a955ec4f7d82	31	0	0	0.0		no_Pfam_GA_hit_not_evidence_of_novel_fold	all_GA_hits_retained_no_clan_competition_filter
peptide_a2af17ae967680398fa5c75808451b0172e3946c43756c9174369641d75165ca	conditional_candidate	a2af17ae967680398fa5c75808451b0172e3946c43756c9174369641d75165ca	752	1	1	0.2898936170212766	PF01433.27:436-653	Pfam_GA_hit	all_GA_hits_retained_no_clan_competition_filter
peptide_a59d7915e3ec361c0f32f4047df2746ab1fe653e0c6afa2cce32d8136e25201b	conditional_candidate	a59d7915e3ec361c0f32f4047df2746ab1fe653e0c6afa2cce32d8136e25201b	393	0	0	0.0		no_Pfam_GA_hit_not_evidence_of_novel_fold	all_GA_hits_retained_no_clan_competition_filter
peptide_a70d2373112bb0cf390a66c6914c839458bd0e2056b6d6e8cf928657ca6fe52a	conditional_candidate	a70d2373112bb0cf390a66c6914c839458bd0e2056b6d6e8cf928657ca6fe52a	313	1	1	0.4185303514376997	PF04201.21:136-266	Pfam_GA_hit	all_GA_hits_retained_no_clan_competition_filter
peptide_a770a3d08a3c20be0ee4337c7f52e7cc1544867922827d0624e6380bf3fea14c	conditional_candidate	a770a3d08a3c20be0ee4337c7f52e7cc1544867922827d0624e6380bf3fea14c	189	1	1	0.5873015873015873	PF00227.32:34-144	Pfam_GA_hit	all_GA_hits_retained_no_clan_competition_filter
peptide_a7c61936d86fa6f47cd92c1dd11e03d5a0ccb281c6f51a33ccc8ce02bbcec48a	conditional_candidate	a7c61936d86fa6f47cd92c1dd11e03d5a0ccb281c6f51a33ccc8ce02bbcec48a	112	0	0	0.0		no_Pfam_GA_hit_not_evidence_of_novel_fold	all_GA_hits_retained_no_clan_competition_filter
peptide_a95d8cbc1b3c1c36209d70ae0aa0ceccfc7c47c9f4f3aa6cfe4290b5d6b39426	conditional_candidate	a95d8cbc1b3c1c36209d70ae0aa0ceccfc7c47c9f4f3aa6cfe4290b5d6b39426	940	2	2	0.4553191489361702	PF01433.27:435-652;PF00248.28:707-916	Pfam_GA_hit	all_GA_hits_retained_no_clan_competition_filter
peptide_ac4b4182244b5a4567212afe1127bbb1070da7a018d7dc75c9a8043fc6d88c8a	conditional_candidate	ac4b4182244b5a4567212afe1127bbb1070da7a018d7dc75c9a8043fc6d88c8a	275	4	4	0.7927272727272727	PF05279.17:14-79;PF08477.20:79-185;PF00071.29:79-231;PF00025.28:80-224	Pfam_GA_hit	all_GA_hits_retained_no_clan_competition_filter
peptide_ad78f740e929300252b49c120f9ddbbb1f8e475cc6f925f94b1664050843b25b	conditional_candidate	ad78f740e929300252b49c120f9ddbbb1f8e475cc6f925f94b1664050843b25b	322	0	0	0.0		no_Pfam_GA_hit_not_evidence_of_novel_fold	all_GA_hits_retained_no_clan_competition_filter
peptide_b0d22e27937167cce8168e89f2f47683b4ada96ad48b9ebb22e347b9e99abcb8	conditional_candidate	b0d22e27937167cce8168e89f2f47683b4ada96ad48b9ebb22e347b9e99abcb8	141	2	2	0.6879432624113475	PF20825.3:40-136;PF03489.23:81-113	Pfam_GA_hit	all_GA_hits_retained_no_clan_competition_filter
peptide_b0f7012915787af8c78d24c3b962bedf5ff153a837d9fe4c4783341713813c3b	conditional_candidate	b0f7012915787af8c78d24c3b962bedf5ff153a837d9fe4c4783341713813c3b	235	4	4	0.7319148936170212	PF00130.29:35-82;PF00071.29:79-206;PF00025.28:85-164;PF08477.20:89-157	Pfam_GA_hit	all_GA_hits_retained_no_clan_competition_filter
peptide_b38a46e68fa112ecb3d07b06ff9f3c00cfbcb19b8f9098cd396c99a0030c80ca	conditional_candidate	b38a46e68fa112ecb3d07b06ff9f3c00cfbcb19b8f9098cd396c99a0030c80ca	75	0	0	0.0		no_Pfam_GA_hit_not_evidence_of_novel_fold	all_GA_hits_retained_no_clan_competition_filter
peptide_b47acaaa34041c15379dbe15991643dd9960fe076300fb7a0b59cf4254e923c5	conditional_candidate	b47acaaa34041c15379dbe15991643dd9960fe076300fb7a0b59cf4254e923c5	941	2	2	0.45483528161530284	PF01433.27:436-653;PF00248.28:708-917	Pfam_GA_hit	all_GA_hits_retained_no_clan_competition_filter
peptide_b537f99b45ff96dfbe025055a4ef53a4d336495d89f7355a3e01399abae3638e	conditional_candidate	b537f99b45ff96dfbe025055a4ef53a4d336495d89f7355a3e01399abae3638e	568	1	1	0.1795774647887324	PF03126.24:363-464	Pfam_GA_hit	all_GA_hits_retained_no_clan_competition_filter
peptide_bb6a0efabb44c22429af8b146d72d3eae65afa0851fc1b4f46e83997a65ef711	conditional_candidate	bb6a0efabb44c22429af8b146d72d3eae65afa0851fc1b4f46e83997a65ef711	578	5	5	0.5640138408304498	PF05915.18:57-127;PF26141.1:127-285;PF00801.27:325-370;PF18911.7:329-369;PF20433.4:471-521	Pfam_GA_hit	all_GA_hits_retained_no_clan_competition_filter
peptide_bb6d915a079cd22e4c6146fd7fd974ece5af6779270aa276b58776d32193b5a9	conditional_candidate	bb6d915a079cd22e4c6146fd7fd974ece5af6779270aa276b58776d32193b5a9	272	5	5	0.8308823529411765	PF02719.22:41-110;PF08659.17:41-113;PF00106.32:41-114;PF13561.13:48-114;PF04756.20:106-266	Pfam_GA_hit	all_GA_hits_retained_no_clan_competition_filter
peptide_bbc2f45c39296a9aaa3ba800100e72663162ae08390a550a054bad367a2fc139	conditional_candidate	bbc2f45c39296a9aaa3ba800100e72663162ae08390a550a054bad367a2fc139	235	1	1	0.574468085106383	PF28124.1:100-234	Pfam_GA_hit	all_GA_hits_retained_no_clan_competition_filter
peptide_bcd139b19630cb31f3a89703fedd00936138336ed28e45f87045ef3f8222c90c	conditional_candidate	bcd139b19630cb31f3a89703fedd00936138336ed28e45f87045ef3f8222c90c	328	4	4	0.7103658536585366	PF05279.17:52-132;PF08477.20:132-238;PF00071.29:132-284;PF00025.28:133-277	Pfam_GA_hit	all_GA_hits_retained_no_clan_competition_filter
peptide_c1948a8a77f5ea08c4d36a01e0245baa0c8132908e8bbe8e9ad8f218c1c8b54f	conditional_candidate	c1948a8a77f5ea08c4d36a01e0245baa0c8132908e8bbe8e9ad8f218c1c8b54f	408	3	3	0.8676470588235294	PF00735.25:47-172;PF01926.30:53-121;PF07851.19:167-400	Pfam_GA_hit	all_GA_hits_retained_no_clan_competition_filter
peptide_c5aa1181f378e8535d24133e7306de2fee0a8ffef0f3b5dd13badc5dd4a2c962	conditional_candidate	c5aa1181f378e8535d24133e7306de2fee0a8ffef0f3b5dd13badc5dd4a2c962	635	5	5	0.5244094488188976	PF05915.18:57-136;PF26141.1:136-294;PF00801.27:336-379;PF18911.7:338-378;PF20433.4:480-530	Pfam_GA_hit	all_GA_hits_retained_no_clan_competition_filter
peptide_c616ef8758452c5c28c9c0ea6d2c5c5a1ea47daff6a1c63c1664c595ab5fdc6f	conditional_candidate	c616ef8758452c5c28c9c0ea6d2c5c5a1ea47daff6a1c63c1664c595ab5fdc6f	175	1	1	0.44	PF05934.16:8-84	Pfam_GA_hit	all_GA_hits_retained_no_clan_competition_filter
peptide_c7cbaf05452f930ea271c4310d7d53eb7a94d31003d4692c42f7a9310278a184	conditional_candidate	c7cbaf05452f930ea271c4310d7d53eb7a94d31003d4692c42f7a9310278a184	246	4	4	0.8211382113821138	PF05279.17:1-50;PF08477.20:50-156;PF00071.29:50-202;PF00025.28:51-195	Pfam_GA_hit	all_GA_hits_retained_no_clan_competition_filter
peptide_c9bd32c51697562e4682682f7973836127065d644b434e46336cf1b16be4ca7f	conditional_candidate	c9bd32c51697562e4682682f7973836127065d644b434e46336cf1b16be4ca7f	275	1	1	0.56	PF00566.26:48-201	Pfam_GA_hit	all_GA_hits_retained_no_clan_competition_filter
peptide_c9c43436c7d475fe18a20917c549cfe6185e1ef612cbff65fd8e6e8905429253	conditional_candidate	c9c43436c7d475fe18a20917c549cfe6185e1ef612cbff65fd8e6e8905429253	565	1	1	0.23008849557522124	PF10421.15:417-546	Pfam_GA_hit	all_GA_hits_retained_no_clan_competition_filter
peptide_c9e5f8be670a1ae1d2a4735a6dbd307a6c40ff922d2621fd7bcb98a4150c9da3	conditional_candidate	c9e5f8be670a1ae1d2a4735a6dbd307a6c40ff922d2621fd7bcb98a4150c9da3	699	1	1	0.1859799713876967	PF10421.15:551-680	Pfam_GA_hit	all_GA_hits_retained_no_clan_competition_filter
peptide_ca2772f82b0e861861636ddd31697e08475ddd2b2f93467e300b85d3aa0b3c75	conditional_candidate	ca2772f82b0e861861636ddd31697e08475ddd2b2f93467e300b85d3aa0b3c75	2498	8	2	0.3266613290632506	PF00307.37:32-134;PF00307.37:152-254;PF00435.28:311-417;PF00435.28:421-526;PF00435.28:1128-1230;PF00435.28:1653-1746;PF00435.28:1977-2076;PF00435.28:2232-2331	Pfam_GA_hit	all_GA_hits_retained_no_clan_competition_filter
peptide_cb3b877487db63c75d8a61ca9a8bf692284b3476f9b1f6a3c9c6e16a8da2fdb7	conditional_candidate	cb3b877487db63c75d8a61ca9a8bf692284b3476f9b1f6a3c9c6e16a8da2fdb7	1691	7	4	0.7031342400946186	PF00520.38:148-438;PF00520.38:546-781;PF00520.38:907-1184;PF00520.38:1227-1481;PF08016.19:1315-1475;PF16905.11:1491-1544;PF08763.18:1554-1628	Pfam_GA_hit	all_GA_hits_retained_no_clan_competition_filter
peptide_cb4825c6749f1e85ecc74a20cb49cd884674a3946d0d5d2f68a309487244bb5b	conditional_candidate	cb4825c6749f1e85ecc74a20cb49cd884674a3946d0d5d2f68a309487244bb5b	313	0	0	0.0		no_Pfam_GA_hit_not_evidence_of_novel_fold	all_GA_hits_retained_no_clan_competition_filter
peptide_cb97015f50ef275c05983c5ed87741c420183c811a8e822dafb8f5a9508f892b	conditional_candidate	cb97015f50ef275c05983c5ed87741c420183c811a8e822dafb8f5a9508f892b	587	5	5	0.5706984667802385	PF05915.18:57-136;PF26141.1:136-294;PF00801.27:334-379;PF18911.7:338-378;PF20433.4:480-530	Pfam_GA_hit	all_GA_hits_retained_no_clan_competition_filter
peptide_cf88e914fde7e920bc60427bb16d0451af6b04a869160e47318de2cd0c881f04	conditional_candidate	cf88e914fde7e920bc60427bb16d0451af6b04a869160e47318de2cd0c881f04	474	1	1	0.35654008438818563	PF02760.22:247-415	Pfam_GA_hit	all_GA_hits_retained_no_clan_competition_filter
peptide_d09ba36d63b4b05b94c1787f8ea186e5b841f5920b3ffb5356533bd95afd68da	conditional_candidate	d09ba36d63b4b05b94c1787f8ea186e5b841f5920b3ffb5356533bd95afd68da	259	2	2	0.8532818532818532	PF07686.24:29-122;PF02578.22:131-257	Pfam_GA_hit	all_GA_hits_retained_no_clan_competition_filter
peptide_d12ded276778cca561f61708455f059a1bccb3f6e5b75d6ea02f274ab7b9a20d	conditional_candidate	d12ded276778cca561f61708455f059a1bccb3f6e5b75d6ea02f274ab7b9a20d	290	1	1	0.3724137931034483	PF04201.21:136-243	Pfam_GA_hit	all_GA_hits_retained_no_clan_competition_filter
peptide_d155235fc72b0662d3c8bbf119a4f520de177b182c86e1bedc3fb455dd412ca3	conditional_candidate	d155235fc72b0662d3c8bbf119a4f520de177b182c86e1bedc3fb455dd412ca3	686	6	6	0.7157434402332361	PF08718.17:18-143;PF12796.14:119-195;PF13606.13:139-165;PF00023.37:139-168;PF13637.13:143-189;PF11904.14:254-566	Pfam_GA_hit	all_GA_hits_retained_no_clan_competition_filter
peptide_d349aa7322fee3b86b789ab684cd76079672d6b4c4cededfb18f9176d162adcc	conditional_candidate	d349aa7322fee3b86b789ab684cd76079672d6b4c4cededfb18f9176d162adcc	705	6	6	0.723404255319149	PF08718.17:18-162;PF12796.14:138-214;PF13606.13:158-184;PF00023.37:158-187;PF13637.13:162-208;PF11904.14:273-585	Pfam_GA_hit	all_GA_hits_retained_no_clan_competition_filter
peptide_d7cfe4bcbfc06555a21a4e31ff58a6da16586e2dc7c03042c57eaf3dbcea97a8	conditional_candidate	d7cfe4bcbfc06555a21a4e31ff58a6da16586e2dc7c03042c57eaf3dbcea97a8	455	2	2	0.6659340659340659	PF00328.28:33-155;PF07221.18:233-412	Pfam_GA_hit	all_GA_hits_retained_no_clan_competition_filter
peptide_d856b7bb2fc8dfa370b5ecd0078cd483e64a89cde2fe7a9e77010c39f9e1f75b	conditional_candidate	d856b7bb2fc8dfa370b5ecd0078cd483e64a89cde2fe7a9e77010c39f9e1f75b	212	1	1	0.7264150943396226	PF00566.26:48-201	Pfam_GA_hit	all_GA_hits_retained_no_clan_competition_filter
peptide_d863b4181c9445613da3877663fc081e228ed82f65667b4d3ed864a4251e3f95	conditional_candidate	d863b4181c9445613da3877663fc081e228ed82f65667b4d3ed864a4251e3f95	241	6	5	0.8132780082987552	PF02719.22:41-110;PF08659.17:41-113;PF00106.32:41-114;PF13561.13:48-114;PF04756.20:106-160;PF04756.20:160-236	Pfam_GA_hit	all_GA_hits_retained_no_clan_competition_filter
peptide_d8d5b0b8301c06d3b9cde19098580d9cdc661be23dd4a22cd9bae2c753192db2	conditional_candidate	d8d5b0b8301c06d3b9cde19098580d9cdc661be23dd4a22cd9bae2c753192db2	74	0	0	0.0		no_Pfam_GA_hit_not_evidence_of_novel_fold	all_GA_hits_retained_no_clan_competition_filter
peptide_d9dadae508e1aba65519f0bec221151e33dd065734ac6bd7d657c57034b61154	conditional_candidate	d9dadae508e1aba65519f0bec221151e33dd065734ac6bd7d657c57034b61154	86	1	1	0.6511627906976745	PF06762.21:27-82	Pfam_GA_hit	all_GA_hits_retained_no_clan_competition_filter
peptide_db377c7d3a9026616bfee0cff0333714ba0a86b262b36d79a3f15fae46241c91	conditional_candidate	db377c7d3a9026616bfee0cff0333714ba0a86b262b36d79a3f15fae46241c91	317	1	1	0.305993690851735	PF00258.31:8-104	Pfam_GA_hit	all_GA_hits_retained_no_clan_competition_filter
peptide_dba94fe4564b656dcb4c88ed9c0af05dfe78a7d6ea0ef18b1c71b29fe58fa0d9	conditional_candidate	dba94fe4564b656dcb4c88ed9c0af05dfe78a7d6ea0ef18b1c71b29fe58fa0d9	95	2	2	0.5157894736842106	PF01370.28:30-78;PF01073.26:31-61	Pfam_GA_hit	all_GA_hits_retained_no_clan_competition_filter
peptide_dbe63ac2fd19bcb0471334efc8f3f26068724f8a1fa27b6ec33cea8d1276d6e7	conditional_candidate	dbe63ac2fd19bcb0471334efc8f3f26068724f8a1fa27b6ec33cea8d1276d6e7	114	0	0	0.0		no_Pfam_GA_hit_not_evidence_of_novel_fold	all_GA_hits_retained_no_clan_competition_filter
peptide_dcf65a11538f918eae65b31adc4bb6b591a7c882dd13c3d3721b01693cb43f84	conditional_candidate	dcf65a11538f918eae65b31adc4bb6b591a7c882dd13c3d3721b01693cb43f84	53	0	0	0.0		no_Pfam_GA_hit_not_evidence_of_novel_fold	all_GA_hits_retained_no_clan_competition_filter
peptide_dd05b2de8b0dff54a99f32fb5534a21ea7b2859c77f90ebe3af16b628329d84d	conditional_candidate	dd05b2de8b0dff54a99f32fb5534a21ea7b2859c77f90ebe3af16b628329d84d	246	5	5	0.9186991869918699	PF02719.22:15-84;PF08659.17:15-87;PF00106.32:15-88;PF13561.13:22-88;PF04756.20:80-240	Pfam_GA_hit	all_GA_hits_retained_no_clan_competition_filter
peptide_dd7c67c48b8513a5d2fb9cdfa8fc9e1c4bdc2c4184b06ef715954b7c4d66e566	conditional_candidate	dd7c67c48b8513a5d2fb9cdfa8fc9e1c4bdc2c4184b06ef715954b7c4d66e566	468	1	1	0.20512820512820512	PF16660.11:220-315	Pfam_GA_hit	all_GA_hits_retained_no_clan_competition_filter
peptide_ddd4cd153f6619b54c5711ed15b99bcbda63e0216ad10154b681f2ff63d4678c	conditional_candidate	ddd4cd153f6619b54c5711ed15b99bcbda63e0216ad10154b681f2ff63d4678c	260	2	2	0.6615384615384615	PF10300.16:18-189;PF10345.16:26-147	Pfam_GA_hit	all_GA_hits_retained_no_clan_competition_filter
peptide_df2c551958df67bbccad0f87c785fb069df18fc67668af2ff95835daf8fcca3f	conditional_candidate	df2c551958df67bbccad0f87c785fb069df18fc67668af2ff95835daf8fcca3f	328	1	1	0.8292682926829268	PF00248.28:33-304	Pfam_GA_hit	all_GA_hits_retained_no_clan_competition_filter
peptide_df44b28c7c8070fa139d1324a6441969ed0e1e1c84e0b535e304ae32a32b021d	conditional_candidate	df44b28c7c8070fa139d1324a6441969ed0e1e1c84e0b535e304ae32a32b021d	148	2	2	0.918918918918919	PF10036.15:2-63;PF00227.32:62-137	Pfam_GA_hit	all_GA_hits_retained_no_clan_competition_filter
peptide_dfa0f70392894092a6ebb5547ba8aec5110bf75282b42da97ad017230e00c4e6	conditional_candidate	dfa0f70392894092a6ebb5547ba8aec5110bf75282b42da97ad017230e00c4e6	374	1	1	0.32887700534759357	PF07686.24:45-167	Pfam_GA_hit	all_GA_hits_retained_no_clan_competition_filter
peptide_dfb8a2ccde79614b69b3425f8cd6ffcf0f2bddaf437ae76facc8bb7ebdfacb2e	conditional_candidate	dfb8a2ccde79614b69b3425f8cd6ffcf0f2bddaf437ae76facc8bb7ebdfacb2e	193	1	1	0.7409326424870466	PF03972.20:8-150	Pfam_GA_hit	all_GA_hits_retained_no_clan_competition_filter
peptide_e0d3fd43f9f22d7297190f8f414371f7c190ecfc647bf5c34c551d12c1c4357c	conditional_candidate	e0d3fd43f9f22d7297190f8f414371f7c190ecfc647bf5c34c551d12c1c4357c	267	1	1	0.4606741573033708	PF07686.24:45-167	Pfam_GA_hit	all_GA_hits_retained_no_clan_competition_filter
peptide_e2e945499d969d3f3f5c7f6e58c493d60821e9a3917cc4a3b4c9157cc333163e	conditional_candidate	e2e945499d969d3f3f5c7f6e58c493d60821e9a3917cc4a3b4c9157cc333163e	213	3	2	0.8826291079812206	PF00261.26:2-83;PF16526.11:14-73;PF00261.26:66-189	Pfam_GA_hit	all_GA_hits_retained_no_clan_competition_filter
peptide_e3551690a6b76267d8c2b08ac175a3a20ff96f0247e854ef37f71567b7497c7a	conditional_candidate	e3551690a6b76267d8c2b08ac175a3a20ff96f0247e854ef37f71567b7497c7a	304	1	1	0.40131578947368424	PF04201.21:136-257	Pfam_GA_hit	all_GA_hits_retained_no_clan_competition_filter
peptide_e48f3c517ce97280418f285dcc2fded5b7e117f6b8dabd50384472b8eb355ff2	conditional_candidate	e48f3c517ce97280418f285dcc2fded5b7e117f6b8dabd50384472b8eb355ff2	84	1	1	0.6190476190476191	PF08659.17:25-76	Pfam_GA_hit	all_GA_hits_retained_no_clan_competition_filter
peptide_e4d7de5a0a608c817a0fe1dfffd651af36fe378e122c1b14712e4c434175579d	conditional_candidate	e4d7de5a0a608c817a0fe1dfffd651af36fe378e122c1b14712e4c434175579d	176	4	4	0.6875	PF00179.32:10-83;PF07653.24:124-170;PF00018.35:130-167;PF14604.13:130-170	Pfam_GA_hit	all_GA_hits_retained_no_clan_competition_filter
peptide_e5af13d33e889258c3c023a666c476f620d82348973f983e518b9779866522d1	conditional_candidate	e5af13d33e889258c3c023a666c476f620d82348973f983e518b9779866522d1	175	1	1	0.4057142857142857	PF03821.23:103-173	Pfam_GA_hit	all_GA_hits_retained_no_clan_competition_filter
peptide_e6bde9e98c0c71a406cda37d339a2829de1ba0ba203b851d67e4082deda858a7	conditional_candidate	e6bde9e98c0c71a406cda37d339a2829de1ba0ba203b851d67e4082deda858a7	383	3	3	0.6710182767624021	PF22999.3:110-232;PF23009.2:241-325;PF13639.13:331-379	Pfam_GA_hit	all_GA_hits_retained_no_clan_competition_filter
peptide_e8b37fb4123387d477121be6767ff9b0e64886eca7291810abf400d584152ca2	conditional_candidate	e8b37fb4123387d477121be6767ff9b0e64886eca7291810abf400d584152ca2	261	4	4	0.8314176245210728	PF05279.17:1-65;PF08477.20:65-171;PF00071.29:65-217;PF00025.28:66-210	Pfam_GA_hit	all_GA_hits_retained_no_clan_competition_filter
peptide_e99c765e89e22454b77f5bee5b91d4a1c68ae4acbfc5e433be58eddefc6e939e	conditional_candidate	e99c765e89e22454b77f5bee5b91d4a1c68ae4acbfc5e433be58eddefc6e939e	170	1	1	0.45294117647058824	PF05934.16:3-79	Pfam_GA_hit	all_GA_hits_retained_no_clan_competition_filter
peptide_eaadb81f5c70805626da52cd61e57438d32bf21d9a2d8384477f99624294a992	conditional_candidate	eaadb81f5c70805626da52cd61e57438d32bf21d9a2d8384477f99624294a992	158	0	0	0.0		no_Pfam_GA_hit_not_evidence_of_novel_fold	all_GA_hits_retained_no_clan_competition_filter
peptide_ed94a7c73c5bb4d289c56f618b0eb9ee4ae8c7f74e21cbb1da03f872cd1f9de4	conditional_candidate	ed94a7c73c5bb4d289c56f618b0eb9ee4ae8c7f74e21cbb1da03f872cd1f9de4	245	5	5	0.9224489795918367	PF02719.22:15-84;PF08659.17:15-87;PF00106.32:15-88;PF13561.13:22-88;PF04756.20:80-240	Pfam_GA_hit	all_GA_hits_retained_no_clan_competition_filter
peptide_eed915b6ca8b3996cd855855d0eb3687677480ad6600d6a859007123a2d56e75	conditional_candidate	eed915b6ca8b3996cd855855d0eb3687677480ad6600d6a859007123a2d56e75	1669	7	4	0.7124026363091671	PF00520.38:126-416;PF00520.38:524-759;PF00520.38:885-1162;PF00520.38:1205-1459;PF08016.19:1293-1453;PF16905.11:1469-1522;PF08763.18:1532-1606	Pfam_GA_hit	all_GA_hits_retained_no_clan_competition_filter
peptide_f0766d124b52f0061597ce4e822e9275a04152df574f9a512631a0fa6ed8a2fa	conditional_candidate	f0766d124b52f0061597ce4e822e9275a04152df574f9a512631a0fa6ed8a2fa	118	1	1	0.6271186440677966	PF04598.18:4-77	Pfam_GA_hit	all_GA_hits_retained_no_clan_competition_filter
peptide_f0d37395734f61dc7792a5acf6ad495d9a1058302b01d4fa1338af9f49112dac	conditional_candidate	f0d37395734f61dc7792a5acf6ad495d9a1058302b01d4fa1338af9f49112dac	92	0	0	0.0		no_Pfam_GA_hit_not_evidence_of_novel_fold	all_GA_hits_retained_no_clan_competition_filter
peptide_f24219a126525f2d211114163d59773936920bb6110bdcc3eba476c5a060678c	conditional_candidate	f24219a126525f2d211114163d59773936920bb6110bdcc3eba476c5a060678c	525	12	6	0.49333333333333335	PF12796.14:56-145;PF13606.13:83-109;PF13637.13:86-136;PF13606.13:117-142;PF00023.37:117-146;PF13637.13:120-169;PF13857.13:203-257;PF12796.14:208-270;PF13606.13:217-244;PF00023.37:217-247;PF13637.13:221-261;PF01529.26:424-500	Pfam_GA_hit	all_GA_hits_retained_no_clan_competition_filter
peptide_f24d6b7fa37dddf47c2a5a41244495275ae838ba9d20379f92b7e8df069983ac	conditional_candidate	f24d6b7fa37dddf47c2a5a41244495275ae838ba9d20379f92b7e8df069983ac	239	1	1	0.6192468619246861	PF15250.12:1-148	Pfam_GA_hit	all_GA_hits_retained_no_clan_competition_filter
peptide_f3b157eea4a7b3afed59584e95a707bc05cb7cf6e128952858f1c030fdca8e9f	conditional_candidate	f3b157eea4a7b3afed59584e95a707bc05cb7cf6e128952858f1c030fdca8e9f	70	1	1	0.5571428571428572	PF03165.23:31-69	Pfam_GA_hit	all_GA_hits_retained_no_clan_competition_filter
peptide_f41443bc0b10f416c99dddf5688636205400f620bb71771505df8299c360c620	conditional_candidate	f41443bc0b10f416c99dddf5688636205400f620bb71771505df8299c360c620	252	6	5	0.6626984126984127	PF08718.17:18-75;PF08718.17:74-132;PF12796.14:108-184;PF13606.13:128-154;PF00023.37:128-157;PF13637.13:132-178	Pfam_GA_hit	all_GA_hits_retained_no_clan_competition_filter
peptide_f7b68fea961e6f0194842633b1fdb2a31f6c14e63114270cc1767153d4d2780d	conditional_candidate	f7b68fea961e6f0194842633b1fdb2a31f6c14e63114270cc1767153d4d2780d	292	1	1	0.6575342465753424	PF08216.18:72-263	Pfam_GA_hit	all_GA_hits_retained_no_clan_competition_filter
peptide_fa6506540deb5226f196b5e2c3dc3fd6a10972fec505231d4d43a33b7e157c2a	conditional_candidate	fa6506540deb5226f196b5e2c3dc3fd6a10972fec505231d4d43a33b7e157c2a	915	2	2	0.16612021857923498	PF16660.11:220-315;PF20826.3:575-630	Pfam_GA_hit	all_GA_hits_retained_no_clan_competition_filter
peptide_fa93e53ac27b4b7dae1a80f579d41c4b15d48643b853104cb1872d9055bb9812	conditional_candidate	fa93e53ac27b4b7dae1a80f579d41c4b15d48643b853104cb1872d9055bb9812	250	0	0	0.0		no_Pfam_GA_hit_not_evidence_of_novel_fold	all_GA_hits_retained_no_clan_competition_filter
peptide_fad6c30fb46f2bddb0e3907a6a14afc1997cb5b9ca40cd09e010031d06b87f91	conditional_candidate	fad6c30fb46f2bddb0e3907a6a14afc1997cb5b9ca40cd09e010031d06b87f91	32	0	0	0.0		no_Pfam_GA_hit_not_evidence_of_novel_fold	all_GA_hits_retained_no_clan_competition_filter
peptide_fce534cced06c5860a0e4e21ac53ffa1a3c03bdd613724466f90f0578df30471	conditional_candidate	fce534cced06c5860a0e4e21ac53ffa1a3c03bdd613724466f90f0578df30471	176	1	1	0.8238636363636364	PF00261.26:8-152	Pfam_GA_hit	all_GA_hits_retained_no_clan_competition_filter
peptide_fe9d713de22366a70052a1235a251c8f1999f247300bea4c5902067bfde22536	conditional_candidate	fe9d713de22366a70052a1235a251c8f1999f247300bea4c5902067bfde22536	212	3	2	0.8867924528301887	PF00261.26:1-82;PF16526.11:13-72;PF00261.26:65-188	Pfam_GA_hit	all_GA_hits_retained_no_clan_competition_filter
peptide_ff641b7f66baa209ff86e50cff70775b9fc1fd0004872ad33a501711d57eaf5e	conditional_candidate	ff641b7f66baa209ff86e50cff70775b9fc1fd0004872ad33a501711d57eaf5e	133	2	2	0.924812030075188	PF00169.36:6-68;PF00059.28:39-128	Pfam_GA_hit	all_GA_hits_retained_no_clan_competition_filter
