sequence_id	role	sequence_sha256	length_aa	pfam_accession	pfam_name	description	hmm_length	hmm_start_1based	hmm_end_1based	hmm_coverage	sequence_start_1based	sequence_end_1based	envelope_start_1based	envelope_end_1based	sequence_span_coverage	sequence_bitscore	domain_bitscore	sequence_evalue	domain_independent_evalue	domain_conditional_evalue	sequence_GA_bitscore	domain_GA_bitscore	domain_number
control_001594b905670e913e645ea91909b6dfa709729825581373325481860fbb8515	parent_control	001594b905670e913e645ea91909b6dfa709729825581373325481860fbb8515	220	PF04201.21	TPD52	Tumour protein D52 family	108	1	81	0.75	41	121	41	122	0.36818181818181817	182.0607147216797	114.08729553222656	1.0485942446787216e-55	1.408349259731214e-34	3.732027327042269e-36	25.0	25.0	1
control_001594b905670e913e645ea91909b6dfa709729825581373325481860fbb8515	parent_control	001594b905670e913e645ea91909b6dfa709729825581373325481860fbb8515	220	PF04201.21	TPD52	Tumour protein D52 family	108	59	108	0.46296296296296297	119	182	115	182	0.2909090909090909	182.0607147216797	71.61957550048828	1.0485942446787216e-55	2.233083373426352e-21	5.917515215495213e-23	25.0	25.0	2
control_00f204d97e5d0fa5951098199c808c3fea15f364cd8e1594dc26af5b61a915e1	parent_control	00f204d97e5d0fa5951098199c808c3fea15f364cd8e1594dc26af5b61a915e1	209	PF08718.17	GLTP	Glycolipid transfer protein (GLTP)	147	1	146	0.9931972789115646	18	166	18	167	0.7129186602870813	155.86192321777344	155.54254150390625	3.2803209148401503e-47	4.114932488721828e-47	6.886916299116029e-49	25.600000381469727	25.600000381469727	1
control_011cac683ab698f112355673dfc8960f01e3cc951a1f3efb1776fbc4775efd55	parent_control	011cac683ab698f112355673dfc8960f01e3cc951a1f3efb1776fbc4775efd55	838	PF01496.25	V_ATPase_I	V-type ATPase 116kDa subunit family	815	1	815	1.0	27	828	27	828	0.9570405727923628	1134.10107421875	1133.91943359375	0.0	0.0	0.0	30.700000762939453	30.700000762939453	1
control_031ca417fea4797cad76481845bc3481455b01685aa212415f7909d9f30327dc	parent_control	031ca417fea4797cad76481845bc3481455b01685aa212415f7909d9f30327dc	457	PF00017.31	SH2	SH2 domain	77	1	77	1.0	347	430	347	430	0.1838074398249453	42.936500549316406	42.01755905151367	1.494482988029749e-12	2.8925835388531683e-12	4.03428666506718e-14	21.0	21.0	1
control_034fcd077d3d56ac7994886e738ee87781835a4faed516e5c32ce6f2ce3e14d4	parent_control	034fcd077d3d56ac7994886e738ee87781835a4faed516e5c32ce6f2ce3e14d4	176	PF00595.30	PDZ	PDZ domain	81	8	51	0.5432098765432098	18	58	11	59	0.23295454545454544	32.29467010498047	30.443883895874023	3.833720304099984e-09	1.449349078056916e-08	4.042814722613434e-11	23.200000762939453	23.200000762939453	1
control_0395b1536b6918d405a38332dec8cdd458fda5af210e1ec8e74048fad7ac4cc4	parent_control	0395b1536b6918d405a38332dec8cdd458fda5af210e1ec8e74048fad7ac4cc4	1457	PF24917.1	BLTP3A_B	Bridge-like lipid transfer protein family member 3A/B	1429	1	1428	0.9993002099370188	1	1455	1	1456	0.9986273164035689	2795.292724609375	2795.121337890625	0.0	0.0	0.0	24.0	24.0	1
control_03fe05e6d2a9581bb3f099607555b1889159c45468b6cd5c2b5e29e9b87c66b0	parent_control	03fe05e6d2a9581bb3f099607555b1889159c45468b6cd5c2b5e29e9b87c66b0	282	PF00017.31	SH2	SH2 domain	77	1	77	1.0	172	255	172	255	0.2978723404255319	43.86944580078125	43.193458557128906	7.644086129381492e-13	1.2424995980259902e-12	1.732914362658285e-14	21.0	21.0	1
control_04c1b2a567d706ab88ea9e81f5436c8b634559e1d18275b53738437eb71e3b15	parent_control	04c1b2a567d706ab88ea9e81f5436c8b634559e1d18275b53738437eb71e3b15	40	PF10584.15	Proteasome_A_N	Proteasome subunit A N-terminal signature	23	1	23	1.0	8	30	8	30	0.575	56.969600677490234	56.64577865600586	4.250714053325684e-17	5.367289531511496e-17	2.2457278374525086e-19	27.700000762939453	27.700000762939453	1
control_05307a69ac9e8a99a465f7230bb2f1f333e0996076b3f0a81b4dd38f3e8d6883	parent_control	05307a69ac9e8a99a465f7230bb2f1f333e0996076b3f0a81b4dd38f3e8d6883	998	PF10408.15	Ufd2P_core	Ubiquitin elongating factor core	628	1	526	0.8375796178343949	462	982	462	983	0.5220440881763527	561.9185180664062	561.5087890625	6.870912096550274e-170	9.142101416996852e-170	5.1001960485338085e-172	20.399999618530273	20.399999618530273	1
control_05b3a7684b1f3ae50ccef172b8f09f9d5ff92206a5ada0db05750bfc827eb1db	parent_control	05b3a7684b1f3ae50ccef172b8f09f9d5ff92206a5ada0db05750bfc827eb1db	454	PF00017.31	SH2	SH2 domain	77	1	77	1.0	344	427	344	427	0.18502202643171806	42.955074310302734	42.03218460083008	1.4746679465475806e-12	2.862341077550615e-12	3.992107500070593e-14	21.0	21.0	1
control_05b3fd5ebc86f211f96ec9a0dd66977307db8a6a3ce3b5a9325f3853d5a43678	parent_control	05b3fd5ebc86f211f96ec9a0dd66977307db8a6a3ce3b5a9325f3853d5a43678	100	PF00169.36	PH	PH domain	105	2	72	0.6761904761904762	6	82	5	95	0.77	46.11157989501953	45.9273681640625	2.2184252208561037e-13	2.531381063379921e-13	3.5305175221477275e-15	25.100000381469727	25.100000381469727	1
control_05baf7248422cf32e3196038af7d9caf6bf281785fe8e59880148d56ea88e9a8	parent_control	05baf7248422cf32e3196038af7d9caf6bf281785fe8e59880148d56ea88e9a8	308	PF03821.23	Mtp	Golgi 4-transmembrane spanning transporter	229	29	94	0.28820960698689957	146	215	113	234	0.22727272727272727	78.20421600341797	26.446016311645508	2.6671523579570556e-23	1.7612705039900463e-07	7.369332652678018e-10	25.200000762939453	25.200000762939453	1
control_05baf7248422cf32e3196038af7d9caf6bf281785fe8e59880148d56ea88e9a8	parent_control	05baf7248422cf32e3196038af7d9caf6bf281785fe8e59880148d56ea88e9a8	308	PF03821.23	Mtp	Golgi 4-transmembrane spanning transporter	229	159	228	0.3056768558951965	236	306	216	307	0.2305194805194805	78.20421600341797	58.08351516723633	2.6671523579570556e-23	3.7661285178029514e-17	1.575785990712532e-19	25.200000762939453	25.200000762939453	2
control_05eadf9ea9ebf30e3c8425ae0dae43789a328c062860a8db3c5b1193443c57b1	parent_control	05eadf9ea9ebf30e3c8425ae0dae43789a328c062860a8db3c5b1193443c57b1	741	PF05279.17	Asp-B-Hydro_N	Aspartyl beta-hydroxylase N-terminal region	66	1	66	1.0	52	117	52	117	0.08906882591093117	146.5228271484375	145.55886840820312	6.089898394839881e-45	1.2176942396861465e-44	3.7363003170286225e-46	23.0	23.0	1
control_05eadf9ea9ebf30e3c8425ae0dae43789a328c062860a8db3c5b1193443c57b1	parent_control	05eadf9ea9ebf30e3c8425ae0dae43789a328c062860a8db3c5b1193443c57b1	741	PF13432.13	TPR_16	Tetratricopeptide repeat	65	1	61	0.9384615384615385	328	388	328	397	0.08232118758434548	38.47599411010742	27.356847763061523	4.592266121086736e-11	1.3837843757674878e-07	1.7369678356914072e-09	32.70000076293945	15.5	1
control_05eadf9ea9ebf30e3c8425ae0dae43789a328c062860a8db3c5b1193443c57b1	parent_control	05eadf9ea9ebf30e3c8425ae0dae43789a328c062860a8db3c5b1193443c57b1	741	PF13174.13	TPR_6	Tetratricopeptide repeat	33	10	33	0.7272727272727273	334	357	326	357	0.032388663967611336	36.45037078857422	17.256221771240234	1.6921906832272257e-10	0.0002240923688690627	1.2501666324633901e-06	26.299999237060547	12.199999809265137	1
control_05eadf9ea9ebf30e3c8425ae0dae43789a328c062860a8db3c5b1193443c57b1	parent_control	05eadf9ea9ebf30e3c8425ae0dae43789a328c062860a8db3c5b1193443c57b1	741	PF13181.13	TPR_8	Tetratricopeptide repeat	34	11	34	0.7058823529411765	447	470	439	470	0.032388663967611336	26.398433685302734	13.043285369873047	1.811983629978968e-07	0.0034882373789609537	4.8650451589413586e-05	25.700000762939453	11.800000190734863	3
control_05eadf9ea9ebf30e3c8425ae0dae43789a328c062860a8db3c5b1193443c57b1	parent_control	05eadf9ea9ebf30e3c8425ae0dae43789a328c062860a8db3c5b1193443c57b1	741	PF05118.22	Asp_Arg_Hydrox	Aspartyl/Asparaginyl beta-hydroxylase	157	1	157	1.0	574	728	574	728	0.20917678812415655	191.2824249267578	190.41505432128906	3.691711454926337e-58	6.826328834434416e-58	2.8562045332361577e-60	22.600000381469727	22.600000381469727	1
control_061ec3e1904b8a8166ac281699fd9e7c1be70afbdd566ff01fbc9ae1213e06a1	parent_control	061ec3e1904b8a8166ac281699fd9e7c1be70afbdd566ff01fbc9ae1213e06a1	272	PF05279.17	Asp-B-Hydro_N	Aspartyl beta-hydroxylase N-terminal region	66	1	66	1.0	14	79	14	79	0.2426470588235294	148.49253845214844	147.6636199951172	1.4781089966923113e-45	2.6821178128846233e-45	8.229650192951425e-47	23.0	23.0	1
control_06c4ed338cf67897369e74de3506192a48c8297293f142ca2f53ff27d807f39d	parent_control	06c4ed338cf67897369e74de3506192a48c8297293f142ca2f53ff27d807f39d	64	PF05279.17	Asp-B-Hydro_N	Aspartyl beta-hydroxylase N-terminal region	66	17	65	0.7424242424242424	1	64	1	64	1.0	97.37407684326172	96.14127349853516	1.3422850425687024e-29	3.2561225570426833e-29	9.990892085765556e-31	23.0	23.0	1
control_07e8f24c6382fecf5560d285fba0a23cae6b9e863fc68c4915b43fe42c325369	parent_control	07e8f24c6382fecf5560d285fba0a23cae6b9e863fc68c4915b43fe42c325369	189	PF03134.25	TB2_DP1_HVA22	TB2/DP1, HVA22 family	77	1	77	1.0	67	144	67	144	0.4126984126984127	112.51954650878906	111.79598999023438	2.5597879621159466e-34	4.305440129094702e-34	2.4019191794112703e-36	27.200000762939453	27.200000762939453	1
control_086fa607deb305525f71ed46e3a84fd9ba76d0834b3c0dd1a2f6806c5856dc0f	parent_control	086fa607deb305525f71ed46e3a84fd9ba76d0834b3c0dd1a2f6806c5856dc0f	309	PF07686.24	V-set	Immunoglobulin V-set domain	109	9	108	0.9174311926605505	45	167	36	168	0.39805825242718446	37.80564498901367	35.90364456176758	6.885145917303028e-11	2.685155398147594e-10	5.6174799124426664e-12	26.0	26.0	1
control_09b7cf75339fd62d560e7c568eaa92fc82c5a2aed3e8e29c608ae6318ea4fc94	parent_control	09b7cf75339fd62d560e7c568eaa92fc82c5a2aed3e8e29c608ae6318ea4fc94	200	PF00566.26	RabGAP-TBC	Rab-GTPase-TBC domain	216	2	170	0.7824074074074074	48	200	47	200	0.765	47.6041374206543	47.22823715209961	6.146071407154769e-14	8.009371282470795e-14	5.585335622364571e-16	25.200000762939453	25.200000762939453	1
control_0aa9792e4e97a8890cb63329db82622ff333323a283ed43511ac91db0c4a42c6	parent_control	0aa9792e4e97a8890cb63329db82622ff333323a283ed43511ac91db0c4a42c6	1719	PF12763.14	EH	EH domain	101	4	82	0.7821782178217822	20	96	17	111	0.0447934845840605	134.4787139892578	62.579193115234375	4.213426508885428e-41	1.052981083912989e-18	1.6154521510520058e-20	22.0	22.0	1
control_0aa9792e4e97a8890cb63329db82622ff333323a283ed43511ac91db0c4a42c6	parent_control	0aa9792e4e97a8890cb63329db82622ff333323a283ed43511ac91db0c4a42c6	1719	PF12763.14	EH	EH domain	101	6	75	0.693069306930693	222	292	217	310	0.04130308318789994	134.4787139892578	68.36168670654297	4.213426508885428e-41	1.6637443887765516e-20	2.5524669841760203e-22	22.0	22.0	2
control_0aa9792e4e97a8890cb63329db82622ff333323a283ed43511ac91db0c4a42c6	parent_control	0aa9792e4e97a8890cb63329db82622ff333323a283ed43511ac91db0c4a42c6	1719	PF07653.24	SH3_2	Variant SH3 domain	55	1	53	0.9636363636363636	742	800	742	802	0.03432228039557882	191.11923217773438	23.679990768432617	5.860930323472244e-59	1.137102444262243e-06	2.061692018885517e-08	21.799999237060547	21.799999237060547	1
control_0aa9792e4e97a8890cb63329db82622ff333323a283ed43511ac91db0c4a42c6	parent_control	0aa9792e4e97a8890cb63329db82622ff333323a283ed43511ac91db0c4a42c6	1719	PF00018.35	SH3_1	SH3 domain	48	1	48	1.0	744	796	744	796	0.030831878999418267	195.52438354492188	29.43707847595215	2.256424058657891e-60	1.7063016386353575e-08	3.3316907867357053e-10	22.899999618530273	22.899999618530273	1
control_0aa9792e4e97a8890cb63329db82622ff333323a283ed43511ac91db0c4a42c6	parent_control	0aa9792e4e97a8890cb63329db82622ff333323a283ed43511ac91db0c4a42c6	1719	PF14604.13	SH3_9	Variant SH3 domain	49	1	47	0.9591836734693877	745	798	745	800	0.031413612565445025	199.6205291748047	42.74900817871094	1.4243903663890722e-61	1.4199837986248128e-12	2.3765419223846237e-14	30.0	30.0	1
control_0aa9792e4e97a8890cb63329db82622ff333323a283ed43511ac91db0c4a42c6	parent_control	0aa9792e4e97a8890cb63329db82622ff333323a283ed43511ac91db0c4a42c6	1719	PF16617.11	INTAP	Intersectin and clathrin adaptor AP2 binding region	115	1	115	1.0	801	915	801	915	0.06689936009307737	180.47775268554688	180.47775268554688	4.524518729258399e-55	4.524518729258399e-55	4.4172428319119653e-57	25.0	25.0	2
control_0aa9792e4e97a8890cb63329db82622ff333323a283ed43511ac91db0c4a42c6	parent_control	0aa9792e4e97a8890cb63329db82622ff333323a283ed43511ac91db0c4a42c6	1719	PF00018.35	SH3_1	SH3 domain	48	1	48	1.0	917	961	917	961	0.02617801047120419	195.52438354492188	43.08515548706055	2.256424058657891e-60	9.310542236516798e-13	1.8179580378136008e-14	22.899999618530273	22.899999618530273	2
control_0aa9792e4e97a8890cb63329db82622ff333323a283ed43511ac91db0c4a42c6	parent_control	0aa9792e4e97a8890cb63329db82622ff333323a283ed43511ac91db0c4a42c6	1719	PF14604.13	SH3_9	Variant SH3 domain	49	1	49	1.0	918	965	918	965	0.027923211169284468	199.6205291748047	39.41923141479492	1.4243903663890722e-61	1.557168660340912e-11	2.606140017306966e-13	30.0	30.0	2
control_0aa9792e4e97a8890cb63329db82622ff333323a283ed43511ac91db0c4a42c6	parent_control	0aa9792e4e97a8890cb63329db82622ff333323a283ed43511ac91db0c4a42c6	1719	PF07653.24	SH3_2	Variant SH3 domain	55	9	54	0.8363636363636363	923	966	916	967	0.025596276905177427	191.11923217773438	40.121707916259766	5.860930323472244e-59	8.344288689281063e-12	1.5129114778333866e-13	21.799999237060547	21.799999237060547	2
control_0aa9792e4e97a8890cb63329db82622ff333323a283ed43511ac91db0c4a42c6	parent_control	0aa9792e4e97a8890cb63329db82622ff333323a283ed43511ac91db0c4a42c6	1719	PF00018.35	SH3_1	SH3 domain	48	1	48	1.0	1006	1050	1006	1050	0.02617801047120419	195.52438354492188	40.58590316772461	2.256424058657891e-60	5.618695250528881e-12	1.097095306937299e-13	22.899999618530273	22.899999618530273	3
control_0aa9792e4e97a8890cb63329db82622ff333323a283ed43511ac91db0c4a42c6	parent_control	0aa9792e4e97a8890cb63329db82622ff333323a283ed43511ac91db0c4a42c6	1719	PF07653.24	SH3_2	Variant SH3 domain	55	3	53	0.9272727272727272	1006	1054	1005	1055	0.028504944735311226	191.11923217773438	39.00542449951172	5.860930323472244e-59	1.8620086090260256e-11	3.376026766713854e-13	21.799999237060547	21.799999237060547	3
control_0aa9792e4e97a8890cb63329db82622ff333323a283ed43511ac91db0c4a42c6	parent_control	0aa9792e4e97a8890cb63329db82622ff333323a283ed43511ac91db0c4a42c6	1719	PF14604.13	SH3_9	Variant SH3 domain	49	1	48	0.9795918367346939	1007	1053	1007	1054	0.027341477603257707	199.6205291748047	32.22977828979492	1.4243903663890722e-61	2.7412823254573707e-09	4.5879202099704944e-11	30.0	30.0	3
control_0aa9792e4e97a8890cb63329db82622ff333323a283ed43511ac91db0c4a42c6	parent_control	0aa9792e4e97a8890cb63329db82622ff333323a283ed43511ac91db0c4a42c6	1719	PF07653.24	SH3_2	Variant SH3 domain	55	2	54	0.9636363636363636	1077	1133	1076	1134	0.03315881326352531	191.11923217773438	38.01796340942383	5.860930323472244e-59	3.787437577491384e-11	6.867041632829567e-13	21.799999237060547	21.799999237060547	4
control_0aa9792e4e97a8890cb63329db82622ff333323a283ed43511ac91db0c4a42c6	parent_control	0aa9792e4e97a8890cb63329db82622ff333323a283ed43511ac91db0c4a42c6	1719	PF00018.35	SH3_1	SH3 domain	48	2	48	0.9791666666666666	1079	1128	1078	1128	0.029086678301337987	195.52438354492188	30.50014877319336	2.256424058657891e-60	7.943240306296852e-09	1.550981370825048e-10	22.899999618530273	22.899999618530273	4
control_0aa9792e4e97a8890cb63329db82622ff333323a283ed43511ac91db0c4a42c6	parent_control	0aa9792e4e97a8890cb63329db82622ff333323a283ed43511ac91db0c4a42c6	1719	PF14604.13	SH3_9	Variant SH3 domain	49	1	49	1.0	1079	1132	1079	1132	0.031413612565445025	199.6205291748047	31.71927261352539	1.4243903663890722e-61	3.9573975107633755e-09	6.623259432239959e-11	30.0	30.0	4
control_0aa9792e4e97a8890cb63329db82622ff333323a283ed43511ac91db0c4a42c6	parent_control	0aa9792e4e97a8890cb63329db82622ff333323a283ed43511ac91db0c4a42c6	1719	PF00018.35	SH3_1	SH3 domain	48	3	48	0.9583333333333334	1161	1204	1159	1204	0.025596276905177427	195.52438354492188	59.0140266418457	2.256424058657891e-60	9.85078213640377e-18	1.9234442107343485e-19	22.899999618530273	22.899999618530273	5
control_0aa9792e4e97a8890cb63329db82622ff333323a283ed43511ac91db0c4a42c6	parent_control	0aa9792e4e97a8890cb63329db82622ff333323a283ed43511ac91db0c4a42c6	1719	PF14604.13	SH3_9	Variant SH3 domain	49	2	49	0.9795918367346939	1161	1208	1161	1208	0.027923211169284468	199.6205291748047	56.075782775878906	1.4243903663890722e-61	9.765160371432334e-17	1.6343364638380475e-18	30.0	30.0	5
control_0aa9792e4e97a8890cb63329db82622ff333323a283ed43511ac91db0c4a42c6	parent_control	0aa9792e4e97a8890cb63329db82622ff333323a283ed43511ac91db0c4a42c6	1719	PF07653.24	SH3_2	Variant SH3 domain	55	7	53	0.8545454545454545	1163	1208	1156	1210	0.02675974403723095	191.11923217773438	48.435691833496094	5.860930323472244e-59	2.1139906139579594e-14	3.8328979053631064e-16	21.799999237060547	21.799999237060547	5
control_0aa9792e4e97a8890cb63329db82622ff333323a283ed43511ac91db0c4a42c6	parent_control	0aa9792e4e97a8890cb63329db82622ff333323a283ed43511ac91db0c4a42c6	1719	PF00621.26	RhoGEF	RhoGEF domain	180	2	180	0.9944444444444445	1240	1419	1239	1419	0.10471204188481675	164.39031982421875	164.39031982421875	1.176963675365653e-49	1.176963675365653e-49	3.283022804367233e-52	27.600000381469727	27.600000381469727	2
control_0aa9792e4e97a8890cb63329db82622ff333323a283ed43511ac91db0c4a42c6	parent_control	0aa9792e4e97a8890cb63329db82622ff333323a283ed43511ac91db0c4a42c6	1719	PF16652.12	PH_13	Pleckstrin homology domain	154	1	154	1.0	1438	1591	1438	1591	0.089586969168121	273.94500732421875	273.94500732421875	1.281046476604214e-83	1.281046476604214e-83	3.573351399174935e-86	27.0	27.0	2
control_0aa9792e4e97a8890cb63329db82622ff333323a283ed43511ac91db0c4a42c6	parent_control	0aa9792e4e97a8890cb63329db82622ff333323a283ed43511ac91db0c4a42c6	1719	PF00168.37	C2	C2 domain	104	1	98	0.9423076923076923	1594	1689	1594	1695	0.055846422338568937	82.33122253417969	81.19132995605469	9.51649109499103e-25	2.153966350361599e-24	1.5020685846315196e-26	22.0	9.600000381469727	1
control_0ab423d62fb062c7d97b0fbe3f1aa72569a12492073a9b28e8d03b4eab0c68ac	parent_control	0ab423d62fb062c7d97b0fbe3f1aa72569a12492073a9b28e8d03b4eab0c68ac	618	PF02825.27	WWE	WWE domain	67	1	67	1.0	20	97	20	97	0.1262135922330097	116.31668090820312	55.333702087402344	2.2506432016849708e-35	2.449917376967692e-16	2.0501400644081106e-18	21.100000381469727	21.100000381469727	1
control_0ab423d62fb062c7d97b0fbe3f1aa72569a12492073a9b28e8d03b4eab0c68ac	parent_control	0ab423d62fb062c7d97b0fbe3f1aa72569a12492073a9b28e8d03b4eab0c68ac	618	PF02825.27	WWE	WWE domain	67	1	67	1.0	110	174	110	174	0.10517799352750809	116.31668090820312	58.748226165771484	2.2506432016849708e-35	2.1049961729244813e-17	1.7615030735769717e-19	21.100000381469727	21.100000381469727	2
control_0ab423d62fb062c7d97b0fbe3f1aa72569a12492073a9b28e8d03b4eab0c68ac	parent_control	0ab423d62fb062c7d97b0fbe3f1aa72569a12492073a9b28e8d03b4eab0c68ac	618	PF18102.7	DTC	Deltex C-terminal domain	133	1	133	1.0	476	610	476	610	0.21844660194174756	193.53977966308594	192.8750457763672	5.503917182316576e-59	8.83214827108026e-59	3.695459527648645e-61	25.0	25.0	1
control_0af4b20b98fdb9029e65a85f53d9e56531ac5d4121a62ad5472ef6c7e9aca280	parent_control	0af4b20b98fdb9029e65a85f53d9e56531ac5d4121a62ad5472ef6c7e9aca280	2144	PF00520.38	Ion_trans	Ion transport protein	243	2	242	0.9917695473251029	126	416	125	417	0.1357276119402985	903.4522094726562	248.67465209960938	1.9437897023701333e-275	1.7872359484726248e-75	5.234582275861244e-77	25.0	25.0	1
control_0af4b20b98fdb9029e65a85f53d9e56531ac5d4121a62ad5472ef6c7e9aca280	parent_control	0af4b20b98fdb9029e65a85f53d9e56531ac5d4121a62ad5472ef6c7e9aca280	2144	PF00520.38	Ion_trans	Ion transport protein	243	3	239	0.9753086419753086	524	759	522	762	0.11007462686567164	903.4522094726562	219.3030548095703	1.9437897023701333e-275	1.6673220341831232e-66	4.883369974594922e-68	25.0	25.0	2
control_0af4b20b98fdb9029e65a85f53d9e56531ac5d4121a62ad5472ef6c7e9aca280	parent_control	0af4b20b98fdb9029e65a85f53d9e56531ac5d4121a62ad5472ef6c7e9aca280	2144	PF00520.38	Ion_trans	Ion transport protein	243	1	242	0.9958847736625515	885	1162	885	1163	0.1296641791044776	903.4522094726562	216.69021606445312	1.9437897023701333e-275	1.0470281585902132e-65	3.0666096695110843e-67	25.0	25.0	3
control_0af4b20b98fdb9029e65a85f53d9e56531ac5d4121a62ad5472ef6c7e9aca280	parent_control	0af4b20b98fdb9029e65a85f53d9e56531ac5d4121a62ad5472ef6c7e9aca280	2144	PF00520.38	Ion_trans	Ion transport protein	243	2	242	0.9917695473251029	1205	1459	1204	1460	0.11893656716417911	903.4522094726562	237.78802490234375	1.9437897023701333e-275	3.7745556814473027e-72	1.1055184004238962e-73	25.0	25.0	4
control_0af4b20b98fdb9029e65a85f53d9e56531ac5d4121a62ad5472ef6c7e9aca280	parent_control	0af4b20b98fdb9029e65a85f53d9e56531ac5d4121a62ad5472ef6c7e9aca280	2144	PF08016.19	PKD_channel	Polycystin cation channel	225	93	223	0.5822222222222222	1293	1453	1284	1455	0.07509328358208955	51.16610336303711	31.77165412902832	4.280851303690126e-15	3.6405665438974756e-09	1.0662747199699719e-10	22.399999618530273	22.399999618530273	10
control_0af4b20b98fdb9029e65a85f53d9e56531ac5d4121a62ad5472ef6c7e9aca280	parent_control	0af4b20b98fdb9029e65a85f53d9e56531ac5d4121a62ad5472ef6c7e9aca280	2144	PF16905.11	GPHH	Voltage-dependent L-type calcium channel, IQ-associated	54	1	54	1.0	1469	1522	1469	1522	0.025186567164179104	100.7335205078125	99.2205581665039	1.1327532632797382e-30	3.362239442024331e-30	9.847563219318123e-32	26.799999237060547	26.799999237060547	1
control_0af4b20b98fdb9029e65a85f53d9e56531ac5d4121a62ad5472ef6c7e9aca280	parent_control	0af4b20b98fdb9029e65a85f53d9e56531ac5d4121a62ad5472ef6c7e9aca280	2144	PF08763.18	Ca_chan_IQ	Voltage gated calcium channel IQ domain	77	1	77	1.0	1532	1606	1532	1606	0.034981343283582086	105.56336212158203	104.15786743164062	4.970138155234585e-32	1.3646050796029226e-31	3.9967512791717395e-33	26.700000762939453	26.700000762939453	1
control_0af4b20b98fdb9029e65a85f53d9e56531ac5d4121a62ad5472ef6c7e9aca280	parent_control	0af4b20b98fdb9029e65a85f53d9e56531ac5d4121a62ad5472ef6c7e9aca280	2144	PF16885.12	CAC1F_C	Voltage-gated calcium channel subunit alpha, C-term	298	74	296	0.7483221476510067	1884	2142	1872	2144	0.12080223880597014	146.6162872314453	140.5486297607422	3.9691987233617344e-44	2.7979445700532064e-42	2.341376209249545e-44	20.399999618530273	20.399999618530273	1
control_0b12844861aea32af6187a950713e82b4d381a3e2451cfe27eda4e5e58f72c96	parent_control	0b12844861aea32af6187a950713e82b4d381a3e2451cfe27eda4e5e58f72c96	1714	PF12763.14	EH	EH domain	101	4	82	0.7821782178217822	20	96	17	111	0.044924154025670945	134.49122619628906	62.58404541015625	4.175780694317021e-41	1.0493225510272353e-18	1.6098393390933876e-20	22.0	22.0	1
control_0b12844861aea32af6187a950713e82b4d381a3e2451cfe27eda4e5e58f72c96	parent_control	0b12844861aea32af6187a950713e82b4d381a3e2451cfe27eda4e5e58f72c96	1714	PF12763.14	EH	EH domain	101	6	75	0.693069306930693	222	292	217	310	0.041423570595099185	134.49122619628906	68.36650848388672	4.175780694317021e-41	1.6580000808728825e-20	2.5436542384381736e-22	22.0	22.0	2
control_0b12844861aea32af6187a950713e82b4d381a3e2451cfe27eda4e5e58f72c96	parent_control	0b12844861aea32af6187a950713e82b4d381a3e2451cfe27eda4e5e58f72c96	1714	PF07653.24	SH3_2	Variant SH3 domain	55	1	53	0.9636363636363636	742	795	742	797	0.03150525087514586	193.69906616210938	24.714157104492188	9.169326532816411e-60	5.405684636991167e-07	9.80110185228524e-09	21.799999237060547	21.799999237060547	1
control_0b12844861aea32af6187a950713e82b4d381a3e2451cfe27eda4e5e58f72c96	parent_control	0b12844861aea32af6187a950713e82b4d381a3e2451cfe27eda4e5e58f72c96	1714	PF00018.35	SH3_1	SH3 domain	48	1	48	1.0	744	791	744	791	0.028004667444574097	205.96688842773438	38.35694122314453	1.2348800217593997e-63	2.7916998431064908e-11	5.451017824754654e-13	22.899999618530273	22.899999618530273	1
control_0b12844861aea32af6187a950713e82b4d381a3e2451cfe27eda4e5e58f72c96	parent_control	0b12844861aea32af6187a950713e82b4d381a3e2451cfe27eda4e5e58f72c96	1714	PF14604.13	SH3_9	Variant SH3 domain	49	1	47	0.9591836734693877	745	793	745	795	0.028588098016336057	203.59161376953125	45.75886917114258	8.18964236776404e-63	1.629883181613422e-13	2.7278379608592834e-15	30.0	30.0	1
control_0b12844861aea32af6187a950713e82b4d381a3e2451cfe27eda4e5e58f72c96	parent_control	0b12844861aea32af6187a950713e82b4d381a3e2451cfe27eda4e5e58f72c96	1714	PF16617.11	INTAP	Intersectin and clathrin adaptor AP2 binding region	115	1	115	1.0	796	910	796	910	0.06709451575262544	180.48268127441406	180.48268127441406	4.508617096186765e-55	4.508617096186765e-55	4.401718225007999e-57	25.0	25.0	2
control_0b12844861aea32af6187a950713e82b4d381a3e2451cfe27eda4e5e58f72c96	parent_control	0b12844861aea32af6187a950713e82b4d381a3e2451cfe27eda4e5e58f72c96	1714	PF00018.35	SH3_1	SH3 domain	48	1	48	1.0	912	956	912	956	0.026254375729288213	205.96688842773438	43.08970260620117	1.2348800217593997e-63	9.280142548281208e-13	1.8120222548945175e-14	22.899999618530273	22.899999618530273	2
control_0b12844861aea32af6187a950713e82b4d381a3e2451cfe27eda4e5e58f72c96	parent_control	0b12844861aea32af6187a950713e82b4d381a3e2451cfe27eda4e5e58f72c96	1714	PF14604.13	SH3_9	Variant SH3 domain	49	1	49	1.0	913	960	913	960	0.028004667444574097	203.59161376953125	39.42380142211914	8.18964236776404e-63	1.552058967876532e-11	2.5975882307557024e-13	30.0	30.0	2
control_0b12844861aea32af6187a950713e82b4d381a3e2451cfe27eda4e5e58f72c96	parent_control	0b12844861aea32af6187a950713e82b4d381a3e2451cfe27eda4e5e58f72c96	1714	PF07653.24	SH3_2	Variant SH3 domain	55	9	54	0.8363636363636363	918	961	911	962	0.025670945157526253	193.69906616210938	40.12627029418945	9.169326532816411e-60	8.316959453356711e-12	1.5079563862431973e-13	21.799999237060547	21.799999237060547	2
control_0b12844861aea32af6187a950713e82b4d381a3e2451cfe27eda4e5e58f72c96	parent_control	0b12844861aea32af6187a950713e82b4d381a3e2451cfe27eda4e5e58f72c96	1714	PF00018.35	SH3_1	SH3 domain	48	1	48	1.0	1001	1045	1001	1045	0.026254375729288213	205.96688842773438	40.59044647216797	1.2348800217593997e-63	5.600365112557344e-12	1.093516200499342e-13	22.899999618530273	22.899999618530273	3
control_0b12844861aea32af6187a950713e82b4d381a3e2451cfe27eda4e5e58f72c96	parent_control	0b12844861aea32af6187a950713e82b4d381a3e2451cfe27eda4e5e58f72c96	1714	PF07653.24	SH3_2	Variant SH3 domain	55	3	53	0.9272727272727272	1001	1049	1000	1050	0.028588098016336057	193.69906616210938	39.010066986083984	9.169326532816411e-60	1.855803252329708e-11	3.364775771309094e-13	21.799999237060547	21.799999237060547	3
control_0b12844861aea32af6187a950713e82b4d381a3e2451cfe27eda4e5e58f72c96	parent_control	0b12844861aea32af6187a950713e82b4d381a3e2451cfe27eda4e5e58f72c96	1714	PF14604.13	SH3_9	Variant SH3 domain	49	1	48	0.9795918367346939	1002	1048	1002	1049	0.027421236872812137	203.59161376953125	32.234344482421875	8.18964236776404e-63	2.732294579230772e-09	4.572877956871585e-11	30.0	30.0	3
control_0b12844861aea32af6187a950713e82b4d381a3e2451cfe27eda4e5e58f72c96	parent_control	0b12844861aea32af6187a950713e82b4d381a3e2451cfe27eda4e5e58f72c96	1714	PF07653.24	SH3_2	Variant SH3 domain	55	2	54	0.9636363636363636	1072	1128	1071	1129	0.03325554259043174	193.69906616210938	38.022605895996094	9.169326532816411e-60	3.774815508495868e-11	6.844156431024587e-13	21.799999237060547	21.799999237060547	4
control_0b12844861aea32af6187a950713e82b4d381a3e2451cfe27eda4e5e58f72c96	parent_control	0b12844861aea32af6187a950713e82b4d381a3e2451cfe27eda4e5e58f72c96	1714	PF00018.35	SH3_1	SH3 domain	48	2	48	0.9791666666666666	1074	1123	1073	1123	0.029171528588098017	205.96688842773438	30.504730224609375	1.2348800217593997e-63	7.917109473591087e-09	1.54587911618236e-10	22.899999618530273	22.899999618530273	4
control_0b12844861aea32af6187a950713e82b4d381a3e2451cfe27eda4e5e58f72c96	parent_control	0b12844861aea32af6187a950713e82b4d381a3e2451cfe27eda4e5e58f72c96	1714	PF14604.13	SH3_9	Variant SH3 domain	49	1	49	1.0	1074	1127	1074	1127	0.03150525087514586	203.59161376953125	31.723880767822266	8.18964236776404e-63	3.9443034923940945e-09	6.601344757144928e-11	30.0	30.0	4
control_0b12844861aea32af6187a950713e82b4d381a3e2451cfe27eda4e5e58f72c96	parent_control	0b12844861aea32af6187a950713e82b4d381a3e2451cfe27eda4e5e58f72c96	1714	PF00018.35	SH3_1	SH3 domain	48	3	48	0.9583333333333334	1156	1199	1154	1199	0.025670945157526253	205.96688842773438	59.018577575683594	1.2348800217593997e-63	9.818591581578166e-18	1.9171587467516643e-19	22.899999618530273	22.899999618530273	5
control_0b12844861aea32af6187a950713e82b4d381a3e2451cfe27eda4e5e58f72c96	parent_control	0b12844861aea32af6187a950713e82b4d381a3e2451cfe27eda4e5e58f72c96	1714	PF14604.13	SH3_9	Variant SH3 domain	49	2	49	0.9795918367346939	1156	1203	1156	1203	0.028004667444574097	203.59161376953125	56.08034896850586	8.18964236776404e-63	9.73314368257639e-17	1.628978022188517e-18	30.0	30.0	5
control_0b12844861aea32af6187a950713e82b4d381a3e2451cfe27eda4e5e58f72c96	parent_control	0b12844861aea32af6187a950713e82b4d381a3e2451cfe27eda4e5e58f72c96	1714	PF07653.24	SH3_2	Variant SH3 domain	55	7	53	0.8545454545454545	1158	1203	1151	1205	0.026837806301050177	193.69906616210938	48.440277099609375	9.169326532816411e-60	2.1070321891339715e-14	3.8202815144688465e-16	21.799999237060547	21.799999237060547	5
control_0b12844861aea32af6187a950713e82b4d381a3e2451cfe27eda4e5e58f72c96	parent_control	0b12844861aea32af6187a950713e82b4d381a3e2451cfe27eda4e5e58f72c96	1714	PF00621.26	RhoGEF	RhoGEF domain	180	2	180	0.9944444444444445	1235	1414	1234	1414	0.10501750291715285	164.39578247070312	164.39578247070312	1.1724287582731046e-49	1.1724287582731046e-49	3.2703731053643082e-52	27.600000381469727	27.600000381469727	2
control_0b12844861aea32af6187a950713e82b4d381a3e2451cfe27eda4e5e58f72c96	parent_control	0b12844861aea32af6187a950713e82b4d381a3e2451cfe27eda4e5e58f72c96	1714	PF16652.12	PH_13	Pleckstrin homology domain	154	1	154	1.0	1433	1586	1433	1586	0.08984830805134189	273.9502258300781	273.9502258300781	1.2763157303096376e-83	1.2763157303096376e-83	3.5601554541412486e-86	27.0	27.0	2
control_0b12844861aea32af6187a950713e82b4d381a3e2451cfe27eda4e5e58f72c96	parent_control	0b12844861aea32af6187a950713e82b4d381a3e2451cfe27eda4e5e58f72c96	1714	PF00168.37	C2	C2 domain	104	1	98	0.9423076923076923	1589	1684	1589	1690	0.056009334889148193	82.338134765625	81.19627380371094	9.469468252754032e-25	2.1463486507983e-24	1.4967563813098328e-26	22.0	9.600000381469727	1
control_0b41e78747f2772e77b140292832059c041db8f0a51fe0d319053eb9b31c7d7b	parent_control	0b41e78747f2772e77b140292832059c041db8f0a51fe0d319053eb9b31c7d7b	241	PF10300.16	Iml2-TPR_39	Iml2/Tetratricopeptide repeat protein 39	467	278	467	0.4068522483940043	1	170	1	170	0.7053941908713693	141.2456512451172	140.99691772460938	1.5498509899585616e-42	1.8438703517598146e-42	1.800152365734826e-44	22.200000762939453	22.200000762939453	1
control_0b41e78747f2772e77b140292832059c041db8f0a51fe0d319053eb9b31c7d7b	parent_control	0b41e78747f2772e77b140292832059c041db8f0a51fe0d319053eb9b31c7d7b	241	PF10345.16	Cohesin_load	Cohesin loading factor	587	340	457	0.2010221465076661	8	128	2	136	0.5020746887966805	33.91420364379883	26.843677520751953	4.4304765359219886e-10	6.132576351756415e-08	5.987173565173627e-10	25.799999237060547	25.799999237060547	1
control_0b52ae5b66f4112036dd15e94442d990093c1bf90353edd2db23bc03a61818da	parent_control	0b52ae5b66f4112036dd15e94442d990093c1bf90353edd2db23bc03a61818da	823	PF01433.27	Peptidase_M1	Peptidase family M1 domain	218	21	218	0.908256880733945	436	653	424	653	0.2648845686512758	71.70451354980469	70.50069427490234	2.5006169089921196e-21	5.838205823004353e-21	6.514037180479055e-23	27.700000762939453	27.700000762939453	1
control_0b52ae5b66f4112036dd15e94442d990093c1bf90353edd2db23bc03a61818da	parent_control	0b52ae5b66f4112036dd15e94442d990093c1bf90353edd2db23bc03a61818da	823	PF09127.18	Leuk-A4-hydro_C	Leukotriene A4 hydrolase, C-terminal	112	2	112	0.9910714285714286	711	822	710	822	0.13608748481166463	72.46491241455078	72.46491241455078	1.1182417852555165e-21	1.1182417852555165e-21	3.1192239477141325e-24	27.0	27.0	2
control_0c64cb0a3827587831fe860ed257e113183815ed2d216d70356a0e09dc795922	parent_control	0c64cb0a3827587831fe860ed257e113183815ed2d216d70356a0e09dc795922	460	PF04438.23	zf-HIT	HIT zinc finger	30	4	30	0.9	210	237	208	237	0.06086956521739131	33.97830581665039	33.21461486816406	7.160252043206229e-10	1.2407622609900226e-09	3.4609825969038286e-12	24.700000762939453	24.700000762939453	1
control_0c64cb0a3827587831fe860ed257e113183815ed2d216d70356a0e09dc795922	parent_control	0c64cb0a3827587831fe860ed257e113183815ed2d216d70356a0e09dc795922	460	PF25790.2	BCD1	BCD1 domain	152	3	150	0.9736842105263158	299	443	297	445	0.31521739130434784	155.92623901367188	155.30213928222656	3.85990294665716e-47	6.008971393338136e-47	1.6761426480720045e-49	27.299999237060547	27.299999237060547	1
control_0d8faeca117704c75c8b896b663cf4c9153966f3e430919ba919732c9918f8b8	parent_control	0d8faeca117704c75c8b896b663cf4c9153966f3e430919ba919732c9918f8b8	2159	PF00520.38	Ion_trans	Ion transport protein	243	2	242	0.9917695473251029	126	416	125	417	0.1347846225104215	901.1918334960938	245.9707794189453	9.526842781284514e-275	1.1965249472957818e-74	3.504466372832834e-76	25.0	25.0	1
control_0d8faeca117704c75c8b896b663cf4c9153966f3e430919ba919732c9918f8b8	parent_control	0d8faeca117704c75c8b896b663cf4c9153966f3e430919ba919732c9918f8b8	2159	PF00520.38	Ion_trans	Ion transport protein	243	3	239	0.9753086419753086	524	759	522	762	0.10930986567855489	901.1918334960938	219.2899932861328	9.526842781284514e-275	1.6827064848440474e-66	4.928429035108088e-68	25.0	25.0	2
control_0d8faeca117704c75c8b896b663cf4c9153966f3e430919ba919732c9918f8b8	parent_control	0d8faeca117704c75c8b896b663cf4c9153966f3e430919ba919732c9918f8b8	2159	PF00520.38	Ion_trans	Ion transport protein	243	1	242	0.9958847736625515	885	1162	885	1163	0.1287633163501621	901.1918334960938	216.67584228515625	9.526842781284514e-275	1.057664657542061e-65	3.097762595311476e-67	25.0	25.0	3
control_0d8faeca117704c75c8b896b663cf4c9153966f3e430919ba919732c9918f8b8	parent_control	0d8faeca117704c75c8b896b663cf4c9153966f3e430919ba919732c9918f8b8	2159	PF00520.38	Ion_trans	Ion transport protein	243	2	242	0.9917695473251029	1205	1474	1204	1475	0.12505789717461788	901.1918334960938	238.26296997070312	9.526842781284514e-275	2.702848019895566e-72	7.916291271660654e-74	25.0	25.0	4
control_0d8faeca117704c75c8b896b663cf4c9153966f3e430919ba919732c9918f8b8	parent_control	0d8faeca117704c75c8b896b663cf4c9153966f3e430919ba919732c9918f8b8	2159	PF08016.19	PKD_channel	Polycystin cation channel	225	6	223	0.9688888888888889	1230	1468	1225	1470	0.11069939786938397	51.40201950073242	37.20075988769531	3.6257794826012046e-15	7.966724509492767e-11	2.3333502747468356e-12	22.399999618530273	22.399999618530273	9
control_0d8faeca117704c75c8b896b663cf4c9153966f3e430919ba919732c9918f8b8	parent_control	0d8faeca117704c75c8b896b663cf4c9153966f3e430919ba919732c9918f8b8	2159	PF16905.11	GPHH	Voltage-dependent L-type calcium channel, IQ-associated	54	1	54	1.0	1484	1537	1484	1537	0.025011579434923575	100.73284149169922	99.20980834960938	1.133306491944164e-30	3.388330554293975e-30	9.923980702953065e-32	26.799999237060547	26.799999237060547	1
control_0d8faeca117704c75c8b896b663cf4c9153966f3e430919ba919732c9918f8b8	parent_control	0d8faeca117704c75c8b896b663cf4c9153966f3e430919ba919732c9918f8b8	2159	PF08763.18	Ca_chan_IQ	Voltage gated calcium channel IQ domain	77	1	77	1.0	1547	1621	1547	1621	0.03473830477072719	105.54327392578125	104.1468276977539	5.042405327280929e-32	1.375473906276441e-31	4.028584662734346e-33	26.700000762939453	26.700000762939453	1
control_0d8faeca117704c75c8b896b663cf4c9153966f3e430919ba919732c9918f8b8	parent_control	0d8faeca117704c75c8b896b663cf4c9153966f3e430919ba919732c9918f8b8	2159	PF16885.12	CAC1F_C	Voltage-gated calcium channel subunit alpha, C-term	298	74	296	0.7483221476510067	1899	2157	1887	2159	0.11996294580824456	146.59140014648438	140.5350341796875	4.0390864900416543e-44	2.8247509193563827e-42	2.363808300716638e-44	20.399999618530273	20.399999618530273	1
control_0e0fbcb9b1b854b8968d0eeadcf97a46a29c0f6c7991ae06b8d19290a8a17027	parent_control	0e0fbcb9b1b854b8968d0eeadcf97a46a29c0f6c7991ae06b8d19290a8a17027	475	PF01233.26	NMT	Myristoyl-CoA:protein N-myristoyltransferase, N-terminal domain	160	7	160	0.9625	120	273	116	273	0.32421052631578945	253.87652587890625	253.18759155273438	2.1677903766742033e-77	3.531618880380398e-77	2.9553296070128856e-79	25.0	25.0	1
control_0e0fbcb9b1b854b8968d0eeadcf97a46a29c0f6c7991ae06b8d19290a8a17027	parent_control	0e0fbcb9b1b854b8968d0eeadcf97a46a29c0f6c7991ae06b8d19290a8a17027	475	PF02799.22	NMT_C	Myristoyl-CoA:protein N-myristoyltransferase, C-terminal domain	204	1	193	0.946078431372549	287	468	287	473	0.3831578947368421	273.787109375	273.3022766113281	3.1455921722673925e-83	4.427664658591457e-83	3.705158710118374e-85	27.899999618530273	27.899999618530273	1
control_0ea64241734af371d362441e9d423626e5af99edd5983d323c3c95e398a7d96f	parent_control	0ea64241734af371d362441e9d423626e5af99edd5983d323c3c95e398a7d96f	272	PF21362.4	Sina_RING	E3 ubiquitin-protein ligase sina/sinah, RING finger	35	1	26	0.7428571428571429	106	131	106	137	0.09558823529411764	31.05215835571289	31.05215835571289	7.820914464041612e-09	7.820914464041612e-09	2.181566098756377e-11	29.299999237060547	29.299999237060547	1
control_0ef6420d93ef0122f3f6817edcbf114a35c536d9dd535c22e45818cc3563433f	parent_control	0ef6420d93ef0122f3f6817edcbf114a35c536d9dd535c22e45818cc3563433f	1277	PF16414.12	NPC1_N	Niemann-Pick C1 N terminus	246	2	245	0.991869918699187	23	266	22	267	0.19107282693813626	255.1100311279297	254.26156616210938	2.8228192616630413e-77	5.125652726942397e-77	7.148748573141418e-80	27.0	27.0	1
control_0ef6420d93ef0122f3f6817edcbf114a35c536d9dd535c22e45818cc3563433f	parent_control	0ef6420d93ef0122f3f6817edcbf114a35c536d9dd535c22e45818cc3563433f	1277	PF22314.3	NPC1_MLD	NPC1, middle luminal domain	216	1	216	1.0	392	607	392	607	0.16914643696162882	298.4918518066406	297.2780456542969	1.158217375028176e-90	2.723581753301414e-90	3.798579851187467e-93	27.0	27.0	1
control_0ef6420d93ef0122f3f6817edcbf114a35c536d9dd535c22e45818cc3563433f	parent_control	0ef6420d93ef0122f3f6817edcbf114a35c536d9dd535c22e45818cc3563433f	1277	PF02460.25	Patched	Patched SSD	156	2	154	0.9807692307692307	628	783	622	785	0.12216131558339859	88.50666046142578	88.50666046142578	1.4464852693716785e-26	1.4464852693716785e-26	2.0174132069340006e-29	23.0	23.0	1
control_0ef6420d93ef0122f3f6817edcbf114a35c536d9dd535c22e45818cc3563433f	parent_control	0ef6420d93ef0122f3f6817edcbf114a35c536d9dd535c22e45818cc3563433f	1277	PF12349.15	Sterol-sensing	Sterol-sensing domain of SREBP cleavage-activation	153	2	152	0.9869281045751634	650	802	649	803	0.11981205951448708	183.6824951171875	183.6824951171875	7.59526759832758e-56	7.59526759832758e-56	1.0593120778699553e-58	22.299999237060547	22.299999237060547	2
control_0ef6420d93ef0122f3f6817edcbf114a35c536d9dd535c22e45818cc3563433f	parent_control	0ef6420d93ef0122f3f6817edcbf114a35c536d9dd535c22e45818cc3563433f	1277	PF03176.22	MMPL	MMPL family	333	174	299	0.3783783783783784	661	783	599	792	0.09631949882537197	22.757320404052734	22.757320404052734	1.5353893700452107e-06	1.5353893700452107e-06	2.141407768542832e-09	20.5	20.5	1
control_1012316654cdd4640ef1c907a023d91b663f24916f397d3838b83550751d0994	parent_control	1012316654cdd4640ef1c907a023d91b663f24916f397d3838b83550751d0994	190	PF06679.18	DUF1180	Membrane protein FAM174-like	167	2	167	0.9940119760479041	11	190	10	190	0.9473684210526315	231.41342163085938	231.24537658691406	3.028184776110794e-70	3.410642177028306e-70	1.4270469359951072e-72	27.700000762939453	27.700000762939453	1
control_10561a1e579b5e6a2c50c7cf8644f4cd4092e95f3e23a04b1bfbf50869fb63d6	parent_control	10561a1e579b5e6a2c50c7cf8644f4cd4092e95f3e23a04b1bfbf50869fb63d6	258	PF25372.2	LRR_FBXL15	F-box/LRR-repeat protein 15, leucine rich repeat domain	550	277	471	0.35454545454545455	49	243	42	254	0.7558139534883721	55.64000701904297	55.0723991394043	1.1488709050939811e-16	1.7069899080244578e-16	9.52295625118247e-19	27.5	27.5	2
control_10561a1e579b5e6a2c50c7cf8644f4cd4092e95f3e23a04b1bfbf50869fb63d6	parent_control	10561a1e579b5e6a2c50c7cf8644f4cd4092e95f3e23a04b1bfbf50869fb63d6	258	PF13516.13	LRR_6	Leucine Rich repeat	24	6	24	0.7916666666666666	64	82	61	82	0.07364341085271318	52.20894241333008	11.04670524597168	9.24768136689307e-16	0.013905351769949304	7.75751842117116e-05	23.399999618530273	8.699999809265137	1
control_10561a1e579b5e6a2c50c7cf8644f4cd4092e95f3e23a04b1bfbf50869fb63d6	parent_control	10561a1e579b5e6a2c50c7cf8644f4cd4092e95f3e23a04b1bfbf50869fb63d6	258	PF13516.13	LRR_6	Leucine Rich repeat	24	2	24	0.9583333333333334	114	137	113	137	0.09302325581395349	52.20894241333008	12.417093276977539	9.24768136689307e-16	0.005063882073995585	2.8250388139445384e-05	23.399999618530273	8.699999809265137	4
control_10561a1e579b5e6a2c50c7cf8644f4cd4092e95f3e23a04b1bfbf50869fb63d6	parent_control	10561a1e579b5e6a2c50c7cf8644f4cd4092e95f3e23a04b1bfbf50869fb63d6	258	PF13516.13	LRR_6	Leucine Rich repeat	24	1	23	0.9583333333333334	165	187	165	188	0.08914728682170543	52.20894241333008	12.065950393676758	9.24768136689307e-16	0.006559850611106878	3.6596098248852874e-05	23.399999618530273	8.699999809265137	6
control_1084bdd9d4ef0beda3e209b07d4b3141e26469f5e15e93b28d521e00d2e73f79	parent_control	1084bdd9d4ef0beda3e209b07d4b3141e26469f5e15e93b28d521e00d2e73f79	256	PF00335.27	Tetraspanin	Tetraspanin family	225	17	225	0.9288888888888889	28	239	26	239	0.828125	164.9537353515625	164.61361694335938	8.230215685142915e-50	1.0456796751252415e-49	2.9168191774762664e-52	32.099998474121094	32.099998474121094	1
control_10ce478100d2c9a73604e8f0be05ba39f5d5243bcb8c966a6ca58e42dd14c00a	parent_control	10ce478100d2c9a73604e8f0be05ba39f5d5243bcb8c966a6ca58e42dd14c00a	1213	PF12763.14	EH	EH domain	101	4	82	0.7821782178217822	20	96	17	111	0.06347897774113767	135.17945861816406	63.172393798828125	2.5488419287887425e-41	6.880652262251634e-19	1.0556091336787724e-20	22.0	22.0	1
control_10ce478100d2c9a73604e8f0be05ba39f5d5243bcb8c966a6ca58e42dd14c00a	parent_control	10ce478100d2c9a73604e8f0be05ba39f5d5243bcb8c966a6ca58e42dd14c00a	1213	PF12763.14	EH	EH domain	101	6	75	0.693069306930693	222	292	217	310	0.0585325638911789	135.17945861816406	68.9515380859375	2.5488419287887425e-41	1.089780425511575e-20	1.6719086025979533e-22	22.0	22.0	2
control_10ce478100d2c9a73604e8f0be05ba39f5d5243bcb8c966a6ca58e42dd14c00a	parent_control	10ce478100d2c9a73604e8f0be05ba39f5d5243bcb8c966a6ca58e42dd14c00a	1213	PF07653.24	SH3_2	Variant SH3 domain	55	1	53	0.9636363636363636	742	795	742	797	0.04451772464962902	196.18145751953125	25.26938819885254	1.5386422319456634e-60	3.6262976529137405e-07	6.5748771949621515e-09	21.799999237060547	21.799999237060547	1
control_10ce478100d2c9a73604e8f0be05ba39f5d5243bcb8c966a6ca58e42dd14c00a	parent_control	10ce478100d2c9a73604e8f0be05ba39f5d5243bcb8c966a6ca58e42dd14c00a	1213	PF00018.35	SH3_1	SH3 domain	48	1	48	1.0	744	791	744	791	0.03957131079967024	208.5540771484375	38.90559005737305	1.9208641755486396e-64	1.881456054429079e-11	3.673693830126515e-13	22.899999618530273	22.899999618530273	1
control_10ce478100d2c9a73604e8f0be05ba39f5d5243bcb8c966a6ca58e42dd14c00a	parent_control	10ce478100d2c9a73604e8f0be05ba39f5d5243bcb8c966a6ca58e42dd14c00a	1213	PF14604.13	SH3_9	Variant SH3 domain	49	1	47	0.9591836734693877	745	793	745	795	0.0403957131079967	206.1219024658203	46.31005859375	1.3271864152897e-63	1.0964606311249494e-13	1.835080554184016e-15	30.0	30.0	1
control_10ce478100d2c9a73604e8f0be05ba39f5d5243bcb8c966a6ca58e42dd14c00a	parent_control	10ce478100d2c9a73604e8f0be05ba39f5d5243bcb8c966a6ca58e42dd14c00a	1213	PF16617.11	INTAP	Intersectin and clathrin adaptor AP2 binding region	115	1	115	1.0	796	910	796	910	0.09480626545754328	181.10110473632812	181.10110473632812	2.8985762991503963e-55	2.8985762991503963e-55	2.829851338082674e-57	25.0	25.0	2
control_10ce478100d2c9a73604e8f0be05ba39f5d5243bcb8c966a6ca58e42dd14c00a	parent_control	10ce478100d2c9a73604e8f0be05ba39f5d5243bcb8c966a6ca58e42dd14c00a	1213	PF00018.35	SH3_1	SH3 domain	48	1	48	1.0	912	956	912	956	0.03709810387469085	208.5540771484375	43.63500213623047	1.9208641755486396e-64	6.269402960957416e-13	1.2241512057657436e-14	22.899999618530273	22.899999618530273	2
control_10ce478100d2c9a73604e8f0be05ba39f5d5243bcb8c966a6ca58e42dd14c00a	parent_control	10ce478100d2c9a73604e8f0be05ba39f5d5243bcb8c966a6ca58e42dd14c00a	1213	PF14604.13	SH3_9	Variant SH3 domain	49	1	49	1.0	913	960	913	960	0.03957131079967024	206.1219024658203	39.972572326660156	1.3271864152897e-63	1.045924180494564e-11	1.7505007204929942e-13	30.0	30.0	2
control_10ce478100d2c9a73604e8f0be05ba39f5d5243bcb8c966a6ca58e42dd14c00a	parent_control	10ce478100d2c9a73604e8f0be05ba39f5d5243bcb8c966a6ca58e42dd14c00a	1213	PF07653.24	SH3_2	Variant SH3 domain	55	9	54	0.8363636363636363	918	961	911	962	0.036273701566364384	196.18145751953125	40.673980712890625	1.5386422319456634e-60	5.6095223120117436e-12	1.0170682016199815e-13	21.799999237060547	21.799999237060547	2
control_10ce478100d2c9a73604e8f0be05ba39f5d5243bcb8c966a6ca58e42dd14c00a	parent_control	10ce478100d2c9a73604e8f0be05ba39f5d5243bcb8c966a6ca58e42dd14c00a	1213	PF00018.35	SH3_1	SH3 domain	48	1	48	1.0	1001	1045	1001	1045	0.03709810387469085	208.5540771484375	41.135990142822266	1.9208641755486396e-64	3.7827846643839305e-12	7.386190418601817e-14	22.899999618530273	22.899999618530273	3
control_10ce478100d2c9a73604e8f0be05ba39f5d5243bcb8c966a6ca58e42dd14c00a	parent_control	10ce478100d2c9a73604e8f0be05ba39f5d5243bcb8c966a6ca58e42dd14c00a	1213	PF07653.24	SH3_2	Variant SH3 domain	55	3	53	0.9272727272727272	1001	1049	1000	1050	0.0403957131079967	196.18145751953125	39.5601692199707	1.5386422319456634e-60	1.2495289203764464e-11	2.2655336073770993e-13	21.799999237060547	21.799999237060547	3
control_10ce478100d2c9a73604e8f0be05ba39f5d5243bcb8c966a6ca58e42dd14c00a	parent_control	10ce478100d2c9a73604e8f0be05ba39f5d5243bcb8c966a6ca58e42dd14c00a	1213	PF14604.13	SH3_9	Variant SH3 domain	49	1	48	0.9795918367346939	1002	1048	1002	1049	0.038746908491343775	206.1219024658203	32.78264617919922	1.3271864152897e-63	1.8419000640848448e-09	3.0826779315227526e-11	30.0	30.0	3
control_10ce478100d2c9a73604e8f0be05ba39f5d5243bcb8c966a6ca58e42dd14c00a	parent_control	10ce478100d2c9a73604e8f0be05ba39f5d5243bcb8c966a6ca58e42dd14c00a	1213	PF07653.24	SH3_2	Variant SH3 domain	55	2	54	0.9636363636363636	1072	1128	1071	1129	0.04699093157460841	196.18145751953125	38.58150100708008	1.5386422319456634e-60	2.5255983007477183e-11	4.579187992987495e-13	21.799999237060547	21.799999237060547	4
control_10ce478100d2c9a73604e8f0be05ba39f5d5243bcb8c966a6ca58e42dd14c00a	parent_control	10ce478100d2c9a73604e8f0be05ba39f5d5243bcb8c966a6ca58e42dd14c00a	1213	PF00018.35	SH3_1	SH3 domain	48	2	48	0.9791666666666666	1074	1123	1073	1123	0.041220115416323165	208.5540771484375	31.055158615112305	1.9208641755486396e-64	5.328882556676649e-09	1.0405070543022745e-10	22.899999618530273	22.899999618530273	4
control_10ce478100d2c9a73604e8f0be05ba39f5d5243bcb8c966a6ca58e42dd14c00a	parent_control	10ce478100d2c9a73604e8f0be05ba39f5d5243bcb8c966a6ca58e42dd14c00a	1213	PF14604.13	SH3_9	Variant SH3 domain	49	1	49	1.0	1074	1127	1074	1127	0.04451772464962902	206.1219024658203	32.27817153930664	1.3271864152897e-63	2.6475135130116478e-09	4.4309849590153103e-11	30.0	30.0	4
control_10ce478100d2c9a73604e8f0be05ba39f5d5243bcb8c966a6ca58e42dd14c00a	parent_control	10ce478100d2c9a73604e8f0be05ba39f5d5243bcb8c966a6ca58e42dd14c00a	1213	PF00018.35	SH3_1	SH3 domain	48	3	48	0.9583333333333334	1156	1199	1154	1199	0.036273701566364384	208.5540771484375	59.56406021118164	1.9208641755486396e-64	6.632290467560008e-18	1.295007901615622e-19	22.899999618530273	22.899999618530273	5
control_10ce478100d2c9a73604e8f0be05ba39f5d5243bcb8c966a6ca58e42dd14c00a	parent_control	10ce478100d2c9a73604e8f0be05ba39f5d5243bcb8c966a6ca58e42dd14c00a	1213	PF14604.13	SH3_9	Variant SH3 domain	49	2	49	0.9795918367346939	1156	1203	1156	1203	0.03957131079967024	206.1219024658203	56.62895202636719	1.3271864152897e-63	6.559904958309417e-17	1.0978920432317015e-18	30.0	30.0	5
control_10ce478100d2c9a73604e8f0be05ba39f5d5243bcb8c966a6ca58e42dd14c00a	parent_control	10ce478100d2c9a73604e8f0be05ba39f5d5243bcb8c966a6ca58e42dd14c00a	1213	PF07653.24	SH3_2	Variant SH3 domain	55	7	53	0.8545454545454545	1158	1203	1151	1205	0.03792250618301731	196.18145751953125	48.991275787353516	1.5386422319456634e-60	1.4177694275871953e-14	2.570572183909838e-16	21.799999237060547	21.799999237060547	5
control_10d8a9893d3a1ef91a8de4af709f7c49430ee8d6e73b19b3c5f671ea185d1f9a	parent_control	10d8a9893d3a1ef91a8de4af709f7c49430ee8d6e73b19b3c5f671ea185d1f9a	2792	PF11547.15	E3_UbLigase_EDD	E3 ubiquitin ligase EDD	52	1	52	1.0	179	230	179	230	0.01862464183381089	95.12686920166016	93.88047790527344	6.26077741767787e-29	1.5343378961881736e-28	4.279882555615547e-31	25.0	25.0	1
control_10d8a9893d3a1ef91a8de4af709f7c49430ee8d6e73b19b3c5f671ea185d1f9a	parent_control	10d8a9893d3a1ef91a8de4af709f7c49430ee8d6e73b19b3c5f671ea185d1f9a	2792	PF30806.1	HEAT_UBR5_1st	UBR5 first HEAT repeat domain	292	1	292	1.0	866	1157	866	1157	0.10458452722063037	643.1675415039062	642.8905029296875	1.79812401767659e-195	2.1838315376704608e-195	6.091580300336013e-198	27.0	27.0	1
control_10d8a9893d3a1ef91a8de4af709f7c49430ee8d6e73b19b3c5f671ea185d1f9a	parent_control	10d8a9893d3a1ef91a8de4af709f7c49430ee8d6e73b19b3c5f671ea185d1f9a	2792	PF30802.1	zf-UBR_1	UBR box	67	1	67	1.0	1169	1235	1169	1235	0.023997134670487107	138.0856170654297	138.0856170654297	3.60265295854376e-42	3.60265295854376e-42	1.004924116748608e-44	27.0	27.0	2
control_10d8a9893d3a1ef91a8de4af709f7c49430ee8d6e73b19b3c5f671ea185d1f9a	parent_control	10d8a9893d3a1ef91a8de4af709f7c49430ee8d6e73b19b3c5f671ea185d1f9a	2792	PF30807.1	HEAT_UBR5_2nd	UBR5 second HEAT repeat domain	959	1	959	1.0	1242	2200	1242	2200	0.3434813753581662	2165.423583984375	2164.99560546875	0.0	0.0	0.0	27.0	27.0	1
control_10d8a9893d3a1ef91a8de4af709f7c49430ee8d6e73b19b3c5f671ea185d1f9a	parent_control	10d8a9893d3a1ef91a8de4af709f7c49430ee8d6e73b19b3c5f671ea185d1f9a	2792	PF00658.25	MLLE	MLLE domain	66	9	66	0.8787878787878788	2386	2443	2381	2443	0.020773638968481375	75.84259033203125	74.79322814941406	7.499130623626131e-23	1.5943945272430394e-22	4.447404539032188e-25	27.0	27.0	1
control_10d8a9893d3a1ef91a8de4af709f7c49430ee8d6e73b19b3c5f671ea185d1f9a	parent_control	10d8a9893d3a1ef91a8de4af709f7c49430ee8d6e73b19b3c5f671ea185d1f9a	2792	PF00632.31	HECT	HECT-domain (ubiquitin-transferase)	307	11	306	0.9641693811074918	2494	2791	2490	2792	0.10673352435530085	239.11746215820312	238.4791259765625	3.2400815031749746e-72	5.068929161122623e-72	1.4139272415962685e-74	23.899999618530273	23.899999618530273	1
control_10ddcb886a5cd3a2db9b2764097530b46aeeabebcf5ab666a1fc9553c158cc00	parent_control	10ddcb886a5cd3a2db9b2764097530b46aeeabebcf5ab666a1fc9553c158cc00	224	PF04201.21	TPD52	Tumour protein D52 family	108	1	108	1.0	70	177	70	177	0.48214285714285715	177.37533569335938	176.83685302734375	2.9988770753517374e-54	4.4089445547338543e-54	1.1683395612265443e-55	25.0	25.0	1
control_10f3813649580c2e31f2da5a2362c4746a0a6d76f7720be908bbe728279d596d	parent_control	10f3813649580c2e31f2da5a2362c4746a0a6d76f7720be908bbe728279d596d	215	PF25372.2	LRR_FBXL15	F-box/LRR-repeat protein 15, leucine rich repeat domain	550	277	471	0.35454545454545455	6	200	4	211	0.9069767441860465	56.81193923950195	55.801761627197266	5.07257347013243e-17	1.0262823071932834e-16	5.72542430791232e-19	27.5	27.5	1
control_10f3813649580c2e31f2da5a2362c4746a0a6d76f7720be908bbe728279d596d	parent_control	10f3813649580c2e31f2da5a2362c4746a0a6d76f7720be908bbe728279d596d	215	PF13516.13	LRR_6	Leucine Rich repeat	24	6	24	0.7916666666666666	21	39	18	39	0.08837209302325581	54.16514205932617	11.372753143310547	2.1867556944856362e-16	0.010934657894478452	6.1002275561943946e-05	23.399999618530273	8.699999809265137	1
control_10f3813649580c2e31f2da5a2362c4746a0a6d76f7720be908bbe728279d596d	parent_control	10f3813649580c2e31f2da5a2362c4746a0a6d76f7720be908bbe728279d596d	215	PF13516.13	LRR_6	Leucine Rich repeat	24	2	24	0.9583333333333334	71	94	70	94	0.11162790697674418	54.16514205932617	12.758764266967773	2.1867556944856362e-16	0.003936456238120346	2.196070425729621e-05	23.399999618530273	8.699999809265137	4
control_10f3813649580c2e31f2da5a2362c4746a0a6d76f7720be908bbe728279d596d	parent_control	10f3813649580c2e31f2da5a2362c4746a0a6d76f7720be908bbe728279d596d	215	PF13516.13	LRR_6	Leucine Rich repeat	24	1	23	0.9583333333333334	122	144	122	145	0.10697674418604651	54.16514205932617	12.406280517578125	2.1867556944856362e-16	0.005104404009409454	2.8476451935338656e-05	23.399999618530273	8.699999809265137	6
control_11ea8115c8a36ecd57863720f9edf6ee95c8fdbf005ec23e97df03115c57b47a	parent_control	11ea8115c8a36ecd57863720f9edf6ee95c8fdbf005ec23e97df03115c57b47a	273	PF04427.24	Brix	Brix domain	193	3	193	0.9896373056994818	7	194	5	194	0.6886446886446886	178.40365600585938	177.72457885742188	5.913012821940415e-54	9.549046766696195e-54	5.327222742926748e-56	28.200000762939453	28.200000762939453	1
control_12391ef308f1b7d1f62d0a5e8dc781b659438d88ea6c34ff2bbce795a3076e80	parent_control	12391ef308f1b7d1f62d0a5e8dc781b659438d88ea6c34ff2bbce795a3076e80	622	PF12796.14	Ank_2	Ankyrin repeats (3 copies)	90	4	89	0.9555555555555556	56	145	53	146	0.14469453376205788	108.87158966064453	54.507877349853516	5.668260709894347e-33	5.18811856089162e-16	1.3024565424832518e-17	27.299999237060547	27.299999237060547	1
control_12391ef308f1b7d1f62d0a5e8dc781b659438d88ea6c34ff2bbce795a3076e80	parent_control	12391ef308f1b7d1f62d0a5e8dc781b659438d88ea6c34ff2bbce795a3076e80	622	PF13606.13	Ank_3	Ankyrin repeat	31	3	30	0.9032258064516129	83	109	81	110	0.04340836012861737	85.08203887939453	19.54892349243164	1.3503168520665933e-26	3.52906841828131e-05	8.859585987317096e-07	22.299999237060547	17.200000762939453	2
control_12391ef308f1b7d1f62d0a5e8dc781b659438d88ea6c34ff2bbce795a3076e80	parent_control	12391ef308f1b7d1f62d0a5e8dc781b659438d88ea6c34ff2bbce795a3076e80	622	PF13637.13	Ank_4	Ankyrin repeats (many copies)	50	1	50	1.0	86	136	86	136	0.0819935691318328	107.24067687988281	38.730506896972656	8.433545235457384e-33	3.1886776940930573e-11	8.005048604417716e-13	22.700000762939453	22.700000762939453	2
control_12391ef308f1b7d1f62d0a5e8dc781b659438d88ea6c34ff2bbce795a3076e80	parent_control	12391ef308f1b7d1f62d0a5e8dc781b659438d88ea6c34ff2bbce795a3076e80	622	PF13606.13	Ank_3	Ankyrin repeat	31	3	29	0.8709677419354839	117	142	115	144	0.04180064308681672	85.08203887939453	25.234416961669922	1.3503168520665933e-26	4.892759364704748e-07	1.2283077903024472e-08	22.299999237060547	17.200000762939453	3
control_12391ef308f1b7d1f62d0a5e8dc781b659438d88ea6c34ff2bbce795a3076e80	parent_control	12391ef308f1b7d1f62d0a5e8dc781b659438d88ea6c34ff2bbce795a3076e80	622	PF00023.37	Ank	Ankyrin repeat	33	3	32	0.9090909090909091	117	146	116	147	0.04823151125401929	103.13851928710938	32.23246383666992	7.874282943896152e-32	3.0500340392746725e-09	7.656989219936417e-11	21.100000381469727	14.699999809265137	3
control_12391ef308f1b7d1f62d0a5e8dc781b659438d88ea6c34ff2bbce795a3076e80	parent_control	12391ef308f1b7d1f62d0a5e8dc781b659438d88ea6c34ff2bbce795a3076e80	622	PF13637.13	Ank_4	Ankyrin repeats (many copies)	50	1	50	1.0	120	169	120	169	0.08038585209003216	107.24067687988281	35.264808654785156	8.433545235457384e-33	3.9368475241455514e-10	9.883299223796363e-12	22.700000762939453	22.700000762939453	3
control_12391ef308f1b7d1f62d0a5e8dc781b659438d88ea6c34ff2bbce795a3076e80	parent_control	12391ef308f1b7d1f62d0a5e8dc781b659438d88ea6c34ff2bbce795a3076e80	622	PF13857.13	Ank_5	Ankyrin repeats (many copies)	56	2	56	0.9821428571428571	203	257	202	257	0.08842443729903537	89.4397201538086	30.805469512939453	4.249408122105816e-27	1.0778635938647385e-08	1.8039558056313616e-10	27.0	27.0	4
control_12391ef308f1b7d1f62d0a5e8dc781b659438d88ea6c34ff2bbce795a3076e80	parent_control	12391ef308f1b7d1f62d0a5e8dc781b659438d88ea6c34ff2bbce795a3076e80	622	PF12796.14	Ank_2	Ankyrin repeats (3 copies)	90	21	80	0.6666666666666666	208	270	194	280	0.10128617363344052	108.87158966064453	29.629302978515625	5.668260709894347e-33	3.000285242805165e-08	7.532096843862339e-10	27.299999237060547	27.299999237060547	3
control_12391ef308f1b7d1f62d0a5e8dc781b659438d88ea6c34ff2bbce795a3076e80	parent_control	12391ef308f1b7d1f62d0a5e8dc781b659438d88ea6c34ff2bbce795a3076e80	622	PF13606.13	Ank_3	Ankyrin repeat	31	2	30	0.9354838709677419	217	244	216	245	0.04501607717041801	85.08203887939453	17.626585006713867	1.3503168520665933e-26	0.00014993730346834865	3.7641164050631457e-06	22.299999237060547	17.200000762939453	6
control_12391ef308f1b7d1f62d0a5e8dc781b659438d88ea6c34ff2bbce795a3076e80	parent_control	12391ef308f1b7d1f62d0a5e8dc781b659438d88ea6c34ff2bbce795a3076e80	622	PF00023.37	Ank	Ankyrin repeat	33	2	32	0.9393939393939394	217	247	216	248	0.04983922829581994	103.13851928710938	26.263437271118164	7.874282943896152e-32	2.431194646116658e-07	6.103417521631777e-09	21.100000381469727	14.699999809265137	6
control_12391ef308f1b7d1f62d0a5e8dc781b659438d88ea6c34ff2bbce795a3076e80	parent_control	12391ef308f1b7d1f62d0a5e8dc781b659438d88ea6c34ff2bbce795a3076e80	622	PF13637.13	Ank_4	Ankyrin repeats (many copies)	50	1	41	0.82	221	261	221	270	0.06591639871382636	107.24067687988281	26.419605255126953	8.433545235457384e-33	2.404291001192546e-07	6.035876990441539e-09	22.700000762939453	22.700000762939453	6
control_12391ef308f1b7d1f62d0a5e8dc781b659438d88ea6c34ff2bbce795a3076e80	parent_control	12391ef308f1b7d1f62d0a5e8dc781b659438d88ea6c34ff2bbce795a3076e80	622	PF01529.26	DHHC	DHHC palmitoyltransferase	133	4	130	0.9548872180451128	424	556	421	558	0.21382636655948553	107.54644775390625	107.54644775390625	1.9384822159018561e-32	1.9384822159018561e-32	1.3518007084392301e-34	28.700000762939453	28.700000762939453	3
control_1270597898e07e7e58193ae60f5c6f6ff767637730509b62d4f533530ab4be76	parent_control	1270597898e07e7e58193ae60f5c6f6ff767637730509b62d4f533530ab4be76	84	PF05920.18	Homeobox_KN	Homeobox KN domain	40	1	29	0.725	53	81	53	82	0.34523809523809523	40.10417938232422	39.06600570678711	9.446648395198017e-12	1.9937555908814064e-11	1.112276480268567e-13	24.0	24.0	1
control_13af641587610835ccf13231157fe90ef6e91f0485fa14f7ec5a46506b5a8823	parent_control	13af641587610835ccf13231157fe90ef6e91f0485fa14f7ec5a46506b5a8823	68	PF03165.23	MH1	MH1 domain	103	1	40	0.3883495145631068	31	68	31	68	0.5588235294117647	31.88900375366211	31.468196868896484	4.6926675252243774e-09	6.345013563974046e-09	2.6548173907841198e-11	25.0	25.0	1
control_13b5675d262133b2e7b9ba2f999fcd3667c3f362ef7a376818e13b14b4e438b3	parent_control	13b5675d262133b2e7b9ba2f999fcd3667c3f362ef7a376818e13b14b4e438b3	538	PF02758.23	PYRIN	PAAD/DAPIN/Pyrin domain	76	2	76	0.9868421052631579	9	79	7	79	0.13197026022304834	51.31279754638672	51.31279754638672	3.937130363682543e-15	3.937130363682543e-15	1.647334880201901e-17	22.899999618530273	22.899999618530273	1
control_13b5675d262133b2e7b9ba2f999fcd3667c3f362ef7a376818e13b14b4e438b3	parent_control	13b5675d262133b2e7b9ba2f999fcd3667c3f362ef7a376818e13b14b4e438b3	538	PF02760.22	HIN	HIN-200/IF120x domain	168	1	168	1.0	311	479	311	479	0.3141263940520446	244.96678161621094	244.96678161621094	1.2733331280007776e-74	1.2733331280007776e-74	1.2431425238501316e-76	22.700000762939453	22.700000762939453	1
control_14e754ce4bfad3025d57e4ad785075cb65ba2fed7bb75680c2e54a1dc0344142	parent_control	14e754ce4bfad3025d57e4ad785075cb65ba2fed7bb75680c2e54a1dc0344142	248	PF00261.26	Tropomyosin	Tropomyosin	242	2	241	0.9917355371900827	8	247	7	248	0.967741935483871	260.6048889160156	260.44964599609375	4.8308895490435965e-79	5.388141660318274e-79	9.769294502669117e-81	38.599998474121094	38.599998474121094	1
control_14fb0ceaf9513c50bef4b22cf2523256dff6936a6e4282ff17880f8465063fd0	parent_control	14fb0ceaf9513c50bef4b22cf2523256dff6936a6e4282ff17880f8465063fd0	58	PF08659.17	KR	KR domain	180	28	80	0.29444444444444445	1	50	1	55	0.8620689655172413	23.80533218383789	23.7020263671875	1.3746971736827862e-06	1.4788129319787804e-06	3.506251024217471e-08	22.600000381469727	22.600000381469727	1
control_15694dfd8968e25b22147201f613e64fcb3e5a27f353e2bf11eac571e5f1872c	parent_control	15694dfd8968e25b22147201f613e64fcb3e5a27f353e2bf11eac571e5f1872c	1589	PF00130.29	C1_1	Phorbol esters/diacylglycerol binding domain (C1 domain)	53	1	51	0.9622641509433962	71	118	71	120	0.030207677784770296	40.608463287353516	39.433780670166016	6.50273931540364e-12	1.513390800398355e-11	1.2664358162329332e-13	26.5	26.5	1
control_15694dfd8968e25b22147201f613e64fcb3e5a27f353e2bf11eac571e5f1872c	parent_control	15694dfd8968e25b22147201f613e64fcb3e5a27f353e2bf11eac571e5f1872c	1589	PF10409.16	PTEN_C2	C2 domain of PTEN tumour-suppressor protein	133	1	132	0.9924812030075187	322	448	322	449	0.07992448080553807	126.24317169189453	125.49088287353516	2.5260786317540917e-38	4.3142419809852275e-38	1.2034147785174971e-40	27.100000381469727	27.100000381469727	1
control_15694dfd8968e25b22147201f613e64fcb3e5a27f353e2bf11eac571e5f1872c	parent_control	15694dfd8968e25b22147201f613e64fcb3e5a27f353e2bf11eac571e5f1872c	1589	PF00017.31	SH2	SH2 domain	77	1	76	0.987012987012987	1316	1410	1316	1411	0.059786028949024544	36.67498779296875	34.783302307128906	1.3448176730795875e-10	5.236542608071068e-10	7.303406705817389e-12	21.0	21.0	2
control_15694dfd8968e25b22147201f613e64fcb3e5a27f353e2bf11eac571e5f1872c	parent_control	15694dfd8968e25b22147201f613e64fcb3e5a27f353e2bf11eac571e5f1872c	1589	PF08416.20	PTB	Phosphotyrosine-binding domain	131	1	131	1.0	1454	1588	1454	1588	0.08495909376966645	141.3920135498047	140.5665283203125	6.503507371756586e-43	1.170389855601799e-42	3.264685789684237e-45	27.0	27.0	1
control_161a789a5bbb452135f3c8871cc6f7fb1d41705accce89ceb07fdb4cd9bde217	parent_control	161a789a5bbb452135f3c8871cc6f7fb1d41705accce89ceb07fdb4cd9bde217	178	PF04201.21	TPD52	Tumour protein D52 family	108	1	108	1.0	24	131	24	131	0.6067415730337079	178.23019409179688	177.69944763183594	1.6264621884187678e-54	2.3780189330296107e-54	6.301584341361591e-56	25.0	25.0	1
control_175e947a06c07a38b7932887e4ef0971a98698c38e1b7e681520f6479e31c758	parent_control	175e947a06c07a38b7932887e4ef0971a98698c38e1b7e681520f6479e31c758	187	PF00261.26	Tropomyosin	Tropomyosin	242	1	79	0.32644628099173556	1	79	1	81	0.42245989304812837	176.58177185058594	52.86154556274414	2.2134566995188435e-53	1.3483216816887375e-15	2.4446557687522436e-17	38.599998474121094	38.599998474121094	1
control_175e947a06c07a38b7932887e4ef0971a98698c38e1b7e681520f6479e31c758	parent_control	175e947a06c07a38b7932887e4ef0971a98698c38e1b7e681520f6479e31c758	187	PF16526.11	CLZ	C-terminal leucine zipper domain of cyclic nucleotide-gated channels	71	9	69	0.8591549295774648	13	72	8	74	0.32085561497326204	28.11672019958496	28.11672019958496	7.759460090713205e-08	7.759460090713205e-08	6.493272042437828e-10	26.700000762939453	26.700000762939453	1
control_175e947a06c07a38b7932887e4ef0971a98698c38e1b7e681520f6479e31c758	parent_control	175e947a06c07a38b7932887e4ef0971a98698c38e1b7e681520f6479e31c758	187	PF00261.26	Tropomyosin	Tropomyosin	242	25	145	0.5	67	187	66	187	0.6470588235294118	176.58177185058594	133.28524780273438	2.2134566995188435e-53	3.698514555225393e-40	6.705814395806152e-42	38.599998474121094	38.599998474121094	2
control_17a2cddfef3cd1ce6f21f0a7eb2988deb936ee84d6ba0c6c6c4be09dd201628d	parent_control	17a2cddfef3cd1ce6f21f0a7eb2988deb936ee84d6ba0c6c6c4be09dd201628d	199	PF00578.28	AhpC-TSA	AhpC/TSA family	124	1	123	0.9919354838709677	8	141	8	142	0.6733668341708543	141.1969451904297	140.47520446777344	6.0118598294766716e-43	1.0056433721069421e-42	1.4025709513346473e-45	26.0	26.0	1
control_17a2cddfef3cd1ce6f21f0a7eb2988deb936ee84d6ba0c6c6c4be09dd201628d	parent_control	17a2cddfef3cd1ce6f21f0a7eb2988deb936ee84d6ba0c6c6c4be09dd201628d	199	PF08534.17	Redoxin	Redoxin	148	3	138	0.918918918918919	9	149	7	157	0.7085427135678392	57.61921310424805	57.26076889038086	4.6247945770973915e-17	5.964339472156786e-17	8.318465093663578e-20	26.600000381469727	26.600000381469727	1
control_17a2cddfef3cd1ce6f21f0a7eb2988deb936ee84d6ba0c6c6c4be09dd201628d	parent_control	17a2cddfef3cd1ce6f21f0a7eb2988deb936ee84d6ba0c6c6c4be09dd201628d	199	PF10417.15	1-cysPrx_C	C-terminal domain of 1-Cys peroxiredoxin	41	1	41	1.0	162	197	162	197	0.18090452261306533	56.36581039428711	55.604248046875	8.512782931595605e-17	1.472394288748016e-16	2.05354851987171e-19	21.100000381469727	21.100000381469727	1
control_184042c780d9a7ecf71eb15b70eb328cb4ece9802cbdb0467591e3ea49d585d9	parent_control	184042c780d9a7ecf71eb15b70eb328cb4ece9802cbdb0467591e3ea49d585d9	201	PF00227.32	Proteasome	Proteasome subunit	189	8	189	0.9629629629629629	5	183	3	183	0.8905472636815921	147.95298767089844	147.69651794433594	9.749387338752042e-45	1.168478372619285e-44	3.096386203593642e-46	22.399999618530273	22.399999618530273	1
control_187794a78cbec24bc71374c93ee6e850c9b47fc1a26ebef62486d1761feea239	parent_control	187794a78cbec24bc71374c93ee6e850c9b47fc1a26ebef62486d1761feea239	247	PF00261.26	Tropomyosin	Tropomyosin	242	2	239	0.9834710743801653	8	245	7	247	0.9635627530364372	274.0337829589844	273.8880615234375	3.82632186721555e-83	4.239215476986969e-83	7.686164742096318e-85	38.599998474121094	38.599998474121094	1
control_18d4d8c016e3161b8ae983eeefb5597f7799c4bf55a4fa9a026f4e9443957d5d	parent_control	18d4d8c016e3161b8ae983eeefb5597f7799c4bf55a4fa9a026f4e9443957d5d	1626	PF00520.38	Ion_trans	Ion transport protein	243	2	242	0.9917695473251029	126	416	125	417	0.17896678966789667	905.694091796875	249.26144409179688	4.017883693273564e-276	1.182988644124696e-75	3.464820296599528e-77	25.0	25.0	1
control_18d4d8c016e3161b8ae983eeefb5597f7799c4bf55a4fa9a026f4e9443957d5d	parent_control	18d4d8c016e3161b8ae983eeefb5597f7799c4bf55a4fa9a026f4e9443957d5d	1626	PF00520.38	Ion_trans	Ion transport protein	243	3	239	0.9753086419753086	524	759	522	762	0.14514145141451415	905.694091796875	219.85487365722656	4.017883693273564e-276	1.1310939431194853e-66	3.312827448467112e-68	25.0	25.0	2
control_18d4d8c016e3161b8ae983eeefb5597f7799c4bf55a4fa9a026f4e9443957d5d	parent_control	18d4d8c016e3161b8ae983eeefb5597f7799c4bf55a4fa9a026f4e9443957d5d	1626	PF00520.38	Ion_trans	Ion transport protein	243	1	242	0.9958847736625515	885	1162	885	1163	0.17097170971709716	905.694091796875	217.267333984375	4.017883693273564e-276	6.977686064388452e-66	2.0436737427079147e-67	25.0	25.0	3
control_18d4d8c016e3161b8ae983eeefb5597f7799c4bf55a4fa9a026f4e9443957d5d	parent_control	18d4d8c016e3161b8ae983eeefb5597f7799c4bf55a4fa9a026f4e9443957d5d	1626	PF00520.38	Ion_trans	Ion transport protein	243	2	242	0.9917695473251029	1205	1459	1204	1460	0.15682656826568267	905.694091796875	238.350830078125	4.017883693273564e-276	2.540913565454861e-72	7.442006258654404e-74	25.0	25.0	4
control_18d4d8c016e3161b8ae983eeefb5597f7799c4bf55a4fa9a026f4e9443957d5d	parent_control	18d4d8c016e3161b8ae983eeefb5597f7799c4bf55a4fa9a026f4e9443957d5d	1626	PF08016.19	PKD_channel	Polycystin cation channel	225	93	223	0.5822222222222222	1293	1453	1284	1455	0.0990159901599016	54.79216384887695	32.19044494628906	3.3335130810583077e-16	2.7109924167749026e-09	7.940145153734024e-11	22.399999618530273	22.399999618530273	10
control_18d4d8c016e3161b8ae983eeefb5597f7799c4bf55a4fa9a026f4e9443957d5d	parent_control	18d4d8c016e3161b8ae983eeefb5597f7799c4bf55a4fa9a026f4e9443957d5d	1626	PF16905.11	GPHH	Voltage-dependent L-type calcium channel, IQ-associated	54	1	54	1.0	1469	1522	1469	1522	0.033210332103321034	101.30681610107422	99.65435028076172	7.5006160630140196e-31	2.4612557512214335e-30	7.208698852949805e-32	26.799999237060547	26.799999237060547	1
control_18d4d8c016e3161b8ae983eeefb5597f7799c4bf55a4fa9a026f4e9443957d5d	parent_control	18d4d8c016e3161b8ae983eeefb5597f7799c4bf55a4fa9a026f4e9443957d5d	1626	PF08763.18	Ca_chan_IQ	Voltage gated calcium channel IQ domain	77	1	77	1.0	1532	1606	1532	1606	0.046125461254612546	105.97593688964844	104.6048583984375	3.6949509815025716e-32	9.897062413541132e-32	2.8987212089869426e-33	26.700000762939453	26.700000762939453	1
control_18df6210a6e46257fcd72c05946e2e30cc3f12d8a92a5dc895d18a0b610927fb	parent_control	18df6210a6e46257fcd72c05946e2e30cc3f12d8a92a5dc895d18a0b610927fb	77	PF05934.16	MCLC	Mid-1-related chloride channel (MCLC)	549	1	75	0.1366120218579235	3	77	3	77	0.974025974025974	141.81396484375	141.68450927734375	1.184339222375127e-42	1.2962729753124151e-42	1.0847472596756612e-44	25.0	25.0	1
control_1921d93ebf190fd685a8ec2b89d8c4f945408ef66d0c226eff736a99677bfc4f	parent_control	1921d93ebf190fd685a8ec2b89d8c4f945408ef66d0c226eff736a99677bfc4f	425	PF03165.23	MH1	MH1 domain	103	1	103	1.0	31	131	31	131	0.2376470588235294	142.53546142578125	141.6094207763672	1.6713959531768806e-43	3.2463108218706263e-43	1.3582890468077935e-45	25.0	25.0	1
control_1921d93ebf190fd685a8ec2b89d8c4f945408ef66d0c226eff736a99677bfc4f	parent_control	1921d93ebf190fd685a8ec2b89d8c4f945408ef66d0c226eff736a99677bfc4f	425	PF03166.20	MH2	MH2 domain	173	2	173	0.9942196531791907	231	401	230	401	0.4023529411764706	228.59494018554688	228.06307983398438	2.2124290635095813e-69	3.2227958809736277e-69	4.494833864677305e-72	25.0	25.0	1
control_19bc81ed86f0d012186ee5dbde8c60de0fd9f3b7a2155113d495171e85d787be	parent_control	19bc81ed86f0d012186ee5dbde8c60de0fd9f3b7a2155113d495171e85d787be	367	PF01909.30	NTP_transf_2	Nucleotidyltransferase domain	93	13	65	0.5698924731182796	50	107	38	134	0.15803814713896458	35.89356231689453	34.984378814697266	2.924476300069387e-10	5.619516302067007e-10	3.1350160680987484e-12	21.0	21.0	1
control_19bc81ed86f0d012186ee5dbde8c60de0fd9f3b7a2155113d495171e85d787be	parent_control	19bc81ed86f0d012186ee5dbde8c60de0fd9f3b7a2155113d495171e85d787be	367	PF10421.15	OAS1_C	2'-5'-oligoadenylate synthetase 1, domain 2, C-terminus	188	2	186	0.9840425531914894	165	348	164	350	0.5013623978201635	294.05950927734375	293.6031494140625	1.4584949745314245e-89	2.0130386124486124e-89	2.2460681868324823e-91	19.899999618530273	19.899999618530273	1
control_1a7a427b3e640fe74e4fc4595149458538c06b03b0a60caabbdaa361d7b2d4b1	parent_control	1a7a427b3e640fe74e4fc4595149458538c06b03b0a60caabbdaa361d7b2d4b1	676	PF00153.33	Mito_carr	Mitochondrial carrier protein	96	6	95	0.9375	330	423	326	424	0.1390532544378698	247.22354125976562	88.28943634033203	2.1616439580047083e-76	8.246159978414083e-27	3.4502761415958504e-29	22.299999237060547	22.299999237060547	2
control_1a7a427b3e640fe74e4fc4595149458538c06b03b0a60caabbdaa361d7b2d4b1	parent_control	1a7a427b3e640fe74e4fc4595149458538c06b03b0a60caabbdaa361d7b2d4b1	676	PF00153.33	Mito_carr	Mitochondrial carrier protein	96	3	94	0.9583333333333334	427	514	425	516	0.1301775147928994	247.22354125976562	60.56221389770508	2.1616439580047083e-76	3.682163761881415e-18	1.5406542936742325e-20	22.299999237060547	22.299999237060547	3
control_1a7a427b3e640fe74e4fc4595149458538c06b03b0a60caabbdaa361d7b2d4b1	parent_control	1a7a427b3e640fe74e4fc4595149458538c06b03b0a60caabbdaa361d7b2d4b1	676	PF00153.33	Mito_carr	Mitochondrial carrier protein	96	3	93	0.9479166666666666	519	609	517	612	0.1346153846153846	247.22354125976562	94.75100708007812	2.1616439580047083e-76	7.95214933636893e-29	3.327259136556038e-31	22.299999237060547	22.299999237060547	4
control_1a91ab23afa3aaddededca49a9a2f3b0b8253e9f1cc6afc7d6690a4adb8e1def	parent_control	1a91ab23afa3aaddededca49a9a2f3b0b8253e9f1cc6afc7d6690a4adb8e1def	308	PF07686.24	V-set	Immunoglobulin V-set domain	109	9	108	0.9174311926605505	45	167	36	168	0.39935064935064934	37.79539489746094	35.91404724121094	6.935829629046284e-11	2.665242557775489e-10	5.575821250576337e-12	26.0	26.0	1
control_1a91f17eba627fa6390451bd11f15c4e84f6c50e606ecc1e7576edfd13d8cbd3	parent_control	1a91f17eba627fa6390451bd11f15c4e84f6c50e606ecc1e7576edfd13d8cbd3	1173	PF14745.12	WASH-4_N	WASH complex subunit 4, N-terminal	572	1	571	0.9982517482517482	32	603	32	604	0.4876385336743393	771.5511474609375	771.5511474609375	1.8741168345928386e-233	1.8741168345928386e-233	1.5682986063538399e-235	25.0	25.0	1
control_1a91f17eba627fa6390451bd11f15c4e84f6c50e606ecc1e7576edfd13d8cbd3	parent_control	1a91f17eba627fa6390451bd11f15c4e84f6c50e606ecc1e7576edfd13d8cbd3	1173	PF14744.12	WASH-7_mid	WASH complex subunit 7	346	1	345	0.9971098265895953	605	948	605	949	0.2932651321398124	546.90478515625	546.90478515625	7.125327105534386e-166	7.125327105534386e-166	9.937694707858278e-169	25.0	25.0	2
control_1a91f17eba627fa6390451bd11f15c4e84f6c50e606ecc1e7576edfd13d8cbd3	parent_control	1a91f17eba627fa6390451bd11f15c4e84f6c50e606ecc1e7576edfd13d8cbd3	1173	PF14746.12	WASH-7_C	WASH complex subunit 7, C-terminal	175	1	175	1.0	966	1135	966	1135	0.14492753623188406	243.67620849609375	243.67620849609375	3.699948654766688e-74	3.699948654766688e-74	5.160318904834989e-77	25.0	25.0	2
control_1ac72fc852fd36e6ad5bbb70d6d75f98e6c4b549da94d994699921205474084e	parent_control	1ac72fc852fd36e6ad5bbb70d6d75f98e6c4b549da94d994699921205474084e	362	PF05368.20	NmrA	NmrA-like family	298	2	106	0.3523489932885906	26	133	25	149	0.2983425414364641	30.270503997802734	29.74649429321289	1.236685136117741e-08	1.7859281499147974e-08	2.4908342397695918e-11	27.0	27.0	1
control_1ac72fc852fd36e6ad5bbb70d6d75f98e6c4b549da94d994699921205474084e	parent_control	1ac72fc852fd36e6ad5bbb70d6d75f98e6c4b549da94d994699921205474084e	362	PF01370.28	Epimerase	NAD dependent epimerase/dehydratase family	240	2	230	0.9541666666666667	30	245	29	256	0.5966850828729282	122.145751953125	121.82695007324219	9.09125832607467e-37	1.137630945227236e-36	6.34661615189532e-39	20.899999618530273	20.899999618530273	1
control_1ac72fc852fd36e6ad5bbb70d6d75f98e6c4b549da94d994699921205474084e	parent_control	1ac72fc852fd36e6ad5bbb70d6d75f98e6c4b549da94d994699921205474084e	362	PF04321.24	RmlD_sub_bind	RmlD substrate binding domain	287	4	229	0.7874564459930313	30	273	27	284	0.6740331491712708	41.67953109741211	41.07191848754883	2.8505707215998887e-12	4.366041125400161e-12	6.089318166527421e-15	27.0	27.0	1
control_1ac72fc852fd36e6ad5bbb70d6d75f98e6c4b549da94d994699921205474084e	parent_control	1ac72fc852fd36e6ad5bbb70d6d75f98e6c4b549da94d994699921205474084e	362	PF16363.12	GDP_Man_Dehyd	GDP-mannose 4,6 dehydratase	332	2	242	0.7259036144578314	31	245	30	259	0.5939226519337016	67.29120635986328	61.264896392822266	6.23747392556357e-20	4.2496443440780945e-18	5.926979559383674e-21	27.0	27.0	1
control_1ac72fc852fd36e6ad5bbb70d6d75f98e6c4b549da94d994699921205474084e	parent_control	1ac72fc852fd36e6ad5bbb70d6d75f98e6c4b549da94d994699921205474084e	362	PF01073.26	3Beta_HSD	3-beta hydroxysteroid dehydrogenase/isomerase family	280	2	274	0.975	31	281	30	286	0.6933701657458563	211.38636779785156	211.0615997314453	5.099895438748254e-64	6.405572026167582e-64	2.680155659484344e-66	22.0	22.0	1
control_1ac72fc852fd36e6ad5bbb70d6d75f98e6c4b549da94d994699921205474084e	parent_control	1ac72fc852fd36e6ad5bbb70d6d75f98e6c4b549da94d994699921205474084e	362	PF02719.22	Polysacc_synt_2	Polysaccharide biosynthesis protein	293	5	128	0.4232081911262799	33	134	29	141	0.281767955801105	32.85050964355469	28.570581436157227	1.5186168105811388e-09	3.05732884567514e-08	5.543274057709458e-10	20.200000762939453	20.200000762939453	1
control_1ac72fc852fd36e6ad5bbb70d6d75f98e6c4b549da94d994699921205474084e	parent_control	1ac72fc852fd36e6ad5bbb70d6d75f98e6c4b549da94d994699921205474084e	362	PF13460.13	NAD_binding_10	NAD(P)H-binding	184	1	103	0.5597826086956522	33	139	33	176	0.2955801104972376	52.17704391479492	51.564212799072266	2.6391284388645616e-15	4.068843263713563e-15	5.674816267382933e-18	27.200000762939453	27.200000762939453	1
control_1ac72fc852fd36e6ad5bbb70d6d75f98e6c4b549da94d994699921205474084e	parent_control	1ac72fc852fd36e6ad5bbb70d6d75f98e6c4b549da94d994699921205474084e	362	PF07993.19	NAD_binding_4	Male sterility protein	258	61	255	0.7558139534883721	65	233	51	236	0.46685082872928174	40.64190673828125	25.071516036987305	6.093781749744396e-12	3.435820833068531e-07	4.79193979507466e-10	20.100000381469727	20.100000381469727	2
control_1ade48f0b575ee69e04c09f441427f43c0ec94601a57742af2cdead2021bd67e	parent_control	1ade48f0b575ee69e04c09f441427f43c0ec94601a57742af2cdead2021bd67e	229	PF04201.21	TPD52	Tumour protein D52 family	108	1	81	0.75	41	121	41	122	0.3537117903930131	177.2024688720703	113.8269271850586	3.393834558480626e-54	1.6968379784708739e-34	4.4965023139395545e-36	25.0	25.0	1
control_1ade48f0b575ee69e04c09f441427f43c0ec94601a57742af2cdead2021bd67e	parent_control	1ade48f0b575ee69e04c09f441427f43c0ec94601a57742af2cdead2021bd67e	229	PF04201.21	TPD52	Tumour protein D52 family	108	59	108	0.46296296296296297	119	191	115	191	0.31877729257641924	177.2024688720703	67.11968994140625	3.393834558480626e-54	5.592415132198061e-20	1.481951011321662e-21	25.0	25.0	2
control_1b61cd6b0dfaf857fcfbd9ab8f155546dfbee8244464eb942deb270a1f8870a0	parent_control	1b61cd6b0dfaf857fcfbd9ab8f155546dfbee8244464eb942deb270a1f8870a0	105	PF04756.20	OST3_OST6	OST3 / OST6 family, transporter family	294	1	50	0.17006802721088435	54	103	54	105	0.47619047619047616	47.38930892944336	47.12422561645508	6.646952240433085e-14	8.00527842491228e-14	1.2281459229293596e-15	27.0	27.0	1
control_1bac4ca7391e57bc4f272e14814285c195c59eafe5503a85cf79268855049d25	parent_control	1bac4ca7391e57bc4f272e14814285c195c59eafe5503a85cf79268855049d25	519	PF01496.25	V_ATPase_I	V-type ATPase 116kDa subunit family	815	1	500	0.6134969325153374	27	519	27	519	0.9499036608863198	495.559326171875	495.35284423828125	9.079408813418642e-150	1.0482942509508218e-149	1.0234392966047075e-151	30.700000762939453	30.700000762939453	1
control_1bb99356d918b0fbaa9b069fdeb691f9390e078bfa32068a8186f372bbfd91a3	parent_control	1bb99356d918b0fbaa9b069fdeb691f9390e078bfa32068a8186f372bbfd91a3	162	PF04201.21	TPD52	Tumour protein D52 family	108	1	108	1.0	8	115	8	115	0.6666666666666666	178.58656311035156	178.09002685546875	1.2603007144865113e-54	1.7980923726761235e-54	4.764819397607579e-56	25.0	25.0	1
control_1c17dc92b2e60504681c3ede621d80cc87b40f0d26ebf748243378b605a54caa	parent_control	1c17dc92b2e60504681c3ede621d80cc87b40f0d26ebf748243378b605a54caa	343	PF07851.19	TMEM120A-B	TMEM120A/B	324	2	323	0.9938271604938271	14	335	13	336	0.9387755102040817	526.630859375	526.4320068359375	8.95951360148779e-160	1.029903209934795e-159	5.745624602146695e-162	29.799999237060547	29.799999237060547	1
control_1c79bf7453c5fe786a63bba1d9e7e64cbfc2f371c27d5dc128022f3f58fc3ecb	parent_control	1c79bf7453c5fe786a63bba1d9e7e64cbfc2f371c27d5dc128022f3f58fc3ecb	2491	PF00307.37	CH	Calponin homology (CH) domain	109	2	107	0.9724770642201835	32	134	31	136	0.04134885588117222	146.8966064453125	69.60468292236328	8.618211531251493e-45	9.000657951938006e-21	3.765965670266948e-23	26.0	22.100000381469727	1
control_1c79bf7453c5fe786a63bba1d9e7e64cbfc2f371c27d5dc128022f3f58fc3ecb	parent_control	1c79bf7453c5fe786a63bba1d9e7e64cbfc2f371c27d5dc128022f3f58fc3ecb	2491	PF00307.37	CH	Calponin homology (CH) domain	109	3	107	0.963302752293578	152	254	150	256	0.04134885588117222	146.8966064453125	72.90122985839844	8.618211531251493e-45	8.50855055627401e-22	3.560062994256908e-24	26.0	22.100000381469727	2
control_1c79bf7453c5fe786a63bba1d9e7e64cbfc2f371c27d5dc128022f3f58fc3ecb	parent_control	1c79bf7453c5fe786a63bba1d9e7e64cbfc2f371c27d5dc128022f3f58fc3ecb	2491	PF00435.28	Spectrin	Spectrin repeat	105	3	105	0.9809523809523809	311	417	309	417	0.04295463669209153	351.2074890136719	48.95161056518555	2.584422020354507e-108	2.828074390711888e-14	1.9721578735787226e-16	29.899999618530273	24.200000762939453	1
control_1c79bf7453c5fe786a63bba1d9e7e64cbfc2f371c27d5dc128022f3f58fc3ecb	parent_control	1c79bf7453c5fe786a63bba1d9e7e64cbfc2f371c27d5dc128022f3f58fc3ecb	2491	PF00435.28	Spectrin	Spectrin repeat	105	4	105	0.9714285714285714	421	526	418	526	0.0425531914893617	351.2074890136719	49.03667449951172	2.584422020354507e-108	2.6608805442091125e-14	1.8555652330607477e-16	29.899999618530273	24.200000762939453	2
control_1c79bf7453c5fe786a63bba1d9e7e64cbfc2f371c27d5dc128022f3f58fc3ecb	parent_control	1c79bf7453c5fe786a63bba1d9e7e64cbfc2f371c27d5dc128022f3f58fc3ecb	2491	PF00435.28	Spectrin	Spectrin repeat	105	4	105	0.9714285714285714	1128	1230	1125	1230	0.04134885588117222	351.2074890136719	38.442649841308594	2.584422020354507e-108	5.26117976046796e-11	3.668884072850739e-13	29.899999618530273	24.200000762939453	8
control_1c79bf7453c5fe786a63bba1d9e7e64cbfc2f371c27d5dc128022f3f58fc3ecb	parent_control	1c79bf7453c5fe786a63bba1d9e7e64cbfc2f371c27d5dc128022f3f58fc3ecb	2491	PF00435.28	Spectrin	Spectrin repeat	105	2	98	0.9238095238095239	1653	1746	1652	1752	0.03773584905660377	351.2074890136719	25.718576431274414	2.584422020354507e-108	4.78465557971949e-07	3.3365799021753763e-09	29.899999618530273	24.200000762939453	13
control_1c79bf7453c5fe786a63bba1d9e7e64cbfc2f371c27d5dc128022f3f58fc3ecb	parent_control	1c79bf7453c5fe786a63bba1d9e7e64cbfc2f371c27d5dc128022f3f58fc3ecb	2491	PF00435.28	Spectrin	Spectrin repeat	105	2	100	0.9428571428571428	1977	2076	1976	2080	0.04014452027298274	351.2074890136719	40.00505828857422	2.584422020354507e-108	1.7178293392086776e-11	1.1979284094900122e-13	29.899999618530273	24.200000762939453	16
control_1c79bf7453c5fe786a63bba1d9e7e64cbfc2f371c27d5dc128022f3f58fc3ecb	parent_control	1c79bf7453c5fe786a63bba1d9e7e64cbfc2f371c27d5dc128022f3f58fc3ecb	2491	PF00435.28	Spectrin	Spectrin repeat	105	9	105	0.9238095238095239	2232	2331	2228	2331	0.04014452027298274	351.2074890136719	31.238252639770508	2.584422020354507e-108	9.17372403529776e-09	6.397297095744602e-11	29.899999618530273	24.200000762939453	18
control_1d7ceab20e9bbc45d46cb2d2288ea15dced9d0d8eceb8e5de8c5b53eaaf91be5	parent_control	1d7ceab20e9bbc45d46cb2d2288ea15dced9d0d8eceb8e5de8c5b53eaaf91be5	1626	PF00520.38	Ion_trans	Ion transport protein	243	2	242	0.9917695473251029	126	416	125	417	0.17896678966789667	902.999755859375	246.57101440429688	2.6719282203908853e-275	7.845399545258506e-75	2.2978157663937047e-76	25.0	25.0	1
control_1d7ceab20e9bbc45d46cb2d2288ea15dced9d0d8eceb8e5de8c5b53eaaf91be5	parent_control	1d7ceab20e9bbc45d46cb2d2288ea15dced9d0d8eceb8e5de8c5b53eaaf91be5	1626	PF00520.38	Ion_trans	Ion transport protein	243	3	239	0.9753086419753086	524	759	522	762	0.14514145141451415	902.999755859375	219.85487365722656	2.6719282203908853e-275	1.1310939431194853e-66	3.312827448467112e-68	25.0	25.0	2
control_1d7ceab20e9bbc45d46cb2d2288ea15dced9d0d8eceb8e5de8c5b53eaaf91be5	parent_control	1d7ceab20e9bbc45d46cb2d2288ea15dced9d0d8eceb8e5de8c5b53eaaf91be5	1626	PF00520.38	Ion_trans	Ion transport protein	243	1	242	0.9958847736625515	885	1162	885	1163	0.17097170971709716	902.999755859375	217.267333984375	2.6719282203908853e-275	6.977686064388452e-66	2.0436737427079147e-67	25.0	25.0	3
control_1d7ceab20e9bbc45d46cb2d2288ea15dced9d0d8eceb8e5de8c5b53eaaf91be5	parent_control	1d7ceab20e9bbc45d46cb2d2288ea15dced9d0d8eceb8e5de8c5b53eaaf91be5	1626	PF00520.38	Ion_trans	Ion transport protein	243	2	242	0.9917695473251029	1205	1459	1204	1460	0.15682656826568267	902.999755859375	238.350830078125	2.6719282203908853e-275	2.540913565454861e-72	7.442006258654404e-74	25.0	25.0	4
control_1d7ceab20e9bbc45d46cb2d2288ea15dced9d0d8eceb8e5de8c5b53eaaf91be5	parent_control	1d7ceab20e9bbc45d46cb2d2288ea15dced9d0d8eceb8e5de8c5b53eaaf91be5	1626	PF08016.19	PKD_channel	Polycystin cation channel	225	93	223	0.5822222222222222	1293	1453	1284	1455	0.0990159901599016	54.498050689697266	32.19044494628906	4.1003791498358053e-16	2.7109924167749026e-09	7.940145153734024e-11	22.399999618530273	22.399999618530273	10
control_1d7ceab20e9bbc45d46cb2d2288ea15dced9d0d8eceb8e5de8c5b53eaaf91be5	parent_control	1d7ceab20e9bbc45d46cb2d2288ea15dced9d0d8eceb8e5de8c5b53eaaf91be5	1626	PF16905.11	GPHH	Voltage-dependent L-type calcium channel, IQ-associated	54	1	54	1.0	1469	1522	1469	1522	0.033210332103321034	101.30977630615234	99.65435028076172	7.484666829163498e-31	2.4612557512214335e-30	7.208698852949805e-32	26.799999237060547	26.799999237060547	1
control_1d7ceab20e9bbc45d46cb2d2288ea15dced9d0d8eceb8e5de8c5b53eaaf91be5	parent_control	1d7ceab20e9bbc45d46cb2d2288ea15dced9d0d8eceb8e5de8c5b53eaaf91be5	1626	PF08763.18	Ca_chan_IQ	Voltage gated calcium channel IQ domain	77	1	77	1.0	1532	1606	1532	1606	0.046125461254612546	105.97669219970703	104.6048583984375	3.692946004743617e-32	9.897062413541132e-32	2.8987212089869426e-33	26.700000762939453	26.700000762939453	1
control_1e1b8dacbc6f5c126a474a112a344cee5c5eb2078996582f957923d5c9ee9e84	parent_control	1e1b8dacbc6f5c126a474a112a344cee5c5eb2078996582f957923d5c9ee9e84	167	PF01284.29	MARVEL	Membrane-associating domain	134	2	134	0.9925373134328358	33	152	32	152	0.718562874251497	64.04727935791016	63.79666519165039	5.321405339862801e-19	6.359910582035185e-19	8.87016817578129e-22	32.79999923706055	32.79999923706055	1
control_2022d42145ca2de9aab69e25281608f6ca5eeea5d7a39545411880a01b8a8929	parent_control	2022d42145ca2de9aab69e25281608f6ca5eeea5d7a39545411880a01b8a8929	485	PF01233.26	NMT	Myristoyl-CoA:protein N-myristoyltransferase, N-terminal domain	160	7	160	0.9625	130	283	126	283	0.31752577319587627	253.8151092529297	253.12838745117188	2.264188785527583e-77	3.682887720821218e-77	3.0819144107290526e-79	25.0	25.0	1
control_2022d42145ca2de9aab69e25281608f6ca5eeea5d7a39545411880a01b8a8929	parent_control	2022d42145ca2de9aab69e25281608f6ca5eeea5d7a39545411880a01b8a8929	485	PF02799.22	NMT_C	Myristoyl-CoA:protein N-myristoyltransferase, C-terminal domain	204	1	193	0.946078431372549	297	478	297	483	0.3752577319587629	273.72064208984375	273.23779296875	3.296529465725619e-83	4.633634871921453e-83	3.877518721273182e-85	27.899999618530273	27.899999618530273	1
control_211a977fad05321fe58ea701b76bb03420f60a91d794d41b885d59cc818ce3a1	parent_control	211a977fad05321fe58ea701b76bb03420f60a91d794d41b885d59cc818ce3a1	215	PF00129.24	MHC_I	Class I Histocompatibility antigen, domains alpha 1 and 2	179	1	179	1.0	22	200	22	200	0.8325581395348837	317.9645080566406	317.7715759277344	5.518140806328396e-97	6.324313975405393e-97	6.174365108485041e-99	28.299999237060547	28.299999237060547	1
control_2131f49d0d13ae79a93e5d3a2b272e0c546d5de70505f126a4e881982bef0227	parent_control	2131f49d0d13ae79a93e5d3a2b272e0c546d5de70505f126a4e881982bef0227	297	PF15365.12	PNRC	Proline-rich nuclear receptor coactivator motif	20	1	19	0.95	249	267	249	268	0.06397306397306397	26.170473098754883	26.170473098754883	2.150071516847586e-07	2.150071516847586e-07	2.9987050444178326e-10	21.0	21.0	4
control_21a41eb5f5432437f6edbd5208d41e9a040791ca1681b64d63af955237d603f2	parent_control	21a41eb5f5432437f6edbd5208d41e9a040791ca1681b64d63af955237d603f2	180	PF00328.28	His_Phos_2	Histidine phosphatase superfamily (branch 2)	354	2	153	0.4293785310734463	33	158	32	180	0.7	97.12800598144531	93.69664001464844	5.221131782297718e-29	5.767406355176813e-28	4.021901223972673e-30	23.600000381469727	23.600000381469727	1
control_21cd12faf8480374771e1b70e255ab2846307a9ba9d6d0ef6cb5180e1f15f22a	parent_control	21cd12faf8480374771e1b70e255ab2846307a9ba9d6d0ef6cb5180e1f15f22a	125	PF00130.29	C1_1	Phorbol esters/diacylglycerol binding domain (C1 domain)	53	1	51	0.9622641509433962	71	118	71	120	0.384	45.51962661743164	44.63969421386719	1.9025423507636762e-13	3.5821044437353777e-13	2.997576940364333e-15	26.5	26.5	1
control_226cb17990da90865d65ae4db0bd2f0cd45a3eda1603cbe96155fb9edda4fbd4	parent_control	226cb17990da90865d65ae4db0bd2f0cd45a3eda1603cbe96155fb9edda4fbd4	168	PF13520.13	AA_permease_2	Amino acid permease	427	1	126	0.29508196721311475	39	168	39	168	0.7738095238095238	77.36190032958984	77.20951080322266	4.0115272603338953e-23	4.462329658236545e-23	1.8670835390111067e-25	27.0	27.0	1
control_226cb17990da90865d65ae4db0bd2f0cd45a3eda1603cbe96155fb9edda4fbd4	parent_control	226cb17990da90865d65ae4db0bd2f0cd45a3eda1603cbe96155fb9edda4fbd4	168	PF00324.28	AA_permease	Amino acid permease	470	5	100	0.20425531914893616	47	145	44	155	0.5892857142857143	38.23100662231445	37.93989181518555	2.6406516948540094e-11	3.2359509932488633e-11	1.353954390480696e-13	24.600000381469727	24.600000381469727	1
control_248ca5f1a91d00ea524e2c920340dcb97090c69e78f290c6fc51158d6163ea81	parent_control	248ca5f1a91d00ea524e2c920340dcb97090c69e78f290c6fc51158d6163ea81	354	PF02758.23	PYRIN	PAAD/DAPIN/Pyrin domain	76	2	75	0.9736842105263158	9	78	8	79	0.1977401129943503	49.382240295410156	48.18954849243164	1.5765255690300088e-14	3.714810056306602e-14	1.5543138310906283e-16	22.899999618530273	22.899999618530273	1
control_248ca5f1a91d00ea524e2c920340dcb97090c69e78f290c6fc51158d6163ea81	parent_control	248ca5f1a91d00ea524e2c920340dcb97090c69e78f290c6fc51158d6163ea81	354	PF02760.22	HIN	HIN-200/IF120x domain	168	1	168	1.0	156	321	156	321	0.4689265536723164	223.56260681152344	223.56260681152344	4.8231804809051225e-68	4.8231804809051225e-68	4.708823342585196e-70	22.700000762939453	22.700000762939453	2
control_25c69c5f818441a9208c66ae13127eb9fb17ee34d21aa03bcbb6f403ecca90f5	parent_control	25c69c5f818441a9208c66ae13127eb9fb17ee34d21aa03bcbb6f403ecca90f5	376	PF22956.3	PIK3R4-like_middle	PIK3R4-like, middle domain	353	18	263	0.6968838526912181	64	319	56	322	0.6808510638297872	40.798519134521484	37.910484313964844	4.455634093275681e-12	3.364845256909887e-11	1.4078850447321702e-13	26.799999237060547	26.799999237060547	1
control_25c69c5f818441a9208c66ae13127eb9fb17ee34d21aa03bcbb6f403ecca90f5	parent_control	25c69c5f818441a9208c66ae13127eb9fb17ee34d21aa03bcbb6f403ecca90f5	376	PF02985.29	HEAT	HEAT repeat	31	1	26	0.8387096774193549	253	278	253	280	0.06914893617021277	65.2634048461914	21.5150146484375	5.380207844528856e-20	6.926834526029294e-06	2.8982571238616296e-08	23.5	17.600000381469727	5
control_25c69c5f818441a9208c66ae13127eb9fb17ee34d21aa03bcbb6f403ecca90f5	parent_control	25c69c5f818441a9208c66ae13127eb9fb17ee34d21aa03bcbb6f403ecca90f5	376	PF02985.29	HEAT	HEAT repeat	31	4	29	0.8387096774193549	295	320	292	322	0.06914893617021277	65.2634048461914	17.727128982543945	5.380207844528856e-20	0.00011539955305437106	4.828433182191258e-07	23.5	17.600000381469727	6
control_2857c8843ea77a788735e4f987b72aced10f3b95ea5796eeb526266ec62978e6	parent_control	2857c8843ea77a788735e4f987b72aced10f3b95ea5796eeb526266ec62978e6	141	PF04427.24	Brix	Brix domain	193	121	193	0.37823834196891193	1	62	1	62	0.4397163120567376	49.48777770996094	48.4330940246582	1.9372846962131413e-14	4.078268585886962e-14	2.275184706213089e-16	28.200000762939453	28.200000762939453	1
control_28a84aa548bd20d17cd693ba7bda4b72758564710e18f71be1778652ca4c8008	parent_control	28a84aa548bd20d17cd693ba7bda4b72758564710e18f71be1778652ca4c8008	1013	PF18104.8	Tudor_2	Jumonji domain-containing protein 2A Tudor domain	35	1	34	0.9714285714285714	90	123	90	123	0.03356367226061204	33.653324127197266	32.256324768066406	9.09065167746799e-10	2.4844219825028117e-09	1.73251184274952e-11	31.399999618530273	31.399999618530273	1
control_28a84aa548bd20d17cd693ba7bda4b72758564710e18f71be1778652ca4c8008	parent_control	28a84aa548bd20d17cd693ba7bda4b72758564710e18f71be1778652ca4c8008	1013	PF18115.8	Tudor_3	DNA repair protein Crb2 Tudor domain	52	3	51	0.9423076923076923	91	135	89	136	0.044422507403751234	29.163623809814453	27.7872314453125	2.5240980046503003e-08	6.791615156059302e-08	4.736133302691285e-10	25.799999237060547	25.799999237060547	1
control_28a84aa548bd20d17cd693ba7bda4b72758564710e18f71be1778652ca4c8008	parent_control	28a84aa548bd20d17cd693ba7bda4b72758564710e18f71be1778652ca4c8008	1013	PF16660.11	PHD20L1_u1	PHD finger protein 20-like protein 1	99	1	99	1.0	318	413	318	413	0.0947680157946693	144.1858673095703	144.1858673095703	6.575967303798471e-44	6.575967303798471e-44	9.17150251575798e-46	27.0	27.0	1
control_28a84aa548bd20d17cd693ba7bda4b72758564710e18f71be1778652ca4c8008	parent_control	28a84aa548bd20d17cd693ba7bda4b72758564710e18f71be1778652ca4c8008	1013	PF20826.3	PHD_5	PhD finger domain	56	1	56	1.0	673	728	673	728	0.055281342546890426	133.5890655517578	132.3858184814453	7.140891917273847e-41	1.6963986458473732e-40	1.4195804567760445e-42	27.0	27.0	1
control_299a7e67e4109c6d01356614148f02c0173e3c1f11788dbd76c0b52e117885a5	parent_control	299a7e67e4109c6d01356614148f02c0173e3c1f11788dbd76c0b52e117885a5	62	PF10036.15	RLL	RNA transcription, translation and transport factor protein	253	1	61	0.24110671936758893	2	62	2	62	0.9838709677419355	87.21350860595703	87.10560607910156	6.116382756603019e-26	6.598244891597762e-26	3.6810292282274822e-28	24.600000381469727	24.600000381469727	1
control_29f3a53988a81586d7a66311333cc8c58581b053207c8f0f45d372ff2158c188	parent_control	29f3a53988a81586d7a66311333cc8c58581b053207c8f0f45d372ff2158c188	567	PF18104.8	Tudor_2	Jumonji domain-containing protein 2A Tudor domain	35	1	34	0.9714285714285714	90	123	90	123	0.059964726631393295	34.20752716064453	33.206871032714844	6.100698675016428e-10	1.2535260269111296e-09	8.741464622811224e-12	31.399999618530273	31.399999618530273	1
control_29f3a53988a81586d7a66311333cc8c58581b053207c8f0f45d372ff2158c188	parent_control	29f3a53988a81586d7a66311333cc8c58581b053207c8f0f45d372ff2158c188	567	PF18115.8	Tudor_3	DNA repair protein Crb2 Tudor domain	52	3	51	0.9423076923076923	91	135	89	136	0.07936507936507936	29.906591415405273	28.77922821044922	1.4793362300540526e-08	3.327809143344342e-08	2.320647938175971e-10	25.799999237060547	25.799999237060547	1
control_29f3a53988a81586d7a66311333cc8c58581b053207c8f0f45d372ff2158c188	parent_control	29f3a53988a81586d7a66311333cc8c58581b053207c8f0f45d372ff2158c188	567	PF16660.11	PHD20L1_u1	PHD finger protein 20-like protein 1	99	1	99	1.0	319	414	319	414	0.1693121693121693	145.34373474121094	145.34373474121094	2.864011876707119e-44	2.864011876707119e-44	3.994437763887196e-46	27.0	27.0	2
control_2a291fa63f986b21466c541a014f771f74c2f76d8b53a014e7cb254734f85558	parent_control	2a291fa63f986b21466c541a014f771f74c2f76d8b53a014e7cb254734f85558	258	PF02199.21	SapA	Saposin A-type domain	33	2	33	0.9696969696969697	23	54	22	54	0.12403100775193798	53.200469970703125	49.88905715942383	8.166779390377399e-16	8.854084402678586e-15	9.87903420103608e-17	22.0	22.0	1
control_2a291fa63f986b21466c541a014f771f74c2f76d8b53a014e7cb254734f85558	parent_control	2a291fa63f986b21466c541a014f771f74c2f76d8b53a014e7cb254734f85558	258	PF05184.21	SapB_1	Saposin-like type B, region 1	38	2	37	0.9473684210526315	62	97	61	98	0.13953488372093023	64.67779541015625	53.19402313232422	2.1002485710199537e-19	8.243226547460802e-16	9.197463372341203e-18	25.200000762939453	25.200000762939453	1
control_2a291fa63f986b21466c541a014f771f74c2f76d8b53a014e7cb254734f85558	parent_control	2a291fa63f986b21466c541a014f771f74c2f76d8b53a014e7cb254734f85558	258	PF03489.23	SapB_2	Saposin-like type B, region 2	34	3	34	0.9411764705882353	106	138	104	138	0.12790697674418605	45.48568344116211	41.54949188232422	2.362204450849699e-13	4.0308648798599386e-12	7.308402153163067e-14	21.0	21.0	2
control_2aa1802cbc660554c02a966b9085ec43b80d2c77451cb798e15d6554c43be5da	parent_control	2aa1802cbc660554c02a966b9085ec43b80d2c77451cb798e15d6554c43be5da	662	PF00258.31	Flavodoxin_1	Flavodoxin	143	65	143	0.5524475524475524	1	76	1	76	0.1148036253776435	48.868961334228516	48.322357177734375	2.93581116830181e-14	4.3283549234702646e-14	6.640432936983669e-16	25.0	25.0	1
control_2aa1802cbc660554c02a966b9085ec43b80d2c77451cb798e15d6554c43be5da	parent_control	2aa1802cbc660554c02a966b9085ec43b80d2c77451cb798e15d6554c43be5da	662	PF00667.27	FAD_binding_1	FAD binding domain	222	4	222	0.9864864864864865	135	352	132	352	0.3293051359516616	154.45700073242188	154.04237365722656	1.2451021792770945e-46	1.667245911179802e-46	6.975924314559842e-49	32.29999923706055	32.29999923706055	1
control_2aa1802cbc660554c02a966b9085ec43b80d2c77451cb798e15d6554c43be5da	parent_control	2aa1802cbc660554c02a966b9085ec43b80d2c77451cb798e15d6554c43be5da	662	PF00175.27	NAD_binding_1	Oxidoreductase NAD-binding domain	109	1	79	0.7247706422018348	387	461	387	471	0.11329305135951662	42.436744689941406	41.537498474121094	3.5117841002136385e-12	6.6829654873536435e-12	2.7962198691856248e-14	22.0	22.0	1
control_2aa98b51144a0ff580d476c8f355f7f1aa5e0e3dd0e7212d6d6b72a47d33e306	parent_control	2aa98b51144a0ff580d476c8f355f7f1aa5e0e3dd0e7212d6d6b72a47d33e306	544	PF05934.16	MCLC	Mid-1-related chloride channel (MCLC)	549	1	549	1.0	8	544	8	544	0.9871323529411765	1075.525146484375	1075.3564453125	0.0	0.0	0.0	25.0	25.0	1
control_2b5ad22228c50a991baa6a4d3a82193786eb7cd808f7eaa0e54639da8351f0a8	parent_control	2b5ad22228c50a991baa6a4d3a82193786eb7cd808f7eaa0e54639da8351f0a8	525	PF03126.24	Plus-3	Plus-3 domain	109	1	108	0.9908256880733946	363	464	363	465	0.19428571428571428	128.8166046142578	128.8166046142578	4.547491679204249e-39	4.547491679204249e-39	1.9027161837674683e-41	27.0	27.0	2
control_2c04ee8da06f9ed6fe867d024ca2aeab79e563e70a7d1378339ea61d7b3e9e20	parent_control	2c04ee8da06f9ed6fe867d024ca2aeab79e563e70a7d1378339ea61d7b3e9e20	255	PF02199.21	SapA	Saposin A-type domain	33	2	33	0.9696969696969697	20	51	19	51	0.12549019607843137	53.245811462402344	49.91225051879883	7.904562256638927e-16	8.707506300855505e-15	9.715488201791359e-17	22.0	22.0	1
control_2c04ee8da06f9ed6fe867d024ca2aeab79e563e70a7d1378339ea61d7b3e9e20	parent_control	2c04ee8da06f9ed6fe867d024ca2aeab79e563e70a7d1378339ea61d7b3e9e20	255	PF05184.21	SapB_1	Saposin-like type B, region 1	38	2	37	0.9473684210526315	59	94	58	95	0.1411764705882353	64.73847198486328	53.21802520751953	2.010398120159436e-19	8.101880403504903e-16	9.039754982990129e-18	25.200000762939453	25.200000762939453	1
control_2c04ee8da06f9ed6fe867d024ca2aeab79e563e70a7d1378339ea61d7b3e9e20	parent_control	2c04ee8da06f9ed6fe867d024ca2aeab79e563e70a7d1378339ea61d7b3e9e20	255	PF03489.23	SapB_2	Saposin-like type B, region 2	34	3	34	0.9411764705882353	103	135	101	135	0.12941176470588237	45.545841217041016	41.57307815551758	2.2619723542086238e-13	3.962921050266059e-12	7.185212503969145e-14	21.0	21.0	2
control_2c18587b3bf9c4e2bba530b999ef7946ba58d0684263873e0b97fd70fcbd5912	parent_control	2c18587b3bf9c4e2bba530b999ef7946ba58d0684263873e0b97fd70fcbd5912	345	PF08551.17	DUF1751	Eukaryotic integral membrane protein (DUF1751)	281	9	210	0.7188612099644128	25	217	17	225	0.5594202898550724	38.98137664794922	38.46910858154297	2.269948311954684e-11	3.252038964513534e-11	4.5356191973689456e-14	27.0	27.0	1
control_2c18587b3bf9c4e2bba530b999ef7946ba58d0684263873e0b97fd70fcbd5912	parent_control	2c18587b3bf9c4e2bba530b999ef7946ba58d0684263873e0b97fd70fcbd5912	345	PF00627.38	UBA	UBA/TS-N domain	37	2	37	0.972972972972973	307	342	306	342	0.10434782608695652	46.28886413574219	45.450904846191406	1.03443095730056e-13	1.8935547222352304e-13	2.640941035195579e-16	22.399999618530273	22.399999618530273	1
control_2c18587b3bf9c4e2bba530b999ef7946ba58d0684263873e0b97fd70fcbd5912	parent_control	2c18587b3bf9c4e2bba530b999ef7946ba58d0684263873e0b97fd70fcbd5912	345	PF22562.3	UBA_7	UBA-like domain	48	2	40	0.8125	308	345	308	345	0.11014492753623188	36.485816955566406	35.69287872314453	1.3298949540344736e-10	2.3523266897181696e-10	3.280790362228967e-13	27.0	27.0	1
control_2e1a7ef142326f15c6e11761747623dd840fedc30bf8d422c53ad8152ad98bad	parent_control	2e1a7ef142326f15c6e11761747623dd840fedc30bf8d422c53ad8152ad98bad	310	PF02146.24	SIR2	Sir2 family	180	1	180	1.0	58	256	58	256	0.6419354838709678	161.59022521972656	160.53196716308594	7.213284071950247e-49	1.5237884622280174e-48	2.125227980792214e-51	24.0	24.0	1
control_2e3e1cca7f377d535ce375068c7c05689f72436c64bb4c7add52882c1aff6f50	parent_control	2e3e1cca7f377d535ce375068c7c05689f72436c64bb4c7add52882c1aff6f50	131	PF07686.24	V-set	Immunoglobulin V-set domain	109	7	99	0.8532110091743119	29	123	22	131	0.7251908396946565	38.61474609375	38.44450378417969	3.859054200094338e-11	4.3589766145415064e-11	9.119197938371354e-13	26.0	26.0	1
control_2e9b8c70f5526fba214a0dc850c975ad1dd1d6baa09a423cea12148c66d20417	parent_control	2e9b8c70f5526fba214a0dc850c975ad1dd1d6baa09a423cea12148c66d20417	306	PF04427.24	Brix	Brix domain	193	3	193	0.9896373056994818	40	227	38	227	0.6143790849673203	178.120361328125	177.24111938476562	7.221784125172337e-54	1.3432299105077e-53	7.493611774101534e-56	28.200000762939453	28.200000762939453	1
control_31e59496f9e411a2980425e7da5e86f8231199ddc7ca623fc471b00ddd815ba7	parent_control	31e59496f9e411a2980425e7da5e86f8231199ddc7ca623fc471b00ddd815ba7	381	PF02197.23	RIIa	Regulatory subunit of type II PKA R-subunit	38	1	38	1.0	25	62	25	62	0.09973753280839895	57.98571014404297	57.00648498535156	2.1257376605427447e-17	4.3004529428966634e-17	1.1995684638484416e-19	22.399999618530273	22.399999618530273	1
control_31e59496f9e411a2980425e7da5e86f8231199ddc7ca623fc471b00ddd815ba7	parent_control	31e59496f9e411a2980425e7da5e86f8231199ddc7ca623fc471b00ddd815ba7	381	PF00027.36	cNMP_binding	Cyclic nucleotide-binding domain	89	2	87	0.9662921348314607	156	236	155	238	0.2125984251968504	138.532958984375	64.18494415283203	2.020814584011667e-42	3.1808437721093747e-19	4.43632325259327e-22	27.5	27.5	1
control_31e59496f9e411a2980425e7da5e86f8231199ddc7ca623fc471b00ddd815ba7	parent_control	31e59496f9e411a2980425e7da5e86f8231199ddc7ca623fc471b00ddd815ba7	381	PF00027.36	cNMP_binding	Cyclic nucleotide-binding domain	89	2	86	0.9550561797752809	274	359	273	360	0.22572178477690288	138.532958984375	72.04904174804688	2.020814584011667e-42	1.11917461728938e-21	1.5609129948247978e-24	27.5	27.5	2
control_323dd6e6cad9923d26ad23b4e30379411cecc53c7e5d391f91db91403ba405bf	parent_control	323dd6e6cad9923d26ad23b4e30379411cecc53c7e5d391f91db91403ba405bf	145	PF20825.3	Saposin	Saposin-like domain	131	2	96	0.7251908396946565	40	134	39	140	0.6551724137931034	169.0118865966797	168.6251220703125	1.816575776540618e-51	2.3923484143482872e-51	1.6683043335762114e-53	27.0	27.0	1
control_323dd6e6cad9923d26ad23b4e30379411cecc53c7e5d391f91db91403ba405bf	parent_control	323dd6e6cad9923d26ad23b4e30379411cecc53c7e5d391f91db91403ba405bf	145	PF03489.23	SapB_2	Saposin-like type B, region 2	34	2	34	0.9705882352941176	81	113	80	113	0.22758620689655173	29.235218048095703	28.257583618164062	2.8835741940607077e-08	5.833696358144498e-08	1.0577134261628796e-09	21.0	21.0	1
control_3247798dbe5a0aa363c9f317fb69dd1aeecde6ace1f5f0c954bbee60fc097118	parent_control	3247798dbe5a0aa363c9f317fb69dd1aeecde6ace1f5f0c954bbee60fc097118	901	PF00431.27	CUB	CUB domain	110	1	110	1.0	28	139	28	139	0.12430632630410655	195.81100463867188	100.20941162109375	6.206226688882573e-60	3.1072278760603778e-30	2.6001906912639144e-32	21.399999618530273	21.399999618530273	1
control_3247798dbe5a0aa363c9f317fb69dd1aeecde6ace1f5f0c954bbee60fc097118	parent_control	3247798dbe5a0aa363c9f317fb69dd1aeecde6ace1f5f0c954bbee60fc097118	901	PF00431.27	CUB	CUB domain	110	1	110	1.0	149	264	149	264	0.12874583795782463	195.81100463867188	93.12831115722656	6.206226688882573e-60	4.922485103902343e-28	4.119234396570999e-30	21.399999618530273	21.399999618530273	2
control_3247798dbe5a0aa363c9f317fb69dd1aeecde6ace1f5f0c954bbee60fc097118	parent_control	3247798dbe5a0aa363c9f317fb69dd1aeecde6ace1f5f0c954bbee60fc097118	901	PF00754.32	F5_F8_type_C	F5/8 type C domain	127	1	127	1.0	292	424	292	424	0.14761376248612654	179.70941162109375	91.01360321044922	8.844820729511698e-55	2.4370729384106053e-27	2.0393915802599207e-29	28.200000762939453	28.200000762939453	1
control_3247798dbe5a0aa363c9f317fb69dd1aeecde6ace1f5f0c954bbee60fc097118	parent_control	3247798dbe5a0aa363c9f317fb69dd1aeecde6ace1f5f0c954bbee60fc097118	901	PF00754.32	F5_F8_type_C	F5/8 type C domain	127	1	127	1.0	449	589	449	589	0.1564927857935627	179.70941162109375	86.55048370361328	8.844820729511698e-55	5.856549055924643e-26	4.9008778710666465e-28	28.200000762939453	28.200000762939453	2
control_3247798dbe5a0aa363c9f317fb69dd1aeecde6ace1f5f0c954bbee60fc097118	parent_control	3247798dbe5a0aa363c9f317fb69dd1aeecde6ace1f5f0c954bbee60fc097118	901	PF22633.4	F5_F8_type_C_2	NedA-like, galactose-binding domain	90	17	90	0.8222222222222222	484	573	474	573	0.09988901220865705	45.81895065307617	28.707611083984375	2.725738112692099e-13	5.946313881289342e-08	4.975994879740035e-10	28.200000762939453	28.200000762939453	2
control_3247798dbe5a0aa363c9f317fb69dd1aeecde6ace1f5f0c954bbee60fc097118	parent_control	3247798dbe5a0aa363c9f317fb69dd1aeecde6ace1f5f0c954bbee60fc097118	901	PF00629.31	MAM	MAM domain, meprin/A5/mu	158	1	153	0.9683544303797469	646	792	646	800	0.16315205327413984	107.18155670166016	106.0030517578125	2.8124881182527165e-32	6.482759879112948e-32	5.424903664529664e-34	26.399999618530273	26.399999618530273	1
control_3269155a7cc2c74f09aa9cccef7552b73df20335c070de595e7d78f61b2f4653	parent_control	3269155a7cc2c74f09aa9cccef7552b73df20335c070de595e7d78f61b2f4653	322	PF13637.13	Ank_4	Ankyrin repeats (many copies)	50	3	50	0.96	16	64	14	64	0.15217391304347827	43.67693328857422	42.944801330566406	8.824911399041461e-13	1.5007168520712387e-12	3.767490005199763e-14	22.700000762939453	22.700000762939453	1
control_3269155a7cc2c74f09aa9cccef7552b73df20335c070de595e7d78f61b2f4653	parent_control	3269155a7cc2c74f09aa9cccef7552b73df20335c070de595e7d78f61b2f4653	322	PF12796.14	Ank_2	Ankyrin repeats (3 copies)	90	3	62	0.6666666666666666	16	79	14	92	0.19875776397515527	40.32302474975586	39.674110412597656	1.3826277080215252e-11	2.2037762884210253e-11	5.532492774278725e-13	27.299999237060547	27.299999237060547	1
control_3269155a7cc2c74f09aa9cccef7552b73df20335c070de595e7d78f61b2f4653	parent_control	3269155a7cc2c74f09aa9cccef7552b73df20335c070de595e7d78f61b2f4653	322	PF13606.13	Ank_3	Ankyrin repeat	31	1	28	0.9032258064516129	43	69	43	72	0.08385093167701864	29.796472549438477	24.44514274597168	1.579808031571902e-08	8.861367374793397e-07	2.224611056433489e-08	22.299999237060547	17.200000762939453	2
control_3269155a7cc2c74f09aa9cccef7552b73df20335c070de595e7d78f61b2f4653	parent_control	3269155a7cc2c74f09aa9cccef7552b73df20335c070de595e7d78f61b2f4653	322	PF00023.37	Ank	Ankyrin repeat	33	1	30	0.9090909090909091	43	72	43	75	0.09316770186335403	42.947269439697266	33.248287200927734	1.1774889125632099e-12	1.4477722937599254e-09	3.6345747960500216e-11	21.100000381469727	14.699999809265137	2
control_3269155a7cc2c74f09aa9cccef7552b73df20335c070de595e7d78f61b2f4653	parent_control	3269155a7cc2c74f09aa9cccef7552b73df20335c070de595e7d78f61b2f4653	322	PF27687.1	ANKRD40_UBL	ANKRD40 ubiquitin-like domain	72	1	56	0.7777777777777778	260	317	260	320	0.18012422360248448	86.3465347290039	86.3465347290039	4.222711439402303e-26	4.222711439402303e-26	1.7668248700428045e-28	27.0	27.0	2
control_329dd37895ce139ad5ba6cdd1fed8088db713962640c85361b2ab28607684d7a	parent_control	329dd37895ce139ad5ba6cdd1fed8088db713962640c85361b2ab28607684d7a	1147	PF12763.14	EH	EH domain	101	4	82	0.7821782178217822	20	96	17	111	0.06713164777680906	135.50274658203125	63.27067184448242	2.0213141959799756e-41	6.412310094683354e-19	9.837574761717836e-21	22.0	22.0	1
control_329dd37895ce139ad5ba6cdd1fed8088db713962640c85361b2ab28607684d7a	parent_control	329dd37895ce139ad5ba6cdd1fed8088db713962640c85361b2ab28607684d7a	1147	PF12763.14	EH	EH domain	101	6	75	0.693069306930693	222	292	217	310	0.06190061028770706	135.50274658203125	69.0491714477539	2.0213141959799756e-41	1.016072595539496e-20	1.5588282497816536e-22	22.0	22.0	2
control_329dd37895ce139ad5ba6cdd1fed8088db713962640c85361b2ab28607684d7a	parent_control	329dd37895ce139ad5ba6cdd1fed8088db713962640c85361b2ab28607684d7a	1147	PF07653.24	SH3_2	Variant SH3 domain	55	1	53	0.9636363636363636	742	800	742	802	0.05143853530950305	155.98455810546875	24.33783531188965	5.492916608681038e-48	7.085463505549389e-07	1.2846726021219255e-08	21.799999237060547	21.799999237060547	1
control_329dd37895ce139ad5ba6cdd1fed8088db713962640c85361b2ab28607684d7a	parent_control	329dd37895ce139ad5ba6cdd1fed8088db713962640c85361b2ab28607684d7a	1147	PF00018.35	SH3_1	SH3 domain	48	1	48	1.0	744	796	744	796	0.046207497820401046	158.3186492919922	29.89617156982422	9.438767100016718e-49	1.2264633711433246e-08	2.3947680887038415e-10	22.899999618530273	22.899999618530273	1
control_329dd37895ce139ad5ba6cdd1fed8088db713962640c85361b2ab28607684d7a	parent_control	329dd37895ce139ad5ba6cdd1fed8088db713962640c85361b2ab28607684d7a	1147	PF14604.13	SH3_9	Variant SH3 domain	49	1	47	0.9591836734693877	745	798	745	800	0.047079337401918046	172.35195922851562	43.401954650878906	4.687465997673875e-53	8.878431461373754e-13	1.485929951694352e-14	30.0	30.0	1
control_329dd37895ce139ad5ba6cdd1fed8088db713962640c85361b2ab28607684d7a	parent_control	329dd37895ce139ad5ba6cdd1fed8088db713962640c85361b2ab28607684d7a	1147	PF16617.11	INTAP	Intersectin and clathrin adaptor AP2 binding region	115	1	115	1.0	801	915	801	915	0.1002615518744551	181.2054901123047	181.2054901123047	2.690298067783914e-55	2.690298067783914e-55	2.626511363247894e-57	25.0	25.0	2
control_329dd37895ce139ad5ba6cdd1fed8088db713962640c85361b2ab28607684d7a	parent_control	329dd37895ce139ad5ba6cdd1fed8088db713962640c85361b2ab28607684d7a	1147	PF00018.35	SH3_1	SH3 domain	48	1	48	1.0	917	961	917	961	0.03923278116826504	158.3186492919922	43.72480773925781	9.438767100016718e-49	5.877257520607941e-13	1.1475816637170317e-14	22.899999618530273	22.899999618530273	2
control_329dd37895ce139ad5ba6cdd1fed8088db713962640c85361b2ab28607684d7a	parent_control	329dd37895ce139ad5ba6cdd1fed8088db713962640c85361b2ab28607684d7a	1147	PF14604.13	SH3_9	Variant SH3 domain	49	1	49	1.0	918	965	918	965	0.041848299912816043	172.35195922851562	40.06305694580078	4.687465997673875e-53	9.800256171642375e-12	1.6402102379317785e-13	30.0	30.0	2
control_329dd37895ce139ad5ba6cdd1fed8088db713962640c85361b2ab28607684d7a	parent_control	329dd37895ce139ad5ba6cdd1fed8088db713962640c85361b2ab28607684d7a	1147	PF07653.24	SH3_2	Variant SH3 domain	55	9	54	0.8363636363636363	923	966	916	967	0.03836094158674804	155.98455810546875	40.764259338378906	5.492916608681038e-48	5.256948481270281e-12	9.53142681401864e-14	21.799999237060547	21.799999237060547	2
control_329dd37895ce139ad5ba6cdd1fed8088db713962640c85361b2ab28607684d7a	parent_control	329dd37895ce139ad5ba6cdd1fed8088db713962640c85361b2ab28607684d7a	1147	PF07653.24	SH3_2	Variant SH3 domain	55	2	54	0.9636363636363636	1006	1062	1005	1063	0.04969485614646905	155.98455810546875	38.673980712890625	5.492916608681038e-48	2.3631145035711893e-11	4.284586966028656e-13	21.799999237060547	21.799999237060547	3
control_329dd37895ce139ad5ba6cdd1fed8088db713962640c85361b2ab28607684d7a	parent_control	329dd37895ce139ad5ba6cdd1fed8088db713962640c85361b2ab28607684d7a	1147	PF00018.35	SH3_1	SH3 domain	48	2	48	0.9791666666666666	1008	1057	1007	1057	0.043591979075850044	158.3186492919922	31.145973205566406	9.438767100016718e-49	4.991941873129135e-09	9.747166837351171e-11	22.899999618530273	22.899999618530273	3
control_329dd37895ce139ad5ba6cdd1fed8088db713962640c85361b2ab28607684d7a	parent_control	329dd37895ce139ad5ba6cdd1fed8088db713962640c85361b2ab28607684d7a	1147	PF14604.13	SH3_9	Variant SH3 domain	49	1	49	1.0	1008	1061	1008	1061	0.047079337401918046	172.35195922851562	32.36974334716797	4.687465997673875e-53	2.478767696201571e-09	4.148565181927316e-11	30.0	30.0	3
control_329dd37895ce139ad5ba6cdd1fed8088db713962640c85361b2ab28607684d7a	parent_control	329dd37895ce139ad5ba6cdd1fed8088db713962640c85361b2ab28607684d7a	1147	PF00018.35	SH3_1	SH3 domain	48	3	48	0.9583333333333334	1090	1133	1088	1133	0.03836094158674804	158.3186492919922	59.65390396118164	9.438767100016718e-49	6.217276162153755e-18	1.213973030267121e-19	22.899999618530273	22.899999618530273	4
control_329dd37895ce139ad5ba6cdd1fed8088db713962640c85361b2ab28607684d7a	parent_control	329dd37895ce139ad5ba6cdd1fed8088db713962640c85361b2ab28607684d7a	1147	PF14604.13	SH3_9	Variant SH3 domain	49	2	49	0.9795918367346939	1090	1137	1090	1137	0.041848299912816043	172.35195922851562	56.71940612792969	4.687465997673875e-53	6.14673236475466e-17	1.0287418183689808e-18	30.0	30.0	4
control_329dd37895ce139ad5ba6cdd1fed8088db713962640c85361b2ab28607684d7a	parent_control	329dd37895ce139ad5ba6cdd1fed8088db713962640c85361b2ab28607684d7a	1147	PF07653.24	SH3_2	Variant SH3 domain	55	7	53	0.8545454545454545	1092	1137	1085	1139	0.04010462074978204	155.98455810546875	49.08220672607422	5.492916608681038e-48	1.3280356828859621e-14	2.4078750177848683e-16	21.799999237060547	21.799999237060547	4
control_33a18e100bdccfe194a4b9d56797aca1aac4809bee9124c170e66b99c1c756c3	parent_control	33a18e100bdccfe194a4b9d56797aca1aac4809bee9124c170e66b99c1c756c3	2187	PF00520.38	Ion_trans	Ion transport protein	243	2	242	0.9917695473251029	126	416	125	417	0.13305898491083676	901.5194091796875	248.63473510742188	7.566763369249562e-275	1.8381129862279864e-75	5.3835945203330145e-77	25.0	25.0	1
control_33a18e100bdccfe194a4b9d56797aca1aac4809bee9124c170e66b99c1c756c3	parent_control	33a18e100bdccfe194a4b9d56797aca1aac4809bee9124c170e66b99c1c756c3	2187	PF00520.38	Ion_trans	Ion transport protein	243	3	239	0.9753086419753086	552	787	550	790	0.10791037951531779	901.5194091796875	219.26535034179688	7.566763369249562e-275	1.7121196644902116e-66	5.0145764231930885e-68	25.0	25.0	2
control_33a18e100bdccfe194a4b9d56797aca1aac4809bee9124c170e66b99c1c756c3	parent_control	33a18e100bdccfe194a4b9d56797aca1aac4809bee9124c170e66b99c1c756c3	2187	PF00520.38	Ion_trans	Ion transport protein	243	1	242	0.9958847736625515	913	1190	913	1191	0.12711476909007774	901.5194091796875	214.3856964111328	7.566763369249562e-275	5.293454552083235e-65	1.5503841784344206e-66	25.0	25.0	3
control_33a18e100bdccfe194a4b9d56797aca1aac4809bee9124c170e66b99c1c756c3	parent_control	33a18e100bdccfe194a4b9d56797aca1aac4809bee9124c170e66b99c1c756c3	2187	PF00520.38	Ion_trans	Ion transport protein	243	2	242	0.9917695473251029	1233	1502	1232	1503	0.12345679012345678	901.5194091796875	238.2377166748047	7.566763369249562e-275	2.751273526776812e-72	8.058123300183132e-74	25.0	25.0	4
control_33a18e100bdccfe194a4b9d56797aca1aac4809bee9124c170e66b99c1c756c3	parent_control	33a18e100bdccfe194a4b9d56797aca1aac4809bee9124c170e66b99c1c756c3	2187	PF08016.19	PKD_channel	Polycystin cation channel	225	6	223	0.9688888888888889	1258	1496	1253	1498	0.10928212162780064	52.137535095214844	37.18437194824219	2.160357428813201e-15	8.059168408401458e-11	2.360425893674067e-12	22.399999618530273	22.399999618530273	9
control_33a18e100bdccfe194a4b9d56797aca1aac4809bee9124c170e66b99c1c756c3	parent_control	33a18e100bdccfe194a4b9d56797aca1aac4809bee9124c170e66b99c1c756c3	2187	PF16905.11	GPHH	Voltage-dependent L-type calcium channel, IQ-associated	54	1	54	1.0	1512	1565	1512	1565	0.024691358024691357	100.70941162109375	99.18989562988281	1.1525624078427385e-30	3.4371972127874905e-30	1.0067104807327379e-31	26.799999237060547	26.799999237060547	1
control_33a18e100bdccfe194a4b9d56797aca1aac4809bee9124c170e66b99c1c756c3	parent_control	33a18e100bdccfe194a4b9d56797aca1aac4809bee9124c170e66b99c1c756c3	2187	PF08763.18	Ca_chan_IQ	Voltage gated calcium channel IQ domain	77	1	77	1.0	1575	1649	1575	1649	0.03429355281207133	105.5256576538086	104.12638854980469	5.106644039444376e-32	1.395825653815716e-31	4.088192291510465e-33	26.700000762939453	26.700000762939453	1
control_33a18e100bdccfe194a4b9d56797aca1aac4809bee9124c170e66b99c1c756c3	parent_control	33a18e100bdccfe194a4b9d56797aca1aac4809bee9124c170e66b99c1c756c3	2187	PF16885.12	CAC1F_C	Voltage-gated calcium channel subunit alpha, C-term	298	74	296	0.7483221476510067	1927	2185	1915	2187	0.11842706904435299	146.55995178222656	140.50994873046875	4.129162271166079e-44	2.874887721286638e-42	2.4057637835034627e-44	20.399999618530273	20.399999618530273	1
control_345129754ff0ccc173929ddf22b27736775c4329d5023cd85485e4a3b98d6af1	parent_control	345129754ff0ccc173929ddf22b27736775c4329d5023cd85485e4a3b98d6af1	156	PF03972.20	MmgE_PrpD_N	MmgE/PrpD N-terminal domain	244	1	139	0.569672131147541	8	150	8	154	0.9166666666666666	135.73570251464844	135.560302734375	5.686264693516284e-41	6.432645696281863e-41	2.69148355492965e-43	32.099998474121094	32.099998474121094	1
control_37b6130c34c2edeefc11274b652d621c7106872fbd45c41de017cedf27ec0f31	parent_control	37b6130c34c2edeefc11274b652d621c7106872fbd45c41de017cedf27ec0f31	283	PF16660.11	PHD20L1_u1	PHD finger protein 20-like protein 1	99	1	99	1.0	35	130	35	130	0.3392226148409894	147.07423400878906	147.07423400878906	8.269176976449885e-45	8.269176976449885e-45	1.1533022282356882e-46	27.0	27.0	1
control_3824503e934ebfac6fdc5d7c172fc14c57a51a888324883b58a7916dc2d3e8e7	parent_control	3824503e934ebfac6fdc5d7c172fc14c57a51a888324883b58a7916dc2d3e8e7	272	PF00046.36	Homeodomain	Homeodomain	57	1	54	0.9473684210526315	36	92	36	93	0.20955882352941177	30.042966842651367	29.364994049072266	1.289151665688175e-08	2.09897011886339e-08	8.782301752566484e-11	22.899999618530273	22.899999618530273	1
control_3824503e934ebfac6fdc5d7c172fc14c57a51a888324883b58a7916dc2d3e8e7	parent_control	3824503e934ebfac6fdc5d7c172fc14c57a51a888324883b58a7916dc2d3e8e7	272	PF05920.18	Homeobox_KN	Homeobox KN domain	40	1	40	1.0	53	92	53	92	0.14705882352941177	71.21234893798828	70.2749252319336	1.7989815481824684e-21	3.531343119525567e-21	1.970065896527513e-23	24.0	24.0	1
control_3914fa977768eb8397be69263884a0a410cc7036c1637a041bdf63c003445b80	parent_control	3914fa977768eb8397be69263884a0a410cc7036c1637a041bdf63c003445b80	2179	PF00520.38	Ion_trans	Ion transport protein	243	2	242	0.9917695473251029	126	416	125	417	0.13354749885268472	903.8128662109375	248.64163208007812	1.5083695515341964e-275	1.829219936960052e-75	5.357547932518981e-77	25.0	25.0	1
control_3914fa977768eb8397be69263884a0a410cc7036c1637a041bdf63c003445b80	parent_control	3914fa977768eb8397be69263884a0a410cc7036c1637a041bdf63c003445b80	2179	PF00520.38	Ion_trans	Ion transport protein	243	3	239	0.9753086419753086	544	779	542	782	0.10830656264341441	903.8128662109375	219.27232360839844	1.5083695515341964e-275	1.7037447817443832e-66	4.99004747791242e-68	25.0	25.0	2
control_3914fa977768eb8397be69263884a0a410cc7036c1637a041bdf63c003445b80	parent_control	3914fa977768eb8397be69263884a0a410cc7036c1637a041bdf63c003445b80	2179	PF00520.38	Ion_trans	Ion transport protein	243	1	242	0.9958847736625515	905	1182	905	1183	0.127581459385039	903.8128662109375	216.65756225585938	1.5083695515341964e-275	1.0713479893027243e-65	3.137839299213e-67	25.0	25.0	3
control_3914fa977768eb8397be69263884a0a410cc7036c1637a041bdf63c003445b80	parent_control	3914fa977768eb8397be69263884a0a410cc7036c1637a041bdf63c003445b80	2179	PF00520.38	Ion_trans	Ion transport protein	243	2	242	0.9917695473251029	1225	1494	1224	1495	0.12391005048187242	903.8128662109375	238.2444610595703	1.5083695515341964e-275	2.73825627275792e-72	8.019997451592235e-74	25.0	25.0	4
control_3914fa977768eb8397be69263884a0a410cc7036c1637a041bdf63c003445b80	parent_control	3914fa977768eb8397be69263884a0a410cc7036c1637a041bdf63c003445b80	2179	PF08016.19	PKD_channel	Polycystin cation channel	225	6	223	0.9688888888888889	1250	1488	1245	1490	0.10968334098210188	51.50811004638672	37.191280364990234	3.3648474020149274e-15	8.020068154206378e-11	2.348973936378437e-12	22.399999618530273	22.399999618530273	9
control_3914fa977768eb8397be69263884a0a410cc7036c1637a041bdf63c003445b80	parent_control	3914fa977768eb8397be69263884a0a410cc7036c1637a041bdf63c003445b80	2179	PF16905.11	GPHH	Voltage-dependent L-type calcium channel, IQ-associated	54	1	54	1.0	1504	1557	1504	1557	0.024782010096374485	100.70585632324219	99.1954345703125	1.1555127946227049e-30	3.423534096146532e-30	1.0027087310889426e-31	26.799999237060547	26.799999237060547	1
control_3914fa977768eb8397be69263884a0a410cc7036c1637a041bdf63c003445b80	parent_control	3914fa977768eb8397be69263884a0a410cc7036c1637a041bdf63c003445b80	2179	PF08763.18	Ca_chan_IQ	Voltage gated calcium channel IQ domain	77	1	77	1.0	1567	1641	1567	1641	0.03441945846718678	105.5209732055664	104.13208770751953	5.123863457365656e-32	1.3901207794563795e-31	4.0714834544747515e-33	26.700000762939453	26.700000762939453	1
control_3914fa977768eb8397be69263884a0a410cc7036c1637a041bdf63c003445b80	parent_control	3914fa977768eb8397be69263884a0a410cc7036c1637a041bdf63c003445b80	2179	PF16885.12	CAC1F_C	Voltage-gated calcium channel subunit alpha, C-term	298	74	296	0.7483221476510067	1919	2177	1907	2179	0.11886186324001835	146.5583038330078	140.51695251464844	4.133937403300216e-44	2.8608008007081516e-42	2.393975565446152e-44	20.399999618530273	20.399999618530273	1
control_392e815f5297838943c587583a35abf092b1ad3d4186e32989fb06a97596bb4c	parent_control	392e815f5297838943c587583a35abf092b1ad3d4186e32989fb06a97596bb4c	1353	PF10408.15	Ufd2P_core	Ubiquitin elongating factor core	628	1	628	1.0	642	1263	642	1263	0.4597191426459719	721.1483154296875	720.8380737304688	4.320773434171643e-218	5.363851046673933e-218	2.9923855211570057e-220	20.399999618530273	20.399999618530273	1
control_392e815f5297838943c587583a35abf092b1ad3d4186e32989fb06a97596bb4c	parent_control	392e815f5297838943c587583a35abf092b1ad3d4186e32989fb06a97596bb4c	1353	PF04564.22	U-box	U-box domain	73	1	72	0.9863013698630136	1279	1349	1279	1350	0.0524759793052476	105.74235534667969	104.05513763427734	3.888955525851764e-32	1.3074887300195835e-31	5.470664142341353e-34	21.399999618530273	21.399999618530273	1
control_3a52d69f64eae80dc4228622a0469b884b37857922d834eb07c8e4d358f1a3be	parent_control	3a52d69f64eae80dc4228622a0469b884b37857922d834eb07c8e4d358f1a3be	116	PF05279.17	Asp-B-Hydro_N	Aspartyl beta-hydroxylase N-terminal region	66	1	65	0.9848484848484849	52	116	52	116	0.5603448275862069	149.4336700439453	148.95249938964844	7.514575020555768e-46	1.0619793263222822e-45	3.2585139719791087e-47	23.0	23.0	1
control_3aedc600a2334b40de848e218ec0d5310425f0f9fc8b4b1be679596b76edfff9	parent_control	3aedc600a2334b40de848e218ec0d5310425f0f9fc8b4b1be679596b76edfff9	846	PF13181.13	TPR_8	Tetratricopeptide repeat	34	3	34	0.9411764705882353	567	598	565	598	0.037825059101654845	45.377525329589844	20.59290885925293	1.4773754523931202e-13	1.3201366175863336e-05	1.841194724667132e-07	25.700000762939453	11.800000190734863	4
control_3aedc600a2334b40de848e218ec0d5310425f0f9fc8b4b1be679596b76edfff9	parent_control	3aedc600a2334b40de848e218ec0d5310425f0f9fc8b4b1be679596b76edfff9	846	PF13432.13	TPR_16	Tetratricopeptide repeat	65	3	59	0.8769230769230769	571	627	569	630	0.0673758865248227	38.73630905151367	23.699234008789062	3.806955221361424e-11	1.9297003373130716e-06	2.4222179966272867e-08	32.70000076293945	15.5	3
control_3c6f0f91a73e7062d4e4ba8f57de6b957b44076a10752a670c913a890dac52c3	parent_control	3c6f0f91a73e7062d4e4ba8f57de6b957b44076a10752a670c913a890dac52c3	197	PF00106.32	adh_short	short chain dehydrogenase	195	115	189	0.38461538461538464	49	124	47	128	0.38578680203045684	51.084686279296875	36.13808822631836	4.442410322307519e-15	1.6915367994111543e-10	3.7746985760918365e-12	26.600000381469727	25.0	2
control_3c750873ab0f5fdf32046aa0702ece151303d8ab465c0f0568cd87bf7b161ea4	parent_control	3c750873ab0f5fdf32046aa0702ece151303d8ab465c0f0568cd87bf7b161ea4	244	PF10036.15	RLL	RNA transcription, translation and transport factor protein	253	1	253	1.0	2	244	2	244	0.9959016393442623	330.7237854003906	330.56512451171875	2.9027976827807564e-100	3.2452107028046667e-100	1.8104383279245002e-102	24.600000381469727	24.600000381469727	1
control_3c81668025408b98fcc0eadd984698e5b445d10483275968375404c287018760	parent_control	3c81668025408b98fcc0eadd984698e5b445d10483275968375404c287018760	1259	PF05605.19	zf-Di19	Drought induced 19 protein (Di19), zinc-binding	54	3	51	0.9074074074074074	255	306	253	313	0.04130262112787927	34.94645309448242	34.94645309448242	5.11107728375012e-10	5.11107728375012e-10	3.564210100244156e-12	27.5	27.5	1
control_3c81668025408b98fcc0eadd984698e5b445d10483275968375404c287018760	parent_control	3c81668025408b98fcc0eadd984698e5b445d10483275968375404c287018760	1259	PF00096.33	zf-C2H2	Zinc finger, C2H2 type	23	2	23	0.9565217391304348	256	278	255	278	0.018268467037331215	93.08263397216797	17.88385581970215	1.5860189793423903e-28	0.0001247795082681867	8.701499879231988e-07	25.200000762939453	15.800000190734863	1
control_3c81668025408b98fcc0eadd984698e5b445d10483275968375404c287018760	parent_control	3c81668025408b98fcc0eadd984698e5b445d10483275968375404c287018760	1259	PF00096.33	zf-C2H2	Zinc finger, C2H2 type	23	1	23	1.0	285	307	285	307	0.018268467037331215	93.08263397216797	19.965225219726562	1.5860189793423903e-28	2.7211266342076e-05	1.8975778481224547e-07	25.200000762939453	15.800000190734863	2
control_3c81668025408b98fcc0eadd984698e5b445d10483275968375404c287018760	parent_control	3c81668025408b98fcc0eadd984698e5b445d10483275968375404c287018760	1259	PF00096.33	zf-C2H2	Zinc finger, C2H2 type	23	1	23	1.0	326	348	326	348	0.018268467037331215	93.08263397216797	24.085697174072266	1.5860189793423903e-28	1.334721972696391e-06	9.307684607366743e-09	25.200000762939453	15.800000190734863	3
control_3c81668025408b98fcc0eadd984698e5b445d10483275968375404c287018760	parent_control	3c81668025408b98fcc0eadd984698e5b445d10483275968375404c287018760	1259	PF00096.33	zf-C2H2	Zinc finger, C2H2 type	23	1	21	0.9130434782608695	354	374	354	375	0.016679904686258934	93.08263397216797	16.447187423706055	1.5860189793423903e-28	0.00035700298017071156	2.48956053117651e-06	25.200000762939453	15.800000190734863	4
control_3c81668025408b98fcc0eadd984698e5b445d10483275968375404c287018760	parent_control	3c81668025408b98fcc0eadd984698e5b445d10483275968375404c287018760	1259	PF12874.14	zf-met	Zinc-finger of C2H2 type	25	1	19	0.76	1043	1061	1043	1063	0.015091342335186657	28.429508209228516	13.430753707885742	5.5128232145559525e-08	0.002903301101415927	2.0246172255341192e-05	21.200000762939453	13.300000190734863	6
control_3c81668025408b98fcc0eadd984698e5b445d10483275968375404c287018760	parent_control	3c81668025408b98fcc0eadd984698e5b445d10483275968375404c287018760	1259	PF00096.33	zf-C2H2	Zinc finger, C2H2 type	23	1	23	1.0	1043	1065	1043	1065	0.018268467037331215	93.08263397216797	16.25783348083496	1.5860189793423903e-28	0.00041005549903834503	2.85952230849613e-06	25.200000762939453	15.800000190734863	6
control_3c81668025408b98fcc0eadd984698e5b445d10483275968375404c287018760	parent_control	3c81668025408b98fcc0eadd984698e5b445d10483275968375404c287018760	1259	PF00096.33	zf-C2H2	Zinc finger, C2H2 type	23	1	21	0.9130434782608695	1099	1119	1099	1120	0.016679904686258934	93.08263397216797	18.30926513671875	1.5860189793423903e-28	9.140320167879578e-05	6.374002906471115e-07	25.200000762939453	15.800000190734863	8
control_3cbf613222512dfcddc3bc01387fab8a24868c90ab7287efaec3d3b83dc100a1	parent_control	3cbf613222512dfcddc3bc01387fab8a24868c90ab7287efaec3d3b83dc100a1	557	PF02199.21	SapA	Saposin A-type domain	33	2	33	0.9696969696969697	23	54	22	54	0.05745062836624776	108.45856475830078	48.48881530761719	4.3579780536886975e-33	2.425694387589101e-14	2.7064930405457194e-16	22.0	22.0	1
control_3cbf613222512dfcddc3bc01387fab8a24868c90ab7287efaec3d3b83dc100a1	parent_control	3cbf613222512dfcddc3bc01387fab8a24868c90ab7287efaec3d3b83dc100a1	557	PF05184.21	SapB_1	Saposin-like type B, region 1	38	2	37	0.9473684210526315	62	97	61	98	0.06463195691202872	136.07809448242188	51.7559700012207	9.498858797619924e-42	2.3234506845572765e-15	2.5924135950429863e-17	25.200000762939453	25.200000762939453	1
control_3cbf613222512dfcddc3bc01387fab8a24868c90ab7287efaec3d3b83dc100a1	parent_control	3cbf613222512dfcddc3bc01387fab8a24868c90ab7287efaec3d3b83dc100a1	557	PF03489.23	SapB_2	Saposin-like type B, region 2	34	3	34	0.9411764705882353	106	138	104	138	0.059245960502693	106.09622192382812	40.13231658935547	2.520031255430708e-32	1.1194201406931666e-11	2.029632054255393e-13	21.0	21.0	2
control_3cbf613222512dfcddc3bc01387fab8a24868c90ab7287efaec3d3b83dc100a1	parent_control	3cbf613222512dfcddc3bc01387fab8a24868c90ab7287efaec3d3b83dc100a1	557	PF05184.21	SapB_1	Saposin-like type B, region 1	38	2	38	0.9736842105263158	316	352	315	352	0.06642728904847396	136.07809448242188	32.29733657836914	9.498858797619924e-42	2.8554785722654498e-09	3.1860290903938075e-11	25.200000762939453	25.200000762939453	3
control_3cbf613222512dfcddc3bc01387fab8a24868c90ab7287efaec3d3b83dc100a1	parent_control	3cbf613222512dfcddc3bc01387fab8a24868c90ab7287efaec3d3b83dc100a1	557	PF03489.23	SapB_2	Saposin-like type B, region 2	34	2	34	0.9705882352941176	358	390	357	390	0.059245960502693	106.09622192382812	28.462854385375977	2.520031255430708e-32	5.031428632886454e-08	9.122534480826207e-10	21.0	21.0	6
control_3cbf613222512dfcddc3bc01387fab8a24868c90ab7287efaec3d3b83dc100a1	parent_control	3cbf613222512dfcddc3bc01387fab8a24868c90ab7287efaec3d3b83dc100a1	557	PF05184.21	SapB_1	Saposin-like type B, region 1	38	2	38	0.9736842105263158	441	477	440	477	0.06642728904847396	136.07809448242188	45.80678176879883	9.498858797619924e-42	1.6901356291231817e-13	1.885785918129073e-15	25.200000762939453	25.200000762939453	4
control_3cbf613222512dfcddc3bc01387fab8a24868c90ab7287efaec3d3b83dc100a1	parent_control	3cbf613222512dfcddc3bc01387fab8a24868c90ab7287efaec3d3b83dc100a1	557	PF03489.23	SapB_2	Saposin-like type B, region 2	34	1	34	1.0	482	515	482	515	0.06104129263913824	106.09622192382812	36.650875091552734	2.520031255430708e-32	1.3763567094481596e-10	2.495486363016189e-12	21.0	21.0	8
control_3cbf613222512dfcddc3bc01387fab8a24868c90ab7287efaec3d3b83dc100a1	parent_control	3cbf613222512dfcddc3bc01387fab8a24868c90ab7287efaec3d3b83dc100a1	557	PF02199.21	SapA	Saposin A-type domain	33	1	33	1.0	525	557	525	557	0.059245960502693	108.45856475830078	64.95429992675781	4.3579780536886975e-33	1.7298089192836019e-19	1.930051792785051e-21	22.0	22.0	3
control_3cf404c83a2b3193ef5b44e2b9caf90cbd9cf4558e0442d1063b345181c8295b	parent_control	3cf404c83a2b3193ef5b44e2b9caf90cbd9cf4558e0442d1063b345181c8295b	245	PF00248.28	Aldo_ket_red	Aldo/keto reductase family	290	70	288	0.7551724137931034	13	221	9	223	0.8530612244897959	142.21005249023438	137.92027282714844	6.736587861432762e-43	1.366047135643824e-41	1.7147035175445491e-43	24.0	24.0	1
control_3e082fe9a81a2623cd53d4998eea14f5162651d70d3f7f901237056179f67427	parent_control	3e082fe9a81a2623cd53d4998eea14f5162651d70d3f7f901237056179f67427	89	PF00130.29	C1_1	Phorbol esters/diacylglycerol binding domain (C1 domain)	53	1	51	0.9622641509433962	35	82	35	84	0.5393258426966292	46.18401336669922	45.79460525512695	1.1799010283812743e-13	1.5611987148517223e-13	1.306442439206462e-15	26.5	26.5	1
control_3e6fd272b608119f9d4f022d13ded281f9473f45b9de1e2d6b1931b43c2f8a44	parent_control	3e6fd272b608119f9d4f022d13ded281f9473f45b9de1e2d6b1931b43c2f8a44	43	PF00227.32	Proteasome	Proteasome subunit	189	71	115	0.23809523809523808	2	43	1	43	0.9767441860465116	23.98030662536621	23.918224334716797	1.0085725812128504e-06	1.053765423450757e-06	2.7924048878053532e-08	22.399999618530273	22.399999618530273	1
control_3f0d92535c83aaaf1cb87988f77c852edc115e2ada78a61d2ceef0c00008c8bc	parent_control	3f0d92535c83aaaf1cb87988f77c852edc115e2ada78a61d2ceef0c00008c8bc	301	PF00248.28	Aldo_ket_red	Aldo/keto reductase family	290	2	288	0.9896551724137931	7	277	6	279	0.9003322259136213	190.22052001953125	186.24085998535156	1.5864840289199443e-57	2.5880522016351857e-56	3.248601089918643e-58	24.0	24.0	1
control_3f3fd6dd3e3e2f803ae90e6acf81ca7acb5bae7fa17a03d9808d5c64f62838b1	parent_control	3f3fd6dd3e3e2f803ae90e6acf81ca7acb5bae7fa17a03d9808d5c64f62838b1	126	PF05915.18	TMEM_230_134	Transmembrane proteins 230/134	119	1	61	0.5126050420168067	57	126	57	126	0.5555555555555556	63.812774658203125	63.4892463684082	5.945419367042216e-19	7.489610159207833e-19	1.2534912400347837e-20	26.799999237060547	26.799999237060547	1
control_3fdf2bd2689ccc352b67ba2c2b3ed25ee49338a36fa8014888b4a22dabf3782a	parent_control	3fdf2bd2689ccc352b67ba2c2b3ed25ee49338a36fa8014888b4a22dabf3782a	563	PF08216.18	CTNNBL	Catenin-beta-like, Arm-motif containing nuclear	474	2	474	0.9978902953586498	58	534	57	534	0.8472468916518651	617.9080810546875	617.6742553710938	3.469310513330999e-187	4.08465124725039e-187	2.278745465690594e-189	27.0	27.0	1
control_401a3016aad1caffcac387d7d5f58a18be3e0fc15bc0633da2c02e1701300495	parent_control	401a3016aad1caffcac387d7d5f58a18be3e0fc15bc0633da2c02e1701300495	119	PF08718.17	GLTP	Glycolipid transfer protein (GLTP)	147	1	57	0.3877551020408163	18	75	18	76	0.48739495798319327	88.60537719726562	56.48617935180664	1.766477795889546e-26	1.404578491679013e-16	2.3507589818895615e-18	25.600000381469727	25.600000381469727	1
control_401a3016aad1caffcac387d7d5f58a18be3e0fc15bc0633da2c02e1701300495	parent_control	401a3016aad1caffcac387d7d5f58a18be3e0fc15bc0633da2c02e1701300495	119	PF08718.17	GLTP	Glycolipid transfer protein (GLTP)	147	87	129	0.2925170068027211	74	119	72	119	0.3865546218487395	88.60537719726562	31.788318634033203	1.766477795889546e-26	5.760061564292419e-09	9.640270400489405e-11	25.600000381469727	25.600000381469727	2
control_40ddf036dbc509b52f45101c1400c7b6edb2fcefac6fc394009b15b0c29eecaf	parent_control	40ddf036dbc509b52f45101c1400c7b6edb2fcefac6fc394009b15b0c29eecaf	194	PF04201.21	TPD52	Tumour protein D52 family	108	1	108	1.0	31	147	31	147	0.6030927835051546	169.7092742919922	169.0309295654297	7.240892046336795e-52	1.1766335180289628e-51	3.117996770230166e-53	25.0	25.0	1
control_419b9fbcebef67c09211ff79742d70084f6ba1f1a5d25d53e0a067e5bb1bf6f2	parent_control	419b9fbcebef67c09211ff79742d70084f6ba1f1a5d25d53e0a067e5bb1bf6f2	354	PF00129.24	MHC_I	Class I Histocompatibility antigen, domains alpha 1 and 2	179	2	179	0.994413407821229	51	228	50	228	0.5028248587570622	306.7103271484375	306.3907470703125	1.5713431894031132e-93	1.9695470670575425e-93	1.922849298382538e-95	28.299999237060547	28.299999237060547	1
control_419b9fbcebef67c09211ff79742d70084f6ba1f1a5d25d53e0a067e5bb1bf6f2	parent_control	419b9fbcebef67c09211ff79742d70084f6ba1f1a5d25d53e0a067e5bb1bf6f2	354	PF22705.3	C2-set_3	Butyrophilin subfamily 3 member A2-like, Ig-C domain	87	5	80	0.8735632183908046	236	313	233	318	0.22033898305084745	33.99789810180664	28.10810089111328	8.47910951621311e-10	5.836531476335102e-08	8.140211264065693e-11	27.0	27.0	2
control_419b9fbcebef67c09211ff79742d70084f6ba1f1a5d25d53e0a067e5bb1bf6f2	parent_control	419b9fbcebef67c09211ff79742d70084f6ba1f1a5d25d53e0a067e5bb1bf6f2	354	PF07654.22	C1-set	Immunoglobulin C1-set domain	86	13	86	0.8604651162790697	245	315	236	315	0.20056497175141244	50.50248718261719	49.64768600463867	7.79667039643751e-15	1.4409018754523685e-14	1.0048130233280115e-16	21.0	21.0	1
control_41ba7738ac2bd091be7c3efc0d7c6d86654bbf4f733a7624a0b8628691f40197	parent_control	41ba7738ac2bd091be7c3efc0d7c6d86654bbf4f733a7624a0b8628691f40197	1641	PF00520.38	Ion_trans	Ion transport protein	243	2	242	0.9917695473251029	126	416	125	417	0.1773308957952468	903.4198608398438	246.55111694335938	1.9885122745763797e-275	7.955941523201494e-75	2.3301920779251238e-76	25.0	25.0	1
control_41ba7738ac2bd091be7c3efc0d7c6d86654bbf4f733a7624a0b8628691f40197	parent_control	41ba7738ac2bd091be7c3efc0d7c6d86654bbf4f733a7624a0b8628691f40197	1641	PF00520.38	Ion_trans	Ion transport protein	243	3	239	0.9753086419753086	524	759	522	762	0.14381474710542352	903.4198608398438	219.83592224121094	1.9885122745763797e-275	1.146268291848799e-66	3.357271147674307e-68	25.0	25.0	2
control_41ba7738ac2bd091be7c3efc0d7c6d86654bbf4f733a7624a0b8628691f40197	parent_control	41ba7738ac2bd091be7c3efc0d7c6d86654bbf4f733a7624a0b8628691f40197	1641	PF00520.38	Ion_trans	Ion transport protein	243	1	242	0.9958847736625515	885	1162	885	1163	0.16940889701401585	903.4198608398438	217.24742126464844	1.9885122745763797e-275	7.076077851081152e-66	2.0724914208187473e-67	25.0	25.0	3
control_41ba7738ac2bd091be7c3efc0d7c6d86654bbf4f733a7624a0b8628691f40197	parent_control	41ba7738ac2bd091be7c3efc0d7c6d86654bbf4f733a7624a0b8628691f40197	1641	PF00520.38	Ion_trans	Ion transport protein	243	2	242	0.9917695473251029	1205	1474	1204	1475	0.16453382084095064	903.4198608398438	238.82958984375	1.9885122745763797e-275	1.8145991593596044e-72	5.314725571346122e-74	25.0	25.0	4
control_41ba7738ac2bd091be7c3efc0d7c6d86654bbf4f733a7624a0b8628691f40197	parent_control	41ba7738ac2bd091be7c3efc0d7c6d86654bbf4f733a7624a0b8628691f40197	1641	PF08016.19	PKD_channel	Polycystin cation channel	225	6	223	0.9688888888888889	1230	1468	1225	1470	0.14564290067032298	54.66997146606445	37.310997009277344	3.63296435100322e-16	7.371841958813704e-11	2.1591168917027585e-12	22.399999618530273	22.399999618530273	9
control_41ba7738ac2bd091be7c3efc0d7c6d86654bbf4f733a7624a0b8628691f40197	parent_control	41ba7738ac2bd091be7c3efc0d7c6d86654bbf4f733a7624a0b8628691f40197	1641	PF16905.11	GPHH	Voltage-dependent L-type calcium channel, IQ-associated	54	1	54	1.0	1484	1537	1484	1537	0.03290676416819013	101.30438232421875	99.63980102539062	7.513754418800247e-31	2.487141132996932e-30	7.284513778652101e-32	26.799999237060547	26.799999237060547	1
control_41ba7738ac2bd091be7c3efc0d7c6d86654bbf4f733a7624a0b8628691f40197	parent_control	41ba7738ac2bd091be7c3efc0d7c6d86654bbf4f733a7624a0b8628691f40197	1641	PF08763.18	Ca_chan_IQ	Voltage gated calcium channel IQ domain	77	1	77	1.0	1547	1621	1547	1621	0.04570383912248629	105.94930267333984	104.58981323242188	3.7663520312046145e-32	1.000464608687237e-31	2.9302310714688946e-33	26.700000762939453	26.700000762939453	1
control_41dc4c748505b5ab8ae934ebe42f6cd33634cfe2a856dcfe6b687334f3b39f51	parent_control	41dc4c748505b5ab8ae934ebe42f6cd33634cfe2a856dcfe6b687334f3b39f51	35	PF00071.29	Ras	Ras family	162	1	31	0.19135802469135801	5	35	5	35	0.8857142857142857	38.70878219604492	38.621788024902344	2.7852613033185887e-11	2.962263220432861e-11	9.502378531374587e-13	21.600000381469727	21.600000381469727	1
control_421125d4f5dda9a5d036acbf486c89f1700b91897f895f322f8fe7a3462c90b0	parent_control	421125d4f5dda9a5d036acbf486c89f1700b91897f895f322f8fe7a3462c90b0	200	PF04201.21	TPD52	Tumour protein D52 family	108	1	108	1.0	41	162	41	162	0.61	183.37400817871094	183.0408477783203	4.0963580810291695e-56	5.199406741866137e-56	1.377806528527986e-57	25.0	25.0	1
control_42acabca3dc8f1e7248798688055ec4066b2bdbd4a2535b6fac4875cebc9f984	parent_control	42acabca3dc8f1e7248798688055ec4066b2bdbd4a2535b6fac4875cebc9f984	554	PF15250.12	Raftlin	Raftlin	459	1	459	1.0	1	473	1	473	0.8537906137184116	738.4893798828125	738.1041259765625	1.0135637081629564e-223	1.3265122726362343e-223	7.400347406617764e-226	29.399999618530273	29.399999618530273	1
control_42cee8fb497d9021dbc5682a432eeabfb5aaa169092bc64b6cbbba6d68b061a1	parent_control	42cee8fb497d9021dbc5682a432eeabfb5aaa169092bc64b6cbbba6d68b061a1	684	PF00566.26	RabGAP-TBC	Rab-GTPase-TBC domain	216	2	215	0.9907407407407407	48	245	47	246	0.2894736842105263	74.53694152832031	73.72541046142578	3.539372187085995e-22	6.269046727543398e-22	4.371720172624406e-24	25.200000762939453	25.200000762939453	1
control_42cee8fb497d9021dbc5682a432eeabfb5aaa169092bc64b6cbbba6d68b061a1	parent_control	42cee8fb497d9021dbc5682a432eeabfb5aaa169092bc64b6cbbba6d68b061a1	684	PF23436.2	RabGap-TBC_2	RabGAP TBC domain	214	17	158	0.6635514018691588	119	261	106	275	0.20906432748538012	29.030778884887695	28.189496994018555	2.9697020330676323e-08	5.3718370949902594e-08	1.498420389118622e-10	27.0	27.0	1
control_42cee8fb497d9021dbc5682a432eeabfb5aaa169092bc64b6cbbba6d68b061a1	parent_control	42cee8fb497d9021dbc5682a432eeabfb5aaa169092bc64b6cbbba6d68b061a1	684	PF00581.26	Rhodanese	Rhodanese-like domain	102	9	100	0.9019607843137255	331	438	322	440	0.15789473684210525	26.618988037109375	24.308013916015625	2.395650578166421e-07	1.256365535432846e-06	3.5045063749870182e-09	22.200000762939453	22.200000762939453	2
control_42cee8fb497d9021dbc5682a432eeabfb5aaa169092bc64b6cbbba6d68b061a1	parent_control	42cee8fb497d9021dbc5682a432eeabfb5aaa169092bc64b6cbbba6d68b061a1	684	PF19430.5	TBC1D23_C	TBC1 domain family member 23 C-terminal	119	1	119	1.0	564	682	564	682	0.1739766081871345	263.47662353515625	262.68048095703125	7.9037562425316955e-81	1.3949248477066452e-80	3.891003759293292e-83	26.5	26.5	1
control_43266903a255031a5da35014f3c93eff201d8c0c8f2289afb9c423af1f531db4	parent_control	43266903a255031a5da35014f3c93eff201d8c0c8f2289afb9c423af1f531db4	847	PF00169.36	PH	PH domain	105	2	104	0.9809523809523809	108	222	107	223	0.1357733175914994	46.96123504638672	44.02440643310547	1.2069700384743262e-13	9.894982486895183e-13	1.3800533454526057e-14	25.100000381469727	25.100000381469727	1
control_43266903a255031a5da35014f3c93eff201d8c0c8f2289afb9c423af1f531db4	parent_control	43266903a255031a5da35014f3c93eff201d8c0c8f2289afb9c423af1f531db4	847	PF01237.24	Oxysterol_BP	Oxysterol-binding protein	368	2	360	0.9755434782608695	368	704	364	711	0.39787485242030696	270.18768310546875	266.09600830078125	9.25973651270062e-82	1.6221907506687179e-80	4.524939332409255e-83	28.899999618530273	28.899999618530273	1
control_433596132861087e80fc9376d83bcd06e60a4e4388c5854deb46597d7a72c5a7	parent_control	433596132861087e80fc9376d83bcd06e60a4e4388c5854deb46597d7a72c5a7	619	PF02825.27	WWE	WWE domain	67	1	67	1.0	20	97	20	97	0.1260096930533118	116.31095886230469	55.33047866821289	2.259919045620391e-35	2.4556003221557727e-16	2.0548956670759604e-18	21.100000381469727	21.100000381469727	1
control_433596132861087e80fc9376d83bcd06e60a4e4388c5854deb46597d7a72c5a7	parent_control	433596132861087e80fc9376d83bcd06e60a4e4388c5854deb46597d7a72c5a7	619	PF02825.27	WWE	WWE domain	67	1	67	1.0	110	174	110	174	0.1050080775444265	116.31095886230469	58.74515151977539	2.259919045620391e-35	2.109653411037189e-17	1.765400343964175e-19	21.100000381469727	21.100000381469727	2
control_433596132861087e80fc9376d83bcd06e60a4e4388c5854deb46597d7a72c5a7	parent_control	433596132861087e80fc9376d83bcd06e60a4e4388c5854deb46597d7a72c5a7	619	PF18102.7	DTC	Deltex C-terminal domain	133	1	133	1.0	477	611	477	611	0.21809369951534732	193.5288848876953	192.8711700439453	5.546745501493272e-59	8.856536240867243e-59	3.7056636991076334e-61	25.0	25.0	1
control_4337e7d64244240f91e56ae1bdac7f706955a928026a573a04d098c0081c854b	parent_control	4337e7d64244240f91e56ae1bdac7f706955a928026a573a04d098c0081c854b	1661	PF00520.38	Ion_trans	Ion transport protein	243	2	242	0.9917695473251029	126	416	125	417	0.17519566526189043	906.0105590820312	249.21405029296875	3.2162583481605683e-276	1.2230782448859648e-75	3.582237537322909e-77	25.0	25.0	1
control_4337e7d64244240f91e56ae1bdac7f706955a928026a573a04d098c0081c854b	parent_control	4337e7d64244240f91e56ae1bdac7f706955a928026a573a04d098c0081c854b	1661	PF00520.38	Ion_trans	Ion transport protein	243	3	239	0.9753086419753086	544	779	542	782	0.14208308248043347	906.0105590820312	219.81097412109375	3.2162583481605683e-276	1.1665550125910761e-66	3.4166883213964574e-68	25.0	25.0	2
control_4337e7d64244240f91e56ae1bdac7f706955a928026a573a04d098c0081c854b	parent_control	4337e7d64244240f91e56ae1bdac7f706955a928026a573a04d098c0081c854b	1661	PF00520.38	Ion_trans	Ion transport protein	243	1	242	0.9958847736625515	905	1182	905	1183	0.16736905478627334	906.0105590820312	217.2212371826172	3.2162583481605683e-276	7.207572170731629e-66	2.1110044014695148e-67	25.0	25.0	3
control_4337e7d64244240f91e56ae1bdac7f706955a928026a573a04d098c0081c854b	parent_control	4337e7d64244240f91e56ae1bdac7f706955a928026a573a04d098c0081c854b	1661	PF00520.38	Ion_trans	Ion transport protein	243	2	242	0.9917695473251029	1225	1494	1224	1495	0.1625526791089705	906.0105590820312	238.80323791503906	3.2162583481605683e-276	1.8485379105350534e-72	5.414127771441579e-74	25.0	25.0	4
control_4337e7d64244240f91e56ae1bdac7f706955a928026a573a04d098c0081c854b	parent_control	4337e7d64244240f91e56ae1bdac7f706955a928026a573a04d098c0081c854b	1661	PF08016.19	PKD_channel	Polycystin cation channel	225	6	223	0.9688888888888889	1250	1488	1245	1490	0.14388922335942203	54.72223663330078	37.285362243652344	3.5017217862674904e-16	7.506086462392886e-11	2.1984353655544018e-12	22.399999618530273	22.399999618530273	9
control_4337e7d64244240f91e56ae1bdac7f706955a928026a573a04d098c0081c854b	parent_control	4337e7d64244240f91e56ae1bdac7f706955a928026a573a04d098c0081c854b	1661	PF16905.11	GPHH	Voltage-dependent L-type calcium channel, IQ-associated	54	1	54	1.0	1504	1557	1504	1557	0.0325105358217941	101.26705169677734	99.62060546875	7.7181858568777224e-31	2.5217100030496283e-30	7.385761515208116e-32	26.799999237060547	26.799999237060547	1
control_4337e7d64244240f91e56ae1bdac7f706955a928026a573a04d098c0081c854b	parent_control	4337e7d64244240f91e56ae1bdac7f706955a928026a573a04d098c0081c854b	1661	PF08763.18	Ca_chan_IQ	Voltage gated calcium channel IQ domain	77	1	77	1.0	1567	1641	1567	1641	0.04515352197471403	105.9200668334961	104.56998443603516	3.8463170057509e-32	1.0148224508658505e-31	2.9722833288957967e-33	26.700000762939453	26.700000762939453	1
control_43663ceb31b62a55ca36df46c18cd38f9331cfa62a17b54c51df23622432b220	parent_control	43663ceb31b62a55ca36df46c18cd38f9331cfa62a17b54c51df23622432b220	88	PF05008.22	V-SNARE	Vesicle transport v-SNARE protein N-terminus	92	1	88	0.9565217391304348	1	88	1	88	1.0	107.85298156738281	107.72643280029297	1.0819969876205306e-32	1.1849727322941113e-32	8.263408174993804e-35	25.899999618530273	25.899999618530273	1
control_43a1049551ae07e88d18b6f10867877af1ce57df431fa377cc1878cd3e9628b4	parent_control	43a1049551ae07e88d18b6f10867877af1ce57df431fa377cc1878cd3e9628b4	512	PF02403.28	Seryl_tRNA_N	Seryl-tRNA synthetase N-terminal domain	108	1	93	0.8611111111111112	2	98	2	112	0.189453125	64.59263610839844	64.59263610839844	3.317355930893497e-19	3.317355930893497e-19	9.253433558977676e-22	28.200000762939453	28.200000762939453	1
control_43a1049551ae07e88d18b6f10867877af1ce57df431fa377cc1878cd3e9628b4	parent_control	43a1049551ae07e88d18b6f10867877af1ce57df431fa377cc1878cd3e9628b4	512	PF00587.31	tRNA-synt_2b	tRNA synthetase class II core domain (G, H, P, S and T)	179	5	179	0.9776536312849162	259	444	248	444	0.36328125	188.80360412597656	187.9716033935547	3.4236635805355426e-57	6.164267443219666e-57	1.7194609325577867e-59	29.299999237060547	29.299999237060547	1
control_44027ed0cd41ca97ce5b348735e3f9809772b0e94dba21952f93d278f833f499	parent_control	44027ed0cd41ca97ce5b348735e3f9809772b0e94dba21952f93d278f833f499	127	PF02578.22	Cu-oxidase_4	Multi-copper polyphenol oxidoreductase laccase	236	112	235	0.5254237288135594	1	125	1	126	0.984251968503937	102.17489624023438	102.0279769897461	1.130473532157292e-30	1.25356667246739e-30	5.24504883877569e-33	22.899999618530273	22.899999618530273	1
control_454352c260a8e30113c81de962c9c2fe56f463fece67f56a974be807b8b9f6d7	parent_control	454352c260a8e30113c81de962c9c2fe56f463fece67f56a974be807b8b9f6d7	180	PF05915.18	TMEM_230_134	Transmembrane proteins 230/134	119	1	119	1.0	57	178	57	178	0.6777777777777778	126.51619720458984	118.11651611328125	2.184872380341997e-38	8.767676884173794e-36	1.4673936207822248e-37	26.799999237060547	26.799999237060547	1
control_46ad991488bace04a995efdf6ebc0192701833f042d748a5f9f51760e87de663	parent_control	46ad991488bace04a995efdf6ebc0192701833f042d748a5f9f51760e87de663	245	PF25372.2	LRR_FBXL15	F-box/LRR-repeat protein 15, leucine rich repeat domain	550	277	471	0.35454545454545455	36	230	31	241	0.7959183673469388	56.431888580322266	55.320396423339844	6.612514617788007e-17	1.4358163770869526e-16	8.010133205506011e-19	27.5	27.5	2
control_46ad991488bace04a995efdf6ebc0192701833f042d748a5f9f51760e87de663	parent_control	46ad991488bace04a995efdf6ebc0192701833f042d748a5f9f51760e87de663	245	PF13516.13	LRR_6	Leucine Rich repeat	24	6	24	0.7916666666666666	51	69	48	69	0.07755102040816327	52.76481246948242	11.138031959533691	6.138804009415518e-16	0.013000073884238626	7.252481943787239e-05	23.399999618530273	8.699999809265137	1
control_46ad991488bace04a995efdf6ebc0192701833f042d748a5f9f51760e87de663	parent_control	46ad991488bace04a995efdf6ebc0192701833f042d748a5f9f51760e87de663	245	PF13516.13	LRR_6	Leucine Rich repeat	24	2	24	0.9583333333333334	101	124	100	124	0.09795918367346938	52.76481246948242	12.512585639953613	6.138804009415518e-16	0.00471969448361343	2.633023421820602e-05	23.399999618530273	8.699999809265137	4
control_46ad991488bace04a995efdf6ebc0192701833f042d748a5f9f51760e87de663	parent_control	46ad991488bace04a995efdf6ebc0192701833f042d748a5f9f51760e87de663	245	PF13516.13	LRR_6	Leucine Rich repeat	24	1	23	0.9583333333333334	152	174	152	175	0.09387755102040816	52.76481246948242	12.1610746383667	6.138804009415518e-16	0.0061156425992514455	3.4117950344499e-05	23.399999618530273	8.699999809265137	6
control_46af05f7374377716b94f4ec8a767179cbf807aa1024b38054cdaf08eb7ccaf6	parent_control	46af05f7374377716b94f4ec8a767179cbf807aa1024b38054cdaf08eb7ccaf6	402	PF15242.12	FAM53	Family of FAM53	304	1	304	1.0	1	299	1	299	0.7437810945273632	406.703369140625	406.31109619140625	3.4352713494753134e-123	4.522848635714792e-123	1.2616035246066366e-125	27.0	27.0	1
control_47ac6e6903ec920667a04a8352f5f97226bf9e90fb6186377eee8d60d7995775	parent_control	47ac6e6903ec920667a04a8352f5f97226bf9e90fb6186377eee8d60d7995775	534	PF16880.11	EHD_N	N-terminal EH-domain containing protein	33	1	33	1.0	24	56	24	56	0.06179775280898876	62.26129150390625	61.263824462890625	1.193660688378369e-18	2.4472175466588745e-18	1.0239403960915793e-20	21.5	21.5	1
control_47ac6e6903ec920667a04a8352f5f97226bf9e90fb6186377eee8d60d7995775	parent_control	47ac6e6903ec920667a04a8352f5f97226bf9e90fb6186377eee8d60d7995775	534	PF01926.30	MMR_HSR1	50S ribosome-binding GTPase	113	2	113	0.9911504424778761	61	220	60	220	0.299625468164794	34.58222579956055	31.721811294555664	6.64388084396175e-10	5.1324976316989944e-09	9.305783711588135e-11	21.899999618530273	21.899999618530273	1
control_47ac6e6903ec920667a04a8352f5f97226bf9e90fb6186377eee8d60d7995775	parent_control	47ac6e6903ec920667a04a8352f5f97226bf9e90fb6186377eee8d60d7995775	534	PF00350.30	Dynamin_N	Dynamin family	168	1	168	1.0	61	221	61	221	0.301498127340824	65.89935302734375	64.45804595947266	1.701014667525495e-19	4.7171702818001295e-19	1.9737114149791335e-21	27.0	27.0	1
control_47ac6e6903ec920667a04a8352f5f97226bf9e90fb6186377eee8d60d7995775	parent_control	47ac6e6903ec920667a04a8352f5f97226bf9e90fb6186377eee8d60d7995775	534	PF18150.7	DUF5600	Domain of unknown function (DUF5600)	107	1	107	1.0	288	394	288	394	0.20037453183520598	156.8357391357422	155.5333709716797	9.668392754872292e-48	2.456330014756212e-47	3.42584381416487e-50	26.600000381469727	26.600000381469727	1
control_47ac6e6903ec920667a04a8352f5f97226bf9e90fb6186377eee8d60d7995775	parent_control	47ac6e6903ec920667a04a8352f5f97226bf9e90fb6186377eee8d60d7995775	534	PF12763.14	EH	EH domain	101	5	94	0.8910891089108911	444	531	441	534	0.1647940074906367	70.83274841308594	68.99060821533203	2.826920618557807e-21	1.0596637268437816e-20	1.6257044623823707e-22	22.0	22.0	2
control_47ca39724c6f2b496875cd3c58af8aa4081e67805272673180efb71f99d87808	parent_control	47ca39724c6f2b496875cd3c58af8aa4081e67805272673180efb71f99d87808	184	PF00169.36	PH	PH domain	105	2	104	0.9809523809523809	6	110	5	111	0.5706521739130435	73.19693756103516	72.43576049804688	8.301063771711626e-22	1.4320374571740618e-21	1.9972628412469482e-23	25.100000381469727	25.100000381469727	1
control_47ca39724c6f2b496875cd3c58af8aa4081e67805272673180efb71f99d87808	parent_control	47ca39724c6f2b496875cd3c58af8aa4081e67805272673180efb71f99d87808	184	PF00779.25	BTK	BTK motif	30	1	29	0.9666666666666667	119	147	119	148	0.15760869565217392	53.459407806396484	52.756813049316406	6.495294355568595e-16	1.0771048848182855e-15	4.506714999239689e-18	24.0	24.0	1
control_47d269676c35cd2066d34dbcd43e9a5d1af70a0eb831514cfb824c54940d9663	parent_control	47d269676c35cd2066d34dbcd43e9a5d1af70a0eb831514cfb824c54940d9663	608	PF00169.36	PH	PH domain	105	2	104	0.9809523809523809	6	110	5	111	0.17269736842105263	70.21456909179688	69.00457763671875	7.031060636772048e-21	1.672932826146137e-20	2.333239645949982e-22	25.100000381469727	25.100000381469727	1
control_47d269676c35cd2066d34dbcd43e9a5d1af70a0eb831514cfb824c54940d9663	parent_control	47d269676c35cd2066d34dbcd43e9a5d1af70a0eb831514cfb824c54940d9663	608	PF00779.25	BTK	BTK motif	30	1	29	0.9666666666666667	119	147	119	148	0.047697368421052634	51.63364028930664	50.5554084777832	2.417723437228757e-15	5.254179573624337e-15	2.1984014952403082e-17	24.0	24.0	1
control_47d269676c35cd2066d34dbcd43e9a5d1af70a0eb831514cfb824c54940d9663	parent_control	47d269676c35cd2066d34dbcd43e9a5d1af70a0eb831514cfb824c54940d9663	608	PF00018.35	SH3_1	SH3 domain	48	1	39	0.8125	184	222	184	225	0.06414473684210527	45.42916488647461	43.6245231628418	1.7250662585942996e-13	6.316832656340165e-13	1.2334122341528915e-14	22.899999618530273	22.899999618530273	1
control_47d269676c35cd2066d34dbcd43e9a5d1af70a0eb831514cfb824c54940d9663	parent_control	47d269676c35cd2066d34dbcd43e9a5d1af70a0eb831514cfb824c54940d9663	608	PF00017.31	SH2	SH2 domain	77	1	77	1.0	224	307	224	307	0.13815789473684212	70.85230255126953	69.54106903076172	2.8984973819866214e-21	7.43702641871879e-21	1.0372421783429275e-22	21.0	21.0	1
control_47d269676c35cd2066d34dbcd43e9a5d1af70a0eb831514cfb824c54940d9663	parent_control	47d269676c35cd2066d34dbcd43e9a5d1af70a0eb831514cfb824c54940d9663	608	PF07714.24	PK_Tyr_Ser-Thr	Protein tyrosine and serine/threonine kinase	258	1	257	0.9961240310077519	347	595	347	596	0.4095394736842105	330.4795227050781	330.0123596191406	2.456831045914629e-100	3.4113261365441267e-100	1.903110815366319e-102	23.100000381469727	23.100000381469727	1
control_47d269676c35cd2066d34dbcd43e9a5d1af70a0eb831514cfb824c54940d9663	parent_control	47d269676c35cd2066d34dbcd43e9a5d1af70a0eb831514cfb824c54940d9663	608	PF00069.32	Pkinase	Protein kinase domain	262	3	258	0.9770992366412213	349	594	347	596	0.40460526315789475	162.3949737548828	161.88380432128906	5.211833562728726e-49	7.463413771200441e-49	4.1636896910462713e-51	31.700000762939453	31.700000762939453	1
control_47d60f8793c8bba7de2eeafd23e477f43ead3931a188d950aeb2821bb3282a35	parent_control	47d60f8793c8bba7de2eeafd23e477f43ead3931a188d950aeb2821bb3282a35	363	PF13637.13	Ank_4	Ankyrin repeats (many copies)	50	3	50	0.96	16	64	14	64	0.1349862258953168	43.50811767578125	42.696834564208984	9.974235671327064e-13	1.7963752358232047e-12	4.509728625497585e-14	22.700000762939453	22.700000762939453	1
control_47d60f8793c8bba7de2eeafd23e477f43ead3931a188d950aeb2821bb3282a35	parent_control	47d60f8793c8bba7de2eeafd23e477f43ead3931a188d950aeb2821bb3282a35	363	PF12796.14	Ank_2	Ankyrin repeats (3 copies)	90	3	62	0.6666666666666666	16	79	14	92	0.1763085399449036	40.11379623413086	39.397438049316406	1.606885262950533e-11	2.6883740817399317e-11	6.749056272150456e-13	27.299999237060547	27.299999237060547	1
control_47d60f8793c8bba7de2eeafd23e477f43ead3931a188d950aeb2821bb3282a35	parent_control	47d60f8793c8bba7de2eeafd23e477f43ead3931a188d950aeb2821bb3282a35	363	PF13606.13	Ank_3	Ankyrin repeat	31	1	28	0.9032258064516129	43	69	43	72	0.0743801652892562	29.489612579345703	24.229515075683594	1.9901730862105093e-08	1.0422482208440857e-06	2.6165227301525163e-08	22.299999237060547	17.200000762939453	2
control_47d60f8793c8bba7de2eeafd23e477f43ead3931a188d950aeb2821bb3282a35	parent_control	47d60f8793c8bba7de2eeafd23e477f43ead3931a188d950aeb2821bb3282a35	363	PF00023.37	Ank	Ankyrin repeat	33	1	30	0.9090909090909091	43	72	43	75	0.08264462809917356	42.55971145629883	33.02869415283203	1.5646554682435978e-12	1.7008054147668504e-09	4.2698043885360264e-11	21.100000381469727	14.699999809265137	2
control_47d60f8793c8bba7de2eeafd23e477f43ead3931a188d950aeb2821bb3282a35	parent_control	47d60f8793c8bba7de2eeafd23e477f43ead3931a188d950aeb2821bb3282a35	363	PF27687.1	ANKRD40_UBL	ANKRD40 ubiquitin-like domain	72	1	72	1.0	260	333	260	333	0.20385674931129477	120.84556579589844	120.84556579589844	7.200242208178728e-37	7.200242208178728e-37	3.012653643589426e-39	27.0	27.0	2
control_483ecb87454d29bccec782d52e6c862e56bc1425397d9c75704f356bbcb03b4c	parent_control	483ecb87454d29bccec782d52e6c862e56bc1425397d9c75704f356bbcb03b4c	573	PF02825.27	WWE	WWE domain	67	1	67	1.0	20	97	20	97	0.13612565445026178	116.61732482910156	55.48540115356445	1.8132416322404668e-35	2.1968280605746946e-16	1.8383498414851e-18	21.100000381469727	21.100000381469727	1
control_483ecb87454d29bccec782d52e6c862e56bc1425397d9c75704f356bbcb03b4c	parent_control	483ecb87454d29bccec782d52e6c862e56bc1425397d9c75704f356bbcb03b4c	573	PF02825.27	WWE	WWE domain	67	1	67	1.0	110	174	110	174	0.11343804537521815	116.61732482910156	58.89280319213867	1.8132416322404668e-35	1.8972265875559226e-17	1.5876373117622785e-19	21.100000381469727	21.100000381469727	2
control_483ecb87454d29bccec782d52e6c862e56bc1425397d9c75704f356bbcb03b4c	parent_control	483ecb87454d29bccec782d52e6c862e56bc1425397d9c75704f356bbcb03b4c	573	PF18102.7	DTC	Deltex C-terminal domain	133	1	133	1.0	431	565	431	565	0.2356020942408377	193.72003173828125	193.05792236328125	4.841458935870369e-59	7.754606629605527e-59	3.244605284353777e-61	25.0	25.0	1
control_486fadc9c5c195ee196e42e045e47bed64c54e54606e516ffd5d1b485653e149	parent_control	486fadc9c5c195ee196e42e045e47bed64c54e54606e516ffd5d1b485653e149	357	PF02825.27	WWE	WWE domain	67	1	67	1.0	20	97	20	97	0.2184873949579832	118.52542114257812	56.5216064453125	4.60057250967983e-36	1.0431036346417755e-16	8.728900708299376e-19	21.100000381469727	21.100000381469727	1
control_486fadc9c5c195ee196e42e045e47bed64c54e54606e516ffd5d1b485653e149	parent_control	486fadc9c5c195ee196e42e045e47bed64c54e54606e516ffd5d1b485653e149	357	PF02825.27	WWE	WWE domain	67	1	67	1.0	110	174	110	174	0.18207282913165265	118.52542114257812	59.869850158691406	4.60057250967983e-36	9.399783321383503e-18	7.865927465592889e-20	21.100000381469727	21.100000381469727	2
control_48db732bf13b377c21467adf0bac39d40975a33bbe2c63ded45016af2019c67c	parent_control	48db732bf13b377c21467adf0bac39d40975a33bbe2c63ded45016af2019c67c	192	PF00025.28	Arf	ADP-ribosylation factor family	174	13	168	0.896551724137931	2	170	1	176	0.8802083333333334	29.68307113647461	29.37670135498047	1.5721716048427308e-08	1.952511398505987e-08	4.901702255663565e-10	22.299999237060547	22.299999237060547	1
control_48db732bf13b377c21467adf0bac39d40975a33bbe2c63ded45016af2019c67c	parent_control	48db732bf13b377c21467adf0bac39d40975a33bbe2c63ded45016af2019c67c	192	PF08477.20	Roc	Ras of Complex, Roc, domain of DAPkinase	119	1	119	1.0	5	118	5	118	0.59375	81.55896759033203	81.16389465332031	2.0437805416399656e-24	2.7094699043012266e-24	7.557796106837452e-26	27.0	27.0	1
control_48db732bf13b377c21467adf0bac39d40975a33bbe2c63ded45016af2019c67c	parent_control	48db732bf13b377c21467adf0bac39d40975a33bbe2c63ded45016af2019c67c	192	PF00071.29	Ras	Ras family	162	1	160	0.9876543209876543	5	176	5	178	0.8958333333333334	177.74388122558594	177.53399658203125	4.7906682881021057e-54	5.55843461219513e-54	1.783040391638605e-55	21.600000381469727	21.600000381469727	1
control_49ac344a89b4f94d61a558df400bf813e0659127c4703c7ef66a14cd3dcec88b	parent_control	49ac344a89b4f94d61a558df400bf813e0659127c4703c7ef66a14cd3dcec88b	2135	PF00520.38	Ion_trans	Ion transport protein	243	2	242	0.9917695473251029	126	416	125	417	0.13629976580796252	900.790283203125	245.99330139160156	1.263511107901391e-274	1.1777245763964824e-74	3.4494025250106176e-76	25.0	25.0	1
control_49ac344a89b4f94d61a558df400bf813e0659127c4703c7ef66a14cd3dcec88b	parent_control	49ac344a89b4f94d61a558df400bf813e0659127c4703c7ef66a14cd3dcec88b	2135	PF00520.38	Ion_trans	Ion transport protein	243	3	239	0.9753086419753086	524	759	522	762	0.11053864168618267	900.790283203125	219.31137084960938	1.263511107901391e-274	1.657600393627743e-66	4.854896550374143e-68	25.0	25.0	2
control_49ac344a89b4f94d61a558df400bf813e0659127c4703c7ef66a14cd3dcec88b	parent_control	49ac344a89b4f94d61a558df400bf813e0659127c4703c7ef66a14cd3dcec88b	2135	PF00520.38	Ion_trans	Ion transport protein	243	1	242	0.9958847736625515	885	1162	885	1163	0.13021077283372365	900.790283203125	216.69862365722656	1.263511107901391e-274	1.0408562489057514e-65	3.048532946585883e-67	25.0	25.0	3
control_49ac344a89b4f94d61a558df400bf813e0659127c4703c7ef66a14cd3dcec88b	parent_control	49ac344a89b4f94d61a558df400bf813e0659127c4703c7ef66a14cd3dcec88b	2135	PF00520.38	Ion_trans	Ion transport protein	243	2	242	0.9917695473251029	1205	1459	1204	1460	0.11943793911007025	900.790283203125	237.79638671875	1.263511107901391e-274	3.752426620771357e-72	1.099037085581569e-73	25.0	25.0	4
control_49ac344a89b4f94d61a558df400bf813e0659127c4703c7ef66a14cd3dcec88b	parent_control	49ac344a89b4f94d61a558df400bf813e0659127c4703c7ef66a14cd3dcec88b	2135	PF08016.19	PKD_channel	Polycystin cation channel	225	93	223	0.5822222222222222	1293	1453	1284	1455	0.07540983606557378	50.94807434082031	31.779237747192383	4.991029195522985e-15	3.621182109964464e-09	1.0605972707008891e-10	22.399999618530273	22.399999618530273	10
control_49ac344a89b4f94d61a558df400bf813e0659127c4703c7ef66a14cd3dcec88b	parent_control	49ac344a89b4f94d61a558df400bf813e0659127c4703c7ef66a14cd3dcec88b	2135	PF16905.11	GPHH	Voltage-dependent L-type calcium channel, IQ-associated	54	1	54	1.0	1469	1522	1469	1522	0.02529274004683841	100.74472045898438	99.2271957397461	1.1236669645568251e-30	3.34622966914967e-30	9.800672671149661e-32	26.799999237060547	26.799999237060547	1
control_49ac344a89b4f94d61a558df400bf813e0659127c4703c7ef66a14cd3dcec88b	parent_control	49ac344a89b4f94d61a558df400bf813e0659127c4703c7ef66a14cd3dcec88b	2135	PF08763.18	Ca_chan_IQ	Voltage gated calcium channel IQ domain	77	1	77	1.0	1532	1606	1532	1606	0.0351288056206089	105.57333374023438	104.16468811035156	4.934650909972159e-32	1.3579329583031358e-31	3.977209501306256e-33	26.700000762939453	26.700000762939453	1
control_49ac344a89b4f94d61a558df400bf813e0659127c4703c7ef66a14cd3dcec88b	parent_control	49ac344a89b4f94d61a558df400bf813e0659127c4703c7ef66a14cd3dcec88b	2135	PF16885.12	CAC1F_C	Voltage-gated calcium channel subunit alpha, C-term	298	74	296	0.7483221476510067	1875	2133	1863	2135	0.12131147540983607	146.63134765625	140.5569610595703	3.9274947828885735e-44	2.781643645013021e-42	2.3277352677933233e-44	20.399999618530273	20.399999618530273	1
control_4a8e5cd471ee072742a5ca7283e7325d071cbe1c7dabfca4a1b3daf518e13d87	parent_control	4a8e5cd471ee072742a5ca7283e7325d071cbe1c7dabfca4a1b3daf518e13d87	145	PF14745.12	WASH-4_N	WASH complex subunit 4, N-terminal	572	1	116	0.20279720279720279	32	145	32	145	0.7862068965517242	143.7332000732422	143.56512451171875	2.6905977257105863e-43	3.025216412020092e-43	2.5315618510628385e-45	25.0	25.0	1
control_4ad16ecc21c8b3cee4dd7e7b9758e962e83cd59172a2d449cc1c6fb8f300137b	parent_control	4ad16ecc21c8b3cee4dd7e7b9758e962e83cd59172a2d449cc1c6fb8f300137b	822	PF01433.27	Peptidase_M1	Peptidase family M1 domain	218	21	218	0.908256880733945	435	652	423	652	0.26520681265206814	71.6260986328125	70.50383758544922	2.6426110055066988e-21	5.825294753010735e-21	6.49963152358241e-23	27.700000762939453	27.700000762939453	1
control_4ad16ecc21c8b3cee4dd7e7b9758e962e83cd59172a2d449cc1c6fb8f300137b	parent_control	4ad16ecc21c8b3cee4dd7e7b9758e962e83cd59172a2d449cc1c6fb8f300137b	822	PF09127.18	Leuk-A4-hydro_C	Leukotriene A4 hydrolase, C-terminal	112	2	112	0.9910714285714286	710	821	709	821	0.1362530413625304	72.46736145019531	72.46736145019531	1.116285553633099e-21	1.116285553633099e-21	3.11376723468089e-24	27.0	27.0	2
control_4af5631edd103498d305f8671892ebc2ebdb7b7c96d223f00d0c25be4f26719a	parent_control	4af5631edd103498d305f8671892ebc2ebdb7b7c96d223f00d0c25be4f26719a	611	PF00515.35	TPR_1	Tetratricopeptide repeat	34	1	33	0.9705882352941176	117	149	117	150	0.054009819967266774	111.78202056884766	37.31303024291992	1.705813092809676e-34	5.741947504889764e-11	5.605806490129476e-13	27.799999237060547	27.799999237060547	1
control_4af5631edd103498d305f8671892ebc2ebdb7b7c96d223f00d0c25be4f26719a	parent_control	4af5631edd103498d305f8671892ebc2ebdb7b7c96d223f00d0c25be4f26719a	611	PF07719.24	TPR_2	Tetratricopeptide repeat	34	2	33	0.9411764705882353	118	149	117	150	0.05237315875613748	87.12855529785156	28.797164916992188	6.065211090741487e-27	3.020790106170573e-08	4.2130963823857365e-10	27.0	22.899999618530273	1
control_4af5631edd103498d305f8671892ebc2ebdb7b7c96d223f00d0c25be4f26719a	parent_control	4af5631edd103498d305f8671892ebc2ebdb7b7c96d223f00d0c25be4f26719a	611	PF13181.13	TPR_8	Tetratricopeptide repeat	34	6	33	0.8235294117647058	122	149	117	150	0.04582651391162029	77.18802642822266	18.586620330810547	9.212889568429835e-24	5.8110457142787245e-05	8.104666268171163e-07	25.700000762939453	11.800000190734863	1
control_4af5631edd103498d305f8671892ebc2ebdb7b7c96d223f00d0c25be4f26719a	parent_control	4af5631edd103498d305f8671892ebc2ebdb7b7c96d223f00d0c25be4f26719a	611	PF13414.13	TPR_11	TPR repeat	42	1	26	0.6190476190476191	124	149	124	170	0.0425531914893617	85.60057830810547	29.531408309936523	5.125802154045178e-26	1.690523971839682e-08	1.4146644115813239e-10	26.799999237060547	26.799999237060547	1
control_4af5631edd103498d305f8671892ebc2ebdb7b7c96d223f00d0c25be4f26719a	parent_control	4af5631edd103498d305f8671892ebc2ebdb7b7c96d223f00d0c25be4f26719a	611	PF13181.13	TPR_8	Tetratricopeptide repeat	34	2	33	0.9411764705882353	405	436	404	437	0.05237315875613748	77.18802642822266	15.203651428222656	9.212889568429835e-24	0.0007071982202224434	9.863294563771875e-06	25.700000762939453	11.800000190734863	6
control_4af5631edd103498d305f8671892ebc2ebdb7b7c96d223f00d0c25be4f26719a	parent_control	4af5631edd103498d305f8671892ebc2ebdb7b7c96d223f00d0c25be4f26719a	611	PF13174.13	TPR_6	Tetratricopeptide repeat	33	2	31	0.9090909090909091	447	476	446	477	0.049099836333878884	40.86764144897461	15.378974914550781	6.600242860444594e-12	0.0008895601875013886	4.962678870300634e-06	26.299999237060547	12.199999809265137	6
control_4af5631edd103498d305f8671892ebc2ebdb7b7c96d223f00d0c25be4f26719a	parent_control	4af5631edd103498d305f8671892ebc2ebdb7b7c96d223f00d0c25be4f26719a	611	PF13181.13	TPR_8	Tetratricopeptide repeat	34	1	34	1.0	479	512	479	512	0.05564648117839607	77.18802642822266	19.107648849487305	9.212889568429835e-24	3.954609947528834e-05	5.515495045367969e-07	25.700000762939453	11.800000190734863	8
control_4af5631edd103498d305f8671892ebc2ebdb7b7c96d223f00d0c25be4f26719a	parent_control	4af5631edd103498d305f8671892ebc2ebdb7b7c96d223f00d0c25be4f26719a	611	PF13181.13	TPR_8	Tetratricopeptide repeat	34	3	32	0.8823529411764706	550	579	550	581	0.049099836333878884	77.18802642822266	13.596256256103516	9.212889568429835e-24	0.0023185047773015173	3.23361893626432e-05	25.700000762939453	11.800000190734863	10
control_4afcd7f088e82c98478ae9e0df671cefa8a005820469f826d3d8a65ef06dbec5	parent_control	4afcd7f088e82c98478ae9e0df671cefa8a005820469f826d3d8a65ef06dbec5	237	PF08659.17	KR	KR domain	180	28	161	0.7444444444444445	1	135	1	148	0.569620253164557	37.325531005859375	36.905948638916016	9.741879460135079e-11	1.3104463955655637e-10	3.107055610127557e-12	22.600000381469727	22.600000381469727	1
control_4afcd7f088e82c98478ae9e0df671cefa8a005820469f826d3d8a65ef06dbec5	parent_control	4afcd7f088e82c98478ae9e0df671cefa8a005820469f826d3d8a65ef06dbec5	237	PF00106.32	adh_short	short chain dehydrogenase	195	28	189	0.8307692307692308	2	164	1	168	0.6877637130801688	100.13798522949219	99.83048248291016	4.114560657359578e-30	5.11167697337147e-30	1.1406810540298957e-31	26.600000381469727	25.0	1
control_4afcd7f088e82c98478ae9e0df671cefa8a005820469f826d3d8a65ef06dbec5	parent_control	4afcd7f088e82c98478ae9e0df671cefa8a005820469f826d3d8a65ef06dbec5	237	PF13561.13	adh_short_C2	Enoyl-(Acyl carrier protein) reductase	236	24	215	0.8135593220338984	2	197	1	203	0.8270042194092827	80.1883316040039	79.93655395507812	6.601484517476973e-24	7.880706944525485e-24	1.7585956919443204e-25	27.0	27.0	1
control_4bc2ac33ac363b77d6b8f5edf39d55b9711c4850301c22127b337e7cb800d4ef	parent_control	4bc2ac33ac363b77d6b8f5edf39d55b9711c4850301c22127b337e7cb800d4ef	310	PF05279.17	Asp-B-Hydro_N	Aspartyl beta-hydroxylase N-terminal region	66	1	66	1.0	52	117	52	117	0.2129032258064516	148.19895935058594	147.3477325439453	1.8253907771403858e-45	3.365824384876981e-45	1.03274946258429e-46	23.0	23.0	1
control_4be0593da6aaf178070b1a1ca652c7c0c485e5a04b4a36a318beb14f68d62dc2	parent_control	4be0593da6aaf178070b1a1ca652c7c0c485e5a04b4a36a318beb14f68d62dc2	219	PF08216.18	CTNNBL	Catenin-beta-like, Arm-motif containing nuclear	474	288	474	0.39451476793248946	1	190	1	190	0.867579908675799	211.14906311035156	210.95404052734375	7.891713590584921e-64	9.043059585718483e-64	5.044942586174886e-66	27.0	27.0	1
control_4cf58b8a26a65a3da5c81ef3b4f7cd780b5160bf9e07c2455083e044ee1cea4e	parent_control	4cf58b8a26a65a3da5c81ef3b4f7cd780b5160bf9e07c2455083e044ee1cea4e	1648	PF00520.38	Ion_trans	Ion transport protein	243	2	242	0.9917695473251029	148	438	147	439	0.17657766990291263	905.5713500976562	249.2321014404297	4.380075924257157e-276	1.207651356380032e-75	3.5370541818662026e-77	25.0	25.0	1
control_4cf58b8a26a65a3da5c81ef3b4f7cd780b5160bf9e07c2455083e044ee1cea4e	parent_control	4cf58b8a26a65a3da5c81ef3b4f7cd780b5160bf9e07c2455083e044ee1cea4e	1648	PF00520.38	Ion_trans	Ion transport protein	243	3	239	0.9753086419753086	546	781	544	784	0.14320388349514562	905.5713500976562	219.82708740234375	4.380075924257157e-276	1.1534117311188943e-66	3.3781933547415315e-68	25.0	25.0	2
control_4cf58b8a26a65a3da5c81ef3b4f7cd780b5160bf9e07c2455083e044ee1cea4e	parent_control	4cf58b8a26a65a3da5c81ef3b4f7cd780b5160bf9e07c2455083e044ee1cea4e	1648	PF00520.38	Ion_trans	Ion transport protein	243	1	242	0.9958847736625515	907	1184	907	1185	0.16868932038834952	905.5713500976562	217.23802185058594	4.380075924257157e-276	7.123002618530501e-66	2.0862350765570508e-67	25.0	25.0	3
control_4cf58b8a26a65a3da5c81ef3b4f7cd780b5160bf9e07c2455083e044ee1cea4e	parent_control	4cf58b8a26a65a3da5c81ef3b4f7cd780b5160bf9e07c2455083e044ee1cea4e	1648	PF00520.38	Ion_trans	Ion transport protein	243	2	242	0.9917695473251029	1227	1481	1226	1482	0.15473300970873785	905.5713500976562	238.32235717773438	4.380075924257157e-276	2.5923000905016095e-72	7.592510725318521e-74	25.0	25.0	4
control_4cf58b8a26a65a3da5c81ef3b4f7cd780b5160bf9e07c2455083e044ee1cea4e	parent_control	4cf58b8a26a65a3da5c81ef3b4f7cd780b5160bf9e07c2455083e044ee1cea4e	1648	PF08016.19	PKD_channel	Polycystin cation channel	225	93	223	0.5822222222222222	1315	1475	1306	1477	0.09769417475728155	54.45869827270508	32.166690826416016	4.2155629968081546e-16	2.7567086107041833e-09	8.074041956037357e-11	22.399999618530273	22.399999618530273	10
control_4cf58b8a26a65a3da5c81ef3b4f7cd780b5160bf9e07c2455083e044ee1cea4e	parent_control	4cf58b8a26a65a3da5c81ef3b4f7cd780b5160bf9e07c2455083e044ee1cea4e	1648	PF16905.11	GPHH	Voltage-dependent L-type calcium channel, IQ-associated	54	1	54	1.0	1491	1544	1491	1544	0.032766990291262135	101.25114440917969	99.63294219970703	7.806979294687071e-31	2.4994382943222923e-30	7.320530569144789e-32	26.799999237060547	26.799999237060547	1
control_4cf58b8a26a65a3da5c81ef3b4f7cd780b5160bf9e07c2455083e044ee1cea4e	parent_control	4cf58b8a26a65a3da5c81ef3b4f7cd780b5160bf9e07c2455083e044ee1cea4e	1648	PF08763.18	Ca_chan_IQ	Voltage gated calcium channel IQ domain	77	1	77	1.0	1554	1628	1554	1628	0.04550970873786408	105.91048431396484	104.58273315429688	3.87289450975264e-32	1.0055677583235464e-31	2.9451775348388393e-33	26.700000762939453	26.700000762939453	1
control_4cf5dc7bd097cd1d6557a553a783f543f95542e72a84a1875dd5523ecb2d132f	parent_control	4cf5dc7bd097cd1d6557a553a783f543f95542e72a84a1875dd5523ecb2d132f	311	PF02820.25	MBT	mbt repeat	69	2	52	0.7391304347826086	18	68	17	69	0.1639871382636656	27.618179321289062	23.088134765625	9.856489152011235e-08	2.5573581060302447e-06	1.7833738535775764e-08	22.0	22.0	1
control_4cf5dc7bd097cd1d6557a553a783f543f95542e72a84a1875dd5523ecb2d132f	parent_control	4cf5dc7bd097cd1d6557a553a783f543f95542e72a84a1875dd5523ecb2d132f	311	PF18104.8	Tudor_2	Jumonji domain-containing protein 2A Tudor domain	35	1	34	0.9714285714285714	90	123	90	123	0.10932475884244373	35.35161590576172	34.28447341918945	2.6779108500105045e-10	5.772050487254249e-10	4.025139809800732e-12	31.399999618530273	31.399999618530273	1
control_4cf5dc7bd097cd1d6557a553a783f543f95542e72a84a1875dd5523ecb2d132f	parent_control	4cf5dc7bd097cd1d6557a553a783f543f95542e72a84a1875dd5523ecb2d132f	311	PF18115.8	Tudor_3	DNA repair protein Crb2 Tudor domain	52	3	51	0.9423076923076923	91	135	89	136	0.14469453376205788	31.238815307617188	29.934101104736328	5.6753738991919426e-09	1.4503580422462355e-08	1.0114072819011405e-10	25.799999237060547	25.799999237060547	2
control_4d8da7a249b8e2edf2d48ecc95d93eb6898532d6e07ed982fec0fc4c9c14e12a	parent_control	4d8da7a249b8e2edf2d48ecc95d93eb6898532d6e07ed982fec0fc4c9c14e12a	181	PF00025.28	Arf	ADP-ribosylation factor family	174	2	173	0.9885057471264368	6	176	5	177	0.9447513812154696	270.37493896484375	270.0975341796875	1.8800042917319382e-82	2.2874763563131055e-82	5.742618467731645e-84	22.299999237060547	22.299999237060547	1
control_4d8da7a249b8e2edf2d48ecc95d93eb6898532d6e07ed982fec0fc4c9c14e12a	parent_control	4d8da7a249b8e2edf2d48ecc95d93eb6898532d6e07ed982fec0fc4c9c14e12a	181	PF09439.17	SRPRB	Signal recognition particle receptor beta subunit	178	2	134	0.7471910112359551	16	143	15	152	0.7071823204419889	52.9453010559082	52.65916061401367	1.0620486472189454e-15	1.3001257146616166e-15	3.626571031134217e-18	25.0	25.0	1
control_4d8da7a249b8e2edf2d48ecc95d93eb6898532d6e07ed982fec0fc4c9c14e12a	parent_control	4d8da7a249b8e2edf2d48ecc95d93eb6898532d6e07ed982fec0fc4c9c14e12a	181	PF01926.30	MMR_HSR1	50S ribosome-binding GTPase	113	1	110	0.9734513274336283	19	124	19	127	0.585635359116022	25.858156204223633	25.34499740600586	3.392169376433919e-07	4.895174371117059e-07	8.875490491565101e-09	21.899999618530273	21.899999618530273	1
control_4d8da7a249b8e2edf2d48ecc95d93eb6898532d6e07ed982fec0fc4c9c14e12a	parent_control	4d8da7a249b8e2edf2d48ecc95d93eb6898532d6e07ed982fec0fc4c9c14e12a	181	PF08477.20	Roc	Ras of Complex, Roc, domain of DAPkinase	119	1	119	1.0	19	129	19	129	0.6132596685082873	53.80535888671875	53.352325439453125	8.174658192814447e-16	1.129494512868532e-15	3.1506123092567144e-17	27.0	27.0	1
control_4d8da7a249b8e2edf2d48ecc95d93eb6898532d6e07ed982fec0fc4c9c14e12a	parent_control	4d8da7a249b8e2edf2d48ecc95d93eb6898532d6e07ed982fec0fc4c9c14e12a	181	PF04670.19	Gtr1_RagA	Gtr1/RagA G protein conserved region	232	1	134	0.5775862068965517	19	141	19	158	0.6795580110497238	43.03333282470703	42.72866439819336	1.3234372057022944e-12	1.6398672351222317e-12	9.14849224614913e-15	22.0	22.0	1
control_4d8da7a249b8e2edf2d48ecc95d93eb6898532d6e07ed982fec0fc4c9c14e12a	parent_control	4d8da7a249b8e2edf2d48ecc95d93eb6898532d6e07ed982fec0fc4c9c14e12a	181	PF00071.29	Ras	Ras family	162	1	151	0.9320987654320988	19	168	19	179	0.8287292817679558	45.84897232055664	45.714317321777344	1.7728969355275145e-13	1.950296881098535e-13	6.256182463774938e-15	21.600000381469727	21.600000381469727	1
control_4f66b1a165119157d47f12f37c0bebcdb76951a8286576e3811e053b4d975437	parent_control	4f66b1a165119157d47f12f37c0bebcdb76951a8286576e3811e053b4d975437	41	PF00071.29	Ras	Ras family	162	1	32	0.19753086419753085	10	41	10	41	0.7804878048780488	39.49312210083008	39.3581428527832	1.5981530661926674e-11	1.7584715323751135e-11	5.640843130352525e-13	21.600000381469727	21.600000381469727	1
control_4f66b1a165119157d47f12f37c0bebcdb76951a8286576e3811e053b4d975437	parent_control	4f66b1a165119157d47f12f37c0bebcdb76951a8286576e3811e053b4d975437	41	PF08477.20	Roc	Ras of Complex, Roc, domain of DAPkinase	119	1	32	0.2689075630252101	10	41	10	41	0.7804878048780488	32.20116424560547	32.08308410644531	4.060106376991363e-09	4.417082583701048e-09	1.2321011391076842e-10	27.0	27.0	1
control_511f6c2e42d036dbf7dce0ad66d168eb8965143171a91801d1e78ee5faed7609	parent_control	511f6c2e42d036dbf7dce0ad66d168eb8965143171a91801d1e78ee5faed7609	180	PF13911.13	AhpC-TSA_2	AhpC/TSA antioxidant enzyme	114	1	113	0.9912280701754386	32	144	32	145	0.6277777777777778	94.05735778808594	93.74553680419922	2.8684360408694156e-28	3.584366469251748e-28	1.9996465658308216e-30	27.0	27.0	1
control_515cbf25781babfeb22d8d3a4926d35c13ea54cc0af1c39ddf18c53bd1e82d7b	parent_control	515cbf25781babfeb22d8d3a4926d35c13ea54cc0af1c39ddf18c53bd1e82d7b	47	PF15054.12	DUF4535	Domain of unknown function (DUF4535)	45	2	45	0.9777777777777777	5	44	4	44	0.851063829787234	39.630882263183594	39.167152404785156	1.1684749748201296e-11	1.6311168692729004e-11	2.2749189250668067e-14	28.299999237060547	28.299999237060547	1
control_51a570e05804e76c877e7798f705a3e4b0032ba77f32ff4fe2e02cc4fc8e523f	parent_control	51a570e05804e76c877e7798f705a3e4b0032ba77f32ff4fe2e02cc4fc8e523f	70	PF05160.19	DSS1_SEM1	DSS1/SEM1 family	60	2	60	0.9833333333333333	6	62	5	62	0.8142857142857143	81.78791809082031	81.53624725341797	1.1029572279811038e-24	1.3217197156079832e-24	5.5302080150961646e-27	32.20000076293945	32.20000076293945	1
control_520ca09d1dad11ec32053b60052b17e7d4c2ddf6605a6eb64fb646cc6c29f901	parent_control	520ca09d1dad11ec32053b60052b17e7d4c2ddf6605a6eb64fb646cc6c29f901	325	PF00129.24	MHC_I	Class I Histocompatibility antigen, domains alpha 1 and 2	179	1	179	1.0	22	200	22	200	0.5507692307692308	316.31793212890625	315.9721984863281	1.7668933966087337e-96	2.2559710270587513e-96	2.202482174255406e-98	28.299999237060547	28.299999237060547	1
control_520ca09d1dad11ec32053b60052b17e7d4c2ddf6605a6eb64fb646cc6c29f901	parent_control	520ca09d1dad11ec32053b60052b17e7d4c2ddf6605a6eb64fb646cc6c29f901	325	PF07654.22	C1-set	Immunoglobulin C1-set domain	86	14	86	0.8488372093023255	218	287	208	287	0.2153846153846154	53.91593551635742	52.92542266845703	6.711265520335122e-16	1.3673384380974258e-15	9.535135551585955e-18	21.0	21.0	1
control_5253042921bb73f9dbef97e3640394d6f71f4d0b01dbb6fbd5d1c922daf1db57	parent_control	5253042921bb73f9dbef97e3640394d6f71f4d0b01dbb6fbd5d1c922daf1db57	130	PF08718.17	GLTP	Glycolipid transfer protein (GLTP)	147	1	60	0.40816326530612246	18	78	18	81	0.46923076923076923	101.68588256835938	60.15511703491211	1.641219144882396e-30	1.0390364948839742e-17	1.7389732131949358e-19	25.600000381469727	25.600000381469727	1
control_5253042921bb73f9dbef97e3640394d6f71f4d0b01dbb6fbd5d1c922daf1db57	parent_control	5253042921bb73f9dbef97e3640394d6f71f4d0b01dbb6fbd5d1c922daf1db57	130	PF08718.17	GLTP	Glycolipid transfer protein (GLTP)	147	83	129	0.3197278911564626	81	130	79	130	0.38461538461538464	101.68588256835938	40.30996322631836	1.641219144882396e-30	1.360539249239482e-11	2.2770531368024806e-13	25.600000381469727	25.600000381469727	2
control_52872abefe0791481ce87f4207a44039956abdc19ae955c3bf7580aff50c0463	parent_control	52872abefe0791481ce87f4207a44039956abdc19ae955c3bf7580aff50c0463	975	PF00435.28	Spectrin	Spectrin repeat	105	2	104	0.9809523809523809	221	324	220	325	0.10666666666666667	45.483009338378906	24.48899269104004	3.3935692381751666e-13	1.154526684097409e-06	8.051092636662546e-09	29.899999618530273	24.200000762939453	3
control_52872abefe0791481ce87f4207a44039956abdc19ae955c3bf7580aff50c0463	parent_control	52872abefe0791481ce87f4207a44039956abdc19ae955c3bf7580aff50c0463	975	PF25803.2	Spectrin_SYNE1_2	Nesprin-1, spectrin repeats	113	1	113	1.0	329	440	329	440	0.11487179487179487	178.5069580078125	178.5069580078125	1.6055714549965756e-54	1.6055714549965756e-54	4.4785814644255947e-57	27.0	27.0	2
control_52872abefe0791481ce87f4207a44039956abdc19ae955c3bf7580aff50c0463	parent_control	52872abefe0791481ce87f4207a44039956abdc19ae955c3bf7580aff50c0463	975	PF00435.28	Spectrin	Spectrin repeat	105	5	96	0.8761904761904762	651	743	647	751	0.09538461538461539	45.483009338378906	27.187911987304688	3.3935692381751666e-13	1.6699550736279097e-07	1.1645432870487515e-09	29.899999618530273	24.200000762939453	7
control_52872abefe0791481ce87f4207a44039956abdc19ae955c3bf7580aff50c0463	parent_control	52872abefe0791481ce87f4207a44039956abdc19ae955c3bf7580aff50c0463	975	PF25804.1	SYNE3	Nesprin-3 domain	83	1	83	1.0	806	888	806	888	0.08512820512820513	135.06690979003906	135.06690979003906	3.668731118001377e-41	3.668731118001377e-41	1.0233559603909001e-43	30.0	30.0	6
control_52872abefe0791481ce87f4207a44039956abdc19ae955c3bf7580aff50c0463	parent_control	52872abefe0791481ce87f4207a44039956abdc19ae955c3bf7580aff50c0463	975	PF10541.15	KASH	Nuclear envelope localisation domain	58	2	58	0.9827586206896551	920	975	919	975	0.057435897435897436	84.80008697509766	83.71854400634766	1.4441571938613645e-25	3.1428954844996033e-25	8.766793541142548e-28	23.0	23.0	1
control_52a5cecd0e201469223d5fca3dff5a8f5b28533847b0fc898cdd743cbabefa19	parent_control	52a5cecd0e201469223d5fca3dff5a8f5b28533847b0fc898cdd743cbabefa19	253	PF00335.27	Tetraspanin	Tetraspanin family	225	2	225	0.9955555555555555	10	236	9	236	0.8972332015810277	179.6112823486328	179.3973388671875	2.716614233941583e-54	3.1581941912529386e-54	8.809467758027723e-57	32.099998474121094	32.099998474121094	1
control_52adc381994a88cae78278781d7155001ae6648641f86d8378bb756e94d5e378	parent_control	52adc381994a88cae78278781d7155001ae6648641f86d8378bb756e94d5e378	254	PF06325.20	PrmA	Ribosomal protein L11 methyltransferase (PrmA)	296	161	211	0.17229729729729729	70	122	61	143	0.20866141732283464	27.851261138916016	27.26150131225586	6.285791567518931e-08	9.506248425611116e-08	5.30334640201457e-10	22.0	22.0	1
control_52adc381994a88cae78278781d7155001ae6648641f86d8378bb756e94d5e378	parent_control	52adc381994a88cae78278781d7155001ae6648641f86d8378bb756e94d5e378	254	PF13649.13	Methyltransf_25	Methyltransferase domain	97	1	71	0.7319587628865979	74	144	74	158	0.2795275590551181	30.532848358154297	29.059932708740234	1.7105538234147325e-08	4.92740499948586e-08	2.748900976003269e-10	27.0	27.0	2
control_52adc381994a88cae78278781d7155001ae6648641f86d8378bb756e94d5e378	parent_control	52adc381994a88cae78278781d7155001ae6648641f86d8378bb756e94d5e378	254	PF08241.19	Methyltransf_11	Methyltransferase domain	95	1	65	0.6842105263157895	75	142	75	146	0.2677165354330709	25.01799774169922	23.52409553527832	8.640665489352768e-07	2.5269781749958265e-06	1.4097507252417441e-08	21.200000762939453	21.200000762939453	2
control_52adc381994a88cae78278781d7155001ae6648641f86d8378bb756e94d5e378	parent_control	52adc381994a88cae78278781d7155001ae6648641f86d8378bb756e94d5e378	254	PF22528.2	PRMT_C	Arginine methyltransferase oligomerization subdomain	165	24	165	0.8606060606060606	95	241	92	241	0.5787401574803149	147.83749389648438	147.2913360595703	1.009720097773905e-44	1.486345066512052e-44	1.8657051044084333e-46	27.0	27.0	1
control_5366f5ebbfa5fa7013bad42c89dbbeca939c0596cd5a7b2b012a9d6e7003975a	parent_control	5366f5ebbfa5fa7013bad42c89dbbeca939c0596cd5a7b2b012a9d6e7003975a	323	PF21236.4	OB_PRS7	26S proteasome regulatory subunit 7, OB domain	69	2	69	0.9855072463768116	129	196	128	196	0.21052631578947367	130.20498657226562	129.23655700683594	5.8731552693408664e-40	1.178078906070467e-39	9.85840088761897e-42	26.700000762939453	26.700000762939453	1
control_5366f5ebbfa5fa7013bad42c89dbbeca939c0596cd5a7b2b012a9d6e7003975a	parent_control	5366f5ebbfa5fa7013bad42c89dbbeca939c0596cd5a7b2b012a9d6e7003975a	323	PF00004.36	AAA	ATPase family associated with various cellular activities (AAA)	131	1	69	0.5267175572519084	254	322	254	323	0.21362229102167182	86.10661315917969	83.95318603515625	1.0549705257698833e-25	4.885537022018867e-25	4.0883154995973776e-27	21.200000762939453	21.200000762939453	2
control_54326d7a84063f948792ac1403b6f9fdb8da045a55de77dc933b8a15b9cc1a9f	parent_control	54326d7a84063f948792ac1403b6f9fdb8da045a55de77dc933b8a15b9cc1a9f	1142	PF12763.14	EH	EH domain	101	4	82	0.7821782178217822	20	96	17	111	0.06742556917688267	135.52122497558594	63.278404235839844	1.9946997251770056e-41	6.376843516629196e-19	9.783162996223314e-21	22.0	22.0	1
control_54326d7a84063f948792ac1403b6f9fdb8da045a55de77dc933b8a15b9cc1a9f	parent_control	54326d7a84063f948792ac1403b6f9fdb8da045a55de77dc933b8a15b9cc1a9f	1142	PF12763.14	EH	EH domain	101	6	75	0.693069306930693	222	292	217	310	0.06217162872154115	135.52122497558594	69.05684661865234	1.9946997251770056e-41	1.0104941571362668e-20	1.550269976080744e-22	22.0	22.0	2
control_54326d7a84063f948792ac1403b6f9fdb8da045a55de77dc933b8a15b9cc1a9f	parent_control	54326d7a84063f948792ac1403b6f9fdb8da045a55de77dc933b8a15b9cc1a9f	1142	PF07653.24	SH3_2	Variant SH3 domain	55	1	53	0.9636363636363636	742	795	742	797	0.047285464098073555	158.1408233642578	25.36835479736328	1.1653213194946281e-48	3.377211151420934e-07	6.123255923078401e-09	21.799999237060547	21.799999237060547	1
control_54326d7a84063f948792ac1403b6f9fdb8da045a55de77dc933b8a15b9cc1a9f	parent_control	54326d7a84063f948792ac1403b6f9fdb8da045a55de77dc933b8a15b9cc1a9f	1142	PF00018.35	SH3_1	SH3 domain	48	1	48	1.0	744	791	744	791	0.04203152364273205	170.3004150390625	39.00315475463867	1.707337797848532e-52	1.7539572438182945e-11	3.424742177608943e-13	22.899999618530273	22.899999618530273	1
control_54326d7a84063f948792ac1403b6f9fdb8da045a55de77dc933b8a15b9cc1a9f	parent_control	54326d7a84063f948792ac1403b6f9fdb8da045a55de77dc933b8a15b9cc1a9f	1142	PF14604.13	SH3_9	Variant SH3 domain	49	1	47	0.9591836734693877	745	793	745	795	0.042907180385288964	176.2952117919922	46.40815734863281	2.749586237559016e-54	1.0217673007572402e-13	1.7100707962464271e-15	30.0	30.0	1
control_54326d7a84063f948792ac1403b6f9fdb8da045a55de77dc933b8a15b9cc1a9f	parent_control	54326d7a84063f948792ac1403b6f9fdb8da045a55de77dc933b8a15b9cc1a9f	1142	PF16617.11	INTAP	Intersectin and clathrin adaptor AP2 binding region	115	1	115	1.0	796	910	796	910	0.10070052539404553	181.21377563476562	181.21377563476562	2.674421861630901e-55	2.674421861630901e-55	2.6110115803927903e-57	25.0	25.0	2
control_54326d7a84063f948792ac1403b6f9fdb8da045a55de77dc933b8a15b9cc1a9f	parent_control	54326d7a84063f948792ac1403b6f9fdb8da045a55de77dc933b8a15b9cc1a9f	1142	PF00018.35	SH3_1	SH3 domain	48	1	48	1.0	912	956	912	956	0.03940455341506129	170.3004150390625	43.73185729980469	1.707337797848532e-52	5.847533741149006e-13	1.1417778574070585e-14	22.899999618530273	22.899999618530273	2
control_54326d7a84063f948792ac1403b6f9fdb8da045a55de77dc933b8a15b9cc1a9f	parent_control	54326d7a84063f948792ac1403b6f9fdb8da045a55de77dc933b8a15b9cc1a9f	1142	PF14604.13	SH3_9	Variant SH3 domain	49	1	49	1.0	913	960	913	960	0.04203152364273205	176.2952117919922	40.07016372680664	2.749586237559016e-54	9.750292232528072e-12	1.6318480723896355e-13	30.0	30.0	2
control_54326d7a84063f948792ac1403b6f9fdb8da045a55de77dc933b8a15b9cc1a9f	parent_control	54326d7a84063f948792ac1403b6f9fdb8da045a55de77dc933b8a15b9cc1a9f	1142	PF07653.24	SH3_2	Variant SH3 domain	55	9	54	0.8363636363636363	918	961	911	962	0.03852889667250438	158.1408233642578	40.77134704589844	1.1653213194946281e-48	5.230225039531919e-12	9.482974269723144e-14	21.799999237060547	21.799999237060547	2
control_54326d7a84063f948792ac1403b6f9fdb8da045a55de77dc933b8a15b9cc1a9f	parent_control	54326d7a84063f948792ac1403b6f9fdb8da045a55de77dc933b8a15b9cc1a9f	1142	PF07653.24	SH3_2	Variant SH3 domain	55	2	54	0.9636363636363636	1001	1057	1000	1058	0.049912434325744305	158.1408233642578	38.68124771118164	1.1653213194946281e-48	2.3507986437987254e-11	4.262256955283603e-13	21.799999237060547	21.799999237060547	3
control_54326d7a84063f948792ac1403b6f9fdb8da045a55de77dc933b8a15b9cc1a9f	parent_control	54326d7a84063f948792ac1403b6f9fdb8da045a55de77dc933b8a15b9cc1a9f	1142	PF00018.35	SH3_1	SH3 domain	48	2	48	0.9791666666666666	1003	1052	1002	1052	0.043782837127845885	170.3004150390625	31.153108596801758	1.707337797848532e-52	4.966388915091641e-09	9.6972726375569e-11	22.899999618530273	22.899999618530273	3
control_54326d7a84063f948792ac1403b6f9fdb8da045a55de77dc933b8a15b9cc1a9f	parent_control	54326d7a84063f948792ac1403b6f9fdb8da045a55de77dc933b8a15b9cc1a9f	1142	PF14604.13	SH3_9	Variant SH3 domain	49	1	49	1.0	1003	1056	1003	1056	0.047285464098073555	176.2952117919922	32.37693405151367	2.749586237559016e-54	2.4659815262010314e-09	4.127165734227668e-11	30.0	30.0	3
control_54326d7a84063f948792ac1403b6f9fdb8da045a55de77dc933b8a15b9cc1a9f	parent_control	54326d7a84063f948792ac1403b6f9fdb8da045a55de77dc933b8a15b9cc1a9f	1142	PF00018.35	SH3_1	SH3 domain	48	3	48	0.9583333333333334	1085	1128	1083	1128	0.03852889667250438	170.3004150390625	59.66095733642578	1.707337797848532e-52	6.185815792771307e-18	1.207830140847954e-19	22.899999618530273	22.899999618530273	4
control_54326d7a84063f948792ac1403b6f9fdb8da045a55de77dc933b8a15b9cc1a9f	parent_control	54326d7a84063f948792ac1403b6f9fdb8da045a55de77dc933b8a15b9cc1a9f	1142	PF14604.13	SH3_9	Variant SH3 domain	49	2	49	0.9795918367346939	1085	1132	1085	1132	0.04203152364273205	176.2952117919922	56.726505279541016	2.749586237559016e-54	6.115428478626175e-17	1.0235026742470585e-18	30.0	30.0	4
control_54326d7a84063f948792ac1403b6f9fdb8da045a55de77dc933b8a15b9cc1a9f	parent_control	54326d7a84063f948792ac1403b6f9fdb8da045a55de77dc933b8a15b9cc1a9f	1142	PF07653.24	SH3_2	Variant SH3 domain	55	7	53	0.8545454545454545	1087	1132	1080	1134	0.040280210157618214	158.1408233642578	49.08934020996094	1.1653213194946281e-48	1.3212411881048754e-14	2.3955558501204157e-16	21.799999237060547	21.799999237060547	4
control_5467e9f1d042902c2a9c8045ae2249629eeb2de9c74bfc521fd1a5cdfad9ac4d	parent_control	5467e9f1d042902c2a9c8045ae2249629eeb2de9c74bfc521fd1a5cdfad9ac4d	574	PF26141.1	PMEL_NMB_N	PMEL/NMB N-terminal domain	173	1	173	1.0	52	233	52	233	0.3170731707317073	224.48593139648438	223.3158721923828	3.1281942245774175e-68	7.15637606708269e-68	9.980998698860098e-70	27.0	27.0	1
control_5467e9f1d042902c2a9c8045ae2249629eeb2de9c74bfc521fd1a5cdfad9ac4d	parent_control	5467e9f1d042902c2a9c8045ae2249629eeb2de9c74bfc521fd1a5cdfad9ac4d	574	PF00801.27	PKD	PKD domain	80	25	68	0.55	273	318	252	321	0.08013937282229965	33.6144905090332	28.2458438873291	1.1318430331958896e-09	5.3599616764629314e-08	7.47553929771678e-10	23.5	23.5	2
control_5467e9f1d042902c2a9c8045ae2249629eeb2de9c74bfc521fd1a5cdfad9ac4d	parent_control	5467e9f1d042902c2a9c8045ae2249629eeb2de9c74bfc521fd1a5cdfad9ac4d	574	PF18911.7	PKD_4	PKD domain	85	33	70	0.4470588235294118	277	317	257	319	0.07142857142857142	37.12964630126953	29.590940475463867	9.466238992286729e-11	2.130722624747329e-08	2.971719141907014e-10	27.0	27.0	1
control_5467e9f1d042902c2a9c8045ae2249629eeb2de9c74bfc521fd1a5cdfad9ac4d	parent_control	5467e9f1d042902c2a9c8045ae2249629eeb2de9c74bfc521fd1a5cdfad9ac4d	574	PF20433.4	PKAT_KLD	PKAT, KLD domain	51	1	51	1.0	419	469	419	469	0.08885017421602788	81.71419525146484	80.79661560058594	1.2651089424667965e-24	2.44740055388106e-24	3.4133898938369036e-26	27.700000762939453	27.700000762939453	1
control_55a3583ce96bcbebe89653a09d3b5343f631aba91cda94241d54426d38d3abe0	parent_control	55a3583ce96bcbebe89653a09d3b5343f631aba91cda94241d54426d38d3abe0	2166	PF00520.38	Ion_trans	Ion transport protein	243	2	242	0.9917695473251029	148	438	147	439	0.13434903047091412	903.3651123046875	248.6539306640625	2.0665599861262464e-275	1.8134686097752522e-75	5.3114143382538764e-77	25.0	25.0	1
control_55a3583ce96bcbebe89653a09d3b5343f631aba91cda94241d54426d38d3abe0	parent_control	55a3583ce96bcbebe89653a09d3b5343f631aba91cda94241d54426d38d3abe0	2166	PF00520.38	Ion_trans	Ion transport protein	243	3	239	0.9753086419753086	546	781	544	784	0.10895660203139428	903.3651123046875	219.28382873535156	2.0665599861262464e-275	1.6900165988069117e-66	4.949839410731541e-68	25.0	25.0	2
control_55a3583ce96bcbebe89653a09d3b5343f631aba91cda94241d54426d38d3abe0	parent_control	55a3583ce96bcbebe89653a09d3b5343f631aba91cda94241d54426d38d3abe0	2166	PF00520.38	Ion_trans	Ion transport protein	243	1	242	0.9958847736625515	907	1184	907	1185	0.1283471837488458	903.3651123046875	216.66958618164062	2.0665599861262464e-275	1.062327816855169e-65	3.111420384094637e-67	25.0	25.0	3
control_55a3583ce96bcbebe89653a09d3b5343f631aba91cda94241d54426d38d3abe0	parent_control	55a3583ce96bcbebe89653a09d3b5343f631aba91cda94241d54426d38d3abe0	2166	PF00520.38	Ion_trans	Ion transport protein	243	2	242	0.9917695473251029	1227	1481	1226	1482	0.11772853185595568	903.3651123046875	237.76820373535156	2.0665599861262464e-275	3.8275339651203156e-72	1.1210350525456992e-73	25.0	25.0	4
control_55a3583ce96bcbebe89653a09d3b5343f631aba91cda94241d54426d38d3abe0	parent_control	55a3583ce96bcbebe89653a09d3b5343f631aba91cda94241d54426d38d3abe0	2166	PF08016.19	PKD_channel	Polycystin cation channel	225	93	223	0.5822222222222222	1315	1475	1307	1477	0.07433056325023084	50.765987396240234	31.97869873046875	5.673632272402733e-15	3.1467871756386438e-09	9.216531476765902e-11	22.399999618530273	22.399999618530273	10
control_55a3583ce96bcbebe89653a09d3b5343f631aba91cda94241d54426d38d3abe0	parent_control	55a3583ce96bcbebe89653a09d3b5343f631aba91cda94241d54426d38d3abe0	2166	PF16905.11	GPHH	Voltage-dependent L-type calcium channel, IQ-associated	54	1	54	1.0	1491	1544	1491	1544	0.024930747922437674	100.69295501708984	99.20475769042969	1.1662825975393138e-30	3.4006589329936154e-30	9.960088925085902e-32	26.799999237060547	26.799999237060547	1
control_55a3583ce96bcbebe89653a09d3b5343f631aba91cda94241d54426d38d3abe0	parent_control	55a3583ce96bcbebe89653a09d3b5343f631aba91cda94241d54426d38d3abe0	2166	PF08763.18	Ca_chan_IQ	Voltage gated calcium channel IQ domain	77	1	77	1.0	1554	1628	1554	1628	0.03462603878116344	105.51384735107422	104.14165496826172	5.150168570267219e-32	1.3805962981221115e-31	4.043587484039657e-33	26.700000762939453	26.700000762939453	1
control_55a3583ce96bcbebe89653a09d3b5343f631aba91cda94241d54426d38d3abe0	parent_control	55a3583ce96bcbebe89653a09d3b5343f631aba91cda94241d54426d38d3abe0	2166	PF16885.12	CAC1F_C	Voltage-gated calcium channel subunit alpha, C-term	298	74	296	0.7483221476510067	1906	2164	1894	2166	0.11957525392428439	146.5772705078125	140.52867126464844	4.0793115284202594e-44	2.8373847281185676e-42	2.374380525622232e-44	20.399999618530273	20.399999618530273	1
control_5617d4de510d30e68640cab45056c6acf384d809bf0f40da7bc2d655c263e9ec	parent_control	5617d4de510d30e68640cab45056c6acf384d809bf0f40da7bc2d655c263e9ec	103	PF00258.31	Flavodoxin_1	Flavodoxin	143	1	99	0.6923076923076923	8	102	8	103	0.9223300970873787	92.13619232177734	91.99533081054688	1.3254722179477485e-27	1.4649337861879267e-27	2.2474576915017006e-29	25.0	25.0	1
control_569b3df1f5ad13931d027202e0aa1b07798cdfbedecadfc82c0070bdd66d8299	parent_control	569b3df1f5ad13931d027202e0aa1b07798cdfbedecadfc82c0070bdd66d8299	311	PF28124.1	CYHR1_TRAF_C	CYHR1 TRAF, C-terminal domain	135	1	135	1.0	176	310	176	310	0.4340836012861736	209.21336364746094	208.1459197998047	9.097673813602086e-64	1.9438161086590204e-63	1.3555202989253978e-65	27.0	27.0	2
control_575fb0cd74724d2a4d85dedbb366b81e0ae94fd9d0ca75737787d436dab39f26	parent_control	575fb0cd74724d2a4d85dedbb366b81e0ae94fd9d0ca75737787d436dab39f26	151	PF00261.26	Tropomyosin	Tropomyosin	242	2	145	0.5950413223140496	8	151	7	151	0.9536423841059603	158.7399139404297	158.59376525878906	6.223804903391743e-48	6.897479933515534e-48	1.250589109284546e-49	38.599998474121094	38.599998474121094	1
control_57c2ffe104b2177526b0b518ee7243761bd47d4a1c8ffda0fa93db0d51dac517	parent_control	57c2ffe104b2177526b0b518ee7243761bd47d4a1c8ffda0fa93db0d51dac517	171	PF02197.23	RIIa	Regulatory subunit of type II PKA R-subunit	38	1	38	1.0	25	62	25	62	0.2222222222222222	59.31489562988281	58.68185043334961	8.168526479752861e-18	1.2881552059216347e-17	3.593180490715857e-20	22.399999618530273	22.399999618530273	1
control_57eefbf7ae8d6cdffe49912c4f379013d6490121a88a049159d6bcb1e0a22d9b	parent_control	57eefbf7ae8d6cdffe49912c4f379013d6490121a88a049159d6bcb1e0a22d9b	201	PF04201.21	TPD52	Tumour protein D52 family	108	1	108	1.0	24	154	24	154	0.6517412935323383	174.56289672851562	173.4385986328125	2.244636212799367e-53	5.018920331643864e-53	1.3299788884411912e-54	25.0	25.0	1
control_58794f5a2029d63653cad2307fcc27858e5599e67afb5a7cbc1cf592ab053f7b	parent_control	58794f5a2029d63653cad2307fcc27858e5599e67afb5a7cbc1cf592ab053f7b	574	PF06762.21	LMF1	Lipase maturation factor transmembrane domain	279	1	277	0.992831541218638	51	328	51	330	0.4843205574912892	360.5009460449219	360.05126953125	3.002792779193452e-109	4.1171893311144303e-109	4.593795627463799e-111	27.0	27.0	1
control_58794f5a2029d63653cad2307fcc27858e5599e67afb5a7cbc1cf592ab053f7b	parent_control	58794f5a2029d63653cad2307fcc27858e5599e67afb5a7cbc1cf592ab053f7b	574	PF25179.2	LMF1_C	Lipase maturation factor C-terminal domain	139	1	139	1.0	404	547	404	547	0.2508710801393728	172.66822814941406	172.0418701171875	1.6206174183860671e-52	2.529327867678998e-52	2.4693577508721042e-54	34.20000076293945	34.20000076293945	1
control_58c529dc5ce10f760e6207022558343ce29e868fe50d72ac1880b720d1462056	parent_control	58c529dc5ce10f760e6207022558343ce29e868fe50d72ac1880b720d1462056	196	PF00168.37	C2	C2 domain	104	6	61	0.5384615384615384	46	108	42	125	0.32142857142857145	24.48430633544922	23.853145599365234	9.590310172056782e-07	1.5075270047167894e-06	1.0512740618666594e-08	22.0	9.600000381469727	1
control_59f3187a933c6f544e5dae5c3a8003b5441eea8a0c323c0fb3d8e8ec7ebed370	parent_control	59f3187a933c6f544e5dae5c3a8003b5441eea8a0c323c0fb3d8e8ec7ebed370	419	PF07221.18	GlcNAc_2-epim	N-acylglucosamine 2-epimerase (GlcNAc 2-epimerase)	347	1	338	0.9740634005763689	37	376	37	386	0.8114558472553699	145.38014221191406	144.78367614746094	9.821390891518888e-44	1.4912448836097657e-43	1.247903668292691e-45	23.399999618530273	23.399999618530273	2
control_5a3212de94791460e0d550d0b67a3448303d3026e48183d8257932c52def3ed3	parent_control	5a3212de94791460e0d550d0b67a3448303d3026e48183d8257932c52def3ed3	196	PF08477.20	Roc	Ras of Complex, Roc, domain of DAPkinase	119	10	119	0.9243697478991597	1	106	1	106	0.5408163265306123	103.75824737548828	101.99144744873047	2.6910638689162857e-31	9.495791842815068e-31	2.648756441510479e-32	27.0	27.0	1
control_5a3212de94791460e0d550d0b67a3448303d3026e48183d8257932c52def3ed3	parent_control	5a3212de94791460e0d550d0b67a3448303d3026e48183d8257932c52def3ed3	196	PF00071.29	Ras	Ras family	162	10	161	0.9382716049382716	1	152	1	153	0.7755102040816326	203.56617736816406	203.28875732421875	5.4697088330852845e-62	6.657224048453812e-62	2.1355112010381824e-63	21.600000381469727	21.600000381469727	1
control_5a3212de94791460e0d550d0b67a3448303d3026e48183d8257932c52def3ed3	parent_control	5a3212de94791460e0d550d0b67a3448303d3026e48183d8257932c52def3ed3	196	PF00025.28	Arf	ADP-ribosylation factor family	174	26	168	0.8218390804597702	2	145	1	151	0.7346938775510204	45.90210723876953	45.637081146240234	1.6414910234012775e-13	1.9798600248201173e-13	4.970359894945901e-15	22.299999237060547	22.299999237060547	1
control_5a52f7834b7820bda6430e1e802a4589b3bc4a5186563b198146f8d86adc3cdc	parent_control	5a52f7834b7820bda6430e1e802a4589b3bc4a5186563b198146f8d86adc3cdc	348	PF04756.20	OST3_OST6	OST3 / OST6 family, transporter family	294	1	294	1.0	54	342	54	342	0.8304597701149425	337.9917907714844	337.7843017578125	1.970995139396768e-102	2.2797863415523704e-102	3.4975801613774166e-104	27.0	27.0	1
control_5a76c4ac2e817b4c6be2c9332ec04b6903374e1d843fd6b5942158564dfb0867	parent_control	5a76c4ac2e817b4c6be2c9332ec04b6903374e1d843fd6b5942158564dfb0867	596	PF04146.22	YTH	YT521-B-like domain	135	2	134	0.9851851851851852	428	561	427	562	0.22483221476510068	166.1342315673828	165.54798889160156	1.273263365326501e-50	1.9319516601773003e-50	8.083479749695818e-53	22.100000381469727	22.100000381469727	1
control_5a9ba170982b45f42b9c01ec27e4fda78248068e4a52150601218f3d50b7541c	parent_control	5a9ba170982b45f42b9c01ec27e4fda78248068e4a52150601218f3d50b7541c	580	PF10300.16	Iml2-TPR_39	Iml2/Tetratricopeptide repeat protein 39	467	2	467	0.9978586723768736	32	495	31	495	0.8	446.8485107421875	446.6213073730469	3.173101839089764e-135	3.718727797738776e-135	3.630557124710102e-137	22.200000762939453	22.200000762939453	1
control_5b2f95a8eb71a87f1884fc7e426192d272e376909f2aebc45fe4e63da6e2ed95	parent_control	5b2f95a8eb71a87f1884fc7e426192d272e376909f2aebc45fe4e63da6e2ed95	220	PF05605.19	zf-Di19	Drought induced 19 protein (Di19), zinc-binding	54	3	51	0.9074074074074074	124	175	122	185	0.23636363636363636	38.92422866821289	37.751564025878906	2.926059239461743e-11	6.799820437943283e-11	4.741855256585274e-13	27.5	27.5	1
control_5b2f95a8eb71a87f1884fc7e426192d272e376909f2aebc45fe4e63da6e2ed95	parent_control	5b2f95a8eb71a87f1884fc7e426192d272e376909f2aebc45fe4e63da6e2ed95	220	PF00096.33	zf-C2H2	Zinc finger, C2H2 type	23	2	23	0.9565217391304348	125	147	124	147	0.10454545454545454	60.691165924072266	20.7753963470459	3.11394084935905e-18	1.50418600979603e-05	1.0489442188256834e-07	25.200000762939453	15.800000190734863	1
control_5b2f95a8eb71a87f1884fc7e426192d272e376909f2aebc45fe4e63da6e2ed95	parent_control	5b2f95a8eb71a87f1884fc7e426192d272e376909f2aebc45fe4e63da6e2ed95	220	PF00096.33	zf-C2H2	Zinc finger, C2H2 type	23	1	23	1.0	154	176	154	176	0.10454545454545454	60.691165924072266	22.851879119873047	3.11394084935905e-18	3.292000152749054e-06	2.295676536087206e-08	25.200000762939453	15.800000190734863	2
control_5b2f95a8eb71a87f1884fc7e426192d272e376909f2aebc45fe4e63da6e2ed95	parent_control	5b2f95a8eb71a87f1884fc7e426192d272e376909f2aebc45fe4e63da6e2ed95	220	PF13894.13	zf-C2H2_4	C2H2-type zinc finger	24	1	23	0.9583333333333334	154	176	154	177	0.10454545454545454	47.17960739135742	21.22405242919922	5.4559633115314683e-14	1.2265108381210618e-05	8.553074184944642e-08	27.0	19.799999237060547	2
control_5b2f95a8eb71a87f1884fc7e426192d272e376909f2aebc45fe4e63da6e2ed95	parent_control	5b2f95a8eb71a87f1884fc7e426192d272e376909f2aebc45fe4e63da6e2ed95	220	PF12874.14	zf-met	Zinc-finger of C2H2 type	25	1	24	0.96	154	177	154	177	0.10909090909090909	23.275686264038086	14.479701042175293	2.3108210850410965e-06	0.0013573434311434365	9.465435363622291e-06	21.200000762939453	13.300000190734863	3
control_5b2f95a8eb71a87f1884fc7e426192d272e376909f2aebc45fe4e63da6e2ed95	parent_control	5b2f95a8eb71a87f1884fc7e426192d272e376909f2aebc45fe4e63da6e2ed95	220	PF00096.33	zf-C2H2	Zinc finger, C2H2 type	23	1	23	1.0	195	217	195	217	0.10454545454545454	60.691165924072266	26.97338104248047	3.11394084935905e-18	1.6135209610289466e-07	1.1251889546924314e-09	25.200000762939453	15.800000190734863	3
control_5c5fe5d45f130d60add0545f56b1894885f1d5e636b09a29dc039cf351d932a2	parent_control	5c5fe5d45f130d60add0545f56b1894885f1d5e636b09a29dc039cf351d932a2	334	PF00129.24	MHC_I	Class I Histocompatibility antigen, domains alpha 1 and 2	179	1	179	1.0	22	200	22	200	0.5359281437125748	316.21502685546875	315.8691711425781	1.900190705038669e-96	2.4263744774462147e-96	2.3688453754705025e-98	28.299999237060547	28.299999237060547	1
control_5c5fe5d45f130d60add0545f56b1894885f1d5e636b09a29dc039cf351d932a2	parent_control	5c5fe5d45f130d60add0545f56b1894885f1d5e636b09a29dc039cf351d932a2	334	PF07654.22	C1-set	Immunoglobulin C1-set domain	86	14	86	0.8488372093023255	218	287	208	287	0.20958083832335328	53.820152282714844	52.85942077636719	7.189386722359163e-16	1.4337410444207892e-15	9.998194173087792e-18	21.0	21.0	1
control_5c7ab1dcd1d2b458d28a0cd0d1d87f44b6e8586161a9677091ac8b7d028dba12	parent_control	5c7ab1dcd1d2b458d28a0cd0d1d87f44b6e8586161a9677091ac8b7d028dba12	76	PF03343.19	SART-1	SART-1 family	585	557	585	0.04957264957264957	1	29	1	29	0.3815789473684211	51.697330474853516	51.30303192138672	2.2634596748521915e-15	2.9797718390419643e-15	1.2467664598501943e-17	31.5	31.5	1
control_5ccdcbbb85a4090a7fa9c5f1f9b154d0f1101befe491345714b2d58333167051	parent_control	5ccdcbbb85a4090a7fa9c5f1f9b154d0f1101befe491345714b2d58333167051	119	PF07654.22	C1-set	Immunoglobulin C1-set domain	86	1	85	0.9883720930232558	27	106	27	107	0.6722689075630253	86.82482147216797	86.53562927246094	3.6156165028224415e-26	4.450610110667988e-26	3.103633271037649e-28	21.0	21.0	1
control_5e4faf285608e0d726a625dbe134532ae0080c1b78d7ae64241477740b1b6025	parent_control	5e4faf285608e0d726a625dbe134532ae0080c1b78d7ae64241477740b1b6025	248	PF00261.26	Tropomyosin	Tropomyosin	242	2	241	0.9917355371900827	8	247	7	248	0.967741935483871	288.63018798828125	288.47576904296875	1.333437611410724e-87	1.4863906076327701e-87	2.6949899441040463e-89	38.599998474121094	38.599998474121094	1
control_5e532fbf8beeffc0a02020faba0ccfbe71598503702ec44f973497d8423d5bcb	parent_control	5e532fbf8beeffc0a02020faba0ccfbe71598503702ec44f973497d8423d5bcb	318	PF06325.20	PrmA	Ribosomal protein L11 methyltransferase (PrmA)	296	161	232	0.24324324324324326	35	108	26	129	0.23270440251572327	31.818578720092773	31.197298049926758	3.8891879891263416e-09	6.013257671494421e-09	3.35467652524096e-11	22.0	22.0	1
control_5e532fbf8beeffc0a02020faba0ccfbe71598503702ec44f973497d8423d5bcb	parent_control	5e532fbf8beeffc0a02020faba0ccfbe71598503702ec44f973497d8423d5bcb	318	PF13847.13	Methyltransf_31	Methyltransferase domain	150	3	81	0.5266666666666666	35	109	33	151	0.2358490566037736	29.948850631713867	28.958860397338867	1.5435882755974724e-08	3.115621504759736e-08	1.3036073241672533e-10	27.0	27.0	1
control_5e532fbf8beeffc0a02020faba0ccfbe71598503702ec44f973497d8423d5bcb	parent_control	5e532fbf8beeffc0a02020faba0ccfbe71598503702ec44f973497d8423d5bcb	318	PF13649.13	Methyltransf_25	Methyltransferase domain	97	1	97	1.0	39	136	39	136	0.3081761006289308	38.97279739379883	37.95356750488281	3.9834855615709476e-11	8.283536735144676e-11	4.621219935924506e-13	27.0	27.0	1
control_5e532fbf8beeffc0a02020faba0ccfbe71598503702ec44f973497d8423d5bcb	parent_control	5e532fbf8beeffc0a02020faba0ccfbe71598503702ec44f973497d8423d5bcb	318	PF08241.19	Methyltransf_11	Methyltransferase domain	95	1	93	0.9789473684210527	40	138	40	139	0.3113207547169811	33.777503967285156	32.45561218261719	1.59894856483099e-09	4.132629899874348e-09	2.3055117990930813e-11	21.200000762939453	21.200000762939453	1
control_5e532fbf8beeffc0a02020faba0ccfbe71598503702ec44f973497d8423d5bcb	parent_control	5e532fbf8beeffc0a02020faba0ccfbe71598503702ec44f973497d8423d5bcb	318	PF22528.2	PRMT_C	Arginine methyltransferase oligomerization subdomain	165	1	165	1.0	141	305	141	305	0.5188679245283019	234.43548583984375	234.43548583984375	2.3947761929510836e-71	2.3947761929510836e-71	3.005995221277511e-73	27.0	27.0	2
control_5e9e086d3f59e3a12c5d4a807de9b223b5d51fbc896a8e78c2c56e0f60719b36	parent_control	5e9e086d3f59e3a12c5d4a807de9b223b5d51fbc896a8e78c2c56e0f60719b36	910	PF00565.24	SNase	Staphylococcal nuclease homologue	107	3	107	0.9813084112149533	50	166	48	166	0.12857142857142856	231.50912475585938	56.02814865112305	4.825436827017011e-71	1.7728514755920268e-16	4.94519240053564e-19	21.0	21.0	1
control_5e9e086d3f59e3a12c5d4a807de9b223b5d51fbc896a8e78c2c56e0f60719b36	parent_control	5e9e086d3f59e3a12c5d4a807de9b223b5d51fbc896a8e78c2c56e0f60719b36	910	PF00565.24	SNase	Staphylococcal nuclease homologue	107	1	106	0.9906542056074766	220	327	220	328	0.11868131868131868	231.50912475585938	45.712608337402344	4.825436827017011e-71	2.859236009612508e-13	7.975553722768501e-16	21.0	21.0	2
control_5e9e086d3f59e3a12c5d4a807de9b223b5d51fbc896a8e78c2c56e0f60719b36	parent_control	5e9e086d3f59e3a12c5d4a807de9b223b5d51fbc896a8e78c2c56e0f60719b36	910	PF00565.24	SNase	Staphylococcal nuclease homologue	107	2	106	0.9813084112149533	368	495	367	496	0.14065934065934066	231.50912475585938	43.71794891357422	4.825436827017011e-71	1.1925639958707828e-12	3.326538342735796e-15	21.0	21.0	3
control_5e9e086d3f59e3a12c5d4a807de9b223b5d51fbc896a8e78c2c56e0f60719b36	parent_control	5e9e086d3f59e3a12c5d4a807de9b223b5d51fbc896a8e78c2c56e0f60719b36	910	PF00565.24	SNase	Staphylococcal nuclease homologue	107	2	106	0.9813084112149533	553	659	552	660	0.11758241758241758	231.50912475585938	57.37680435180664	4.825436827017011e-71	6.750144059923798e-17	1.8828853723636815e-19	21.0	21.0	4
control_5e9e086d3f59e3a12c5d4a807de9b223b5d51fbc896a8e78c2c56e0f60719b36	parent_control	5e9e086d3f59e3a12c5d4a807de9b223b5d51fbc896a8e78c2c56e0f60719b36	910	PF00567.31	TUDOR	Tudor domain	121	4	118	0.9504132231404959	680	797	677	799	0.12967032967032968	100.06578826904297	98.88095092773438	3.423053374771164e-30	7.970132716622707e-30	1.1115945211468211e-32	23.0	23.0	1
control_5e9e086d3f59e3a12c5d4a807de9b223b5d51fbc896a8e78c2c56e0f60719b36	parent_control	5e9e086d3f59e3a12c5d4a807de9b223b5d51fbc896a8e78c2c56e0f60719b36	910	PF00565.24	SNase	Staphylococcal nuclease homologue	107	60	106	0.4392523364485981	847	894	835	895	0.05274725274725275	231.50912475585938	22.023529052734375	4.825436827017011e-71	6.6416846072967496e-06	1.8526316896225244e-08	21.0	21.0	5
control_5f4d8b73bd4b1a539c015a6060f3c462ec101dd0fe55e863b8b3105084209f76	parent_control	5f4d8b73bd4b1a539c015a6060f3c462ec101dd0fe55e863b8b3105084209f76	951	PF22956.3	PIK3R4-like_middle	PIK3R4-like, middle domain	353	19	262	0.6912181303116147	65	318	56	321	0.26708727655099895	52.25476837158203	35.70937728881836	1.465010936697471e-15	1.5709866931386475e-10	6.573166080078024e-13	26.799999237060547	26.799999237060547	1
control_5f4d8b73bd4b1a539c015a6060f3c462ec101dd0fe55e863b8b3105084209f76	parent_control	5f4d8b73bd4b1a539c015a6060f3c462ec101dd0fe55e863b8b3105084209f76	951	PF02985.29	HEAT	HEAT repeat	31	1	26	0.8387096774193549	253	278	253	280	0.027339642481598318	81.09909057617188	19.990942001342773	4.202153366591585e-25	2.1482206930097645e-05	8.988371100459266e-08	23.5	17.600000381469727	5
control_5f4d8b73bd4b1a539c015a6060f3c462ec101dd0fe55e863b8b3105084209f76	parent_control	5f4d8b73bd4b1a539c015a6060f3c462ec101dd0fe55e863b8b3105084209f76	951	PF29896.1	PPFR1_M	Protein phosphatase 4 regulatory subunit 1 middle domain	104	1	104	1.0	646	748	646	748	0.10830704521556257	201.49740600585938	154.22828674316406	9.229054247240329e-62	4.747308157524641e-47	1.3242142698813503e-49	60.0	60.0	5
control_5f59914d46e390d3dcd71e403767bc1d71b65a6d8b03f335f3d34e08ebbea39e	parent_control	5f59914d46e390d3dcd71e403767bc1d71b65a6d8b03f335f3d34e08ebbea39e	621	PF12763.14	EH	EH domain	101	4	82	0.7821782178217822	20	96	17	111	0.12399355877616747	137.8169403076172	64.42984008789062	3.843506127328577e-42	2.7920045768294694e-19	4.283410089975477e-21	22.0	22.0	1
control_5f59914d46e390d3dcd71e403767bc1d71b65a6d8b03f335f3d34e08ebbea39e	parent_control	5f59914d46e390d3dcd71e403767bc1d71b65a6d8b03f335f3d34e08ebbea39e	621	PF12763.14	EH	EH domain	101	6	75	0.693069306930693	222	292	217	310	0.1143317230273752	137.8169403076172	70.19819641113281	3.843506127328577e-42	4.456420182367272e-21	6.83690683487308e-23	22.0	22.0	2
control_5f5ca554f66c9cb99c53359b60e58f97dd19eed572384f165a9d9f274a0dbf4e	parent_control	5f5ca554f66c9cb99c53359b60e58f97dd19eed572384f165a9d9f274a0dbf4e	526	PF26141.1	PMEL_NMB_N	PMEL/NMB N-terminal domain	173	1	173	1.0	52	233	52	233	0.34600760456273766	224.22850036621094	223.5662384033203	3.7529010886868214e-68	5.99500846440441e-68	8.361239141428744e-70	27.0	27.0	1
control_5f5ca554f66c9cb99c53359b60e58f97dd19eed572384f165a9d9f274a0dbf4e	parent_control	5f5ca554f66c9cb99c53359b60e58f97dd19eed572384f165a9d9f274a0dbf4e	526	PF00801.27	PKD	PKD domain	80	24	68	0.5625	268	318	251	321	0.09695817490494296	33.934566497802734	28.463563919067383	8.992929016365413e-10	4.5837247115357435e-08	6.392921494471051e-10	23.5	23.5	2
control_5f5ca554f66c9cb99c53359b60e58f97dd19eed572384f165a9d9f274a0dbf4e	parent_control	5f5ca554f66c9cb99c53359b60e58f97dd19eed572384f165a9d9f274a0dbf4e	526	PF18911.7	PKD_4	PKD domain	85	33	70	0.4470588235294118	277	317	257	319	0.0779467680608365	37.49966812133789	29.751712799072266	7.256333686543418e-11	1.8982793585612417e-08	2.6475304861384126e-10	27.0	27.0	1
control_5f5ca554f66c9cb99c53359b60e58f97dd19eed572384f165a9d9f274a0dbf4e	parent_control	5f5ca554f66c9cb99c53359b60e58f97dd19eed572384f165a9d9f274a0dbf4e	526	PF20433.4	PKAT_KLD	PKAT, KLD domain	51	1	51	1.0	419	469	419	469	0.09695817490494296	81.88157653808594	80.95770263671875	1.1216352461376053e-24	2.1796892762587084e-24	3.0400129375993144e-26	27.700000762939453	27.700000762939453	1
control_5fa1de73664e8fcb82df48f6de8d9194c750ddacae0f2a05224c9aea4d6debe6	parent_control	5fa1de73664e8fcb82df48f6de8d9194c750ddacae0f2a05224c9aea4d6debe6	123	PF08659.17	KR	KR domain	180	3	79	0.42777777777777776	41	114	39	119	0.6016260162601627	56.84693145751953	56.37588119506836	9.936058312712206e-17	1.3860757240042923e-16	3.286372009494138e-18	22.600000381469727	22.600000381469727	1
control_5fa1de73664e8fcb82df48f6de8d9194c750ddacae0f2a05224c9aea4d6debe6	parent_control	5fa1de73664e8fcb82df48f6de8d9194c750ddacae0f2a05224c9aea4d6debe6	123	PF00106.32	adh_short	short chain dehydrogenase	195	3	78	0.38974358974358975	41	117	39	119	0.6260162601626016	55.84402847290039	54.95154571533203	1.5453604528281119e-16	2.9009999638859144e-16	6.473640086774705e-18	26.600000381469727	25.0	2
control_5fa1de73664e8fcb82df48f6de8d9194c750ddacae0f2a05224c9aea4d6debe6	parent_control	5fa1de73664e8fcb82df48f6de8d9194c750ddacae0f2a05224c9aea4d6debe6	123	PF02719.22	Polysacc_synt_2	Polysaccharide biosynthesis protein	293	1	83	0.2832764505119454	41	119	41	121	0.6422764227642277	33.71699523925781	33.4185676574707	8.269334655313164e-10	1.0195006207096582e-09	1.848466955261584e-11	20.200000762939453	20.200000762939453	1
control_5fa1de73664e8fcb82df48f6de8d9194c750ddacae0f2a05224c9aea4d6debe6	parent_control	5fa1de73664e8fcb82df48f6de8d9194c750ddacae0f2a05224c9aea4d6debe6	123	PF13561.13	adh_short_C2	Enoyl-(Acyl carrier protein) reductase	236	6	69	0.2711864406779661	48	114	45	117	0.5447154471544715	36.71959686279297	34.087799072265625	1.2597638351303807e-10	8.023443936435075e-10	1.790447740348134e-11	27.0	27.0	2
control_600aa4090512621ca243af39dfe395d9442c39d5b5e36b22af89d8e7da74db6a	parent_control	600aa4090512621ca243af39dfe395d9442c39d5b5e36b22af89d8e7da74db6a	80	PF09764.16	Nt_Gln_amidase	N-terminal glutamine amidase	184	1	43	0.23369565217391305	25	67	25	78	0.5375	55.023033142089844	54.704891204833984	2.8585727221580766e-16	3.5789200576697e-16	2.4957601517919803e-18	27.0	27.0	1
control_61a6c306c0a882793e9a0eb0f38e9dffb4ad15d1ae413e718969b8f43c6e86e4	parent_control	61a6c306c0a882793e9a0eb0f38e9dffb4ad15d1ae413e718969b8f43c6e86e4	153	PF02225.28	PA	PA domain	95	9	93	0.8947368421052632	72	149	62	151	0.5098039215686274	41.23967742919922	40.74939727783203	5.1943373810733264e-12	7.387260045181673e-12	3.0909037845948416e-14	23.899999618530273	23.899999618530273	1
control_6236e89a36ec2aa5696e38a2aef64d70b1a3fa15585141ac8e316274d63d55eb	parent_control	6236e89a36ec2aa5696e38a2aef64d70b1a3fa15585141ac8e316274d63d55eb	78	PF05279.17	Asp-B-Hydro_N	Aspartyl beta-hydroxylase N-terminal region	66	1	65	0.9848484848484849	14	78	14	78	0.8333333333333334	150.8568572998047	150.66966247558594	2.701559075936421e-46	3.0906716226965833e-46	9.483232315108066e-48	23.0	23.0	1
control_625267851a43fa74e13368e599efa40e3949e5ed14538d0156835301db1ced31	parent_control	625267851a43fa74e13368e599efa40e3949e5ed14538d0156835301db1ced31	522	PF10300.16	Iml2-TPR_39	Iml2/Tetratricopeptide repeat protein 39	467	30	467	0.9379014989293362	2	437	1	437	0.8352490421455939	413.51043701171875	413.2961120605469	4.1007445604484176e-125	4.762852098508518e-125	4.649925340245416e-127	22.200000762939453	22.200000762939453	1
control_625267851a43fa74e13368e599efa40e3949e5ed14538d0156835301db1ced31	parent_control	625267851a43fa74e13368e599efa40e3949e5ed14538d0156835301db1ced31	522	PF10345.16	Cohesin_load	Cohesin loading factor	587	336	457	0.20783645655877342	271	395	257	403	0.23946360153256704	31.640613555908203	25.838783264160156	2.1625681248050237e-09	1.2358297866806323e-07	1.2065283830912728e-09	25.799999237060547	25.799999237060547	1
control_63186ed129cbeac8d3622242b3f0f3fef6632d5b23d6017c428aa8a295d45104	parent_control	63186ed129cbeac8d3622242b3f0f3fef6632d5b23d6017c428aa8a295d45104	61	PF12763.14	EH	EH domain	101	3	45	0.42574257425742573	19	61	17	61	0.7049180327868853	23.986007690429688	23.804393768310547	1.1086128151143724e-06	1.2628604735241678e-06	1.937442846410857e-08	22.0	22.0	1
control_644025c6d488a413f1d4dadb3d8417887b0e3d87621932984de2b37dc7328706	parent_control	644025c6d488a413f1d4dadb3d8417887b0e3d87621932984de2b37dc7328706	241	PF01227.28	GTP_cyclohydroI	GTP cyclohydrolase I	179	3	179	0.9888268156424581	64	240	62	240	0.7344398340248963	255.7561798095703	255.53713989257812	6.231988600985255e-78	7.27545476830945e-78	3.0441233340206903e-80	27.0	27.0	1
control_65154cfa47c41f0659b3bef95c50df99b82f5af5c3c84f7bf7c6ae151054be64	parent_control	65154cfa47c41f0659b3bef95c50df99b82f5af5c3c84f7bf7c6ae151054be64	1135	PF10421.15	OAS1_C	2'-5'-oligoadenylate synthetase 1, domain 2, C-terminus	188	2	184	0.973404255319149	160	339	159	342	0.15859030837004406	788.95947265625	265.1752014160156	2.500587629941536e-241	1.0508904677854805e-80	1.1725416655904943e-82	19.899999618530273	19.899999618530273	1
control_65154cfa47c41f0659b3bef95c50df99b82f5af5c3c84f7bf7c6ae151054be64	parent_control	65154cfa47c41f0659b3bef95c50df99b82f5af5c3c84f7bf7c6ae151054be64	1135	PF10421.15	OAS1_C	2'-5'-oligoadenylate synthetase 1, domain 2, C-terminus	188	2	187	0.9893617021276596	611	795	610	796	0.16299559471365638	788.95947265625	248.6110076904297	2.500587629941536e-241	1.262198757830093e-75	1.4083110268676072e-77	19.899999618530273	19.899999618530273	2
control_65154cfa47c41f0659b3bef95c50df99b82f5af5c3c84f7bf7c6ae151054be64	parent_control	65154cfa47c41f0659b3bef95c50df99b82f5af5c3c84f7bf7c6ae151054be64	1135	PF01909.30	NTP_transf_2	Nucleotidyltransferase domain	93	1	63	0.6774193548387096	831	896	831	918	0.05814977973568282	57.734580993652344	32.55205154418945	4.4874205133255065e-17	3.2251242958970562e-09	1.7992325221183018e-11	21.0	21.0	3
control_65154cfa47c41f0659b3bef95c50df99b82f5af5c3c84f7bf7c6ae151054be64	parent_control	65154cfa47c41f0659b3bef95c50df99b82f5af5c3c84f7bf7c6ae151054be64	1135	PF10421.15	OAS1_C	2'-5'-oligoadenylate synthetase 1, domain 2, C-terminus	188	2	186	0.9840425531914894	955	1135	954	1135	0.15947136563876652	788.95947265625	271.5912170410156	2.500587629941536e-241	1.132463398250075e-82	1.2635574875872524e-84	19.899999618530273	19.899999618530273	3
control_667c91fcfae49d12ad63b9df7fb272f8328cd69d47d26783def81fbb45bd4fed	parent_control	667c91fcfae49d12ad63b9df7fb272f8328cd69d47d26783def81fbb45bd4fed	128	PF00554.28	RHD_DNA_bind	Rel homology DNA-binding domain	169	1	42	0.2485207100591716	42	83	42	90	0.328125	66.52655792236328	66.14058685302734	1.0624397325765304e-19	1.3960923573046967e-19	7.788520821783524e-22	27.0	27.0	1
control_678d7b3f7557c6b0a761f45cc3319a80ea88d6c4860a8d040f55f282752ac541	parent_control	678d7b3f7557c6b0a761f45cc3319a80ea88d6c4860a8d040f55f282752ac541	290	PF07686.24	V-set	Immunoglobulin V-set domain	109	7	98	0.8440366972477065	29	122	22	131	0.32413793103448274	38.93723678588867	35.494075775146484	3.0638342067453254e-11	3.599523404050536e-10	7.530383690482292e-12	26.0	26.0	1
control_678d7b3f7557c6b0a761f45cc3319a80ea88d6c4860a8d040f55f282752ac541	parent_control	678d7b3f7557c6b0a761f45cc3319a80ea88d6c4860a8d040f55f282752ac541	290	PF08205.19	C2-set_2	CD80-like C2-set immunoglobulin domain	89	14	82	0.7752808988764045	147	212	135	219	0.22758620689655173	23.216543197631836	22.206897735595703	2.070613746002503e-06	4.27679813688768e-06	5.964850958002343e-09	21.0	21.0	1
control_687c24c3cbfddc056d8d357dec3874fdcbd09d62518d8d3dde9dcd3ff83c90a9	parent_control	687c24c3cbfddc056d8d357dec3874fdcbd09d62518d8d3dde9dcd3ff83c90a9	310	PF00129.24	MHC_I	Class I Histocompatibility antigen, domains alpha 1 and 2	179	1	179	1.0	22	200	22	200	0.5774193548387097	316.4941711425781	316.15435791015625	1.5599607308010656e-96	1.9834422599664823e-96	1.9364150376241807e-98	28.299999237060547	28.299999237060547	1
control_687c24c3cbfddc056d8d357dec3874fdcbd09d62518d8d3dde9dcd3ff83c90a9	parent_control	687c24c3cbfddc056d8d357dec3874fdcbd09d62518d8d3dde9dcd3ff83c90a9	310	PF07654.22	C1-set	Immunoglobulin C1-set domain	86	14	86	0.8488372093023255	218	287	208	287	0.22580645161290322	54.016571044921875	53.041343688964844	6.243137881948737e-16	1.258070465450008e-15	8.773155268131157e-18	21.0	21.0	1
control_697a38e13f963cf14d078ddf282e57cc1c6032ede7a89aa5b22b30ad69733a03	parent_control	697a38e13f963cf14d078ddf282e57cc1c6032ede7a89aa5b22b30ad69733a03	187	PF04201.21	TPD52	Tumour protein D52 family	108	1	108	1.0	24	140	24	140	0.6256684491978609	169.78585815429688	169.17996215820312	6.854686471299191e-52	1.0575905932014674e-51	2.8025413208964964e-53	25.0	25.0	1
control_6aa7a752a93a4c7b2bfc6ee23b9818c15e5313bda699fd5f7e6e4e690cc8d313	parent_control	6aa7a752a93a4c7b2bfc6ee23b9818c15e5313bda699fd5f7e6e4e690cc8d313	186	PF04201.21	TPD52	Tumour protein D52 family	108	1	108	1.0	41	148	41	148	0.5806451612903226	190.48825073242188	190.217529296875	2.5181740752750882e-58	3.0565661112470485e-58	8.099687045145596e-60	25.0	25.0	1
control_6b70ebb71ef78e6caa372c3d15fbb31259d3eb75100b0e9c0b3ea58224bb6d4b	parent_control	6b70ebb71ef78e6caa372c3d15fbb31259d3eb75100b0e9c0b3ea58224bb6d4b	462	PF08773.17	CathepsinC_exc	Cathepsin C exclusion domain	121	1	121	1.0	25	141	25	141	0.2532467532467532	154.0858154296875	153.4188995361328	7.289741927444015e-47	1.1730738229205923e-46	4.9082586733079176e-49	27.0	27.0	1
control_6b70ebb71ef78e6caa372c3d15fbb31259d3eb75100b0e9c0b3ea58224bb6d4b	parent_control	6b70ebb71ef78e6caa372c3d15fbb31259d3eb75100b0e9c0b3ea58224bb6d4b	462	PF00112.30	Peptidase_C1	Papain family cysteine protease	220	1	219	0.9954545454545455	230	456	230	457	0.49134199134199136	205.9271240234375	205.14993286132812	3.12168783365999e-62	5.3962428916016065e-62	2.2578422140592496e-64	20.700000762939453	20.700000762939453	1
control_6ba4ea5d5ad4a5a6943492f00d9031d284a1a66e57466b08531eb03e0e9333d3	parent_control	6ba4ea5d5ad4a5a6943492f00d9031d284a1a66e57466b08531eb03e0e9333d3	285	PF00057.24	Ldl_recept_a	Low-density lipoprotein receptor domain class A	37	1	35	0.9459459459459459	26	63	26	65	0.13333333333333333	78.4029769897461	46.17865753173828	1.3157444316248458e-23	1.5473244952034608e-13	6.474161067796907e-16	24.100000381469727	24.100000381469727	1
control_6ba4ea5d5ad4a5a6943492f00d9031d284a1a66e57466b08531eb03e0e9333d3	parent_control	6ba4ea5d5ad4a5a6943492f00d9031d284a1a66e57466b08531eb03e0e9333d3	285	PF00057.24	Ldl_recept_a	Low-density lipoprotein receptor domain class A	37	2	37	0.972972972972973	72	109	71	109	0.13333333333333333	78.4029769897461	43.90677261352539	1.3157444316248458e-23	7.935372086437143e-13	3.320239366710101e-15	24.100000381469727	24.100000381469727	2
control_6ba4ea5d5ad4a5a6943492f00d9031d284a1a66e57466b08531eb03e0e9333d3	parent_control	6ba4ea5d5ad4a5a6943492f00d9031d284a1a66e57466b08531eb03e0e9333d3	285	PF07645.22	EGF_CA	Calcium-binding EGF domain	43	1	43	1.0	151	189	151	189	0.1368421052631579	31.334232330322266	31.334232330322266	6.834484081920748e-09	6.834484081920748e-09	2.8596167706781373e-11	27.0	16.299999237060547	4
control_6ba4ea5d5ad4a5a6943492f00d9031d284a1a66e57466b08531eb03e0e9333d3	parent_control	6ba4ea5d5ad4a5a6943492f00d9031d284a1a66e57466b08531eb03e0e9333d3	285	PF14670.13	FXa_inhibition	Coagulation Factor Xa inhibitory site	36	6	36	0.8611111111111112	159	189	155	189	0.10877192982456141	53.033504486083984	36.509849548339844	1.0683140420695058e-15	1.5590460553560872e-10	6.523205252535929e-13	33.400001525878906	33.400001525878906	4
control_6be63a813beda9a792ff295d937a8bddb1ed997ad9aafbfdc51e0b840c89b977	parent_control	6be63a813beda9a792ff295d937a8bddb1ed997ad9aafbfdc51e0b840c89b977	832	PF01496.25	V_ATPase_I	V-type ATPase 116kDa subunit family	815	1	815	1.0	27	822	27	822	0.9567307692307693	1134.45263671875	1134.256103515625	0.0	0.0	0.0	30.700000762939453	30.700000762939453	1
control_6d8020f055fa7719635906c931c268c51dffda18520411b9c2b77c92f704555b	parent_control	6d8020f055fa7719635906c931c268c51dffda18520411b9c2b77c92f704555b	54	PF15242.12	FAM53	Family of FAM53	304	1	51	0.16776315789473684	1	51	1	54	0.9444444444444444	53.80287170410156	53.77333450317383	9.946379110251868e-16	1.0154519533598146e-15	2.832501961952063e-18	27.0	27.0	1
control_6e0f425da988b2b11ddefa5dd8321a027b29ff3e62d55790d53d0e5dfb0f87a9	parent_control	6e0f425da988b2b11ddefa5dd8321a027b29ff3e62d55790d53d0e5dfb0f87a9	155	PF03821.23	Mtp	Golgi 4-transmembrane spanning transporter	229	159	228	0.3056768558951965	83	153	68	154	0.45806451612903226	77.51516723632812	60.09962463378906	4.331656831183675e-23	9.113302299294511e-18	3.813097196357536e-20	25.200000762939453	25.200000762939453	2
control_6eafd1c18a1ffeed283afac148a0e6278c1663cae7ae62101fc00a0209bbfab4	parent_control	6eafd1c18a1ffeed283afac148a0e6278c1663cae7ae62101fc00a0209bbfab4	159	PF04756.20	OST3_OST6	OST3 / OST6 family, transporter family	294	142	294	0.5204081632653061	1	153	1	153	0.9622641509433962	171.5193634033203	171.37136840820312	1.0189588568846137e-51	1.1304236402466514e-51	1.7342622095834261e-53	27.0	27.0	1
control_6eff628f24e9419a4c5321669b7b0bad2a5919d55864981dc510f61f13566fb2	parent_control	6eff628f24e9419a4c5321669b7b0bad2a5919d55864981dc510f61f13566fb2	1214	PF05605.19	zf-Di19	Drought induced 19 protein (Di19), zinc-binding	54	3	51	0.9074074074074074	210	261	208	268	0.042833607907743	35.006004333496094	35.006004333496094	4.896830198354635e-10	4.896830198354635e-10	3.414804880303092e-12	27.5	27.5	1
control_6eff628f24e9419a4c5321669b7b0bad2a5919d55864981dc510f61f13566fb2	parent_control	6eff628f24e9419a4c5321669b7b0bad2a5919d55864981dc510f61f13566fb2	1214	PF00096.33	zf-C2H2	Zinc finger, C2H2 type	23	2	23	0.9565217391304348	211	233	210	233	0.018945634266886325	93.5275650024414	17.939302444458008	1.1453101904887007e-28	0.00011981854886153871	8.355547340414136e-07	25.200000762939453	15.800000190734863	1
control_6eff628f24e9419a4c5321669b7b0bad2a5919d55864981dc510f61f13566fb2	parent_control	6eff628f24e9419a4c5321669b7b0bad2a5919d55864981dc510f61f13566fb2	1214	PF00096.33	zf-C2H2	Zinc finger, C2H2 type	23	1	23	1.0	240	262	240	262	0.018945634266886325	93.5275650024414	20.0206298828125	1.1453101904887007e-28	2.6130208372117838e-05	1.8221902630486636e-07	25.200000762939453	15.800000190734863	2
control_6eff628f24e9419a4c5321669b7b0bad2a5919d55864981dc510f61f13566fb2	parent_control	6eff628f24e9419a4c5321669b7b0bad2a5919d55864981dc510f61f13566fb2	1214	PF00096.33	zf-C2H2	Zinc finger, C2H2 type	23	1	23	1.0	281	303	281	303	0.018945634266886325	93.5275650024414	24.141103744506836	1.1453101904887007e-28	1.2816939187499902e-06	8.9378934361924e-09	25.200000762939453	15.800000190734863	3
control_6eff628f24e9419a4c5321669b7b0bad2a5919d55864981dc510f61f13566fb2	parent_control	6eff628f24e9419a4c5321669b7b0bad2a5919d55864981dc510f61f13566fb2	1214	PF00096.33	zf-C2H2	Zinc finger, C2H2 type	23	1	21	0.9130434782608695	309	329	309	330	0.01729818780889621	93.5275650024414	16.502382278442383	1.1453101904887007e-28	0.00034287248249000827	2.391021495746222e-06	25.200000762939453	15.800000190734863	4
control_6eff628f24e9419a4c5321669b7b0bad2a5919d55864981dc510f61f13566fb2	parent_control	6eff628f24e9419a4c5321669b7b0bad2a5919d55864981dc510f61f13566fb2	1214	PF12874.14	zf-met	Zinc-finger of C2H2 type	25	1	19	0.76	998	1016	998	1018	0.015650741350906095	28.849519729614258	13.485751152038574	4.065902468328525e-08	0.002789839462418035	1.9454947436666912e-05	21.200000762939453	13.300000190734863	6
control_6eff628f24e9419a4c5321669b7b0bad2a5919d55864981dc510f61f13566fb2	parent_control	6eff628f24e9419a4c5321669b7b0bad2a5919d55864981dc510f61f13566fb2	1214	PF00096.33	zf-C2H2	Zinc finger, C2H2 type	23	1	23	1.0	998	1020	998	1020	0.018945634266886325	93.5275650024414	16.31316566467285	1.1453101904887007e-28	0.00039378556466930975	2.7460639098278224e-06	25.200000762939453	15.800000190734863	6
control_6eff628f24e9419a4c5321669b7b0bad2a5919d55864981dc510f61f13566fb2	parent_control	6eff628f24e9419a4c5321669b7b0bad2a5919d55864981dc510f61f13566fb2	1214	PF00096.33	zf-C2H2	Zinc finger, C2H2 type	23	1	21	0.9130434782608695	1054	1074	1054	1075	0.01729818780889621	93.5275650024414	18.36446189880371	1.1453101904887007e-28	8.778525858513006e-05	6.121705619604607e-07	25.200000762939453	15.800000190734863	8
control_6f366a71820dbd610da837abdf371fcd75381321cdb53bea10d6c6c61dfd76f7	parent_control	6f366a71820dbd610da837abdf371fcd75381321cdb53bea10d6c6c61dfd76f7	212	PF05279.17	Asp-B-Hydro_N	Aspartyl beta-hydroxylase N-terminal region	66	1	66	1.0	52	132	52	132	0.38207547169811323	139.3561553955078	138.0423583984375	1.0517158098089241e-42	2.7042009216468638e-42	8.297408685666806e-44	23.0	23.0	1
control_6fb689e0039f795ee4228df268aae404a0edd122b3373767988dae45922a5a50	parent_control	6fb689e0039f795ee4228df268aae404a0edd122b3373767988dae45922a5a50	167	PF00777.24	Glyco_transf_29	Glycosyltransferase family 29 (sialyltransferase)	271	5	82	0.2878228782287823	100	167	89	167	0.40718562874251496	57.01975631713867	56.46269226074219	7.320179792584763e-17	1.0824185058614036e-16	6.038596964359295e-19	23.0	23.0	1
control_6fdcb14badca1e99ffb3ae0578aa44c18d2042cc1e2a755ee473ff5c18278ce0	parent_control	6fdcb14badca1e99ffb3ae0578aa44c18d2042cc1e2a755ee473ff5c18278ce0	1641	PF00520.38	Ion_trans	Ion transport protein	243	2	242	0.9917695473251029	126	416	125	417	0.1773308957952468	906.11376953125	249.24118041992188	2.9911027181982895e-276	1.1999659696160148e-75	3.514544680883725e-77	25.0	25.0	1
control_6fdcb14badca1e99ffb3ae0578aa44c18d2042cc1e2a755ee473ff5c18278ce0	parent_control	6fdcb14badca1e99ffb3ae0578aa44c18d2042cc1e2a755ee473ff5c18278ce0	1641	PF00520.38	Ion_trans	Ion transport protein	243	3	239	0.9753086419753086	524	759	522	762	0.14381474710542352	906.11376953125	219.83592224121094	2.9911027181982895e-276	1.146268291848799e-66	3.357271147674307e-68	25.0	25.0	2
control_6fdcb14badca1e99ffb3ae0578aa44c18d2042cc1e2a755ee473ff5c18278ce0	parent_control	6fdcb14badca1e99ffb3ae0578aa44c18d2042cc1e2a755ee473ff5c18278ce0	1641	PF00520.38	Ion_trans	Ion transport protein	243	1	242	0.9958847736625515	885	1162	885	1163	0.16940889701401585	906.11376953125	217.24742126464844	2.9911027181982895e-276	7.076077851081152e-66	2.0724914208187473e-67	25.0	25.0	3
control_6fdcb14badca1e99ffb3ae0578aa44c18d2042cc1e2a755ee473ff5c18278ce0	parent_control	6fdcb14badca1e99ffb3ae0578aa44c18d2042cc1e2a755ee473ff5c18278ce0	1641	PF00520.38	Ion_trans	Ion transport protein	243	2	242	0.9917695473251029	1205	1474	1204	1475	0.16453382084095064	906.11376953125	238.82958984375	2.9911027181982895e-276	1.8145991593596044e-72	5.314725571346122e-74	25.0	25.0	4
control_6fdcb14badca1e99ffb3ae0578aa44c18d2042cc1e2a755ee473ff5c18278ce0	parent_control	6fdcb14badca1e99ffb3ae0578aa44c18d2042cc1e2a755ee473ff5c18278ce0	1641	PF08016.19	PKD_channel	Polycystin cation channel	225	6	223	0.9688888888888889	1230	1468	1225	1470	0.14564290067032298	54.964176177978516	37.310997009277344	2.953325343598839e-16	7.371841958813704e-11	2.1591168917027585e-12	22.399999618530273	22.399999618530273	9
control_6fdcb14badca1e99ffb3ae0578aa44c18d2042cc1e2a755ee473ff5c18278ce0	parent_control	6fdcb14badca1e99ffb3ae0578aa44c18d2042cc1e2a755ee473ff5c18278ce0	1641	PF16905.11	GPHH	Voltage-dependent L-type calcium channel, IQ-associated	54	1	54	1.0	1484	1537	1484	1537	0.03290676416819013	101.30146026611328	99.63980102539062	7.5295590890405235e-31	2.487141132996932e-30	7.284513778652101e-32	26.799999237060547	26.799999237060547	1
control_6fdcb14badca1e99ffb3ae0578aa44c18d2042cc1e2a755ee473ff5c18278ce0	parent_control	6fdcb14badca1e99ffb3ae0578aa44c18d2042cc1e2a755ee473ff5c18278ce0	1641	PF08763.18	Ca_chan_IQ	Voltage gated calcium channel IQ domain	77	1	77	1.0	1547	1621	1547	1621	0.04570383912248629	105.94855499267578	104.58981323242188	3.768376201211491e-32	1.000464608687237e-31	2.9302310714688946e-33	26.700000762939453	26.700000762939453	1
control_7120bd1ee2bb690bf8e0b4d0228cd3c8b4060433d22c945deb861cfe3cc9737d	parent_control	7120bd1ee2bb690bf8e0b4d0228cd3c8b4060433d22c945deb861cfe3cc9737d	145	PF00227.32	Proteasome	Proteasome subunit	189	83	189	0.5661375661375662	2	107	1	107	0.7310344827586207	85.42611694335938	85.42611694335938	1.4524102987313452e-25	1.4524102987313452e-25	3.848786007795755e-27	22.399999618530273	22.399999618530273	1
control_7130abe33d37e16dc9b5848774b5211d48455311ca2b237ac6ca79700a6094a1	parent_control	7130abe33d37e16dc9b5848774b5211d48455311ca2b237ac6ca79700a6094a1	592	PF02014.24	Reeler	Reeler domain	144	2	141	0.9722222222222222	31	167	30	170	0.23141891891891891	159.64324951171875	158.7718963623047	2.0423453741840502e-48	3.791789163440875e-48	2.1153635500367502e-50	21.0	21.0	1
control_7130abe33d37e16dc9b5848774b5211d48455311ca2b237ac6ca79700a6094a1	parent_control	7130abe33d37e16dc9b5848774b5211d48455311ca2b237ac6ca79700a6094a1	592	PF03351.23	DOMON	DOMON domain	124	6	124	0.9596774193548387	219	331	214	331	0.19087837837837837	79.16706085205078	78.32109069824219	1.1666196630041102e-23	2.132176525360894e-23	2.9737468972955285e-26	32.70000076293945	32.70000076293945	1
control_7202fe6019fcfeff791c4452101747ebf85d45311402753112c7371b2a0155b1	parent_control	7202fe6019fcfeff791c4452101747ebf85d45311402753112c7371b2a0155b1	197	PF05279.17	Asp-B-Hydro_N	Aspartyl beta-hydroxylase N-terminal region	66	1	66	1.0	52	117	52	117	0.3350253807106599	149.35667419433594	148.52325439453125	7.94220246663308e-46	1.445831130334226e-45	4.436301934079913e-47	23.0	23.0	1
control_72070dc5699e4b1b46ca5617e28cf5a04ec3236fd466c6c2850b7b0a8603920c	parent_control	72070dc5699e4b1b46ca5617e28cf5a04ec3236fd466c6c2850b7b0a8603920c	170	PF00735.25	Septin	Septin	280	1	125	0.44642857142857145	47	170	47	170	0.7294117647058823	179.03065490722656	178.8142852783203	4.4391070435381913e-54	5.1671146086125835e-54	4.32394527917371e-56	26.200000762939453	26.200000762939453	1
control_72070dc5699e4b1b46ca5617e28cf5a04ec3236fd466c6c2850b7b0a8603920c	parent_control	72070dc5699e4b1b46ca5617e28cf5a04ec3236fd466c6c2850b7b0a8603920c	170	PF01926.30	MMR_HSR1	50S ribosome-binding GTPase	113	2	57	0.49557522123893805	53	121	52	165	0.40588235294117647	27.494699478149414	27.163368225097656	1.0531128095613919e-07	1.334516920995283e-07	2.419626216588379e-09	21.899999618530273	21.899999618530273	1
control_7252f191f18b76776d0935c2a5ae13c0006c85b44ff87a36069046b6ab1036c3	parent_control	7252f191f18b76776d0935c2a5ae13c0006c85b44ff87a36069046b6ab1036c3	508	PF10300.16	Iml2-TPR_39	Iml2/Tetratricopeptide repeat protein 39	467	30	467	0.9379014989293362	2	437	1	437	0.8582677165354331	413.64093017578125	413.4333801269531	3.743556326194412e-125	4.327468687733276e-125	4.224864827633602e-127	22.200000762939453	22.200000762939453	1
control_7252f191f18b76776d0935c2a5ae13c0006c85b44ff87a36069046b6ab1036c3	parent_control	7252f191f18b76776d0935c2a5ae13c0006c85b44ff87a36069046b6ab1036c3	508	PF10345.16	Cohesin_load	Cohesin loading factor	587	336	457	0.20783645655877342	271	395	257	403	0.24606299212598426	31.741270065307617	25.903575897216797	2.015986545694913e-09	1.1812376354020575e-07	1.1532306063897355e-09	25.799999237060547	25.799999237060547	1
control_73265784112777cf8259c31a75cd7a5ce117ed36a6935c595e6a80e3d32f0643	parent_control	73265784112777cf8259c31a75cd7a5ce117ed36a6935c595e6a80e3d32f0643	1343	PF13872.13	AAA_34	P-loop containing NTP hydrolase pore-1	306	1	306	1.0	253	558	253	558	0.22784810126582278	480.1714172363281	479.4893493652344	7.8073292555541e-146	1.2594678448194943e-145	8.782899894138733e-148	27.0	27.0	1
control_73265784112777cf8259c31a75cd7a5ce117ed36a6935c595e6a80e3d32f0643	parent_control	73265784112777cf8259c31a75cd7a5ce117ed36a6935c595e6a80e3d32f0643	1343	PF04851.22	ResIII	Type III restriction enzyme, res subunit	164	8	140	0.8109756097560976	292	442	287	477	0.11243484735666419	32.92490768432617	31.110010147094727	2.1230972492119076e-09	7.674306000206323e-09	7.492348954176328e-11	22.5	22.5	1
control_73265784112777cf8259c31a75cd7a5ce117ed36a6935c595e6a80e3d32f0643	parent_control	73265784112777cf8259c31a75cd7a5ce117ed36a6935c595e6a80e3d32f0643	1343	PF13871.13	Helicase_C_4	C-terminal domain on Strawberry notch homologue	271	1	271	1.0	869	1145	869	1145	0.20625465376023827	400.0383605957031	399.47216796875	2.354722148844108e-121	3.5042641391027126e-121	2.4436988417731606e-123	30.5	30.5	1
control_73265784112777cf8259c31a75cd7a5ce117ed36a6935c595e6a80e3d32f0643	parent_control	73265784112777cf8259c31a75cd7a5ce117ed36a6935c595e6a80e3d32f0643	1343	PF25373.2	SBNO	SBNO alpha/beta domain	119	1	119	1.0	1183	1297	1183	1297	0.08562918838421445	143.42567443847656	142.14039611816406	1.260196245770581e-43	3.153519679967258e-43	2.199107168735884e-45	24.0	24.0	1
control_73562e3b769ab7247b43b3393812614f68016dc7cfa273963004b8b68626d030	parent_control	73562e3b769ab7247b43b3393812614f68016dc7cfa273963004b8b68626d030	994	PF00047.32	ig	Immunoglobulin domain	81	4	70	0.8271604938271605	98	172	96	178	0.07545271629778671	46.79921340942383	30.741100311279297	1.0871669231231872e-13	1.1153935311584091e-08	1.2445116107764676e-10	21.799999237060547	21.799999237060547	1
control_73562e3b769ab7247b43b3393812614f68016dc7cfa273963004b8b68626d030	parent_control	73562e3b769ab7247b43b3393812614f68016dc7cfa273963004b8b68626d030	994	PF13927.13	Ig_3	Immunoglobulin domain	78	2	78	0.9871794871794872	192	261	192	261	0.07042253521126761	60.603206634521484	31.021625518798828	6.06241437936331e-18	1.0338463861571326e-08	2.8838113979278454e-11	30.0	30.0	2
control_73562e3b769ab7247b43b3393812614f68016dc7cfa273963004b8b68626d030	parent_control	73562e3b769ab7247b43b3393812614f68016dc7cfa273963004b8b68626d030	994	PF13895.13	Ig_2	Immunoglobulin domain	79	5	78	0.9367088607594937	197	274	193	275	0.07847082494969819	54.472007751464844	29.778850555419922	4.1449779313235227e-16	2.106917133476547e-08	5.877035239823004e-11	27.0	27.0	2
control_73562e3b769ab7247b43b3393812614f68016dc7cfa273963004b8b68626d030	parent_control	73562e3b769ab7247b43b3393812614f68016dc7cfa273963004b8b68626d030	994	PF00041.28	fn3	Fibronectin type III domain	84	1	80	0.9523809523809523	280	368	280	371	0.08953722334004025	60.72022247314453	35.988304138183594	4.596191016531588e-18	2.3975105985930417e-10	3.343808366238552e-13	25.0	25.0	2
control_73562e3b769ab7247b43b3393812614f68016dc7cfa273963004b8b68626d030	parent_control	73562e3b769ab7247b43b3393812614f68016dc7cfa273963004b8b68626d030	994	PF07714.24	PK_Tyr_Ser-Thr	Protein tyrosine and serine/threonine kinase	258	2	257	0.9922480620155039	583	848	582	849	0.2676056338028169	305.09417724609375	304.63885498046875	1.3688012549572159e-92	1.88484348438465e-92	1.0515165882201673e-94	23.100000381469727	23.100000381469727	1
control_73562e3b769ab7247b43b3393812614f68016dc7cfa273963004b8b68626d030	parent_control	73562e3b769ab7247b43b3393812614f68016dc7cfa273963004b8b68626d030	994	PF00069.32	Pkinase	Protein kinase domain	262	4	254	0.9580152671755725	585	843	582	848	0.2605633802816901	129.05316162109375	128.44752502441406	7.742338060226944e-39	1.1847836295132763e-38	6.609671573295822e-41	31.700000762939453	31.700000762939453	1
control_73f033b1da14f6020a44ab96a556a87d9a7206f009a849986d3deaaa05915613	parent_control	73f033b1da14f6020a44ab96a556a87d9a7206f009a849986d3deaaa05915613	284	PF00261.26	Tropomyosin	Tropomyosin	242	1	82	0.33884297520661155	1	82	1	83	0.2887323943661972	305.1169738769531	52.69319534301758	1.22979563928471e-92	1.5177786681805136e-15	2.7518999562547668e-17	38.599998474121094	38.599998474121094	1
control_73f033b1da14f6020a44ab96a556a87d9a7206f009a849986d3deaaa05915613	parent_control	73f033b1da14f6020a44ab96a556a87d9a7206f009a849986d3deaaa05915613	284	PF16526.11	CLZ	C-terminal leucine zipper domain of cyclic nucleotide-gated channels	71	9	69	0.8591549295774648	13	72	9	74	0.2112676056338028	32.41762161254883	27.193798065185547	3.526821257372996e-09	1.506276987233546e-07	1.2604828345050595e-09	26.700000762939453	26.700000762939453	1
control_73f033b1da14f6020a44ab96a556a87d9a7206f009a849986d3deaaa05915613	parent_control	73f033b1da14f6020a44ab96a556a87d9a7206f009a849986d3deaaa05915613	284	PF00261.26	Tropomyosin	Tropomyosin	242	25	241	0.8966942148760331	67	283	67	284	0.7640845070422535	305.1169738769531	262.35113525390625	1.22979563928471e-92	1.4148666063212784e-79	2.565309049118078e-81	38.599998474121094	38.599998474121094	2
control_74e348a4a10ab201503816cbf128a87d803e9537a5115148dd5e68cbd0df42be	parent_control	74e348a4a10ab201503816cbf128a87d803e9537a5115148dd5e68cbd0df42be	889	PF00169.36	PH	PH domain	105	2	104	0.9809523809523809	150	264	149	265	0.12935883014623173	46.759639739990234	43.926910400390625	1.3944972875545993e-13	1.061080682297415e-12	1.479889375589142e-14	25.100000381469727	25.100000381469727	1
control_74e348a4a10ab201503816cbf128a87d803e9537a5115148dd5e68cbd0df42be	parent_control	74e348a4a10ab201503816cbf128a87d803e9537a5115148dd5e68cbd0df42be	889	PF01237.24	Oxysterol_BP	Oxysterol-binding protein	368	2	360	0.9755434782608695	410	746	406	753	0.37907761529808776	269.9507751464844	265.9432373046875	1.0929428815863266e-81	1.8052221096078647e-80	5.035487056088884e-83	28.899999618530273	28.899999618530273	1
control_75667be7e16006334318a59619e5d970eec3058ffdc17f2951e8ba99b39ab8d4	parent_control	75667be7e16006334318a59619e5d970eec3058ffdc17f2951e8ba99b39ab8d4	245	PF00059.28	Lectin_C	Lectin C-type domain	107	3	107	0.9813084112149533	133	240	131	240	0.44081632653061226	78.41063690185547	77.40963745117188	2.3828863158471055e-23	4.879233233253287e-23	2.0415201812775258e-25	22.600000381469727	22.600000381469727	1
control_76ed3d31a030abfb22444d1c00d9a5a8c5953aed6d324fed75f8e83e11ecaf62	parent_control	76ed3d31a030abfb22444d1c00d9a5a8c5953aed6d324fed75f8e83e11ecaf62	209	PF09764.16	Nt_Gln_amidase	N-terminal glutamine amidase	184	1	184	1.0	25	202	25	202	0.8516746411483254	244.1021728515625	243.85549926757812	2.809101005938138e-74	3.3438311135827904e-74	2.3318208602390448e-76	27.0	27.0	1
control_76f4cb4c2952b816df6ee32d1d82107e7beb46065f64b02ebb590dc83fb204c4	parent_control	76f4cb4c2952b816df6ee32d1d82107e7beb46065f64b02ebb590dc83fb204c4	423	PF00328.28	His_Phos_2	Histidine phosphatase superfamily (branch 2)	354	2	353	0.9943502824858758	33	329	32	330	0.7021276595744681	165.6129150390625	163.1647491455078	7.8839306214946575e-50	4.375651864676606e-49	3.051361132968344e-51	23.600000381469727	23.600000381469727	1
control_7716316b15645b5862f0df7502a6492f685fd4749d176e23b0b34c30dabd1ed6	parent_control	7716316b15645b5862f0df7502a6492f685fd4749d176e23b0b34c30dabd1ed6	134	PF16880.11	EHD_N	N-terminal EH-domain containing protein	33	1	33	1.0	24	56	24	56	0.2462686567164179	64.57709503173828	64.04551696777344	2.254234229885586e-19	3.304924511486039e-19	1.3828136031322338e-21	21.5	21.5	1
control_7716316b15645b5862f0df7502a6492f685fd4749d176e23b0b34c30dabd1ed6	parent_control	7716316b15645b5862f0df7502a6492f685fd4749d176e23b0b34c30dabd1ed6	134	PF00350.30	Dynamin_N	Dynamin family	168	1	71	0.4226190476190476	61	131	61	134	0.5298507462686567	32.59367752075195	32.264312744140625	2.930385587823445e-09	3.699578429277095e-09	1.5479407653879057e-11	27.0	27.0	1
control_78848dc32b15f21981bf90f9bb304d5b9189088941226d4a162ca147b46a8202	parent_control	78848dc32b15f21981bf90f9bb304d5b9189088941226d4a162ca147b46a8202	470	PF21033.6	RMD1-3	Regulator of microtubule dynamics protein 1-3	230	2	225	0.9739130434782609	243	465	242	469	0.474468085106383	300.9708251953125	300.5391845703125	1.6375794673713207e-91	2.218853531702326e-91	3.094635330128767e-94	32.0	32.0	1
control_7921d717fbb29d6c7feb18237a44dbb6244de186783fcbe380267bab6823bdf0	parent_control	7921d717fbb29d6c7feb18237a44dbb6244de186783fcbe380267bab6823bdf0	170	PF00735.25	Septin	Septin	280	1	125	0.44642857142857145	47	170	47	170	0.7294117647058823	179.03233337402344	178.8142852783203	4.433880638234837e-54	5.1671146086125835e-54	4.32394527917371e-56	26.200000762939453	26.200000762939453	1
control_7921d717fbb29d6c7feb18237a44dbb6244de186783fcbe380267bab6823bdf0	parent_control	7921d717fbb29d6c7feb18237a44dbb6244de186783fcbe380267bab6823bdf0	170	PF01926.30	MMR_HSR1	50S ribosome-binding GTPase	113	2	57	0.49557522123893805	53	121	52	165	0.40588235294117647	27.500219345092773	27.163368225097656	1.0489661228127386e-07	1.334516920995283e-07	2.419626216588379e-09	21.899999618530273	21.899999618530273	1
control_795ef1b8714a759d9b8cb7fc855b15312511a5c8f9b8be78c081cd7a1cbfe7ba	parent_control	795ef1b8714a759d9b8cb7fc855b15312511a5c8f9b8be78c081cd7a1cbfe7ba	533	PF00067.28	p450	Cytochrome P450	462	3	252	0.5411255411255411	46	290	44	305	0.4596622889305816	318.2821044921875	104.32823944091797	3.1727216848507785e-96	2.5051712355081585e-31	1.0481888014678488e-33	22.799999237060547	22.799999237060547	1
control_795ef1b8714a759d9b8cb7fc855b15312511a5c8f9b8be78c081cd7a1cbfe7ba	parent_control	795ef1b8714a759d9b8cb7fc855b15312511a5c8f9b8be78c081cd7a1cbfe7ba	533	PF00067.28	p450	Cytochrome P450	462	256	457	0.43722943722943725	324	525	308	530	0.3789868667917448	318.2821044921875	212.15768432617188	3.1727216848507785e-96	4.915265547554169e-64	2.0565964634117864e-66	22.799999237060547	22.799999237060547	2
control_7983abab3d1df816042b3a9d1fb20c789e09726b165264803d1e71e7091d111b	parent_control	7983abab3d1df816042b3a9d1fb20c789e09726b165264803d1e71e7091d111b	201	PF13911.13	AhpC-TSA_2	AhpC/TSA antioxidant enzyme	114	1	113	0.9912280701754386	53	165	53	166	0.5621890547263682	93.6981430053711	93.30729675292969	3.707832421558367e-28	4.902427743331133e-28	2.7349666629462388e-30	27.0	27.0	1
control_79d5934e81d7e4ff207c95b8750c6107750910dff0f9ace672d5cf17f60ce3a0	parent_control	79d5934e81d7e4ff207c95b8750c6107750910dff0f9ace672d5cf17f60ce3a0	179	PF08718.17	GLTP	Glycolipid transfer protein (GLTP)	147	1	57	0.3877551020408163	18	75	18	76	0.3240223463687151	111.99378967285156	55.20581817626953	1.0910686105818587e-33	3.4850193338014724e-16	5.8326683410903306e-18	25.600000381469727	25.600000381469727	1
control_79d5934e81d7e4ff207c95b8750c6107750910dff0f9ace672d5cf17f60ce3a0	parent_control	79d5934e81d7e4ff207c95b8750c6107750910dff0f9ace672d5cf17f60ce3a0	179	PF08718.17	GLTP	Glycolipid transfer protein (GLTP)	147	88	146	0.4013605442176871	75	136	73	137	0.3463687150837989	111.99378967285156	55.76812744140625	1.0910686105818587e-33	2.3381840775478724e-16	3.9132787908751e-18	25.600000381469727	25.600000381469727	2
control_79fe01e0caa7eaba65689649d0107963a1089d63125ac6b89566e464f26487d6	parent_control	79fe01e0caa7eaba65689649d0107963a1089d63125ac6b89566e464f26487d6	539	PF05934.16	MCLC	Mid-1-related chloride channel (MCLC)	549	1	549	1.0	3	539	3	539	0.9962894248608535	1075.576416015625	1075.4091796875	0.0	0.0	0.0	25.0	25.0	1
control_7a105fd84126029fe8e9e2e2978b685deb6503c8fd9709cff857c43eebd56d10	parent_control	7a105fd84126029fe8e9e2e2978b685deb6503c8fd9709cff857c43eebd56d10	275	PF07221.18	GlcNAc_2-epim	N-acylglucosamine 2-epimerase (GlcNAc 2-epimerase)	347	156	338	0.5273775216138329	54	232	6	242	0.6509090909090909	94.40939331054688	94.32608032226562	3.101543616704138e-28	3.2878505272409687e-28	2.7513393533397228e-30	23.399999618530273	23.399999618530273	1
control_7a62a94f5e7e5a97659efdb49e2113264d7b89c30d600ac050af2c6d88a8f00a	parent_control	7a62a94f5e7e5a97659efdb49e2113264d7b89c30d600ac050af2c6d88a8f00a	1176	PF12763.14	EH	EH domain	101	4	82	0.7821782178217822	20	96	17	111	0.06547619047619048	135.34371948242188	63.22671127319336	2.26554746857732e-41	6.617727762133063e-19	1.0152720416103722e-20	22.0	22.0	1
control_7a62a94f5e7e5a97659efdb49e2113264d7b89c30d600ac050af2c6d88a8f00a	parent_control	7a62a94f5e7e5a97659efdb49e2113264d7b89c30d600ac050af2c6d88a8f00a	1176	PF12763.14	EH	EH domain	101	6	75	0.693069306930693	185	255	180	273	0.06037414965986394	135.34371948242188	69.00550079345703	2.26554746857732e-41	1.0484043292414843e-20	1.608430630635471e-22	22.0	22.0	2
control_7a62a94f5e7e5a97659efdb49e2113264d7b89c30d600ac050af2c6d88a8f00a	parent_control	7a62a94f5e7e5a97659efdb49e2113264d7b89c30d600ac050af2c6d88a8f00a	1176	PF07653.24	SH3_2	Variant SH3 domain	55	1	53	0.9636363636363636	705	758	705	760	0.04591836734693878	196.4361114501953	25.320144653320312	1.281192716225615e-60	3.4963367215241285e-07	6.339243707086984e-09	21.799999237060547	21.799999237060547	1
control_7a62a94f5e7e5a97659efdb49e2113264d7b89c30d600ac050af2c6d88a8f00a	parent_control	7a62a94f5e7e5a97659efdb49e2113264d7b89c30d600ac050af2c6d88a8f00a	1176	PF00018.35	SH3_1	SH3 domain	48	1	48	1.0	707	754	707	754	0.04081632653061224	208.81182861328125	38.95563507080078	1.5958277882859e-64	1.8149394373209778e-11	3.543814800905675e-13	22.899999618530273	22.899999618530273	1
control_7a62a94f5e7e5a97659efdb49e2113264d7b89c30d600ac050af2c6d88a8f00a	parent_control	7a62a94f5e7e5a97659efdb49e2113264d7b89c30d600ac050af2c6d88a8f00a	1176	PF14604.13	SH3_9	Variant SH3 domain	49	1	47	0.9591836734693877	708	756	708	758	0.041666666666666664	206.37615966796875	46.36037063598633	1.1053885416674708e-63	1.0574945293847394e-13	1.7698653211460074e-15	30.0	30.0	1
control_7a62a94f5e7e5a97659efdb49e2113264d7b89c30d600ac050af2c6d88a8f00a	parent_control	7a62a94f5e7e5a97659efdb49e2113264d7b89c30d600ac050af2c6d88a8f00a	1176	PF16617.11	INTAP	Intersectin and clathrin adaptor AP2 binding region	115	1	115	1.0	759	873	759	873	0.0977891156462585	181.1587677001953	181.1587677001953	2.7816051349122475e-55	2.7816051349122475e-55	2.7156535487288326e-57	25.0	25.0	2
control_7a62a94f5e7e5a97659efdb49e2113264d7b89c30d600ac050af2c6d88a8f00a	parent_control	7a62a94f5e7e5a97659efdb49e2113264d7b89c30d600ac050af2c6d88a8f00a	1176	PF00018.35	SH3_1	SH3 domain	48	1	48	1.0	875	919	875	919	0.03826530612244898	208.81182861328125	43.68468475341797	1.5958277882859e-64	6.049332286001949e-13	1.1811806416182329e-14	22.899999618530273	22.899999618530273	2
control_7a62a94f5e7e5a97659efdb49e2113264d7b89c30d600ac050af2c6d88a8f00a	parent_control	7a62a94f5e7e5a97659efdb49e2113264d7b89c30d600ac050af2c6d88a8f00a	1176	PF14604.13	SH3_9	Variant SH3 domain	49	1	49	1.0	876	923	876	923	0.04081632653061224	206.37615966796875	40.02262878417969	1.1053885416674708e-63	1.008939492296812e-11	1.6886016607478026e-13	30.0	30.0	2
control_7a62a94f5e7e5a97659efdb49e2113264d7b89c30d600ac050af2c6d88a8f00a	parent_control	7a62a94f5e7e5a97659efdb49e2113264d7b89c30d600ac050af2c6d88a8f00a	1176	PF07653.24	SH3_2	Variant SH3 domain	55	9	54	0.8363636363636363	881	924	874	925	0.03741496598639456	196.4361114501953	40.72392272949219	1.281192716225615e-60	5.411653911933677e-12	9.81192480545855e-14	21.799999237060547	21.799999237060547	2
control_7a62a94f5e7e5a97659efdb49e2113264d7b89c30d600ac050af2c6d88a8f00a	parent_control	7a62a94f5e7e5a97659efdb49e2113264d7b89c30d600ac050af2c6d88a8f00a	1176	PF00018.35	SH3_1	SH3 domain	48	1	48	1.0	964	1008	964	1008	0.03826530612244898	208.81182861328125	41.185699462890625	1.5958277882859e-64	3.649929995256225e-12	7.126781022815502e-14	22.899999618530273	22.899999618530273	3
control_7a62a94f5e7e5a97659efdb49e2113264d7b89c30d600ac050af2c6d88a8f00a	parent_control	7a62a94f5e7e5a97659efdb49e2113264d7b89c30d600ac050af2c6d88a8f00a	1176	PF07653.24	SH3_2	Variant SH3 domain	55	3	53	0.9272727272727272	964	1012	963	1013	0.041666666666666664	196.4361114501953	39.610374450683594	1.281192716225615e-60	1.2052253307493545e-11	2.1852063179555941e-13	21.799999237060547	21.799999237060547	3
control_7a62a94f5e7e5a97659efdb49e2113264d7b89c30d600ac050af2c6d88a8f00a	parent_control	7a62a94f5e7e5a97659efdb49e2113264d7b89c30d600ac050af2c6d88a8f00a	1176	PF14604.13	SH3_9	Variant SH3 domain	49	1	48	0.9795918367346939	965	1011	965	1012	0.039965986394557826	206.37615966796875	32.8326530456543	1.1053885416674708e-63	1.7768324249091459e-09	2.973778117002755e-11	30.0	30.0	3
control_7a62a94f5e7e5a97659efdb49e2113264d7b89c30d600ac050af2c6d88a8f00a	parent_control	7a62a94f5e7e5a97659efdb49e2113264d7b89c30d600ac050af2c6d88a8f00a	1176	PF07653.24	SH3_2	Variant SH3 domain	55	2	54	0.9636363636363636	1035	1091	1034	1092	0.04846938775510204	196.4361114501953	38.63264846801758	1.281192716225615e-60	2.434400205864494e-11	4.4138357986385525e-13	21.799999237060547	21.799999237060547	4
control_7a62a94f5e7e5a97659efdb49e2113264d7b89c30d600ac050af2c6d88a8f00a	parent_control	7a62a94f5e7e5a97659efdb49e2113264d7b89c30d600ac050af2c6d88a8f00a	1176	PF00018.35	SH3_1	SH3 domain	48	2	48	0.9791666666666666	1037	1086	1036	1086	0.04251700680272109	208.81182861328125	31.105398178100586	1.5958277882859e-64	5.139767082979913e-09	1.003580741446566e-10	22.899999618530273	22.899999618530273	4
control_7a62a94f5e7e5a97659efdb49e2113264d7b89c30d600ac050af2c6d88a8f00a	parent_control	7a62a94f5e7e5a97659efdb49e2113264d7b89c30d600ac050af2c6d88a8f00a	1176	PF14604.13	SH3_9	Variant SH3 domain	49	1	49	1.0	1037	1090	1037	1090	0.04591836734693878	206.37615966796875	32.32882308959961	1.1053885416674708e-63	2.552802562057854e-09	4.272472907209798e-11	30.0	30.0	4
control_7a62a94f5e7e5a97659efdb49e2113264d7b89c30d600ac050af2c6d88a8f00a	parent_control	7a62a94f5e7e5a97659efdb49e2113264d7b89c30d600ac050af2c6d88a8f00a	1176	PF00018.35	SH3_1	SH3 domain	48	3	48	0.9583333333333334	1119	1162	1117	1162	0.03741496598639456	208.81182861328125	59.613765716552734	1.5958277882859e-64	6.399376247689816e-18	1.2495295323243712e-19	22.899999618530273	22.899999618530273	5
control_7a62a94f5e7e5a97659efdb49e2113264d7b89c30d600ac050af2c6d88a8f00a	parent_control	7a62a94f5e7e5a97659efdb49e2113264d7b89c30d600ac050af2c6d88a8f00a	1176	PF14604.13	SH3_9	Variant SH3 domain	49	2	49	0.9795918367346939	1119	1166	1119	1166	0.04081632653061224	206.37615966796875	56.678993225097656	1.1053885416674708e-63	6.328011088884081e-17	1.0590813537881306e-18	30.0	30.0	5
control_7a62a94f5e7e5a97659efdb49e2113264d7b89c30d600ac050af2c6d88a8f00a	parent_control	7a62a94f5e7e5a97659efdb49e2113264d7b89c30d600ac050af2c6d88a8f00a	1176	PF07653.24	SH3_2	Variant SH3 domain	55	7	53	0.8545454545454545	1121	1166	1114	1168	0.0391156462585034	196.4361114501953	49.04157638549805	1.281192716225615e-60	1.3674068914821902e-14	2.47925935694121e-16	21.799999237060547	21.799999237060547	5
control_7ad6345e1cb008d4f106799d292dc8d1b1fe190f5cb3ab6e4e60cb5948fe194a	parent_control	7ad6345e1cb008d4f106799d292dc8d1b1fe190f5cb3ab6e4e60cb5948fe194a	523	PF26141.1	PMEL_NMB_N	PMEL/NMB N-terminal domain	173	1	173	1.0	52	233	52	233	0.3479923518164436	224.24644470214844	223.58299255371094	3.7055721511656675e-68	5.924388601066109e-68	8.262745608181463e-70	27.0	27.0	1
control_7ad6345e1cb008d4f106799d292dc8d1b1fe190f5cb3ab6e4e60cb5948fe194a	parent_control	7ad6345e1cb008d4f106799d292dc8d1b1fe190f5cb3ab6e4e60cb5948fe194a	523	PF00801.27	PKD	PKD domain	80	24	68	0.5625	268	318	251	321	0.09751434034416825	33.96070861816406	28.474573135375977	8.8255764623372e-10	4.547606911806808e-08	6.342547994151755e-10	23.5	23.5	2
control_7ad6345e1cb008d4f106799d292dc8d1b1fe190f5cb3ab6e4e60cb5948fe194a	parent_control	7ad6345e1cb008d4f106799d292dc8d1b1fe190f5cb3ab6e4e60cb5948fe194a	523	PF18911.7	PKD_4	PKD domain	85	33	70	0.4470588235294118	277	317	257	319	0.07839388145315487	37.52510070800781	29.7623348236084	7.124942387199083e-11	1.8838471770599766e-08	2.6274019205857413e-10	27.0	27.0	1
control_7ad6345e1cb008d4f106799d292dc8d1b1fe190f5cb3ab6e4e60cb5948fe194a	parent_control	7ad6345e1cb008d4f106799d292dc8d1b1fe190f5cb3ab6e4e60cb5948fe194a	523	PF20433.4	PKAT_KLD	PKAT, KLD domain	51	1	51	1.0	419	469	419	469	0.09751434034416825	81.89334106445312	80.9683609008789	1.1121858579047645e-24	2.1630462926522e-24	3.01680096604212e-26	27.700000762939453	27.700000762939453	1
control_7afc4df40af6691a02620aed69e61fe4dc0928edc1fb575a6ea67221b27459bb	parent_control	7afc4df40af6691a02620aed69e61fe4dc0928edc1fb575a6ea67221b27459bb	83	PF00554.28	RHD_DNA_bind	Rel homology DNA-binding domain	169	1	42	0.2485207100591716	42	83	42	83	0.5060240963855421	67.3116683959961	67.072509765625	6.095901642488133e-20	7.21991323063665e-20	4.027845595892134e-22	27.0	27.0	1
control_7b2e56775d1ae661ed3a3649a93b7211c991fda22de179297b63b41e35fe1e18	parent_control	7b2e56775d1ae661ed3a3649a93b7211c991fda22de179297b63b41e35fe1e18	210	PF04923.18	Ninjurin	Ninjurin	102	1	102	1.0	96	197	96	197	0.4857142857142857	134.31985473632812	133.9938201904297	4.776519598279914e-41	6.034611901595155e-41	1.6832948121604337e-43	26.0	26.0	1
control_7b6c0e554062837bb9dd67d0fe91f7243dfa53d9abcc1b3495b88c79494d3d92	parent_control	7b6c0e554062837bb9dd67d0fe91f7243dfa53d9abcc1b3495b88c79494d3d92	143	PF14745.12	WASH-4_N	WASH complex subunit 4, N-terminal	572	1	116	0.20279720279720279	32	143	32	143	0.7832167832167832	140.90164184570312	140.73353576660156	1.938595265349486e-42	2.1797368589889977e-42	1.824047580743931e-44	25.0	25.0	1
control_7cefaace50c8815fa5f20f16bd08fbcd7000a184c4f0462451789a0f597fd93a	parent_control	7cefaace50c8815fa5f20f16bd08fbcd7000a184c4f0462451789a0f597fd93a	312	PF25234.2	Periphilin_C	Periphilin C-terminal domain	84	2	84	0.9880952380952381	222	304	221	304	0.266025641025641	148.50149536132812	147.25624084472656	2.035543603265289e-45	4.979930971612675e-45	2.083653126197772e-47	27.0	27.0	1
control_7d2f91f86fc6d5c759b427a402c414ea39d47dbb0dce40a732d085eb216154d3	parent_control	7d2f91f86fc6d5c759b427a402c414ea39d47dbb0dce40a732d085eb216154d3	730	PF16660.11	PHD20L1_u1	PHD finger protein 20-like protein 1	99	1	99	1.0	35	130	35	130	0.13150684931506848	144.81666564941406	144.81666564941406	4.1811673728367015e-44	4.1811673728367015e-44	5.8314747180428194e-46	27.0	27.0	1
control_7d2f91f86fc6d5c759b427a402c414ea39d47dbb0dce40a732d085eb216154d3	parent_control	7d2f91f86fc6d5c759b427a402c414ea39d47dbb0dce40a732d085eb216154d3	730	PF20826.3	PHD_5	PhD finger domain	56	1	56	1.0	390	445	390	445	0.07671232876712329	134.05096435546875	132.9509735107422	5.122723636639212e-41	1.129872257260844e-40	9.454997968709992e-43	27.0	27.0	1
control_7e1e7bfe028dc64043a6cc0c7c07de0e5c76dc9078e1cd54c134c37e2e30bcfe	parent_control	7e1e7bfe028dc64043a6cc0c7c07de0e5c76dc9078e1cd54c134c37e2e30bcfe	82	PF09764.16	Nt_Gln_amidase	N-terminal glutamine amidase	184	1	58	0.31521739130434784	25	81	25	82	0.6951219512195121	75.23165893554688	74.88982391357422	1.8044536327929798e-22	2.297297711559496e-22	1.6020207193580864e-24	27.0	27.0	1
control_7e985e2ec3f6433b076a7d8ac8833657160949d9a14811376052ce237b449d83	parent_control	7e985e2ec3f6433b076a7d8ac8833657160949d9a14811376052ce237b449d83	397	PF02760.22	HIN	HIN-200/IF120x domain	168	1	168	1.0	170	338	170	338	0.4256926952141058	245.88333129882812	245.88333129882812	6.656535794504107e-75	6.656535794504107e-75	6.498709980687413e-77	22.700000762939453	22.700000762939453	1
control_7ee20946e5c4ed2462429811a208620d1753053d8621838b4f6eb6a39ee3ee4b	parent_control	7ee20946e5c4ed2462429811a208620d1753053d8621838b4f6eb6a39ee3ee4b	113	PF02719.22	Polysacc_synt_2	Polysaccharide biosynthesis protein	293	1	74	0.2525597269624573	41	108	41	112	0.6017699115044248	31.96632957458496	31.63504409790039	2.823686754450826e-09	3.5624084068284953e-09	6.459038952408707e-11	20.200000762939453	20.200000762939453	1
control_7ee20946e5c4ed2462429811a208620d1753053d8621838b4f6eb6a39ee3ee4b	parent_control	7ee20946e5c4ed2462429811a208620d1753053d8621838b4f6eb6a39ee3ee4b	113	PF08659.17	KR	KR domain	180	3	77	0.4166666666666667	41	112	39	113	0.6371681415929203	55.33558654785156	54.956668853759766	2.891145497368564e-16	3.7789036735258605e-16	8.959743716867452e-18	22.600000381469727	22.600000381469727	1
control_7ee20946e5c4ed2462429811a208620d1753053d8621838b4f6eb6a39ee3ee4b	parent_control	7ee20946e5c4ed2462429811a208620d1753053d8621838b4f6eb6a39ee3ee4b	113	PF00106.32	adh_short	short chain dehydrogenase	195	3	74	0.36923076923076925	41	113	39	113	0.6460176991150443	53.432044982910156	52.503562927246094	8.476702967556323e-16	1.6322156913348579e-15	3.6423223237597945e-17	26.600000381469727	25.0	2
control_7ee20946e5c4ed2462429811a208620d1753053d8621838b4f6eb6a39ee3ee4b	parent_control	7ee20946e5c4ed2462429811a208620d1753053d8621838b4f6eb6a39ee3ee4b	113	PF13561.13	adh_short_C2	Enoyl-(Acyl carrier protein) reductase	236	6	68	0.2669491525423729	48	113	45	113	0.584070796460177	35.614559173583984	32.91841506958008	2.740957346108268e-10	1.8265567357180132e-09	4.0759982944892904e-11	27.0	27.0	2
control_7f93dbaea487bf22125a75e37cf513e64310719b892bcb62e1bf0c9350a56b43	parent_control	7f93dbaea487bf22125a75e37cf513e64310719b892bcb62e1bf0c9350a56b43	1767	PF22958.3	Ltn1_1st	E3 ubiquitin-protein ligase listerin, N-terminal domain	314	1	314	1.0	61	370	60	370	0.17543859649122806	365.6575927734375	363.9115905761719	9.016031389407486e-111	3.06555000577332e-110	4.2755230206043515e-113	27.399999618530273	27.399999618530273	1
control_7f93dbaea487bf22125a75e37cf513e64310719b892bcb62e1bf0c9350a56b43	parent_control	7f93dbaea487bf22125a75e37cf513e64310719b892bcb62e1bf0c9350a56b43	1767	PF24618.2	LTN1_E3_ligase_5th	Listerin HEAT repeat region	185	23	181	0.8594594594594595	1179	1345	1168	1353	0.09451046972269384	36.47781753540039	36.47781753540039	1.350928536017509e-10	1.350928536017509e-10	1.8841402175976416e-13	27.0	27.0	2
control_7f93dbaea487bf22125a75e37cf513e64310719b892bcb62e1bf0c9350a56b43	parent_control	7f93dbaea487bf22125a75e37cf513e64310719b892bcb62e1bf0c9350a56b43	1767	PF22999.3	LTN1_E3_ligase_6th	LTN1 family HEAT repeat region	221	4	221	0.9864253393665159	1379	1616	1376	1616	0.1346915676287493	216.66465759277344	214.8609619140625	1.0940414367151828e-65	3.896353553769079e-65	1.6302734534598658e-67	27.0	27.0	1
control_7f93dbaea487bf22125a75e37cf513e64310719b892bcb62e1bf0c9350a56b43	parent_control	7f93dbaea487bf22125a75e37cf513e64310719b892bcb62e1bf0c9350a56b43	1767	PF23009.2	UBC_like	Ubiquitin conjugating domain-like	85	1	85	1.0	1625	1709	1625	1709	0.04810413129598189	126.50930786132812	125.28607940673828	1.1045644592423942e-38	2.659908827554308e-38	1.1129325638302543e-40	27.0	27.0	1
control_7f9cd2afc3f55e6352d3d650200346bb345928e76663cdf444d9808b616f10bc	parent_control	7f9cd2afc3f55e6352d3d650200346bb345928e76663cdf444d9808b616f10bc	556	PF12796.14	Ank_2	Ankyrin repeats (3 copies)	90	24	83	0.6666666666666666	4	65	1	72	0.11151079136690648	41.35554504394531	40.41206359863281	6.585024117605902e-12	1.2969552785847856e-11	3.255954674271428e-13	27.299999237060547	27.299999237060547	1
control_7f9cd2afc3f55e6352d3d650200346bb345928e76663cdf444d9808b616f10bc	parent_control	7f9cd2afc3f55e6352d3d650200346bb345928e76663cdf444d9808b616f10bc	556	PF13606.13	Ank_3	Ankyrin repeat	31	2	29	0.9032258064516129	9	35	8	37	0.048561151079136694	33.641357421875	18.879138946533203	8.750585979139189e-10	5.8419241190796445e-05	1.4665918290576514e-06	22.299999237060547	17.200000762939453	1
control_7f9cd2afc3f55e6352d3d650200346bb345928e76663cdf444d9808b616f10bc	parent_control	7f9cd2afc3f55e6352d3d650200346bb345928e76663cdf444d9808b616f10bc	556	PF00023.37	Ank	Ankyrin repeat	33	2	31	0.9090909090909091	9	38	8	40	0.0539568345323741	41.902305603027344	26.905345916748047	2.534220195010709e-12	1.5182068721414274e-07	3.811398005375968e-09	21.100000381469727	14.699999809265137	1
control_7f9cd2afc3f55e6352d3d650200346bb345928e76663cdf444d9808b616f10bc	parent_control	7f9cd2afc3f55e6352d3d650200346bb345928e76663cdf444d9808b616f10bc	556	PF13637.13	Ank_4	Ankyrin repeats (many copies)	50	1	47	0.94	13	59	13	62	0.08453237410071943	37.77523422241211	36.549476623535156	6.374971508210501e-11	1.550730655507759e-10	3.893047670730776e-12	22.700000762939453	22.700000762939453	1
control_7f9cd2afc3f55e6352d3d650200346bb345928e76663cdf444d9808b616f10bc	parent_control	7f9cd2afc3f55e6352d3d650200346bb345928e76663cdf444d9808b616f10bc	556	PF11904.14	ANKRD13_C	ANKRD13 C-terminal	332	1	332	1.0	124	436	124	436	0.5629496402877698	317.313232421875	316.89862060546875	5.27554147891751e-96	7.053421050489514e-96	4.918703661429229e-98	25.0	25.0	1
control_83debbb19e812356307cad4611f6c44e9650480292f836523dcb652f8ff279b4	parent_control	83debbb19e812356307cad4611f6c44e9650480292f836523dcb652f8ff279b4	227	PF07686.24	V-set	Immunoglobulin V-set domain	109	59	108	0.45871559633027525	34	86	12	87	0.23348017621145375	28.91370964050293	28.035823822021484	3.991417349792591e-08	7.480568597025279e-08	1.5649725098379243e-09	26.0	26.0	1
control_83f7a7bba889b9af99ce9dccc202437c9965d1b47f848d2652782aad283dbd3d	parent_control	83f7a7bba889b9af99ce9dccc202437c9965d1b47f848d2652782aad283dbd3d	1111	PF13181.13	TPR_8	Tetratricopeptide repeat	34	2	31	0.8823529411764706	145	174	144	175	0.027002700270027002	42.035037994384766	17.86989974975586	1.7449817716662207e-12	9.866990364170718e-05	1.3761492837058186e-06	25.700000762939453	11.800000190734863	2
control_83f7a7bba889b9af99ce9dccc202437c9965d1b47f848d2652782aad283dbd3d	parent_control	83f7a7bba889b9af99ce9dccc202437c9965d1b47f848d2652782aad283dbd3d	1111	PF13432.13	TPR_16	Tetratricopeptide repeat	65	4	57	0.8307692307692308	264	318	261	323	0.04950495049504951	35.69670867919922	15.888225555419922	3.401187590563291e-10	0.0005363600341330698	6.732552729703805e-06	32.70000076293945	15.5	4
control_83f7a7bba889b9af99ce9dccc202437c9965d1b47f848d2652782aad283dbd3d	parent_control	83f7a7bba889b9af99ce9dccc202437c9965d1b47f848d2652782aad283dbd3d	1111	PF02373.29	JmjC	JmjC domain, hydroxylase	114	1	114	1.0	844	952	844	952	0.09810981098109811	106.24586486816406	106.24586486816406	4.887712212093185e-32	4.887712212093185e-32	2.7267571615582622e-34	24.0	24.0	2
control_83f7a7bba889b9af99ce9dccc202437c9965d1b47f848d2652782aad283dbd3d	parent_control	83f7a7bba889b9af99ce9dccc202437c9965d1b47f848d2652782aad283dbd3d	1111	PF21322.3	KDM6_C-hel	Lysine-specific demethylase 6/UTY, C-terminal helical domain	56	1	56	1.0	959	1014	959	1014	0.050405040504050404	105.19564819335938	104.17276000976562	3.851640218512256e-32	8.036605774658796e-32	4.483462077912857e-34	26.799999237060547	26.799999237060547	1
control_83f7a7bba889b9af99ce9dccc202437c9965d1b47f848d2652782aad283dbd3d	parent_control	83f7a7bba889b9af99ce9dccc202437c9965d1b47f848d2652782aad283dbd3d	1111	PF21326.5	KDM6_GATAL	KDM6, GATA-like	59	1	59	1.0	1031	1091	1031	1091	0.05490549054905491	97.65597534179688	96.28376007080078	1.0540923675405661e-29	2.827051269915899e-29	1.577155520176234e-31	27.0	27.0	1
control_841b185429143bed863115afb560a3eadc04dd2ff5645f1b6732b70c33963d46	parent_control	841b185429143bed863115afb560a3eadc04dd2ff5645f1b6732b70c33963d46	244	PF14560.13	Ubiquitin_2	Ubiquitin-like domain	86	1	83	0.9651162790697675	10	91	10	94	0.3360655737704918	100.09064483642578	99.19747924804688	2.87819555781855e-30	5.4677993093850216e-30	2.2877821378180008e-32	23.100000381469727	13.0	1
control_841b185429143bed863115afb560a3eadc04dd2ff5645f1b6732b70c33963d46	parent_control	841b185429143bed863115afb560a3eadc04dd2ff5645f1b6732b70c33963d46	244	PF01302.32	CAP_GLY	CAP-Gly domain	65	1	65	1.0	161	229	161	229	0.2827868852459016	92.62390899658203	92.02114868164062	4.038096114877344e-28	6.228001613366348e-28	2.6058584156344553e-30	26.5	26.5	1
control_8500b17b3f5cc9f4deaed97ff0ad19025d5d94095c67bb9c969910558b69f1f8	parent_control	8500b17b3f5cc9f4deaed97ff0ad19025d5d94095c67bb9c969910558b69f1f8	559	PF11934.14	DUF3452	Domain of unknown function (DUF3452)	135	9	132	0.9185185185185185	109	220	103	222	0.2003577817531306	46.67512130737305	45.28670883178711	9.521158024792776e-14	2.555954844485796e-13	1.0694371734250193e-15	26.299999237060547	26.299999237060547	1
control_8500b17b3f5cc9f4deaed97ff0ad19025d5d94095c67bb9c969910558b69f1f8	parent_control	8500b17b3f5cc9f4deaed97ff0ad19025d5d94095c67bb9c969910558b69f1f8	559	PF01858.23	RB_A	Retinoblastoma-associated protein A domain	196	1	186	0.9489795918367347	367	557	367	559	0.3416815742397138	214.1621551513672	213.86668395996094	6.320586186846742e-65	7.785760080321617e-65	3.257640200971388e-67	25.0	25.0	2
control_8510b2203494ec5fb2c91b949370cbdffedc527fa94b526f48cb22ac3cdcf744	parent_control	8510b2203494ec5fb2c91b949370cbdffedc527fa94b526f48cb22ac3cdcf744	297	PF00248.28	Aldo_ket_red	Aldo/keto reductase family	290	22	289	0.9241379310344827	2	265	1	266	0.8888888888888888	202.18572998046875	201.68528747558594	3.587830464046833e-61	5.096928718225819e-61	6.397818474760443e-63	24.0	24.0	1
control_85c1b2645e2966cfacf564c3cb0de52abcb8dd0577029d4dbd018e2363abd3dd	parent_control	85c1b2645e2966cfacf564c3cb0de52abcb8dd0577029d4dbd018e2363abd3dd	269	PF06762.21	LMF1	Lipase maturation factor transmembrane domain	279	192	277	0.30824372759856633	1	85	1	87	0.3159851301115242	112.08441162109375	111.46324157714844	1.5946313057517666e-33	2.466109506808787e-33	2.751586618475634e-35	27.0	27.0	1
control_85c1b2645e2966cfacf564c3cb0de52abcb8dd0577029d4dbd018e2363abd3dd	parent_control	85c1b2645e2966cfacf564c3cb0de52abcb8dd0577029d4dbd018e2363abd3dd	269	PF25179.2	LMF1_C	Lipase maturation factor C-terminal domain	139	1	105	0.7553956834532374	161	269	161	269	0.4052044609665427	130.99668884277344	130.46774291992188	1.1790961336998776e-39	1.717147949867253e-39	1.6764345396193542e-41	34.20000076293945	34.20000076293945	1
control_85c505e06439e105e2c7cd5f75806c9582322af6abbf25c1c56fa74276f42036	parent_control	85c505e06439e105e2c7cd5f75806c9582322af6abbf25c1c56fa74276f42036	252	PF00046.36	Homeodomain	Homeodomain	57	1	54	0.9473684210526315	16	72	16	73	0.2261904761904762	30.224023818969727	29.54114532470703	1.1317944882927372e-08	1.8492756850960107e-08	7.737555167765736e-11	22.899999618530273	22.899999618530273	1
control_85c505e06439e105e2c7cd5f75806c9582322af6abbf25c1c56fa74276f42036	parent_control	85c505e06439e105e2c7cd5f75806c9582322af6abbf25c1c56fa74276f42036	252	PF05920.18	Homeobox_KN	Homeobox KN domain	40	1	40	1.0	33	72	33	72	0.15873015873015872	71.32551574707031	70.43531799316406	1.658310718708303e-21	3.1464628129199343e-21	1.755348849606658e-23	24.0	24.0	1
control_866c4e59f80368fe76915513f681f3ce4bd6cc3cfeed64e4429c8a13de2bd05f	parent_control	866c4e59f80368fe76915513f681f3ce4bd6cc3cfeed64e4429c8a13de2bd05f	206	PF04201.21	TPD52	Tumour protein D52 family	108	1	81	0.75	41	121	41	123	0.3932038834951456	186.46640014648438	114.04991149902344	4.4791244511868723e-57	1.4465398677454828e-34	3.833229775057765e-36	25.0	25.0	1
control_866c4e59f80368fe76915513f681f3ce4bd6cc3cfeed64e4429c8a13de2bd05f	parent_control	866c4e59f80368fe76915513f681f3ce4bd6cc3cfeed64e4429c8a13de2bd05f	206	PF04201.21	TPD52	Tumour protein D52 family	108	58	108	0.4722222222222222	118	168	113	168	0.24757281553398058	186.46640014648438	78.87813568115234	4.4791244511868723e-57	1.2380400225652515e-23	3.2807197250683095e-25	25.0	25.0	2
control_86e0b6b0047834266a28c887ac80f3e9b8d36ce2db84bfbbdd52ea5092504dad	parent_control	86e0b6b0047834266a28c887ac80f3e9b8d36ce2db84bfbbdd52ea5092504dad	61	PF00261.26	Tropomyosin	Tropomyosin	242	85	145	0.25206611570247933	1	61	1	61	1.0	73.4840087890625	73.37911224365234	6.785768008916427e-22	7.305246792975673e-22	1.3245217337333854e-23	38.599998474121094	38.599998474121094	1
control_87d5a2f784f87fbadcaa1a4476b0758ccda748ecc1d3ef8c5e93869abd5b16c0	parent_control	87d5a2f784f87fbadcaa1a4476b0758ccda748ecc1d3ef8c5e93869abd5b16c0	585	PF04146.22	YTH	YT521-B-like domain	135	2	134	0.9851851851851852	417	550	416	551	0.22905982905982905	166.1613006591797	165.59317016601562	1.2489848527553263e-50	1.8708575108312164e-50	7.827855693854462e-53	22.100000381469727	22.100000381469727	1
control_884b608ab8bc2f93536794469c5b9df7029d5d48c8f02aacd12040c052ecf957	parent_control	884b608ab8bc2f93536794469c5b9df7029d5d48c8f02aacd12040c052ecf957	658	PF05279.17	Asp-B-Hydro_N	Aspartyl beta-hydroxylase N-terminal region	66	17	66	0.7575757575757576	1	50	1	50	0.07598784194528875	103.86829376220703	102.93578338623047	1.260326424457878e-31	2.4637333965951195e-31	7.559572486065918e-33	23.0	23.0	1
control_884b608ab8bc2f93536794469c5b9df7029d5d48c8f02aacd12040c052ecf957	parent_control	884b608ab8bc2f93536794469c5b9df7029d5d48c8f02aacd12040c052ecf957	658	PF13432.13	TPR_16	Tetratricopeptide repeat	65	1	61	0.9384615384615385	245	305	245	312	0.09270516717325228	39.107635498046875	28.956920623779297	2.9133615393604666e-11	4.369439207961218e-08	5.484651725474332e-10	32.70000076293945	15.5	1
control_884b608ab8bc2f93536794469c5b9df7029d5d48c8f02aacd12040c052ecf957	parent_control	884b608ab8bc2f93536794469c5b9df7029d5d48c8f02aacd12040c052ecf957	658	PF13174.13	TPR_6	Tetratricopeptide repeat	33	10	33	0.7272727272727273	251	274	243	274	0.0364741641337386	36.6827507019043	17.44756507873535	1.4266967718028303e-10	0.00019471440431317294	1.0862728274096119e-06	26.299999237060547	12.199999809265137	1
control_884b608ab8bc2f93536794469c5b9df7029d5d48c8f02aacd12040c052ecf957	parent_control	884b608ab8bc2f93536794469c5b9df7029d5d48c8f02aacd12040c052ecf957	658	PF13181.13	TPR_8	Tetratricopeptide repeat	34	11	34	0.7058823529411765	364	387	356	387	0.0364741641337386	27.16815757751465	13.234984397888184	1.0261714284549988e-07	0.0030276610812123936	4.222679332234859e-05	25.700000762939453	11.800000190734863	3
control_884b608ab8bc2f93536794469c5b9df7029d5d48c8f02aacd12040c052ecf957	parent_control	884b608ab8bc2f93536794469c5b9df7029d5d48c8f02aacd12040c052ecf957	658	PF05118.22	Asp_Arg_Hydrox	Aspartyl/Asparaginyl beta-hydroxylase	157	1	157	1.0	491	645	491	645	0.23556231003039513	191.66323852539062	190.7000274658203	2.8185184510727778e-58	5.577995089403433e-58	2.3338891587462062e-60	22.600000381469727	22.600000381469727	1
control_89ee57b4552c37aae39e88dd00c1317d581a59614f4280d9ad96bc6052390328	parent_control	89ee57b4552c37aae39e88dd00c1317d581a59614f4280d9ad96bc6052390328	4545	PF00057.24	Ldl_recept_a	Low-density lipoprotein receptor domain class A	37	1	35	0.9459459459459459	26	63	26	65	0.008360836083608362	964.556640625	41.63896560668945	1.5403733306014992e-300	4.057689429579017e-12	1.697778004007957e-14	24.100000381469727	24.100000381469727	1
control_89ee57b4552c37aae39e88dd00c1317d581a59614f4280d9ad96bc6052390328	parent_control	89ee57b4552c37aae39e88dd00c1317d581a59614f4280d9ad96bc6052390328	4545	PF00057.24	Ldl_recept_a	Low-density lipoprotein receptor domain class A	37	2	37	0.972972972972973	72	109	71	109	0.008360836083608362	964.556640625	39.363407135009766	1.5403733306014992e-300	2.0864727598659853e-11	8.730011547556423e-14	24.100000381469727	24.100000381469727	2
control_89ee57b4552c37aae39e88dd00c1317d581a59614f4280d9ad96bc6052390328	parent_control	89ee57b4552c37aae39e88dd00c1317d581a59614f4280d9ad96bc6052390328	4545	PF07645.22	EGF_CA	Calcium-binding EGF domain	43	1	43	1.0	151	189	151	189	0.008580858085808581	42.325172424316406	26.788719177246094	2.51673932311458e-12	1.7982381741233088e-07	7.524009096750247e-10	27.0	16.299999237060547	4
control_89ee57b4552c37aae39e88dd00c1317d581a59614f4280d9ad96bc6052390328	parent_control	89ee57b4552c37aae39e88dd00c1317d581a59614f4280d9ad96bc6052390328	4545	PF00058.24	Ldl_recept_b	Low-density lipoprotein receptor repeat class B	42	1	42	1.0	615	658	615	658	0.009680968096809682	654.2556762695312	21.392566680908203	1.922830621444011e-203	1.0370065821862659e-05	2.892626449613015e-08	21.0	21.0	5
control_89ee57b4552c37aae39e88dd00c1317d581a59614f4280d9ad96bc6052390328	parent_control	89ee57b4552c37aae39e88dd00c1317d581a59614f4280d9ad96bc6052390328	4545	PF00058.24	Ldl_recept_b	Low-density lipoprotein receptor repeat class B	42	3	42	0.9523809523809523	663	709	661	709	0.010341034103410342	654.2556762695312	23.219009399414062	1.922830621444011e-203	2.786939164994838e-06	7.773888884225489e-09	21.0	21.0	6
control_89ee57b4552c37aae39e88dd00c1317d581a59614f4280d9ad96bc6052390328	parent_control	89ee57b4552c37aae39e88dd00c1317d581a59614f4280d9ad96bc6052390328	4545	PF14670.13	FXa_inhibition	Coagulation Factor Xa inhibitory site	36	1	36	1.0	808	843	808	843	0.007920792079207921	223.31776428222656	44.30072021484375	6.449575934789203e-69	5.72753433050501e-13	2.396457878872389e-15	33.400001525878906	33.400001525878906	4
control_89ee57b4552c37aae39e88dd00c1317d581a59614f4280d9ad96bc6052390328	parent_control	89ee57b4552c37aae39e88dd00c1317d581a59614f4280d9ad96bc6052390328	4545	PF00057.24	Ldl_recept_a	Low-density lipoprotein receptor domain class A	37	2	35	0.918918918918919	854	887	853	891	0.007480748074807481	964.556640625	45.624755859375	1.5403733306014992e-300	2.305053461233373e-13	9.644575151604073e-16	24.100000381469727	24.100000381469727	3
control_89ee57b4552c37aae39e88dd00c1317d581a59614f4280d9ad96bc6052390328	parent_control	89ee57b4552c37aae39e88dd00c1317d581a59614f4280d9ad96bc6052390328	4545	PF00057.24	Ldl_recept_a	Low-density lipoprotein receptor domain class A	37	2	37	0.972972972972973	895	932	894	932	0.008360836083608362	964.556640625	38.63149642944336	1.5403733306014992e-300	3.532985510432739e-11	1.4782366152438236e-13	24.100000381469727	24.100000381469727	4
control_89ee57b4552c37aae39e88dd00c1317d581a59614f4280d9ad96bc6052390328	parent_control	89ee57b4552c37aae39e88dd00c1317d581a59614f4280d9ad96bc6052390328	4545	PF00057.24	Ldl_recept_a	Low-density lipoprotein receptor domain class A	37	1	37	1.0	935	972	935	972	0.008360836083608362	964.556640625	44.36207962036133	1.5403733306014992e-300	5.718465105157765e-13	2.392663223915383e-15	24.100000381469727	24.100000381469727	5
control_89ee57b4552c37aae39e88dd00c1317d581a59614f4280d9ad96bc6052390328	parent_control	89ee57b4552c37aae39e88dd00c1317d581a59614f4280d9ad96bc6052390328	4545	PF00057.24	Ldl_recept_a	Low-density lipoprotein receptor domain class A	37	5	37	0.8918918918918919	980	1012	975	1012	0.007260726072607261	964.556640625	41.85933303833008	1.5403733306014992e-300	3.462676033804378e-12	1.4488184241859322e-14	24.100000381469727	24.100000381469727	6
control_89ee57b4552c37aae39e88dd00c1317d581a59614f4280d9ad96bc6052390328	parent_control	89ee57b4552c37aae39e88dd00c1317d581a59614f4280d9ad96bc6052390328	4545	PF00057.24	Ldl_recept_a	Low-density lipoprotein receptor domain class A	37	2	37	0.972972972972973	1015	1052	1014	1052	0.008360836083608362	964.556640625	46.20561218261719	1.5403733306014992e-300	1.5176017302881444e-13	6.349798034678428e-16	24.100000381469727	24.100000381469727	7
control_89ee57b4552c37aae39e88dd00c1317d581a59614f4280d9ad96bc6052390328	parent_control	89ee57b4552c37aae39e88dd00c1317d581a59614f4280d9ad96bc6052390328	4545	PF00057.24	Ldl_recept_a	Low-density lipoprotein receptor domain class A	37	3	37	0.9459459459459459	1063	1098	1061	1098	0.007920792079207921	964.556640625	40.02470016479492	1.5403733306014992e-300	1.2964395905929805e-11	5.424433433443433e-14	24.100000381469727	24.100000381469727	8
control_89ee57b4552c37aae39e88dd00c1317d581a59614f4280d9ad96bc6052390328	parent_control	89ee57b4552c37aae39e88dd00c1317d581a59614f4280d9ad96bc6052390328	4545	PF00057.24	Ldl_recept_a	Low-density lipoprotein receptor domain class A	37	3	37	0.9459459459459459	1105	1141	1103	1141	0.00814081408140814	964.556640625	35.70541763305664	1.5403733306014992e-300	2.9011463120280596e-10	1.2138687498025353e-12	24.100000381469727	24.100000381469727	9
control_89ee57b4552c37aae39e88dd00c1317d581a59614f4280d9ad96bc6052390328	parent_control	89ee57b4552c37aae39e88dd00c1317d581a59614f4280d9ad96bc6052390328	4545	PF14670.13	FXa_inhibition	Coagulation Factor Xa inhibitory site	36	1	36	1.0	1186	1222	1186	1222	0.00814081408140814	223.31776428222656	40.68901443481445	6.449575934789203e-69	7.704402182748211e-12	3.2235992396436026e-14	33.400001525878906	33.400001525878906	6
control_89ee57b4552c37aae39e88dd00c1317d581a59614f4280d9ad96bc6052390328	parent_control	89ee57b4552c37aae39e88dd00c1317d581a59614f4280d9ad96bc6052390328	4545	PF00058.24	Ldl_recept_b	Low-density lipoprotein receptor repeat class B	42	1	42	1.0	1357	1397	1357	1397	0.009020902090209022	654.2556762695312	36.65830993652344	1.922830621444011e-203	1.7625867726417298e-10	4.916560035262844e-13	21.0	21.0	10
control_89ee57b4552c37aae39e88dd00c1317d581a59614f4280d9ad96bc6052390328	parent_control	89ee57b4552c37aae39e88dd00c1317d581a59614f4280d9ad96bc6052390328	4545	PF00058.24	Ldl_recept_b	Low-density lipoprotein receptor repeat class B	42	3	42	0.9523809523809523	1402	1444	1400	1444	0.00946094609460946	654.2556762695312	26.922290802001953	1.922830621444011e-203	1.9412153537267867e-07	5.414826649168164e-10	21.0	21.0	11
control_89ee57b4552c37aae39e88dd00c1317d581a59614f4280d9ad96bc6052390328	parent_control	89ee57b4552c37aae39e88dd00c1317d581a59614f4280d9ad96bc6052390328	4545	PF00058.24	Ldl_recept_b	Low-density lipoprotein receptor repeat class B	42	1	42	1.0	1628	1668	1628	1668	0.009020902090209022	654.2556762695312	28.654109954833984	1.922830621444011e-203	5.584494837684365e-08	1.5577391457975915e-10	21.0	21.0	14
control_89ee57b4552c37aae39e88dd00c1317d581a59614f4280d9ad96bc6052390328	parent_control	89ee57b4552c37aae39e88dd00c1317d581a59614f4280d9ad96bc6052390328	4545	PF00058.24	Ldl_recept_b	Low-density lipoprotein receptor repeat class B	42	1	42	1.0	1978	2018	1978	2018	0.009020902090209022	654.2556762695312	32.699668884277344	1.922830621444011e-203	3.040807188187781e-09	8.482028418933839e-12	21.0	21.0	19
control_89ee57b4552c37aae39e88dd00c1317d581a59614f4280d9ad96bc6052390328	parent_control	89ee57b4552c37aae39e88dd00c1317d581a59614f4280d9ad96bc6052390328	4545	PF00058.24	Ldl_recept_b	Low-density lipoprotein receptor repeat class B	42	1	42	1.0	2021	2062	2021	2062	0.009240924092409241	654.2556762695312	33.107444763183594	1.922830621444011e-203	2.267688143064302e-09	6.325489938812558e-12	21.0	21.0	20
control_89ee57b4552c37aae39e88dd00c1317d581a59614f4280d9ad96bc6052390328	parent_control	89ee57b4552c37aae39e88dd00c1317d581a59614f4280d9ad96bc6052390328	4545	PF00058.24	Ldl_recept_b	Low-density lipoprotein receptor repeat class B	42	1	42	1.0	2345	2387	2345	2387	0.00946094609460946	654.2556762695312	42.22493362426758	1.922830621444011e-203	3.2130227853767974e-12	8.962406653770704e-15	21.0	21.0	24
control_89ee57b4552c37aae39e88dd00c1317d581a59614f4280d9ad96bc6052390328	parent_control	89ee57b4552c37aae39e88dd00c1317d581a59614f4280d9ad96bc6052390328	4545	PF00058.24	Ldl_recept_b	Low-density lipoprotein receptor repeat class B	42	2	41	0.9523809523809523	2391	2429	2390	2429	0.008580858085808581	654.2556762695312	23.260419845581055	1.922830621444011e-203	2.7051366167547614e-06	7.545708833346615e-09	21.0	21.0	25
control_89ee57b4552c37aae39e88dd00c1317d581a59614f4280d9ad96bc6052390328	parent_control	89ee57b4552c37aae39e88dd00c1317d581a59614f4280d9ad96bc6052390328	4545	PF00057.24	Ldl_recept_a	Low-density lipoprotein receptor domain class A	37	2	35	0.918918918918919	2524	2558	2523	2562	0.007700770077007701	964.556640625	31.350828170776367	1.5403733306014992e-300	6.659179694685096e-09	2.7862676546799564e-11	24.100000381469727	24.100000381469727	11
control_89ee57b4552c37aae39e88dd00c1317d581a59614f4280d9ad96bc6052390328	parent_control	89ee57b4552c37aae39e88dd00c1317d581a59614f4280d9ad96bc6052390328	4545	PF00057.24	Ldl_recept_a	Low-density lipoprotein receptor domain class A	37	2	37	0.972972972972973	2566	2601	2565	2601	0.007920792079207921	964.556640625	31.439857482910156	1.5403733306014992e-300	6.245945892309528e-09	2.613366482137878e-11	24.100000381469727	24.100000381469727	12
control_89ee57b4552c37aae39e88dd00c1317d581a59614f4280d9ad96bc6052390328	parent_control	89ee57b4552c37aae39e88dd00c1317d581a59614f4280d9ad96bc6052390328	4545	PF00057.24	Ldl_recept_a	Low-density lipoprotein receptor domain class A	37	2	37	0.972972972972973	2605	2640	2604	2640	0.007920792079207921	964.556640625	35.02863693237305	1.5403733306014992e-300	4.721392569037335e-10	1.9754780623587178e-12	24.100000381469727	24.100000381469727	13
control_89ee57b4552c37aae39e88dd00c1317d581a59614f4280d9ad96bc6052390328	parent_control	89ee57b4552c37aae39e88dd00c1317d581a59614f4280d9ad96bc6052390328	4545	PF00057.24	Ldl_recept_a	Low-density lipoprotein receptor domain class A	37	10	37	0.7567567567567568	2661	2689	2658	2689	0.00638063806380638	964.556640625	27.565122604370117	1.5403733306014992e-300	1.0150563349233139e-07	4.247097635662401e-10	24.100000381469727	24.100000381469727	14
control_89ee57b4552c37aae39e88dd00c1317d581a59614f4280d9ad96bc6052390328	parent_control	89ee57b4552c37aae39e88dd00c1317d581a59614f4280d9ad96bc6052390328	4545	PF00057.24	Ldl_recept_a	Low-density lipoprotein receptor domain class A	37	2	37	0.972972972972973	2696	2731	2695	2731	0.007920792079207921	964.556640625	41.17585372924805	1.5403733306014992e-300	5.662467480876879e-12	2.3692332555970203e-14	24.100000381469727	24.100000381469727	15
control_89ee57b4552c37aae39e88dd00c1317d581a59614f4280d9ad96bc6052390328	parent_control	89ee57b4552c37aae39e88dd00c1317d581a59614f4280d9ad96bc6052390328	4545	PF00057.24	Ldl_recept_a	Low-density lipoprotein receptor domain class A	37	3	37	0.9459459459459459	2735	2770	2733	2770	0.007920792079207921	964.556640625	41.864341735839844	1.5403733306014992e-300	3.4502184634638986e-12	1.4436060516585348e-14	24.100000381469727	24.100000381469727	16
control_89ee57b4552c37aae39e88dd00c1317d581a59614f4280d9ad96bc6052390328	parent_control	89ee57b4552c37aae39e88dd00c1317d581a59614f4280d9ad96bc6052390328	4545	PF00057.24	Ldl_recept_a	Low-density lipoprotein receptor domain class A	37	1	37	1.0	2773	2813	2773	2813	0.009020902090209022	964.556640625	38.63962173461914	1.5403733306014992e-300	3.512389096129093e-11	1.4696188686732605e-13	24.100000381469727	24.100000381469727	17
control_89ee57b4552c37aae39e88dd00c1317d581a59614f4280d9ad96bc6052390328	parent_control	89ee57b4552c37aae39e88dd00c1317d581a59614f4280d9ad96bc6052390328	4545	PF00057.24	Ldl_recept_a	Low-density lipoprotein receptor domain class A	37	1	37	1.0	2817	2854	2817	2854	0.008360836083608362	964.556640625	37.91802978515625	1.5403733306014992e-300	5.903465735566425e-11	2.4700693454252823e-13	24.100000381469727	24.100000381469727	18
control_89ee57b4552c37aae39e88dd00c1317d581a59614f4280d9ad96bc6052390328	parent_control	89ee57b4552c37aae39e88dd00c1317d581a59614f4280d9ad96bc6052390328	4545	PF00057.24	Ldl_recept_a	Low-density lipoprotein receptor domain class A	37	2	35	0.918918918918919	2858	2892	2857	2898	0.007700770077007701	964.556640625	41.343482971191406	1.5403733306014992e-300	5.019032062492273e-12	2.1000134152687335e-14	24.100000381469727	24.100000381469727	19
control_89ee57b4552c37aae39e88dd00c1317d581a59614f4280d9ad96bc6052390328	parent_control	89ee57b4552c37aae39e88dd00c1317d581a59614f4280d9ad96bc6052390328	4545	PF00057.24	Ldl_recept_a	Low-density lipoprotein receptor domain class A	37	2	37	0.972972972972973	2904	2940	2903	2940	0.00814081408140814	964.556640625	36.713356018066406	1.5403733306014992e-300	1.4046857905807164e-10	5.877346404103417e-13	24.100000381469727	24.100000381469727	20
control_89ee57b4552c37aae39e88dd00c1317d581a59614f4280d9ad96bc6052390328	parent_control	89ee57b4552c37aae39e88dd00c1317d581a59614f4280d9ad96bc6052390328	4545	PF07645.22	EGF_CA	Calcium-binding EGF domain	43	2	43	0.9767441860465116	2942	2981	2941	2981	0.0088008800880088	42.325172424316406	17.43603515625	2.51673932311458e-12	0.00015027236663555694	6.28754672115301e-07	27.0	16.299999237060547	25
control_89ee57b4552c37aae39e88dd00c1317d581a59614f4280d9ad96bc6052390328	parent_control	89ee57b4552c37aae39e88dd00c1317d581a59614f4280d9ad96bc6052390328	4545	PF12662.14	cEGF	Complement Clr-like EGF-like	24	1	24	1.0	2963	2986	2963	2986	0.005280528052805281	91.36219024658203	32.47928237915039	8.60621987277184e-28	2.249794303253248e-09	9.413365285578444e-12	26.600000381469727	26.600000381469727	8
control_89ee57b4552c37aae39e88dd00c1317d581a59614f4280d9ad96bc6052390328	parent_control	89ee57b4552c37aae39e88dd00c1317d581a59614f4280d9ad96bc6052390328	4545	PF07645.22	EGF_CA	Calcium-binding EGF domain	43	1	43	1.0	2983	3022	2983	3022	0.0088008800880088	42.325172424316406	31.852710723876953	2.51673932311458e-12	4.706727305488466e-09	1.969341968823626e-11	27.0	16.299999237060547	26
control_89ee57b4552c37aae39e88dd00c1317d581a59614f4280d9ad96bc6052390328	parent_control	89ee57b4552c37aae39e88dd00c1317d581a59614f4280d9ad96bc6052390328	4545	PF16472.13	LRP1-like_beta_prop	LRP1, beta-propeller domain	272	104	267	0.6029411764705882	3040	3221	3026	3225	0.04004400440044004	86.57421875	25.927154541015625	5.35314061477252e-26	1.6644195595191092e-07	2.3213661917979208e-10	25.899999618530273	25.899999618530273	8
control_89ee57b4552c37aae39e88dd00c1317d581a59614f4280d9ad96bc6052390328	parent_control	89ee57b4552c37aae39e88dd00c1317d581a59614f4280d9ad96bc6052390328	4545	PF00058.24	Ldl_recept_b	Low-density lipoprotein receptor repeat class B	42	3	42	0.9523809523809523	3072	3112	3070	3112	0.009020902090209022	654.2556762695312	25.935110092163086	1.922830621444011e-203	3.9491951939992374e-07	1.101588617573009e-09	21.0	21.0	28
control_89ee57b4552c37aae39e88dd00c1317d581a59614f4280d9ad96bc6052390328	parent_control	89ee57b4552c37aae39e88dd00c1317d581a59614f4280d9ad96bc6052390328	4545	PF00058.24	Ldl_recept_b	Low-density lipoprotein receptor repeat class B	42	1	41	0.9761904761904762	3115	3154	3115	3155	0.0088008800880088	654.2556762695312	25.14139175415039	1.922830621444011e-203	6.990336316817486e-07	1.94988460720153e-09	21.0	21.0	29
control_89ee57b4552c37aae39e88dd00c1317d581a59614f4280d9ad96bc6052390328	parent_control	89ee57b4552c37aae39e88dd00c1317d581a59614f4280d9ad96bc6052390328	4545	PF00058.24	Ldl_recept_b	Low-density lipoprotein receptor repeat class B	42	1	42	1.0	3158	3199	3158	3199	0.009240924092409241	654.2556762695312	37.425148010253906	1.922830621444011e-203	1.015218467316381e-10	2.831850675917381e-13	21.0	21.0	30
control_89ee57b4552c37aae39e88dd00c1317d581a59614f4280d9ad96bc6052390328	parent_control	89ee57b4552c37aae39e88dd00c1317d581a59614f4280d9ad96bc6052390328	4545	PF00058.24	Ldl_recept_b	Low-density lipoprotein receptor repeat class B	42	2	41	0.9523809523809523	3203	3241	3202	3242	0.008580858085808581	654.2556762695312	30.60367202758789	1.922830621444011e-203	1.3736068278935186e-08	3.8315392688801076e-11	21.0	21.0	31
control_89ee57b4552c37aae39e88dd00c1317d581a59614f4280d9ad96bc6052390328	parent_control	89ee57b4552c37aae39e88dd00c1317d581a59614f4280d9ad96bc6052390328	4545	PF14670.13	FXa_inhibition	Coagulation Factor Xa inhibitory site	36	1	36	1.0	3295	3331	3295	3331	0.00814081408140814	223.31776428222656	38.36564636230469	6.449575934789203e-69	4.100759323757062e-11	1.71579888023308e-13	33.400001525878906	33.400001525878906	16
control_89ee57b4552c37aae39e88dd00c1317d581a59614f4280d9ad96bc6052390328	parent_control	89ee57b4552c37aae39e88dd00c1317d581a59614f4280d9ad96bc6052390328	4545	PF00057.24	Ldl_recept_a	Low-density lipoprotein receptor domain class A	37	2	37	0.972972972972973	3334	3370	3333	3370	0.00814081408140814	964.556640625	32.69591522216797	1.5403733306014992e-300	2.5296945765419606e-09	1.0584496136158832e-11	24.100000381469727	24.100000381469727	21
control_89ee57b4552c37aae39e88dd00c1317d581a59614f4280d9ad96bc6052390328	parent_control	89ee57b4552c37aae39e88dd00c1317d581a59614f4280d9ad96bc6052390328	4545	PF00057.24	Ldl_recept_a	Low-density lipoprotein receptor domain class A	37	2	37	0.972972972972973	3374	3409	3373	3409	0.007920792079207921	964.556640625	37.642616271972656	1.5403733306014992e-300	7.197412925941948e-11	3.0114698434903546e-13	24.100000381469727	24.100000381469727	22
control_89ee57b4552c37aae39e88dd00c1317d581a59614f4280d9ad96bc6052390328	parent_control	89ee57b4552c37aae39e88dd00c1317d581a59614f4280d9ad96bc6052390328	4545	PF00057.24	Ldl_recept_a	Low-density lipoprotein receptor domain class A	37	3	37	0.9459459459459459	3414	3449	3412	3449	0.007920792079207921	964.556640625	33.586036682128906	1.5403733306014992e-300	1.3332038820765214e-09	5.578258920822265e-12	24.100000381469727	24.100000381469727	23
control_89ee57b4552c37aae39e88dd00c1317d581a59614f4280d9ad96bc6052390328	parent_control	89ee57b4552c37aae39e88dd00c1317d581a59614f4280d9ad96bc6052390328	4545	PF00057.24	Ldl_recept_a	Low-density lipoprotein receptor domain class A	37	2	37	0.972972972972973	3453	3490	3452	3490	0.008360836083608362	964.556640625	47.376365661621094	1.5403733306014992e-300	6.535609374761329e-14	2.7345645919503465e-16	24.100000381469727	24.100000381469727	24
control_89ee57b4552c37aae39e88dd00c1317d581a59614f4280d9ad96bc6052390328	parent_control	89ee57b4552c37aae39e88dd00c1317d581a59614f4280d9ad96bc6052390328	4545	PF00057.24	Ldl_recept_a	Low-density lipoprotein receptor domain class A	37	2	37	0.972972972972973	3494	3532	3493	3532	0.008580858085808581	964.556640625	42.314579010009766	1.5403733306014992e-300	2.4954169174609157e-12	1.0441074968455715e-14	24.100000381469727	24.100000381469727	25
control_89ee57b4552c37aae39e88dd00c1317d581a59614f4280d9ad96bc6052390328	parent_control	89ee57b4552c37aae39e88dd00c1317d581a59614f4280d9ad96bc6052390328	4545	PF00057.24	Ldl_recept_a	Low-density lipoprotein receptor domain class A	37	1	37	1.0	3535	3571	3535	3571	0.00814081408140814	964.556640625	43.85137176513672	1.5403733306014992e-300	8.258108671075852e-13	3.4552755945924066e-15	24.100000381469727	24.100000381469727	26
control_89ee57b4552c37aae39e88dd00c1317d581a59614f4280d9ad96bc6052390328	parent_control	89ee57b4552c37aae39e88dd00c1317d581a59614f4280d9ad96bc6052390328	4545	PF00057.24	Ldl_recept_a	Low-density lipoprotein receptor domain class A	37	2	37	0.972972972972973	3575	3610	3574	3610	0.007920792079207921	964.556640625	47.617862701416016	1.5403733306014992e-300	5.493080185297143e-14	2.2983599101661687e-16	24.100000381469727	24.100000381469727	27
control_89ee57b4552c37aae39e88dd00c1317d581a59614f4280d9ad96bc6052390328	parent_control	89ee57b4552c37aae39e88dd00c1317d581a59614f4280d9ad96bc6052390328	4545	PF00057.24	Ldl_recept_a	Low-density lipoprotein receptor domain class A	37	2	37	0.972972972972973	3613	3648	3612	3648	0.007920792079207921	964.556640625	45.58161926269531	1.5403733306014992e-300	2.3777248896710743e-13	9.948639705736713e-16	24.100000381469727	24.100000381469727	28
control_89ee57b4552c37aae39e88dd00c1317d581a59614f4280d9ad96bc6052390328	parent_control	89ee57b4552c37aae39e88dd00c1317d581a59614f4280d9ad96bc6052390328	4545	PF00057.24	Ldl_recept_a	Low-density lipoprotein receptor domain class A	37	1	37	1.0	3653	3691	3653	3691	0.008580858085808581	964.556640625	35.94084930419922	1.5403733306014992e-300	2.4490348746489335e-10	1.0247007843719387e-12	24.100000381469727	24.100000381469727	29
control_89ee57b4552c37aae39e88dd00c1317d581a59614f4280d9ad96bc6052390328	parent_control	89ee57b4552c37aae39e88dd00c1317d581a59614f4280d9ad96bc6052390328	4545	PF00057.24	Ldl_recept_a	Low-density lipoprotein receptor domain class A	37	2	37	0.972972972972973	3741	3777	3740	3777	0.00814081408140814	964.556640625	29.164508819580078	1.5403733306014992e-300	3.211194165401058e-08	1.3435958851050453e-10	24.100000381469727	24.100000381469727	31
control_89ee57b4552c37aae39e88dd00c1317d581a59614f4280d9ad96bc6052390328	parent_control	89ee57b4552c37aae39e88dd00c1317d581a59614f4280d9ad96bc6052390328	4545	PF07645.22	EGF_CA	Calcium-binding EGF domain	43	1	43	1.0	3825	3861	3825	3861	0.00814081408140814	42.325172424316406	17.815462112426758	2.51673932311458e-12	0.00011437625275560287	4.785617270108907e-07	27.0	16.299999237060547	36
control_89ee57b4552c37aae39e88dd00c1317d581a59614f4280d9ad96bc6052390328	parent_control	89ee57b4552c37aae39e88dd00c1317d581a59614f4280d9ad96bc6052390328	4545	PF00058.24	Ldl_recept_b	Low-density lipoprotein receptor repeat class B	42	1	42	1.0	3971	4011	3971	4011	0.009020902090209022	654.2556762695312	37.44526672363281	1.922830621444011e-203	1.0006302214775577e-10	2.7911582189053214e-13	21.0	21.0	35
control_89ee57b4552c37aae39e88dd00c1317d581a59614f4280d9ad96bc6052390328	parent_control	89ee57b4552c37aae39e88dd00c1317d581a59614f4280d9ad96bc6052390328	4545	PF00058.24	Ldl_recept_b	Low-density lipoprotein receptor repeat class B	42	1	42	1.0	4014	4055	4014	4055	0.009240924092409241	654.2556762695312	52.46516418457031	1.922830621444011e-203	2.02980680606878e-15	5.661943671042621e-18	21.0	21.0	36
control_89ee57b4552c37aae39e88dd00c1317d581a59614f4280d9ad96bc6052390328	parent_control	89ee57b4552c37aae39e88dd00c1317d581a59614f4280d9ad96bc6052390328	4545	PF00008.34	EGF	EGF-like domain	32	5	31	0.84375	4236	4266	4232	4267	0.006820682068206821	23.104787826538086	22.594112396240234	2.614904771498401e-06	3.7783476593150464e-06	5.269662007412896e-09	21.5	21.5	40
control_8a6ac8d4c30467b8d5fd897e18522455d2f8d301e23d5ee40e8132f0dd53d9f1	parent_control	8a6ac8d4c30467b8d5fd897e18522455d2f8d301e23d5ee40e8132f0dd53d9f1	261	PF21002.3	TMEM106_N	Transmembrane protein 106 N-terminal region	91	1	91	1.0	2	92	2	92	0.3486590038314176	142.70103454589844	142.08741760253906	1.613784913883311e-43	2.5078586277853746e-43	3.4977107779433398e-46	24.5	24.5	1
control_8a6ac8d4c30467b8d5fd897e18522455d2f8d301e23d5ee40e8132f0dd53d9f1	parent_control	8a6ac8d4c30467b8d5fd897e18522455d2f8d301e23d5ee40e8132f0dd53d9f1	261	PF07092.19	TMEM106	TM106 protein C-terminal domain	141	1	141	1.0	115	251	115	251	0.524904214559387	204.82049560546875	204.4745635986328	1.900629450165191e-62	2.430140437511333e-62	3.3893172071287767e-65	24.0	24.0	1
control_8aeb327e8d3bd08ecb72ee018f0d9064792c84f3fb00fb02adc4a7dcbc0c3a51	parent_control	8aeb327e8d3bd08ecb72ee018f0d9064792c84f3fb00fb02adc4a7dcbc0c3a51	233	PF22528.2	PRMT_C	Arginine methyltransferase oligomerization subdomain	165	1	165	1.0	56	220	56	220	0.7081545064377682	235.98687744140625	235.69163513183594	7.985143308688592e-72	9.841386092356138e-72	1.2353204300028624e-73	27.0	27.0	1
control_8be670cb97f2bb339e966a0b44f60cb57ccc3d65e57990d25e19545df944c8e1	parent_control	8be670cb97f2bb339e966a0b44f60cb57ccc3d65e57990d25e19545df944c8e1	485	PF02758.23	PYRIN	PAAD/DAPIN/Pyrin domain	76	2	76	0.9868421052631579	9	79	7	79	0.1463917525773196	51.52501678466797	51.52501678466797	3.3802342414076124e-15	3.3802342414076124e-15	1.414323950379754e-17	22.899999618530273	22.899999618530273	1
control_8be670cb97f2bb339e966a0b44f60cb57ccc3d65e57990d25e19545df944c8e1	parent_control	8be670cb97f2bb339e966a0b44f60cb57ccc3d65e57990d25e19545df944c8e1	485	PF02760.22	HIN	HIN-200/IF120x domain	168	1	168	1.0	258	426	258	426	0.34845360824742266	245.2635498046875	245.2635498046875	1.032126322348657e-74	1.032126322348657e-74	1.0076547080112412e-76	22.700000762939453	22.700000762939453	1
control_8de4bce387755aa333d7e92a0f3c3767fd78208e18752575f0ed995a2c5ab538	parent_control	8de4bce387755aa333d7e92a0f3c3767fd78208e18752575f0ed995a2c5ab538	149	PF08718.17	GLTP	Glycolipid transfer protein (GLTP)	147	1	129	0.8775510204081632	18	149	18	149	0.8859060402684564	131.76956176757812	131.5926055908203	8.75302246592418e-40	9.924373600327594e-40	1.6609830293435304e-41	25.600000381469727	25.600000381469727	1
control_8df942826d0b2fdc6a7c758c2eb0880482ec75875734f494c2285e150ede24c4	parent_control	8df942826d0b2fdc6a7c758c2eb0880482ec75875734f494c2285e150ede24c4	208	PF22528.2	PRMT_C	Arginine methyltransferase oligomerization subdomain	165	1	165	1.0	31	195	31	195	0.7932692307692307	236.44708251953125	236.21755981445312	5.764884701771497e-72	6.782009562094636e-72	8.512982713926321e-74	27.0	27.0	1
control_8f9d2be3697a8304961bcdb65f2c09fcc87ff1281f0deb8d09e0d752c5cb8452	parent_control	8f9d2be3697a8304961bcdb65f2c09fcc87ff1281f0deb8d09e0d752c5cb8452	331	PF06762.21	LMF1	Lipase maturation factor transmembrane domain	279	192	277	0.30824372759856633	1	85	1	87	0.256797583081571	111.54218292236328	110.90809631347656	2.3331817168480677e-33	3.64114529610467e-33	4.062644681846215e-35	27.0	27.0	1
control_8f9d2be3697a8304961bcdb65f2c09fcc87ff1281f0deb8d09e0d752c5cb8452	parent_control	8f9d2be3697a8304961bcdb65f2c09fcc87ff1281f0deb8d09e0d752c5cb8452	331	PF25179.2	LMF1_C	Lipase maturation factor C-terminal domain	139	1	139	1.0	161	304	161	304	0.4350453172205438	174.1318817138672	173.62631225585938	5.726979815034483e-53	8.202930577048463e-53	8.008439893910633e-55	34.20000076293945	34.20000076293945	1
control_90723a202b23156d12af3d1dbd1d8b913ed1cbf81c178ccfc4eccbf205b37354	parent_control	90723a202b23156d12af3d1dbd1d8b913ed1cbf81c178ccfc4eccbf205b37354	834	PF01496.25	V_ATPase_I	V-type ATPase 116kDa subunit family	815	1	815	1.0	27	829	27	829	0.9628297362110312	954.8782348632812	954.6781616210938	1.236754762916201e-288	1.4215812484912687e-288	1.3878756958771103e-290	30.700000762939453	30.700000762939453	1
control_909ffa3f7249c7373fb5d1aef31563f75225f95ea4d242beee6cb5ef6ecbdf83	parent_control	909ffa3f7249c7373fb5d1aef31563f75225f95ea4d242beee6cb5ef6ecbdf83	806	PF19252.5	HIND	HIND motif	25	2	23	0.88	116	137	115	139	0.02729528535980149	47.51628112792969	46.288291931152344	3.1642638089047663e-14	7.661781593476604e-14	1.0685887857010607e-16	25.0	10.0	1
control_909ffa3f7249c7373fb5d1aef31563f75225f95ea4d242beee6cb5ef6ecbdf83	parent_control	909ffa3f7249c7373fb5d1aef31563f75225f95ea4d242beee6cb5ef6ecbdf83	806	PF03343.19	SART-1	SART-1 family	585	1	585	1.0	165	759	165	759	0.7382133995037221	433.8174133300781	433.8174133300781	4.292181150166943e-131	4.292181150166943e-131	1.7958916946305202e-133	31.5	31.5	2
control_91224fca4b20ac0df65ec37451c7e215c83ba1b68e29b3aab23a8f45f6b4b02a	parent_control	91224fca4b20ac0df65ec37451c7e215c83ba1b68e29b3aab23a8f45f6b4b02a	135	PF10660.15	MitoNEET_N	Iron-containing outer mitochondrial membrane protein N-terminus	64	2	64	0.984375	4	66	1	66	0.4666666666666667	97.02970886230469	96.6773452758789	1.8306129033524754e-29	2.3583067251440878e-29	6.578261436943062e-32	23.0	23.0	1
control_91224fca4b20ac0df65ec37451c7e215c83ba1b68e29b3aab23a8f45f6b4b02a	parent_control	91224fca4b20ac0df65ec37451c7e215c83ba1b68e29b3aab23a8f45f6b4b02a	135	PF09360.16	zf-CDGSH	Iron-binding zinc finger CDGSH type	48	16	48	0.6875	79	115	70	115	0.2740740740740741	41.2471923828125	40.50563049316406	5.693591031630067e-12	9.70551923421385e-12	1.3536289029586961e-14	29.5	29.5	1
control_919ddaf7b3c2f5e3d819ea19bb18605d0b7dd4933328f18412967b1cac340f44	parent_control	919ddaf7b3c2f5e3d819ea19bb18605d0b7dd4933328f18412967b1cac340f44	245	PF05279.17	Asp-B-Hydro_N	Aspartyl beta-hydroxylase N-terminal region	66	1	66	1.0	52	117	52	117	0.2693877551020408	149.25909423828125	148.50405883789062	8.519290367676446e-46	1.4659191948586455e-45	4.497938952146471e-47	23.0	23.0	1
control_9223c320e908a1aa185b1d7bd83c86fef147d53461e8c7908368e2eef2a1b706	parent_control	9223c320e908a1aa185b1d7bd83c86fef147d53461e8c7908368e2eef2a1b706	512	PF07690.22	MFS_1	Major Facilitator Superfamily	347	18	291	0.7896253602305475	91	376	72	377	0.55859375	125.75618743896484	66.62711334228516	7.227863502193999e-38	6.906110273307128e-20	1.9263905922753494e-22	33.400001525878906	33.400001525878906	2
control_9223c320e908a1aa185b1d7bd83c86fef147d53461e8c7908368e2eef2a1b706	parent_control	9223c320e908a1aa185b1d7bd83c86fef147d53461e8c7908368e2eef2a1b706	512	PF07690.22	MFS_1	Major Facilitator Superfamily	347	12	185	0.5014409221902018	299	480	291	507	0.35546875	125.75618743896484	63.89797592163086	7.227863502193999e-38	4.667898156015806e-19	1.3020636418454131e-21	33.400001525878906	33.400001525878906	3
control_931bbab1eee82c4cbd8a16e6326b38e80807af880644e30948ca0784126f5fb5	parent_control	931bbab1eee82c4cbd8a16e6326b38e80807af880644e30948ca0784126f5fb5	212	PF08477.20	Roc	Ras of Complex, Roc, domain of DAPkinase	119	1	119	1.0	8	122	8	122	0.5424528301886793	117.33960723876953	115.77442932128906	1.6614117218590893e-35	5.076835955711037e-35	1.416132763099313e-36	27.0	27.0	1
control_931bbab1eee82c4cbd8a16e6326b38e80807af880644e30948ca0784126f5fb5	parent_control	931bbab1eee82c4cbd8a16e6326b38e80807af880644e30948ca0784126f5fb5	212	PF00025.28	Arf	ADP-ribosylation factor family	174	16	168	0.8793103448275862	8	161	3	167	0.7264150943396226	50.68898391723633	50.32436752319336	5.559963897003142e-15	7.19539361002706e-15	1.8063749648603502e-16	22.299999237060547	22.299999237060547	1
control_931bbab1eee82c4cbd8a16e6326b38e80807af880644e30948ca0784126f5fb5	parent_control	931bbab1eee82c4cbd8a16e6326b38e80807af880644e30948ca0784126f5fb5	212	PF00071.29	Ras	Ras family	162	1	161	0.9938271604938271	8	168	8	169	0.7594339622641509	218.864013671875	218.58901977539062	1.0780769660892992e-66	1.3098829727957607e-66	4.201856119149581e-68	21.600000381469727	21.600000381469727	1
control_931bbab1eee82c4cbd8a16e6326b38e80807af880644e30948ca0784126f5fb5	parent_control	931bbab1eee82c4cbd8a16e6326b38e80807af880644e30948ca0784126f5fb5	212	PF01926.30	MMR_HSR1	50S ribosome-binding GTPase	113	3	110	0.9557522123893806	10	115	8	120	0.5	25.238046646118164	24.297279357910156	5.284050545623711e-07	1.0351240462954062e-06	1.8767939472580586e-08	21.899999618530273	21.899999618530273	1
control_948b835d1f3d5203e4fb78520b92edc150c3efeeecd9f65cb6960fa6569ed839	parent_control	948b835d1f3d5203e4fb78520b92edc150c3efeeecd9f65cb6960fa6569ed839	371	PF06325.20	PrmA	Ribosomal protein L11 methyltransferase (PrmA)	296	161	232	0.24324324324324326	88	161	79	181	0.19946091644204852	31.461566925048828	30.803491592407227	4.995854453806187e-09	7.926269417080826e-09	4.4219076245918134e-11	22.0	22.0	1
control_948b835d1f3d5203e4fb78520b92edc150c3efeeecd9f65cb6960fa6569ed839	parent_control	948b835d1f3d5203e4fb78520b92edc150c3efeeecd9f65cb6960fa6569ed839	371	PF13847.13	Methyltransf_31	Methyltransferase domain	150	3	81	0.5266666666666666	88	162	86	197	0.20215633423180593	29.684518814086914	28.55207061767578	1.8619643636464338e-08	4.1579138416830494e-08	1.739712904469895e-10	27.0	27.0	1
control_948b835d1f3d5203e4fb78520b92edc150c3efeeecd9f65cb6960fa6569ed839	parent_control	948b835d1f3d5203e4fb78520b92edc150c3efeeecd9f65cb6960fa6569ed839	371	PF13649.13	Methyltransf_25	Methyltransferase domain	97	1	97	1.0	92	189	92	189	0.2641509433962264	38.6829719543457	37.54292678833008	4.905410668930505e-11	1.1125427337075725e-10	6.206654023473208e-13	27.0	27.0	1
control_948b835d1f3d5203e4fb78520b92edc150c3efeeecd9f65cb6960fa6569ed839	parent_control	948b835d1f3d5203e4fb78520b92edc150c3efeeecd9f65cb6960fa6569ed839	371	PF08241.19	Methyltransf_11	Methyltransferase domain	95	1	93	0.9789473684210527	93	191	93	192	0.2668463611859838	33.740108489990234	32.04285430908203	1.642482690230046e-09	5.558979045106154e-09	3.101243539808175e-11	21.200000762939453	21.200000762939453	2
control_948b835d1f3d5203e4fb78520b92edc150c3efeeecd9f65cb6960fa6569ed839	parent_control	948b835d1f3d5203e4fb78520b92edc150c3efeeecd9f65cb6960fa6569ed839	371	PF22528.2	PRMT_C	Arginine methyltransferase oligomerization subdomain	165	1	165	1.0	194	358	194	358	0.444743935309973	233.89613342285156	233.89613342285156	3.5082555494532086e-71	3.5082555494532086e-71	4.4036680537069564e-73	27.0	27.0	2
control_959b280a789737059117bcbc042c9518ca61c0a1cd2d57fb735e686d85b8d9df	parent_control	959b280a789737059117bcbc042c9518ca61c0a1cd2d57fb735e686d85b8d9df	266	PF00777.24	Glyco_transf_29	Glycosyltransferase family 29 (sialyltransferase)	271	6	184	0.6605166051660517	101	263	96	266	0.6127819548872181	134.28590393066406	133.83714294433594	2.007507209576852e-40	2.7510860821464358e-40	1.5347760569854593e-42	23.0	23.0	1
control_96a4d8341e17c57cb31a77df7fe4af9922a31cee43472ca3da5ecf3a8dd693f3	parent_control	96a4d8341e17c57cb31a77df7fe4af9922a31cee43472ca3da5ecf3a8dd693f3	173	PF30864.1	TRIR	Telomerase RNA component interacting RNase	114	1	114	1.0	53	173	53	173	0.6994219653179191	184.7401580810547	184.36834716796875	2.5701098585759287e-56	3.352268519257241e-56	1.4026228114047035e-58	27.0	27.0	1
control_96c09b7ce46b58fe7b0736c03f58a101aaff0950637d8fb687cef32701de3eba	parent_control	96c09b7ce46b58fe7b0736c03f58a101aaff0950637d8fb687cef32701de3eba	536	PF02403.28	Seryl_tRNA_N	Seryl-tRNA synthetase N-terminal domain	108	1	93	0.8611111111111112	2	98	2	112	0.18097014925373134	64.47773742675781	64.47773742675781	3.6017029966953947e-19	3.6017029966953947e-19	1.0046591343641268e-21	28.200000762939453	28.200000762939453	1
control_96c09b7ce46b58fe7b0736c03f58a101aaff0950637d8fb687cef32701de3eba	parent_control	96c09b7ce46b58fe7b0736c03f58a101aaff0950637d8fb687cef32701de3eba	536	PF00587.31	tRNA-synt_2b	tRNA synthetase class II core domain (G, H, P, S and T)	179	5	157	0.8547486033519553	259	421	248	428	0.3041044776119403	175.54811096191406	155.0216064453125	4.01225402385627e-53	8.020298892784453e-47	2.237182396871535e-49	29.299999237060547	29.299999237060547	1
control_971643a7a6b3dc89f0c944f9560776ab9311cea51c0d0191e4ad271d724de080	parent_control	971643a7a6b3dc89f0c944f9560776ab9311cea51c0d0191e4ad271d724de080	309	PF07686.24	V-set	Immunoglobulin V-set domain	109	8	95	0.8073394495412844	30	118	24	133	0.28802588996763756	30.769662857055664	28.998661041259766	1.0577432656037445e-08	3.756021436996863e-08	7.85778543304783e-10	26.0	26.0	1
control_988563bd7d04b9491555c4b18f2cfb0d478c223f130885bcddab93f0bc94d766	parent_control	988563bd7d04b9491555c4b18f2cfb0d478c223f130885bcddab93f0bc94d766	523	PF02225.28	PA	PA domain	95	9	93	0.8947368421052632	72	149	63	151	0.1491395793499044	38.33496856689453	37.34099578857422	4.185191573401345e-11	8.546850601974468e-11	3.576088117980949e-13	23.899999618530273	23.899999618530273	1
control_988563bd7d04b9491555c4b18f2cfb0d478c223f130885bcddab93f0bc94d766	parent_control	988563bd7d04b9491555c4b18f2cfb0d478c223f130885bcddab93f0bc94d766	523	PF04258.19	Peptidase_A22B	Signal peptide peptidase	286	1	285	0.9965034965034965	214	498	214	499	0.5449330783938815	325.69586181640625	325.0329895019531	1.1830224706913407e-98	1.8836100792141984e-98	2.6270712401871665e-101	23.299999237060547	23.299999237060547	1
control_99c415e3dbf3e7ff95ab96803c1c4042a6aef5bf708bb51fba82bf99661a102f	parent_control	99c415e3dbf3e7ff95ab96803c1c4042a6aef5bf708bb51fba82bf99661a102f	491	PF12796.14	Ank_2	Ankyrin repeats (3 copies)	90	4	89	0.9555555555555556	56	145	53	146	0.18329938900203666	110.20533752441406	55.01759719848633	2.1742950446864552e-33	3.5972989599287434e-16	9.030876050030318e-18	27.299999237060547	27.299999237060547	1
control_99c415e3dbf3e7ff95ab96803c1c4042a6aef5bf708bb51fba82bf99661a102f	parent_control	99c415e3dbf3e7ff95ab96803c1c4042a6aef5bf708bb51fba82bf99661a102f	491	PF13606.13	Ank_3	Ankyrin repeat	31	3	30	0.9032258064516129	83	109	81	110	0.054989816700611	87.40654754638672	19.94097328186035	2.3482844574621287e-27	2.6274363914209354e-05	6.596074622814063e-07	22.299999237060547	17.200000762939453	2
control_99c415e3dbf3e7ff95ab96803c1c4042a6aef5bf708bb51fba82bf99661a102f	parent_control	99c415e3dbf3e7ff95ab96803c1c4042a6aef5bf708bb51fba82bf99661a102f	491	PF13637.13	Ank_4	Ankyrin repeats (many copies)	50	1	50	1.0	86	136	86	136	0.10386965376782077	110.77799224853516	39.165992736816406	6.4850907340820854e-34	2.3251571408021887e-11	5.837214579419721e-13	22.700000762939453	22.700000762939453	2
control_99c415e3dbf3e7ff95ab96803c1c4042a6aef5bf708bb51fba82bf99661a102f	parent_control	99c415e3dbf3e7ff95ab96803c1c4042a6aef5bf708bb51fba82bf99661a102f	491	PF13606.13	Ank_3	Ankyrin repeat	31	3	29	0.8709677419354839	117	142	115	144	0.05295315682281059	87.40654754638672	25.627182006835938	2.3482844574621287e-27	3.6407615255298417e-07	9.139987093380357e-09	22.299999237060547	17.200000762939453	3
control_99c415e3dbf3e7ff95ab96803c1c4042a6aef5bf708bb51fba82bf99661a102f	parent_control	99c415e3dbf3e7ff95ab96803c1c4042a6aef5bf708bb51fba82bf99661a102f	491	PF00023.37	Ank	Ankyrin repeat	33	3	32	0.9090909090909091	117	146	116	147	0.06109979633401222	105.63555145263672	32.62949752807617	1.2610934514697363e-32	2.2794190526313373e-09	5.7223909271079596e-11	21.100000381469727	14.699999809265137	3
control_99c415e3dbf3e7ff95ab96803c1c4042a6aef5bf708bb51fba82bf99661a102f	parent_control	99c415e3dbf3e7ff95ab96803c1c4042a6aef5bf708bb51fba82bf99661a102f	491	PF13637.13	Ank_4	Ankyrin repeats (many copies)	50	1	50	1.0	120	169	120	169	0.10183299389002037	110.77799224853516	35.69889450073242	6.4850907340820854e-34	2.873632420208999e-10	7.21413996705188e-12	22.700000762939453	22.700000762939453	3
control_99c415e3dbf3e7ff95ab96803c1c4042a6aef5bf708bb51fba82bf99661a102f	parent_control	99c415e3dbf3e7ff95ab96803c1c4042a6aef5bf708bb51fba82bf99661a102f	491	PF13857.13	Ank_5	Ankyrin repeats (many copies)	56	2	56	0.9821428571428571	203	257	202	257	0.1120162932790224	90.92044830322266	31.24378204345703	1.4573187186894914e-27	7.85209225251016e-09	1.3141576991648802e-10	27.0	27.0	4
control_99c415e3dbf3e7ff95ab96803c1c4042a6aef5bf708bb51fba82bf99661a102f	parent_control	99c415e3dbf3e7ff95ab96803c1c4042a6aef5bf708bb51fba82bf99661a102f	491	PF12796.14	Ank_2	Ankyrin repeats (3 copies)	90	21	80	0.6666666666666666	208	270	195	280	0.12830957230142567	110.20533752441406	30.091840744018555	2.1742950446864552e-33	2.152038649581811e-08	5.402607488489902e-10	27.299999237060547	27.299999237060547	3
control_99c415e3dbf3e7ff95ab96803c1c4042a6aef5bf708bb51fba82bf99661a102f	parent_control	99c415e3dbf3e7ff95ab96803c1c4042a6aef5bf708bb51fba82bf99661a102f	491	PF13606.13	Ank_3	Ankyrin repeat	31	2	30	0.9354838709677419	217	244	216	245	0.05702647657841141	87.40654754638672	18.019805908203125	2.3482844574621287e-27	0.00011153189762148327	2.7999639570246845e-06	22.299999237060547	17.200000762939453	6
control_99c415e3dbf3e7ff95ab96803c1c4042a6aef5bf708bb51fba82bf99661a102f	parent_control	99c415e3dbf3e7ff95ab96803c1c4042a6aef5bf708bb51fba82bf99661a102f	491	PF00023.37	Ank	Ankyrin repeat	33	2	32	0.9393939393939394	217	247	216	248	0.06313645621181263	105.63555145263672	26.66365623474121	1.2610934514697363e-32	1.812694038466954e-07	4.550696330879382e-09	21.100000381469727	14.699999809265137	6
control_99c415e3dbf3e7ff95ab96803c1c4042a6aef5bf708bb51fba82bf99661a102f	parent_control	99c415e3dbf3e7ff95ab96803c1c4042a6aef5bf708bb51fba82bf99661a102f	491	PF13637.13	Ank_4	Ankyrin repeats (many copies)	50	1	41	0.82	221	261	221	270	0.0835030549898167	110.77799224853516	26.843355178833008	6.4850907340820854e-34	1.7681739922187025e-07	4.438930524398416e-09	22.700000762939453	22.700000762939453	6
control_99c415e3dbf3e7ff95ab96803c1c4042a6aef5bf708bb51fba82bf99661a102f	parent_control	99c415e3dbf3e7ff95ab96803c1c4042a6aef5bf708bb51fba82bf99661a102f	491	PF01529.26	DHHC	DHHC palmitoyltransferase	133	4	70	0.5037593984962406	424	490	421	491	0.1364562118126273	75.66788482666016	75.66788482666016	1.3738974392719276e-22	1.3738974392719276e-22	9.580874750850262e-25	28.700000762939453	28.700000762939453	3
control_9a3783a3b27d465af2a7741b0e18cd90343f97791bcac7af7d51d17fe829a318	parent_control	9a3783a3b27d465af2a7741b0e18cd90343f97791bcac7af7d51d17fe829a318	465	PF00853.25	Runt	Runt domain	129	2	129	0.9922480620155039	66	193	65	193	0.2752688172043011	247.06007385253906	246.56353759765625	9.433197027188053e-76	1.343466634214085e-75	1.8737331021116947e-78	27.0	27.0	1
control_9a3783a3b27d465af2a7741b0e18cd90343f97791bcac7af7d51d17fe829a318	parent_control	9a3783a3b27d465af2a7741b0e18cd90343f97791bcac7af7d51d17fe829a318	465	PF08504.17	RunxI	Runx inhibition domain	93	1	93	1.0	375	465	375	465	0.1956989247311828	156.7780303955078	156.7780303955078	5.60008812498237e-48	5.60008812498237e-48	7.81044368895728e-51	27.0	27.0	3
control_9a3810572a63bf2ae10dd92c715b55fcf3ea44815ac4910fcdf3eb88f4ff707c	parent_control	9a3810572a63bf2ae10dd92c715b55fcf3ea44815ac4910fcdf3eb88f4ff707c	498	PF01233.26	NMT	Myristoyl-CoA:protein N-myristoyltransferase, N-terminal domain	160	7	160	0.9625	143	296	139	296	0.3092369477911647	253.7584686279297	253.0541534423828	2.3568861721320822e-77	3.8817468337386745e-77	3.248323710241569e-79	25.0	25.0	1
control_9a3810572a63bf2ae10dd92c715b55fcf3ea44815ac4910fcdf3eb88f4ff707c	parent_control	9a3810572a63bf2ae10dd92c715b55fcf3ea44815ac4910fcdf3eb88f4ff707c	498	PF02799.22	NMT_C	Myristoyl-CoA:protein N-myristoyltransferase, C-terminal domain	204	1	193	0.946078431372549	310	491	310	496	0.3654618473895582	273.9698181152344	273.1570129394531	2.765354266157894e-83	4.905230330135291e-83	4.1047952553433405e-85	27.899999618530273	27.899999618530273	1
control_9a7ffcd32073103f60b4e6a3fe9fc3e3b45b8fcec0350bf845b5293218c01483	parent_control	9a7ffcd32073103f60b4e6a3fe9fc3e3b45b8fcec0350bf845b5293218c01483	339	PF00191.26	Annexin	Annexin	66	2	66	0.9848484848484849	38	102	37	102	0.19174041297935104	311.6011962890625	68.05274200439453	2.00298019465166e-96	2.145213012094031e-20	5.983857774320867e-23	25.0	25.0	1
control_9a7ffcd32073103f60b4e6a3fe9fc3e3b45b8fcec0350bf845b5293218c01483	parent_control	9a7ffcd32073103f60b4e6a3fe9fc3e3b45b8fcec0350bf845b5293218c01483	339	PF00191.26	Annexin	Annexin	66	1	66	1.0	109	174	109	174	0.19469026548672566	311.6011962890625	96.74147033691406	2.00298019465166e-96	2.3744343730426456e-29	6.623247902489946e-32	25.0	25.0	2
control_9a7ffcd32073103f60b4e6a3fe9fc3e3b45b8fcec0350bf845b5293218c01483	parent_control	9a7ffcd32073103f60b4e6a3fe9fc3e3b45b8fcec0350bf845b5293218c01483	339	PF00191.26	Annexin	Annexin	66	1	66	1.0	193	259	193	259	0.1976401179941003	311.6011962890625	65.53752899169922	2.00298019465166e-96	1.308150204222536e-19	3.6489545445537967e-22	25.0	25.0	3
control_9a7ffcd32073103f60b4e6a3fe9fc3e3b45b8fcec0350bf845b5293218c01483	parent_control	9a7ffcd32073103f60b4e6a3fe9fc3e3b45b8fcec0350bf845b5293218c01483	339	PF00191.26	Annexin	Annexin	66	1	66	1.0	269	334	269	334	0.19469026548672566	311.6011962890625	85.30697631835938	2.00298019465166e-96	8.813043738470465e-26	2.458310666240018e-28	25.0	25.0	4
control_9ad73883c261c3ece2520388a0df802a1b1e66e0bd289baf5f4b1cbd56b2e656	parent_control	9ad73883c261c3ece2520388a0df802a1b1e66e0bd289baf5f4b1cbd56b2e656	227	PF05300.17	MIC19_MIC25	MICOS complex subunit MIC19/MIC25	167	1	167	1.0	29	174	29	174	0.6431718061674009	123.741455078125	116.8894271850586	3.6833192196840415e-37	4.703162813046253e-35	1.3119003662611584e-37	33.0	33.0	1
control_9b9c28c4b262226731ee778575358bf069907c2fe03fe4dc7033164002963feb	parent_control	9b9c28c4b262226731ee778575358bf069907c2fe03fe4dc7033164002963feb	451	PF26141.1	PMEL_NMB_N	PMEL/NMB N-terminal domain	173	25	173	0.861271676300578	1	158	1	158	0.35033259423503327	178.97250366210938	178.2943572998047	2.9878313927684616e-54	4.826784123607086e-54	6.731916490386452e-56	27.0	27.0	1
control_9b9c28c4b262226731ee778575358bf069907c2fe03fe4dc7033164002963feb	parent_control	9b9c28c4b262226731ee778575358bf069907c2fe03fe4dc7033164002963feb	451	PF00801.27	PKD	PKD domain	80	24	68	0.5625	193	243	176	246	0.1130820399113082	34.43366622924805	28.765804290771484	6.282735723914632e-10	3.688921311616051e-08	5.144939067804813e-10	23.5	23.5	2
control_9b9c28c4b262226731ee778575358bf069907c2fe03fe4dc7033164002963feb	parent_control	9b9c28c4b262226731ee778575358bf069907c2fe03fe4dc7033164002963feb	451	PF18911.7	PKD_4	PKD domain	85	33	70	0.4470588235294118	202	242	182	244	0.09090909090909091	37.868473052978516	30.042774200439453	5.567198930371946e-11	1.540062757966461e-08	2.1479257433283973e-10	27.0	27.0	1
control_9b9c28c4b262226731ee778575358bf069907c2fe03fe4dc7033164002963feb	parent_control	9b9c28c4b262226731ee778575358bf069907c2fe03fe4dc7033164002963feb	451	PF20433.4	PKAT_KLD	PKAT, KLD domain	51	1	51	1.0	344	394	344	394	0.1130820399113082	82.23780822753906	81.249267578125	8.681482421211472e-25	1.767394313817606e-24	2.464985095979925e-26	27.700000762939453	27.700000762939453	1
control_9c41f4901fc2d4b34d77840cd5370e3a7ec23e0baf670fb59728d797e130c305	parent_control	9c41f4901fc2d4b34d77840cd5370e3a7ec23e0baf670fb59728d797e130c305	699	PF00566.26	RabGAP-TBC	Rab-GTPase-TBC domain	216	2	215	0.9907407407407407	48	245	47	246	0.2832618025751073	74.4670181274414	73.66728210449219	3.7180755289255713e-22	6.531079513541955e-22	4.554448754213358e-24	25.200000762939453	25.200000762939453	1
control_9c41f4901fc2d4b34d77840cd5370e3a7ec23e0baf670fb59728d797e130c305	parent_control	9c41f4901fc2d4b34d77840cd5370e3a7ec23e0baf670fb59728d797e130c305	699	PF23436.2	RabGap-TBC_2	RabGAP TBC domain	214	17	158	0.6635514018691588	119	261	106	275	0.20457796852646637	28.96051597595215	28.138065338134766	3.1204085834951475e-08	5.570055945265346e-08	1.5537115607434717e-10	27.0	27.0	1
control_9c41f4901fc2d4b34d77840cd5370e3a7ec23e0baf670fb59728d797e130c305	parent_control	9c41f4901fc2d4b34d77840cd5370e3a7ec23e0baf670fb59728d797e130c305	699	PF00581.26	Rhodanese	Rhodanese-like domain	102	9	100	0.9019607843137255	331	438	322	440	0.15450643776824036	26.545148849487305	24.262239456176758	2.525915164813371e-07	1.2982886921715928e-06	3.621446840088125e-09	22.200000762939453	22.200000762939453	2
control_9c41f4901fc2d4b34d77840cd5370e3a7ec23e0baf670fb59728d797e130c305	parent_control	9c41f4901fc2d4b34d77840cd5370e3a7ec23e0baf670fb59728d797e130c305	699	PF19430.5	TBC1D23_C	TBC1 domain family member 23 C-terminal	119	1	119	1.0	579	697	579	697	0.17024320457796852	263.412353515625	262.6330871582031	8.274661307509191e-81	1.4429049169732993e-80	4.024839377889259e-83	26.5	26.5	1
control_9ccf8e4b24e70fe9b848995e32799f4b9458c34aa1398798937a996082a99803	parent_control	9ccf8e4b24e70fe9b848995e32799f4b9458c34aa1398798937a996082a99803	82	PF05934.16	MCLC	Mid-1-related chloride channel (MCLC)	549	1	75	0.1366120218579235	8	82	8	82	0.9146341463414634	141.48179626464844	141.34605407714844	1.4931766105169897e-42	1.6414821027167915e-42	1.3736251905579845e-44	25.0	25.0	1
control_9db2e1e43fe73788fde6b354a950a906784fb18635037b17ddc218a763783a6b	parent_control	9db2e1e43fe73788fde6b354a950a906784fb18635037b17ddc218a763783a6b	437	PF00735.25	Septin	Septin	280	1	275	0.9821428571428571	47	318	47	323	0.6224256292906178	417.1310119628906	417.1310119628906	1.177579196497017e-126	1.177579196497017e-126	9.85421921754826e-129	26.200000762939453	26.200000762939453	1
control_9db2e1e43fe73788fde6b354a950a906784fb18635037b17ddc218a763783a6b	parent_control	9db2e1e43fe73788fde6b354a950a906784fb18635037b17ddc218a763783a6b	437	PF01926.30	MMR_HSR1	50S ribosome-binding GTPase	113	2	102	0.8938053097345132	53	185	52	195	0.30434782608695654	29.62742042541504	27.322710037231445	2.2932572164507444e-08	1.1908648531428362e-07	2.1591691897987267e-09	21.899999618530273	21.899999618530273	1
control_9e3d053e9cf188de4ae35cae7f6e80720482a29b755bf2bb355bc367d5ebfcef	parent_control	9e3d053e9cf188de4ae35cae7f6e80720482a29b755bf2bb355bc367d5ebfcef	108	PF10660.15	MitoNEET_N	Iron-containing outer mitochondrial membrane protein N-terminus	64	2	64	0.984375	4	66	1	66	0.5833333333333334	97.79888153076172	97.50227355957031	1.0531005812364618e-29	1.3033689629253484e-29	3.635617748745742e-32	23.0	23.0	1
control_9e44923604a8ba5e6797106739a49d881b822c9fa3df4805a4c5c622a4893205	parent_control	9e44923604a8ba5e6797106739a49d881b822c9fa3df4805a4c5c622a4893205	433	PF21236.4	OB_PRS7	26S proteasome regulatory subunit 7, OB domain	69	2	69	0.9855072463768116	87	154	86	154	0.15704387990762125	130.03515625	128.58251953125	6.6356787393366866e-40	1.8851126872714158e-39	1.577500156712482e-41	26.700000762939453	26.700000762939453	1
control_9e44923604a8ba5e6797106739a49d881b822c9fa3df4805a4c5c622a4893205	parent_control	9e44923604a8ba5e6797106739a49d881b822c9fa3df4805a4c5c622a4893205	433	PF00004.36	AAA	ATPase family associated with various cellular activities (AAA)	131	1	130	0.9923664122137404	212	344	212	345	0.3071593533487298	144.22531127929688	142.3160858154297	1.1414699681435969e-43	4.442713775577099e-43	3.717752113453639e-45	21.200000762939453	21.200000762939453	2
control_9e44923604a8ba5e6797106739a49d881b822c9fa3df4805a4c5c622a4893205	parent_control	9e44923604a8ba5e6797106739a49d881b822c9fa3df4805a4c5c622a4893205	433	PF17862.8	AAA_lid_3	AAA+ lid domain	45	1	44	0.9777777777777777	367	410	367	411	0.10161662817551963	40.064903259277344	38.80103302001953	7.68500448196988e-12	1.911181201863999e-11	5.331049377584376e-14	27.200000762939453	27.200000762939453	1
control_9f1142b8bafa4a8bef03259600d022d50287e2630b579fe3f85e19385d5a20d8	parent_control	9f1142b8bafa4a8bef03259600d022d50287e2630b579fe3f85e19385d5a20d8	453	PF01591.25	6PF2K	6-phosphofructo-2-kinase	223	23	223	0.9013452914798207	33	233	31	233	0.44370860927152317	319.1884765625	318.3580322265625	4.4155115638319007e-97	7.923420016984434e-97	3.3152385008303073e-99	27.0	27.0	1
control_9f1142b8bafa4a8bef03259600d022d50287e2630b579fe3f85e19385d5a20d8	parent_control	9f1142b8bafa4a8bef03259600d022d50287e2630b579fe3f85e19385d5a20d8	453	PF00300.28	His_Phos_1	Histidine phosphatase superfamily (branch 1)	194	1	190	0.979381443298969	236	418	236	422	0.40397350993377484	145.93026733398438	145.47109985351562	4.3972857442748667e-44	6.080188810839357e-44	3.3920160729926675e-46	21.700000762939453	21.700000762939453	1
control_9f71fd11034cd55c931f23e145b9f8ccd98199df26322e812003d1924cacceb0	parent_control	9f71fd11034cd55c931f23e145b9f8ccd98199df26322e812003d1924cacceb0	1553	PF00130.29	C1_1	Phorbol esters/diacylglycerol binding domain (C1 domain)	53	1	51	0.9622641509433962	35	82	35	84	0.030907920154539602	40.62556457519531	39.46984100341797	6.423261337442249e-12	1.4746515298179067e-11	1.2340180165840225e-13	26.5	26.5	1
control_9f71fd11034cd55c931f23e145b9f8ccd98199df26322e812003d1924cacceb0	parent_control	9f71fd11034cd55c931f23e145b9f8ccd98199df26322e812003d1924cacceb0	1553	PF10409.16	PTEN_C2	C2 domain of PTEN tumour-suppressor protein	133	1	132	0.9924812030075187	286	412	286	413	0.08177720540888603	126.29265594482422	125.5318832397461	2.4386877981145374e-38	4.1902059199824674e-38	1.168816156201525e-40	27.100000381469727	27.100000381469727	1
control_9f71fd11034cd55c931f23e145b9f8ccd98199df26322e812003d1924cacceb0	parent_control	9f71fd11034cd55c931f23e145b9f8ccd98199df26322e812003d1924cacceb0	1553	PF00017.31	SH2	SH2 domain	77	1	76	0.987012987012987	1280	1374	1280	1375	0.061171925305859624	36.78962326049805	34.82221221923828	1.2384729204103677e-10	5.0921494580993e-10	7.10202155941325e-12	21.0	21.0	2
control_9f71fd11034cd55c931f23e145b9f8ccd98199df26322e812003d1924cacceb0	parent_control	9f71fd11034cd55c931f23e145b9f8ccd98199df26322e812003d1924cacceb0	1553	PF08416.20	PTB	Phosphotyrosine-binding domain	131	1	131	1.0	1418	1552	1418	1552	0.08692852543464263	141.44003295898438	140.60800170898438	6.284972160836926e-43	1.1363440621223923e-42	3.1697184438560456e-45	27.0	27.0	1
control_9f85adb8253c89847663013745920bdcc9bbf25f7153a8b99adebc08a8f792c2	parent_control	9f85adb8253c89847663013745920bdcc9bbf25f7153a8b99adebc08a8f792c2	488	PF03972.20	MmgE_PrpD_N	MmgE/PrpD N-terminal domain	244	2	238	0.9713114754098361	9	249	8	254	0.49385245901639346	219.99705505371094	219.45118713378906	1.0558150338239855e-66	1.5498219083141253e-66	6.484610495038181e-69	32.099998474121094	32.099998474121094	1
control_9f85adb8253c89847663013745920bdcc9bbf25f7153a8b99adebc08a8f792c2	parent_control	9f85adb8253c89847663013745920bdcc9bbf25f7153a8b99adebc08a8f792c2	488	PF19305.5	MmgE_PrpD_C	MmgE/PrpD C-terminal domain	173	1	172	0.9942196531791907	274	447	274	448	0.35655737704918034	141.47364807128906	141.04977416992188	9.072307545356847e-43	1.2243751286027675e-42	1.707636162625896e-45	32.099998474121094	32.099998474121094	1
control_9fc47bf66e2e3018e350b8ee5663992a54099a5853667638c0385531fde0acf8	parent_control	9fc47bf66e2e3018e350b8ee5663992a54099a5853667638c0385531fde0acf8	574	PF06762.21	LMF1	Lipase maturation factor transmembrane domain	279	1	277	0.992831541218638	51	328	51	330	0.4843205574912892	350.2974853515625	349.8477478027344	3.87132419668813e-106	5.308277560751858e-106	5.922764363460929e-108	27.0	27.0	1
control_9fc47bf66e2e3018e350b8ee5663992a54099a5853667638c0385531fde0acf8	parent_control	9fc47bf66e2e3018e350b8ee5663992a54099a5853667638c0385531fde0acf8	574	PF25179.2	LMF1_C	Lipase maturation factor C-terminal domain	139	1	139	1.0	404	547	404	547	0.2508710801393728	172.65972900390625	172.0418701171875	1.6304359890537632e-52	2.529327867678998e-52	2.4693577508721042e-54	34.20000076293945	34.20000076293945	1
control_9fde83d5c76bbbaf6d6d4069a54b12d3e22bbec43f980a43b2c6821bb4f0a50d	parent_control	9fde83d5c76bbbaf6d6d4069a54b12d3e22bbec43f980a43b2c6821bb4f0a50d	222	PF07686.24	V-set	Immunoglobulin V-set domain	109	9	108	0.9174311926605505	45	167	36	168	0.5540540540540541	38.83938217163086	37.06779098510742	3.2860493252618436e-11	1.167360573631569e-10	2.442176932283617e-12	26.0	26.0	1
control_a01bb96bd3d11e8ce9bd7027980708e64521d3d3b0bdecf7660615df3e65a830	parent_control	a01bb96bd3d11e8ce9bd7027980708e64521d3d3b0bdecf7660615df3e65a830	232	PF00248.28	Aldo_ket_red	Aldo/keto reductase family	290	77	288	0.7310344827586207	2	208	1	210	0.8922413793103449	141.01025390625	136.77337646484375	1.563143989256019e-42	3.0542617251901653e-41	3.8338013286905844e-43	24.0	24.0	1
control_a1474f326e4e2fab34602745aba2041420fcdc124ee65a67a0add9dbbc48e8e3	parent_control	a1474f326e4e2fab34602745aba2041420fcdc124ee65a67a0add9dbbc48e8e3	135	PF01227.28	GTP_cyclohydroI	GTP cyclohydrolase I	179	49	179	0.7318435754189944	4	134	1	134	0.9703703703703703	214.03392028808594	213.91757202148438	3.991354915612661e-65	4.33344230516363e-65	1.813155776219092e-67	27.0	27.0	1
control_a14f8a2a88737f1e068cd37a14a768d1b72c76f3b68d98d87db3806d2289e742	parent_control	a14f8a2a88737f1e068cd37a14a768d1b72c76f3b68d98d87db3806d2289e742	148	PF10421.15	OAS1_C	2'-5'-oligoadenylate synthetase 1, domain 2, C-terminus	188	57	187	0.6968085106382979	1	130	1	131	0.8783783783783784	196.03587341308594	195.85934448242188	1.674177257072755e-59	1.8964253096932256e-59	2.115955715138885e-61	19.899999618530273	19.899999618530273	1
control_a1696802f8ab76cdec94ce4d2cf6920ae5d8b39b11d5fde6b2a7f7a41b786ac9	parent_control	a1696802f8ab76cdec94ce4d2cf6920ae5d8b39b11d5fde6b2a7f7a41b786ac9	574	PF20825.3	Saposin	Saposin-like domain	131	2	131	0.9923664122137404	40	169	39	169	0.2264808362369338	223.56265258789062	222.5546875	2.480329788529681e-68	5.083101257818273e-68	3.544701016609675e-70	27.0	27.0	1
control_a1696802f8ab76cdec94ce4d2cf6920ae5d8b39b11d5fde6b2a7f7a41b786ac9	parent_control	a1696802f8ab76cdec94ce4d2cf6920ae5d8b39b11d5fde6b2a7f7a41b786ac9	574	PF03489.23	SapB_2	Saposin-like type B, region 2	34	2	34	0.9705882352941176	81	113	80	113	0.05749128919860627	25.538637161254883	25.538637161254883	4.140097153684305e-07	4.140097153684305e-07	7.506452300961781e-09	21.0	21.0	1
control_a1696802f8ab76cdec94ce4d2cf6920ae5d8b39b11d5fde6b2a7f7a41b786ac9	parent_control	a1696802f8ab76cdec94ce4d2cf6920ae5d8b39b11d5fde6b2a7f7a41b786ac9	574	PF00657.29	Lipase_GDSL	GDSL-like Lipase/Acylhydrolase	208	1	207	0.9951923076923077	256	541	256	542	0.49825783972125437	78.24171447753906	77.36141967773438	3.5497823179071934e-23	6.602104622884171e-23	9.207956238332177e-26	23.600000381469727	23.600000381469727	1
control_a1b127afcf0c1a30e7fb3748cdc09fc354c6084f6cb684b60fbe910d6b81d8a1	parent_control	a1b127afcf0c1a30e7fb3748cdc09fc354c6084f6cb684b60fbe910d6b81d8a1	361	PF12796.14	Ank_2	Ankyrin repeats (3 copies)	90	13	69	0.6333333333333333	2	61	1	69	0.16620498614958448	63.61684036254883	30.680213928222656	7.464482779570514e-19	1.4101871327256881e-08	3.540218743244405e-10	27.299999237060547	27.299999237060547	1
control_a1b127afcf0c1a30e7fb3748cdc09fc354c6084f6cb684b60fbe910d6b81d8a1	parent_control	a1b127afcf0c1a30e7fb3748cdc09fc354c6084f6cb684b60fbe910d6b81d8a1	361	PF13857.13	Ank_5	Ankyrin repeats (many copies)	56	1	53	0.9464285714285714	5	56	5	58	0.1440443213296399	61.272735595703125	27.144704818725586	2.9473903043792386e-18	1.5191893804092375e-07	2.5425763688857533e-09	27.0	27.0	1
control_a1b127afcf0c1a30e7fb3748cdc09fc354c6084f6cb684b60fbe910d6b81d8a1	parent_control	a1b127afcf0c1a30e7fb3748cdc09fc354c6084f6cb684b60fbe910d6b81d8a1	361	PF13637.13	Ank_4	Ankyrin repeats (many copies)	50	1	39	0.78	23	61	23	62	0.10803324099722991	69.51019287109375	22.807519912719727	6.447682995766937e-21	3.300884345386311e-06	8.286738942392413e-08	22.700000762939453	22.700000762939453	2
control_a1b127afcf0c1a30e7fb3748cdc09fc354c6084f6cb684b60fbe910d6b81d8a1	parent_control	a1b127afcf0c1a30e7fb3748cdc09fc354c6084f6cb684b60fbe910d6b81d8a1	361	PF13857.13	Ank_5	Ankyrin repeats (many copies)	56	2	56	0.9821428571428571	73	127	72	127	0.1523545706371191	61.272735595703125	31.853317260742188	2.9473903043792386e-18	5.054326178976308e-09	8.459123312094238e-11	27.0	27.0	2
control_a1b127afcf0c1a30e7fb3748cdc09fc354c6084f6cb684b60fbe910d6b81d8a1	parent_control	a1b127afcf0c1a30e7fb3748cdc09fc354c6084f6cb684b60fbe910d6b81d8a1	361	PF12796.14	Ank_2	Ankyrin repeats (3 copies)	90	21	80	0.6666666666666666	78	140	65	150	0.1745152354570637	63.61684036254883	30.765857696533203	7.464482779570514e-19	1.3260373687706365e-08	3.328964105700343e-10	27.299999237060547	27.299999237060547	2
control_a1b127afcf0c1a30e7fb3748cdc09fc354c6084f6cb684b60fbe910d6b81d8a1	parent_control	a1b127afcf0c1a30e7fb3748cdc09fc354c6084f6cb684b60fbe910d6b81d8a1	361	PF13606.13	Ank_3	Ankyrin repeat	31	2	30	0.9354838709677419	87	114	86	115	0.07756232686980609	43.482845306396484	18.55234718322754	5.317265882883267e-13	7.470616761328812e-05	1.875468643011417e-06	22.299999237060547	17.200000762939453	4
control_a1b127afcf0c1a30e7fb3748cdc09fc354c6084f6cb684b60fbe910d6b81d8a1	parent_control	a1b127afcf0c1a30e7fb3748cdc09fc354c6084f6cb684b60fbe910d6b81d8a1	361	PF00023.37	Ank	Ankyrin repeat	33	2	32	0.9393939393939394	87	117	86	118	0.08587257617728532	64.0018081665039	27.208097457885742	2.310710695555979e-19	1.215864865847002e-07	3.0523804163523063e-09	21.100000381469727	14.699999809265137	4
control_a1b127afcf0c1a30e7fb3748cdc09fc354c6084f6cb684b60fbe910d6b81d8a1	parent_control	a1b127afcf0c1a30e7fb3748cdc09fc354c6084f6cb684b60fbe910d6b81d8a1	361	PF13637.13	Ank_4	Ankyrin repeats (many copies)	50	1	41	0.82	91	131	91	140	0.11357340720221606	69.51019287109375	27.428037643432617	6.447682995766937e-21	1.1571149495677885e-07	2.9048910867810593e-09	22.700000762939453	22.700000762939453	4
control_a1b127afcf0c1a30e7fb3748cdc09fc354c6084f6cb684b60fbe910d6b81d8a1	parent_control	a1b127afcf0c1a30e7fb3748cdc09fc354c6084f6cb684b60fbe910d6b81d8a1	361	PF01529.26	DHHC	DHHC palmitoyltransferase	133	4	70	0.5037593984962406	294	360	291	361	0.18559556786703602	76.3269271850586	76.3269271850586	8.596266742733018e-23	8.596266742733018e-23	5.994607212505591e-25	28.700000762939453	28.700000762939453	3
control_a21d61e6261af3674500f92333cd7fa2ae03c22126085dbef6ceb2f2596e9a35	parent_control	a21d61e6261af3674500f92333cd7fa2ae03c22126085dbef6ceb2f2596e9a35	140	PF00227.32	Proteasome	Proteasome subunit	189	71	189	0.6296296296296297	2	125	1	125	0.8857142857142857	73.18778228759766	72.65637969970703	8.219156969579567e-22	1.1961220029610606e-21	3.169639896270593e-23	22.399999618530273	22.399999618530273	1
control_a27b841b13bf9a5b0478dfb4bed376161412fc033c877514cbea7807813c34ea	parent_control	a27b841b13bf9a5b0478dfb4bed376161412fc033c877514cbea7807813c34ea	203	PF00227.32	Proteasome	Proteasome subunit	189	2	153	0.8042328042328042	34	180	33	193	0.7241379310344828	129.08595275878906	128.79808044433594	5.947389673978893e-39	7.287842414830195e-39	1.93122741815584e-40	22.399999618530273	22.399999618530273	1
control_a2e7590f94a887bc04b0de19d0e25775ef5681d071714bab5d062dc1c1f272c8	parent_control	a2e7590f94a887bc04b0de19d0e25775ef5681d071714bab5d062dc1c1f272c8	131	PF05279.17	Asp-B-Hydro_N	Aspartyl beta-hydroxylase N-terminal region	66	1	65	0.9848484848484849	52	131	52	131	0.6106870229007634	138.22769165039062	137.04293823242188	2.3669097871533015e-42	5.5467359651580565e-42	1.7019273533260424e-43	23.0	23.0	1
control_a352eb73aeac79007f35a62f3bf8cd90c6a9583fc5955bb812cbbc1dc6e5fe79	parent_control	a352eb73aeac79007f35a62f3bf8cd90c6a9583fc5955bb812cbbc1dc6e5fe79	450	PF02760.22	HIN	HIN-200/IF120x domain	168	1	168	1.0	223	391	223	391	0.37555555555555553	245.4876708984375	245.4876708984375	8.807469297150641e-75	8.807469297150641e-75	8.598645059979706e-77	22.700000762939453	22.700000762939453	1
control_a35dcef1d9249c78625c688bfa56981533909fe1270e7c1241bcee24147fc643	parent_control	a35dcef1d9249c78625c688bfa56981533909fe1270e7c1241bcee24147fc643	255	PF10584.15	Proteasome_A_N	Proteasome subunit A N-terminal signature	23	1	23	1.0	8	30	8	30	0.09019607843137255	52.67110824584961	51.945465087890625	9.398350081810818e-16	1.5850260080874513e-15	6.631907983629503e-18	27.700000762939453	27.700000762939453	1
control_a35dcef1d9249c78625c688bfa56981533909fe1270e7c1241bcee24147fc643	parent_control	a35dcef1d9249c78625c688bfa56981533909fe1270e7c1241bcee24147fc643	255	PF00227.32	Proteasome	Proteasome subunit	189	1	189	1.0	31	217	31	217	0.7333333333333333	179.62661743164062	178.97291564941406	1.890776322770104e-54	2.9997836603713143e-54	7.949217510049508e-56	22.399999618530273	22.399999618530273	1
control_a3ff91b7da2de9ebbfff0e7f2a0b6008f3bae53c05182e4d448b9550e21c5405	parent_control	a3ff91b7da2de9ebbfff0e7f2a0b6008f3bae53c05182e4d448b9550e21c5405	2798	PF11547.15	E3_UbLigase_EDD	E3 ubiquitin ligase EDD	52	1	52	1.0	179	230	179	230	0.01858470335954253	95.1236343383789	93.8773193359375	6.275359752588265e-29	1.5378272288952274e-28	4.289615701241918e-31	25.0	25.0	1
control_a3ff91b7da2de9ebbfff0e7f2a0b6008f3bae53c05182e4d448b9550e21c5405	parent_control	a3ff91b7da2de9ebbfff0e7f2a0b6008f3bae53c05182e4d448b9550e21c5405	2798	PF30806.1	HEAT_UBR5_1st	UBR5 first HEAT repeat domain	292	1	292	1.0	872	1163	872	1163	0.1043602573266619	643.0982055664062	642.8862915039062	1.887742518432941e-195	2.1902926192051085e-195	6.109602842971014e-198	27.0	27.0	1
control_a3ff91b7da2de9ebbfff0e7f2a0b6008f3bae53c05182e4d448b9550e21c5405	parent_control	a3ff91b7da2de9ebbfff0e7f2a0b6008f3bae53c05182e4d448b9550e21c5405	2798	PF30802.1	zf-UBR_1	UBR box	67	1	67	1.0	1175	1241	1175	1241	0.02394567548248749	138.08238220214844	138.08238220214844	3.6110387306827635e-42	3.6110387306827635e-42	1.0072632442629745e-44	27.0	27.0	2
control_a3ff91b7da2de9ebbfff0e7f2a0b6008f3bae53c05182e4d448b9550e21c5405	parent_control	a3ff91b7da2de9ebbfff0e7f2a0b6008f3bae53c05182e4d448b9550e21c5405	2798	PF30807.1	HEAT_UBR5_2nd	UBR5 second HEAT repeat domain	959	1	959	1.0	1248	2206	1248	2206	0.3427448177269478	2165.416259765625	2164.99072265625	0.0	0.0	0.0	27.0	27.0	1
control_a3ff91b7da2de9ebbfff0e7f2a0b6008f3bae53c05182e4d448b9550e21c5405	parent_control	a3ff91b7da2de9ebbfff0e7f2a0b6008f3bae53c05182e4d448b9550e21c5405	2798	PF00658.25	MLLE	MLLE domain	66	9	66	0.8787878787878788	2392	2449	2387	2449	0.020729092208720514	75.84410858154297	74.79004669189453	7.490951039306555e-23	1.5980448622886798e-22	4.457586784626722e-25	27.0	27.0	1
control_a3ff91b7da2de9ebbfff0e7f2a0b6008f3bae53c05182e4d448b9550e21c5405	parent_control	a3ff91b7da2de9ebbfff0e7f2a0b6008f3bae53c05182e4d448b9550e21c5405	2798	PF00632.31	HECT	HECT-domain (ubiquitin-transferase)	307	11	306	0.9641693811074918	2500	2797	2496	2798	0.10650464617583988	239.1109619140625	238.47515869140625	3.2548810812395004e-72	5.083047627272437e-72	1.4178654469379183e-74	23.899999618530273	23.899999618530273	1
control_a4106ea84fb0d255780177e3278e9b6ee75027d89280a7316030f922aaca4ebf	parent_control	a4106ea84fb0d255780177e3278e9b6ee75027d89280a7316030f922aaca4ebf	437	PF00735.25	Septin	Septin	280	1	275	0.9821428571428571	47	318	47	323	0.6224256292906178	417.1310119628906	417.1310119628906	1.177579196497017e-126	1.177579196497017e-126	9.85421921754826e-129	26.200000762939453	26.200000762939453	1
control_a4106ea84fb0d255780177e3278e9b6ee75027d89280a7316030f922aaca4ebf	parent_control	a4106ea84fb0d255780177e3278e9b6ee75027d89280a7316030f922aaca4ebf	437	PF01926.30	MMR_HSR1	50S ribosome-binding GTPase	113	2	102	0.8938053097345132	53	185	52	195	0.30434782608695654	29.625473022460938	27.322710037231445	2.296451438005981e-08	1.1908648531428362e-07	2.1591691897987267e-09	21.899999618530273	21.899999618530273	1
control_a591c319b6588f758bddd3dcb5ce12dde1d1f663bc2b985a92ac255e2c5a9c45	parent_control	a591c319b6588f758bddd3dcb5ce12dde1d1f663bc2b985a92ac255e2c5a9c45	190	PF08718.17	GLTP	Glycolipid transfer protein (GLTP)	147	1	60	0.40816326530612246	18	78	18	81	0.32105263157894737	125.16324615478516	58.96376419067383	9.516825749624608e-38	2.420215325598593e-17	4.0505695825917873e-19	25.600000381469727	25.600000381469727	1
control_a591c319b6588f758bddd3dcb5ce12dde1d1f663bc2b985a92ac255e2c5a9c45	parent_control	a591c319b6588f758bddd3dcb5ce12dde1d1f663bc2b985a92ac255e2c5a9c45	190	PF08718.17	GLTP	Glycolipid transfer protein (GLTP)	147	83	146	0.43537414965986393	81	147	79	148	0.3526315789473684	125.16324615478516	64.75469970703125	9.516825749624608e-38	3.970572283451737e-19	6.645309261007091e-21	25.600000381469727	25.600000381469727	2
control_a5c76422e5e90bb64002d1e17460370c849cd388be80735b89d9f32b4452586d	parent_control	a5c76422e5e90bb64002d1e17460370c849cd388be80735b89d9f32b4452586d	1647	PF00520.38	Ion_trans	Ion transport protein	243	2	242	0.9917695473251029	126	416	125	417	0.1766848816029144	906.0841674804688	249.2330322265625	3.0540176571364663e-276	1.2068611836049359e-75	3.534739868298975e-77	25.0	25.0	1
control_a5c76422e5e90bb64002d1e17460370c849cd388be80735b89d9f32b4452586d	parent_control	a5c76422e5e90bb64002d1e17460370c849cd388be80735b89d9f32b4452586d	1647	PF00520.38	Ion_trans	Ion transport protein	243	3	239	0.9753086419753086	524	759	522	762	0.143290831815422	906.0841674804688	219.82838439941406	3.0540176571364663e-276	1.1523602583442871e-66	3.3751137273682047e-68	25.0	25.0	2
control_a5c76422e5e90bb64002d1e17460370c849cd388be80735b89d9f32b4452586d	parent_control	a5c76422e5e90bb64002d1e17460370c849cd388be80735b89d9f32b4452586d	1647	PF00520.38	Ion_trans	Ion transport protein	243	1	242	0.9958847736625515	885	1162	885	1163	0.16879174256223436	906.0841674804688	217.23971557617188	3.0540176571364663e-276	7.114524094472168e-66	2.0837518268328525e-67	25.0	25.0	3
control_a5c76422e5e90bb64002d1e17460370c849cd388be80735b89d9f32b4452586d	parent_control	a5c76422e5e90bb64002d1e17460370c849cd388be80735b89d9f32b4452586d	1647	PF00520.38	Ion_trans	Ion transport protein	243	2	242	0.9917695473251029	1205	1474	1204	1475	0.16393442622950818	906.0841674804688	238.82179260253906	3.0540176571364663e-276	1.8245758275488544e-72	5.343945938427606e-74	25.0	25.0	4
control_a5c76422e5e90bb64002d1e17460370c849cd388be80735b89d9f32b4452586d	parent_control	a5c76422e5e90bb64002d1e17460370c849cd388be80735b89d9f32b4452586d	1647	PF08016.19	PKD_channel	Polycystin cation channel	225	6	223	0.9688888888888889	1230	1468	1225	1470	0.14511232544019428	54.83110046386719	37.3028450012207	3.243379170876692e-16	7.414270088230067e-11	2.1715435404857935e-12	22.399999618530273	22.399999618530273	9
control_a5c76422e5e90bb64002d1e17460370c849cd388be80735b89d9f32b4452586d	parent_control	a5c76422e5e90bb64002d1e17460370c849cd388be80735b89d9f32b4452586d	1647	PF16905.11	GPHH	Voltage-dependent L-type calcium channel, IQ-associated	54	1	54	1.0	1484	1537	1484	1537	0.03278688524590164	101.31857299804688	99.63397216796875	7.437471151226633e-31	2.4975877960504894e-30	7.315110699729467e-32	26.799999237060547	26.799999237060547	1
control_a5c76422e5e90bb64002d1e17460370c849cd388be80735b89d9f32b4452586d	parent_control	a5c76422e5e90bb64002d1e17460370c849cd388be80735b89d9f32b4452586d	1647	PF08763.18	Ca_chan_IQ	Voltage gated calcium channel IQ domain	77	1	77	1.0	1547	1621	1547	1621	0.04553734061930783	105.94364929199219	104.58377838134766	3.7816842467880594e-32	1.0048127493052505e-31	2.94296621135429e-33	26.700000762939453	26.700000762939453	1
control_a5fe88cd7ce01bc7b8a5d20e372f87cf5ad2f717a9cea6961f8f6fb3ed1662f0	parent_control	a5fe88cd7ce01bc7b8a5d20e372f87cf5ad2f717a9cea6961f8f6fb3ed1662f0	199	PF04201.21	TPD52	Tumour protein D52 family	108	1	108	1.0	31	152	31	152	0.6130653266331658	173.3482208251953	172.73866271972656	5.354295502734292e-53	8.28267479050568e-53	2.1948510602455778e-54	25.0	25.0	1
control_a616e07990009fd4b0f7ad5e94efec6469315446af9a8917dee12db0d3ded418	parent_control	a616e07990009fd4b0f7ad5e94efec6469315446af9a8917dee12db0d3ded418	474	PF00020.25	TNFR_c6	TNFR/NGFR cysteine-rich region	39	1	39	1.0	40	76	40	76	0.07805907172995781	78.85004425048828	31.99741554260254	1.1040502778932285e-23	4.826860807526079e-09	6.7320234414589666e-12	29.399999618530273	20.600000381469727	1
control_a616e07990009fd4b0f7ad5e94efec6469315446af9a8917dee12db0d3ded418	parent_control	a616e07990009fd4b0f7ad5e94efec6469315446af9a8917dee12db0d3ded418	474	PF00020.25	TNFR_c6	TNFR/NGFR cysteine-rich region	39	1	39	1.0	79	119	79	119	0.08649789029535865	78.85004425048828	32.51085662841797	1.1040502778932285e-23	3.335975712129779e-09	4.652685790975982e-12	29.399999618530273	20.600000381469727	2
control_a623ff4212e781902b856591666298cb87004d1ec042f3bbc8ddaa94ad8f82fa	parent_control	a623ff4212e781902b856591666298cb87004d1ec042f3bbc8ddaa94ad8f82fa	469	PF01591.25	6PF2K	6-phosphofructo-2-kinase	223	9	223	0.9641255605381166	35	249	28	249	0.4584221748400853	348.2809753417969	347.4314270019531	5.612203435382493e-106	1.0207200417734182e-105	4.270795153863674e-108	27.0	27.0	1
control_a623ff4212e781902b856591666298cb87004d1ec042f3bbc8ddaa94ad8f82fa	parent_control	a623ff4212e781902b856591666298cb87004d1ec042f3bbc8ddaa94ad8f82fa	469	PF00300.28	His_Phos_1	Histidine phosphatase superfamily (branch 1)	194	1	190	0.979381443298969	252	434	252	438	0.39019189765458423	145.8141326904297	145.3614959716797	4.772867029353615e-44	6.56916347704927e-44	3.664805287056776e-46	21.700000762939453	21.700000762939453	1
control_a663f6878cca37004d1fa4fdb405dbae1ce3608db43223572bd0f9893ea6e39b	parent_control	a663f6878cca37004d1fa4fdb405dbae1ce3608db43223572bd0f9893ea6e39b	531	PF13520.13	AA_permease_2	Amino acid permease	427	1	406	0.9508196721311475	39	443	39	465	0.7627118644067796	239.475341796875	239.1627655029297	2.5124127932015317e-72	3.1258011838427095e-72	1.3078666041182884e-74	27.0	27.0	1
control_a663f6878cca37004d1fa4fdb405dbae1ce3608db43223572bd0f9893ea6e39b	parent_control	a663f6878cca37004d1fa4fdb405dbae1ce3608db43223572bd0f9893ea6e39b	531	PF00324.28	AA_permease	Amino acid permease	470	5	426	0.8978723404255319	47	446	44	470	0.7532956685499058	134.5560302734375	134.1750030517578	1.6134529053561037e-40	2.1053107768702824e-40	8.80883170238612e-43	24.600000381469727	24.600000381469727	1
control_a71297c69b1df2dad4e3c8a3412a6b7f3d577c72a8871a12e99384ed3ffafd71	parent_control	a71297c69b1df2dad4e3c8a3412a6b7f3d577c72a8871a12e99384ed3ffafd71	272	PF22999.3	LTN1_E3_ligase_6th	LTN1 family HEAT repeat region	221	104	221	0.5339366515837104	1	121	1	121	0.44485294117647056	122.0853500366211	121.60548400878906	9.209606600100083e-37	1.2912150997579644e-36	5.402573639154663e-39	27.0	27.0	1
control_a71297c69b1df2dad4e3c8a3412a6b7f3d577c72a8871a12e99384ed3ffafd71	parent_control	a71297c69b1df2dad4e3c8a3412a6b7f3d577c72a8871a12e99384ed3ffafd71	272	PF23009.2	UBC_like	Ubiquitin conjugating domain-like	85	1	85	1.0	130	214	130	214	0.3125	129.90524291992188	129.12109375	9.628983907986974e-40	1.6914268201799356e-39	7.077099666024835e-42	27.0	27.0	1
control_a71297c69b1df2dad4e3c8a3412a6b7f3d577c72a8871a12e99384ed3ffafd71	parent_control	a71297c69b1df2dad4e3c8a3412a6b7f3d577c72a8871a12e99384ed3ffafd71	272	PF13639.13	zf-RING_2	Ring finger domain	44	2	44	0.9772727272727273	220	268	219	268	0.1801470588235294	30.54842185974121	30.54842185974121	1.2274345804887377e-08	1.2274345804887377e-08	5.135709541793882e-11	27.299999237060547	27.299999237060547	2
control_a8d6c0db01b78aa2f03b59beaa6d9f37f6b0cea4f4331066a5633b9f7161ec5a	parent_control	a8d6c0db01b78aa2f03b59beaa6d9f37f6b0cea4f4331066a5633b9f7161ec5a	73	PF04598.18	Gasdermin	Gasdermin pore forming domain	240	1	69	0.2875	4	73	4	73	0.958904109589041	99.1109619140625	98.98450469970703	1.007251188573647e-29	1.1009406122362341e-29	4.6064460763022343e-32	25.0	25.0	1
control_a8e361c2ce0d0e42351d722318138cf7d9f8e492b0665033a0bc36e68b03e0e5	parent_control	a8e361c2ce0d0e42351d722318138cf7d9f8e492b0665033a0bc36e68b03e0e5	931	PF00431.27	CUB	CUB domain	110	1	110	1.0	28	139	28	139	0.12030075187969924	195.7372283935547	100.14494323730469	6.542548155020608e-60	3.253874676026739e-30	2.722907678683464e-32	21.399999618530273	21.399999618530273	1
control_a8e361c2ce0d0e42351d722318138cf7d9f8e492b0665033a0bc36e68b03e0e5	parent_control	a8e361c2ce0d0e42351d722318138cf7d9f8e492b0665033a0bc36e68b03e0e5	931	PF00431.27	CUB	CUB domain	110	1	110	1.0	149	264	149	264	0.12459720730397422	195.7372283935547	93.0632095336914	6.542548155020608e-60	5.157139153733433e-28	4.315597618186973e-30	21.399999618530273	21.399999618530273	2
control_a8e361c2ce0d0e42351d722318138cf7d9f8e492b0665033a0bc36e68b03e0e5	parent_control	a8e361c2ce0d0e42351d722318138cf7d9f8e492b0665033a0bc36e68b03e0e5	931	PF00754.32	F5_F8_type_C	F5/8 type C domain	127	1	127	1.0	292	424	292	424	0.14285714285714285	179.66151428222656	90.94595336914062	9.151814895829296e-55	2.5573939364090846e-27	2.140078607873711e-29	28.200000762939453	28.200000762939453	1
control_a8e361c2ce0d0e42351d722318138cf7d9f8e492b0665033a0bc36e68b03e0e5	parent_control	a8e361c2ce0d0e42351d722318138cf7d9f8e492b0665033a0bc36e68b03e0e5	931	PF00754.32	F5_F8_type_C	F5/8 type C domain	127	1	127	1.0	449	589	449	589	0.1514500537056928	179.66151428222656	86.48161315917969	9.151814895829296e-55	6.151039885085383e-26	5.147313711368522e-28	28.200000762939453	28.200000762939453	2
control_a8e361c2ce0d0e42351d722318138cf7d9f8e492b0665033a0bc36e68b03e0e5	parent_control	a8e361c2ce0d0e42351d722318138cf7d9f8e492b0665033a0bc36e68b03e0e5	931	PF22633.4	F5_F8_type_C_2	NedA-like, galactose-binding domain	90	17	90	0.8222222222222222	484	573	474	573	0.0966702470461869	45.78166198730469	28.645883560180664	2.799743510018593e-13	6.215941383841555e-08	5.201624588988748e-10	28.200000762939453	28.200000762939453	2
control_a8e361c2ce0d0e42351d722318138cf7d9f8e492b0665033a0bc36e68b03e0e5	parent_control	a8e361c2ce0d0e42351d722318138cf7d9f8e492b0665033a0bc36e68b03e0e5	931	PF00629.31	MAM	MAM domain, meprin/A5/mu	158	1	153	0.9683544303797469	646	792	646	800	0.15789473684210525	107.19609832763672	105.93258666992188	2.78365689341777e-32	6.814666866428858e-32	5.7026500974300065e-34	26.399999618530273	26.399999618530273	1
control_a8e361c2ce0d0e42351d722318138cf7d9f8e492b0665033a0bc36e68b03e0e5	parent_control	a8e361c2ce0d0e42351d722318138cf7d9f8e492b0665033a0bc36e68b03e0e5	931	PF11980.14	DUF3481	C-terminal domain of neuropilin glycoprotein	82	4	82	0.9634146341463414	853	931	850	931	0.08485499462943072	138.14981079101562	137.3234405517578	2.3529075577258045e-42	4.2603412111015174e-42	2.3767593925252536e-44	28.5	28.5	1
control_a942c1bbfc874771cab8b39b8c35f4095c6ca003f72e7ca55da9ba4640e0b2b7	parent_control	a942c1bbfc874771cab8b39b8c35f4095c6ca003f72e7ca55da9ba4640e0b2b7	186	PF05915.18	TMEM_230_134	Transmembrane proteins 230/134	119	1	119	1.0	57	184	57	184	0.6881720430107527	169.93084716796875	169.6534423828125	7.641394252994024e-52	9.314369688446588e-52	1.5588903244262073e-53	26.799999237060547	26.799999237060547	1
control_a9738c40ff53f02521a2dad3e4ddf1447161387aa1b08341b8819e44a308a910	parent_control	a9738c40ff53f02521a2dad3e4ddf1447161387aa1b08341b8819e44a308a910	201	PF00025.28	Arf	ADP-ribosylation factor family	174	12	135	0.7126436781609196	5	136	1	146	0.6567164179104478	45.0969123840332	44.725093841552734	2.900904849685305e-13	3.77335811231436e-13	9.472865553927263e-15	22.299999237060547	22.299999237060547	1
control_a9738c40ff53f02521a2dad3e4ddf1447161387aa1b08341b8819e44a308a910	parent_control	a9738c40ff53f02521a2dad3e4ddf1447161387aa1b08341b8819e44a308a910	201	PF01926.30	MMR_HSR1	50S ribosome-binding GTPase	113	1	98	0.8672566371681416	9	104	9	125	0.47761194029850745	27.76047706604004	25.617324829101562	8.709121486990587e-08	4.029345171077207e-07	7.305646753696471e-09	21.899999618530273	21.899999618530273	2
control_a9738c40ff53f02521a2dad3e4ddf1447161387aa1b08341b8819e44a308a910	parent_control	a9738c40ff53f02521a2dad3e4ddf1447161387aa1b08341b8819e44a308a910	201	PF08477.20	Roc	Ras of Complex, Roc, domain of DAPkinase	119	1	119	1.0	9	127	9	127	0.5920398009950248	105.7548599243164	105.083251953125	6.472737918855329e-32	1.0453173970036229e-31	2.9158086387827696e-33	27.0	27.0	1
control_a9738c40ff53f02521a2dad3e4ddf1447161387aa1b08341b8819e44a308a910	parent_control	a9738c40ff53f02521a2dad3e4ddf1447161387aa1b08341b8819e44a308a910	201	PF00071.29	Ras	Ras family	162	1	161	0.9938271604938271	9	173	9	174	0.8208955223880597	193.97508239746094	193.73358154296875	4.875250442242289e-59	5.784660256492798e-59	1.855609287298945e-60	21.600000381469727	21.600000381469727	1
control_a97484af7998422c4b1f2fb421799246680b724b935bbc8ccf79e6670b0ba1c9	parent_control	a97484af7998422c4b1f2fb421799246680b724b935bbc8ccf79e6670b0ba1c9	261	PF05279.17	Asp-B-Hydro_N	Aspartyl beta-hydroxylase N-terminal region	66	1	66	1.0	14	79	14	79	0.25287356321839083	149.16355895996094	148.34226989746094	9.124888805073125e-46	1.6467104063330973e-45	5.052667913434887e-47	23.0	23.0	1
control_a9df1e345c7897470419b864540e5033c4989b50ade850d058fa8a2ba2612b30	parent_control	a9df1e345c7897470419b864540e5033c4989b50ade850d058fa8a2ba2612b30	1149	PF13181.13	TPR_8	Tetratricopeptide repeat	34	2	31	0.8823529411764706	138	167	137	168	0.02610966057441253	45.96625518798828	17.81745147705078	9.5635920455683e-14	0.00010256769174154464	1.4305117397704972e-06	25.700000762939453	11.800000190734863	3
control_a9df1e345c7897470419b864540e5033c4989b50ade850d058fa8a2ba2612b30	parent_control	a9df1e345c7897470419b864540e5033c4989b50ade850d058fa8a2ba2612b30	1149	PF13432.13	TPR_16	Tetratricopeptide repeat	65	4	57	0.8307692307692308	257	311	254	318	0.047867711053089644	39.974021911621094	15.92555046081543	1.5606766930354626e-11	0.0005221291199661175	6.5539220079428975e-06	32.70000076293945	15.5	4
control_a9df1e345c7897470419b864540e5033c4989b50ade850d058fa8a2ba2612b30	parent_control	a9df1e345c7897470419b864540e5033c4989b50ade850d058fa8a2ba2612b30	1149	PF02373.29	JmjC	JmjC domain, hydroxylase	114	1	114	1.0	882	990	882	990	0.09486510008703221	106.18354034423828	106.18354034423828	5.110301137185703e-32	5.110301137185703e-32	2.850935083506668e-34	24.0	24.0	3
control_a9df1e345c7897470419b864540e5033c4989b50ade850d058fa8a2ba2612b30	parent_control	a9df1e345c7897470419b864540e5033c4989b50ade850d058fa8a2ba2612b30	1149	PF21322.3	KDM6_C-hel	Lysine-specific demethylase 6/UTY, C-terminal helical domain	56	1	56	1.0	997	1052	997	1052	0.04873803307223673	105.27008819580078	104.11705017089844	3.650897418049046e-32	8.365072369053195e-32	4.6667070399181e-34	26.799999237060547	26.799999237060547	1
control_a9df1e345c7897470419b864540e5033c4989b50ade850d058fa8a2ba2612b30	parent_control	a9df1e345c7897470419b864540e5033c4989b50ade850d058fa8a2ba2612b30	1149	PF21326.5	KDM6_GATAL	KDM6, GATA-like	59	1	59	1.0	1069	1129	1069	1129	0.05308964316797215	97.87773895263672	96.22733306884766	8.987441665104057e-30	2.944097757282086e-29	1.642453421077872e-31	27.0	27.0	1
control_a9fe5b486c4ac81f7f0aeb38f96655c054001fe0dc947aff0e59cbfb9d65d4c5	parent_control	a9fe5b486c4ac81f7f0aeb38f96655c054001fe0dc947aff0e59cbfb9d65d4c5	126	PF01423.29	LSM	LSM domain	66	2	65	0.9696969696969697	9	72	8	73	0.5079365079365079	63.774200439453125	63.311790466308594	3.4889281511630194e-19	4.8645756752397e-19	2.7138497490876986e-21	23.399999618530273	23.399999618530273	1
control_aa332563395735725298c8e0f34395ac3fa22970d4b1a7a4790998c3442fd005	parent_control	aa332563395735725298c8e0f34395ac3fa22970d4b1a7a4790998c3442fd005	293	PF25234.2	Periphilin_C	Periphilin C-terminal domain	84	2	84	0.9880952380952381	203	285	202	285	0.2832764505119454	147.42022705078125	147.42022705078125	4.42645987129807e-45	4.42645987129807e-45	1.8520752599573514e-47	27.0	27.0	2
control_aa3a8b9f193ab6599711a35e5757636a93c74a353cf5ab3ebc217a102e7cf067	parent_control	aa3a8b9f193ab6599711a35e5757636a93c74a353cf5ab3ebc217a102e7cf067	87	PF00059.28	Lectin_C	Lectin C-type domain	107	29	107	0.7383177570093458	1	82	1	82	0.9425287356321839	47.52395248413086	47.3885383605957	9.570428941324139e-14	1.054476075103542e-13	4.4120337870441087e-16	22.600000381469727	22.600000381469727	1
control_aa695e3c7986bb8fe78d7c41e0580879cdf299cf1d21fa437aa06167682065e3	parent_control	aa695e3c7986bb8fe78d7c41e0580879cdf299cf1d21fa437aa06167682065e3	150	PF00595.30	PDZ	PDZ domain	81	8	51	0.5432098765432098	18	58	11	59	0.2733333333333333	32.859169006347656	30.856185913085938	2.5554303468127443e-09	1.0777322308204501e-08	3.006226585273222e-11	23.200000762939453	23.200000762939453	1
control_aa8792f918ce7e1207910c3f3aa3953d51cb1ed9f0c16bfffc497a4fd8da5848	parent_control	aa8792f918ce7e1207910c3f3aa3953d51cb1ed9f0c16bfffc497a4fd8da5848	709	PF01433.27	Peptidase_M1	Peptidase family M1 domain	218	21	218	0.908256880733945	436	653	424	653	0.307475317348378	72.08977508544922	70.90263366699219	1.9063419517378555e-21	4.398772587512713e-21	4.907974993040684e-23	27.700000762939453	27.700000762939453	1
control_aa8dd22ca0da9216315e324ab75966c02a8dbaa4ad10c16632e5d71a34a2f996	parent_control	aa8dd22ca0da9216315e324ab75966c02a8dbaa4ad10c16632e5d71a34a2f996	987	PF18104.8	Tudor_2	Jumonji domain-containing protein 2A Tudor domain	35	1	34	0.9714285714285714	90	123	90	123	0.034447821681864235	33.7081184387207	32.29764175415039	8.739148639570561e-10	2.4116361910684154e-09	1.681754666017026e-11	31.399999618530273	31.399999618530273	1
control_aa8dd22ca0da9216315e324ab75966c02a8dbaa4ad10c16632e5d71a34a2f996	parent_control	aa8dd22ca0da9216315e324ab75966c02a8dbaa4ad10c16632e5d71a34a2f996	987	PF18115.8	Tudor_3	DNA repair protein Crb2 Tudor domain	52	3	51	0.9423076923076923	91	135	89	136	0.04559270516717325	29.217533111572266	27.82993507385254	2.4281168011538043e-08	6.586218280587707e-08	4.5928997772578156e-10	25.799999237060547	25.799999237060547	1
control_aa8dd22ca0da9216315e324ab75966c02a8dbaa4ad10c16632e5d71a34a2f996	parent_control	aa8dd22ca0da9216315e324ab75966c02a8dbaa4ad10c16632e5d71a34a2f996	987	PF16660.11	PHD20L1_u1	PHD finger protein 20-like protein 1	99	1	99	1.0	292	387	292	387	0.0972644376899696	144.23394775390625	144.23394775390625	6.352866810590011e-44	6.352866810590011e-44	8.860344226764311e-46	27.0	27.0	1
control_aa8dd22ca0da9216315e324ab75966c02a8dbaa4ad10c16632e5d71a34a2f996	parent_control	aa8dd22ca0da9216315e324ab75966c02a8dbaa4ad10c16632e5d71a34a2f996	987	PF20826.3	PHD_5	PhD finger domain	56	1	56	1.0	647	702	647	702	0.05673758865248227	133.62290954589844	132.42958068847656	6.969200210707069e-41	1.643845242314452e-40	1.3756027132338512e-42	27.0	27.0	1
control_ab3d1696f281542cf2fc61f38ebb472abd633463cfc5a5870ac8851701b02702	parent_control	ab3d1696f281542cf2fc61f38ebb472abd633463cfc5a5870ac8851701b02702	350	PF15122.12	TMEM206	TMEM206 protein family	296	1	296	1.0	55	349	55	349	0.8428571428571429	574.954345703125	574.6804809570312	1.076445826892851e-174	1.3044276918847088e-174	1.8192854838001518e-177	27.0	27.0	1
control_ac2653ab94fc4e6411a090c7c2e78a76bb682f97635ec6ab6094571d43035e27	parent_control	ac2653ab94fc4e6411a090c7c2e78a76bb682f97635ec6ab6094571d43035e27	191	PF00025.28	Arf	ADP-ribosylation factor family	174	13	168	0.896551724137931	2	170	1	176	0.8848167539267016	33.45425033569336	33.054439544677734	1.0921413942551652e-09	1.4490070885023608e-09	3.6376746991691065e-11	22.299999237060547	22.299999237060547	1
control_ac2653ab94fc4e6411a090c7c2e78a76bb682f97635ec6ab6094571d43035e27	parent_control	ac2653ab94fc4e6411a090c7c2e78a76bb682f97635ec6ab6094571d43035e27	191	PF08477.20	Roc	Ras of Complex, Roc, domain of DAPkinase	119	1	119	1.0	5	118	5	118	0.5968586387434555	79.2627944946289	78.84663391113281	1.0522451241303167e-23	1.4161294702829946e-23	3.950151939422579e-25	27.0	27.0	1
control_ac2653ab94fc4e6411a090c7c2e78a76bb682f97635ec6ab6094571d43035e27	parent_control	ac2653ab94fc4e6411a090c7c2e78a76bb682f97635ec6ab6094571d43035e27	191	PF00071.29	Ras	Ras family	162	1	161	0.9938271604938271	5	177	5	178	0.9057591623036649	186.03070068359375	185.8402099609375	1.353732789459611e-56	1.5492594678229286e-56	4.96973051045012e-58	21.600000381469727	21.600000381469727	1
control_acd37f30de73f3e72ceb46914e593e8469f1f82ae1d7c6a75ef90b049edb8f40	parent_control	acd37f30de73f3e72ceb46914e593e8469f1f82ae1d7c6a75ef90b049edb8f40	971	PF00554.28	RHD_DNA_bind	Rel homology DNA-binding domain	169	1	169	1.0	42	240	42	240	0.20494335736354274	224.38429260253906	223.77581787109375	3.282763202288474e-68	5.049231901046173e-68	2.8168657746422162e-70	27.0	27.0	1
control_acd37f30de73f3e72ceb46914e593e8469f1f82ae1d7c6a75ef90b049edb8f40	parent_control	acd37f30de73f3e72ceb46914e593e8469f1f82ae1d7c6a75ef90b049edb8f40	971	PF16179.12	RHD_dimer	Rel homology dimerisation domain	103	1	102	0.9902912621359223	249	350	249	351	0.10504634397528322	134.5450439453125	133.75076293945312	4.4778621005803865e-41	7.91321385285127e-41	1.1036560464227714e-43	28.299999237060547	28.299999237060547	1
control_acd37f30de73f3e72ceb46914e593e8469f1f82ae1d7c6a75ef90b049edb8f40	parent_control	acd37f30de73f3e72ceb46914e593e8469f1f82ae1d7c6a75ef90b049edb8f40	971	PF12796.14	Ank_2	Ankyrin repeats (3 copies)	90	13	88	0.8444444444444444	521	606	512	608	0.08856848609680741	102.7051010131836	33.111572265625	4.757771250765201e-31	2.458607977358837e-09	6.172237600064026e-11	27.299999237060547	27.299999237060547	1
control_acd37f30de73f3e72ceb46914e593e8469f1f82ae1d7c6a75ef90b049edb8f40	parent_control	acd37f30de73f3e72ceb46914e593e8469f1f82ae1d7c6a75ef90b049edb8f40	971	PF00023.37	Ank	Ankyrin repeat	33	3	32	0.9090909090909091	579	608	578	609	0.030895983522142123	102.23926544189453	21.60024642944336	1.52293240118442e-31	7.436061051963265e-06	1.8667935695305267e-07	21.100000381469727	14.699999809265137	2
control_acd37f30de73f3e72ceb46914e593e8469f1f82ae1d7c6a75ef90b049edb8f40	parent_control	acd37f30de73f3e72ceb46914e593e8469f1f82ae1d7c6a75ef90b049edb8f40	971	PF12796.14	Ank_2	Ankyrin repeats (3 copies)	90	1	89	0.9888888888888889	582	676	582	677	0.09783728115345006	102.7051010131836	52.54414367675781	4.757771250765201e-31	2.1266584900161717e-15	5.338891606735159e-17	27.299999237060547	27.299999237060547	2
control_acd37f30de73f3e72ceb46914e593e8469f1f82ae1d7c6a75ef90b049edb8f40	parent_control	acd37f30de73f3e72ceb46914e593e8469f1f82ae1d7c6a75ef90b049edb8f40	971	PF00023.37	Ank	Ankyrin repeat	33	2	28	0.8181818181818182	611	638	610	643	0.028836251287332648	102.23926544189453	18.50261116027832	1.52293240118442e-31	7.213350326518753e-05	1.8108829271595195e-06	21.100000381469727	14.699999809265137	3
control_acd37f30de73f3e72ceb46914e593e8469f1f82ae1d7c6a75ef90b049edb8f40	parent_control	acd37f30de73f3e72ceb46914e593e8469f1f82ae1d7c6a75ef90b049edb8f40	971	PF13637.13	Ank_4	Ankyrin repeats (many copies)	50	1	50	1.0	615	667	615	667	0.05458290422245108	81.34223175048828	26.081436157226562	1.210172696552882e-24	3.0725218481584915e-07	7.713443970272363e-09	22.700000762939453	22.700000762939453	4
control_acd37f30de73f3e72ceb46914e593e8469f1f82ae1d7c6a75ef90b049edb8f40	parent_control	acd37f30de73f3e72ceb46914e593e8469f1f82ae1d7c6a75ef90b049edb8f40	971	PF00023.37	Ank	Ankyrin repeat	33	2	31	0.9090909090909091	647	676	646	678	0.030895983522142123	102.23926544189453	16.296737670898438	1.52293240118442e-31	0.00036378785175550274	9.132749416456134e-06	21.100000381469727	14.699999809265137	4
control_acd37f30de73f3e72ceb46914e593e8469f1f82ae1d7c6a75ef90b049edb8f40	parent_control	acd37f30de73f3e72ceb46914e593e8469f1f82ae1d7c6a75ef90b049edb8f40	971	PF13637.13	Ank_4	Ankyrin repeats (many copies)	50	1	46	0.92	651	697	651	701	0.04840370751802266	81.34223175048828	31.2904109954834	1.210172696552882e-24	7.029166668853968e-09	1.7646443520135485e-10	22.700000762939453	22.700000762939453	5
control_acd37f30de73f3e72ceb46914e593e8469f1f82ae1d7c6a75ef90b049edb8f40	parent_control	acd37f30de73f3e72ceb46914e593e8469f1f82ae1d7c6a75ef90b049edb8f40	971	PF12796.14	Ank_2	Ankyrin repeats (3 copies)	90	20	88	0.7666666666666667	671	743	670	745	0.07518022657054584	102.7051010131836	35.534828186035156	4.757771250765201e-31	4.311513909425667e-10	1.082388429144519e-11	27.299999237060547	27.299999237060547	3
control_acd37f30de73f3e72ceb46914e593e8469f1f82ae1d7c6a75ef90b049edb8f40	parent_control	acd37f30de73f3e72ceb46914e593e8469f1f82ae1d7c6a75ef90b049edb8f40	971	PF00023.37	Ank	Ankyrin repeat	33	2	32	0.9393939393939394	681	712	680	713	0.032955715756951595	102.23926544189453	19.389636993408203	1.52293240118442e-31	3.763247785811471e-05	9.447483981116664e-07	21.100000381469727	14.699999809265137	5
control_acd37f30de73f3e72ceb46914e593e8469f1f82ae1d7c6a75ef90b049edb8f40	parent_control	acd37f30de73f3e72ceb46914e593e8469f1f82ae1d7c6a75ef90b049edb8f40	971	PF00023.37	Ank	Ankyrin repeat	33	1	32	0.9696969696969697	714	745	714	746	0.032955715756951595	102.23926544189453	19.7384033203125	1.52293240118442e-31	2.9137918997150913e-05	7.314958744054623e-07	21.100000381469727	14.699999809265137	6
control_acd37f30de73f3e72ceb46914e593e8469f1f82ae1d7c6a75ef90b049edb8f40	parent_control	acd37f30de73f3e72ceb46914e593e8469f1f82ae1d7c6a75ef90b049edb8f40	971	PF00531.29	Death	Death domain	86	3	85	0.9651162790697675	814	887	812	888	0.07621009268795056	49.72550582885742	48.389869689941406	1.1699994047151699e-14	3.054505478020828e-14	4.26011921620757e-17	22.600000381469727	22.600000381469727	1
control_acfcd539b69f3433a7f9acb68e9431fb0f41539d34d63f12a1595f93c0286ea8	parent_control	acfcd539b69f3433a7f9acb68e9431fb0f41539d34d63f12a1595f93c0286ea8	217	PF05008.22	V-SNARE	Vesicle transport v-SNARE protein N-terminus	92	1	91	0.9891304347826086	1	91	1	92	0.41935483870967744	107.7795639038086	107.7795639038086	1.1405959748817701e-32	1.1405959748817701e-32	7.953946826232706e-35	25.899999618530273	25.899999618530273	1
control_acfcd539b69f3433a7f9acb68e9431fb0f41539d34d63f12a1595f93c0286ea8	parent_control	acfcd539b69f3433a7f9acb68e9431fb0f41539d34d63f12a1595f93c0286ea8	217	PF12352.14	V-SNARE_C	Snare region anchored in the vesicle membrane C-terminus	66	1	65	0.9848484848484849	123	187	123	188	0.2995391705069124	77.13421630859375	74.4397964477539	3.6157666384349427e-23	2.5080903100869276e-22	1.0494101715844886e-24	27.100000381469727	27.100000381469727	2
control_ad3cb63a52d3ceb80503caf3667a8f27088ef697dbaa095b572c529ec93b5fa3	parent_control	ad3cb63a52d3ceb80503caf3667a8f27088ef697dbaa095b572c529ec93b5fa3	1391	PF13872.13	AAA_34	P-loop containing NTP hydrolase pore-1	306	1	306	1.0	254	559	254	559	0.21998562185478074	480.0840759277344	479.40472412109375	8.300366584111907e-146	1.336456541132733e-145	9.319780621567176e-148	27.0	27.0	1
control_ad3cb63a52d3ceb80503caf3667a8f27088ef697dbaa095b572c529ec93b5fa3	parent_control	ad3cb63a52d3ceb80503caf3667a8f27088ef697dbaa095b572c529ec93b5fa3	1391	PF04851.22	ResIII	Type III restriction enzyme, res subunit	164	8	140	0.8109756097560976	293	443	288	478	0.10855499640546369	32.835906982421875	31.040176391601562	2.2611898449131553e-09	8.063294813989406e-09	7.872114881161206e-11	22.5	22.5	1
control_ad3cb63a52d3ceb80503caf3667a8f27088ef697dbaa095b572c529ec93b5fa3	parent_control	ad3cb63a52d3ceb80503caf3667a8f27088ef697dbaa095b572c529ec93b5fa3	1391	PF13871.13	Helicase_C_4	C-terminal domain on Strawberry notch homologue	271	1	271	1.0	870	1146	870	1146	0.199137311286844	399.9617614746094	399.3907470703125	2.4848382724723603e-121	3.710442161477779e-121	2.587477100054239e-123	30.5	30.5	1
control_ad3cb63a52d3ceb80503caf3667a8f27088ef697dbaa095b572c529ec93b5fa3	parent_control	ad3cb63a52d3ceb80503caf3667a8f27088ef697dbaa095b572c529ec93b5fa3	1391	PF25373.2	SBNO	SBNO alpha/beta domain	119	1	119	1.0	1184	1298	1184	1298	0.08267433501078361	143.55502319335938	142.07688903808594	1.1490740300922371e-43	3.299733311984663e-43	2.3010692552194302e-45	24.0	24.0	1
control_ad575211215a9e43399decd27d3a655c08d992a3cbc5b1519ca8fb8bba405429	parent_control	ad575211215a9e43399decd27d3a655c08d992a3cbc5b1519ca8fb8bba405429	266	PF04089.20	BRICHOS	BRICHOS domain	91	2	91	0.989010989010989	140	230	139	230	0.34210526315789475	76.3027572631836	74.87215423583984	6.378967929384842e-23	1.782766625689072e-22	7.459274584473105e-25	25.0	25.0	2
control_ae78a49e691758b6e4e372610fbeebd08710374e5976f8816c00bd3ebbb2cfe4	parent_control	ae78a49e691758b6e4e372610fbeebd08710374e5976f8816c00bd3ebbb2cfe4	207	PF05279.17	Asp-B-Hydro_N	Aspartyl beta-hydroxylase N-terminal region	66	1	66	1.0	14	79	14	79	0.3188405797101449	149.66726684570312	148.9579620361328	6.353020844852035e-46	1.0578174716435564e-45	3.2457439855171883e-47	23.0	23.0	1
control_aec685cca2bf91dde4fc95031e26856e49e9c688775269ba6d8a18c4cdb1be0e	parent_control	aec685cca2bf91dde4fc95031e26856e49e9c688775269ba6d8a18c4cdb1be0e	78	PF01370.28	Epimerase	NAD dependent epimerase/dehydratase family	240	2	53	0.21666666666666667	30	77	29	78	0.6153846153846154	26.913639068603516	26.677064895629883	1.1145075925635618e-07	1.3162674476205965e-07	7.343193571105141e-10	20.899999618530273	20.899999618530273	1
control_aec685cca2bf91dde4fc95031e26856e49e9c688775269ba6d8a18c4cdb1be0e	parent_control	aec685cca2bf91dde4fc95031e26856e49e9c688775269ba6d8a18c4cdb1be0e	78	PF01073.26	3Beta_HSD	3-beta hydroxysteroid dehydrogenase/isomerase family	280	2	34	0.11785714285714285	31	61	30	78	0.3974358974358974	24.53592300415039	24.392120361328125	4.611051173817697e-07	5.100752343445079e-07	2.134206001441456e-09	22.0	22.0	1
control_af68ea87671fef795f2e1cf0ed292bddf3a59911eb86962e55973b7cf0e546a1	parent_control	af68ea87671fef795f2e1cf0ed292bddf3a59911eb86962e55973b7cf0e546a1	255	PF10300.16	Iml2-TPR_39	Iml2/Tetratricopeptide repeat protein 39	467	278	467	0.4068522483940043	1	170	1	170	0.6666666666666666	141.01205444335938	140.75015258789062	1.8244814041402606e-42	2.1906541066456872e-42	2.138713911648509e-44	22.200000762939453	22.200000762939453	1
control_af68ea87671fef795f2e1cf0ed292bddf3a59911eb86962e55973b7cf0e546a1	parent_control	af68ea87671fef795f2e1cf0ed292bddf3a59911eb86962e55973b7cf0e546a1	255	PF10345.16	Cohesin_load	Cohesin loading factor	587	340	457	0.2010221465076661	8	128	2	133	0.4745098039215686	33.779945373535156	26.52463722229004	4.86528571495509e-10	7.660534450493476e-08	7.478903926562669e-10	25.799999237060547	25.799999237060547	1
control_afa39cc15567a6b35bbe4bee9b58b7cc42cef751200facfa4b8ded5064f81fd8	parent_control	afa39cc15567a6b35bbe4bee9b58b7cc42cef751200facfa4b8ded5064f81fd8	134	PF22528.2	PRMT_C	Arginine methyltransferase oligomerization subdomain	165	57	165	0.6606060606060606	14	121	3	121	0.8059701492537313	143.3526153564453	143.12705993652344	2.415999089716702e-43	2.83429322660149e-43	3.5576902425960125e-45	27.0	27.0	1
control_b04af00e946c0ba633eab8b927ad23819999c132af53d6607daa52e220beffd6	parent_control	b04af00e946c0ba633eab8b927ad23819999c132af53d6607daa52e220beffd6	487	PF04598.18	Gasdermin	Gasdermin pore forming domain	240	1	240	1.0	4	243	4	243	0.4928131416837782	318.9530944824219	318.2110595703125	7.125193383968118e-97	1.2007421072703167e-96	5.024025553432288e-99	25.0	25.0	1
control_b04af00e946c0ba633eab8b927ad23819999c132af53d6607daa52e220beffd6	parent_control	b04af00e946c0ba633eab8b927ad23819999c132af53d6607daa52e220beffd6	487	PF17708.7	Gasdermin_C	Gasdermin PUB domain	172	1	172	1.0	288	459	288	459	0.3531827515400411	200.6959228515625	200.6187744140625	6.919896585241961e-61	7.30800431231358e-61	1.0192474633631214e-63	36.29999923706055	36.29999923706055	2
control_b0c9eb5de887fbddd837b7cb02ba340ec94a8814ece8121f2791590c21b4465f	parent_control	b0c9eb5de887fbddd837b7cb02ba340ec94a8814ece8121f2791590c21b4465f	320	PF07690.22	MFS_1	Major Facilitator Superfamily	347	15	228	0.6167146974063401	88	309	71	317	0.69375	63.77335739135742	51.19970703125	5.093495321384926e-19	3.392076808062978e-15	9.46185999459687e-18	33.400001525878906	33.400001525878906	2
control_b0e4f6a00299c83312a6ae68087a12a0a32dd7386b007802df27475f26a3431a	parent_control	b0e4f6a00299c83312a6ae68087a12a0a32dd7386b007802df27475f26a3431a	42	PF01423.29	LSM	LSM domain	66	2	35	0.5151515151515151	9	42	8	42	0.8095238095238095	31.67987060546875	31.564586639404297	3.6454126509700287e-09	3.960367560885259e-09	2.209410075807676e-11	23.399999618530273	23.399999618530273	1
control_b17a837756587a365f684c80948598133c4ccbe761400cb2392eae2a2c4a864d	parent_control	b17a837756587a365f684c80948598133c4ccbe761400cb2392eae2a2c4a864d	240	PF00227.32	Proteasome	Proteasome subunit	189	2	189	0.9947089947089947	34	225	33	225	0.8	144.43325805664062	143.98377990722656	1.170199824484439e-43	1.6072635315991745e-43	4.259136276204228e-45	22.399999618530273	22.399999618530273	1
control_b1982646bea159b3e3b455d9e3f3dfacce4f6648eafa42e7c91f90739fcc44a7	parent_control	b1982646bea159b3e3b455d9e3f3dfacce4f6648eafa42e7c91f90739fcc44a7	292	PF04438.23	zf-HIT	HIT zinc finger	30	4	30	0.9	42	69	40	69	0.0958904109589041	34.91862106323242	34.024906158447266	3.6387166705540835e-10	6.924033867147292e-10	1.9313902000410856e-12	24.700000762939453	24.700000762939453	1
control_b1982646bea159b3e3b455d9e3f3dfacce4f6648eafa42e7c91f90739fcc44a7	parent_control	b1982646bea159b3e3b455d9e3f3dfacce4f6648eafa42e7c91f90739fcc44a7	292	PF25790.2	BCD1	BCD1 domain	152	3	150	0.9736842105263158	131	275	129	277	0.4965753424657534	157.30758666992188	156.74253845214844	1.4491689410327922e-47	2.1634895660538022e-47	6.034838399034316e-50	27.299999237060547	27.299999237060547	1
control_b26ec3b6f3a11b387fd16a3539b5e60dd5d16768da65f5a9b0d770f12fd9cebc	parent_control	b26ec3b6f3a11b387fd16a3539b5e60dd5d16768da65f5a9b0d770f12fd9cebc	87	PF06726.18	BC10	Bladder cancer-related protein BC10	65	1	65	1.0	1	65	1	65	0.7471264367816092	95.41539001464844	95.1587905883789	6.86711104605575e-29	8.258102696205793e-29	1.1517576982155918e-31	27.0	27.0	1
control_b2e900f8bd9204fe9ee8afecc83f1baa8d9b92ba6198ec455cb1ecef038a852c	parent_control	b2e900f8bd9204fe9ee8afecc83f1baa8d9b92ba6198ec455cb1ecef038a852c	175	PF05300.17	MIC19_MIC25	MICOS complex subunit MIC19/MIC25	167	1	167	1.0	29	174	29	174	0.8342857142857143	125.61087036132812	118.12913513183594	9.809017187764722e-38	1.9558395805238945e-35	5.455619471475299e-38	33.0	33.0	1
control_b33dd68645fcfe43d4654563dbc50baa1bc07864ac0bb13725612df821aa2e4e	parent_control	b33dd68645fcfe43d4654563dbc50baa1bc07864ac0bb13725612df821aa2e4e	253	PF02014.24	Reeler	Reeler domain	144	2	141	0.9722222222222222	31	167	30	170	0.541501976284585	162.09225463867188	161.34585571289062	3.588269052899554e-49	6.096289623664067e-49	3.400998395349549e-51	21.0	21.0	1
control_b4026fdc15bc8096e1ddd1551bff0fddd1ff23c128e8884f1ddf52edd65ba870	parent_control	b4026fdc15bc8096e1ddd1551bff0fddd1ff23c128e8884f1ddf52edd65ba870	359	PF00777.24	Glyco_transf_29	Glycosyltransferase family 29 (sialyltransferase)	271	6	270	0.977859778597786	101	347	96	348	0.6880222841225627	232.40431213378906	231.9948272705078	2.409995705298357e-70	3.212819361423977e-70	1.7923678445879927e-72	23.0	23.0	1
control_b51dcf10d0536081d0d0dd9e284d55daa69eeeabdb9eba7a3aed2f96330be081	parent_control	b51dcf10d0536081d0d0dd9e284d55daa69eeeabdb9eba7a3aed2f96330be081	106	PF00227.32	Proteasome	Proteasome subunit	189	102	189	0.4656084656084656	2	88	1	88	0.8207547169811321	67.42396545410156	67.28829956054688	4.810966158640105e-20	5.294593408517456e-20	1.4030303314062993e-21	22.399999618530273	22.399999618530273	1
control_b6097ec9ca8327598c7f0e4b17956f1027eca7c86c06aef1eb256afa4661beb6	parent_control	b6097ec9ca8327598c7f0e4b17956f1027eca7c86c06aef1eb256afa4661beb6	538	PF00999.27	Na_H_Exchanger	Sodium/hydrogen exchanger, transmembrane	375	3	375	0.9946666666666667	84	535	79	535	0.8401486988847584	274.96331787109375	273.72491455078125	3.385776255065278e-83	8.052898367529964e-83	4.492551390532755e-85	26.200000762939453	26.200000762939453	1
control_b6608c35145ccbd7b0deab797e7c8d689eeb7183b292fccc3e8c826c2a936a26	parent_control	b6608c35145ccbd7b0deab797e7c8d689eeb7183b292fccc3e8c826c2a936a26	318	PF00400.39	WD40	WD domain, G-beta repeat	39	12	39	0.717948717948718	63	91	54	91	0.09119496855345911	121.24191284179688	18.504323959350586	2.583646980606885e-37	8.681165465175534e-05	2.421524537008517e-07	27.0	12.100000381469727	1
control_b6608c35145ccbd7b0deab797e7c8d689eeb7183b292fccc3e8c826c2a936a26	parent_control	b6608c35145ccbd7b0deab797e7c8d689eeb7183b292fccc3e8c826c2a936a26	318	PF00400.39	WD40	WD domain, G-beta repeat	39	3	39	0.9487179487179487	98	136	96	136	0.12264150943396226	121.24191284179688	33.05724334716797	2.583646980606885e-37	2.1437640588760265e-09	5.979816063810395e-12	27.0	12.100000381469727	2
control_b6608c35145ccbd7b0deab797e7c8d689eeb7183b292fccc3e8c826c2a936a26	parent_control	b6608c35145ccbd7b0deab797e7c8d689eeb7183b292fccc3e8c826c2a936a26	318	PF08662.18	eIF2A	Eukaryotic translation initiation factor eIF2A	194	50	162	0.5824742268041238	98	213	57	223	0.36477987421383645	23.790346145629883	21.69182014465332	1.3803632851244404e-06	6.069756564636369e-06	8.465490327247377e-09	20.5	20.5	1
control_b6608c35145ccbd7b0deab797e7c8d689eeb7183b292fccc3e8c826c2a936a26	parent_control	b6608c35145ccbd7b0deab797e7c8d689eeb7183b292fccc3e8c826c2a936a26	318	PF00400.39	WD40	WD domain, G-beta repeat	39	2	39	0.9743589743589743	141	179	140	179	0.12264150943396226	121.24191284179688	23.21070098876953	2.583646980606885e-37	2.809029375525374e-06	7.83550732364121e-09	27.0	12.100000381469727	3
control_b6608c35145ccbd7b0deab797e7c8d689eeb7183b292fccc3e8c826c2a936a26	parent_control	b6608c35145ccbd7b0deab797e7c8d689eeb7183b292fccc3e8c826c2a936a26	318	PF00400.39	WD40	WD domain, G-beta repeat	39	6	39	0.8717948717948718	188	222	184	222	0.11006289308176101	121.24191284179688	16.87040901184082	2.583646980606885e-37	0.0002856732200783529	7.968569597722536e-07	27.0	12.100000381469727	4
control_b6608c35145ccbd7b0deab797e7c8d689eeb7183b292fccc3e8c826c2a936a26	parent_control	b6608c35145ccbd7b0deab797e7c8d689eeb7183b292fccc3e8c826c2a936a26	318	PF00400.39	WD40	WD domain, G-beta repeat	39	2	39	0.9743589743589743	228	266	227	266	0.12264150943396226	121.24191284179688	27.844953536987305	2.583646980606885e-37	9.580074240227539e-08	2.672266175795687e-10	27.0	12.100000381469727	5
control_b6ecd1f9e3449f21c95a0c47b31f963282d75a8c53de4d34367f1a9e1b56f6cb	parent_control	b6ecd1f9e3449f21c95a0c47b31f963282d75a8c53de4d34367f1a9e1b56f6cb	61	PF30864.1	TRIR	Telomerase RNA component interacting RNase	114	54	114	0.5350877192982456	1	61	1	61	1.0	123.35840606689453	123.2420883178711	2.8777369325917496e-37	3.127151527202325e-37	1.3084316013398849e-39	27.0	27.0	1
control_b7483e82cd5240a4edb2c5d8c779ffd6ad76c66c1fefa8e8c5f0584195709f87	parent_control	b7483e82cd5240a4edb2c5d8c779ffd6ad76c66c1fefa8e8c5f0584195709f87	197	PF05008.22	V-SNARE	Vesicle transport v-SNARE protein N-terminus	92	1	91	0.9891304347826086	1	91	1	92	0.4619289340101523	108.10154724121094	108.10154724121094	9.050557860940001e-33	9.050557860940001e-33	6.311407155467225e-35	25.899999618530273	25.899999618530273	1
control_b7483e82cd5240a4edb2c5d8c779ffd6ad76c66c1fefa8e8c5f0584195709f87	parent_control	b7483e82cd5240a4edb2c5d8c779ffd6ad76c66c1fefa8e8c5f0584195709f87	197	PF12352.14	V-SNARE_C	Snare region anchored in the vesicle membrane C-terminus	66	1	65	0.9848484848484849	123	187	123	188	0.3299492385786802	77.42459869384766	76.2255630493164	2.9346002572728425e-23	6.948056766294855e-23	2.9071367222991027e-25	27.100000381469727	27.100000381469727	3
control_b7e12688706fac7186ec3e9243989eedb57e7188771edb03929f4d762d55e8ba	parent_control	b7e12688706fac7186ec3e9243989eedb57e7188771edb03929f4d762d55e8ba	888	PF00435.28	Spectrin	Spectrin repeat	105	2	104	0.9809523809523809	134	237	133	238	0.11711711711711711	41.21575927734375	24.668949127197266	7.216084384674186e-12	1.014881106218831e-06	7.077274101944428e-09	29.899999618530273	24.200000762939453	2
control_b7e12688706fac7186ec3e9243989eedb57e7188771edb03929f4d762d55e8ba	parent_control	b7e12688706fac7186ec3e9243989eedb57e7188771edb03929f4d762d55e8ba	888	PF25803.2	Spectrin_SYNE1_2	Nesprin-1, spectrin repeats	113	1	113	1.0	242	353	242	353	0.12612612612612611	178.6902313232422	178.6902313232422	1.4084537468188538e-54	1.4084537468188538e-54	3.9287412742506385e-57	27.0	27.0	1
control_b7e12688706fac7186ec3e9243989eedb57e7188771edb03929f4d762d55e8ba	parent_control	b7e12688706fac7186ec3e9243989eedb57e7188771edb03929f4d762d55e8ba	888	PF00435.28	Spectrin	Spectrin repeat	105	5	96	0.8761904761904762	564	656	560	664	0.10472972972972973	41.21575927734375	27.36456871032715	7.216084384674186e-12	1.47144014520442e-07	1.0261088878691911e-09	29.899999618530273	24.200000762939453	6
control_b7e12688706fac7186ec3e9243989eedb57e7188771edb03929f4d762d55e8ba	parent_control	b7e12688706fac7186ec3e9243989eedb57e7188771edb03929f4d762d55e8ba	888	PF25804.1	SYNE3	Nesprin-3 domain	83	1	83	1.0	719	801	719	801	0.09346846846846847	135.23776245117188	135.23776245117188	3.2449008865043917e-41	3.2449008865043917e-41	9.051327437948094e-44	30.0	30.0	6
control_b7e12688706fac7186ec3e9243989eedb57e7188771edb03929f4d762d55e8ba	parent_control	b7e12688706fac7186ec3e9243989eedb57e7188771edb03929f4d762d55e8ba	888	PF10541.15	KASH	Nuclear envelope localisation domain	58	2	58	0.9827586206896551	833	888	832	888	0.06306306306306306	84.93356323242188	83.87779235839844	1.312006699168586e-25	2.802877384254866e-25	7.818346957475219e-28	23.0	23.0	1
control_b8cd310c0b779bdcb4826e0488b12738fc7c3d9c111a7f8a51926ee62aadbf93	parent_control	b8cd310c0b779bdcb4826e0488b12738fc7c3d9c111a7f8a51926ee62aadbf93	146	PF08477.20	Roc	Ras of Complex, Roc, domain of DAPkinase	119	58	119	0.5210084033613446	1	68	1	68	0.4657534246575342	59.35239791870117	58.75804138183594	1.5602851087902468e-17	2.3846276853589677e-17	6.651681130708417e-19	27.0	27.0	1
control_b8cd310c0b779bdcb4826e0488b12738fc7c3d9c111a7f8a51926ee62aadbf93	parent_control	b8cd310c0b779bdcb4826e0488b12738fc7c3d9c111a7f8a51926ee62aadbf93	146	PF00025.28	Arf	ADP-ribosylation factor family	174	60	133	0.42528735632183906	1	75	1	117	0.5136986301369864	33.96620559692383	33.83042526245117	7.60404931754622e-10	8.370403158481453e-10	2.101356441459779e-11	22.299999237060547	22.299999237060547	1
control_b8cd310c0b779bdcb4826e0488b12738fc7c3d9c111a7f8a51926ee62aadbf93	parent_control	b8cd310c0b779bdcb4826e0488b12738fc7c3d9c111a7f8a51926ee62aadbf93	146	PF00071.29	Ras	Ras family	162	50	161	0.691358024691358	1	117	1	118	0.8013698630136986	107.39349365234375	107.20838165283203	2.0835104215086913e-32	2.3753767313940642e-32	7.6197579947089925e-34	21.600000381469727	21.600000381469727	1
control_b8f8063bed84a63d5090a9136405f2365905bb0dab8a819aa4f08ed7c70edb84	parent_control	b8f8063bed84a63d5090a9136405f2365905bb0dab8a819aa4f08ed7c70edb84	847	PF13181.13	TPR_8	Tetratricopeptide repeat	34	3	34	0.9411764705882353	567	598	565	598	0.03778040141676505	45.44766616821289	20.590953826904297	1.4027783884748365e-13	1.3220444871943744e-05	1.8438556306755572e-07	25.700000762939453	11.800000190734863	4
control_b8f8063bed84a63d5090a9136405f2365905bb0dab8a819aa4f08ed7c70edb84	parent_control	b8f8063bed84a63d5090a9136405f2365905bb0dab8a819aa4f08ed7c70edb84	847	PF13432.13	TPR_16	Tetratricopeptide repeat	65	3	59	0.8769230769230769	571	627	569	630	0.06729634002361275	38.73247146606445	23.697126388549805	3.8174952106103825e-11	1.9326326875107617e-06	2.4258987709340103e-08	32.70000076293945	15.5	3
control_b96b094df28c124b911629991c20eb1d0e4f183c01d4292fb1f50408a2e06531	parent_control	b96b094df28c124b911629991c20eb1d0e4f183c01d4292fb1f50408a2e06531	489	PF00675.26	Peptidase_M16	Insulinase (Peptidase family M16)	149	1	148	0.9932885906040269	68	214	68	215	0.3006134969325153	200.95440673828125	200.17681884765625	3.407743805302056e-61	5.9166615620569795e-61	8.25196870579774e-64	22.299999237060547	22.299999237060547	1
control_b96b094df28c124b911629991c20eb1d0e4f183c01d4292fb1f50408a2e06531	parent_control	b96b094df28c124b911629991c20eb1d0e4f183c01d4292fb1f50408a2e06531	489	PF05193.27	Peptidase_M16_C	Peptidase M16 inactive domain	181	1	181	1.0	220	404	220	404	0.3783231083844581	138.93124389648438	136.22506713867188	6.217138262794718e-42	4.2080118057181934e-41	5.86891465232663e-44	23.0	23.0	2
control_bad579d1547f0444661ca125a4bb337ecf6e9a486ce2eeee9bf1c147cb1573f0	parent_control	bad579d1547f0444661ca125a4bb337ecf6e9a486ce2eeee9bf1c147cb1573f0	1191	PF05605.19	zf-Di19	Drought induced 19 protein (Di19), zinc-binding	54	3	51	0.9074074074074074	187	238	185	246	0.0436607892527288	34.36161804199219	34.36161804199219	7.783089548014668e-10	7.783089548014668e-10	5.427538039061833e-12	27.5	27.5	1
control_bad579d1547f0444661ca125a4bb337ecf6e9a486ce2eeee9bf1c147cb1573f0	parent_control	bad579d1547f0444661ca125a4bb337ecf6e9a486ce2eeee9bf1c147cb1573f0	1191	PF00096.33	zf-C2H2	Zinc finger, C2H2 type	23	2	23	0.9565217391304348	188	210	187	210	0.019311502938706968	93.77291107177734	17.96846580505371	9.57105403714208e-29	0.00011728888176857345	8.179140988045568e-07	25.200000762939453	15.800000190734863	1
control_bad579d1547f0444661ca125a4bb337ecf6e9a486ce2eeee9bf1c147cb1573f0	parent_control	bad579d1547f0444661ca125a4bb337ecf6e9a486ce2eeee9bf1c147cb1573f0	1191	PF00096.33	zf-C2H2	Zinc finger, C2H2 type	23	1	23	1.0	217	239	217	239	0.019311502938706968	93.77291107177734	20.04977035522461	9.57105403714208e-29	2.557896315706977e-05	1.783749174133178e-07	25.200000762939453	15.800000190734863	2
control_bad579d1547f0444661ca125a4bb337ecf6e9a486ce2eeee9bf1c147cb1573f0	parent_control	bad579d1547f0444661ca125a4bb337ecf6e9a486ce2eeee9bf1c147cb1573f0	1191	PF00096.33	zf-C2H2	Zinc finger, C2H2 type	23	1	23	1.0	258	280	258	280	0.019311502938706968	93.77291107177734	24.170249938964844	9.57105403714208e-29	1.2546499361663612e-06	8.74930220478634e-09	25.200000762939453	15.800000190734863	3
control_bad579d1547f0444661ca125a4bb337ecf6e9a486ce2eeee9bf1c147cb1573f0	parent_control	bad579d1547f0444661ca125a4bb337ecf6e9a486ce2eeee9bf1c147cb1573f0	1191	PF00096.33	zf-C2H2	Zinc finger, C2H2 type	23	1	21	0.9130434782608695	286	306	286	307	0.017632241813602016	93.77291107177734	16.531410217285156	9.57105403714208e-29	0.0003356668514701099	2.3407730228041136e-06	25.200000762939453	15.800000190734863	4
control_bad579d1547f0444661ca125a4bb337ecf6e9a486ce2eeee9bf1c147cb1573f0	parent_control	bad579d1547f0444661ca125a4bb337ecf6e9a486ce2eeee9bf1c147cb1573f0	1191	PF12874.14	zf-met	Zinc-finger of C2H2 type	25	1	19	0.76	975	993	975	995	0.01595298068849706	29.088886260986328	13.514673233032227	3.4182656230900154e-08	0.002731962384315177	1.9051341592156048e-05	21.200000762939453	13.300000190734863	6
control_bad579d1547f0444661ca125a4bb337ecf6e9a486ce2eeee9bf1c147cb1573f0	parent_control	bad579d1547f0444661ca125a4bb337ecf6e9a486ce2eeee9bf1c147cb1573f0	1191	PF00096.33	zf-C2H2	Zinc finger, C2H2 type	23	1	23	1.0	975	997	975	997	0.019311502938706968	93.77291107177734	16.342266082763672	9.57105403714208e-29	0.000385489526653912	2.6882114829422038e-06	25.200000762939453	15.800000190734863	6
control_bad579d1547f0444661ca125a4bb337ecf6e9a486ce2eeee9bf1c147cb1573f0	parent_control	bad579d1547f0444661ca125a4bb337ecf6e9a486ce2eeee9bf1c147cb1573f0	1191	PF00096.33	zf-C2H2	Zinc finger, C2H2 type	23	1	21	0.9130434782608695	1031	1051	1031	1052	0.017632241813602016	93.77291107177734	18.393497467041016	9.57105403714208e-29	8.593992917803926e-05	5.993021560532723e-07	25.200000762939453	15.800000190734863	8
control_bb0a07bc035ef3d02b3a5963fa4231a2152f7431c07229e2366adade313f88c9	parent_control	bb0a07bc035ef3d02b3a5963fa4231a2152f7431c07229e2366adade313f88c9	93	PF07653.24	SH3_2	Variant SH3 domain	55	7	52	0.8363636363636363	41	87	35	90	0.5053763440860215	38.65213394165039	38.021820068359375	2.400529587670564e-11	3.7769490682886876e-11	6.848024810007383e-13	21.799999237060547	21.799999237060547	1
control_bb0a07bc035ef3d02b3a5963fa4231a2152f7431c07229e2366adade313f88c9	parent_control	bb0a07bc035ef3d02b3a5963fa4231a2152f7431c07229e2366adade313f88c9	93	PF14604.13	SH3_9	Variant SH3 domain	49	9	48	0.8163265306122449	46	87	39	88	0.45161290322580644	41.56157302856445	41.14888000488281	3.335627209444699e-12	4.488298568065458e-12	7.51179676663675e-14	30.0	30.0	1
control_bb0a07bc035ef3d02b3a5963fa4231a2152f7431c07229e2366adade313f88c9	parent_control	bb0a07bc035ef3d02b3a5963fa4231a2152f7431c07229e2366adade313f88c9	93	PF00018.35	SH3_1	SH3 domain	48	11	48	0.7916666666666666	47	84	39	84	0.40860215053763443	44.1119270324707	43.64018249511719	4.448924747743587e-13	6.246087445922288e-13	1.2195986644757605e-14	22.899999618530273	22.899999618530273	1
control_bb35a936b0a3024469628d3d10185ae274d1d0c1c66c616c5405acd8bd543df1	parent_control	bb35a936b0a3024469628d3d10185ae274d1d0c1c66c616c5405acd8bd543df1	531	PF00258.31	Flavodoxin_1	Flavodoxin	143	1	109	0.7622377622377622	8	110	8	126	0.19397363465160075	90.00715637207031	89.27729797363281	6.012444848471543e-27	1.0096453405457407e-26	1.5489677470018337e-28	25.0	25.0	1
control_bb35a936b0a3024469628d3d10185ae274d1d0c1c66c616c5405acd8bd543df1	parent_control	bb35a936b0a3024469628d3d10185ae274d1d0c1c66c616c5405acd8bd543df1	531	PF00667.27	FAD_binding_1	FAD binding domain	222	4	222	0.9864864864864865	137	354	134	354	0.4105461393596987	155.13580322265625	154.71202087402344	7.720126119991256e-47	1.0404441755375679e-46	4.353322910199029e-49	32.29999923706055	32.29999923706055	1
control_bb35a936b0a3024469628d3d10185ae274d1d0c1c66c616c5405acd8bd543df1	parent_control	bb35a936b0a3024469628d3d10185ae274d1d0c1c66c616c5405acd8bd543df1	531	PF00175.27	NAD_binding_1	Oxidoreductase NAD-binding domain	109	1	100	0.9174311926605505	389	485	389	494	0.18267419962335216	46.16937255859375	45.18932342529297	2.4300264795529327e-13	4.899615287542586e-13	2.050048237465517e-15	22.0	22.0	1
control_bc24afb36d9714e5814f0713e8c0949a4b43ab6f5c30becf655c8d0866756bd8	parent_control	bc24afb36d9714e5814f0713e8c0949a4b43ab6f5c30becf655c8d0866756bd8	608	PF00565.24	SNase	Staphylococcal nuclease homologue	107	3	107	0.9813084112149533	50	166	48	166	0.1924342105263158	165.0387725830078	56.87603759765625	2.250284422356326e-50	9.661054697214694e-17	2.6948548667265534e-19	21.0	21.0	1
control_bc24afb36d9714e5814f0713e8c0949a4b43ab6f5c30becf655c8d0866756bd8	parent_control	bc24afb36d9714e5814f0713e8c0949a4b43ab6f5c30becf655c8d0866756bd8	608	PF00565.24	SNase	Staphylococcal nuclease homologue	107	1	106	0.9906542056074766	220	327	220	328	0.17763157894736842	165.0387725830078	46.54869079589844	2.250284422356326e-50	1.5713516091868266e-13	4.3831286169785955e-16	21.0	21.0	2
control_bc24afb36d9714e5814f0713e8c0949a4b43ab6f5c30becf655c8d0866756bd8	parent_control	bc24afb36d9714e5814f0713e8c0949a4b43ab6f5c30becf655c8d0866756bd8	608	PF00565.24	SNase	Staphylococcal nuclease homologue	107	2	106	0.9813084112149533	368	495	367	496	0.21052631578947367	165.0387725830078	44.59456253051758	2.250284422356326e-50	6.366519233096748e-13	1.7758770524677122e-15	21.0	21.0	3
control_bc804b2f054de0a544e42e5442aa2e5fa82efbf1727cd58e1ad61ee37efafbe2	parent_control	bc804b2f054de0a544e42e5442aa2e5fa82efbf1727cd58e1ad61ee37efafbe2	152	PF04923.18	Ninjurin	Ninjurin	102	1	102	1.0	38	139	38	139	0.6710526315789473	135.4828338623047	135.2461700439453	2.07454075101235e-41	2.458254227145313e-41	6.857055026904639e-44	26.0	26.0	1
control_bcb7b996e4fc113c4f01da4d20cf46574b1e418f3b7425e67f28959780b42c57	parent_control	bcb7b996e4fc113c4f01da4d20cf46574b1e418f3b7425e67f28959780b42c57	49	PF05279.17	Asp-B-Hydro_N	Aspartyl beta-hydroxylase N-terminal region	66	17	65	0.7424242424242424	1	49	1	49	1.0	109.05245208740234	108.94775390625	3.0345537475425666e-33	3.2717451329121577e-33	1.0038827465002438e-34	23.0	23.0	1
control_bdfc3509f31b8c229e58463ce30c8bf3d6db5bf33272128697e4c03a28829fca	parent_control	bdfc3509f31b8c229e58463ce30c8bf3d6db5bf33272128697e4c03a28829fca	200	PF28124.1	CYHR1_TRAF_C	CYHR1 TRAF, C-terminal domain	135	1	135	1.0	65	199	65	199	0.675	210.91989135742188	209.8095245361328	2.7026990181286826e-64	5.9536192957925726e-64	4.1517568310966337e-66	27.0	27.0	2
control_bff4afb467049187088c69aef0012509b50b31a4645e8429b7ed5a557ff02713	parent_control	bff4afb467049187088c69aef0012509b50b31a4645e8429b7ed5a557ff02713	211	PF08477.20	Roc	Ras of Complex, Roc, domain of DAPkinase	119	1	77	0.6470588235294118	5	72	5	77	0.3222748815165877	68.52841186523438	47.58653259277344	2.234411386539341e-20	6.91752865602318e-14	1.9295756362686695e-15	27.0	27.0	1
control_bff4afb467049187088c69aef0012509b50b31a4645e8429b7ed5a557ff02713	parent_control	bff4afb467049187088c69aef0012509b50b31a4645e8429b7ed5a557ff02713	211	PF00071.29	Ras	Ras family	162	1	73	0.4506172839506173	5	76	5	78	0.3412322274881517	163.62168884277344	89.4789047241211	1.0570743322868887e-49	6.744843985165982e-27	2.1636180147673303e-28	21.600000381469727	21.600000381469727	1
control_bff4afb467049187088c69aef0012509b50b31a4645e8429b7ed5a557ff02713	parent_control	bff4afb467049187088c69aef0012509b50b31a4645e8429b7ed5a557ff02713	211	PF00071.29	Ras	Ras family	162	54	160	0.6604938271604939	78	195	75	197	0.5592417061611374	163.62168884277344	72.95512390136719	1.0570743322868887e-49	8.1538523265559735e-22	2.6156011647250683e-23	21.600000381469727	21.600000381469727	2
control_c03d204706e59801d24331f4cee7361504552f0754d3f2cc6a7a74d903e10d81	parent_control	c03d204706e59801d24331f4cee7361504552f0754d3f2cc6a7a74d903e10d81	143	PF00227.32	Proteasome	Proteasome subunit	189	2	115	0.6031746031746031	34	143	33	143	0.7692307692307693	94.09046173095703	93.87320709228516	3.200901587511692e-28	3.7315635373194826e-28	9.888383153287332e-30	22.399999618530273	22.399999618530273	1
control_c07db310018a45019886e29b23b1d63e9b4945ba891b2f98c019fe442a41fc80	parent_control	c07db310018a45019886e29b23b1d63e9b4945ba891b2f98c019fe442a41fc80	1215	PF05605.19	zf-Di19	Drought induced 19 protein (Di19), zinc-binding	54	3	51	0.9074074074074074	211	262	209	269	0.04279835390946502	35.00465774536133	35.00465774536133	4.901574117760842e-10	4.901574117760842e-10	3.418113052831828e-12	27.5	27.5	1
control_c07db310018a45019886e29b23b1d63e9b4945ba891b2f98c019fe442a41fc80	parent_control	c07db310018a45019886e29b23b1d63e9b4945ba891b2f98c019fe442a41fc80	1215	PF00096.33	zf-C2H2	Zinc finger, C2H2 type	23	2	23	0.9565217391304348	212	234	211	234	0.018930041152263374	93.51709747314453	17.938051223754883	1.15411578357793e-28	0.00011992829364990208	8.363200393995962e-07	25.200000762939453	15.800000190734863	1
control_c07db310018a45019886e29b23b1d63e9b4945ba891b2f98c019fe442a41fc80	parent_control	c07db310018a45019886e29b23b1d63e9b4945ba891b2f98c019fe442a41fc80	1215	PF00096.33	zf-C2H2	Zinc finger, C2H2 type	23	1	23	1.0	241	263	241	263	0.018930041152263374	93.51709747314453	20.019378662109375	1.15411578357793e-28	2.615414167973119e-05	1.8238592524219798e-07	25.200000762939453	15.800000190734863	2
control_c07db310018a45019886e29b23b1d63e9b4945ba891b2f98c019fe442a41fc80	parent_control	c07db310018a45019886e29b23b1d63e9b4945ba891b2f98c019fe442a41fc80	1215	PF00096.33	zf-C2H2	Zinc finger, C2H2 type	23	1	23	1.0	282	304	282	304	0.018930041152263374	93.51709747314453	24.139848709106445	1.15411578357793e-28	1.2828714347960513e-06	8.946104845160748e-09	25.200000762939453	15.800000190734863	3
control_c07db310018a45019886e29b23b1d63e9b4945ba891b2f98c019fe442a41fc80	parent_control	c07db310018a45019886e29b23b1d63e9b4945ba891b2f98c019fe442a41fc80	1215	PF00096.33	zf-C2H2	Zinc finger, C2H2 type	23	1	21	0.9130434782608695	310	330	310	331	0.01728395061728395	93.51709747314453	16.50113868713379	1.15411578357793e-28	0.00034318461214022215	2.3931981320796522e-06	25.200000762939453	15.800000190734863	4
control_c07db310018a45019886e29b23b1d63e9b4945ba891b2f98c019fe442a41fc80	parent_control	c07db310018a45019886e29b23b1d63e9b4945ba891b2f98c019fe442a41fc80	1215	PF12874.14	zf-met	Zinc-finger of C2H2 type	25	1	19	0.76	999	1017	999	1019	0.015637860082304528	28.839059829711914	13.48451042175293	4.0968462953889074e-08	0.0027923495798582044	1.9472451742386363e-05	21.200000762939453	13.300000190734863	6
control_c07db310018a45019886e29b23b1d63e9b4945ba891b2f98c019fe442a41fc80	parent_control	c07db310018a45019886e29b23b1d63e9b4945ba891b2f98c019fe442a41fc80	1215	PF00096.33	zf-C2H2	Zinc finger, C2H2 type	23	1	23	1.0	999	1021	999	1021	0.018930041152263374	93.51709747314453	16.311918258666992	1.15411578357793e-28	0.00039414514253011677	2.748571426290912e-06	25.200000762939453	15.800000190734863	6
control_c07db310018a45019886e29b23b1d63e9b4945ba891b2f98c019fe442a41fc80	parent_control	c07db310018a45019886e29b23b1d63e9b4945ba891b2f98c019fe442a41fc80	1215	PF00096.33	zf-C2H2	Zinc finger, C2H2 type	23	1	21	0.9130434782608695	1055	1075	1055	1076	0.01728395061728395	93.51709747314453	18.363231658935547	1.15411578357793e-28	8.7864314429906e-05	6.127218579491353e-07	25.200000762939453	15.800000190734863	8
control_c0e796b67a5973575bb7df4c14d6ff60dc203f3faa6fc875468267c95a3afac3	parent_control	c0e796b67a5973575bb7df4c14d6ff60dc203f3faa6fc875468267c95a3afac3	1565	PF00651.38	BTB	BTB/POZ domain	110	4	104	0.9181818181818182	499	603	496	606	0.0670926517571885	47.90336608886719	47.01995849609375	4.9902136400401184e-14	9.387759688836839e-14	1.3093109747331714e-16	20.5	20.5	1
control_c0e796b67a5973575bb7df4c14d6ff60dc203f3faa6fc875468267c95a3afac3	parent_control	c0e796b67a5973575bb7df4c14d6ff60dc203f3faa6fc875468267c95a3afac3	1565	PF09494.17	Slx4	Slx4 endonuclease	60	2	60	0.9833333333333333	1485	1541	1484	1541	0.03642172523961661	57.477882385253906	56.62179183959961	3.949965082041235e-17	7.30950766081287e-17	1.0194571353992845e-19	24.799999237060547	24.799999237060547	1
control_c1395869225a72fb3b65c64fabf1c560f7e92f0c6a00d71b8d9420276fe4e517	parent_control	c1395869225a72fb3b65c64fabf1c560f7e92f0c6a00d71b8d9420276fe4e517	279	PF00017.31	SH2	SH2 domain	77	1	77	1.0	169	252	169	252	0.3010752688172043	43.90211868286133	43.222320556640625	7.46669830380015e-13	1.216994561614296e-12	1.697342484817707e-14	21.0	21.0	1
control_c13f0f65d3165b6465f0252b6b81c75f4dd2d80db165bd113219514211e59aad	parent_control	c13f0f65d3165b6465f0252b6b81c75f4dd2d80db165bd113219514211e59aad	285	PF00261.26	Tropomyosin	Tropomyosin	242	1	82	0.33884297520661155	2	83	2	84	0.28771929824561404	277.7283935546875	52.62221145629883	2.8472823770261484e-84	1.5954648774218347e-15	2.892753613177664e-17	38.599998474121094	38.599998474121094	1
control_c13f0f65d3165b6465f0252b6b81c75f4dd2d80db165bd113219514211e59aad	parent_control	c13f0f65d3165b6465f0252b6b81c75f4dd2d80db165bd113219514211e59aad	285	PF16526.11	CLZ	C-terminal leucine zipper domain of cyclic nucleotide-gated channels	71	9	69	0.8591549295774648	14	73	10	75	0.21052631578947367	33.65389633178711	27.20381736755371	1.4504501573545188e-09	1.4954692872110108e-07	1.2514387340677915e-09	26.700000762939453	26.700000762939453	1
control_c13f0f65d3165b6465f0252b6b81c75f4dd2d80db165bd113219514211e59aad	parent_control	c13f0f65d3165b6465f0252b6b81c75f4dd2d80db165bd113219514211e59aad	285	PF00261.26	Tropomyosin	Tropomyosin	242	25	241	0.8966942148760331	68	284	68	285	0.7614035087719299	277.7283935546875	234.95957946777344	2.8472823770261484e-84	3.282629046861865e-71	5.95176814633253e-73	38.599998474121094	38.599998474121094	2
control_c1c80538daddfb8eba13420a8d8f6113b322d97b42673abc0f331d0fe2664532	parent_control	c1c80538daddfb8eba13420a8d8f6113b322d97b42673abc0f331d0fe2664532	914	PF00431.27	CUB	CUB domain	110	1	110	1.0	28	139	28	139	0.12253829321663019	195.81166076660156	100.18116760253906	6.203314533056721e-60	3.170643238368745e-30	2.6532579400575276e-32	21.399999618530273	21.399999618530273	1
control_c1c80538daddfb8eba13420a8d8f6113b322d97b42673abc0f331d0fe2664532	parent_control	c1c80538daddfb8eba13420a8d8f6113b322d97b42673abc0f331d0fe2664532	914	PF00431.27	CUB	CUB domain	110	1	110	1.0	149	264	149	264	0.12691466083150985	195.81166076660156	93.09979248046875	6.203314533056721e-60	5.023934968966696e-28	4.2041296811436785e-30	21.399999618530273	21.399999618530273	2
control_c1c80538daddfb8eba13420a8d8f6113b322d97b42673abc0f331d0fe2664532	parent_control	c1c80538daddfb8eba13420a8d8f6113b322d97b42673abc0f331d0fe2664532	914	PF00754.32	F5_F8_type_C	F5/8 type C domain	127	1	127	1.0	292	424	292	424	0.14551422319474835	179.66439819335938	90.98396301269531	9.133032862192724e-55	2.48907758930391e-27	2.0829101165723096e-29	28.200000762939453	28.200000762939453	1
control_c1c80538daddfb8eba13420a8d8f6113b322d97b42673abc0f331d0fe2664532	parent_control	c1c80538daddfb8eba13420a8d8f6113b322d97b42673abc0f331d0fe2664532	914	PF00754.32	F5_F8_type_C	F5/8 type C domain	127	1	127	1.0	449	589	449	589	0.15426695842450766	179.66439819335938	86.52030944824219	9.133032862192724e-55	5.983797890436041e-26	5.007362251410913e-28	28.200000762939453	28.200000762939453	2
control_c1c80538daddfb8eba13420a8d8f6113b322d97b42673abc0f331d0fe2664532	parent_control	c1c80538daddfb8eba13420a8d8f6113b322d97b42673abc0f331d0fe2664532	914	PF22633.4	F5_F8_type_C_2	NedA-like, galactose-binding domain	90	17	90	0.8222222222222222	484	573	474	573	0.09846827133479212	45.907875061035156	28.680580139160156	2.55705210427989e-13	6.06291564133013e-08	5.073569574334837e-10	28.200000762939453	28.200000762939453	2
control_c1c80538daddfb8eba13420a8d8f6113b322d97b42673abc0f331d0fe2664532	parent_control	c1c80538daddfb8eba13420a8d8f6113b322d97b42673abc0f331d0fe2664532	914	PF00629.31	MAM	MAM domain, meprin/A5/mu	158	1	153	0.9683544303797469	646	792	646	800	0.16083150984682712	107.23387145996094	105.97217559814453	2.710138741833657e-32	6.626156111525283e-32	5.544900511736638e-34	26.399999618530273	26.399999618530273	1
control_c1c80538daddfb8eba13420a8d8f6113b322d97b42673abc0f331d0fe2664532	parent_control	c1c80538daddfb8eba13420a8d8f6113b322d97b42673abc0f331d0fe2664532	914	PF11980.14	DUF3481	C-terminal domain of neuropilin glycoprotein	82	4	82	0.9634146341463414	836	914	833	914	0.08643326039387308	138.18905639648438	137.35694885253906	2.2874924310777813e-42	4.1590036987179596e-42	2.320225215463297e-44	28.5	28.5	1
control_c1d4eff5d1ede542260fe91111b1ac3522e8ea3d0af067ba7fd648d6736a2f78	parent_control	c1d4eff5d1ede542260fe91111b1ac3522e8ea3d0af067ba7fd648d6736a2f78	276	PF02719.22	Polysacc_synt_2	Polysaccharide biosynthesis protein	293	1	76	0.2593856655290102	15	84	15	106	0.2536231884057971	30.327428817749023	29.920011520385742	8.914827111567701e-09	1.1864076014331469e-08	2.151087701343223e-10	20.200000762939453	20.200000762939453	1
control_c1d4eff5d1ede542260fe91111b1ac3522e8ea3d0af067ba7fd648d6736a2f78	parent_control	c1d4eff5d1ede542260fe91111b1ac3522e8ea3d0af067ba7fd648d6736a2f78	276	PF08659.17	KR	KR domain	180	3	161	0.8833333333333333	15	174	13	187	0.5797101449275363	71.96842956542969	71.55683898925781	2.2708350902473563e-21	3.0374511198202483e-21	7.201766950759306e-23	22.600000381469727	22.600000381469727	1
control_c1d4eff5d1ede542260fe91111b1ac3522e8ea3d0af067ba7fd648d6736a2f78	parent_control	c1d4eff5d1ede542260fe91111b1ac3522e8ea3d0af067ba7fd648d6736a2f78	276	PF00106.32	adh_short	short chain dehydrogenase	195	3	189	0.958974358974359	15	203	13	207	0.6847826086956522	136.78717041015625	136.48008728027344	2.4126786684404836e-41	2.996476094092691e-41	6.6866970021594214e-43	26.600000381469727	25.0	1
control_c1d4eff5d1ede542260fe91111b1ac3522e8ea3d0af067ba7fd648d6736a2f78	parent_control	c1d4eff5d1ede542260fe91111b1ac3522e8ea3d0af067ba7fd648d6736a2f78	276	PF13561.13	adh_short_C2	Enoyl-(Acyl carrier protein) reductase	236	6	215	0.8898305084745762	22	236	19	241	0.7789855072463768	101.44291687011719	101.09447479248047	2.1178819714342196e-30	2.7061908154922803e-30	6.038919532479287e-32	27.0	27.0	1
control_c281fbcfa73641e46be5b0c9d10d3da4c8653005b87b566455060c9f29f05b13	parent_control	c281fbcfa73641e46be5b0c9d10d3da4c8653005b87b566455060c9f29f05b13	725	PF05279.17	Asp-B-Hydro_N	Aspartyl beta-hydroxylase N-terminal region	66	1	66	1.0	52	117	52	117	0.0910344827586207	146.5139617919922	145.59884643554688	6.12883077115033e-45	1.1831993681340223e-44	3.630458312266177e-46	23.0	23.0	1
control_c281fbcfa73641e46be5b0c9d10d3da4c8653005b87b566455060c9f29f05b13	parent_control	c281fbcfa73641e46be5b0c9d10d3da4c8653005b87b566455060c9f29f05b13	725	PF13432.13	TPR_16	Tetratricopeptide repeat	65	1	61	0.9384615384615385	312	372	312	379	0.08413793103448276	38.58461380004883	28.872310638427734	4.246599549361229e-11	4.644073709867317e-08	5.829381225774875e-10	32.70000076293945	15.5	1
control_c281fbcfa73641e46be5b0c9d10d3da4c8653005b87b566455060c9f29f05b13	parent_control	c281fbcfa73641e46be5b0c9d10d3da4c8653005b87b566455060c9f29f05b13	725	PF13174.13	TPR_6	Tetratricopeptide repeat	33	10	33	0.7272727272727273	318	341	310	341	0.03310344827586207	36.58586502075195	17.29119873046875	1.5319104771943362e-10	0.0002184093162264474	1.2184620152103062e-06	26.299999237060547	12.199999809265137	1
control_c281fbcfa73641e46be5b0c9d10d3da4c8653005b87b566455060c9f29f05b13	parent_control	c281fbcfa73641e46be5b0c9d10d3da4c8653005b87b566455060c9f29f05b13	725	PF13181.13	TPR_8	Tetratricopeptide repeat	34	11	34	0.7058823529411765	431	454	423	454	0.03310344827586207	26.433265686035156	13.078326225280762	1.76595588569348e-07	0.0033991052305121	4.7407325390684797e-05	25.700000762939453	11.800000190734863	3
control_c281fbcfa73641e46be5b0c9d10d3da4c8653005b87b566455060c9f29f05b13	parent_control	c281fbcfa73641e46be5b0c9d10d3da4c8653005b87b566455060c9f29f05b13	725	PF05118.22	Asp_Arg_Hydrox	Aspartyl/Asparaginyl beta-hydroxylase	157	1	157	1.0	558	712	558	712	0.21379310344827587	191.3778839111328	190.46641540527344	3.4502246090299665e-58	6.58232441265284e-58	2.7541106329091377e-60	22.600000381469727	22.600000381469727	1
control_c2e23b4905b67a136cf777a8267c2d4f5b2aa8697f0b2a79d2ac79e2b307e3d0	parent_control	c2e23b4905b67a136cf777a8267c2d4f5b2aa8697f0b2a79d2ac79e2b307e3d0	715	PF03126.24	Plus-3	Plus-3 domain	109	1	108	0.9908256880733946	363	464	363	465	0.14265734265734265	128.14894104003906	128.14894104003906	7.332445611700246e-39	7.332445611700246e-39	3.0679688751883875e-41	27.0	27.0	2
control_c30c6a72892726cac6ea1f4d7da3f1982b531e3bf910d961a9d6cf581a1c766f	parent_control	c30c6a72892726cac6ea1f4d7da3f1982b531e3bf910d961a9d6cf581a1c766f	259	PF00300.28	His_Phos_1	Histidine phosphatase superfamily (branch 1)	194	1	118	0.6082474226804123	6	129	6	138	0.47876447876447875	113.09371185302734	88.7638931274414	5.098159200396241e-34	1.460066919079701e-26	8.14542214270405e-29	21.700000762939453	21.700000762939453	1
control_c30c6a72892726cac6ea1f4d7da3f1982b531e3bf910d961a9d6cf581a1c766f	parent_control	c30c6a72892726cac6ea1f4d7da3f1982b531e3bf910d961a9d6cf581a1c766f	259	PF00300.28	His_Phos_1	Histidine phosphatase superfamily (branch 1)	194	111	183	0.37628865979381443	150	224	131	230	0.28957528957528955	113.09371185302734	22.611907958984375	5.098159200396241e-34	2.751709326613639e-06	1.5351237526435922e-08	21.700000762939453	21.700000762939453	2
control_c3dab0c33cf799a9b93e2d1f44bd1a374e5b7cd957c0d7fbca11aadd13d66ad0	parent_control	c3dab0c33cf799a9b93e2d1f44bd1a374e5b7cd957c0d7fbca11aadd13d66ad0	188	PF00261.26	Tropomyosin	Tropomyosin	242	1	79	0.32644628099173556	2	80	2	82	0.42021276595744683	176.5515594482422	52.844215393066406	2.2609868491078655e-53	1.3648541080554012e-15	2.4746308793194166e-17	38.599998474121094	38.599998474121094	1
control_c3dab0c33cf799a9b93e2d1f44bd1a374e5b7cd957c0d7fbca11aadd13d66ad0	parent_control	c3dab0c33cf799a9b93e2d1f44bd1a374e5b7cd957c0d7fbca11aadd13d66ad0	188	PF16526.11	CLZ	C-terminal leucine zipper domain of cyclic nucleotide-gated channels	71	9	69	0.8591549295774648	14	73	9	75	0.3191489361702128	28.150543212890625	28.150543212890625	7.573110018558493e-08	7.573110018558493e-08	6.337330559463174e-10	26.700000762939453	26.700000762939453	1
control_c3dab0c33cf799a9b93e2d1f44bd1a374e5b7cd957c0d7fbca11aadd13d66ad0	parent_control	c3dab0c33cf799a9b93e2d1f44bd1a374e5b7cd957c0d7fbca11aadd13d66ad0	188	PF00261.26	Tropomyosin	Tropomyosin	242	25	145	0.5	68	188	67	188	0.6436170212765957	176.5515594482422	133.2628631591797	2.2609868491078655e-53	3.757194730906223e-40	6.812208019774185e-42	38.599998474121094	38.599998474121094	2
control_c421e2dda81d7de94d95af0b799c96433df17155973ce4056a688c4e62d7fd1a	parent_control	c421e2dda81d7de94d95af0b799c96433df17155973ce4056a688c4e62d7fd1a	475	PF21236.4	OB_PRS7	26S proteasome regulatory subunit 7, OB domain	69	2	69	0.9855072463768116	129	196	128	196	0.1431578947368421	129.76123046875	128.3888702392578	8.079666529595185e-40	2.1666385408950543e-39	1.813086645100464e-41	26.700000762939453	26.700000762939453	1
control_c421e2dda81d7de94d95af0b799c96433df17155973ce4056a688c4e62d7fd1a	parent_control	c421e2dda81d7de94d95af0b799c96433df17155973ce4056a688c4e62d7fd1a	475	PF00004.36	AAA	ATPase family associated with various cellular activities (AAA)	131	1	130	0.9923664122137404	254	386	254	387	0.28	143.9750213623047	142.0654296875	1.3640636704655157e-43	5.31045448563056e-43	4.443894967054862e-45	21.200000762939453	21.200000762939453	2
control_c421e2dda81d7de94d95af0b799c96433df17155973ce4056a688c4e62d7fd1a	parent_control	c421e2dda81d7de94d95af0b799c96433df17155973ce4056a688c4e62d7fd1a	475	PF17862.8	AAA_lid_3	AAA+ lid domain	45	1	44	0.9777777777777777	409	452	409	453	0.09263157894736843	39.859283447265625	38.62883377075195	8.912795082975233e-12	2.1637609108584495e-11	6.035595288308088e-14	27.200000762939453	27.200000762939453	2
control_c4c915da39d6ec74952059215262a9989ad6435c495f79363d36b565c91f216d	parent_control	c4c915da39d6ec74952059215262a9989ad6435c495f79363d36b565c91f216d	45	PF06679.18	DUF1180	Membrane protein FAM174-like	167	123	167	0.2694610778443114	1	45	1	45	1.0	95.82306671142578	95.7240219116211	1.4422055754882603e-28	1.546933413643991e-28	6.4725247432802976e-31	27.700000762939453	27.700000762939453	1
control_c6aba8d4340d741a28c91a25c090e244dd19fa208c81611196586961c7a3ea08	parent_control	c6aba8d4340d741a28c91a25c090e244dd19fa208c81611196586961c7a3ea08	185	PF04201.21	TPD52	Tumour protein D52 family	108	1	108	1.0	31	138	31	138	0.5837837837837838	178.156005859375	177.54608154296875	1.715156753873829e-54	2.653908346031166e-54	7.032672046665572e-56	25.0	25.0	1
control_c6c82692cd52a90d65438ea3b572f6daaeffb28fc95c1e022ffd660ef0d915ed	parent_control	c6c82692cd52a90d65438ea3b572f6daaeffb28fc95c1e022ffd660ef0d915ed	1307	PF10408.15	Ufd2P_core	Ubiquitin elongating factor core	628	1	628	1.0	596	1217	596	1217	0.47589900535577656	721.2676391601562	720.9573974609375	3.975943987860607e-218	4.935776347850007e-218	2.7535711842956804e-220	20.399999618530273	20.399999618530273	1
control_c6c82692cd52a90d65438ea3b572f6daaeffb28fc95c1e022ffd660ef0d915ed	parent_control	c6c82692cd52a90d65438ea3b572f6daaeffb28fc95c1e022ffd660ef0d915ed	1307	PF04564.22	U-box	U-box domain	73	1	72	0.9863013698630136	1233	1303	1233	1304	0.05432287681713849	105.83647155761719	104.11308288574219	3.63461111190306e-32	1.2541584412948435e-31	5.24752485897424e-34	21.399999618530273	21.399999618530273	1
control_c6d530966a733a12349a604fecbc57a5d2a4178eda55f9dda6756ac2b1fd4ead	parent_control	c6d530966a733a12349a604fecbc57a5d2a4178eda55f9dda6756ac2b1fd4ead	263	PF15822.11	MISS	MAPK-interacting and spindle-stabilising protein-like	238	67	237	0.7184873949579832	1	165	1	166	0.6273764258555133	167.0042266845703	166.6202850341797	2.4703226079280824e-50	3.236280985606387e-50	4.513641541989382e-53	27.0	27.0	1
control_c6e91bdd0ece791fe9475e47c665f76f0d07c51bb79656658868ac315318dcca	parent_control	c6e91bdd0ece791fe9475e47c665f76f0d07c51bb79656658868ac315318dcca	743	PF00057.24	Ldl_recept_a	Low-density lipoprotein receptor domain class A	37	1	35	0.9459459459459459	26	63	26	65	0.05114401076716016	77.45563507080078	44.43882369995117	2.6015070354953956e-23	5.411232721725073e-13	2.264114109508399e-15	24.100000381469727	24.100000381469727	1
control_c6e91bdd0ece791fe9475e47c665f76f0d07c51bb79656658868ac315318dcca	parent_control	c6e91bdd0ece791fe9475e47c665f76f0d07c51bb79656658868ac315318dcca	743	PF00057.24	Ldl_recept_a	Low-density lipoprotein receptor domain class A	37	2	37	0.972972972972973	72	109	71	109	0.05114401076716016	77.45563507080078	42.16455841064453	2.6015070354953956e-23	2.7798796586863814e-12	1.1631295643039254e-14	24.100000381469727	24.100000381469727	2
control_c6e91bdd0ece791fe9475e47c665f76f0d07c51bb79656658868ac315318dcca	parent_control	c6e91bdd0ece791fe9475e47c665f76f0d07c51bb79656658868ac315318dcca	743	PF07645.22	EGF_CA	Calcium-binding EGF domain	43	1	43	1.0	151	189	151	189	0.052489905787348586	29.590608596801758	29.590608596801758	2.3958577931712304e-08	2.3958577931712304e-08	1.0024509594858706e-10	27.0	16.299999237060547	4
control_c6e91bdd0ece791fe9475e47c665f76f0d07c51bb79656658868ac315318dcca	parent_control	c6e91bdd0ece791fe9475e47c665f76f0d07c51bb79656658868ac315318dcca	743	PF14670.13	FXa_inhibition	Coagulation Factor Xa inhibitory site	36	6	36	0.8611111111111112	159	189	155	189	0.04172274562584118	78.2666015625	34.81983947753906	1.3885621176065772e-23	5.260657839741363e-10	2.20111206683739e-12	33.400001525878906	33.400001525878906	2
control_c6e91bdd0ece791fe9475e47c665f76f0d07c51bb79656658868ac315318dcca	parent_control	c6e91bdd0ece791fe9475e47c665f76f0d07c51bb79656658868ac315318dcca	743	PF00058.24	Ldl_recept_b	Low-density lipoprotein receptor repeat class B	42	1	42	1.0	615	658	615	658	0.059219380888290714	129.52740478515625	24.2175235748291	1.6987021181765816e-39	1.3587876063864314e-06	3.790202528274565e-09	21.0	21.0	6
control_c6e91bdd0ece791fe9475e47c665f76f0d07c51bb79656658868ac315318dcca	parent_control	c6e91bdd0ece791fe9475e47c665f76f0d07c51bb79656658868ac315318dcca	743	PF00058.24	Ldl_recept_b	Low-density lipoprotein receptor repeat class B	42	3	42	0.9523809523809523	663	709	661	709	0.063257065948856	129.52740478515625	26.063810348510742	1.6987021181765816e-39	3.599958326209923e-07	1.0041724759302436e-09	21.0	21.0	7
control_c872a5c9580536a0f125bf43e7f346e18d3057f1803d490934db546d2b384508	parent_control	c872a5c9580536a0f125bf43e7f346e18d3057f1803d490934db546d2b384508	906	PF00431.27	CUB	CUB domain	110	1	110	1.0	28	139	28	139	0.12362030905077263	195.7866973876953	100.19852447509766	6.315080829252782e-60	3.1315207954495953e-30	2.62051949410008e-32	21.399999618530273	21.399999618530273	1
control_c872a5c9580536a0f125bf43e7f346e18d3057f1803d490934db546d2b384508	parent_control	c872a5c9580536a0f125bf43e7f346e18d3057f1803d490934db546d2b384508	906	PF00431.27	CUB	CUB domain	110	1	110	1.0	149	264	149	264	0.1280353200883002	195.7866973876953	93.11731719970703	6.315080829252782e-60	4.9613491162577335e-28	4.1517565826424545e-30	21.399999618530273	21.399999618530273	2
control_c872a5c9580536a0f125bf43e7f346e18d3057f1803d490934db546d2b384508	parent_control	c872a5c9580536a0f125bf43e7f346e18d3057f1803d490934db546d2b384508	906	PF00754.32	F5_F8_type_C	F5/8 type C domain	127	1	127	1.0	292	424	292	424	0.1467991169977925	179.6852569580078	91.00216674804688	8.998328841254359e-55	2.457008572199586e-27	2.056074118995469e-29	28.200000762939453	28.200000762939453	1
control_c872a5c9580536a0f125bf43e7f346e18d3057f1803d490934db546d2b384508	parent_control	c872a5c9580536a0f125bf43e7f346e18d3057f1803d490934db546d2b384508	906	PF00754.32	F5_F8_type_C	F5/8 type C domain	127	1	127	1.0	449	589	449	589	0.15562913907284767	179.6852569580078	86.5388412475586	8.998328841254359e-55	5.905323026768729e-26	4.941692909429899e-28	28.200000762939453	28.200000762939453	2
control_c872a5c9580536a0f125bf43e7f346e18d3057f1803d490934db546d2b384508	parent_control	c872a5c9580536a0f125bf43e7f346e18d3057f1803d490934db546d2b384508	906	PF22633.4	F5_F8_type_C_2	NedA-like, galactose-binding domain	90	17	90	0.8222222222222222	484	573	474	573	0.09933774834437085	45.79802322387695	28.697189331054688	2.7670277597974667e-13	5.991001560095751e-08	5.01339042685837e-10	28.200000762939453	28.200000762939453	2
control_c872a5c9580536a0f125bf43e7f346e18d3057f1803d490934db546d2b384508	parent_control	c872a5c9580536a0f125bf43e7f346e18d3057f1803d490934db546d2b384508	906	PF00629.31	MAM	MAM domain, meprin/A5/mu	158	1	153	0.9683544303797469	646	792	646	800	0.16225165562913907	107.16606903076172	105.99114227294922	2.8435234971018183e-32	6.537698998681381e-32	5.470877823164336e-34	26.399999618530273	26.399999618530273	1
control_ca2597595c9c912ba1f2edaa809d8f3523b11baeef07ec2fcbb3d502287c3331	parent_control	ca2597595c9c912ba1f2edaa809d8f3523b11baeef07ec2fcbb3d502287c3331	556	PF02199.21	SapA	Saposin A-type domain	33	2	33	0.9696969696969697	23	54	22	54	0.05755395683453238	108.46652221679688	48.491859436035156	4.3330895953820434e-33	2.420385481618626e-14	2.7005695750277556e-16	22.0	22.0	1
control_ca2597595c9c912ba1f2edaa809d8f3523b11baeef07ec2fcbb3d502287c3331	parent_control	ca2597595c9c912ba1f2edaa809d8f3523b11baeef07ec2fcbb3d502287c3331	556	PF05184.21	SapB_1	Saposin-like type B, region 1	38	2	37	0.9473684210526315	62	97	61	98	0.06474820143884892	136.1497039794922	51.759071350097656	9.021138789031148e-42	2.3182640324331397e-15	2.5866265354902536e-17	25.200000762939453	25.200000762939453	1
control_ca2597595c9c912ba1f2edaa809d8f3523b11baeef07ec2fcbb3d502287c3331	parent_control	ca2597595c9c912ba1f2edaa809d8f3523b11baeef07ec2fcbb3d502287c3331	556	PF03489.23	SapB_2	Saposin-like type B, region 2	34	3	34	0.9411764705882353	106	138	104	138	0.05935251798561151	112.32557678222656	40.135372161865234	2.8283574687985956e-34	1.1169575841088387e-11	2.0251671678402933e-13	21.0	21.0	2
control_ca2597595c9c912ba1f2edaa809d8f3523b11baeef07ec2fcbb3d502287c3331	parent_control	ca2597595c9c912ba1f2edaa809d8f3523b11baeef07ec2fcbb3d502287c3331	556	PF03489.23	SapB_2	Saposin-like type B, region 2	34	1	34	1.0	238	272	238	272	0.06294964028776978	112.32557678222656	26.655269622802734	2.8283574687985956e-34	1.8513545338929174e-07	3.356709754617563e-09	21.0	21.0	4
control_ca2597595c9c912ba1f2edaa809d8f3523b11baeef07ec2fcbb3d502287c3331	parent_control	ca2597595c9c912ba1f2edaa809d8f3523b11baeef07ec2fcbb3d502287c3331	556	PF05184.21	SapB_1	Saposin-like type B, region 1	38	2	38	0.9736842105263158	315	351	314	351	0.06654676258992806	136.1497039794922	32.30043029785156	9.021138789031148e-42	2.8491199347388967e-09	3.178934376277709e-11	25.200000762939453	25.200000762939453	3
control_ca2597595c9c912ba1f2edaa809d8f3523b11baeef07ec2fcbb3d502287c3331	parent_control	ca2597595c9c912ba1f2edaa809d8f3523b11baeef07ec2fcbb3d502287c3331	556	PF03489.23	SapB_2	Saposin-like type B, region 2	34	2	34	0.9705882352941176	357	389	356	389	0.05935251798561151	112.32557678222656	28.465909957885742	2.8283574687985956e-34	5.020360243764191e-08	9.102466271817918e-10	21.0	21.0	6
control_ca2597595c9c912ba1f2edaa809d8f3523b11baeef07ec2fcbb3d502287c3331	parent_control	ca2597595c9c912ba1f2edaa809d8f3523b11baeef07ec2fcbb3d502287c3331	556	PF05184.21	SapB_1	Saposin-like type B, region 1	38	2	38	0.9736842105263158	440	476	439	476	0.06654676258992806	136.1497039794922	45.80988311767578	9.021138789031148e-42	1.6863627297846527e-13	1.8815762675421508e-15	25.200000762939453	25.200000762939453	4
control_ca2597595c9c912ba1f2edaa809d8f3523b11baeef07ec2fcbb3d502287c3331	parent_control	ca2597595c9c912ba1f2edaa809d8f3523b11baeef07ec2fcbb3d502287c3331	556	PF03489.23	SapB_2	Saposin-like type B, region 2	34	1	34	1.0	481	514	481	514	0.06115107913669065	112.32557678222656	36.653926849365234	2.8283574687985956e-34	1.3733327067525444e-10	2.4900035129404572e-12	21.0	21.0	8
control_ca2597595c9c912ba1f2edaa809d8f3523b11baeef07ec2fcbb3d502287c3331	parent_control	ca2597595c9c912ba1f2edaa809d8f3523b11baeef07ec2fcbb3d502287c3331	556	PF02199.21	SapA	Saposin A-type domain	33	1	33	1.0	524	556	524	556	0.05935251798561151	108.46652221679688	64.95735168457031	4.3330895953820434e-33	1.7260135592000425e-19	1.9258170813947476e-21	22.0	22.0	3
control_cacabfc519ce52e6d2ce34decfc858636000ea3da89583c0de3e7452f7d12bb7	parent_control	cacabfc519ce52e6d2ce34decfc858636000ea3da89583c0de3e7452f7d12bb7	381	PF25234.2	Periphilin_C	Periphilin C-terminal domain	84	2	84	0.9880952380952381	291	373	290	373	0.2178477690288714	147.88876342773438	146.76275634765625	3.1612900053704115e-45	7.099042896042131e-45	2.970310835164071e-47	27.0	27.0	1
control_caea8c7a69a90d90bad8272a42c5bd0e46e9cb95163c2aba6df7c1ec92a4e34f	parent_control	caea8c7a69a90d90bad8272a42c5bd0e46e9cb95163c2aba6df7c1ec92a4e34f	281	PF21236.4	OB_PRS7	26S proteasome regulatory subunit 7, OB domain	69	2	69	0.9855072463768116	87	154	86	154	0.24199288256227758	130.61050415039062	129.5733184814453	4.388195669490552e-40	9.248081316915478e-40	7.738980181519227e-42	26.700000762939453	26.700000762939453	1
control_caea8c7a69a90d90bad8272a42c5bd0e46e9cb95163c2aba6df7c1ec92a4e34f	parent_control	caea8c7a69a90d90bad8272a42c5bd0e46e9cb95163c2aba6df7c1ec92a4e34f	281	PF00004.36	AAA	ATPase family associated with various cellular activities (AAA)	131	1	69	0.5267175572519084	212	280	212	281	0.24555160142348753	86.44493103027344	84.29210662841797	8.291990290650546e-26	3.8383489319141374e-25	3.212007474405136e-27	21.200000762939453	21.200000762939453	2
control_cb91e3786b655e1b5e29e6a598399efc2602eb9df37bedfc09cc2b2df8bd5789	parent_control	cb91e3786b655e1b5e29e6a598399efc2602eb9df37bedfc09cc2b2df8bd5789	170	PF00179.32	UQ_con	Ubiquitin-conjugating enzyme	140	2	139	0.9857142857142858	10	160	9	161	0.888235294117647	168.64788818359375	168.4558868408203	2.124390281720273e-51	2.4349279029251155e-51	1.3583977143236348e-53	27.0	27.0	1
control_cc9c10b1c2b59a071d903c1c08f719301e4f90914235c76c8b46b24d57be59b5	parent_control	cc9c10b1c2b59a071d903c1c08f719301e4f90914235c76c8b46b24d57be59b5	215	PF05279.17	Asp-B-Hydro_N	Aspartyl beta-hydroxylase N-terminal region	66	1	66	1.0	14	79	14	79	0.30697674418604654	148.49951171875	147.60360717773438	1.470718478907424e-45	2.800351998659324e-45	8.592432910809641e-47	23.0	23.0	1
control_cca55e69baa29342dd2ed300569f0380855c6e2f3edfc90359f7f9bc084418a5	parent_control	cca55e69baa29342dd2ed300569f0380855c6e2f3edfc90359f7f9bc084418a5	430	PF07221.18	GlcNAc_2-epim	N-acylglucosamine 2-epimerase (GlcNAc 2-epimerase)	347	1	338	0.9740634005763689	48	387	48	397	0.7906976744186046	145.36508178710938	144.6556854248047	9.925505518549862e-44	1.6310562431989041e-43	1.3649006219237692e-45	23.399999618530273	23.399999618530273	2
control_cd1ae1492d6dd4e4122f0e87312653d9c9baba46542a02b9663ad3d453a7bab2	parent_control	cd1ae1492d6dd4e4122f0e87312653d9c9baba46542a02b9663ad3d453a7bab2	292	PF00400.39	WD40	WD domain, G-beta repeat	39	12	39	0.717948717948718	63	91	54	91	0.09931506849315068	91.43074035644531	18.666635513305664	7.085024278545591e-28	7.712422088023014e-05	2.1513032323634626e-07	27.0	12.100000381469727	1
control_cd1ae1492d6dd4e4122f0e87312653d9c9baba46542a02b9663ad3d453a7bab2	parent_control	cd1ae1492d6dd4e4122f0e87312653d9c9baba46542a02b9663ad3d453a7bab2	292	PF00400.39	WD40	WD domain, G-beta repeat	39	2	39	0.9743589743589743	115	153	114	153	0.13356164383561644	91.43074035644531	23.380918502807617	7.085024278545591e-28	2.4812243727256425e-06	6.921127957393703e-09	27.0	12.100000381469727	2
control_cd1ae1492d6dd4e4122f0e87312653d9c9baba46542a02b9663ad3d453a7bab2	parent_control	cd1ae1492d6dd4e4122f0e87312653d9c9baba46542a02b9663ad3d453a7bab2	292	PF00400.39	WD40	WD domain, G-beta repeat	39	6	39	0.8717948717948718	162	196	158	196	0.11986301369863013	91.43074035644531	17.037227630615234	7.085024278545591e-28	0.00025296204620305394	7.056124022400389e-07	27.0	12.100000381469727	3
control_cd1ae1492d6dd4e4122f0e87312653d9c9baba46542a02b9663ad3d453a7bab2	parent_control	cd1ae1492d6dd4e4122f0e87312653d9c9baba46542a02b9663ad3d453a7bab2	292	PF00400.39	WD40	WD domain, G-beta repeat	39	2	39	0.9743589743589743	202	240	201	240	0.13356164383561644	91.43074035644531	28.0147705078125	7.085024278545591e-28	8.464580562772096e-08	2.3611103382906823e-10	27.0	12.100000381469727	4
control_cd532c362e1a1fa1467e0f5dab660599aabd5e6a8184b9879ce65971fba6cf21	parent_control	cd532c362e1a1fa1467e0f5dab660599aabd5e6a8184b9879ce65971fba6cf21	708	PF01433.27	Peptidase_M1	Peptidase family M1 domain	218	21	218	0.908256880733945	435	652	423	652	0.307909604519774	71.99717712402344	70.90658569335938	2.0348166608106366e-21	4.386545493505924e-21	4.894332489267419e-23	27.700000762939453	27.700000762939453	1
control_ce2c857c19cf7d0ed0f77df70fa2d286045fe576f805e8d07166d7496f8692d5	parent_control	ce2c857c19cf7d0ed0f77df70fa2d286045fe576f805e8d07166d7496f8692d5	445	PF12038.14	QTMAN_N	tRNA-queuosine alpha-mannosyltransferase N-terminal	168	2	168	0.9940476190476191	3	167	2	167	0.3707865168539326	229.9886932373047	229.40235900878906	5.454251008665079e-70	8.259141089027107e-70	1.151902522876863e-72	25.0	25.0	1
control_ce2c857c19cf7d0ed0f77df70fa2d286045fe576f805e8d07166d7496f8692d5	parent_control	ce2c857c19cf7d0ed0f77df70fa2d286045fe576f805e8d07166d7496f8692d5	445	PF00534.27	Glycos_transf_1	Glycosyl transferases group 1	172	21	159	0.8081395348837209	276	409	265	420	0.30112359550561796	36.18034362792969	35.07888412475586	1.6493190756414017e-10	3.5947300162105643e-10	5.01357045496592e-13	26.399999618530273	26.399999618530273	1
control_ce4bccca991af9e6141c14e38777536c359b9a6c9d302e443bb74bebddb0f6cf	parent_control	ce4bccca991af9e6141c14e38777536c359b9a6c9d302e443bb74bebddb0f6cf	412	PF21362.4	Sina_RING	E3 ubiquitin-protein ligase sina/sinah, RING finger	35	1	26	0.7428571428571429	106	131	106	137	0.06310679611650485	30.296424865722656	30.296424865722656	1.3472797306727421e-08	1.3472797306727421e-08	3.758102456548792e-11	29.299999237060547	29.299999237060547	1
control_cea712cb6851b8714d7ce8136a88cdbcf59c29e52ae0dca87acba63b51711e3b	parent_control	cea712cb6851b8714d7ce8136a88cdbcf59c29e52ae0dca87acba63b51711e3b	118	PF12796.14	Ank_2	Ankyrin repeats (3 copies)	90	1	89	0.9888888888888889	6	97	6	98	0.7796610169491526	70.37297058105469	69.65117645263672	5.822063290492644e-21	9.778624665262844e-21	2.4548848532040613e-22	27.299999237060547	27.299999237060547	1
control_cea712cb6851b8714d7ce8136a88cdbcf59c29e52ae0dca87acba63b51711e3b	parent_control	cea712cb6851b8714d7ce8136a88cdbcf59c29e52ae0dca87acba63b51711e3b	118	PF13637.13	Ank_4	Ankyrin repeats (many copies)	50	2	50	0.98	7	55	6	55	0.4152542372881356	70.67609405517578	38.1053581237793	2.7682009433707843e-21	5.017693989844216e-11	1.2596721313416442e-12	22.700000762939453	22.700000762939453	1
control_cea712cb6851b8714d7ce8136a88cdbcf59c29e52ae0dca87acba63b51711e3b	parent_control	cea712cb6851b8714d7ce8136a88cdbcf59c29e52ae0dca87acba63b51711e3b	118	PF13857.13	Ank_5	Ankyrin repeats (many copies)	56	2	53	0.9285714285714286	22	72	21	72	0.4322033898305085	57.00682830810547	37.01361083984375	6.433230694763144e-17	1.2132213388103277e-10	2.030495964536113e-12	27.0	27.0	2
control_cea712cb6851b8714d7ce8136a88cdbcf59c29e52ae0dca87acba63b51711e3b	parent_control	cea712cb6851b8714d7ce8136a88cdbcf59c29e52ae0dca87acba63b51711e3b	118	PF13606.13	Ank_3	Ankyrin repeat	31	2	31	0.967741935483871	35	63	34	63	0.2457627118644068	57.01015853881836	30.3491153717041	2.0172304829286652e-17	1.0422986873127267e-08	2.6166494242160504e-10	22.299999237060547	17.200000762939453	2
control_cea712cb6851b8714d7ce8136a88cdbcf59c29e52ae0dca87acba63b51711e3b	parent_control	cea712cb6851b8714d7ce8136a88cdbcf59c29e52ae0dca87acba63b51711e3b	118	PF00023.37	Ank	Ankyrin repeat	33	2	33	0.9696969696969697	35	66	34	66	0.2711864406779661	69.47599792480469	35.220314025878906	4.167422790228355e-21	3.407878846913244e-10	8.555344385556262e-12	21.100000381469727	14.699999809265137	2
control_cea712cb6851b8714d7ce8136a88cdbcf59c29e52ae0dca87acba63b51711e3b	parent_control	cea712cb6851b8714d7ce8136a88cdbcf59c29e52ae0dca87acba63b51711e3b	118	PF13637.13	Ank_4	Ankyrin repeats (many copies)	50	8	50	0.86	46	88	46	88	0.3644067796610169	70.67609405517578	36.63954162597656	2.7682009433707843e-21	1.4526800621245377e-10	3.6468955534507225e-12	22.700000762939453	22.700000762939453	2
control_cea712cb6851b8714d7ce8136a88cdbcf59c29e52ae0dca87acba63b51711e3b	parent_control	cea712cb6851b8714d7ce8136a88cdbcf59c29e52ae0dca87acba63b51711e3b	118	PF00023.37	Ank	Ankyrin repeat	33	3	30	0.8484848484848485	69	96	67	99	0.23728813559322035	69.47599792480469	26.645193099975586	4.167422790228355e-21	1.837410485983546e-07	4.612745989916852e-09	21.100000381469727	14.699999809265137	3
control_cedc888aa944927206d6ba55ac4209ebca68c719bf680e9e291ba8f9034392d5	parent_control	cedc888aa944927206d6ba55ac4209ebca68c719bf680e9e291ba8f9034392d5	141	PF07686.24	V-set	Immunoglobulin V-set domain	109	59	108	0.45871559633027525	34	86	11	87	0.375886524822695	29.887340545654297	29.47405433654785	1.988686843719808e-08	2.6729890859894e-08	5.592027376546862e-10	26.0	26.0	1
control_d0e5b3dc2a7b39cb156389ba245d27f2aa8ebb379b58db29e9f9e19bd0ab79de	parent_control	d0e5b3dc2a7b39cb156389ba245d27f2aa8ebb379b58db29e9f9e19bd0ab79de	551	PF02199.21	SapA	Saposin A-type domain	33	2	33	0.9696969696969697	20	51	19	51	0.05807622504537205	108.51729583740234	48.5072135925293	4.177598279882499e-33	2.3937846845458987e-14	2.6708894667178786e-16	22.0	22.0	1
control_d0e5b3dc2a7b39cb156389ba245d27f2aa8ebb379b58db29e9f9e19bd0ab79de	parent_control	d0e5b3dc2a7b39cb156389ba245d27f2aa8ebb379b58db29e9f9e19bd0ab79de	551	PF05184.21	SapB_1	Saposin-like type B, region 1	38	2	37	0.9473684210526315	59	94	58	95	0.06533575317604355	136.12940979003906	51.774696350097656	9.154031355377493e-42	2.292308583971089e-15	2.55766648141823e-17	25.200000762939453	25.200000762939453	1
control_d0e5b3dc2a7b39cb156389ba245d27f2aa8ebb379b58db29e9f9e19bd0ab79de	parent_control	d0e5b3dc2a7b39cb156389ba245d27f2aa8ebb379b58db29e9f9e19bd0ab79de	551	PF03489.23	SapB_2	Saposin-like type B, region 2	34	3	34	0.9411764705882353	103	135	101	135	0.05989110707803993	112.21321105957031	40.150848388671875	3.0669470380708327e-34	1.1045678917482028e-11	2.002703290477913e-13	21.0	21.0	2
control_d0e5b3dc2a7b39cb156389ba245d27f2aa8ebb379b58db29e9f9e19bd0ab79de	parent_control	d0e5b3dc2a7b39cb156389ba245d27f2aa8ebb379b58db29e9f9e19bd0ab79de	551	PF03489.23	SapB_2	Saposin-like type B, region 2	34	1	34	1.0	235	267	235	267	0.05989110707803993	112.21321105957031	26.444984436035156	3.0669470380708327e-34	2.1543272663542303e-07	3.9060327005027885e-09	21.0	21.0	4
control_d0e5b3dc2a7b39cb156389ba245d27f2aa8ebb379b58db29e9f9e19bd0ab79de	parent_control	d0e5b3dc2a7b39cb156389ba245d27f2aa8ebb379b58db29e9f9e19bd0ab79de	551	PF05184.21	SapB_1	Saposin-like type B, region 1	38	2	38	0.9736842105263158	310	346	309	346	0.06715063520871144	136.12940979003906	32.31612777709961	9.154031355377493e-42	2.8170738524880824e-09	3.143178635969966e-11	25.200000762939453	25.200000762939453	3
control_d0e5b3dc2a7b39cb156389ba245d27f2aa8ebb379b58db29e9f9e19bd0ab79de	parent_control	d0e5b3dc2a7b39cb156389ba245d27f2aa8ebb379b58db29e9f9e19bd0ab79de	551	PF03489.23	SapB_2	Saposin-like type B, region 2	34	2	34	0.9705882352941176	352	384	351	384	0.05989110707803993	112.21321105957031	28.48134422302246	3.0669470380708327e-34	4.964822766417424e-08	9.001770706196167e-10	21.0	21.0	6
control_d0e5b3dc2a7b39cb156389ba245d27f2aa8ebb379b58db29e9f9e19bd0ab79de	parent_control	d0e5b3dc2a7b39cb156389ba245d27f2aa8ebb379b58db29e9f9e19bd0ab79de	551	PF05184.21	SapB_1	Saposin-like type B, region 1	38	2	38	0.9736842105263158	435	471	434	471	0.06715063520871144	136.12940979003906	45.825584411621094	9.154031355377493e-42	1.6673904230404283e-13	1.8604077244523607e-15	25.200000762939453	25.200000762939453	4
control_d0e5b3dc2a7b39cb156389ba245d27f2aa8ebb379b58db29e9f9e19bd0ab79de	parent_control	d0e5b3dc2a7b39cb156389ba245d27f2aa8ebb379b58db29e9f9e19bd0ab79de	551	PF03489.23	SapB_2	Saposin-like type B, region 2	34	1	34	1.0	476	509	476	509	0.06170598911070781	112.21321105957031	36.66938018798828	3.0669470380708327e-34	1.3581216139595985e-10	2.4624241257287004e-12	21.0	21.0	8
control_d0e5b3dc2a7b39cb156389ba245d27f2aa8ebb379b58db29e9f9e19bd0ab79de	parent_control	d0e5b3dc2a7b39cb156389ba245d27f2aa8ebb379b58db29e9f9e19bd0ab79de	551	PF02199.21	SapA	Saposin A-type domain	33	1	33	1.0	519	551	519	551	0.05989110707803993	108.51729583740234	64.97270202636719	4.177598279882499e-33	1.7070488146829572e-19	1.904656975936354e-21	22.0	22.0	3
control_d21578f59fb8506020d709385f948b61101081aab662bb6493658bd559bfbbeb	parent_control	d21578f59fb8506020d709385f948b61101081aab662bb6493658bd559bfbbeb	1344	PF13872.13	AAA_34	P-loop containing NTP hydrolase pore-1	306	1	306	1.0	254	559	254	559	0.22767857142857142	480.1679382324219	479.48748779296875	7.826396131991911e-146	1.261112757316285e-145	8.794370692582182e-148	27.0	27.0	1
control_d21578f59fb8506020d709385f948b61101081aab662bb6493658bd559bfbbeb	parent_control	d21578f59fb8506020d709385f948b61101081aab662bb6493658bd559bfbbeb	1344	PF04851.22	ResIII	Type III restriction enzyme, res subunit	164	8	140	0.8109756097560976	293	443	288	478	0.11235119047619048	32.925567626953125	31.10845375061035	2.122105444289518e-09	7.682767557836123e-09	7.500609889100817e-11	22.5	22.5	1
control_d21578f59fb8506020d709385f948b61101081aab662bb6493658bd559bfbbeb	parent_control	d21578f59fb8506020d709385f948b61101081aab662bb6493658bd559bfbbeb	1344	PF13871.13	Helicase_C_4	C-terminal domain on Strawberry notch homologue	271	1	271	1.0	870	1146	870	1146	0.20610119047619047	400.03778076171875	399.4703674316406	2.3556810367304378e-121	3.5086972598181963e-121	2.446790278813247e-123	30.5	30.5	1
control_d21578f59fb8506020d709385f948b61101081aab662bb6493658bd559bfbbeb	parent_control	d21578f59fb8506020d709385f948b61101081aab662bb6493658bd559bfbbeb	1344	PF25373.2	SBNO	SBNO alpha/beta domain	119	1	119	1.0	1184	1298	1184	1298	0.08556547619047619	143.4213104248047	142.13894653320312	1.26412714675359e-43	3.1567837182026917e-43	2.2013833460269817e-45	24.0	24.0	1
control_d27f56198bf7b4d86a00716235b66c232ae280b53f8b4f97a2af48ddfe7c4f13	parent_control	d27f56198bf7b4d86a00716235b66c232ae280b53f8b4f97a2af48ddfe7c4f13	206	PF14560.13	Ubiquitin_2	Ubiquitin-like domain	86	1	83	0.9651162790697675	10	91	10	94	0.39805825242718446	100.65177917480469	99.70916748046875	1.9232286839796926e-30	3.785748352496378e-30	1.5839951265675219e-32	23.100000381469727	13.0	1
control_d27f56198bf7b4d86a00716235b66c232ae280b53f8b4f97a2af48ddfe7c4f13	parent_control	d27f56198bf7b4d86a00716235b66c232ae280b53f8b4f97a2af48ddfe7c4f13	206	PF01302.32	CAP_GLY	CAP-Gly domain	65	1	42	0.6461538461538462	161	206	161	206	0.22330097087378642	48.14988708496094	47.49618911743164	3.0920760342867706e-14	4.9467976318572535e-14	2.0697898041243739e-16	26.5	26.5	1
control_d384094d77c67e25550bc4255e5882525f256cf2385582fab7d2f9cb2ffa469b	parent_control	d384094d77c67e25550bc4255e5882525f256cf2385582fab7d2f9cb2ffa469b	35	PF10584.15	Proteasome_A_N	Proteasome subunit A N-terminal signature	23	1	23	1.0	8	30	8	30	0.6571428571428571	57.4505500793457	57.169795989990234	3.006204602185487e-17	3.679932099437924e-17	1.539720543697876e-19	27.700000762939453	27.700000762939453	1
control_d385d8baf11fb57c36cc1ceb6cbf7294f23e3c124bc164523bf2d5f83f0154e4	parent_control	d385d8baf11fb57c36cc1ceb6cbf7294f23e3c124bc164523bf2d5f83f0154e4	111	PF00067.28	p450	Cytochrome P450	462	3	69	0.14502164502164502	46	110	44	111	0.5855855855855856	42.739654541015625	42.520957946777344	1.20268406674179e-12	1.4011594101940882e-12	5.8625916744522514e-15	22.799999237060547	22.799999237060547	1
control_d385fa0c326675dd99cf4f64840bd38c0053e485f098b3e0b463e9ff02a01975	parent_control	d385fa0c326675dd99cf4f64840bd38c0053e485f098b3e0b463e9ff02a01975	135	PF05915.18	TMEM_230_134	Transmembrane proteins 230/134	119	1	61	0.5126050420168067	57	135	57	135	0.5851851851851851	63.229286193847656	62.76926040649414	9.016399924048399e-19	1.252036289057667e-18	2.0954582243642962e-20	26.799999237060547	26.799999237060547	1
control_d447e9e05078192c084e5e4752ac45564c05c7ed94ce7023009be498bd09ac7e	parent_control	d447e9e05078192c084e5e4752ac45564c05c7ed94ce7023009be498bd09ac7e	554	PF02199.21	SapA	Saposin A-type domain	33	2	33	0.9696969696969697	23	54	22	54	0.05776173285198556	108.48784637451172	48.49800109863281	4.2670928233877644e-33	2.4097098735405338e-14	2.6886581573674016e-16	22.0	22.0	1
control_d447e9e05078192c084e5e4752ac45564c05c7ed94ce7023009be498bd09ac7e	parent_control	d447e9e05078192c084e5e4752ac45564c05c7ed94ce7023009be498bd09ac7e	554	PF05184.21	SapB_1	Saposin-like type B, region 1	38	2	37	0.9473684210526315	62	97	61	98	0.06498194945848375	136.0876007080078	51.76530838012695	9.434013102997696e-42	2.3078683407159367e-15	2.5750274373399573e-17	25.200000762939453	25.200000762939453	1
control_d447e9e05078192c084e5e4752ac45564c05c7ed94ce7023009be498bd09ac7e	parent_control	d447e9e05078192c084e5e4752ac45564c05c7ed94ce7023009be498bd09ac7e	554	PF03489.23	SapB_2	Saposin-like type B, region 2	34	3	34	0.9411764705882353	106	138	104	138	0.05956678700361011	112.15999603271484	40.14154815673828	3.186862263275358e-34	1.1119967349756943e-11	2.0161726017690413e-13	21.0	21.0	2
control_d447e9e05078192c084e5e4752ac45564c05c7ed94ce7023009be498bd09ac7e	parent_control	d447e9e05078192c084e5e4752ac45564c05c7ed94ce7023009be498bd09ac7e	554	PF03489.23	SapB_2	Saposin-like type B, region 2	34	1	34	1.0	238	270	238	270	0.05956678700361011	112.15999603271484	26.435758590698242	3.186862263275358e-34	2.1687000600662833e-07	3.932092159115995e-09	21.0	21.0	4
control_d447e9e05078192c084e5e4752ac45564c05c7ed94ce7023009be498bd09ac7e	parent_control	d447e9e05078192c084e5e4752ac45564c05c7ed94ce7023009be498bd09ac7e	554	PF05184.21	SapB_1	Saposin-like type B, region 1	38	2	38	0.9736842105263158	313	349	312	349	0.06678700361010831	136.0876007080078	32.30669403076172	9.434013102997696e-42	2.836289172809604e-09	3.164618323915876e-11	25.200000762939453	25.200000762939453	3
control_d447e9e05078192c084e5e4752ac45564c05c7ed94ce7023009be498bd09ac7e	parent_control	d447e9e05078192c084e5e4752ac45564c05c7ed94ce7023009be498bd09ac7e	554	PF03489.23	SapB_2	Saposin-like type B, region 2	34	2	34	0.9705882352941176	355	387	354	387	0.05956678700361011	112.15999603271484	28.47206687927246	3.186862263275358e-34	4.9981315529749626e-08	9.062163206230755e-10	21.0	21.0	6
control_d447e9e05078192c084e5e4752ac45564c05c7ed94ce7023009be498bd09ac7e	parent_control	d447e9e05078192c084e5e4752ac45564c05c7ed94ce7023009be498bd09ac7e	554	PF05184.21	SapB_1	Saposin-like type B, region 1	38	2	38	0.9736842105263158	438	474	437	474	0.06678700361010831	136.0876007080078	45.81614685058594	9.434013102997696e-42	1.6787683430238572e-13	1.873102753722574e-15	25.200000762939453	25.200000762939453	4
control_d447e9e05078192c084e5e4752ac45564c05c7ed94ce7023009be498bd09ac7e	parent_control	d447e9e05078192c084e5e4752ac45564c05c7ed94ce7023009be498bd09ac7e	554	PF03489.23	SapB_2	Saposin-like type B, region 2	34	1	34	1.0	479	512	479	512	0.061371841155234655	112.15999603271484	36.660091400146484	3.186862263275358e-34	1.3672444718711377e-10	2.4789648722907655e-12	21.0	21.0	8
control_d447e9e05078192c084e5e4752ac45564c05c7ed94ce7023009be498bd09ac7e	parent_control	d447e9e05078192c084e5e4752ac45564c05c7ed94ce7023009be498bd09ac7e	554	PF02199.21	SapA	Saposin A-type domain	33	1	33	1.0	522	554	522	554	0.05956678700361011	108.48784637451172	64.96348571777344	4.2670928233877644e-33	1.7184100575337064e-19	1.917333397527148e-21	22.0	22.0	3
control_d4574c6958090f8f531cea3fe53c47d8aa85183db1e093588cc2a390b30040d6	parent_control	d4574c6958090f8f531cea3fe53c47d8aa85183db1e093588cc2a390b30040d6	598	PF00258.31	Flavodoxin_1	Flavodoxin	143	1	143	1.0	8	145	8	145	0.23076923076923078	120.84042358398438	120.2489242553711	1.85707340898565e-36	2.8266451969579177e-36	4.3365546954723984e-38	25.0	25.0	1
control_d4574c6958090f8f531cea3fe53c47d8aa85183db1e093588cc2a390b30040d6	parent_control	d4574c6958090f8f531cea3fe53c47d8aa85183db1e093588cc2a390b30040d6	598	PF00667.27	FAD_binding_1	FAD binding domain	222	4	222	0.9864864864864865	204	421	201	421	0.36454849498327757	154.76239013671875	154.3415985107422	1.0041894521477212e-46	1.3505027350968518e-46	5.650639058982643e-49	32.29999923706055	32.29999923706055	1
control_d4574c6958090f8f531cea3fe53c47d8aa85183db1e093588cc2a390b30040d6	parent_control	d4574c6958090f8f531cea3fe53c47d8aa85183db1e093588cc2a390b30040d6	598	PF00175.27	NAD_binding_1	Oxidoreductase NAD-binding domain	109	1	100	0.9174311926605505	456	552	456	561	0.16220735785953178	45.86322784423828	44.927513122558594	3.025141523571932e-13	5.909077982486462e-13	2.472417565893917e-15	22.0	22.0	1
control_d4780b820e4ca23b28768e1e1d7a79f4836a1dc68284bd59084b2dbfdb1efd3f	parent_control	d4780b820e4ca23b28768e1e1d7a79f4836a1dc68284bd59084b2dbfdb1efd3f	1218	PF12763.14	EH	EH domain	101	4	82	0.7821782178217822	20	96	17	111	0.06321839080459771	135.16270446777344	63.1651611328125	2.579657645823273e-41	6.916441283112508e-19	1.0610997784412495e-20	22.0	22.0	1
control_d4780b820e4ca23b28768e1e1d7a79f4836a1dc68284bd59084b2dbfdb1efd3f	parent_control	d4780b820e4ca23b28768e1e1d7a79f4836a1dc68284bd59084b2dbfdb1efd3f	1218	PF12763.14	EH	EH domain	101	6	75	0.693069306930693	222	292	217	310	0.05829228243021346	135.16270446777344	68.94435119628906	2.579657645823273e-41	1.0954128404183278e-20	1.6805496854395546e-22	22.0	22.0	2
control_d4780b820e4ca23b28768e1e1d7a79f4836a1dc68284bd59084b2dbfdb1efd3f	parent_control	d4780b820e4ca23b28768e1e1d7a79f4836a1dc68284bd59084b2dbfdb1efd3f	1218	PF07653.24	SH3_2	Variant SH3 domain	55	1	53	0.9636363636363636	742	800	742	802	0.048440065681444995	193.59896850585938	24.238204956054688	9.853621571806231e-60	7.611684478770636e-07	1.3800822625386089e-08	21.799999237060547	21.799999237060547	1
control_d4780b820e4ca23b28768e1e1d7a79f4836a1dc68284bd59084b2dbfdb1efd3f	parent_control	d4780b820e4ca23b28768e1e1d7a79f4836a1dc68284bd59084b2dbfdb1efd3f	1218	PF00018.35	SH3_1	SH3 domain	48	1	48	1.0	744	796	744	796	0.04351395730706076	196.7054901123047	29.82637596130371	9.64923952217581e-61	1.289602220967598e-08	2.5180517564220886e-10	22.899999618530273	22.899999618530273	1
control_d4780b820e4ca23b28768e1e1d7a79f4836a1dc68284bd59084b2dbfdb1efd3f	parent_control	d4780b820e4ca23b28768e1e1d7a79f4836a1dc68284bd59084b2dbfdb1efd3f	1218	PF14604.13	SH3_9	Variant SH3 domain	49	1	47	0.9591836734693877	745	798	745	800	0.04433497536945813	202.14703369140625	43.303184509277344	2.3146109478967353e-62	9.532065020887376e-13	1.595324689688264e-14	30.0	30.0	1
control_d4780b820e4ca23b28768e1e1d7a79f4836a1dc68284bd59084b2dbfdb1efd3f	parent_control	d4780b820e4ca23b28768e1e1d7a79f4836a1dc68284bd59084b2dbfdb1efd3f	1218	PF16617.11	INTAP	Intersectin and clathrin adaptor AP2 binding region	115	1	115	1.0	801	915	801	915	0.09441707717569786	181.09347534179688	181.09347534179688	2.9144168344286077e-55	2.9144168344286077e-55	2.845316295815935e-57	25.0	25.0	2
control_d4780b820e4ca23b28768e1e1d7a79f4836a1dc68284bd59084b2dbfdb1efd3f	parent_control	d4780b820e4ca23b28768e1e1d7a79f4836a1dc68284bd59084b2dbfdb1efd3f	1218	PF00018.35	SH3_1	SH3 domain	48	1	48	1.0	917	961	917	961	0.03694581280788178	196.7054901123047	43.62836456298828	9.64923952217581e-61	6.299404280973218e-13	1.2300092040951891e-14	22.899999618530273	22.899999618530273	2
control_d4780b820e4ca23b28768e1e1d7a79f4836a1dc68284bd59084b2dbfdb1efd3f	parent_control	d4780b820e4ca23b28768e1e1d7a79f4836a1dc68284bd59084b2dbfdb1efd3f	1218	PF14604.13	SH3_9	Variant SH3 domain	49	1	49	1.0	918	965	918	965	0.03940886699507389	202.14703369140625	39.96588897705078	2.3146109478967353e-62	1.0509637600406343e-11	1.7589351632479236e-13	30.0	30.0	2
control_d4780b820e4ca23b28768e1e1d7a79f4836a1dc68284bd59084b2dbfdb1efd3f	parent_control	d4780b820e4ca23b28768e1e1d7a79f4836a1dc68284bd59084b2dbfdb1efd3f	1218	PF07653.24	SH3_2	Variant SH3 domain	55	9	54	0.8363636363636363	923	966	916	967	0.0361247947454844	193.59896850585938	40.66730499267578	9.853621571806231e-60	5.636513739479425e-12	1.0219620448149584e-13	21.799999237060547	21.799999237060547	2
control_d4780b820e4ca23b28768e1e1d7a79f4836a1dc68284bd59084b2dbfdb1efd3f	parent_control	d4780b820e4ca23b28768e1e1d7a79f4836a1dc68284bd59084b2dbfdb1efd3f	1218	PF00018.35	SH3_1	SH3 domain	48	1	48	1.0	1006	1050	1006	1050	0.03694581280788178	196.7054901123047	41.12935256958008	9.64923952217581e-61	3.800886632621385e-12	7.42153596327746e-14	22.899999618530273	22.899999618530273	3
control_d4780b820e4ca23b28768e1e1d7a79f4836a1dc68284bd59084b2dbfdb1efd3f	parent_control	d4780b820e4ca23b28768e1e1d7a79f4836a1dc68284bd59084b2dbfdb1efd3f	1218	PF07653.24	SH3_2	Variant SH3 domain	55	3	53	0.9272727272727272	1006	1054	1005	1055	0.040229885057471264	193.59896850585938	39.553466796875	9.853621571806231e-60	1.2555654060094161e-11	2.2764784209375744e-13	21.799999237060547	21.799999237060547	3
control_d4780b820e4ca23b28768e1e1d7a79f4836a1dc68284bd59084b2dbfdb1efd3f	parent_control	d4780b820e4ca23b28768e1e1d7a79f4836a1dc68284bd59084b2dbfdb1efd3f	1218	PF14604.13	SH3_9	Variant SH3 domain	49	1	48	0.9795918367346939	1007	1053	1007	1054	0.03858784893267652	202.14703369140625	32.775962829589844	2.3146109478967353e-62	1.850774896565033e-09	3.097531207640223e-11	30.0	30.0	3
control_d4780b820e4ca23b28768e1e1d7a79f4836a1dc68284bd59084b2dbfdb1efd3f	parent_control	d4780b820e4ca23b28768e1e1d7a79f4836a1dc68284bd59084b2dbfdb1efd3f	1218	PF07653.24	SH3_2	Variant SH3 domain	55	2	54	0.9636363636363636	1077	1133	1076	1134	0.046798029556650245	193.59896850585938	38.57467269897461	9.853621571806231e-60	2.538029215172597e-11	4.601726610494249e-13	21.799999237060547	21.799999237060547	4
control_d4780b820e4ca23b28768e1e1d7a79f4836a1dc68284bd59084b2dbfdb1efd3f	parent_control	d4780b820e4ca23b28768e1e1d7a79f4836a1dc68284bd59084b2dbfdb1efd3f	1218	PF00018.35	SH3_1	SH3 domain	48	2	48	0.9791666666666666	1079	1128	1078	1128	0.041050903119868636	196.7054901123047	31.048452377319336	9.64923952217581e-61	5.354647588470614e-09	1.0455378833833834e-10	22.899999618530273	22.899999618530273	4
control_d4780b820e4ca23b28768e1e1d7a79f4836a1dc68284bd59084b2dbfdb1efd3f	parent_control	d4780b820e4ca23b28768e1e1d7a79f4836a1dc68284bd59084b2dbfdb1efd3f	1218	PF14604.13	SH3_9	Variant SH3 domain	49	1	49	1.0	1079	1132	1079	1132	0.04433497536945813	202.14703369140625	32.27140808105469	2.3146109478967353e-62	2.660423310846847e-09	4.4525913152248485e-11	30.0	30.0	4
control_d4780b820e4ca23b28768e1e1d7a79f4836a1dc68284bd59084b2dbfdb1efd3f	parent_control	d4780b820e4ca23b28768e1e1d7a79f4836a1dc68284bd59084b2dbfdb1efd3f	1218	PF00018.35	SH3_1	SH3 domain	48	3	48	0.9583333333333334	1161	1204	1159	1204	0.0361247947454844	196.7054901123047	59.55742263793945	9.64923952217581e-61	6.6640283331899814e-18	1.301204974402507e-19	22.899999618530273	22.899999618530273	5
control_d4780b820e4ca23b28768e1e1d7a79f4836a1dc68284bd59084b2dbfdb1efd3f	parent_control	d4780b820e4ca23b28768e1e1d7a79f4836a1dc68284bd59084b2dbfdb1efd3f	1218	PF14604.13	SH3_9	Variant SH3 domain	49	2	49	0.9795918367346939	1161	1208	1161	1208	0.03940886699507389	202.14703369140625	56.62226867675781	2.3146109478967353e-62	6.591512567607089e-17	1.1031820196831949e-18	30.0	30.0	5
control_d4780b820e4ca23b28768e1e1d7a79f4836a1dc68284bd59084b2dbfdb1efd3f	parent_control	d4780b820e4ca23b28768e1e1d7a79f4836a1dc68284bd59084b2dbfdb1efd3f	1218	PF07653.24	SH3_2	Variant SH3 domain	55	7	53	0.8545454545454545	1163	1208	1156	1210	0.03776683087027915	193.59896850585938	48.984554290771484	9.853621571806231e-60	1.4246382231282368e-14	2.583026067038644e-16	21.799999237060547	21.799999237060547	5
control_d49493b9cc0c19e8b09a9743e8dffce1f2482086ea1e6b27c3a7c44d15a8196d	parent_control	d49493b9cc0c19e8b09a9743e8dffce1f2482086ea1e6b27c3a7c44d15a8196d	909	PF00431.27	CUB	CUB domain	110	1	110	1.0	28	139	28	139	0.12321232123212321	195.8322296142578	100.19198608398438	6.112711426379411e-60	3.1462013533671684e-30	2.632804479805162e-32	21.399999618530273	21.399999618530273	1
control_d49493b9cc0c19e8b09a9743e8dffce1f2482086ea1e6b27c3a7c44d15a8196d	parent_control	d49493b9cc0c19e8b09a9743e8dffce1f2482086ea1e6b27c3a7c44d15a8196d	909	PF00431.27	CUB	CUB domain	110	1	110	1.0	149	264	149	264	0.1276127612761276	195.8322296142578	93.11071014404297	6.112711426379411e-60	4.984852738208182e-28	4.171424885529859e-30	21.399999618530273	21.399999618530273	2
control_d49493b9cc0c19e8b09a9743e8dffce1f2482086ea1e6b27c3a7c44d15a8196d	parent_control	d49493b9cc0c19e8b09a9743e8dffce1f2482086ea1e6b27c3a7c44d15a8196d	909	PF00754.32	F5_F8_type_C	F5/8 type C domain	127	1	127	1.0	292	424	292	424	0.14631463146314633	179.71266174316406	90.99530792236328	8.824366383743417e-55	2.469042776512337e-27	2.0661445828555118e-29	28.200000762939453	28.200000762939453	1
control_d49493b9cc0c19e8b09a9743e8dffce1f2482086ea1e6b27c3a7c44d15a8196d	parent_control	d49493b9cc0c19e8b09a9743e8dffce1f2482086ea1e6b27c3a7c44d15a8196d	909	PF00754.32	F5_F8_type_C	F5/8 type C domain	127	1	127	1.0	449	589	449	589	0.1551155115511551	179.71266174316406	86.53185272216797	8.824366383743417e-55	5.93479506887929e-26	4.966355706175138e-28	28.200000762939453	28.200000762939453	2
control_d49493b9cc0c19e8b09a9743e8dffce1f2482086ea1e6b27c3a7c44d15a8196d	parent_control	d49493b9cc0c19e8b09a9743e8dffce1f2482086ea1e6b27c3a7c44d15a8196d	909	PF22633.4	F5_F8_type_C_2	NedA-like, galactose-binding domain	90	17	90	0.8222222222222222	484	573	474	573	0.09900990099009901	45.901100158691406	28.690933227539062	2.569528016593647e-13	6.017988401649977e-08	5.03597355786609e-10	28.200000762939453	28.200000762939453	2
control_d49493b9cc0c19e8b09a9743e8dffce1f2482086ea1e6b27c3a7c44d15a8196d	parent_control	d49493b9cc0c19e8b09a9743e8dffce1f2482086ea1e6b27c3a7c44d15a8196d	909	PF00629.31	MAM	MAM domain, meprin/A5/mu	158	1	153	0.9683544303797469	646	792	646	800	0.1617161716171617	107.23047637939453	105.9839859008789	2.716666425658576e-32	6.570935434059733e-32	5.498690739798939e-34	26.399999618530273	26.399999618530273	1
control_d49493b9cc0c19e8b09a9743e8dffce1f2482086ea1e6b27c3a7c44d15a8196d	parent_control	d49493b9cc0c19e8b09a9743e8dffce1f2482086ea1e6b27c3a7c44d15a8196d	909	PF11980.14	DUF3481	C-terminal domain of neuropilin glycoprotein	82	4	82	0.9634146341463414	831	909	828	909	0.08690869086908691	138.2004852294922	137.366943359375	2.268786889197967e-42	4.1292471269363e-42	2.303624617537685e-44	28.5	28.5	1
control_d5d279ce429e4d927f907fd7709f4886d5c81d0cd43b3697d896b043d272ce04	parent_control	d5d279ce429e4d927f907fd7709f4886d5c81d0cd43b3697d896b043d272ce04	499	PF26141.1	PMEL_NMB_N	PMEL/NMB N-terminal domain	173	25	173	0.861271676300578	1	158	1	158	0.3166332665330661	179.6601104736328	178.0035858154297	1.8371659689036305e-54	5.928874446713195e-54	8.269002017731095e-56	27.0	27.0	1
control_d5d279ce429e4d927f907fd7709f4886d5c81d0cd43b3697d896b043d272ce04	parent_control	d5d279ce429e4d927f907fd7709f4886d5c81d0cd43b3697d896b043d272ce04	499	PF00801.27	PKD	PKD domain	80	24	68	0.5625	193	243	176	246	0.10220440881763528	33.774986267089844	28.565746307373047	1.008557889296625e-09	4.259227255775303e-08	5.940344847664299e-10	23.5	23.5	2
control_d5d279ce429e4d927f907fd7709f4886d5c81d0cd43b3697d896b043d272ce04	parent_control	d5d279ce429e4d927f907fd7709f4886d5c81d0cd43b3697d896b043d272ce04	499	PF18911.7	PKD_4	PKD domain	85	33	70	0.4470588235294118	202	242	182	244	0.08216432865731463	37.44766616821289	29.85024642944336	7.532579776687974e-11	1.768536638243757e-08	2.4665782960163975e-10	27.0	27.0	1
control_d5d279ce429e4d927f907fd7709f4886d5c81d0cd43b3697d896b043d272ce04	parent_control	d5d279ce429e4d927f907fd7709f4886d5c81d0cd43b3697d896b043d272ce04	499	PF20433.4	PKAT_KLD	PKAT, KLD domain	51	1	51	1.0	344	394	344	394	0.10220440881763528	82.03130340576172	81.05638885498047	1.0071384411410895e-24	2.0303600187904517e-24	2.8317434013813835e-26	27.700000762939453	27.700000762939453	1
control_d5e584c2a04ce44d8c5759ee1d77bdd925ca075bde39bf1e30df77ae8e1e290c	parent_control	d5e584c2a04ce44d8c5759ee1d77bdd925ca075bde39bf1e30df77ae8e1e290c	347	PF04756.20	OST3_OST6	OST3 / OST6 family, transporter family	294	1	294	1.0	54	342	54	342	0.8328530259365994	338.01226806640625	337.7987060546875	1.9428865192688798e-102	2.2568676014735405e-102	3.4624189143945536e-104	27.0	27.0	1
control_d86d5187582172eaa5a328022e2bb432ed1baae3c43b9f08fa667a9d67b074c8	parent_control	d86d5187582172eaa5a328022e2bb432ed1baae3c43b9f08fa667a9d67b074c8	292	PF05197.19	TRIC	TRIC channel	193	2	192	0.9896373056994818	37	226	36	227	0.6506849315068494	267.7387390136719	267.3546447753906	1.7823019271947162e-81	2.3372801935914326e-81	3.259805011982472e-84	25.899999618530273	25.899999618530273	1
control_d8c6d83cfbc989dea7202d53e838ba18ae7d102409f78466574292795e26f72b	parent_control	d8c6d83cfbc989dea7202d53e838ba18ae7d102409f78466574292795e26f72b	87	PF02719.22	Polysacc_synt_2	Polysaccharide biosynthesis protein	293	1	74	0.2525597269624573	15	82	15	86	0.7816091954022989	33.04109191894531	32.78618240356445	1.3285769008589005e-09	1.5887139335888173e-09	2.8805134081805614e-11	20.200000762939453	20.200000762939453	1
control_d8c6d83cfbc989dea7202d53e838ba18ae7d102409f78466574292795e26f72b	parent_control	d8c6d83cfbc989dea7202d53e838ba18ae7d102409f78466574292795e26f72b	87	PF08659.17	KR	KR domain	180	3	77	0.4166666666666667	15	86	13	87	0.8275862068965517	56.2721061706543	56.14657211303711	1.491547761250378e-16	1.6299172858589777e-16	3.864517972050574e-18	22.600000381469727	22.600000381469727	1
control_d8c6d83cfbc989dea7202d53e838ba18ae7d102409f78466574292795e26f72b	parent_control	d8c6d83cfbc989dea7202d53e838ba18ae7d102409f78466574292795e26f72b	87	PF00106.32	adh_short	short chain dehydrogenase	195	3	74	0.36923076923076925	15	87	13	87	0.8390804597701149	53.81765365600586	53.69811248779297	6.457285971081149e-16	7.02563580566022e-16	1.5677848380831732e-17	26.600000381469727	25.0	1
control_d8c6d83cfbc989dea7202d53e838ba18ae7d102409f78466574292795e26f72b	parent_control	d8c6d83cfbc989dea7202d53e838ba18ae7d102409f78466574292795e26f72b	87	PF13561.13	adh_short_C2	Enoyl-(Acyl carrier protein) reductase	236	6	68	0.2669491525423729	22	87	19	87	0.7586206896551724	34.22053527832031	34.04020309448242	7.308142606767482e-10	8.296643567194477e-10	1.851412790447861e-11	27.0	27.0	1
control_d8f8bcf2abb482b2a03135ba312e8c7944962feb6b7a127ebf52ff23ea2fb9da	parent_control	d8f8bcf2abb482b2a03135ba312e8c7944962feb6b7a127ebf52ff23ea2fb9da	213	PF00328.28	His_Phos_2	Histidine phosphatase superfamily (branch 2)	354	2	213	0.5988700564971752	33	213	32	213	0.8497652582159625	112.23751831054688	109.10749053955078	1.3308153719246414e-33	1.190473717627615e-32	8.301769300053103e-35	23.600000381469727	23.600000381469727	1
control_daefdece2c98c64e566fc63855054c3f9190aa71d0ced558b3fd980a877de551	parent_control	daefdece2c98c64e566fc63855054c3f9190aa71d0ced558b3fd980a877de551	227	PF04089.20	BRICHOS	BRICHOS domain	91	2	91	0.989010989010989	101	191	100	191	0.4008810572687225	75.8960189819336	75.35313415527344	8.543810473709441e-23	1.2619150737604608e-22	5.279979388119083e-25	25.0	25.0	1
control_dbc8fa69612a7113a91712b04235153f76cd58baa8b2d6377ec825ee3f1c61e3	parent_control	dbc8fa69612a7113a91712b04235153f76cd58baa8b2d6377ec825ee3f1c61e3	207	PF00025.28	Arf	ADP-ribosylation factor family	174	15	169	0.8908045977011494	9	164	2	169	0.7536231884057971	62.82707214355469	62.46260070800781	1.0403252248481728e-18	1.3461925826156814e-18	3.3795629689096605e-20	22.299999237060547	22.299999237060547	1
control_dbc8fa69612a7113a91712b04235153f76cd58baa8b2d6377ec825ee3f1c61e3	parent_control	dbc8fa69612a7113a91712b04235153f76cd58baa8b2d6377ec825ee3f1c61e3	207	PF08477.20	Roc	Ras of Complex, Roc, domain of DAPkinase	119	1	119	1.0	10	124	10	124	0.5555555555555556	122.2840805053711	121.57008361816406	4.8749777961188065e-37	8.114671497433244e-37	2.2635066938446985e-38	27.0	27.0	1
control_dbc8fa69612a7113a91712b04235153f76cd58baa8b2d6377ec825ee3f1c61e3	parent_control	dbc8fa69612a7113a91712b04235153f76cd58baa8b2d6377ec825ee3f1c61e3	207	PF04670.19	Gtr1_RagA	Gtr1/RagA G protein conserved region	232	1	128	0.5517241379310345	10	130	10	179	0.5845410628019324	24.21595001220703	23.915409088134766	7.450987942079448e-07	9.205722147834596e-07	5.135688785402843e-09	22.0	22.0	1
control_dbc8fa69612a7113a91712b04235153f76cd58baa8b2d6377ec825ee3f1c61e3	parent_control	dbc8fa69612a7113a91712b04235153f76cd58baa8b2d6377ec825ee3f1c61e3	207	PF00071.29	Ras	Ras family	162	1	161	0.9938271604938271	10	170	10	171	0.7777777777777778	231.3992919921875	231.14004516601562	1.5032942111469138e-70	1.806272311890954e-70	5.794178964224817e-72	21.600000381469727	21.600000381469727	1
control_dce5f71e22b102c9adb6874417b913a93c1251e19d860627ee26c2bd912cdf85	parent_control	dce5f71e22b102c9adb6874417b913a93c1251e19d860627ee26c2bd912cdf85	1335	PF00111.33	Fer2	2Fe-2S iron-sulfur cluster binding domain	77	1	76	0.987012987012987	11	80	11	81	0.052434456928838954	42.70481872558594	40.76331329345703	1.5776221814615344e-12	6.36684439631909e-12	8.879838767530113e-15	21.0	21.0	1
control_dce5f71e22b102c9adb6874417b913a93c1251e19d860627ee26c2bd912cdf85	parent_control	dce5f71e22b102c9adb6874417b913a93c1251e19d860627ee26c2bd912cdf85	1335	PF01799.26	Fer2_2	[2Fe-2S] binding domain	75	1	74	0.9866666666666667	90	162	90	163	0.05468164794007491	107.26216125488281	105.7613754272461	1.2858456679609195e-32	3.780821751546138e-32	5.273112624192661e-35	30.299999237060547	30.299999237060547	1
control_dce5f71e22b102c9adb6874417b913a93c1251e19d860627ee26c2bd912cdf85	parent_control	dce5f71e22b102c9adb6874417b913a93c1251e19d860627ee26c2bd912cdf85	1335	PF00941.28	FAD_binding_5	FAD binding domain in molybdopterin dehydrogenase	170	3	169	0.9823529411764705	236	413	230	414	0.13333333333333333	156.74798583984375	155.926025390625	1.8072324914402444e-47	3.2327516126429527e-47	4.508719125025038e-50	27.0	27.0	1
control_dce5f71e22b102c9adb6874417b913a93c1251e19d860627ee26c2bd912cdf85	parent_control	dce5f71e22b102c9adb6874417b913a93c1251e19d860627ee26c2bd912cdf85	1335	PF03450.23	CO_deh_flav_C	CO dehydrogenase flavoprotein C-terminal domain	102	2	102	0.9901960784313726	422	525	421	525	0.07790262172284644	88.70509338378906	85.82062530517578	8.990734533920534e-27	7.113361630919705e-26	9.921006458744357e-29	25.5	25.5	1
control_dce5f71e22b102c9adb6874417b913a93c1251e19d860627ee26c2bd912cdf85	parent_control	dce5f71e22b102c9adb6874417b913a93c1251e19d860627ee26c2bd912cdf85	1335	PF01315.28	Ald_Xan_dh_C	Aldehyde oxidase and xanthine dehydrogenase, a/b hammerhead domain	110	1	110	1.0	590	696	590	696	0.08014981273408239	122.64049530029297	121.68965911865234	3.3295693014609357e-37	6.573349979462896e-37	9.167852133142114e-40	31.299999237060547	31.299999237060547	1
control_dce5f71e22b102c9adb6874417b913a93c1251e19d860627ee26c2bd912cdf85	parent_control	dce5f71e22b102c9adb6874417b913a93c1251e19d860627ee26c2bd912cdf85	1335	PF02738.24	MoCoBD_1	Molybdopterin cofactor-binding domain	244	7	244	0.9754098360655737	707	949	701	949	0.18202247191011237	327.0492858886719	322.76025390625	1.9575548195925237e-99	3.9946013571971834e-98	5.5712710700100185e-101	27.0	27.0	1
control_dce5f71e22b102c9adb6874417b913a93c1251e19d860627ee26c2bd912cdf85	parent_control	dce5f71e22b102c9adb6874417b913a93c1251e19d860627ee26c2bd912cdf85	1335	PF20256.4	MoCoBD_2	Molybdopterin cofactor-binding domain	283	2	283	0.9964664310954063	974	1239	973	1239	0.199250936329588	330.8868713378906	330.247802734375	2.744169246153481e-100	4.297173862495334e-100	5.993268985349141e-103	27.0	27.0	1
control_dd5b0de12377ef26b3ccb081a9a2bbdd1a08fbf26861720d0f29b3cf4f31a1bf	parent_control	dd5b0de12377ef26b3ccb081a9a2bbdd1a08fbf26861720d0f29b3cf4f31a1bf	229	PF00025.28	Arf	ADP-ribosylation factor family	174	12	133	0.7011494252873564	31	158	27	191	0.5589519650655022	55.76822280883789	55.33956527709961	1.531488947866902e-16	2.073791291754518e-16	5.206170606915108e-18	22.299999237060547	22.299999237060547	1
control_dd5b0de12377ef26b3ccb081a9a2bbdd1a08fbf26861720d0f29b3cf4f31a1bf	parent_control	dd5b0de12377ef26b3ccb081a9a2bbdd1a08fbf26861720d0f29b3cf4f31a1bf	229	PF00009.34	GTP_EFTU	Elongation factor Tu GTP binding domain	188	3	171	0.898936170212766	33	181	31	206	0.6506550218340611	32.84199142456055	26.843013763427734	1.8502920425668494e-09	1.2791189142885012e-07	3.567974656313811e-10	26.5	26.5	1
control_dd5b0de12377ef26b3ccb081a9a2bbdd1a08fbf26861720d0f29b3cf4f31a1bf	parent_control	dd5b0de12377ef26b3ccb081a9a2bbdd1a08fbf26861720d0f29b3cf4f31a1bf	229	PF04670.19	Gtr1_RagA	Gtr1/RagA G protein conserved region	232	1	89	0.38362068965517243	35	119	35	153	0.37117903930131	27.473609924316406	27.065465927124023	7.528130336756407e-08	1.0032615396926353e-07	5.596996037336877e-10	22.0	22.0	1
control_dd5b0de12377ef26b3ccb081a9a2bbdd1a08fbf26861720d0f29b3cf4f31a1bf	parent_control	dd5b0de12377ef26b3ccb081a9a2bbdd1a08fbf26861720d0f29b3cf4f31a1bf	229	PF01926.30	MMR_HSR1	50S ribosome-binding GTPase	113	1	113	1.0	35	149	35	149	0.5021834061135371	30.89183807373047	30.3868465423584	9.288859337088437e-09	1.3326552242877538e-08	2.4162507553334445e-10	21.899999618530273	21.899999618530273	1
control_dd5b0de12377ef26b3ccb081a9a2bbdd1a08fbf26861720d0f29b3cf4f31a1bf	parent_control	dd5b0de12377ef26b3ccb081a9a2bbdd1a08fbf26861720d0f29b3cf4f31a1bf	229	PF08477.20	Roc	Ras of Complex, Roc, domain of DAPkinase	119	1	119	1.0	35	151	35	151	0.5109170305676856	113.15049743652344	112.66758728027344	3.302648226822968e-34	4.661620517580831e-34	1.3003125572052524e-35	27.0	27.0	1
control_dd5b0de12377ef26b3ccb081a9a2bbdd1a08fbf26861720d0f29b3cf4f31a1bf	parent_control	dd5b0de12377ef26b3ccb081a9a2bbdd1a08fbf26861720d0f29b3cf4f31a1bf	229	PF00071.29	Ras	Ras family	162	1	161	0.9938271604938271	35	200	35	201	0.7248908296943232	174.3015899658203	174.0614776611328	5.485009518148367e-53	6.501764301360854e-53	2.0856426629191024e-54	21.600000381469727	21.600000381469727	1
control_ddbeab8c698a5f20d72600fae0769f4a0c03b94ba4303ac65a1220a5de3f2f60	parent_control	ddbeab8c698a5f20d72600fae0769f4a0c03b94ba4303ac65a1220a5de3f2f60	1436	PF00664.29	ABC_membrane	ABC transporter transmembrane region	274	1	273	0.9963503649635036	179	446	179	447	0.18662952646239556	183.01600646972656	66.6108627319336	3.482650154228138e-55	1.0799966471907249e-19	1.5062714744640515e-22	28.0	21.700000762939453	1
control_ddbeab8c698a5f20d72600fae0769f4a0c03b94ba4303ac65a1220a5de3f2f60	parent_control	ddbeab8c698a5f20d72600fae0769f4a0c03b94ba4303ac65a1220a5de3f2f60	1436	PF00005.34	ABC_tran	ABC transporter	137	2	136	0.9854014598540146	579	712	578	713	0.09331476323119778	171.27032470703125	69.00534057617188	6.3020051257310526e-52	2.373712126454581e-20	3.3106166338278675e-23	25.0	25.0	1
control_ddbeab8c698a5f20d72600fae0769f4a0c03b94ba4303ac65a1220a5de3f2f60	parent_control	ddbeab8c698a5f20d72600fae0769f4a0c03b94ba4303ac65a1220a5de3f2f60	1436	PF00664.29	ABC_membrane	ABC transporter transmembrane region	274	2	272	0.9890510948905109	859	1140	858	1142	0.19637883008356546	183.01600646972656	122.45989227294922	3.482650154228138e-55	1.0121684086906353e-36	1.4116714207679712e-39	28.0	21.700000762939453	2
control_ddbeab8c698a5f20d72600fae0769f4a0c03b94ba4303ac65a1220a5de3f2f60	parent_control	ddbeab8c698a5f20d72600fae0769f4a0c03b94ba4303ac65a1220a5de3f2f60	1436	PF00005.34	ABC_tran	ABC transporter	137	1	137	1.0	1209	1357	1209	1357	0.10376044568245125	171.27032470703125	99.13912200927734	6.3020051257310526e-52	1.1779886997991851e-29	1.642941003904024e-32	25.0	25.0	3
control_df1391a795686ab3ee0803438d6e8d5d1f9bd594634e3c2223f345ecb05c2f7c	parent_control	df1391a795686ab3ee0803438d6e8d5d1f9bd594634e3c2223f345ecb05c2f7c	531	PF00153.33	Mito_carr	Mitochondrial carrier protein	96	6	95	0.9375	330	423	326	424	0.17702448210922786	152.8280792236328	88.80309295654297	6.062066559301744e-47	5.701776586145665e-27	2.3856805799772658e-29	22.299999237060547	22.299999237060547	2
control_df1391a795686ab3ee0803438d6e8d5d1f9bd594634e3c2223f345ecb05c2f7c	parent_control	df1391a795686ab3ee0803438d6e8d5d1f9bd594634e3c2223f345ecb05c2f7c	531	PF00153.33	Mito_carr	Mitochondrial carrier protein	96	3	94	0.9583333333333334	427	514	425	516	0.1657250470809793	152.8280792236328	61.06479263305664	6.062066559301744e-47	2.566359082198685e-18	1.073790410961793e-20	22.299999237060547	22.299999237060547	3
control_df3086ad9e7da104b5f4cdeeb7c9a94319e78d28085696bf36838b414465cf0c	parent_control	df3086ad9e7da104b5f4cdeeb7c9a94319e78d28085696bf36838b414465cf0c	1138	PF10421.15	OAS1_C	2'-5'-oligoadenylate synthetase 1, domain 2, C-terminus	188	2	184	0.973404255319149	160	339	159	342	0.15817223198594024	790.0969848632812	265.1695251464844	1.119986924885253e-241	1.0551109634319645e-80	1.1772507262839214e-82	19.899999618530273	19.899999618530273	1
control_df3086ad9e7da104b5f4cdeeb7c9a94319e78d28085696bf36838b414465cf0c	parent_control	df3086ad9e7da104b5f4cdeeb7c9a94319e78d28085696bf36838b414465cf0c	1138	PF10421.15	OAS1_C	2'-5'-oligoadenylate synthetase 1, domain 2, C-terminus	188	2	187	0.9893617021276596	611	795	610	796	0.1625659050966608	790.0969848632812	248.60533142089844	1.119986924885253e-241	1.2672678916035158e-75	1.4139669641322351e-77	19.899999618530273	19.899999618530273	2
control_df3086ad9e7da104b5f4cdeeb7c9a94319e78d28085696bf36838b414465cf0c	parent_control	df3086ad9e7da104b5f4cdeeb7c9a94319e78d28085696bf36838b414465cf0c	1138	PF01909.30	NTP_transf_2	Nucleotidyltransferase domain	93	1	63	0.6774193548387096	831	896	831	918	0.05799648506151142	57.72264862060547	32.54747772216797	4.526051382191805e-17	3.2357385038759593e-09	1.8051539770577178e-11	21.0	21.0	3
control_df3086ad9e7da104b5f4cdeeb7c9a94319e78d28085696bf36838b414465cf0c	parent_control	df3086ad9e7da104b5f4cdeeb7c9a94319e78d28085696bf36838b414465cf0c	1138	PF10421.15	OAS1_C	2'-5'-oligoadenylate synthetase 1, domain 2, C-terminus	188	2	187	0.9893617021276596	955	1136	954	1137	0.15992970123022848	790.0969848632812	272.7314758300781	1.119986924885253e-241	5.0623571622982834e-83	5.648376192243552e-85	19.899999618530273	19.899999618530273	3
control_df9e651b7156884ff2f7f32e9413843e08d2253f813aea43ba95f3ecafbb2de7	parent_control	df9e651b7156884ff2f7f32e9413843e08d2253f813aea43ba95f3ecafbb2de7	804	PF13967.12	RSN1_TM	Late exocytosis, associated with Golgi transport	156	6	155	0.9615384615384616	54	212	50	213	0.19776119402985073	69.37732696533203	69.37732696533203	1.0634032211904068e-20	1.0634032211904068e-20	1.4831286209071225e-23	27.0	27.0	1
control_df9e651b7156884ff2f7f32e9413843e08d2253f813aea43ba95f3ecafbb2de7	parent_control	df9e651b7156884ff2f7f32e9413843e08d2253f813aea43ba95f3ecafbb2de7	804	PF14703.13	PHM7_cyt	Cytosolic domain of 10TM putative phosphate transporter	174	2	174	0.9942528735632183	227	409	226	409	0.22761194029850745	152.72837829589844	152.1895294189453	4.301496122956135e-46	6.296702345011471e-46	8.782011638788663e-49	27.0	27.0	1
control_df9e651b7156884ff2f7f32e9413843e08d2253f813aea43ba95f3ecafbb2de7	parent_control	df9e651b7156884ff2f7f32e9413843e08d2253f813aea43ba95f3ecafbb2de7	804	PF02714.21	RSN1_7TM	Calcium-dependent channel, 7TM region, putative phosphate	274	2	273	0.9927007299270073	421	691	420	692	0.3370646766169154	181.30706787109375	179.9138641357422	9.305637356424142e-55	2.4747365164612184e-54	3.451515364659998e-57	28.700000762939453	28.700000762939453	1
control_dfbc380bd60aeb6bcd2be16cf19c99106bb3011733cc6282c53587205039a7d0	parent_control	dfbc380bd60aeb6bcd2be16cf19c99106bb3011733cc6282c53587205039a7d0	921	PF11934.14	DUF3452	Domain of unknown function (DUF3452)	135	9	132	0.9185185185185185	109	220	103	222	0.12160694896851248	44.38044357299805	44.218780517578125	4.86953264669529e-13	5.462896792900807e-13	2.285730875690714e-15	26.299999237060547	26.299999237060547	1
control_dfbc380bd60aeb6bcd2be16cf19c99106bb3011733cc6282c53587205039a7d0	parent_control	dfbc380bd60aeb6bcd2be16cf19c99106bb3011733cc6282c53587205039a7d0	921	PF01858.23	RB_A	Retinoblastoma-associated protein A domain	196	1	196	1.0	367	567	367	567	0.2182410423452769	225.19847106933594	225.19847106933594	2.623062335046213e-68	2.623062335046213e-68	1.0975156213582481e-70	25.0	25.0	2
control_dfbc380bd60aeb6bcd2be16cf19c99106bb3011733cc6282c53587205039a7d0	parent_control	dfbc380bd60aeb6bcd2be16cf19c99106bb3011733cc6282c53587205039a7d0	921	PF01857.26	RB_B	Retinoblastoma-associated protein B domain	142	1	142	1.0	639	758	639	758	0.13029315960912052	112.18795776367188	109.24441528320312	7.692098887315442e-34	6.224696112641063e-33	8.681584536458944e-36	26.899999618530273	26.899999618530273	4
control_dfbc380bd60aeb6bcd2be16cf19c99106bb3011733cc6282c53587205039a7d0	parent_control	dfbc380bd60aeb6bcd2be16cf19c99106bb3011733cc6282c53587205039a7d0	921	PF08934.16	Rb_C	Rb C-terminal domain	152	1	151	0.993421052631579	761	917	761	918	0.17046688382193267	268.6452331542969	268.2746276855469	4.913484096977363e-82	6.390289823025437e-82	8.912538107427388e-85	21.0	21.0	2
control_dfd03c537cc6af6cf1253c19e07b02b43bc3f1b6781dcf1cd00224a704afa648	parent_control	dfd03c537cc6af6cf1253c19e07b02b43bc3f1b6781dcf1cd00224a704afa648	181	PF07716.21	bZIP_2	Basic region leucine zipper	54	3	54	0.9629629629629629	86	138	84	138	0.292817679558011	39.25349044799805	38.63884353637695	2.0142879563717938e-11	3.1337991203700776e-11	4.370710070251154e-14	22.299999237060547	22.299999237060547	1
control_dfd03c537cc6af6cf1253c19e07b02b43bc3f1b6781dcf1cd00224a704afa648	parent_control	dfd03c537cc6af6cf1253c19e07b02b43bc3f1b6781dcf1cd00224a704afa648	181	PF00170.27	bZIP_1	bZIP transcription factor	64	3	59	0.890625	86	142	84	145	0.3149171270718232	44.64766311645508	43.82427978515625	4.374330847611725e-13	7.906098592166862e-13	1.1026636809158803e-15	27.600000381469727	27.600000381469727	1
control_dfd03c537cc6af6cf1253c19e07b02b43bc3f1b6781dcf1cd00224a704afa648	parent_control	dfd03c537cc6af6cf1253c19e07b02b43bc3f1b6781dcf1cd00224a704afa648	181	PF03131.23	bZIP_Maf	bZIP Maf transcription factor	92	30	84	0.5978260869565217	88	142	58	147	0.30386740331491713	35.9742317199707	35.327362060546875	3.04972331245656e-10	4.853800632304228e-10	6.769596418834348e-13	22.0	22.0	1
control_e0da8d1d0549721fa830784ee580e6f15368ff339b5f046df2da998847ee702a	parent_control	e0da8d1d0549721fa830784ee580e6f15368ff339b5f046df2da998847ee702a	748	PF00013.36	KH_1	KH domain	65	1	64	0.9846153846153847	147	210	147	211	0.0855614973262032	228.0751190185547	66.08279418945312	1.8426884085990532e-70	6.868268882892065e-20	1.9158351137774242e-22	21.5	21.5	1
control_e0da8d1d0549721fa830784ee580e6f15368ff339b5f046df2da998847ee702a	parent_control	e0da8d1d0549721fa830784ee580e6f15368ff339b5f046df2da998847ee702a	748	PF00013.36	KH_1	KH domain	65	2	65	0.9846153846153847	237	302	236	302	0.08823529411764706	228.0751190185547	57.33259201049805	1.8426884085990532e-70	3.70270840502118e-17	1.0328335857799665e-19	21.5	21.5	2
control_e0da8d1d0549721fa830784ee580e6f15368ff339b5f046df2da998847ee702a	parent_control	e0da8d1d0549721fa830784ee580e6f15368ff339b5f046df2da998847ee702a	748	PF00013.36	KH_1	KH domain	65	4	64	0.9384615384615385	328	388	325	389	0.08155080213903744	228.0751190185547	52.79726028442383	1.8426884085990532e-70	9.646661693097876e-16	2.6908400817567296e-18	21.5	21.5	3
control_e0da8d1d0549721fa830784ee580e6f15368ff339b5f046df2da998847ee702a	parent_control	e0da8d1d0549721fa830784ee580e6f15368ff339b5f046df2da998847ee702a	748	PF00013.36	KH_1	KH domain	65	2	65	0.9846153846153847	428	494	427	494	0.08957219251336898	228.0751190185547	60.03263473510742	1.8426884085990532e-70	5.3163020752251286e-18	1.4829294491562423e-20	21.5	21.5	4
control_e0da8d1d0549721fa830784ee580e6f15368ff339b5f046df2da998847ee702a	parent_control	e0da8d1d0549721fa830784ee580e6f15368ff339b5f046df2da998847ee702a	748	PF09005.15	FUBP_C	Far upstream element-binding protein, C-terminal	36	3	24	0.6111111111111112	612	633	610	636	0.029411764705882353	47.14128494262695	22.31749153137207	4.558331930613492e-14	2.6122777303110392e-06	7.286688229598436e-09	20.100000381469727	20.100000381469727	2
control_e0da8d1d0549721fa830784ee580e6f15368ff339b5f046df2da998847ee702a	parent_control	e0da8d1d0549721fa830784ee580e6f15368ff339b5f046df2da998847ee702a	748	PF09005.15	FUBP_C	Far upstream element-binding protein, C-terminal	36	6	21	0.4444444444444444	671	686	666	688	0.0213903743315508	47.14128494262695	25.007884979248047	4.558331930613492e-14	3.7686610621871393e-07	1.0512304218095228e-09	20.100000381469727	20.100000381469727	4
control_e1cc718b8034a16b1a963a8c41705d82abe104e894f0569a9844ba9d9469f9f3	parent_control	e1cc718b8034a16b1a963a8c41705d82abe104e894f0569a9844ba9d9469f9f3	698	PF17649.7	VPS38	Vacuolar protein sorting 38	424	7	418	0.9716981132075472	39	436	37	439	0.5702005730659025	30.912656784057617	29.345413208007812	5.10928866818321e-09	1.5277890248096924e-08	2.1308075659828344e-11	25.200000762939453	25.200000762939453	1
control_e1cc718b8034a16b1a963a8c41705d82abe104e894f0569a9844ba9d9469f9f3	parent_control	e1cc718b8034a16b1a963a8c41705d82abe104e894f0569a9844ba9d9469f9f3	698	PF00168.37	C2	C2 domain	104	6	61	0.5384615384615384	46	108	42	125	0.09025787965616046	22.814544677734375	20.87291145324707	3.173238847025959e-06	1.275809587047715e-05	8.896859044963144e-08	22.0	9.600000381469727	1
control_e1cc718b8034a16b1a963a8c41705d82abe104e894f0569a9844ba9d9469f9f3	parent_control	e1cc718b8034a16b1a963a8c41705d82abe104e894f0569a9844ba9d9469f9f3	698	PF10186.15	ATG14	Vacuolar sorting 38 and autophagy-related subunit 14	347	15	330	0.9106628242074928	184	450	183	463	0.3825214899713467	56.0197639465332	53.210716247558594	1.3121294222498865e-16	9.379161174340169e-16	1.3081117397963974e-18	33.20000076293945	33.20000076293945	1
control_e24566fe2de1e94eabf4dcf592e11ff35ccaf9ef8ea85b5762f37b3b760d99f5	parent_control	e24566fe2de1e94eabf4dcf592e11ff35ccaf9ef8ea85b5762f37b3b760d99f5	589	PF04146.22	YTH	YT521-B-like domain	135	2	134	0.9851851851851852	421	554	420	555	0.22750424448217318	166.15223693847656	165.57659912109375	1.2570621899017546e-50	1.8930372441460242e-50	7.920657925297172e-53	22.100000381469727	22.100000381469727	1
control_e41aa55ccb9c720f170fd5f7b3d37750b7d21e60964165f9dfa69c15c0d64d36	parent_control	e41aa55ccb9c720f170fd5f7b3d37750b7d21e60964165f9dfa69c15c0d64d36	325	PF00248.28	Aldo_ket_red	Aldo/keto reductase family	290	2	289	0.993103448275862	17	293	16	294	0.8523076923076923	208.82806396484375	208.3087615966797	3.396419920656637e-63	4.889273345683674e-63	6.1371631954188375e-65	24.0	24.0	1
control_e41f60f5bb7eefdd457c22b691222a67cc22093ad2cac6ab76d6943375d37c53	parent_control	e41f60f5bb7eefdd457c22b691222a67cc22093ad2cac6ab76d6943375d37c53	1173	PF10408.15	Ufd2P_core	Ubiquitin elongating factor core	628	1	628	1.0	462	1083	462	1083	0.5302642796248934	721.6656494140625	721.3483276367188	3.0127012776260416e-218	3.758499887427696e-218	2.0967921268773757e-220	20.399999618530273	20.399999618530273	1
control_e41f60f5bb7eefdd457c22b691222a67cc22093ad2cac6ab76d6943375d37c53	parent_control	e41f60f5bb7eefdd457c22b691222a67cc22093ad2cac6ab76d6943375d37c53	1173	PF04564.22	U-box	U-box domain	73	1	72	0.9863013698630136	1099	1169	1099	1170	0.060528559249786874	106.10205841064453	104.2960433959961	3.003063140071285e-32	1.09963306965099e-31	4.600975186824226e-34	21.399999618530273	21.399999618530273	1
control_e451052e50a63f62bdbabcff1168d3b79a3258aec0caf2a5df2a9e459ad99bbc	parent_control	e451052e50a63f62bdbabcff1168d3b79a3258aec0caf2a5df2a9e459ad99bbc	154	PF00258.31	Flavodoxin_1	Flavodoxin	143	43	99	0.3986013986013986	99	153	92	154	0.35714285714285715	78.62371826171875	53.94167709350586	1.950572577721558e-23	8.000150795255169e-16	1.2273592572915879e-17	25.0	25.0	2
control_e477fe8db07dff7c1d5e01e48facca7c78461f32203909d602ae944cdf46da01	parent_control	e477fe8db07dff7c1d5e01e48facca7c78461f32203909d602ae944cdf46da01	305	PF00046.36	Homeodomain	Homeodomain	57	1	54	0.9473684210526315	69	125	69	126	0.18688524590163935	29.79553985595703	29.108911514282227	1.54015702805492e-08	2.5233064951465825e-08	1.0557767762119592e-10	22.899999618530273	22.899999618530273	1
control_e477fe8db07dff7c1d5e01e48facca7c78461f32203909d602ae944cdf46da01	parent_control	e477fe8db07dff7c1d5e01e48facca7c78461f32203909d602ae944cdf46da01	305	PF05920.18	Homeobox_KN	Homeobox KN domain	40	1	40	1.0	86	125	86	125	0.13114754098360656	70.95236206054688	70.04114532470703	2.1690212980512318e-21	4.178190458845638e-21	2.3309291262737168e-23	24.0	24.0	1
control_e4f4c2b8bc5c37a9e12c75392e17bb9d2c27ab3d000a83e487871de6e3663647	parent_control	e4f4c2b8bc5c37a9e12c75392e17bb9d2c27ab3d000a83e487871de6e3663647	236	PF02719.22	Polysacc_synt_2	Polysaccharide biosynthesis protein	293	1	76	0.2593856655290102	15	84	15	90	0.2966101694915254	30.153837203979492	29.7133846282959	1.0069274280770986e-08	1.3714610266353734e-08	2.4866099506638567e-10	20.200000762939453	20.200000762939453	1
control_e4f4c2b8bc5c37a9e12c75392e17bb9d2c27ab3d000a83e487871de6e3663647	parent_control	e4f4c2b8bc5c37a9e12c75392e17bb9d2c27ab3d000a83e487871de6e3663647	236	PF08659.17	KR	KR domain	180	3	79	0.42777777777777776	15	88	13	93	0.3135593220338983	55.58198547363281	53.867069244384766	2.4291044782586577e-16	8.161712461671905e-16	1.9351340564633527e-17	22.600000381469727	22.600000381469727	1
control_e4f4c2b8bc5c37a9e12c75392e17bb9d2c27ab3d000a83e487871de6e3663647	parent_control	e4f4c2b8bc5c37a9e12c75392e17bb9d2c27ab3d000a83e487871de6e3663647	236	PF00106.32	adh_short	short chain dehydrogenase	195	3	76	0.37948717948717947	15	89	13	90	0.3177966101694915	87.45808410644531	51.72922897338867	3.1645710104721577e-26	2.8189448609679835e-15	6.290532465200522e-17	26.600000381469727	25.0	1
control_e4f4c2b8bc5c37a9e12c75392e17bb9d2c27ab3d000a83e487871de6e3663647	parent_control	e4f4c2b8bc5c37a9e12c75392e17bb9d2c27ab3d000a83e487871de6e3663647	236	PF13561.13	adh_short_C2	Enoyl-(Acyl carrier protein) reductase	236	6	70	0.2754237288135593	22	89	19	91	0.288135593220339	55.579288482666016	32.2816047668457	2.1789214700228388e-16	2.8588582195171918e-09	6.379599931976997e-11	27.0	27.0	1
control_e4f4c2b8bc5c37a9e12c75392e17bb9d2c27ab3d000a83e487871de6e3663647	parent_control	e4f4c2b8bc5c37a9e12c75392e17bb9d2c27ab3d000a83e487871de6e3663647	236	PF00106.32	adh_short	short chain dehydrogenase	195	115	189	0.38461538461538464	88	163	86	167	0.3220338983050847	87.45808410644531	35.59782028198242	3.1645710104721577e-26	2.47660419164541e-10	5.526592338399799e-12	26.600000381469727	25.0	2
control_e540b647e3f4fefc066c7ba28dc6566e9738a8ccf862180d81cd6484be6aeeca	parent_control	e540b647e3f4fefc066c7ba28dc6566e9738a8ccf862180d81cd6484be6aeeca	404	PF00787.30	PX	PX domain	84	2	83	0.9761904761904762	56	168	55	169	0.27970297029702973	59.82371520996094	58.8241081237793	1.1116187843689241e-17	2.2796570548842074e-17	3.179438012390805e-20	21.600000381469727	21.600000381469727	1
control_e540b647e3f4fefc066c7ba28dc6566e9738a8ccf862180d81cd6484be6aeeca	parent_control	e540b647e3f4fefc066c7ba28dc6566e9738a8ccf862180d81cd6484be6aeeca	404	PF09325.16	Vps5	Vps5 C terminal like	236	2	162	0.6822033898305084	180	344	179	345	0.4084158415841584	61.45707321166992	45.24998474121094	3.477430521020518e-18	3.110841205087342e-13	4.3386906626043817e-16	27.0	27.0	2
control_e540b647e3f4fefc066c7ba28dc6566e9738a8ccf862180d81cd6484be6aeeca	parent_control	e540b647e3f4fefc066c7ba28dc6566e9738a8ccf862180d81cd6484be6aeeca	404	PF09325.16	Vps5	Vps5 C terminal like	236	163	227	0.2754237288135593	327	391	327	398	0.1608910891089109	61.45707321166992	27.113811492919922	3.477430521020518e-18	1.0811220919596286e-07	1.5078411324402072e-10	27.0	27.0	3
control_e55cce65d17d017a02f04df43e5c79cc75945d3d64cf897493e529e4ee6ec96b	parent_control	e55cce65d17d017a02f04df43e5c79cc75945d3d64cf897493e529e4ee6ec96b	413	PF01591.25	6PF2K	6-phosphofructo-2-kinase	223	9	223	0.9641255605381166	35	249	28	249	0.5205811138014528	348.6357421875	347.8863830566406	4.371731592431756e-106	7.409536910229262e-106	3.1002246486314905e-108	27.0	27.0	1
control_e55cce65d17d017a02f04df43e5c79cc75945d3d64cf897493e529e4ee6ec96b	parent_control	e55cce65d17d017a02f04df43e5c79cc75945d3d64cf897493e529e4ee6ec96b	413	PF00300.28	His_Phos_1	Histidine phosphatase superfamily (branch 1)	194	1	125	0.6443298969072165	252	374	252	386	0.29782082324455206	84.35135650634766	83.7553482055664	3.2869390078063605e-25	5.005702134572132e-25	2.7925813860932394e-27	21.700000762939453	21.700000762939453	1
control_e58abd7861cdedabbe958ec7f2dca05c3557af06629f569c82c623ed25a64306	parent_control	e58abd7861cdedabbe958ec7f2dca05c3557af06629f569c82c623ed25a64306	503	PF07714.24	PK_Tyr_Ser-Thr	Protein tyrosine and serine/threonine kinase	258	3	208	0.7984496124031008	31	253	29	313	0.4433399602385686	48.20808410644531	40.10087966918945	3.321670220107984e-14	9.88896416894099e-12	5.516855882254388e-14	23.100000381469727	23.100000381469727	1
control_e58abd7861cdedabbe958ec7f2dca05c3557af06629f569c82c623ed25a64306	parent_control	e58abd7861cdedabbe958ec7f2dca05c3557af06629f569c82c623ed25a64306	503	PF00069.32	Pkinase	Protein kinase domain	262	3	242	0.916030534351145	31	292	29	298	0.5208747514910537	64.15428924560547	62.05580520629883	4.87691589099295e-19	2.1298467530084023e-18	1.1881990253882299e-20	31.700000762939453	31.700000762939453	1
control_e5b1fd02dd7dc860563f8d44331607a20c592c991d69b57e672cc3262cd585b2	parent_control	e5b1fd02dd7dc860563f8d44331607a20c592c991d69b57e672cc3262cd585b2	1081	PF00385.31	Chromo	Chromo (CHRromatin Organisation MOdifier) domain	53	16	52	0.6981132075471698	309	352	271	353	0.04070305272895467	87.05982208251953	35.228675842285156	2.191125952041057e-26	3.369725339527607e-10	9.399512802029588e-13	25.100000381469727	25.100000381469727	1
control_e5b1fd02dd7dc860563f8d44331607a20c592c991d69b57e672cc3262cd585b2	parent_control	e5b1fd02dd7dc860563f8d44331607a20c592c991d69b57e672cc3262cd585b2	1081	PF00385.31	Chromo	Chromo (CHRromatin Organisation MOdifier) domain	53	2	53	0.9811320754716981	388	441	387	441	0.04995374653098982	87.05982208251953	58.31488037109375	2.191125952041057e-26	2.078480813927358e-17	5.797714962140469e-20	25.100000381469727	25.100000381469727	2
control_e5b1fd02dd7dc860563f8d44331607a20c592c991d69b57e672cc3262cd585b2	parent_control	e5b1fd02dd7dc860563f8d44331607a20c592c991d69b57e672cc3262cd585b2	1081	PF04851.22	ResIII	Type III restriction enzyme, res subunit	164	2	162	0.9817073170731707	477	643	476	645	0.15448658649398705	38.1309700012207	36.35251998901367	5.322791845759771e-11	1.8750002485337736e-10	1.8305441756954553e-12	22.5	22.5	1
control_e5b1fd02dd7dc860563f8d44331607a20c592c991d69b57e672cc3262cd585b2	parent_control	e5b1fd02dd7dc860563f8d44331607a20c592c991d69b57e672cc3262cd585b2	1081	PF00176.30	SNF2-rel_dom	SNF2-related domain	288	1	288	1.0	482	762	482	762	0.2599444958371878	331.8357849121094	330.8412780761719	1.1193707275752972e-100	2.249105420068899e-100	6.273655286105716e-103	24.899999618530273	24.899999618530273	1
control_e5b1fd02dd7dc860563f8d44331607a20c592c991d69b57e672cc3262cd585b2	parent_control	e5b1fd02dd7dc860563f8d44331607a20c592c991d69b57e672cc3262cd585b2	1081	PF11496.15	HDA2-3	Class II histone deacetylase complex subunits 2 and 3	278	9	242	0.841726618705036	713	933	707	968	0.20444033302497688	37.80997085571289	36.800941467285156	4.582891353357531e-11	9.305335820557467e-11	2.595630633349363e-13	27.0	27.0	1
control_e5b1fd02dd7dc860563f8d44331607a20c592c991d69b57e672cc3262cd585b2	parent_control	e5b1fd02dd7dc860563f8d44331607a20c592c991d69b57e672cc3262cd585b2	1081	PF00271.38	Helicase_C	Helicase conserved C-terminal domain	110	2	110	0.990909090909091	787	900	786	900	0.10545790934320073	91.39531707763672	90.2303237915039	1.6133580966258347e-27	3.71242053683549e-27	1.0355426880991603e-29	23.5	23.5	1
control_e677c4b2f330208be69c475f2468675e3c36df613eff9be21c789f052beb5352	parent_control	e677c4b2f330208be69c475f2468675e3c36df613eff9be21c789f052beb5352	726	PF00999.27	Na_H_Exchanger	Sodium/hydrogen exchanger, transmembrane	375	3	375	0.9946666666666667	84	535	79	535	0.6225895316804407	274.0484924316406	272.9507141113281	6.421429852140986e-83	1.3841916301573354e-82	7.722129038534646e-85	26.200000762939453	26.200000762939453	1
control_e8387f04534550c46088ee9eeda170df7da0d10a2f8b4f8600daff5877f4de6c	parent_control	e8387f04534550c46088ee9eeda170df7da0d10a2f8b4f8600daff5877f4de6c	547	PF09202.18	Rio2_N	Rio2, N-terminal	82	1	82	1.0	9	91	9	91	0.15173674588665448	107.70002746582031	106.14358520507812	1.0786291672456715e-32	3.300341065164963e-32	4.6029861438841886e-35	27.0	27.0	1
control_e8387f04534550c46088ee9eeda170df7da0d10a2f8b4f8600daff5877f4de6c	parent_control	e8387f04534550c46088ee9eeda170df7da0d10a2f8b4f8600daff5877f4de6c	547	PF01163.29	RIO1	RIO domain	187	1	180	0.9625668449197861	108	279	108	285	0.31444241316270566	198.14479064941406	197.1853485107422	3.789779572004375e-60	7.462244881032944e-60	1.0407593976336044e-62	22.0	22.0	1
control_e8387f04534550c46088ee9eeda170df7da0d10a2f8b4f8600daff5877f4de6c	parent_control	e8387f04534550c46088ee9eeda170df7da0d10a2f8b4f8600daff5877f4de6c	547	PF06293.21	Kdo	Lipopolysaccharide kinase (Kdo/WaaP) family	207	28	84	0.2753623188405797	128	184	106	191	0.10420475319926874	31.88806915283203	22.840757369995117	3.3400290450565807e-09	1.9662465865052074e-06	2.7423243884312516e-09	21.299999237060547	21.299999237060547	1
control_e8716e413e794d444ca99a29cababe4f3823008e31575aa2e08ace28aa9ac3fc	parent_control	e8716e413e794d444ca99a29cababe4f3823008e31575aa2e08ace28aa9ac3fc	3430	PF00307.37	CH	Calponin homology (CH) domain	109	2	107	0.9724770642201835	32	134	31	136	0.030029154518950437	145.74420166015625	69.09378051757812	1.9657703453765204e-44	1.2972980649554118e-20	5.428025376382476e-23	26.0	22.100000381469727	1
control_e8716e413e794d444ca99a29cababe4f3823008e31575aa2e08ace28aa9ac3fc	parent_control	e8716e413e794d444ca99a29cababe4f3823008e31575aa2e08ace28aa9ac3fc	3430	PF00307.37	CH	Calponin homology (CH) domain	109	3	107	0.963302752293578	152	254	150	256	0.030029154518950437	145.74420166015625	72.39014434814453	1.9657703453765204e-44	1.2265294974355581e-21	5.131922583412377e-24	26.0	22.100000381469727	2
control_e8716e413e794d444ca99a29cababe4f3823008e31575aa2e08ace28aa9ac3fc	parent_control	e8716e413e794d444ca99a29cababe4f3823008e31575aa2e08ace28aa9ac3fc	3430	PF00435.28	Spectrin	Spectrin repeat	105	3	105	0.9809523809523809	311	417	309	417	0.03119533527696793	380.9429931640625	48.440216064453125	1.4485303700847166e-117	4.0794165108090324e-14	2.8447813882908176e-16	29.899999618530273	24.200000762939453	1
control_e8716e413e794d444ca99a29cababe4f3823008e31575aa2e08ace28aa9ac3fc	parent_control	e8716e413e794d444ca99a29cababe4f3823008e31575aa2e08ace28aa9ac3fc	3430	PF00435.28	Spectrin	Spectrin repeat	105	4	105	0.9714285714285714	421	526	418	526	0.030903790087463558	380.9429931640625	48.52490234375	1.4485303700847166e-117	3.839282734826472e-14	2.6773240828636487e-16	29.899999618530273	24.200000762939453	2
control_e8716e413e794d444ca99a29cababe4f3823008e31575aa2e08ace28aa9ac3fc	parent_control	e8716e413e794d444ca99a29cababe4f3823008e31575aa2e08ace28aa9ac3fc	3430	PF00435.28	Spectrin	Spectrin repeat	105	4	105	0.9714285714285714	1128	1230	1125	1230	0.030029154518950437	380.9429931640625	37.805335998535156	1.4485303700847166e-117	8.30552173773343e-11	5.791856162994024e-13	29.899999618530273	24.200000762939453	8
control_e8716e413e794d444ca99a29cababe4f3823008e31575aa2e08ace28aa9ac3fc	parent_control	e8716e413e794d444ca99a29cababe4f3823008e31575aa2e08ace28aa9ac3fc	3430	PF00435.28	Spectrin	Spectrin repeat	105	2	98	0.9238095238095239	1653	1746	1652	1752	0.02740524781341108	380.9429931640625	25.21115493774414	1.4485303700847166e-117	6.882113047951414e-07	4.79924201391312e-09	29.899999618530273	24.200000762939453	13
control_e8716e413e794d444ca99a29cababe4f3823008e31575aa2e08ace28aa9ac3fc	parent_control	e8716e413e794d444ca99a29cababe4f3823008e31575aa2e08ace28aa9ac3fc	3430	PF00435.28	Spectrin	Spectrin repeat	105	2	100	0.9428571428571428	1977	2076	1976	2080	0.029154518950437316	380.9429931640625	39.49576187133789	1.4485303700847166e-117	2.474198113674437e-11	1.7253822271090912e-13	29.899999618530273	24.200000762939453	16
control_e8716e413e794d444ca99a29cababe4f3823008e31575aa2e08ace28aa9ac3fc	parent_control	e8716e413e794d444ca99a29cababe4f3823008e31575aa2e08ace28aa9ac3fc	3430	PF00435.28	Spectrin	Spectrin repeat	105	9	105	0.9238095238095239	2232	2331	2228	2331	0.029154518950437316	380.9429931640625	30.728923797607422	1.4485303700847166e-117	1.3213267134248614e-08	9.214272757495547e-11	29.899999618530273	24.200000762939453	18
control_e8716e413e794d444ca99a29cababe4f3823008e31575aa2e08ace28aa9ac3fc	parent_control	e8716e413e794d444ca99a29cababe4f3823008e31575aa2e08ace28aa9ac3fc	3430	PF00435.28	Spectrin	Spectrin repeat	105	2	105	0.9904761904761905	2690	2795	2689	2795	0.030903790087463558	380.9429931640625	25.72208023071289	1.4485303700847166e-117	4.772660738639946e-07	3.3282152989120963e-09	29.899999618530273	24.200000762939453	22
control_e8716e413e794d444ca99a29cababe4f3823008e31575aa2e08ace28aa9ac3fc	parent_control	e8716e413e794d444ca99a29cababe4f3823008e31575aa2e08ace28aa9ac3fc	3430	PF09068.18	EF-hand_2	EF hand	123	1	123	1.0	2844	2962	2844	2962	0.03469387755102041	141.20217895507812	141.20217895507812	6.715013690352246e-43	6.715013690352246e-43	9.365430530477331e-46	27.0	27.0	2
control_e8716e413e794d444ca99a29cababe4f3823008e31575aa2e08ace28aa9ac3fc	parent_control	e8716e413e794d444ca99a29cababe4f3823008e31575aa2e08ace28aa9ac3fc	3430	PF09069.18	EF-hand_3	EF-hand	89	1	89	1.0	2966	3057	2966	3057	0.026822157434402333	116.22453308105469	113.51870727539062	2.3401367797856867e-35	1.634926369223916e-34	2.280232035179799e-37	21.700000762939453	21.700000762939453	2
control_e8716e413e794d444ca99a29cababe4f3823008e31575aa2e08ace28aa9ac3fc	parent_control	e8716e413e794d444ca99a29cababe4f3823008e31575aa2e08ace28aa9ac3fc	3430	PF00569.24	ZZ	Zinc finger, ZZ type	45	2	44	0.9555555555555556	3063	3106	3062	3107	0.01282798833819242	61.3041877746582	60.08606719970703	2.202709693033966e-18	5.290532856908935e-18	7.378706913401582e-21	21.399999618530273	21.399999618530273	1
control_e878c6522fc30af63a4b58bceb0846751546aca18eace2be9eb9383e0da8ee35	parent_control	e878c6522fc30af63a4b58bceb0846751546aca18eace2be9eb9383e0da8ee35	301	PF02825.27	WWE	WWE domain	67	1	67	1.0	20	97	20	97	0.2591362126245847	119.29329681396484	56.941864013671875	2.6491515120539622e-36	7.711468919841644e-17	6.453112066813091e-19	21.100000381469727	21.100000381469727	1
control_e878c6522fc30af63a4b58bceb0846751546aca18eace2be9eb9383e0da8ee35	parent_control	e878c6522fc30af63a4b58bceb0846751546aca18eace2be9eb9383e0da8ee35	301	PF02825.27	WWE	WWE domain	67	1	67	1.0	110	174	110	174	0.2159468438538206	119.29329681396484	60.260982513427734	2.6491515120539622e-36	7.096094873387293e-18	5.938154705763424e-20	21.100000381469727	21.100000381469727	2
control_e8d70028fd6fded1314c6809e48f3e702ac4e89f157f02dad5c7092b75ae575c	parent_control	e8d70028fd6fded1314c6809e48f3e702ac4e89f157f02dad5c7092b75ae575c	512	PF06762.21	LMF1	Lipase maturation factor transmembrane domain	279	1	277	0.992831541218638	51	328	51	330	0.54296875	360.88616943359375	360.46942138671875	2.2913805208437105e-109	3.0699766011162272e-109	3.425357434997185e-111	27.0	27.0	1
control_e8d70028fd6fded1314c6809e48f3e702ac4e89f157f02dad5c7092b75ae575c	parent_control	e8d70028fd6fded1314c6809e48f3e702ac4e89f157f02dad5c7092b75ae575c	512	PF25179.2	LMF1_C	Lipase maturation factor C-terminal domain	139	1	105	0.7553956834532374	404	512	404	512	0.212890625	129.36143493652344	128.71726989746094	3.769365897575897e-39	5.957842720189158e-39	5.816582850951758e-41	34.20000076293945	34.20000076293945	1
control_e9288a2a9221c9279623ae0d73e8d33cb7f5a2d9de15b6428b54fa174f7556ff	parent_control	e9288a2a9221c9279623ae0d73e8d33cb7f5a2d9de15b6428b54fa174f7556ff	203	PF00129.24	MHC_I	Class I Histocompatibility antigen, domains alpha 1 and 2	179	1	179	1.0	22	200	22	200	0.8817733990147784	318.2509765625	318.0641784667969	4.5067252351708234e-97	5.142791055407617e-97	5.0208559815695e-99	28.299999237060547	28.299999237060547	1
control_e95b32d5a4ebdd87d6988bb212828f0fb71027b4261b98ea46d643359e8e6dd0	parent_control	e95b32d5a4ebdd87d6988bb212828f0fb71027b4261b98ea46d643359e8e6dd0	351	PF15413.13	PH_11	Pleckstrin homology domain	101	1	99	0.9801980198019802	110	208	110	209	0.28205128205128205	38.9110107421875	36.2298469543457	3.666572290896238e-11	2.509033901237547e-10	6.998699863982e-13	30.0	30.0	2
control_e95b32d5a4ebdd87d6988bb212828f0fb71027b4261b98ea46d643359e8e6dd0	parent_control	e95b32d5a4ebdd87d6988bb212828f0fb71027b4261b98ea46d643359e8e6dd0	351	PF00169.36	PH	PH domain	105	1	102	0.9714285714285714	110	209	110	212	0.2849002849002849	64.0782699584961	63.09526824951172	5.703903708299669e-19	1.1534740669249453e-18	1.6087504420152654e-20	25.100000381469727	25.100000381469727	1
control_e95b32d5a4ebdd87d6988bb212828f0fb71027b4261b98ea46d643359e8e6dd0	parent_control	e95b32d5a4ebdd87d6988bb212828f0fb71027b4261b98ea46d643359e8e6dd0	351	PF07653.24	SH3_2	Variant SH3 domain	55	7	52	0.8363636363636363	299	345	293	348	0.1339031339031339	35.327857971191406	34.40269470214844	2.6206565695724714e-10	5.097058073568502e-10	9.241527887920575e-12	21.799999237060547	21.799999237060547	1
control_e95b32d5a4ebdd87d6988bb212828f0fb71027b4261b98ea46d643359e8e6dd0	parent_control	e95b32d5a4ebdd87d6988bb212828f0fb71027b4261b98ea46d643359e8e6dd0	351	PF00018.35	SH3_1	SH3 domain	48	11	48	0.7916666666666666	305	342	297	342	0.10826210826210826	41.568607330322266	40.31818389892578	2.7712796027635325e-12	6.8117645881996525e-12	1.330051662967854e-13	22.899999618530273	22.899999618530273	1
control_e95b32d5a4ebdd87d6988bb212828f0fb71027b4261b98ea46d643359e8e6dd0	parent_control	e95b32d5a4ebdd87d6988bb212828f0fb71027b4261b98ea46d643359e8e6dd0	351	PF14604.13	SH3_9	Variant SH3 domain	49	10	48	0.7959183673469388	305	345	297	346	0.1168091168091168	38.75751876831055	37.70722579956055	2.506229875559718e-11	5.334316810190895e-11	8.927726878980577e-13	30.0	30.0	1
control_e9b143ebdb63b4f8155a28c30ba8170eb862d69d2b57d3c8c52c46a50e25aeeb	parent_control	e9b143ebdb63b4f8155a28c30ba8170eb862d69d2b57d3c8c52c46a50e25aeeb	46	PF00169.36	PH	PH domain	105	2	36	0.3333333333333333	6	44	5	46	0.8478260869565217	26.861116409301758	26.834857940673828	2.164364589856797e-07	2.2054644708530874e-07	3.0759616050949618e-09	25.100000381469727	25.100000381469727	1
control_ead6c1b821c320b7b52819d2dfbdc5c6c4e24c22c4ed6e749ae2c2d42d4fae38	parent_control	ead6c1b821c320b7b52819d2dfbdc5c6c4e24c22c4ed6e749ae2c2d42d4fae38	180	PF00227.32	Proteasome	Proteasome subunit	189	48	189	0.7513227513227513	1	142	1	142	0.7888888888888889	127.8786392211914	127.8786392211914	1.394872630944448e-38	1.394872630944448e-38	3.696315200550141e-40	22.399999618530273	22.399999618530273	1
control_eb0edce64ee4b33c14589034671c93016f07a1fc63989f281da07c04197116aa	parent_control	eb0edce64ee4b33c14589034671c93016f07a1fc63989f281da07c04197116aa	1212	PF13181.13	TPR_8	Tetratricopeptide repeat	34	2	31	0.8823529411764706	201	230	200	231	0.024752475247524754	45.438194274902344	17.734580993652344	1.4126277553582415e-13	0.00010904259511520187	1.5208172261534431e-06	25.700000762939453	11.800000190734863	3
control_eb0edce64ee4b33c14589034671c93016f07a1fc63989f281da07c04197116aa	parent_control	eb0edce64ee4b33c14589034671c93016f07a1fc63989f281da07c04197116aa	1212	PF13432.13	TPR_16	Tetratricopeptide repeat	65	4	57	0.8307692307692308	320	374	317	381	0.04537953795379538	39.63785171508789	15.837163925170898	1.9883662418159175e-11	0.0005564587209363927	6.984837501293633e-06	32.70000076293945	15.5	4
control_eb0edce64ee4b33c14589034671c93016f07a1fc63989f281da07c04197116aa	parent_control	eb0edce64ee4b33c14589034671c93016f07a1fc63989f281da07c04197116aa	1212	PF02373.29	JmjC	JmjC domain, hydroxylase	114	1	114	1.0	945	1053	945	1053	0.08993399339933994	106.08535766601562	106.08535766601562	5.481697237920444e-32	5.481697237920444e-32	3.0581295609040137e-34	24.0	24.0	3
control_eb0edce64ee4b33c14589034671c93016f07a1fc63989f281da07c04197116aa	parent_control	eb0edce64ee4b33c14589034671c93016f07a1fc63989f281da07c04197116aa	1212	PF21322.3	KDM6_C-hel	Lysine-specific demethylase 6/UTY, C-terminal helical domain	56	1	56	1.0	1060	1115	1060	1115	0.0462046204620462	105.15460968017578	104.02909851074219	3.9669908335672494e-32	8.911179625767135e-32	4.971369386759908e-34	26.799999237060547	26.799999237060547	1
control_eb0edce64ee4b33c14589034671c93016f07a1fc63989f281da07c04197116aa	parent_control	eb0edce64ee4b33c14589034671c93016f07a1fc63989f281da07c04197116aa	1212	PF21326.5	KDM6_GATAL	KDM6, GATA-like	59	1	59	1.0	1132	1192	1132	1192	0.05033003300330033	97.79928588867188	96.13853454589844	9.50893668989654e-30	3.1381834130865103e-29	1.7507299375656962e-31	27.0	27.0	1
control_ebb69716c14a6061ab5c81f9659dc98b0727f90cc1aed3918aa4f26e05d70efe	parent_control	ebb69716c14a6061ab5c81f9659dc98b0727f90cc1aed3918aa4f26e05d70efe	839	PF01496.25	V_ATPase_I	V-type ATPase 116kDa subunit family	815	1	815	1.0	27	829	27	829	0.9570917759237187	1140.89599609375	1140.7021484375	0.0	0.0	0.0	30.700000762939453	30.700000762939453	1
control_ec04eea819ce8766e2c09d229a710156de5f3cef7f511869285620cf12e8294a	parent_control	ec04eea819ce8766e2c09d229a710156de5f3cef7f511869285620cf12e8294a	44	PF05160.19	DSS1_SEM1	DSS1/SEM1 family	60	27	60	0.5666666666666667	5	36	1	36	0.7272727272727273	48.54418182373047	48.43596649169922	2.6451488579247026e-14	2.859162508692295e-14	1.1963023048921736e-16	32.20000076293945	32.20000076293945	1
control_ecbffb93579669cf2cf5a6294b2a988d91568aba7914aeda9814d521498192d1	parent_control	ecbffb93579669cf2cf5a6294b2a988d91568aba7914aeda9814d521498192d1	83	PF09764.16	Nt_Gln_amidase	N-terminal glutamine amidase	184	1	57	0.30978260869565216	25	80	25	81	0.6746987951807228	74.56876373291016	74.08651733398438	2.88214164184841e-22	4.051946235475464e-22	2.825624989871314e-24	27.0	27.0	1
control_ee858c7bc590e2e6e3f2ee9cf993b78a49238875e4cd2c6f97414554d33291df	parent_control	ee858c7bc590e2e6e3f2ee9cf993b78a49238875e4cd2c6f97414554d33291df	147	PF15250.12	Raftlin	Raftlin	459	1	147	0.3202614379084967	1	147	1	147	1.0	265.397216796875	265.2491455078125	3.2382699603676486e-80	3.59110380016779e-80	2.0034051883781253e-82	29.399999618530273	29.399999618530273	1
control_eed55b2bcdf49c8357913dc61721603d699dca5dcff90fab2ecfd208a18a8d5c	parent_control	eed55b2bcdf49c8357913dc61721603d699dca5dcff90fab2ecfd208a18a8d5c	84	PF01423.29	LSM	LSM domain	66	2	52	0.7727272727272727	9	59	8	62	0.6071428571428571	43.81027603149414	43.4654541015625	5.955725057661283e-13	7.630965753678326e-13	4.2571636003784245e-15	23.399999618530273	23.399999618530273	1
control_ef256c767dcd9688a937ec2fc08f859baa038103cee942d92841f0ceef881c98	parent_control	ef256c767dcd9688a937ec2fc08f859baa038103cee942d92841f0ceef881c98	1711	PF00385.31	Chromo	Chromo (CHRromatin Organisation MOdifier) domain	53	16	52	0.6981132075471698	310	352	271	353	0.025131502045587374	92.42250061035156	34.85293960571289	4.633366037357452e-28	4.4150676935454915e-10	1.23153910559149e-12	25.100000381469727	25.100000381469727	1
control_ef256c767dcd9688a937ec2fc08f859baa038103cee942d92841f0ceef881c98	parent_control	ef256c767dcd9688a937ec2fc08f859baa038103cee942d92841f0ceef881c98	1711	PF00385.31	Chromo	Chromo (CHRromatin Organisation MOdifier) domain	53	2	53	0.9811320754716981	388	441	387	441	0.031560490940970194	92.42250061035156	57.57288360595703	4.633366037357452e-28	3.5438266632034804e-17	9.885151082854896e-20	25.100000381469727	25.100000381469727	2
control_ef256c767dcd9688a937ec2fc08f859baa038103cee942d92841f0ceef881c98	parent_control	ef256c767dcd9688a937ec2fc08f859baa038103cee942d92841f0ceef881c98	1711	PF04851.22	ResIII	Type III restriction enzyme, res subunit	164	2	162	0.9817073170731707	477	643	476	645	0.09760374050263004	38.25262451171875	35.44285202026367	4.883503572477295e-11	3.5704119833501965e-10	3.4857578638007495e-12	22.5	22.5	1
control_ef256c767dcd9688a937ec2fc08f859baa038103cee942d92841f0ceef881c98	parent_control	ef256c767dcd9688a937ec2fc08f859baa038103cee942d92841f0ceef881c98	1711	PF00176.30	SNF2-rel_dom	SNF2-related domain	288	1	288	1.0	482	762	482	762	0.16423144360023378	330.95367431640625	329.7658996582031	2.078555326735766e-100	4.782864013635623e-100	1.3341322213767429e-102	24.899999618530273	24.899999618530273	1
control_ef256c767dcd9688a937ec2fc08f859baa038103cee942d92841f0ceef881c98	parent_control	ef256c767dcd9688a937ec2fc08f859baa038103cee942d92841f0ceef881c98	1711	PF11496.15	HDA2-3	Class II histone deacetylase complex subunits 2 and 3	278	9	242	0.841726618705036	713	933	707	968	0.12916423144360023	36.10093688964844	35.79119873046875	1.520972725167539e-10	1.8903490248244414e-10	5.272940097139307e-13	27.0	27.0	1
control_ef256c767dcd9688a937ec2fc08f859baa038103cee942d92841f0ceef881c98	parent_control	ef256c767dcd9688a937ec2fc08f859baa038103cee942d92841f0ceef881c98	1711	PF00271.38	Helicase_C	Helicase conserved C-terminal domain	110	2	110	0.990909090909091	787	900	786	900	0.06662770309760374	90.66840362548828	89.40095520019531	2.7136865560423366e-27	6.719170053346979e-27	1.8742454821051542e-29	23.5	23.5	1
control_ef256c767dcd9688a937ec2fc08f859baa038103cee942d92841f0ceef881c98	parent_control	ef256c767dcd9688a937ec2fc08f859baa038103cee942d92841f0ceef881c98	1711	PF18375.8	CDH1_2_SANT_HL1	CDH1/2 SANT-Helical linker 1	91	1	91	1.0	1122	1208	1122	1208	0.05084745762711865	98.02229309082031	98.02229309082031	1.496843100896578e-29	1.496843100896578e-29	2.0876472815851855e-32	34.400001525878906	34.400001525878906	2
control_ef256c767dcd9688a937ec2fc08f859baa038103cee942d92841f0ceef881c98	parent_control	ef256c767dcd9688a937ec2fc08f859baa038103cee942d92841f0ceef881c98	1711	PF23588.3	HTH_CHD1_Hrp3	ATP-dependent helicase CHD1-2/hrp3 HTH domain	83	1	81	0.9759036144578314	1231	1312	1231	1314	0.04792518994739918	113.66130065917969	111.6934585571289	1.2039105462279128e-34	4.950211102614535e-34	6.904060115222504e-37	27.0	27.0	2
control_ef256c767dcd9688a937ec2fc08f859baa038103cee942d92841f0ceef881c98	parent_control	ef256c767dcd9688a937ec2fc08f859baa038103cee942d92841f0ceef881c98	1711	PF13907.12	CHD1-like_C	Chromodomain-helicase-DNA-binding protein 1-like, C-terminal	96	4	96	0.96875	1411	1499	1405	1499	0.05201636469900643	95.9815444946289	93.60531616210938	5.512835476752407e-29	3.0386403512468085e-28	4.237992121683136e-31	28.299999237060547	28.299999237060547	1
control_f06fb2577faef1294d48cb78d012c849879646cb0c50a88a7222e07b520d28fd	parent_control	f06fb2577faef1294d48cb78d012c849879646cb0c50a88a7222e07b520d28fd	224	PF05008.22	V-SNARE	Vesicle transport v-SNARE protein N-terminus	92	1	91	0.9891304347826086	1	91	1	92	0.40625	107.67760467529297	107.67760467529297	1.2272763932451946e-32	1.2272763932451946e-32	8.558412784136644e-35	25.899999618530273	25.899999618530273	1
control_f06fb2577faef1294d48cb78d012c849879646cb0c50a88a7222e07b520d28fd	parent_control	f06fb2577faef1294d48cb78d012c849879646cb0c50a88a7222e07b520d28fd	224	PF12352.14	V-SNARE_C	Snare region anchored in the vesicle membrane C-terminus	66	1	65	0.9848484848484849	130	194	130	195	0.29017857142857145	77.00643157958984	74.35379791259766	3.963621471793831e-23	2.668026594329641e-22	1.116329118966377e-24	27.100000381469727	27.100000381469727	2
control_f11d06be20d5d904790b0667758ef8b671856267eef3cf0b5e1ecc593ad4b262	parent_control	f11d06be20d5d904790b0667758ef8b671856267eef3cf0b5e1ecc593ad4b262	1014	PF18104.8	Tudor_2	Jumonji domain-containing protein 2A Tudor domain	35	1	34	0.9714285714285714	90	123	90	123	0.03353057199211045	33.66855239868164	32.254783630371094	8.99156816107201e-10	2.4871790098045736e-09	1.734434455930665e-11	31.399999618530273	31.399999618530273	1
control_f11d06be20d5d904790b0667758ef8b671856267eef3cf0b5e1ecc593ad4b262	parent_control	f11d06be20d5d904790b0667758ef8b671856267eef3cf0b5e1ecc593ad4b262	1014	PF18115.8	Tudor_3	DNA repair protein Crb2 Tudor domain	52	3	51	0.9423076923076923	91	135	89	136	0.04437869822485207	29.164844512939453	27.785640716552734	2.521883212086531e-08	6.799388806780798e-08	4.741554258564014e-10	25.799999237060547	25.799999237060547	1
control_f11d06be20d5d904790b0667758ef8b671856267eef3cf0b5e1ecc593ad4b262	parent_control	f11d06be20d5d904790b0667758ef8b671856267eef3cf0b5e1ecc593ad4b262	1014	PF16660.11	PHD20L1_u1	PHD finger protein 20-like protein 1	99	1	99	1.0	319	414	319	414	0.09467455621301775	144.18409729003906	144.18409729003906	6.584328327459429e-44	6.584328327459429e-44	9.18316363662403e-46	27.0	27.0	1
control_f11d06be20d5d904790b0667758ef8b671856267eef3cf0b5e1ecc593ad4b262	parent_control	f11d06be20d5d904790b0667758ef8b671856267eef3cf0b5e1ecc593ad4b262	1014	PF20826.3	PHD_5	PhD finger domain	56	1	56	1.0	674	729	674	729	0.055226824457593686	133.58642578125	132.38417053222656	7.15446005323995e-41	1.698410138189134e-40	1.4212637139658025e-42	27.0	27.0	1
control_f146921d34acfee8ab93314f648e2dcfff2f33c1119447710c5ddd05f2d63c85	parent_control	f146921d34acfee8ab93314f648e2dcfff2f33c1119447710c5ddd05f2d63c85	353	PF06325.20	PrmA	Ribosomal protein L11 methyltransferase (PrmA)	296	161	232	0.24324324324324326	70	143	61	164	0.2096317280453258	31.573095321655273	30.931100845336914	4.619943353746501e-09	7.247650577284455e-09	4.043319708387423e-11	22.0	22.0	1
control_f146921d34acfee8ab93314f648e2dcfff2f33c1119447710c5ddd05f2d63c85	parent_control	f146921d34acfee8ab93314f648e2dcfff2f33c1119447710c5ddd05f2d63c85	353	PF13847.13	Methyltransf_31	Methyltransferase domain	150	3	81	0.5266666666666666	70	144	68	179	0.21246458923512748	29.89077377319336	28.679540634155273	1.6085137911879343e-08	3.7984142834158864e-08	1.589294679253509e-10	27.0	27.0	1
control_f146921d34acfee8ab93314f648e2dcfff2f33c1119447710c5ddd05f2d63c85	parent_control	f146921d34acfee8ab93314f648e2dcfff2f33c1119447710c5ddd05f2d63c85	353	PF13649.13	Methyltransf_25	Methyltransferase domain	97	1	97	1.0	74	171	74	171	0.2776203966005666	39.102088928222656	37.67230224609375	3.630197658038734e-11	1.0138122774190433e-10	5.655856498851009e-13	27.0	27.0	1
control_f146921d34acfee8ab93314f648e2dcfff2f33c1119447710c5ddd05f2d63c85	parent_control	f146921d34acfee8ab93314f648e2dcfff2f33c1119447710c5ddd05f2d63c85	353	PF08241.19	Methyltransf_11	Methyltransferase domain	95	1	93	0.9789473684210527	75	173	75	174	0.2804532577903683	33.89896011352539	32.17287826538086	1.4653578232989512e-09	5.063272737542111e-09	2.8246988772898806e-11	21.200000762939453	21.200000762939453	2
control_f146921d34acfee8ab93314f648e2dcfff2f33c1119447710c5ddd05f2d63c85	parent_control	f146921d34acfee8ab93314f648e2dcfff2f33c1119447710c5ddd05f2d63c85	353	PF22528.2	PRMT_C	Arginine methyltransferase oligomerization subdomain	165	1	165	1.0	176	340	176	340	0.46742209631728043	234.0648956298828	234.0648956298828	3.1131821598470914e-71	3.1131821598470914e-71	3.907760033280868e-73	27.0	27.0	2
control_f15fdd5a01ca37b94165f14daa13514eae09fd8c1019072c4328bff787e065f0	parent_control	f15fdd5a01ca37b94165f14daa13514eae09fd8c1019072c4328bff787e065f0	324	PF13637.13	Ank_4	Ankyrin repeats (many copies)	50	3	50	0.96	16	64	14	64	0.15123456790123457	43.64786911010742	42.931785583496094	9.012893796947733e-13	1.5149494096092812e-12	3.803220275169743e-14	22.700000762939453	22.700000762939453	1
control_f15fdd5a01ca37b94165f14daa13514eae09fd8c1019072c4328bff787e065f0	parent_control	f15fdd5a01ca37b94165f14daa13514eae09fd8c1019072c4328bff787e065f0	324	PF12796.14	Ank_2	Ankyrin repeats (3 copies)	90	3	62	0.6666666666666666	16	79	14	92	0.19753086419753085	40.30268859863281	39.65953063964844	1.402975754071915e-11	2.2269805143632803e-11	5.590746061163047e-13	27.299999237060547	27.299999237060547	1
control_f15fdd5a01ca37b94165f14daa13514eae09fd8c1019072c4328bff787e065f0	parent_control	f15fdd5a01ca37b94165f14daa13514eae09fd8c1019072c4328bff787e065f0	324	PF13606.13	Ank_3	Ankyrin repeat	31	1	28	0.9032258064516129	43	69	43	72	0.08333333333333333	29.76349449157715	24.433897018432617	1.6195040972459075e-08	8.936676099649544e-07	2.2435170124643204e-08	22.299999237060547	17.200000762939453	2
control_f15fdd5a01ca37b94165f14daa13514eae09fd8c1019072c4328bff787e065f0	parent_control	f15fdd5a01ca37b94165f14daa13514eae09fd8c1019072c4328bff787e065f0	324	PF00023.37	Ank	Ankyrin repeat	33	1	30	0.9090909090909091	43	72	43	75	0.09259259259259259	42.904117584228516	33.236820220947266	1.2153558062473773e-12	1.4600012395604255e-09	3.6652750783943735e-11	21.100000381469727	14.699999809265137	2
control_f15fdd5a01ca37b94165f14daa13514eae09fd8c1019072c4328bff787e065f0	parent_control	f15fdd5a01ca37b94165f14daa13514eae09fd8c1019072c4328bff787e065f0	324	PF27687.1	ANKRD40_UBL	ANKRD40 ubiquitin-like domain	72	1	57	0.7916666666666666	260	318	260	321	0.18209876543209877	87.9638900756836	87.9638900756836	1.320575957863059e-26	1.320575957863059e-26	5.525422417837068e-29	27.0	27.0	2
control_f166deafdab72c3e09fbc3b52b4b18f884ea0adc2c58020041df14d605ca6fae	parent_control	f166deafdab72c3e09fbc3b52b4b18f884ea0adc2c58020041df14d605ca6fae	926	PF00431.27	CUB	CUB domain	110	1	110	1.0	28	139	28	139	0.12095032397408208	195.74789428710938	100.155517578125	6.492821544460241e-60	3.229355096755837e-30	2.70238920230614e-32	21.399999618530273	21.399999618530273	1
control_f166deafdab72c3e09fbc3b52b4b18f884ea0adc2c58020041df14d605ca6fae	parent_control	f166deafdab72c3e09fbc3b52b4b18f884ea0adc2c58020041df14d605ca6fae	926	PF00431.27	CUB	CUB domain	110	1	110	1.0	149	264	149	264	0.12526997840172785	195.74789428710938	93.0738754272461	6.492821544460241e-60	5.117942338635246e-28	4.2827969360964405e-30	21.399999618530273	21.399999618530273	2
control_f166deafdab72c3e09fbc3b52b4b18f884ea0adc2c58020041df14d605ca6fae	parent_control	f166deafdab72c3e09fbc3b52b4b18f884ea0adc2c58020041df14d605ca6fae	926	PF00754.32	F5_F8_type_C	F5/8 type C domain	127	1	127	1.0	292	424	292	424	0.14362850971922247	179.6891326904297	90.95703125	8.973519467667485e-55	2.5372918384993778e-27	2.1232567686187263e-29	28.200000762939453	28.200000762939453	1
control_f166deafdab72c3e09fbc3b52b4b18f884ea0adc2c58020041df14d605ca6fae	parent_control	f166deafdab72c3e09fbc3b52b4b18f884ea0adc2c58020041df14d605ca6fae	926	PF00754.32	F5_F8_type_C	F5/8 type C domain	127	1	127	1.0	449	589	449	589	0.15226781857451405	179.6891326904297	86.4928970336914	8.973519467667485e-55	6.10179489761072e-26	5.106104516829054e-28	28.200000762939453	28.200000762939453	2
control_f166deafdab72c3e09fbc3b52b4b18f884ea0adc2c58020041df14d605ca6fae	parent_control	f166deafdab72c3e09fbc3b52b4b18f884ea0adc2c58020041df14d605ca6fae	926	PF22633.4	F5_F8_type_C_2	NedA-like, galactose-binding domain	90	17	90	0.8222222222222222	484	573	474	573	0.09719222462203024	45.933021545410156	28.656007766723633	2.5112724754075775e-13	6.170894800296337e-08	5.16392870317685e-10	28.200000762939453	28.200000762939453	2
control_f166deafdab72c3e09fbc3b52b4b18f884ea0adc2c58020041df14d605ca6fae	parent_control	f166deafdab72c3e09fbc3b52b4b18f884ea0adc2c58020041df14d605ca6fae	926	PF00629.31	MAM	MAM domain, meprin/A5/mu	158	1	153	0.9683544303797469	646	792	646	800	0.1587473002159827	107.21026611328125	105.94412994384766	2.7558511485988473e-32	6.759153994053272e-32	5.65619581092324e-34	26.399999618530273	26.399999618530273	1
control_f166deafdab72c3e09fbc3b52b4b18f884ea0adc2c58020041df14d605ca6fae	parent_control	f166deafdab72c3e09fbc3b52b4b18f884ea0adc2c58020041df14d605ca6fae	926	PF11980.14	DUF3481	C-terminal domain of neuropilin glycoprotein	82	4	82	0.9634146341463414	848	926	845	926	0.08531317494600432	138.16165161132812	137.33322143554688	2.332976460263073e-42	4.230508825176347e-42	2.3601164994010305e-44	28.5	28.5	1
control_f1aab743d6e5d1527b22cb2ba6d7ed2a11d9eccc947a0b68762e1adb31e9f4a8	parent_control	f1aab743d6e5d1527b22cb2ba6d7ed2a11d9eccc947a0b68762e1adb31e9f4a8	253	PF05915.18	TMEM_230_134	Transmembrane proteins 230/134	119	1	61	0.5126050420168067	57	135	57	140	0.31225296442687744	151.7120361328125	61.666236877441406	3.3887838434642524e-46	2.7510347709188677e-18	4.604242294424883e-20	26.799999237060547	26.799999237060547	1
control_f1aab743d6e5d1527b22cb2ba6d7ed2a11d9eccc947a0b68762e1adb31e9f4a8	parent_control	f1aab743d6e5d1527b22cb2ba6d7ed2a11d9eccc947a0b68762e1adb31e9f4a8	253	PF05915.18	TMEM_230_134	Transmembrane proteins 230/134	119	59	119	0.5126050420168067	191	251	158	251	0.24110671936758893	151.7120361328125	88.83331298828125	3.3887838434642524e-46	1.0450431755280792e-26	1.7490262351934382e-28	26.799999237060547	26.799999237060547	2
control_f221b19748dc8d17c4ebdd2f1b57148abbfac1dbd9cf5e206e872e9ada709ed3	parent_control	f221b19748dc8d17c4ebdd2f1b57148abbfac1dbd9cf5e206e872e9ada709ed3	416	PF07221.18	GlcNAc_2-epim	N-acylglucosamine 2-epimerase (GlcNAc 2-epimerase)	347	27	338	0.899135446685879	59	373	55	383	0.7572115384615384	121.78343963623047	116.18582153320312	1.4708214840690409e-36	7.408116287628733e-35	6.199260491739526e-37	23.399999618530273	23.399999618530273	2
control_f260108808adb5606f9dadb21b1cd7b4d35b5243459f68a3f92f26f061e1e9e5	parent_control	f260108808adb5606f9dadb21b1cd7b4d35b5243459f68a3f92f26f061e1e9e5	247	PF04201.21	TPD52	Tumour protein D52 family	108	1	108	1.0	70	200	70	200	0.5303643724696356	173.97970581054688	172.9259033203125	3.4073641897184276e-53	7.243872877858211e-53	1.9195757974798607e-54	25.0	25.0	1
control_f2881a5c042ced851fd83a909eb5634153dd32616ecb4ee8aef96bc46111e8b9	parent_control	f2881a5c042ced851fd83a909eb5634153dd32616ecb4ee8aef96bc46111e8b9	82	PF00179.32	UQ_con	Ubiquitin-conjugating enzyme	140	2	74	0.5214285714285715	10	82	9	82	0.8902439024390244	92.0020980834961	91.84440612792969	9.554311912129023e-28	1.0687184465566791e-27	5.9621670658671076e-30	27.0	27.0	1
control_f350011bb7751c3418d3a199732edcba53664007adc3496eb364b018b9103157	parent_control	f350011bb7751c3418d3a199732edcba53664007adc3496eb364b018b9103157	302	PF02719.22	Polysacc_synt_2	Polysaccharide biosynthesis protein	293	1	76	0.2593856655290102	41	110	41	132	0.23178807947019867	30.09779167175293	29.681888580322266	1.0473036649825485e-08	1.4020995287104008e-08	2.542160930716208e-10	20.200000762939453	20.200000762939453	1
control_f350011bb7751c3418d3a199732edcba53664007adc3496eb364b018b9103157	parent_control	f350011bb7751c3418d3a199732edcba53664007adc3496eb364b018b9103157	302	PF08659.17	KR	KR domain	180	3	161	0.8833333333333333	41	200	39	213	0.5298013245033113	71.67937469482422	71.2069320678711	2.7854870178936083e-21	3.889567415031325e-21	9.222126367577758e-23	22.600000381469727	22.600000381469727	1
control_f350011bb7751c3418d3a199732edcba53664007adc3496eb364b018b9103157	parent_control	f350011bb7751c3418d3a199732edcba53664007adc3496eb364b018b9103157	302	PF00106.32	adh_short	short chain dehydrogenase	195	3	189	0.958974358974359	41	229	39	233	0.6258278145695364	136.68382263183594	136.09405517578125	2.5952089603161285e-41	3.934753503226112e-41	8.780482015567335e-43	26.600000381469727	25.0	1
control_f350011bb7751c3418d3a199732edcba53664007adc3496eb364b018b9103157	parent_control	f350011bb7751c3418d3a199732edcba53664007adc3496eb364b018b9103157	302	PF13561.13	adh_short_C2	Enoyl-(Acyl carrier protein) reductase	236	6	215	0.8898305084745762	48	262	45	267	0.7119205298013245	102.21061706542969	100.67660522460938	1.2341063369447256e-30	3.631003706198053e-30	8.102658200720898e-32	27.0	27.0	2
control_f3d17f902bbb629c38eeaa5c11eec1a0ffec96fdc3955cc2c412414e803d4c8a	parent_control	f3d17f902bbb629c38eeaa5c11eec1a0ffec96fdc3955cc2c412414e803d4c8a	187	PF14745.12	WASH-4_N	WASH complex subunit 4, N-terminal	572	1	159	0.27797202797202797	32	186	32	187	0.8288770053475936	201.593017578125	201.43121337890625	8.034148838485963e-61	8.993899791907789e-61	7.526275976491874e-63	25.0	25.0	1
control_f42adfc87e012cdd2083bcb1eec5a418fd1dfccedc27057ff2d7fa8c8d5ffe74	parent_control	f42adfc87e012cdd2083bcb1eec5a418fd1dfccedc27057ff2d7fa8c8d5ffe74	192	PF09764.16	Nt_Gln_amidase	N-terminal glutamine amidase	184	1	152	0.8260869565217391	25	172	25	188	0.7708333333333334	216.43826293945312	216.1730194091797	8.621388129822542e-66	1.0398034391113059e-65	7.251070007749692e-68	27.0	27.0	1
control_f4e1ae74a67d95f867b707699e4352a02dcee04e9ecb645160cea21684ed766f	parent_control	f4e1ae74a67d95f867b707699e4352a02dcee04e9ecb645160cea21684ed766f	630	PF00169.36	PH	PH domain	105	2	104	0.9809523809523809	6	110	5	111	0.16666666666666666	70.94561767578125	68.92728424072266	4.1646059541303106e-21	1.7681795004734795e-20	2.4660801959183817e-22	25.100000381469727	25.100000381469727	1
control_f4e1ae74a67d95f867b707699e4352a02dcee04e9ecb645160cea21684ed766f	parent_control	f4e1ae74a67d95f867b707699e4352a02dcee04e9ecb645160cea21684ed766f	630	PF00779.25	BTK	BTK motif	30	1	29	0.9666666666666667	119	147	119	148	0.046031746031746035	51.9273681640625	50.49686813354492	1.9569312372050782e-15	5.480333140981797e-15	2.2930264188208356e-17	24.0	24.0	1
control_f4e1ae74a67d95f867b707699e4352a02dcee04e9ecb645160cea21684ed766f	parent_control	f4e1ae74a67d95f867b707699e4352a02dcee04e9ecb645160cea21684ed766f	630	PF07653.24	SH3_2	Variant SH3 domain	55	2	52	0.9272727272727272	183	233	182	235	0.08095238095238096	25.246644973754883	22.220285415649414	3.6860879269020297e-07	3.2481461908490416e-06	5.889246929014999e-08	21.799999237060547	21.799999237060547	1
control_f4e1ae74a67d95f867b707699e4352a02dcee04e9ecb645160cea21684ed766f	parent_control	f4e1ae74a67d95f867b707699e4352a02dcee04e9ecb645160cea21684ed766f	630	PF00018.35	SH3_1	SH3 domain	48	1	48	1.0	184	230	184	230	0.0746031746031746	57.62099075317383	55.667266845703125	2.682848117595582e-17	1.0935952973152674e-16	2.1353325191650965e-18	22.899999618530273	22.899999618530273	1
control_f4e1ae74a67d95f867b707699e4352a02dcee04e9ecb645160cea21684ed766f	parent_control	f4e1ae74a67d95f867b707699e4352a02dcee04e9ecb645160cea21684ed766f	630	PF00017.31	SH2	SH2 domain	77	1	77	1.0	246	329	246	329	0.13333333333333333	70.77963256835938	69.46896362304688	3.053885034499532e-21	7.83254494663103e-21	1.0924051529471448e-22	21.0	21.0	1
control_f4e1ae74a67d95f867b707699e4352a02dcee04e9ecb645160cea21684ed766f	parent_control	f4e1ae74a67d95f867b707699e4352a02dcee04e9ecb645160cea21684ed766f	630	PF07714.24	PK_Tyr_Ser-Thr	Protein tyrosine and serine/threonine kinase	258	1	257	0.9961240310077519	369	617	369	618	0.3952380952380952	330.3676452636719	329.89959716796875	2.6577434013323365e-100	3.6925896367844805e-100	2.0600221125715373e-102	23.100000381469727	23.100000381469727	1
control_f4e1ae74a67d95f867b707699e4352a02dcee04e9ecb645160cea21684ed766f	parent_control	f4e1ae74a67d95f867b707699e4352a02dcee04e9ecb645160cea21684ed766f	630	PF00069.32	Pkinase	Protein kinase domain	262	3	258	0.9770992366412213	371	616	369	618	0.3904761904761905	162.30247497558594	161.77139282226562	5.561730735527516e-49	8.07666165667716e-49	4.5058084556079e-51	31.700000762939453	31.700000762939453	1
control_f59ded9dbe5046df6d1f0f78f77e356ce9e7dedcdf0145111c40cc8365aaabfd	parent_control	f59ded9dbe5046df6d1f0f78f77e356ce9e7dedcdf0145111c40cc8365aaabfd	485	PF13445.13	zf-RING_UBOX	RING-type zinc-finger	39	1	39	1.0	15	56	15	56	0.0865979381443299	31.309505462646484	30.359155654907227	5.8673867618732584e-09	1.1625547151493317e-08	1.6214152233602953e-11	25.200000762939453	18.0	1
control_f59ded9dbe5046df6d1f0f78f77e356ce9e7dedcdf0145111c40cc8365aaabfd	parent_control	f59ded9dbe5046df6d1f0f78f77e356ce9e7dedcdf0145111c40cc8365aaabfd	485	PF00097.32	zf-C3HC4	Zinc finger, C3HC4 type (RING finger)	40	1	40	1.0	15	58	15	58	0.09072164948453608	26.50199317932129	24.937633514404297	1.6932435268457112e-07	5.218298514167905e-07	7.277961665506144e-10	21.0	20.700000762939453	1
control_f59ded9dbe5046df6d1f0f78f77e356ce9e7dedcdf0145111c40cc8365aaabfd	parent_control	f59ded9dbe5046df6d1f0f78f77e356ce9e7dedcdf0145111c40cc8365aaabfd	485	PF00643.30	zf-B_box	B-box zinc finger	42	2	39	0.9047619047619048	92	129	91	131	0.07835051546391752	34.275211334228516	34.275211334228516	7.807193305050342e-10	7.807193305050342e-10	1.0888693591423071e-12	24.100000381469727	24.100000381469727	3
control_f59ded9dbe5046df6d1f0f78f77e356ce9e7dedcdf0145111c40cc8365aaabfd	parent_control	f59ded9dbe5046df6d1f0f78f77e356ce9e7dedcdf0145111c40cc8365aaabfd	485	PF00622.37	SPRY	SPRY domain	121	1	108	0.8925619834710744	347	471	347	481	0.25773195876288657	64.61955261230469	63.52117156982422	3.31567591474751e-19	7.258394654727305e-19	1.0123284037276576e-21	26.299999237060547	21.899999618530273	1
control_f5eaeba5a82afdfc637e154b472f2bf7264ea9b57fb0e282ad5c90928db91d10	parent_control	f5eaeba5a82afdfc637e154b472f2bf7264ea9b57fb0e282ad5c90928db91d10	1669	PF00520.38	Ion_trans	Ion transport protein	243	2	242	0.9917695473251029	126	416	125	417	0.1743559017375674	903.7036743164062	249.20404052734375	1.628748537792185e-275	1.2317175775928744e-75	3.607541022238544e-77	25.0	25.0	1
control_f5eaeba5a82afdfc637e154b472f2bf7264ea9b57fb0e282ad5c90928db91d10	parent_control	f5eaeba5a82afdfc637e154b472f2bf7264ea9b57fb0e282ad5c90928db91d10	1669	PF00520.38	Ion_trans	Ion transport protein	243	3	239	0.9753086419753086	552	787	550	790	0.14140203714799282	903.7036743164062	219.8004150390625	1.628748537792185e-275	1.1752489681640683e-66	3.442151789601874e-68	25.0	25.0	2
control_f5eaeba5a82afdfc637e154b472f2bf7264ea9b57fb0e282ad5c90928db91d10	parent_control	f5eaeba5a82afdfc637e154b472f2bf7264ea9b57fb0e282ad5c90928db91d10	1669	PF00520.38	Ion_trans	Ion transport protein	243	1	242	0.9958847736625515	913	1190	913	1191	0.1665668064709407	903.7036743164062	214.94554138183594	1.628748537792185e-275	3.570814304064834e-65	1.0458451936591564e-66	25.0	25.0	3
control_f5eaeba5a82afdfc637e154b472f2bf7264ea9b57fb0e282ad5c90928db91d10	parent_control	f5eaeba5a82afdfc637e154b472f2bf7264ea9b57fb0e282ad5c90928db91d10	1669	PF00520.38	Ion_trans	Ion transport protein	243	2	242	0.9917695473251029	1233	1502	1232	1503	0.16177351707609347	903.7036743164062	238.79295349121094	1.628748537792185e-275	1.8619548161870206e-72	5.453424147828094e-74	25.0	25.0	4
control_f5eaeba5a82afdfc637e154b472f2bf7264ea9b57fb0e282ad5c90928db91d10	parent_control	f5eaeba5a82afdfc637e154b472f2bf7264ea9b57fb0e282ad5c90928db91d10	1669	PF08016.19	PKD_channel	Polycystin cation channel	225	6	223	0.9688888888888889	1258	1496	1253	1498	0.1431995206710605	54.83385467529297	37.36833572387695	3.237096554941643e-16	7.080196919802428e-11	2.0736978426199583e-12	22.399999618530273	22.399999618530273	9
control_f5eaeba5a82afdfc637e154b472f2bf7264ea9b57fb0e282ad5c90928db91d10	parent_control	f5eaeba5a82afdfc637e154b472f2bf7264ea9b57fb0e282ad5c90928db91d10	1669	PF16905.11	GPHH	Voltage-dependent L-type calcium channel, IQ-associated	54	1	54	1.0	1512	1565	1512	1565	0.03235470341521869	101.27071380615234	99.61289978027344	7.697887631208638e-31	2.5357217929100324e-30	7.426800230280429e-32	26.799999237060547	26.799999237060547	1
control_f5eaeba5a82afdfc637e154b472f2bf7264ea9b57fb0e282ad5c90928db91d10	parent_control	f5eaeba5a82afdfc637e154b472f2bf7264ea9b57fb0e282ad5c90928db91d10	1669	PF08763.18	Ca_chan_IQ	Voltage gated calcium channel IQ domain	77	1	77	1.0	1575	1649	1575	1649	0.04493708807669263	105.92593383789062	104.56200408935547	3.830134731842107e-32	1.0206589302540028e-31	2.9893776199908035e-33	26.700000762939453	26.700000762939453	1
control_f70a5e847b416d2eda4a518e51f542e7404e8f34e40a6ad115c4382ab373edde	parent_control	f70a5e847b416d2eda4a518e51f542e7404e8f34e40a6ad115c4382ab373edde	356	PF08773.17	CathepsinC_exc	Cathepsin C exclusion domain	121	87	121	0.2892561983471074	1	35	1	35	0.09831460674157304	37.49007797241211	36.693084716796875	9.650154044153755e-11	1.7039071247229745e-10	7.129318513485249e-13	27.0	27.0	1
control_f70a5e847b416d2eda4a518e51f542e7404e8f34e40a6ad115c4382ab373edde	parent_control	f70a5e847b416d2eda4a518e51f542e7404e8f34e40a6ad115c4382ab373edde	356	PF00112.30	Peptidase_C1	Papain family cysteine protease	220	1	219	0.9954545454545455	124	350	124	351	0.6376404494382022	206.6687469482422	206.15396118164062	1.8516799006164315e-62	2.6607978518347793e-62	1.1133045405166441e-64	20.700000762939453	20.700000762939453	1
control_f7f53ec6b51e1ad5702cc3ee81b511531092bb8dcabb380ba0cef5cbe44cdd7d	parent_control	f7f53ec6b51e1ad5702cc3ee81b511531092bb8dcabb380ba0cef5cbe44cdd7d	99	PF00179.32	UQ_con	Ubiquitin-conjugating enzyme	140	64	139	0.5428571428571428	1	89	1	90	0.898989898989899	86.19010162353516	86.0333023071289	5.940009721083686e-26	6.640114629468223e-26	3.7043875199264844e-28	27.0	27.0	1
control_f828f0683b5d80a7349b41671618e53a91dfc92bfa2cc207c41c91b2f0c35abb	parent_control	f828f0683b5d80a7349b41671618e53a91dfc92bfa2cc207c41c91b2f0c35abb	358	PF15413.13	PH_11	Pleckstrin homology domain	101	1	99	0.9801980198019802	117	215	117	216	0.276536312849162	36.87443923950195	36.17796325683594	1.5801586916366092e-10	2.6041712198020644e-10	7.264075926923471e-13	30.0	30.0	2
control_f828f0683b5d80a7349b41671618e53a91dfc92bfa2cc207c41c91b2f0c35abb	parent_control	f828f0683b5d80a7349b41671618e53a91dfc92bfa2cc207c41c91b2f0c35abb	358	PF00169.36	PH	PH domain	105	1	102	0.9714285714285714	117	216	117	219	0.27932960893854747	64.02404022216797	63.042659759521484	5.929859046028868e-19	1.1977760110838584e-18	1.6705383697124943e-20	25.100000381469727	25.100000381469727	1
control_f828f0683b5d80a7349b41671618e53a91dfc92bfa2cc207c41c91b2f0c35abb	parent_control	f828f0683b5d80a7349b41671618e53a91dfc92bfa2cc207c41c91b2f0c35abb	358	PF07653.24	SH3_2	Variant SH3 domain	55	7	52	0.8363636363636363	306	352	300	355	0.13128491620111732	35.28440475463867	34.362037658691406	2.70383171424318e-10	5.24826723510019e-10	9.515686758201182e-12	21.799999237060547	21.799999237060547	1
control_f828f0683b5d80a7349b41671618e53a91dfc92bfa2cc207c41c91b2f0c35abb	parent_control	f828f0683b5d80a7349b41671618e53a91dfc92bfa2cc207c41c91b2f0c35abb	358	PF00018.35	SH3_1	SH3 domain	48	11	48	0.7916666666666666	312	349	304	349	0.10614525139664804	41.52066421508789	40.2796745300293	2.868505867572633e-12	7.003067707979566e-12	1.3674051312651873e-13	22.899999618530273	22.899999618530273	1
control_f828f0683b5d80a7349b41671618e53a91dfc92bfa2cc207c41c91b2f0c35abb	parent_control	f828f0683b5d80a7349b41671618e53a91dfc92bfa2cc207c41c91b2f0c35abb	358	PF14604.13	SH3_9	Variant SH3 domain	49	10	48	0.7959183673469388	312	352	304	353	0.11452513966480447	38.71144104003906	37.667869567871094	2.5906767800318432e-11	5.487463983472197e-11	9.184040139702421e-13	30.0	30.0	1
control_f879021cfd0132b36382dffaadf12aead8caf852ee18d39064a849986fa798ed	parent_control	f879021cfd0132b36382dffaadf12aead8caf852ee18d39064a849986fa798ed	158	PF04756.20	OST3_OST6	OST3 / OST6 family, transporter family	294	142	294	0.5204081632653061	1	153	1	153	0.9683544303797469	171.56060791015625	171.40623474121094	9.899017517197287e-52	1.1031122206468737e-51	1.6923618447859987e-53	27.0	27.0	1
control_f892fbf09494ce264bc5004260737cc3f04fa1e16e7af904563e16077848cef9	parent_control	f892fbf09494ce264bc5004260737cc3f04fa1e16e7af904563e16077848cef9	838	PF01496.25	V_ATPase_I	V-type ATPase 116kDa subunit family	815	1	815	1.0	27	828	27	828	0.9570405727923628	1136.9473876953125	1136.7659912109375	0.0	0.0	0.0	30.700000762939453	30.700000762939453	1
control_f897bbb5d6ab0938222002c7408418a64681e9cd637da07bf52fac33ac0f4205	parent_control	f897bbb5d6ab0938222002c7408418a64681e9cd637da07bf52fac33ac0f4205	934	PF22956.3	PIK3R4-like_middle	PIK3R4-like, middle domain	353	19	263	0.6940509915014165	48	302	39	306	0.27301927194860814	52.13153076171875	35.714996337890625	1.597015268860128e-15	1.5648190861024167e-10	6.547360192897142e-13	26.799999237060547	26.799999237060547	1
control_f897bbb5d6ab0938222002c7408418a64681e9cd637da07bf52fac33ac0f4205	parent_control	f897bbb5d6ab0938222002c7408418a64681e9cd637da07bf52fac33ac0f4205	934	PF02985.29	HEAT	HEAT repeat	31	1	26	0.8387096774193549	236	261	236	263	0.027837259100642397	81.3533706665039	20.019193649291992	3.4790562883687257e-25	2.1036194177232338e-05	8.80175488587127e-08	23.5	17.600000381469727	5
control_f897bbb5d6ab0938222002c7408418a64681e9cd637da07bf52fac33ac0f4205	parent_control	f897bbb5d6ab0938222002c7408418a64681e9cd637da07bf52fac33ac0f4205	934	PF29896.1	PPFR1_M	Protein phosphatase 4 regulatory subunit 1 middle domain	104	1	104	1.0	629	731	629	731	0.11027837259100642	201.68533325195312	154.26283264160156	8.066213375662147e-62	4.631225273645454e-47	1.2918341070140736e-49	60.0	60.0	5
control_f99eb4a3a59ede70166edf022296887f95f5563bd22e30018708bb7a0c6e545c	parent_control	f99eb4a3a59ede70166edf022296887f95f5563bd22e30018708bb7a0c6e545c	195	PF05915.18	TMEM_230_134	Transmembrane proteins 230/134	119	1	119	1.0	57	193	57	193	0.7025641025641025	169.3600311279297	168.98277282714844	1.1484061164836612e-51	1.503230877901989e-51	2.5158675780786425e-53	26.799999237060547	26.799999237060547	1
control_f9b95e3a0c9505f29e6db01f348996fa0b647f1d6a52f1e83cbe5c5cfbac6a5b	parent_control	f9b95e3a0c9505f29e6db01f348996fa0b647f1d6a52f1e83cbe5c5cfbac6a5b	294	PF05279.17	Asp-B-Hydro_N	Aspartyl beta-hydroxylase N-terminal region	66	1	66	1.0	52	117	52	117	0.22448979591836735	148.19503784179688	147.4738006591797	1.830543555157808e-45	3.074224399441463e-45	9.43276663705888e-47	23.0	23.0	1
control_f9da695952bf828db67c6dcef7577d8a7735e76250776c90a4474e496c8838bd	parent_control	f9da695952bf828db67c6dcef7577d8a7735e76250776c90a4474e496c8838bd	548	PF00999.27	Na_H_Exchanger	Sodium/hydrogen exchanger, transmembrane	375	3	375	0.9946666666666667	84	535	79	535	0.8248175182481752	274.8619384765625	273.632080078125	3.634651723513878e-83	8.593307564298216e-83	4.7940349033741786e-85	26.200000762939453	26.200000762939453	1
control_fa11008853f674c565afc18c2867887a349e3b223caad307b3ad5859eb5b76d5	parent_control	fa11008853f674c565afc18c2867887a349e3b223caad307b3ad5859eb5b76d5	529	PF01233.26	NMT	Myristoyl-CoA:protein N-myristoyltransferase, N-terminal domain	160	7	160	0.9625	174	327	170	327	0.29111531190926276	253.6186981201172	252.8880615234375	2.6021971819409235e-77	4.366433082683603e-77	3.653918897643183e-79	25.0	25.0	1
control_fa11008853f674c565afc18c2867887a349e3b223caad307b3ad5859eb5b76d5	parent_control	fa11008853f674c565afc18c2867887a349e3b223caad307b3ad5859eb5b76d5	529	PF02799.22	NMT_C	Myristoyl-CoA:protein N-myristoyltransferase, C-terminal domain	204	1	193	0.946078431372549	341	522	341	527	0.3440453686200378	273.5020446777344	272.97662353515625	3.8459083890208954e-83	5.57058473275637e-83	4.661577182222903e-85	27.899999618530273	27.899999618530273	1
control_fbdeef186e17a704cba66c14c68470850c208c534449650ffbca69e9c7be9cf4	parent_control	fbdeef186e17a704cba66c14c68470850c208c534449650ffbca69e9c7be9cf4	1211	PF13181.13	TPR_8	Tetratricopeptide repeat	34	2	31	0.8823529411764706	200	229	199	230	0.02477291494632535	45.44747543334961	17.735872268676758	1.4029760453725385e-13	0.00010893863421037253	1.5193672832687939e-06	25.700000762939453	11.800000190734863	3
control_fbdeef186e17a704cba66c14c68470850c208c534449650ffbca69e9c7be9cf4	parent_control	fbdeef186e17a704cba66c14c68470850c208c534449650ffbca69e9c7be9cf4	1211	PF13432.13	TPR_16	Tetratricopeptide repeat	65	4	57	0.8307692307692308	319	373	316	380	0.04541701073492981	39.64350891113281	15.83853816986084	1.980278696742661e-11	0.0005559080579540201	6.977925413648787e-06	32.70000076293945	15.5	4
control_fbdeef186e17a704cba66c14c68470850c208c534449650ffbca69e9c7be9cf4	parent_control	fbdeef186e17a704cba66c14c68470850c208c534449650ffbca69e9c7be9cf4	1211	PF02373.29	JmjC	JmjC domain, hydroxylase	114	1	114	1.0	944	1052	944	1052	0.09000825763831544	106.08695983886719	106.08695983886719	5.47542520289781e-32	5.47542520289781e-32	3.054630517655682e-34	24.0	24.0	3
control_fbdeef186e17a704cba66c14c68470850c208c534449650ffbca69e9c7be9cf4	parent_control	fbdeef186e17a704cba66c14c68470850c208c534449650ffbca69e9c7be9cf4	1211	PF21322.3	KDM6_C-hel	Lysine-specific demethylase 6/UTY, C-terminal helical domain	56	1	56	1.0	1059	1114	1059	1114	0.046242774566473986	105.15605926513672	104.03047180175781	3.96285809780677e-32	8.902384491904281e-32	4.9664627569898365e-34	26.799999237060547	26.799999237060547	1
control_fbdeef186e17a704cba66c14c68470850c208c534449650ffbca69e9c7be9cf4	parent_control	fbdeef186e17a704cba66c14c68470850c208c534449650ffbca69e9c7be9cf4	1211	PF21326.5	KDM6_GATAL	KDM6, GATA-like	59	1	59	1.0	1131	1191	1131	1191	0.05037159372419488	97.80291748046875	96.13992309570312	9.484141877828294e-30	3.135052134581104e-29	1.7489830597384122e-31	27.0	27.0	1
control_fbffab251e5c351363f7e4debfecafe7f32f2fd2323d0bdb50601512e84e6c6e	parent_control	fbffab251e5c351363f7e4debfecafe7f32f2fd2323d0bdb50601512e84e6c6e	118	PF03134.25	TB2_DP1_HVA22	TB2/DP1, HVA22 family	77	6	77	0.935064935064935	1	73	1	73	0.6186440677966102	105.28035736083984	104.81676483154297	4.6501890444947155e-32	6.488621443421276e-32	3.619872492843111e-34	27.200000762939453	27.200000762939453	1
control_fc42178270602d14d92e320214cafaaf3a6af33c459a2d73badc862110ea8a6d	parent_control	fc42178270602d14d92e320214cafaaf3a6af33c459a2d73badc862110ea8a6d	721	PF00013.36	KH_1	KH domain	65	1	64	0.9846153846153847	147	210	147	211	0.08876560332871013	228.1607208251953	66.14960479736328	1.7327200398264898e-70	6.54621240617253e-20	1.8260006711778326e-22	21.5	21.5	1
control_fc42178270602d14d92e320214cafaaf3a6af33c459a2d73badc862110ea8a6d	parent_control	fc42178270602d14d92e320214cafaaf3a6af33c459a2d73badc862110ea8a6d	721	PF00013.36	KH_1	KH domain	65	2	65	0.9846153846153847	237	302	236	302	0.09153952843273232	228.1607208251953	57.39991760253906	1.7327200398264898e-70	3.527780425753525e-17	9.840391703636053e-20	21.5	21.5	2
control_fc42178270602d14d92e320214cafaaf3a6af33c459a2d73badc862110ea8a6d	parent_control	fc42178270602d14d92e320214cafaaf3a6af33c459a2d73badc862110ea8a6d	721	PF00013.36	KH_1	KH domain	65	4	64	0.9384615384615385	328	388	325	389	0.08460471567267684	228.1607208251953	52.863922119140625	1.7327200398264898e-70	9.195308340736144e-16	2.5649395650588966e-18	21.5	21.5	3
control_fc42178270602d14d92e320214cafaaf3a6af33c459a2d73badc862110ea8a6d	parent_control	fc42178270602d14d92e320214cafaaf3a6af33c459a2d73badc862110ea8a6d	721	PF00013.36	KH_1	KH domain	65	2	65	0.9846153846153847	428	494	427	494	0.09292649098474341	228.1607208251953	60.10013198852539	1.7327200398264898e-70	5.064517710145147e-18	1.4126967113375583e-20	21.5	21.5	4
control_fc42178270602d14d92e320214cafaaf3a6af33c459a2d73badc862110ea8a6d	parent_control	fc42178270602d14d92e320214cafaaf3a6af33c459a2d73badc862110ea8a6d	721	PF09005.15	FUBP_C	Far upstream element-binding protein, C-terminal	36	3	24	0.6111111111111112	612	633	610	636	0.030513176144244106	47.412803649902344	22.37569808959961	3.74927970845964e-14	2.5051167711858538e-06	6.987773420323163e-09	20.100000381469727	20.100000381469727	2
control_fc42178270602d14d92e320214cafaaf3a6af33c459a2d73badc862110ea8a6d	parent_control	fc42178270602d14d92e320214cafaaf3a6af33c459a2d73badc862110ea8a6d	721	PF09005.15	FUBP_C	Far upstream element-binding protein, C-terminal	36	6	21	0.4444444444444444	671	686	666	688	0.022191400832177532	47.412803649902344	25.064821243286133	3.74927970845964e-14	3.617368177359124e-07	1.009028780295432e-09	20.100000381469727	20.100000381469727	4
control_fd47e809e489a94274e22388d4021f34ab92383b58caa661ac127abad8fb0b12	parent_control	fd47e809e489a94274e22388d4021f34ab92383b58caa661ac127abad8fb0b12	192	PF04201.21	TPD52	Tumour protein D52 family	108	1	108	1.0	24	145	24	145	0.6354166666666666	173.42262268066406	172.8856964111328	5.076636752073793e-53	7.45535433992492e-53	1.975616910161415e-54	25.0	25.0	1
control_fdd42ea762527f31a899eb1c2324a0a5129f8c91ac97f420a4e84e00b0dfa142	parent_control	fdd42ea762527f31a899eb1c2324a0a5129f8c91ac97f420a4e84e00b0dfa142	237	PF07851.19	TMEM120A-B	TMEM120A/B	324	95	323	0.7067901234567902	1	229	1	230	0.9662447257383966	424.4782409667969	424.29229736328125	1.0912329893600103e-128	1.2430860751917883e-128	6.934929289772877e-131	29.799999237060547	29.799999237060547	1
control_ff20642226faddb1a3df64911e83c6e8c03cb2c6119734d717687b645f0a31e4	parent_control	ff20642226faddb1a3df64911e83c6e8c03cb2c6119734d717687b645f0a31e4	219	PF26158.1	Claudin_TMEM179-179B	Transmembrane protein 179/179B Claudin domain	207	2	206	0.9903381642512077	7	211	6	212	0.9360730593607306	181.3688507080078	181.20460510253906	5.518780147639885e-55	6.196214270397448e-55	8.641860907109412e-58	27.799999237060547	27.799999237060547	1
control_ff836638f23fb1eadfdc1c962d4e28016551d6ee1aefeb4c38851c068cf2991a	parent_control	ff836638f23fb1eadfdc1c962d4e28016551d6ee1aefeb4c38851c068cf2991a	430	PF02578.22	Cu-oxidase_4	Multi-copper polyphenol oxidoreductase laccase	236	2	235	0.9915254237288136	192	428	191	429	0.5511627906976744	211.8595733642578	211.5177764892578	3.484951700301774e-64	4.432239003796609e-64	1.85449330702787e-66	22.899999618530273	22.899999618530273	1
control_ff94800e922179729e86c53f89319115126e45abae0220aa9052e0fb76f532c1	parent_control	ff94800e922179729e86c53f89319115126e45abae0220aa9052e0fb76f532c1	129	PF20825.3	Saposin	Saposin-like domain	131	2	91	0.6870229007633588	40	129	39	129	0.6976744186046512	165.74819946289062	165.44805908203125	1.854576783748204e-50	2.2963351819021306e-50	1.6013494992344006e-52	27.0	27.0	1
control_ff94800e922179729e86c53f89319115126e45abae0220aa9052e0fb76f532c1	parent_control	ff94800e922179729e86c53f89319115126e45abae0220aa9052e0fb76f532c1	129	PF03489.23	SapB_2	Saposin-like type B, region 2	34	2	34	0.9705882352941176	81	113	80	113	0.2558139534883721	29.532894134521484	28.54698944091797	2.32677571456768e-08	4.735391780411563e-08	8.585787049560714e-10	21.0	21.0	1
control_ffb2237d030a56b7776f2232ae94a767f4a50175ca0f79e91e7b291b76bf8f7f	parent_control	ffb2237d030a56b7776f2232ae94a767f4a50175ca0f79e91e7b291b76bf8f7f	588	PF12796.14	Ank_2	Ankyrin repeats (3 copies)	90	1	83	0.9222222222222223	13	97	13	104	0.1445578231292517	48.18975830078125	47.263126373291016	4.8559314378601366e-14	9.448940243072349e-14	2.3721188894742295e-15	27.299999237060547	27.299999237060547	1
control_ffb2237d030a56b7776f2232ae94a767f4a50175ca0f79e91e7b291b76bf8f7f	parent_control	ffb2237d030a56b7776f2232ae94a767f4a50175ca0f79e91e7b291b76bf8f7f	588	PF13606.13	Ank_3	Ankyrin repeat	31	2	29	0.9032258064516129	41	67	40	69	0.04591836734693878	33.844451904296875	18.786314010620117	7.510394559115498e-10	6.264588088202433e-05	1.572699938460862e-06	22.299999237060547	17.200000762939453	1
control_ffb2237d030a56b7776f2232ae94a767f4a50175ca0f79e91e7b291b76bf8f7f	parent_control	ffb2237d030a56b7776f2232ae94a767f4a50175ca0f79e91e7b291b76bf8f7f	588	PF00023.37	Ank	Ankyrin repeat	33	2	31	0.9090909090909091	41	70	40	72	0.05102040816326531	44.461490631103516	26.811429977416992	3.877760277152445e-13	1.626481619506192e-07	4.0832174548272605e-09	21.100000381469727	14.699999809265137	2
control_ffb2237d030a56b7776f2232ae94a767f4a50175ca0f79e91e7b291b76bf8f7f	parent_control	ffb2237d030a56b7776f2232ae94a767f4a50175ca0f79e91e7b291b76bf8f7f	588	PF13637.13	Ank_4	Ankyrin repeats (many copies)	50	1	47	0.94	45	91	45	94	0.07993197278911565	39.68049621582031	36.448455810546875	1.6010578235796987e-11	1.6686042781704426e-10	4.188964715072241e-12	22.700000762939453	22.700000762939453	2
control_ffb2237d030a56b7776f2232ae94a767f4a50175ca0f79e91e7b291b76bf8f7f	parent_control	ffb2237d030a56b7776f2232ae94a767f4a50175ca0f79e91e7b291b76bf8f7f	588	PF11904.14	ANKRD13_C	ANKRD13 C-terminal	332	1	332	1.0	156	468	156	468	0.532312925170068	317.1280212402344	316.6861267089844	6.006365985537576e-96	8.185486144387913e-96	5.708149333603844e-98	25.0	25.0	1
peptide_00fb8657255fb894315401cecb9ab9e3047ef7b3d1f0d35d357663269780201c	conditional_candidate	00fb8657255fb894315401cecb9ab9e3047ef7b3d1f0d35d357663269780201c	47	PF01423.29	LSM	LSM domain	66	2	35	0.5151515151515151	9	42	8	42	0.723404255319149	31.21593475341797	31.05076789855957	5.088338277359127e-09	5.729767189015513e-09	3.196522839060258e-11	23.399999618530273	23.399999618530273	1
peptide_0113c383751f1a0ef3d6b27676d2e2141e091b8b60dc744ecdfddcbc258c577c	conditional_candidate	0113c383751f1a0ef3d6b27676d2e2141e091b8b60dc744ecdfddcbc258c577c	1684	PF00520.38	Ion_trans	Ion transport protein	243	2	242	0.9917695473251029	126	416	125	417	0.17280285035629453	903.21240234375	246.49424743652344	2.3008290263836305e-275	8.280547431126529e-75	2.4252649379868495e-76	25.0	25.0	1
peptide_0113c383751f1a0ef3d6b27676d2e2141e091b8b60dc744ecdfddcbc258c577c	conditional_candidate	0113c383751f1a0ef3d6b27676d2e2141e091b8b60dc744ecdfddcbc258c577c	1684	PF00520.38	Ion_trans	Ion transport protein	243	3	239	0.9753086419753086	524	759	522	762	0.14014251781472684	903.21240234375	219.78237915039062	2.3008290263836305e-275	1.1902491679322327e-66	3.486085429090221e-68	25.0	25.0	2
peptide_0113c383751f1a0ef3d6b27676d2e2141e091b8b60dc744ecdfddcbc258c577c	conditional_candidate	0113c383751f1a0ef3d6b27676d2e2141e091b8b60dc744ecdfddcbc258c577c	1684	PF00520.38	Ion_trans	Ion transport protein	243	1	242	0.9958847736625515	885	1162	885	1163	0.16508313539192399	903.21240234375	217.19113159179688	2.3008290263836305e-275	7.36178267753948e-66	2.1561706586935715e-67	25.0	25.0	3
peptide_0113c383751f1a0ef3d6b27676d2e2141e091b8b60dc744ecdfddcbc258c577c	conditional_candidate	0113c383751f1a0ef3d6b27676d2e2141e091b8b60dc744ecdfddcbc258c577c	1684	PF00520.38	Ion_trans	Ion transport protein	243	2	242	0.9917695473251029	1205	1474	1204	1475	0.16033254156769597	903.21240234375	238.7742156982422	2.3008290263836305e-275	1.8866507015883036e-72	5.5257551929364545e-74	25.0	25.0	4
peptide_0113c383751f1a0ef3d6b27676d2e2141e091b8b60dc744ecdfddcbc258c577c	conditional_candidate	0113c383751f1a0ef3d6b27676d2e2141e091b8b60dc744ecdfddcbc258c577c	1684	PF08016.19	PKD_channel	Polycystin cation channel	225	6	223	0.9688888888888889	1230	1468	1225	1470	0.14192399049881235	54.23788070678711	37.34992599487305	4.924567762177185e-16	7.172555348804445e-11	2.1007484285201303e-12	22.399999618530273	22.399999618530273	9
peptide_0113c383751f1a0ef3d6b27676d2e2141e091b8b60dc744ecdfddcbc258c577c	conditional_candidate	0113c383751f1a0ef3d6b27676d2e2141e091b8b60dc744ecdfddcbc258c577c	1684	PF16905.11	GPHH	Voltage-dependent L-type calcium channel, IQ-associated	54	1	54	1.0	1484	1537	1484	1537	0.032066508313539195	101.27783966064453	99.59879302978516	7.658543537872261e-31	2.5615751197641206e-30	7.502521271275666e-32	26.799999237060547	26.799999237060547	1
peptide_0113c383751f1a0ef3d6b27676d2e2141e091b8b60dc744ecdfddcbc258c577c	conditional_candidate	0113c383751f1a0ef3d6b27676d2e2141e091b8b60dc744ecdfddcbc258c577c	1684	PF08763.18	Ca_chan_IQ	Voltage gated calcium channel IQ domain	77	1	77	1.0	1547	1621	1547	1621	0.04453681710213777	105.89008331298828	104.54744720458984	3.9300907841031624e-32	1.0313917993057182e-31	3.020812801313819e-33	26.700000762939453	26.700000762939453	1
peptide_031f87d03d93806fb6598bc5acfc051372dffe27f323210698bb511e6bbec75f	conditional_candidate	031f87d03d93806fb6598bc5acfc051372dffe27f323210698bb511e6bbec75f	519	PF01233.26	NMT	Myristoyl-CoA:protein N-myristoyltransferase, N-terminal domain	160	7	160	0.9625	164	317	160	317	0.29672447013487474	253.62521362304688	252.9400177001953	2.5902140330572567e-77	4.20864259256597e-77	3.52187664649872e-79	25.0	25.0	1
peptide_031f87d03d93806fb6598bc5acfc051372dffe27f323210698bb511e6bbec75f	conditional_candidate	031f87d03d93806fb6598bc5acfc051372dffe27f323210698bb511e6bbec75f	519	PF02799.22	NMT_C	Myristoyl-CoA:protein N-myristoyltransferase, C-terminal domain	204	1	193	0.946078431372549	331	512	331	517	0.35067437379576105	273.7151794433594	273.0329895019531	3.309251774484739e-83	5.353522172450238e-83	4.479934872343295e-85	27.899999618530273	27.899999618530273	1
peptide_04e15dc3926c12278ffcff63cfbb0a6f232e69a5d16fa877239ea03bee778a02	conditional_candidate	04e15dc3926c12278ffcff63cfbb0a6f232e69a5d16fa877239ea03bee778a02	218	PF14560.13	Ubiquitin_2	Ubiquitin-like domain	86	1	83	0.9651162790697675	10	91	10	94	0.3761467889908257	100.45062255859375	99.53302764892578	2.2222726077786046e-30	4.2964743314196135e-30	1.7976880047780809e-32	23.100000381469727	13.0	1
peptide_04e15dc3926c12278ffcff63cfbb0a6f232e69a5d16fa877239ea03bee778a02	conditional_candidate	04e15dc3926c12278ffcff63cfbb0a6f232e69a5d16fa877239ea03bee778a02	218	PF01302.32	CAP_GLY	CAP-Gly domain	65	1	44	0.676923076923077	161	208	161	212	0.22018348623853212	50.18663024902344	49.498722076416016	7.15174045214502e-15	1.1726424170733225e-14	4.9064536279218514e-17	26.5	26.5	1
peptide_06518bc387ccfd3be991b7ce8522835748deb4643cd98dccca776b3e1dd2d9c1	conditional_candidate	06518bc387ccfd3be991b7ce8522835748deb4643cd98dccca776b3e1dd2d9c1	304	PF00258.31	Flavodoxin_1	Flavodoxin	143	1	101	0.7062937062937062	8	104	8	114	0.3190789473684211	90.4105224609375	89.75635528564453	4.5147816396790426e-27	7.184693846385735e-27	1.102254286056389e-28	25.0	25.0	1
peptide_06518bc387ccfd3be991b7ce8522835748deb4643cd98dccca776b3e1dd2d9c1	conditional_candidate	06518bc387ccfd3be991b7ce8522835748deb4643cd98dccca776b3e1dd2d9c1	304	PF28124.1	CYHR1_TRAF_C	CYHR1 TRAF, C-terminal domain	135	1	135	1.0	169	303	169	303	0.4440789473684211	209.27940368652344	208.22149658203125	8.680227844644407e-64	1.842086912252921e-63	1.284579436717518e-65	27.0	27.0	2
peptide_06a47ea8fb14decf2e1f83ce3d7b3bc9900a29ed89cc722332a43a369472b176	conditional_candidate	06a47ea8fb14decf2e1f83ce3d7b3bc9900a29ed89cc722332a43a369472b176	357	PF21236.4	OB_PRS7	26S proteasome regulatory subunit 7, OB domain	69	2	69	0.9855072463768116	87	154	86	154	0.19047619047619047	130.16595458984375	129.0055694580078	6.0402598532375705e-40	1.3908457186581115e-39	1.1638876306762438e-41	26.700000762939453	26.700000762939453	1
peptide_06a47ea8fb14decf2e1f83ce3d7b3bc9900a29ed89cc722332a43a369472b176	conditional_candidate	06a47ea8fb14decf2e1f83ce3d7b3bc9900a29ed89cc722332a43a369472b176	357	PF00004.36	AAA	ATPase family associated with various cellular activities (AAA)	131	1	73	0.5572519083969466	212	284	212	296	0.20448179271708683	88.7082748413086	86.6697006225586	1.6558047417628876e-26	7.066063394245755e-26	5.913023760875108e-28	21.200000762939453	21.200000762939453	2
peptide_0a3c36316543a47148471358f32a4ec64764c26acc5dd428c304719ee387455d	conditional_candidate	0a3c36316543a47148471358f32a4ec64764c26acc5dd428c304719ee387455d	1704	PF00520.38	Ion_trans	Ion transport protein	243	2	242	0.9917695473251029	126	416	125	417	0.17077464788732394	905.805908203125	249.158203125	3.714065644431287e-276	1.272065559571482e-75	3.725715028033629e-77	25.0	25.0	1
peptide_0a3c36316543a47148471358f32a4ec64764c26acc5dd428c304719ee387455d	conditional_candidate	0a3c36316543a47148471358f32a4ec64764c26acc5dd428c304719ee387455d	1704	PF00520.38	Ion_trans	Ion transport protein	243	3	239	0.9753086419753086	544	779	542	782	0.13849765258215962	905.805908203125	219.75831604003906	3.714065644431287e-276	1.2105606619560758e-66	3.5455751605408075e-68	25.0	25.0	2
peptide_0a3c36316543a47148471358f32a4ec64764c26acc5dd428c304719ee387455d	conditional_candidate	0a3c36316543a47148471358f32a4ec64764c26acc5dd428c304719ee387455d	1704	PF00520.38	Ion_trans	Ion transport protein	243	1	242	0.9958847736625515	905	1182	905	1183	0.16314553990610328	905.805908203125	217.16580200195312	3.714065644431287e-276	7.494081907404807e-66	2.19491938710601e-67	25.0	25.0	3
peptide_0a3c36316543a47148471358f32a4ec64764c26acc5dd428c304719ee387455d	conditional_candidate	0a3c36316543a47148471358f32a4ec64764c26acc5dd428c304719ee387455d	1704	PF00520.38	Ion_trans	Ion transport protein	243	2	242	0.9917695473251029	1225	1494	1224	1495	0.15845070422535212	905.805908203125	238.7487030029297	3.714065644431287e-276	1.9208031664006569e-72	5.625783332554225e-74	25.0	25.0	4
peptide_0a3c36316543a47148471358f32a4ec64764c26acc5dd428c304719ee387455d	conditional_candidate	0a3c36316543a47148471358f32a4ec64764c26acc5dd428c304719ee387455d	1704	PF08016.19	PKD_channel	Polycystin cation channel	225	6	223	0.9688888888888889	1250	1488	1245	1490	0.1402582159624413	54.396522521972656	37.32586669921875	4.4041807402323003e-16	7.295075188536413e-11	2.1366329004081543e-12	22.399999618530273	22.399999618530273	9
peptide_0a3c36316543a47148471358f32a4ec64764c26acc5dd428c304719ee387455d	conditional_candidate	0a3c36316543a47148471358f32a4ec64764c26acc5dd428c304719ee387455d	1704	PF16905.11	GPHH	Voltage-dependent L-type calcium channel, IQ-associated	54	1	54	1.0	1504	1557	1504	1557	0.03169014084507042	101.24137115478516	99.58019256591797	7.862038817484359e-31	2.5960673901295397e-30	7.60354465728317e-32	26.799999237060547	26.799999237060547	1
peptide_0a3c36316543a47148471358f32a4ec64764c26acc5dd428c304719ee387455d	conditional_candidate	0a3c36316543a47148471358f32a4ec64764c26acc5dd428c304719ee387455d	1704	PF08763.18	Ca_chan_IQ	Voltage gated calcium channel IQ domain	77	1	77	1.0	1567	1641	1567	1641	0.04401408450704225	105.86188507080078	104.52820587158203	4.010540676981842e-32	1.0457519182483557e-31	3.0628717270872344e-33	26.700000762939453	26.700000762939453	1
peptide_1015ff2fa888cebfb365500cc0ab8e73fbbf1ac9a892fa1436d4660a59c814cd	conditional_candidate	1015ff2fa888cebfb365500cc0ab8e73fbbf1ac9a892fa1436d4660a59c814cd	139	PF05915.18	TMEM_230_134	Transmembrane proteins 230/134	119	1	61	0.5126050420168067	57	135	57	137	0.5683453237410072	63.78013229370117	63.27665328979492	6.085550997300555e-19	8.716695263079596e-19	1.4588611318961665e-20	26.799999237060547	26.799999237060547	1
peptide_101700281cde078bee94b7382d6e603a4babf7b2c6c73ebf43d4a469d59c79f5	conditional_candidate	101700281cde078bee94b7382d6e603a4babf7b2c6c73ebf43d4a469d59c79f5	159	PF16880.11	EHD_N	N-terminal EH-domain containing protein	33	1	33	1.0	24	56	24	56	0.20754716981132076	64.22814178466797	63.63446044921875	2.897850985296711e-19	4.4427411242684565e-19	1.858887499693915e-21	21.5	21.5	1
peptide_101700281cde078bee94b7382d6e603a4babf7b2c6c73ebf43d4a469d59c79f5	conditional_candidate	101700281cde078bee94b7382d6e603a4babf7b2c6c73ebf43d4a469d59c79f5	159	PF00350.30	Dynamin_N	Dynamin family	168	1	79	0.47023809523809523	61	139	61	157	0.4968553459119497	34.78003692626953	34.41392135620117	6.236856639134513e-10	8.081431103188448e-10	3.3813519260202714e-12	27.0	27.0	1
peptide_1148a09617eba2312e87a99c5e199bf30521982cb6c30cc7354ca5f31aa604ee	conditional_candidate	1148a09617eba2312e87a99c5e199bf30521982cb6c30cc7354ca5f31aa604ee	786	PF11934.14	DUF3452	Domain of unknown function (DUF3452)	135	9	132	0.9185185185185185	109	220	103	222	0.14249363867684478	46.53224182128906	44.539676666259766	1.0539584145295476e-13	4.3481263252860085e-13	1.8192997176928905e-15	26.299999237060547	26.299999237060547	1
peptide_1148a09617eba2312e87a99c5e199bf30521982cb6c30cc7354ca5f31aa604ee	conditional_candidate	1148a09617eba2312e87a99c5e199bf30521982cb6c30cc7354ca5f31aa604ee	786	PF01858.23	RB_A	Retinoblastoma-associated protein A domain	196	1	188	0.9591836734693877	367	559	367	561	0.2455470737913486	214.34078979492188	214.34078979492188	5.572074054458722e-65	5.572074054458722e-65	2.3314117382672473e-67	25.0	25.0	2
peptide_1148a09617eba2312e87a99c5e199bf30521982cb6c30cc7354ca5f31aa604ee	conditional_candidate	1148a09617eba2312e87a99c5e199bf30521982cb6c30cc7354ca5f31aa604ee	786	PF04089.20	BRICHOS	BRICHOS domain	91	2	91	0.989010989010989	660	750	659	750	0.11577608142493638	73.7498779296875	72.33303833007812	3.9924686218476165e-22	1.1048197719166014e-21	4.622676869943939e-24	25.0	25.0	1
peptide_12745343cbe2431513f67f949df2911fade4cbdac322f7cdc173a482777cfec3	conditional_candidate	12745343cbe2431513f67f949df2911fade4cbdac322f7cdc173a482777cfec3	350	PF22528.2	PRMT_C	Arginine methyltransferase oligomerization subdomain	165	1	165	1.0	173	337	173	337	0.4714285714285714	234.41395568847656	234.09437561035156	2.43155709957362e-71	3.048883166810759e-71	3.827050000180869e-73	27.0	27.0	1
peptide_128478dad5923df8e153bbe6c3fe22332eb265107b6c4204a02f16733a87a5f0	conditional_candidate	128478dad5923df8e153bbe6c3fe22332eb265107b6c4204a02f16733a87a5f0	336	PF00248.28	Aldo_ket_red	Aldo/keto reductase family	290	14	289	0.9517241379310345	33	304	27	305	0.8095238095238095	206.94512939453125	206.3424835205078	1.272684482052357e-62	1.942392939051073e-62	2.4381501327000915e-64	24.0	24.0	1
peptide_139563c3790484e398f1558332258abd5f38773b4c9b8c7dd1d496f233efbed8	conditional_candidate	139563c3790484e398f1558332258abd5f38773b4c9b8c7dd1d496f233efbed8	626	PF05915.18	TMEM_230_134	Transmembrane proteins 230/134	119	1	62	0.5210084033613446	57	127	57	153	0.1134185303514377	61.22148132324219	60.980403900146484	3.77873870498011e-18	4.488158214139446e-18	7.511561864668528e-20	26.799999237060547	26.799999237060547	1
peptide_139563c3790484e398f1558332258abd5f38773b4c9b8c7dd1d496f233efbed8	conditional_candidate	139563c3790484e398f1558332258abd5f38773b4c9b8c7dd1d496f233efbed8	626	PF26141.1	PMEL_NMB_N	PMEL/NMB N-terminal domain	173	24	173	0.8670520231213873	127	285	125	285	0.2539936102236422	182.13002014160156	180.5060272216797	3.202450081616785e-55	1.0099820812802828e-54	1.4086221496238254e-56	27.0	27.0	1
peptide_139563c3790484e398f1558332258abd5f38773b4c9b8c7dd1d496f233efbed8	conditional_candidate	139563c3790484e398f1558332258abd5f38773b4c9b8c7dd1d496f233efbed8	626	PF00801.27	PKD	PKD domain	80	26	68	0.5375	327	370	304	373	0.07028753993610223	30.735733032226562	28.084386825561523	8.956748074550448e-09	6.019314655757867e-08	8.395138989899396e-10	23.5	23.5	3
peptide_139563c3790484e398f1558332258abd5f38773b4c9b8c7dd1d496f233efbed8	conditional_candidate	139563c3790484e398f1558332258abd5f38773b4c9b8c7dd1d496f233efbed8	626	PF18911.7	PKD_4	PKD domain	85	33	70	0.4470588235294118	329	369	309	371	0.06549520766773163	37.02513122558594	29.4342041015625	1.0204458328363219e-10	2.3847032679024358e-08	3.325945980338125e-10	27.0	27.0	1
peptide_139563c3790484e398f1558332258abd5f38773b4c9b8c7dd1d496f233efbed8	conditional_candidate	139563c3790484e398f1558332258abd5f38773b4c9b8c7dd1d496f233efbed8	626	PF20433.4	PKAT_KLD	PKAT, KLD domain	51	1	51	1.0	471	521	471	521	0.08146964856230032	81.62932586669922	80.63961791992188	1.3447272545659762e-24	2.739922879640318e-24	3.8213708223714334e-26	27.700000762939453	27.700000762939453	1
peptide_141ec2db205027760299d6cfdf072036bb4e5b4e6bbd92c9460372e87321d3d2	conditional_candidate	141ec2db205027760299d6cfdf072036bb4e5b4e6bbd92c9460372e87321d3d2	751	PF01433.27	Peptidase_M1	Peptidase family M1 domain	218	21	218	0.908256880733945	435	652	423	652	0.29027962716378164	71.82034301757812	70.74430084228516	2.3047110089313235e-21	4.917715568555169e-21	5.486990871470202e-23	27.700000762939453	27.700000762939453	1
peptide_1485ea7abb5537105da28caa75dbafd079f07504c590ce733c6d66afe0f0e279	conditional_candidate	1485ea7abb5537105da28caa75dbafd079f07504c590ce733c6d66afe0f0e279	383	PF07686.24	V-set	Immunoglobulin V-set domain	109	9	108	0.9174311926605505	45	167	36	168	0.32114882506527415	36.94816207885742	35.25154113769531	1.2716872308926556e-10	4.2816766838390936e-10	8.957482602173837e-12	26.0	26.0	1
peptide_19394e5c359c5a82b8cb1bd0ed1fa1b68fb38f6139c5c1acdf5b19900a03299a	conditional_candidate	19394e5c359c5a82b8cb1bd0ed1fa1b68fb38f6139c5c1acdf5b19900a03299a	112	PF00071.29	Ras	Ras family	162	1	35	0.21604938271604937	5	38	5	55	0.30357142857142855	39.55951690673828	39.26991653442383	1.5247429435360725e-11	1.8718542391294518e-11	6.004553347277182e-13	21.600000381469727	21.600000381469727	1
peptide_19394e5c359c5a82b8cb1bd0ed1fa1b68fb38f6139c5c1acdf5b19900a03299a	conditional_candidate	19394e5c359c5a82b8cb1bd0ed1fa1b68fb38f6139c5c1acdf5b19900a03299a	112	PF03134.25	TB2_DP1_HVA22	TB2/DP1, HVA22 family	77	6	65	0.7792207792207793	37	96	34	99	0.5357142857142857	74.76105499267578	74.24747467041016	1.5566443911521101e-22	2.2514994640819137e-22	1.2560666466286828e-24	27.200000762939453	27.200000762939453	1
peptide_1a7b2bbbbf30fea698c57990414166e3db473b4ecba590ce3231a6f36c80546f	conditional_candidate	1a7b2bbbbf30fea698c57990414166e3db473b4ecba590ce3231a6f36c80546f	130	PF05915.18	TMEM_230_134	Transmembrane proteins 230/134	119	1	61	0.5126050420168067	57	126	57	128	0.5384615384615384	64.36164093017578	63.99203109741211	4.018489846332903e-19	5.231454403658566e-19	8.755572223696345e-21	26.799999237060547	26.799999237060547	1
peptide_1d26632909793e9ef4868a1283d4ec88d8de6173f2567712b41a3547f09f15b9	conditional_candidate	1d26632909793e9ef4868a1283d4ec88d8de6173f2567712b41a3547f09f15b9	302	PF07686.24	V-set	Immunoglobulin V-set domain	109	59	108	0.45871559633027525	34	86	12	87	0.17549668874172186	28.106233596801758	27.3297061920166	7.113026313299189e-08	1.239836002685029e-07	2.593799168797132e-09	26.0	26.0	1
peptide_1d96ab1139fd7e2a5d0d5c16c5db26c59fb1194ceaf2df73b61b5175196b3ef2	conditional_candidate	1d96ab1139fd7e2a5d0d5c16c5db26c59fb1194ceaf2df73b61b5175196b3ef2	784	PF00999.27	Na_H_Exchanger	Sodium/hydrogen exchanger, transmembrane	375	3	375	0.9946666666666667	84	535	79	535	0.576530612244898	273.6083068847656	272.4995422363281	8.737434617892508e-83	1.8979582561754564e-82	1.0588330578384694e-84	26.200000762939453	26.200000762939453	1
peptide_1d96ab1139fd7e2a5d0d5c16c5db26c59fb1194ceaf2df73b61b5175196b3ef2	conditional_candidate	1d96ab1139fd7e2a5d0d5c16c5db26c59fb1194ceaf2df73b61b5175196b3ef2	784	PF25372.2	LRR_FBXL15	F-box/LRR-repeat protein 15, leucine rich repeat domain	550	277	471	0.35454545454545455	575	769	567	780	0.24872448979591838	52.208858489990234	51.29389953613281	1.258216280189128e-15	2.38202773865796e-15	1.3288857677310796e-17	27.5	27.5	1
peptide_1d96ab1139fd7e2a5d0d5c16c5db26c59fb1194ceaf2df73b61b5175196b3ef2	conditional_candidate	1d96ab1139fd7e2a5d0d5c16c5db26c59fb1194ceaf2df73b61b5175196b3ef2	784	PF13516.13	LRR_6	Leucine Rich repeat	24	6	24	0.7916666666666666	590	608	588	608	0.02423469387755102	40.09605407714844	9.148470878601074	6.977456170379055e-12	0.05634538005493852	0.0003143396376844548	23.399999618530273	8.699999809265137	1
peptide_1d96ab1139fd7e2a5d0d5c16c5db26c59fb1194ceaf2df73b61b5175196b3ef2	conditional_candidate	1d96ab1139fd7e2a5d0d5c16c5db26c59fb1194ceaf2df73b61b5175196b3ef2	784	PF13516.13	LRR_6	Leucine Rich repeat	24	2	24	0.9583333333333334	640	663	639	663	0.030612244897959183	40.09605407714844	10.548612594604492	6.977456170379055e-12	0.0200740478092118	0.0001119891091169417	23.399999618530273	8.699999809265137	4
peptide_1d96ab1139fd7e2a5d0d5c16c5db26c59fb1194ceaf2df73b61b5175196b3ef2	conditional_candidate	1d96ab1139fd7e2a5d0d5c16c5db26c59fb1194ceaf2df73b61b5175196b3ef2	784	PF13516.13	LRR_6	Leucine Rich repeat	24	1	23	0.9583333333333334	691	713	691	714	0.029336734693877552	40.09605407714844	10.20189094543457	6.977456170379055e-12	0.02591969954036338	0.00014460083425586265	23.399999618530273	8.699999809265137	6
peptide_1dc6aeda50a5e497a2f5951ecc5210d7d2e68c1a6ea22fa070ab227803ad98df	conditional_candidate	1dc6aeda50a5e497a2f5951ecc5210d7d2e68c1a6ea22fa070ab227803ad98df	274	PF10300.16	Iml2-TPR_39	Iml2/Tetratricopeptide repeat protein 39	467	276	467	0.41113490364025695	18	189	10	189	0.6277372262773723	143.80015563964844	143.42523193359375	2.60323447636784e-43	3.382415713274596e-43	3.302218966934752e-45	22.200000762939453	22.200000762939453	1
peptide_1dc6aeda50a5e497a2f5951ecc5210d7d2e68c1a6ea22fa070ab227803ad98df	conditional_candidate	1dc6aeda50a5e497a2f5951ecc5210d7d2e68c1a6ea22fa070ab227803ad98df	274	PF10345.16	Cohesin_load	Cohesin loading factor	587	339	457	0.20272572402044292	26	147	16	154	0.44525547445255476	33.6131591796875	26.64554214477539	5.465335215538854e-10	7.041172808655254e-08	6.874227288784767e-10	25.799999237060547	25.799999237060547	1
peptide_1fe37bd6ea07b66d2c16eb3ac3ec79534ca5317c7b1cadea503320eaa4a1a3a2	conditional_candidate	1fe37bd6ea07b66d2c16eb3ac3ec79534ca5317c7b1cadea503320eaa4a1a3a2	395	PF12796.14	Ank_2	Ankyrin repeats (3 copies)	90	13	69	0.6333333333333333	2	61	1	69	0.1518987341772152	63.278175354003906	30.48550796508789	9.520586713147855e-19	1.6219045838759962e-08	4.0717269888100323e-10	27.299999237060547	27.299999237060547	1
peptide_1fe37bd6ea07b66d2c16eb3ac3ec79534ca5317c7b1cadea503320eaa4a1a3a2	conditional_candidate	1fe37bd6ea07b66d2c16eb3ac3ec79534ca5317c7b1cadea503320eaa4a1a3a2	395	PF13857.13	Ank_5	Ankyrin repeats (many copies)	56	2	56	0.9821428571428571	73	127	72	127	0.13924050632911392	61.211124420166016	31.66961669921875	3.0816001673000706e-18	5.771963333937668e-09	9.660189680230408e-11	27.0	27.0	2
peptide_1fe37bd6ea07b66d2c16eb3ac3ec79534ca5317c7b1cadea503320eaa4a1a3a2	conditional_candidate	1fe37bd6ea07b66d2c16eb3ac3ec79534ca5317c7b1cadea503320eaa4a1a3a2	395	PF12796.14	Ank_2	Ankyrin repeats (3 copies)	90	21	80	0.6666666666666666	78	140	65	150	0.15949367088607594	63.278175354003906	30.559900283813477	9.520586713147855e-19	1.5374988011008692e-08	3.859829626194651e-10	27.299999237060547	27.299999237060547	2
peptide_1fe37bd6ea07b66d2c16eb3ac3ec79534ca5317c7b1cadea503320eaa4a1a3a2	conditional_candidate	1fe37bd6ea07b66d2c16eb3ac3ec79534ca5317c7b1cadea503320eaa4a1a3a2	395	PF13606.13	Ank_3	Ankyrin repeat	31	2	30	0.9354838709677419	87	114	86	115	0.07088607594936709	42.733089447021484	18.393657684326172	9.348029171910183e-13	8.418187859340063e-05	2.1133526006711457e-06	22.299999237060547	17.200000762939453	4
peptide_1fe37bd6ea07b66d2c16eb3ac3ec79534ca5317c7b1cadea503320eaa4a1a3a2	conditional_candidate	1fe37bd6ea07b66d2c16eb3ac3ec79534ca5317c7b1cadea503320eaa4a1a3a2	395	PF00023.37	Ank	Ankyrin repeat	33	2	32	0.9393939393939394	87	117	86	118	0.07848101265822785	63.305843353271484	27.04554557800293	3.849946405321343e-19	1.3698355519831228e-07	3.4389177037233207e-09	21.100000381469727	14.699999809265137	4
peptide_1fe37bd6ea07b66d2c16eb3ac3ec79534ca5317c7b1cadea503320eaa4a1a3a2	conditional_candidate	1fe37bd6ea07b66d2c16eb3ac3ec79534ca5317c7b1cadea503320eaa4a1a3a2	395	PF13637.13	Ank_4	Ankyrin repeats (many copies)	50	1	41	0.82	91	131	91	140	0.10379746835443038	68.3941650390625	27.250730514526367	1.448444619017996e-20	1.3158919169857198e-07	3.3034943522654056e-09	22.700000762939453	22.700000762939453	4
peptide_1fe37bd6ea07b66d2c16eb3ac3ec79534ca5317c7b1cadea503320eaa4a1a3a2	conditional_candidate	1fe37bd6ea07b66d2c16eb3ac3ec79534ca5317c7b1cadea503320eaa4a1a3a2	395	PF01529.26	DHHC	DHHC palmitoyltransferase	133	4	80	0.5789473684210527	294	370	291	380	0.1949367088607595	82.27049255371094	82.27049255371094	1.2524058828385646e-24	1.2524058828385646e-24	8.73365329734006e-27	28.700000762939453	28.700000762939453	3
peptide_204ed537f56ceb775af18238d6211e9820a946ab60919dfc9088e0f6179859b9	conditional_candidate	204ed537f56ceb775af18238d6211e9820a946ab60919dfc9088e0f6179859b9	1144	PF10421.15	OAS1_C	2'-5'-oligoadenylate synthetase 1, domain 2, C-terminus	188	2	184	0.973404255319149	160	339	159	342	0.15734265734265734	790.1304321289062	265.15838623046875	1.0938456018530447e-241	1.063442449555008e-80	1.1865466661701624e-82	19.899999618530273	19.899999618530273	1
peptide_204ed537f56ceb775af18238d6211e9820a946ab60919dfc9088e0f6179859b9	conditional_candidate	204ed537f56ceb775af18238d6211e9820a946ab60919dfc9088e0f6179859b9	1144	PF10421.15	OAS1_C	2'-5'-oligoadenylate synthetase 1, domain 2, C-terminus	188	2	187	0.9893617021276596	611	795	610	796	0.16171328671328672	790.1304321289062	248.5940399169922	1.0938456018530447e-241	1.277412261059687e-75	1.425285646928521e-77	19.899999618530273	19.899999618530273	2
peptide_204ed537f56ceb775af18238d6211e9820a946ab60919dfc9088e0f6179859b9	conditional_candidate	204ed537f56ceb775af18238d6211e9820a946ab60919dfc9088e0f6179859b9	1144	PF01909.30	NTP_transf_2	Nucleotidyltransferase domain	93	1	63	0.6774193548387096	831	896	831	918	0.057692307692307696	57.69453430175781	32.53844451904297	4.6183910350374664e-17	3.256804076193089e-09	1.8169060397172045e-11	21.0	21.0	3
peptide_204ed537f56ceb775af18238d6211e9820a946ab60919dfc9088e0f6179859b9	conditional_candidate	204ed537f56ceb775af18238d6211e9820a946ab60919dfc9088e0f6179859b9	1144	PF10421.15	OAS1_C	2'-5'-oligoadenylate synthetase 1, domain 2, C-terminus	188	2	187	0.9893617021276596	955	1136	954	1137	0.1590909090909091	790.1304321289062	272.7781066894531	1.0938456018530447e-241	4.898385695990458e-83	5.46542337070065e-85	19.899999618530273	19.899999618530273	3
peptide_2168e44b24311d2038cfd2a0e4419b38462cc90c1ad4a8edab2a8f33656b2877	conditional_candidate	2168e44b24311d2038cfd2a0e4419b38462cc90c1ad4a8edab2a8f33656b2877	197	PF14745.12	WASH-4_N	WASH complex subunit 4, N-terminal	572	1	120	0.2097902097902098	32	147	32	158	0.5888324873096447	145.0076446533203	144.29031372070312	1.1062105231841612e-43	1.824345278590909e-43	1.5266487686953215e-45	25.0	25.0	1
peptide_27423e5ae634ee16faa22fbee9d7696e067cad37f9f43540e7126b62788f8fee	conditional_candidate	27423e5ae634ee16faa22fbee9d7696e067cad37f9f43540e7126b62788f8fee	124	PF12763.14	EH	EH domain	101	3	47	0.44554455445544555	19	63	17	67	0.3629032258064516	28.72536849975586	28.257144927978516	3.701668498290718e-08	5.179123025817632e-08	7.945655967084234e-10	22.0	22.0	1
peptide_289703e36f5869975fcc5af1cbd06c1f72a4d2a842df9afb9026fb0767317782	conditional_candidate	289703e36f5869975fcc5af1cbd06c1f72a4d2a842df9afb9026fb0767317782	532	PF02014.24	Reeler	Reeler domain	144	2	141	0.9722222222222222	31	167	30	170	0.2575187969924812	159.9344940185547	159.03981018066406	1.6607827613435792e-48	3.1348930671816756e-48	1.7488943192087452e-50	21.0	21.0	1
peptide_289703e36f5869975fcc5af1cbd06c1f72a4d2a842df9afb9026fb0767317782	conditional_candidate	289703e36f5869975fcc5af1cbd06c1f72a4d2a842df9afb9026fb0767317782	532	PF00017.31	SH2	SH2 domain	77	1	77	1.0	422	505	422	505	0.15789473684210525	44.13119125366211	41.6892204284668	6.333397208190312e-13	3.6623344168385905e-12	5.107858321950614e-14	21.0	21.0	3
peptide_29ea5ee0680ecd1f94f1277f5409186d94102586e1ff61dc723a33f27a95836b	conditional_candidate	29ea5ee0680ecd1f94f1277f5409186d94102586e1ff61dc723a33f27a95836b	206	PF13911.13	AhpC-TSA_2	AhpC/TSA antioxidant enzyme	114	1	113	0.9912280701754386	58	170	58	171	0.5485436893203883	93.59474182128906	93.21373748779297	3.9921654387369475e-28	5.241376979419955e-28	2.9240596816847725e-30	27.0	27.0	1
peptide_2add87360b59c5d05baa755fdce15eb60d338d20384a37357db0bbe326096009	conditional_candidate	2add87360b59c5d05baa755fdce15eb60d338d20384a37357db0bbe326096009	421	PF02760.22	HIN	HIN-200/IF120x domain	168	1	168	1.0	194	362	194	362	0.4014251781472684	245.69473266601562	245.69473266601562	7.606983266478846e-75	7.606983266478846e-75	7.426622435892876e-77	22.700000762939453	22.700000762939453	1
peptide_2b51f821f3f63a41e62b73e95a3994fa13f9f527ec1942f80ca2dd456355c2b6	conditional_candidate	2b51f821f3f63a41e62b73e95a3994fa13f9f527ec1942f80ca2dd456355c2b6	105	PF07653.24	SH3_2	Variant SH3 domain	55	7	52	0.8363636363636363	53	99	47	102	0.44761904761904764	38.21307373046875	37.57992172241211	3.291671910162166e-11	5.1896360021213437e-11	9.409381872744418e-13	21.799999237060547	21.799999237060547	1
peptide_2b51f821f3f63a41e62b73e95a3994fa13f9f527ec1942f80ca2dd456355c2b6	conditional_candidate	2b51f821f3f63a41e62b73e95a3994fa13f9f527ec1942f80ca2dd456355c2b6	105	PF00018.35	SH3_1	SH3 domain	48	11	48	0.7916666666666666	59	96	51	96	0.3619047619047619	43.78123092651367	43.248558044433594	5.643525711162698e-13	8.278181438553374e-13	1.6163813129671863e-14	22.899999618530273	22.899999618530273	1
peptide_2b51f821f3f63a41e62b73e95a3994fa13f9f527ec1942f80ca2dd456355c2b6	conditional_candidate	2b51f821f3f63a41e62b73e95a3994fa13f9f527ec1942f80ca2dd456355c2b6	105	PF14604.13	SH3_9	Variant SH3 domain	49	10	48	0.7959183673469388	59	99	51	100	0.3904761904761905	41.28004455566406	40.73875427246094	4.084252935022422e-12	6.0281504057162665e-12	1.0088954653918436e-13	30.0	30.0	1
peptide_2b6307a928c00d74e5da0a64ec3c8c19333fa31e0ec9ff5b1f553c414751a1eb	conditional_candidate	2b6307a928c00d74e5da0a64ec3c8c19333fa31e0ec9ff5b1f553c414751a1eb	299	PF04201.21	TPD52	Tumour protein D52 family	108	1	108	1.0	136	252	136	252	0.391304347826087	168.38473510742188	167.50221252441406	1.868517313016815e-51	3.514071931953843e-51	9.312045565847003e-53	25.0	25.0	1
peptide_2b725ec6513d4fe033761938b5b7e38cdb2776f273712a72de67a893499a6121	conditional_candidate	2b725ec6513d4fe033761938b5b7e38cdb2776f273712a72de67a893499a6121	313	PF05279.17	Asp-B-Hydro_N	Aspartyl beta-hydroxylase N-terminal region	66	1	66	1.0	52	117	52	117	0.2108626198083067	150.5799560546875	147.32513427734375	3.2965325980897055e-46	3.4209456086731477e-45	1.0496625298578697e-46	23.0	23.0	1
peptide_2b725ec6513d4fe033761938b5b7e38cdb2776f273712a72de67a893499a6121	conditional_candidate	2b725ec6513d4fe033761938b5b7e38cdb2776f273712a72de67a893499a6121	313	PF08477.20	Roc	Ras of Complex, Roc, domain of DAPkinase	119	9	119	0.9327731092436975	117	223	115	223	0.34185303514376997	103.69039154052734	102.2117919921875	2.824590167177332e-31	8.114036335080953e-31	2.263329521640433e-32	27.0	27.0	1
peptide_2b725ec6513d4fe033761938b5b7e38cdb2776f273712a72de67a893499a6121	conditional_candidate	2b725ec6513d4fe033761938b5b7e38cdb2776f273712a72de67a893499a6121	313	PF00071.29	Ras	Ras family	162	9	161	0.9444444444444444	117	269	114	270	0.48881789137380194	204.34913635253906	203.8312225341797	3.141531215021754e-62	4.5335823937954e-62	1.454287239292806e-63	21.600000381469727	21.600000381469727	1
peptide_2b725ec6513d4fe033761938b5b7e38cdb2776f273712a72de67a893499a6121	conditional_candidate	2b725ec6513d4fe033761938b5b7e38cdb2776f273712a72de67a893499a6121	313	PF00025.28	Arf	ADP-ribosylation factor family	174	25	168	0.8275862068965517	118	262	113	268	0.46325878594249204	45.34693145751953	44.883872985839844	2.4307849047598203e-13	3.372586346932068e-13	8.466743967193476e-15	22.299999237060547	22.299999237060547	1
peptide_2c1cb44a742642c7499d1d08f06ecb23a8a9624b374d98d67c1abe41c80dad9f	conditional_candidate	2c1cb44a742642c7499d1d08f06ecb23a8a9624b374d98d67c1abe41c80dad9f	535	PF02014.24	Reeler	Reeler domain	144	2	141	0.9722222222222222	31	167	30	170	0.2560747663551402	159.9117889404297	159.02542114257812	1.6877759945412507e-48	3.1670880703759024e-48	1.7668552693868353e-50	21.0	21.0	1
peptide_2c1cb44a742642c7499d1d08f06ecb23a8a9624b374d98d67c1abe41c80dad9f	conditional_candidate	2c1cb44a742642c7499d1d08f06ecb23a8a9624b374d98d67c1abe41c80dad9f	535	PF00017.31	SH2	SH2 domain	77	1	77	1.0	425	508	425	508	0.15700934579439252	44.10841751098633	41.677398681640625	6.437900276718575e-13	3.6935797385249684e-12	5.1514361764643914e-14	21.0	21.0	3
peptide_2f48fe9d24692c4c2f3fdc9e40a42a86d295d828cc45bb4e18a09e986843283f	conditional_candidate	2f48fe9d24692c4c2f3fdc9e40a42a86d295d828cc45bb4e18a09e986843283f	285	PF02199.21	SapA	Saposin A-type domain	33	2	33	0.9696969696969697	20	51	19	51	0.11228070175438597	52.92328643798828	49.694435119628906	9.969969011491577e-16	1.0185428063561235e-14	1.136449435264852e-16	22.0	22.0	1
peptide_2f48fe9d24692c4c2f3fdc9e40a42a86d295d828cc45bb4e18a09e986843283f	conditional_candidate	2f48fe9d24692c4c2f3fdc9e40a42a86d295d828cc45bb4e18a09e986843283f	285	PF05184.21	SapB_1	Saposin-like type B, region 1	38	2	37	0.9473684210526315	59	94	58	95	0.12631578947368421	64.15791320800781	52.99282455444336	3.0546884850074433e-19	9.529321518758758e-16	1.0632436841013957e-17	25.200000762939453	25.200000762939453	1
peptide_2f48fe9d24692c4c2f3fdc9e40a42a86d295d828cc45bb4e18a09e986843283f	conditional_candidate	2f48fe9d24692c4c2f3fdc9e40a42a86d295d828cc45bb4e18a09e986843283f	285	PF03489.23	SapB_2	Saposin-like type B, region 2	34	3	34	0.9411764705882353	103	135	101	135	0.11578947368421053	45.6027717590332	41.35188293457031	2.1710372218928484e-13	4.6478541516795315e-12	8.427071683658843e-14	21.0	21.0	2
peptide_2f5ccec75975e3c6f577920bce8d2353c43c2083ced5a445cd4306874aa49f96	conditional_candidate	2f5ccec75975e3c6f577920bce8d2353c43c2083ced5a445cd4306874aa49f96	44	PF08477.20	Roc	Ras of Complex, Roc, domain of DAPkinase	119	1	33	0.2773109243697479	10	42	10	44	0.75	34.933372497558594	34.827877044677734	5.777084608393374e-10	6.228827444309127e-10	1.737469301062518e-11	27.0	27.0	1
peptide_2f5ccec75975e3c6f577920bce8d2353c43c2083ced5a445cd4306874aa49f96	conditional_candidate	2f5ccec75975e3c6f577920bce8d2353c43c2083ced5a445cd4306874aa49f96	44	PF00071.29	Ras	Ras family	162	1	34	0.20987654320987653	10	43	10	44	0.7727272727272727	42.7355842590332	42.62553024291992	1.6080538953262078e-12	1.738405380546794e-12	5.576474721419283e-14	21.600000381469727	21.600000381469727	1
peptide_2fa08b3f456b35b634ae9dec88e1161e05e4063bbe185c89f98466c5b35a86b8	conditional_candidate	2fa08b3f456b35b634ae9dec88e1161e05e4063bbe185c89f98466c5b35a86b8	357	PF06762.21	LMF1	Lipase maturation factor transmembrane domain	279	192	277	0.30824372759856633	27	111	25	113	0.23809523809523808	111.97831726074219	111.29289245605469	1.7179130057456542e-33	2.7793299109343732e-33	3.1010654515306815e-35	27.0	27.0	1
peptide_2fa08b3f456b35b634ae9dec88e1161e05e4063bbe185c89f98466c5b35a86b8	conditional_candidate	2fa08b3f456b35b634ae9dec88e1161e05e4063bbe185c89f98466c5b35a86b8	357	PF25179.2	LMF1_C	Lipase maturation factor C-terminal domain	139	1	139	1.0	187	330	187	330	0.40336134453781514	173.92279052734375	173.38150024414062	6.644485939841627e-53	9.761801191846354e-53	9.530349838622661e-55	34.20000076293945	34.20000076293945	1
peptide_2fd568c243ae5fc146a0c3231fbaef7e40cf01dbf9a2cc5cea6ca2f10c9a8f54	conditional_candidate	2fd568c243ae5fc146a0c3231fbaef7e40cf01dbf9a2cc5cea6ca2f10c9a8f54	399	PF16660.11	PHD20L1_u1	PHD finger protein 20-like protein 1	99	1	99	1.0	151	246	151	246	0.24060150375939848	146.15646362304688	146.15646362304688	1.59805891719733e-44	1.59805891719733e-44	2.2288129946964155e-46	27.0	27.0	2
peptide_30789ddbca07e50737e87ef7ab2775266174c325dbac710715479d3a2f30a194	conditional_candidate	30789ddbca07e50737e87ef7ab2775266174c325dbac710715479d3a2f30a194	263	PF08718.17	GLTP	Glycolipid transfer protein (GLTP)	147	1	142	0.9659863945578231	18	143	18	147	0.4790874524714829	102.09371948242188	92.82443237304688	1.2287250637760945e-30	8.843506025565922e-28	1.480084690471284e-29	25.600000381469727	25.600000381469727	1
peptide_30789ddbca07e50737e87ef7ab2775266174c325dbac710715479d3a2f30a194	conditional_candidate	30789ddbca07e50737e87ef7ab2775266174c325dbac710715479d3a2f30a194	263	PF12796.14	Ank_2	Ankyrin repeats (3 copies)	90	7	83	0.8555555555555555	119	195	113	202	0.29277566539923955	47.29263687133789	46.52904510498047	9.250725253913223e-14	1.6010967027990894e-13	4.019489630457965e-15	27.299999237060547	27.299999237060547	1
peptide_30789ddbca07e50737e87ef7ab2775266174c325dbac710715479d3a2f30a194	conditional_candidate	30789ddbca07e50737e87ef7ab2775266174c325dbac710715479d3a2f30a194	263	PF13606.13	Ank_3	Ankyrin repeat	31	2	29	0.9032258064516129	139	165	138	167	0.10266159695817491	36.04713821411133	20.20574188232422	1.4314994277368498e-10	2.1527905717913154e-05	5.404495159308742e-07	22.299999237060547	17.200000762939453	1
peptide_30789ddbca07e50737e87ef7ab2775266174c325dbac710715479d3a2f30a194	conditional_candidate	30789ddbca07e50737e87ef7ab2775266174c325dbac710715479d3a2f30a194	263	PF00023.37	Ank	Ankyrin repeat	33	2	31	0.9090909090909091	139	168	138	170	0.11406844106463879	44.428131103515625	28.2542724609375	3.9738190853770754e-13	5.644324245965275e-08	1.416985166351115e-09	21.100000381469727	14.699999809265137	1
peptide_30789ddbca07e50737e87ef7ab2775266174c325dbac710715479d3a2f30a194	conditional_candidate	30789ddbca07e50737e87ef7ab2775266174c325dbac710715479d3a2f30a194	263	PF13637.13	Ank_4	Ankyrin repeats (many copies)	50	1	47	0.94	143	189	143	192	0.17870722433460076	45.712947845458984	38.0439453125	2.0158489540073232e-13	5.246219117875605e-11	1.3170424563704447e-12	22.700000762939453	22.700000762939453	2
peptide_319de57327db46169c574e3e03d766160c11791eed0bff2de59bef5570b97a97	conditional_candidate	319de57327db46169c574e3e03d766160c11791eed0bff2de59bef5570b97a97	355	PF00258.31	Flavodoxin_1	Flavodoxin	143	43	101	0.4125874125874126	99	155	93	165	0.16056338028169015	76.99483489990234	53.700286865234375	6.202622910673633e-23	9.496261084069277e-16	1.4568880324234596e-17	25.0	25.0	2
peptide_319de57327db46169c574e3e03d766160c11791eed0bff2de59bef5570b97a97	conditional_candidate	319de57327db46169c574e3e03d766160c11791eed0bff2de59bef5570b97a97	355	PF28124.1	CYHR1_TRAF_C	CYHR1 TRAF, C-terminal domain	135	1	135	1.0	220	354	220	354	0.38028169014084506	208.72479248046875	207.7250213623047	1.287793010958426e-63	2.6222090829282636e-63	1.8285976868397933e-65	27.0	27.0	2
peptide_32888589dc5b12cf0be003a11e192edadf3264e7da04a8823f1a9499eb3f68a0	conditional_candidate	32888589dc5b12cf0be003a11e192edadf3264e7da04a8823f1a9499eb3f68a0	595	PF01496.25	V_ATPase_I	V-type ATPase 116kDa subunit family	815	1	519	0.6368098159509202	27	538	27	539	0.8605042016806723	502.3285217285156	502.0361633300781	8.156959849006261e-152	9.998088302528847e-152	9.761034604979349e-154	30.700000762939453	30.700000762939453	1
peptide_32888589dc5b12cf0be003a11e192edadf3264e7da04a8823f1a9499eb3f68a0	conditional_candidate	32888589dc5b12cf0be003a11e192edadf3264e7da04a8823f1a9499eb3f68a0	595	PF03343.19	SART-1	SART-1 family	585	557	585	0.04957264957264957	520	548	519	548	0.04873949579831933	49.102394104003906	48.49690246582031	1.3823851392954835e-14	2.108615959279021e-14	8.822660917485444e-17	31.5	31.5	1
peptide_33e439fffd21f0bb37f62999726d0ef310cba0c1c7da99974a3c8dde432ecde0	conditional_candidate	33e439fffd21f0bb37f62999726d0ef310cba0c1c7da99974a3c8dde432ecde0	199	PF14745.12	WASH-4_N	WASH complex subunit 4, N-terminal	572	1	120	0.2097902097902098	32	149	32	160	0.592964824120603	147.86021423339844	147.13502502441406	1.5129876088193375e-44	2.508908263746309e-44	2.0995048232186686e-46	25.0	25.0	1
peptide_344139caecbb91ebedc38d31dc6d21ae9491f43c900a54be6d396baf9e5553ff	conditional_candidate	344139caecbb91ebedc38d31dc6d21ae9491f43c900a54be6d396baf9e5553ff	251	PF22528.2	PRMT_C	Arginine methyltransferase oligomerization subdomain	165	56	165	0.6666666666666666	130	238	111	238	0.4342629482071713	141.28073120117188	140.9610595703125	1.0473859019766564e-42	1.3133823699671118e-42	1.6485971171135293e-44	27.0	27.0	1
peptide_37ced88ed5be8c8a074c1ff82f0875d9fae0fade8abab4cb6efe0f2fcbb73097	conditional_candidate	37ced88ed5be8c8a074c1ff82f0875d9fae0fade8abab4cb6efe0f2fcbb73097	377	PF00191.26	Annexin	Annexin	66	2	66	0.9848484848484849	76	140	75	140	0.1724137931034483	310.7276916503906	67.81669616699219	3.752866909995425e-96	2.5418977998436643e-20	7.09037043192096e-23	25.0	25.0	1
peptide_37ced88ed5be8c8a074c1ff82f0875d9fae0fade8abab4cb6efe0f2fcbb73097	conditional_candidate	37ced88ed5be8c8a074c1ff82f0875d9fae0fade8abab4cb6efe0f2fcbb73097	377	PF00191.26	Annexin	Annexin	66	1	66	1.0	147	212	147	212	0.17506631299734748	310.7276916503906	96.5040512084961	3.752866909995425e-96	2.8162846021563915e-29	7.855745054829545e-32	25.0	25.0	2
peptide_37ced88ed5be8c8a074c1ff82f0875d9fae0fade8abab4cb6efe0f2fcbb73097	conditional_candidate	37ced88ed5be8c8a074c1ff82f0875d9fae0fade8abab4cb6efe0f2fcbb73097	377	PF00191.26	Annexin	Annexin	66	1	66	1.0	231	297	231	297	0.17771883289124668	310.7276916503906	65.29949188232422	3.752866909995425e-96	1.552268704739282e-19	4.329898757989629e-22	25.0	25.0	3
peptide_37ced88ed5be8c8a074c1ff82f0875d9fae0fade8abab4cb6efe0f2fcbb73097	conditional_candidate	37ced88ed5be8c8a074c1ff82f0875d9fae0fade8abab4cb6efe0f2fcbb73097	377	PF00191.26	Annexin	Annexin	66	1	66	1.0	307	372	307	372	0.17506631299734748	310.7276916503906	85.07011413574219	3.752866909995425e-96	1.0448848466266238e-25	2.9146020826405123e-28	25.0	25.0	4
peptide_3eea41dc2191758bba2af58f9efccf8e359349d6a85ff027e916d63e125531f4	conditional_candidate	3eea41dc2191758bba2af58f9efccf8e359349d6a85ff027e916d63e125531f4	488	PF00328.28	His_Phos_2	Histidine phosphatase superfamily (branch 2)	354	2	225	0.632768361581921	33	226	32	232	0.3975409836065574	113.15135192871094	110.6499252319336	7.019253256361646e-34	4.0437417837456846e-33	2.819903614885415e-35	23.600000381469727	23.600000381469727	1
peptide_3eea41dc2191758bba2af58f9efccf8e359349d6a85ff027e916d63e125531f4	conditional_candidate	3eea41dc2191758bba2af58f9efccf8e359349d6a85ff027e916d63e125531f4	488	PF07221.18	GlcNAc_2-epim	N-acylglucosamine 2-epimerase (GlcNAc 2-epimerase)	347	155	338	0.5302593659942363	266	445	213	455	0.36885245901639346	92.57937622070312	92.26106262207031	1.1170108020365731e-27	1.395891116098064e-27	1.168109720584154e-29	23.399999618530273	23.399999618530273	1
peptide_433070179775f2a51f11608ee7cdba082ebe9d602b558890f9ff511c537698ac	conditional_candidate	433070179775f2a51f11608ee7cdba082ebe9d602b558890f9ff511c537698ac	399	PF21236.4	OB_PRS7	26S proteasome regulatory subunit 7, OB domain	69	2	69	0.9855072463768116	129	196	128	196	0.17042606516290726	130.13475036621094	128.7584228515625	6.177265474848723e-40	1.6612221490366933e-39	1.3901440577712915e-41	26.700000762939453	26.700000762939453	1
peptide_433070179775f2a51f11608ee7cdba082ebe9d602b558890f9ff511c537698ac	conditional_candidate	433070179775f2a51f11608ee7cdba082ebe9d602b558890f9ff511c537698ac	399	PF00004.36	AAA	ATPase family associated with various cellular activities (AAA)	131	1	73	0.5572519083969466	254	326	254	338	0.18295739348370926	88.45814514160156	86.4106216430664	1.9784712687814747e-26	8.496979604231462e-26	7.11044318345729e-28	21.200000762939453	21.200000762939453	2
peptide_44e77e98a7056e62ab58c0d6e9bfb595600a4e52033173803b36e6da613738d9	conditional_candidate	44e77e98a7056e62ab58c0d6e9bfb595600a4e52033173803b36e6da613738d9	86	PF00261.26	Tropomyosin	Tropomyosin	242	85	146	0.256198347107438	1	62	1	77	0.7209302325581395	79.46784210205078	79.38941192626953	1.009506150152125e-23	1.0667481619097643e-23	1.9341319532534082e-25	38.599998474121094	38.599998474121094	1
peptide_4b2f98c509cb29c5b53a91dc288beb0f4663e51e40260899718df2cb4b118fbb	conditional_candidate	4b2f98c509cb29c5b53a91dc288beb0f4663e51e40260899718df2cb4b118fbb	89	PF00227.32	Proteasome	Proteasome subunit	189	71	116	0.24338624338624337	2	44	1	47	0.48314606741573035	22.864538192749023	22.556941986083984	2.2174003501183554e-06	2.7552739404052024e-06	7.301283803026338e-08	22.399999618530273	22.399999618530273	1
peptide_4d18fa70af645e46d15fe314ebcce1c4a4d97a8f5efb301e857bc9e15fa34010	conditional_candidate	4d18fa70af645e46d15fe314ebcce1c4a4d97a8f5efb301e857bc9e15fa34010	215	PF02719.22	Polysacc_synt_2	Polysaccharide biosynthesis protein	293	1	76	0.2593856655290102	15	84	15	91	0.32558139534883723	30.54839515686035	30.088300704956055	7.634749924010269e-09	1.0542996856121329e-08	1.9115614941363638e-10	20.200000762939453	20.200000762939453	1
peptide_4d18fa70af645e46d15fe314ebcce1c4a4d97a8f5efb301e857bc9e15fa34010	conditional_candidate	4d18fa70af645e46d15fe314ebcce1c4a4d97a8f5efb301e857bc9e15fa34010	215	PF08659.17	KR	KR domain	180	3	78	0.4222222222222222	15	87	13	106	0.3395348837209302	54.65277862548828	54.10399627685547	4.68419074053495e-16	6.903425013498495e-16	1.636795330955013e-17	22.600000381469727	22.600000381469727	1
peptide_4d18fa70af645e46d15fe314ebcce1c4a4d97a8f5efb301e857bc9e15fa34010	conditional_candidate	4d18fa70af645e46d15fe314ebcce1c4a4d97a8f5efb301e857bc9e15fa34010	215	PF00106.32	adh_short	short chain dehydrogenase	195	3	75	0.37435897435897436	15	88	13	91	0.34418604651162793	52.437889099121094	51.65369415283203	1.7096393842177304e-15	2.9732787761062767e-15	6.63493171794985e-17	26.600000381469727	25.0	1
peptide_4d18fa70af645e46d15fe314ebcce1c4a4d97a8f5efb301e857bc9e15fa34010	conditional_candidate	4d18fa70af645e46d15fe314ebcce1c4a4d97a8f5efb301e857bc9e15fa34010	215	PF13561.13	adh_short_C2	Enoyl-(Acyl carrier protein) reductase	236	6	69	0.2711864406779661	22	88	19	91	0.3116279069767442	33.0213508605957	32.22798156738281	1.6989634464989913e-09	2.968764006522721e-09	6.624856918321275e-11	27.0	27.0	1
peptide_4d18fa70af645e46d15fe314ebcce1c4a4d97a8f5efb301e857bc9e15fa34010	conditional_candidate	4d18fa70af645e46d15fe314ebcce1c4a4d97a8f5efb301e857bc9e15fa34010	215	PF04756.20	OST3_OST6	OST3 / OST6 family, transporter family	294	134	189	0.19047619047619047	80	134	65	135	0.2558139534883721	104.3887939453125	30.097997665405273	2.874321972780316e-31	1.2307675509163511e-08	1.8882068424100226e-10	27.0	27.0	1
peptide_4d18fa70af645e46d15fe314ebcce1c4a4d97a8f5efb301e857bc9e15fa34010	conditional_candidate	4d18fa70af645e46d15fe314ebcce1c4a4d97a8f5efb301e857bc9e15fa34010	215	PF04756.20	OST3_OST6	OST3 / OST6 family, transporter family	294	218	294	0.2619047619047619	134	210	133	210	0.3581395348837209	104.3887939453125	74.25910949707031	2.874321972780316e-31	4.336284333550773e-22	6.65259800126339e-24	27.0	27.0	2
peptide_4d1e29a48689d0211f48794e07c63a0323e19504cc539691619c0ba0dc364723	conditional_candidate	4d1e29a48689d0211f48794e07c63a0323e19504cc539691619c0ba0dc364723	288	PF02199.21	SapA	Saposin A-type domain	33	2	33	0.9696969696969697	23	54	22	54	0.1111111111111111	52.88291931152344	49.67423629760742	1.0263887991976558e-15	1.0334586467455664e-14	1.1530919350020267e-16	22.0	22.0	1
peptide_4d1e29a48689d0211f48794e07c63a0323e19504cc539691619c0ba0dc364723	conditional_candidate	4d1e29a48689d0211f48794e07c63a0323e19504cc539691619c0ba0dc364723	288	PF05184.21	SapB_1	Saposin-like type B, region 1	38	2	37	0.9473684210526315	62	97	61	98	0.125	64.10577392578125	52.97200393676758	3.171639554051233e-19	9.673369036555962e-16	1.0793159315543612e-17	25.200000762939453	25.200000762939453	1
peptide_4d1e29a48689d0211f48794e07c63a0323e19504cc539691619c0ba0dc364723	conditional_candidate	4d1e29a48689d0211f48794e07c63a0323e19504cc539691619c0ba0dc364723	288	PF03489.23	SapB_2	Saposin-like type B, region 2	34	3	34	0.9411764705882353	106	138	104	138	0.11458333333333333	45.550621032714844	41.33140563964844	2.2541932565988876e-13	4.716959632020225e-12	8.552367533648944e-14	21.0	21.0	2
peptide_4d6b671f67914a092e9a5f3bbea33bd2487c5c33e47d7b3cb6d2e6a0beb9d2f1	conditional_candidate	4d6b671f67914a092e9a5f3bbea33bd2487c5c33e47d7b3cb6d2e6a0beb9d2f1	271	PF00130.29	C1_1	Phorbol esters/diacylglycerol binding domain (C1 domain)	53	1	51	0.9622641509433962	71	118	71	120	0.17712177121771217	43.879554748535156	42.62807083129883	6.187720412683479e-13	1.5218454944845867e-12	1.2735108740456793e-14	26.5	26.5	1
peptide_4d6b671f67914a092e9a5f3bbea33bd2487c5c33e47d7b3cb6d2e6a0beb9d2f1	conditional_candidate	4d6b671f67914a092e9a5f3bbea33bd2487c5c33e47d7b3cb6d2e6a0beb9d2f1	271	PF00071.29	Ras	Ras family	162	39	161	0.7592592592592593	115	242	101	243	0.47232472324723246	108.46942138671875	108.08792114257812	9.724368458933023e-33	1.2740996591155084e-32	4.0870700362143225e-34	21.600000381469727	21.600000381469727	1
peptide_4d6b671f67914a092e9a5f3bbea33bd2487c5c33e47d7b3cb6d2e6a0beb9d2f1	conditional_candidate	4d6b671f67914a092e9a5f3bbea33bd2487c5c33e47d7b3cb6d2e6a0beb9d2f1	271	PF00025.28	Arf	ADP-ribosylation factor family	174	55	133	0.4540229885057471	121	200	112	231	0.2952029520295203	34.3502197265625	33.86886978149414	5.79568566118637e-10	8.145900988654312e-10	2.0449960640973168e-11	22.299999237060547	22.299999237060547	1
peptide_4d6b671f67914a092e9a5f3bbea33bd2487c5c33e47d7b3cb6d2e6a0beb9d2f1	conditional_candidate	4d6b671f67914a092e9a5f3bbea33bd2487c5c33e47d7b3cb6d2e6a0beb9d2f1	271	PF08477.20	Roc	Ras of Complex, Roc, domain of DAPkinase	119	57	119	0.5294117647058824	125	193	96	193	0.25461254612546125	60.24764633178711	59.654624938964844	8.236221730437623e-18	1.2575661228860231e-17	3.5078552939638023e-19	27.0	27.0	1
peptide_4dbf9f2439301397cc62c56355584e851ad5440d0237c220366059cbd2a7e107	conditional_candidate	4dbf9f2439301397cc62c56355584e851ad5440d0237c220366059cbd2a7e107	290	PF08216.18	CTNNBL	Catenin-beta-like, Arm-motif containing nuclear	474	286	474	0.3987341772151899	70	261	67	261	0.6620689655172414	213.3885498046875	213.02365112304688	1.6519885247048767e-64	2.131420117988674e-64	1.1890767743311988e-66	27.0	27.0	1
peptide_52c3c3a3a74c40b0b52b57efee49c5c169200cc9ffa5a31ec683837dee43ea18	conditional_candidate	52c3c3a3a74c40b0b52b57efee49c5c169200cc9ffa5a31ec683837dee43ea18	295	PF06762.21	LMF1	Lipase maturation factor transmembrane domain	279	192	277	0.30824372759856633	27	111	25	113	0.288135593220339	112.45326232910156	111.78709411621094	1.2309007757047131e-33	1.964680647019756e-33	2.1921122979299928e-35	27.0	27.0	1
peptide_52c3c3a3a74c40b0b52b57efee49c5c169200cc9ffa5a31ec683837dee43ea18	conditional_candidate	52c3c3a3a74c40b0b52b57efee49c5c169200cc9ffa5a31ec683837dee43ea18	295	PF25179.2	LMF1_C	Lipase maturation factor C-terminal domain	139	1	105	0.7553956834532374	187	295	187	295	0.3694915254237288	130.7519989013672	130.1823272705078	1.4030477802182043e-39	2.1032984435251308e-39	2.0534294427720942e-41	34.20000076293945	34.20000076293945	1
peptide_558c207f42783b30e5190e4016b2b0146626e7f1370c9f13d1fb075b69e22fb0	conditional_candidate	558c207f42783b30e5190e4016b2b0146626e7f1370c9f13d1fb075b69e22fb0	368	PF00258.31	Flavodoxin_1	Flavodoxin	143	43	101	0.4125874125874126	99	155	93	165	0.15489130434782608	77.24348449707031	53.620826721191406	5.1985451936952865e-23	1.004757731189344e-15	1.541469322605688e-17	25.0	25.0	2
peptide_597d635312bbaecad92397a89da8161ec9f7e058ec824cd5ea5ad11bacfb78f7	conditional_candidate	597d635312bbaecad92397a89da8161ec9f7e058ec824cd5ea5ad11bacfb78f7	293	PF07686.24	V-set	Immunoglobulin V-set domain	109	59	108	0.45871559633027525	34	86	12	87	0.18088737201365188	28.146974563598633	27.40073013305664	6.908662120251898e-08	1.1784012474685292e-07	2.465274576293994e-09	26.0	26.0	1
peptide_5999eb11d67df7e522c505afd90acafbdfe9801630ef60c14a9f5cd4b009d493	conditional_candidate	5999eb11d67df7e522c505afd90acafbdfe9801630ef60c14a9f5cd4b009d493	1712	PF00520.38	Ion_trans	Ion transport protein	243	2	242	0.9917695473251029	126	416	125	417	0.1699766355140187	903.5015258789062	249.14801025390625	1.8775368230412545e-275	1.2812158750595164e-75	3.7525151152370774e-77	25.0	25.0	1
peptide_5999eb11d67df7e522c505afd90acafbdfe9801630ef60c14a9f5cd4b009d493	conditional_candidate	5999eb11d67df7e522c505afd90acafbdfe9801630ef60c14a9f5cd4b009d493	1712	PF00520.38	Ion_trans	Ion transport protein	243	3	239	0.9753086419753086	552	787	550	790	0.1378504672897196	903.5015258789062	219.74856567382812	1.8775368230412545e-275	1.2188892211884077e-66	3.5699684302589343e-68	25.0	25.0	2
peptide_5999eb11d67df7e522c505afd90acafbdfe9801630ef60c14a9f5cd4b009d493	conditional_candidate	5999eb11d67df7e522c505afd90acafbdfe9801630ef60c14a9f5cd4b009d493	1712	PF00520.38	Ion_trans	Ion transport protein	243	1	242	0.9958847736625515	913	1190	913	1191	0.16238317757009346	903.5015258789062	214.89120483398438	1.8775368230412545e-275	3.709891328940564e-65	1.08657905031732e-66	25.0	25.0	3
peptide_5999eb11d67df7e522c505afd90acafbdfe9801630ef60c14a9f5cd4b009d493	conditional_candidate	5999eb11d67df7e522c505afd90acafbdfe9801630ef60c14a9f5cd4b009d493	1712	PF00520.38	Ion_trans	Ion transport protein	243	2	242	0.9917695473251029	1233	1502	1232	1503	0.15771028037383178	903.5015258789062	238.73899841308594	1.8775368230412545e-275	1.9339558824491627e-72	5.664305931859472e-74	25.0	25.0	4
peptide_5999eb11d67df7e522c505afd90acafbdfe9801630ef60c14a9f5cd4b009d493	conditional_candidate	5999eb11d67df7e522c505afd90acafbdfe9801630ef60c14a9f5cd4b009d493	1712	PF08016.19	PKD_channel	Polycystin cation channel	225	6	223	0.9688888888888889	1258	1496	1253	1498	0.13960280373831777	54.38896560668945	37.31618881225586	4.427673384377418e-16	7.344947223642937e-11	2.151239772615086e-12	22.399999618530273	22.399999618530273	9
peptide_5999eb11d67df7e522c505afd90acafbdfe9801630ef60c14a9f5cd4b009d493	conditional_candidate	5999eb11d67df7e522c505afd90acafbdfe9801630ef60c14a9f5cd4b009d493	1712	PF16905.11	GPHH	Voltage-dependent L-type calcium channel, IQ-associated	54	1	54	1.0	1512	1565	1512	1565	0.03154205607476635	101.24490356445312	99.57272338867188	7.8420936344897495e-31	2.6100484079654925e-30	7.644493245087216e-32	26.799999237060547	26.799999237060547	1
peptide_5999eb11d67df7e522c505afd90acafbdfe9801630ef60c14a9f5cd4b009d493	conditional_candidate	5999eb11d67df7e522c505afd90acafbdfe9801630ef60c14a9f5cd4b009d493	1712	PF08763.18	Ca_chan_IQ	Voltage gated calcium channel IQ domain	77	1	77	1.0	1575	1649	1575	1649	0.04380841121495327	105.86772918701172	104.5204849243164	3.993733166245584e-32	1.0515702418446246e-31	3.07991284222275e-33	26.700000762939453	26.700000762939453	1
peptide_5b820602d0913021ac12d92f0fc7c2366f7be431a2c151cfe72ac60156f69222	conditional_candidate	5b820602d0913021ac12d92f0fc7c2366f7be431a2c151cfe72ac60156f69222	282	PF08718.17	GLTP	Glycolipid transfer protein (GLTP)	147	1	142	0.9659863945578231	18	162	18	166	0.5141843971631206	133.2849578857422	132.67726135253906	2.9857371733233036e-40	4.595875578856935e-40	7.691841972982318e-42	25.600000381469727	25.600000381469727	1
peptide_5b820602d0913021ac12d92f0fc7c2366f7be431a2c151cfe72ac60156f69222	conditional_candidate	5b820602d0913021ac12d92f0fc7c2366f7be431a2c151cfe72ac60156f69222	282	PF12796.14	Ank_2	Ankyrin repeats (3 copies)	90	7	83	0.8555555555555555	138	214	132	221	0.2730496453900709	47.14793395996094	46.3371467590332	1.0264157530146456e-13	1.837765676125347e-13	4.613637680649407e-15	27.299999237060547	27.299999237060547	1
peptide_5b820602d0913021ac12d92f0fc7c2366f7be431a2c151cfe72ac60156f69222	conditional_candidate	5b820602d0913021ac12d92f0fc7c2366f7be431a2c151cfe72ac60156f69222	282	PF13606.13	Ank_3	Ankyrin repeat	31	2	29	0.9032258064516129	158	184	157	186	0.09574468085106383	35.851722717285156	20.073680877685547	1.6582727030589493e-10	2.3777234383352444e-05	5.969180179921116e-07	22.299999237060547	17.200000762939453	1
peptide_5b820602d0913021ac12d92f0fc7c2366f7be431a2c151cfe72ac60156f69222	conditional_candidate	5b820602d0913021ac12d92f0fc7c2366f7be431a2c151cfe72ac60156f69222	282	PF00023.37	Ank	Ankyrin repeat	33	2	31	0.9090909090909091	158	187	157	189	0.10638297872340426	44.18168640136719	28.119361877441406	4.761199962294812e-13	6.231456473589927e-08	1.5643823783070946e-09	21.100000381469727	14.699999809265137	1
peptide_5b820602d0913021ac12d92f0fc7c2366f7be431a2c151cfe72ac60156f69222	conditional_candidate	5b820602d0913021ac12d92f0fc7c2366f7be431a2c151cfe72ac60156f69222	282	PF13637.13	Ank_4	Ankyrin repeats (many copies)	50	1	47	0.94	162	208	162	211	0.16666666666666666	45.31868362426758	37.89054489135742	2.6830783783909685e-13	5.863549695251386e-11	1.4720208439961637e-12	22.700000762939453	22.700000762939453	2
peptide_5c21ae184feb65c1e843decba2484c105c32fad251b9076e518b980cedb5e364	conditional_candidate	5c21ae184feb65c1e843decba2484c105c32fad251b9076e518b980cedb5e364	271	PF02719.22	Polysacc_synt_2	Polysaccharide biosynthesis protein	293	1	76	0.2593856655290102	41	110	41	117	0.25830258302583026	29.96198081970215	29.455413818359375	1.1519876892659163e-08	1.6435204450392085e-08	2.979883652093404e-10	20.200000762939453	20.200000762939453	1
peptide_5c21ae184feb65c1e843decba2484c105c32fad251b9076e518b980cedb5e364	conditional_candidate	5c21ae184feb65c1e843decba2484c105c32fad251b9076e518b980cedb5e364	271	PF08659.17	KR	KR domain	180	3	78	0.4222222222222222	41	113	39	132	0.2693726937269373	54.014957427978516	53.43186569213867	7.351772378743908e-16	1.1100746625063184e-15	2.6319761872534746e-17	22.600000381469727	22.600000381469727	1
peptide_5c21ae184feb65c1e843decba2484c105c32fad251b9076e518b980cedb5e364	conditional_candidate	5c21ae184feb65c1e843decba2484c105c32fad251b9076e518b980cedb5e364	271	PF00106.32	adh_short	short chain dehydrogenase	195	3	75	0.37435897435897436	41	114	39	117	0.2730627306273063	52.04819107055664	51.006797790527344	2.2507886576862488e-15	4.693415947383185e-15	1.0473452602249785e-16	26.600000381469727	25.0	1
peptide_5c21ae184feb65c1e843decba2484c105c32fad251b9076e518b980cedb5e364	conditional_candidate	5c21ae184feb65c1e843decba2484c105c32fad251b9076e518b980cedb5e364	271	PF13561.13	adh_short_C2	Enoyl-(Acyl carrier protein) reductase	236	6	69	0.2711864406779661	48	114	45	117	0.24723247232472326	33.437782287597656	31.6076602935791	1.2675209377911344e-09	4.593009764868516e-09	1.0249394175438808e-10	27.0	27.0	2
peptide_5c21ae184feb65c1e843decba2484c105c32fad251b9076e518b980cedb5e364	conditional_candidate	5c21ae184feb65c1e843decba2484c105c32fad251b9076e518b980cedb5e364	271	PF04756.20	OST3_OST6	OST3 / OST6 family, transporter family	294	134	294	0.5476190476190477	106	266	91	266	0.5940959409594095	175.6138153076172	175.2665557861328	5.765537099798724e-53	7.355758699399621e-53	1.1284985452356462e-54	27.0	27.0	1
peptide_5e0a55ceea7aa5596a1130b2f7a693b8a52acf6bf2ac12e69951ade5c9fb2d52	conditional_candidate	5e0a55ceea7aa5596a1130b2f7a693b8a52acf6bf2ac12e69951ade5c9fb2d52	118	PF00554.28	RHD_DNA_bind	Rel homology DNA-binding domain	169	1	43	0.25443786982248523	42	84	42	89	0.3644067796610169	67.97481536865234	67.57414245605469	3.8128636758077287e-20	5.062663192912682e-20	2.8243588244980094e-22	27.0	27.0	1
peptide_5fd8a3582535ef3ad429d94d60715365c727b6e884f71ce641a7e729a3149cfd	conditional_candidate	5fd8a3582535ef3ad429d94d60715365c727b6e884f71ce641a7e729a3149cfd	253	PF04427.24	Brix	Brix domain	193	119	193	0.38860103626943004	111	174	106	174	0.25296442687747034	50.80656433105469	49.862239837646484	7.637620160128326e-15	1.4873495830709436e-14	8.297626683798848e-17	28.200000762939453	28.200000762939453	1
peptide_61dbcd41ff74ad3f3b63240c13327fee06c0feb5d06fe4cf72c1220d5d18bb06	conditional_candidate	61dbcd41ff74ad3f3b63240c13327fee06c0feb5d06fe4cf72c1220d5d18bb06	167	PF20825.3	Saposin	Saposin-like domain	131	2	94	0.7099236641221374	40	132	39	140	0.5568862275449101	167.70079040527344	167.31568908691406	4.6194249319083564e-51	6.076375896718198e-51	4.237361155312551e-53	27.0	27.0	1
peptide_61dbcd41ff74ad3f3b63240c13327fee06c0feb5d06fe4cf72c1220d5d18bb06	conditional_candidate	61dbcd41ff74ad3f3b63240c13327fee06c0feb5d06fe4cf72c1220d5d18bb06	167	PF03489.23	SapB_2	Saposin-like type B, region 2	34	2	34	0.9705882352941176	81	113	80	113	0.19760479041916168	28.831649780273438	27.925228118896484	3.857033504383659e-08	7.41268507840043e-08	1.344001478650008e-09	21.0	21.0	1
peptide_62ff9581d94f4b438a37a895b57e53a37f32598f2937bee77211e2616ff4c39f	conditional_candidate	62ff9581d94f4b438a37a895b57e53a37f32598f2937bee77211e2616ff4c39f	1362	PF13872.13	AAA_34	P-loop containing NTP hydrolase pore-1	306	1	306	1.0	254	559	254	559	0.22466960352422907	480.1322937011719	479.4553527832031	8.024450830684606e-146	1.289848759248114e-145	8.994761222092845e-148	27.0	27.0	1
peptide_62ff9581d94f4b438a37a895b57e53a37f32598f2937bee77211e2616ff4c39f	conditional_candidate	62ff9581d94f4b438a37a895b57e53a37f32598f2937bee77211e2616ff4c39f	1362	PF04851.22	ResIII	Type III restriction enzyme, res subunit	164	8	140	0.8109756097560976	293	443	288	478	0.11086637298091043	32.88755798339844	31.08197021484375	2.179990888758087e-09	7.828187320395787e-09	7.642581763287379e-11	22.5	22.5	1
peptide_62ff9581d94f4b438a37a895b57e53a37f32598f2937bee77211e2616ff4c39f	conditional_candidate	62ff9581d94f4b438a37a895b57e53a37f32598f2937bee77211e2616ff4c39f	1362	PF13871.13	Helicase_C_4	C-terminal domain on Strawberry notch homologue	271	1	271	1.0	870	1146	870	1146	0.20337738619676946	400.00726318359375	399.439453125	2.4067038058561095e-121	3.5856924488824376e-121	2.500482879276456e-123	30.5	30.5	1
peptide_62ff9581d94f4b438a37a895b57e53a37f32598f2937bee77211e2616ff4c39f	conditional_candidate	62ff9581d94f4b438a37a895b57e53a37f32598f2937bee77211e2616ff4c39f	1362	PF25373.2	SBNO	SBNO alpha/beta domain	119	1	119	1.0	1184	1298	1184	1298	0.08443465491923642	143.3961639404297	142.11489868164062	1.2870180090153501e-43	3.2114279689663864e-43	2.2394895181076614e-45	24.0	24.0	1
peptide_651cce5964555aebb8ec06a12446126fdc22fb3d9d460048b7381c5c5b59284b	conditional_candidate	651cce5964555aebb8ec06a12446126fdc22fb3d9d460048b7381c5c5b59284b	164	PF00067.28	p450	Cytochrome P450	462	3	72	0.15151515151515152	46	113	44	121	0.4146341463414634	43.48085403442383	43.199275970458984	7.166840563644889e-13	8.724432984871653e-13	3.6503903702391855e-15	22.799999237060547	22.799999237060547	1
peptide_684ae47e8b38547516ae9fae92459e8f41b885d9330c57b50f31ae7e197157bc	conditional_candidate	684ae47e8b38547516ae9fae92459e8f41b885d9330c57b50f31ae7e197157bc	1361	PF13872.13	AAA_34	P-loop containing NTP hydrolase pore-1	306	1	306	1.0	253	558	253	558	0.224834680382072	480.1356201171875	479.4571228027344	8.005757877648582e-146	1.2882490547519214e-145	8.983605681673093e-148	27.0	27.0	1
peptide_684ae47e8b38547516ae9fae92459e8f41b885d9330c57b50f31ae7e197157bc	conditional_candidate	684ae47e8b38547516ae9fae92459e8f41b885d9330c57b50f31ae7e197157bc	1361	PF04851.22	ResIII	Type III restriction enzyme, res subunit	164	8	140	0.8109756097560976	292	442	287	477	0.1109478324761205	32.88682556152344	31.08343505859375	2.1811216743032316e-09	7.82007249897583e-09	7.634659343491048e-11	22.5	22.5	1
peptide_684ae47e8b38547516ae9fae92459e8f41b885d9330c57b50f31ae7e197157bc	conditional_candidate	684ae47e8b38547516ae9fae92459e8f41b885d9330c57b50f31ae7e197157bc	1361	PF13871.13	Helicase_C_4	C-terminal domain on Strawberry notch homologue	271	1	271	1.0	869	1145	869	1145	0.2035268185157972	400.0078125	399.441162109375	2.40577569992515e-121	3.581392268554136e-121	2.4974841482246416e-123	30.5	30.5	1
peptide_684ae47e8b38547516ae9fae92459e8f41b885d9330c57b50f31ae7e197157bc	conditional_candidate	684ae47e8b38547516ae9fae92459e8f41b885d9330c57b50f31ae7e197157bc	1361	PF25373.2	SBNO	SBNO alpha/beta domain	119	1	119	1.0	1183	1297	1183	1297	0.08449669360764143	143.40040588378906	142.11624145507812	1.2831277041100697e-43	3.208351983978553e-43	2.2373444797618918e-45	24.0	24.0	1
peptide_6ae36d8a89ac3ac04b43b02983f3cb8994037ee6cadc0be1d50523eaca3430e4	conditional_candidate	6ae36d8a89ac3ac04b43b02983f3cb8994037ee6cadc0be1d50523eaca3430e4	212	PF00227.32	Proteasome	Proteasome subunit	189	2	116	0.6084656084656085	34	144	33	147	0.5235849056603774	95.03271484375	93.94185638427734	1.6456662059386892e-28	3.555006196012376e-28	9.420518511050927e-30	22.399999618530273	22.399999618530273	1
peptide_6d671b114e1c0ccf69cdb1c4eefa26c0c6df2e22ce8b0983ef4805183aac5496	conditional_candidate	6d671b114e1c0ccf69cdb1c4eefa26c0c6df2e22ce8b0983ef4805183aac5496	149	PF05008.22	V-SNARE	Vesicle transport v-SNARE protein N-terminus	92	1	88	0.9565217391304348	1	88	1	92	0.5906040268456376	107.11799621582031	106.42694854736328	1.834578058483266e-32	3.0139642547547833e-32	2.1017881832320663e-34	25.899999618530273	25.899999618530273	1
peptide_6d671b114e1c0ccf69cdb1c4eefa26c0c6df2e22ce8b0983ef4805183aac5496	conditional_candidate	6d671b114e1c0ccf69cdb1c4eefa26c0c6df2e22ce8b0983ef4805183aac5496	149	PF30864.1	TRIR	Telomerase RNA component interacting RNase	114	43	114	0.631578947368421	76	149	34	149	0.4966442953020134	129.58450317382812	129.31900024414062	3.3639972233868004e-39	4.066785972209075e-39	1.701584088790408e-41	27.0	27.0	1
peptide_6de3b695e6fb7625fb0b645afd1d9dbcedf1ea280f2faf93d7ebafbd589a09ef	conditional_candidate	6de3b695e6fb7625fb0b645afd1d9dbcedf1ea280f2faf93d7ebafbd589a09ef	298	PF02225.28	PA	PA domain	95	9	93	0.8947368421052632	72	149	63	151	0.26174496644295303	39.55693054199219	38.65030288696289	1.7397968243119865e-11	3.3368766342751666e-11	1.3961826921653416e-13	23.899999618530273	23.899999618530273	1
peptide_6de3b695e6fb7625fb0b645afd1d9dbcedf1ea280f2faf93d7ebafbd589a09ef	conditional_candidate	6de3b695e6fb7625fb0b645afd1d9dbcedf1ea280f2faf93d7ebafbd589a09ef	298	PF00227.32	Proteasome	Proteasome subunit	189	80	189	0.582010582010582	152	260	143	260	0.36577181208053694	85.96917724609375	84.92945098876953	9.898432301221965e-26	2.0624619930601594e-25	5.465380455807953e-27	22.399999618530273	22.399999618530273	1
peptide_6dfa9c12b06b15953a4aa17cdbb7f8f8e591a481218f1747a1efd01ed1dd0797	conditional_candidate	6dfa9c12b06b15953a4aa17cdbb7f8f8e591a481218f1747a1efd01ed1dd0797	220	PF00168.37	C2	C2 domain	104	6	61	0.5384615384615384	46	108	42	125	0.2863636363636364	24.533885955810547	23.512832641601562	9.255551028510777e-07	1.9238832015836314e-06	1.341620084786354e-08	22.0	9.600000381469727	1
peptide_6f9c6c95e73d37c0af4cb615693fd91bd7be5767a64ec7f7327d3527f4ed7dac	conditional_candidate	6f9c6c95e73d37c0af4cb615693fd91bd7be5767a64ec7f7327d3527f4ed7dac	263	PF08659.17	KR	KR domain	180	26	161	0.7555555555555555	25	161	11	174	0.5209125475285171	39.09861373901367	38.604248046875	2.7826297859247598e-11	3.9462457925312986e-11	9.356510247284807e-13	22.600000381469727	22.600000381469727	1
peptide_6f9c6c95e73d37c0af4cb615693fd91bd7be5767a64ec7f7327d3527f4ed7dac	conditional_candidate	6f9c6c95e73d37c0af4cb615693fd91bd7be5767a64ec7f7327d3527f4ed7dac	263	PF00106.32	adh_short	short chain dehydrogenase	195	25	189	0.8461538461538461	25	190	18	194	0.6311787072243346	102.40975189208984	102.00375366210938	8.281296816529826e-31	1.1028693174812554e-30	2.4610751854532894e-32	26.600000381469727	25.0	1
peptide_6f9c6c95e73d37c0af4cb615693fd91bd7be5767a64ec7f7327d3527f4ed7dac	conditional_candidate	6f9c6c95e73d37c0af4cb615693fd91bd7be5767a64ec7f7327d3527f4ed7dac	263	PF13561.13	adh_short_C2	Enoyl-(Acyl carrier protein) reductase	236	21	215	0.826271186440678	25	223	20	229	0.7566539923954373	82.71896362304688	82.3302230834961	1.1129567180210746e-24	1.4630089994110712e-24	3.2647341688392106e-26	27.0	27.0	1
peptide_6fb675ee937bd6012483d68e055c6066fe96784a8fb6fbac7c2a40238065d2e1	conditional_candidate	6fb675ee937bd6012483d68e055c6066fe96784a8fb6fbac7c2a40238065d2e1	236	PF00227.32	Proteasome	Proteasome subunit	189	2	116	0.6084656084656085	34	144	33	147	0.4703389830508475	93.92678833007812	93.55669403076172	3.5930296361031233e-28	4.666011016055943e-28	1.2364603808237504e-29	22.399999618530273	22.399999618530273	1
peptide_70b1ed4ba81a68375cfb42e68d1af3b9cf1105b34faaa49a883b93a8bfa81b6c	conditional_candidate	70b1ed4ba81a68375cfb42e68d1af3b9cf1105b34faaa49a883b93a8bfa81b6c	154	PF00071.29	Ras	Ras family	162	1	34	0.20987654320987653	5	37	5	55	0.21428571428571427	39.17171096801758	38.365509033203125	2.006680052748018e-11	3.551812557405218e-11	1.139354097912413e-12	21.600000381469727	21.600000381469727	1
peptide_70b1ed4ba81a68375cfb42e68d1af3b9cf1105b34faaa49a883b93a8bfa81b6c	conditional_candidate	70b1ed4ba81a68375cfb42e68d1af3b9cf1105b34faaa49a883b93a8bfa81b6c	154	PF03134.25	TB2_DP1_HVA22	TB2/DP1, HVA22 family	77	6	77	0.935064935064935	37	109	34	109	0.474025974025974	105.34359741210938	104.67625427246094	4.4435914782941985e-32	7.178011443784884e-32	4.004469424705653e-34	27.200000762939453	27.200000762939453	1
peptide_7153a9988f10e3f16ef9401be9c3ebf0e792e0075a0738bde80362e44019b419	conditional_candidate	7153a9988f10e3f16ef9401be9c3ebf0e792e0075a0738bde80362e44019b419	304	PF13520.13	AA_permease_2	Amino acid permease	427	1	128	0.2997658079625293	39	170	39	172	0.4342105263157895	75.60797119140625	75.60797119140625	1.3666163100882603e-22	1.3666163100882603e-22	5.718059874846277e-25	27.0	27.0	1
peptide_7153a9988f10e3f16ef9401be9c3ebf0e792e0075a0738bde80362e44019b419	conditional_candidate	7153a9988f10e3f16ef9401be9c3ebf0e792e0075a0738bde80362e44019b419	304	PF00324.28	AA_permease	Amino acid permease	470	5	100	0.20425531914893616	47	145	44	171	0.3256578947368421	36.53147506713867	36.153472900390625	8.652744941451028e-11	1.1266690593696552e-10	4.714096482718223e-13	24.600000381469727	24.600000381469727	1
peptide_7153a9988f10e3f16ef9401be9c3ebf0e792e0075a0738bde80362e44019b419	conditional_candidate	7153a9988f10e3f16ef9401be9c3ebf0e792e0075a0738bde80362e44019b419	304	PF01227.28	GTP_cyclohydroI	GTP cyclohydrolase I	179	48	179	0.7374301675977654	172	303	164	303	0.4342105263157895	211.32997131347656	210.76907348632812	2.6982831019504575e-64	4.0110034281269e-64	1.6782441121869874e-66	27.0	27.0	1
peptide_7196f2379ef2afc723703c0e03e303f38d67b600b730adca2d6532708a2d7bf4	conditional_candidate	7196f2379ef2afc723703c0e03e303f38d67b600b730adca2d6532708a2d7bf4	177	PF00258.31	Flavodoxin_1	Flavodoxin	143	1	101	0.7062937062937062	8	104	8	115	0.5480225988700564	92.04804229736328	91.59082794189453	1.4111060336488176e-27	1.9524637505306135e-27	2.995411611692712e-29	25.0	25.0	1
peptide_7428656ab9a4b6ef9d586205d7c1cbe8f13a8506c7ed86d4096b333215f00b20	conditional_candidate	7428656ab9a4b6ef9d586205d7c1cbe8f13a8506c7ed86d4096b333215f00b20	228	PF00258.31	Flavodoxin_1	Flavodoxin	143	43	101	0.4125874125874126	99	155	92	166	0.25	78.82611083984375	54.8315315246582	1.6894139962836172e-23	4.2523716085438596e-16	6.523861603065893e-18	25.0	25.0	2
peptide_74500f70e6a9f3f7e33db93e70c8610c8c7af7704f8522687bc26abc4cd3eb18	conditional_candidate	74500f70e6a9f3f7e33db93e70c8610c8c7af7704f8522687bc26abc4cd3eb18	234	PF00129.24	MHC_I	Class I Histocompatibility antigen, domains alpha 1 and 2	179	1	179	1.0	22	200	22	200	0.7649572649572649	317.5805358886719	317.3612976074219	7.238578506869976e-97	8.451788572136951e-97	8.251397490231333e-99	28.299999237060547	28.299999237060547	1
peptide_793796e4e1c34f48ece748d9bbdd33f9d79b459a7bcd1d2d5639d6ca7121a914	conditional_candidate	793796e4e1c34f48ece748d9bbdd33f9d79b459a7bcd1d2d5639d6ca7121a914	675	PF08718.17	GLTP	Glycolipid transfer protein (GLTP)	147	1	57	0.3877551020408163	18	75	18	80	0.08592592592592592	85.03588104248047	52.50014877319336	2.225212483226974e-25	2.377946615583235e-15	3.9798269716874226e-17	25.600000381469727	25.600000381469727	1
peptide_793796e4e1c34f48ece748d9bbdd33f9d79b459a7bcd1d2d5639d6ca7121a914	conditional_candidate	793796e4e1c34f48ece748d9bbdd33f9d79b459a7bcd1d2d5639d6ca7121a914	675	PF08718.17	GLTP	Glycolipid transfer protein (GLTP)	147	87	142	0.38095238095238093	74	132	72	136	0.0874074074074074	85.03588104248047	31.60686683654785	2.225212483226974e-25	6.551759080868186e-09	1.0965287164632946e-10	25.600000381469727	25.600000381469727	2
peptide_793796e4e1c34f48ece748d9bbdd33f9d79b459a7bcd1d2d5639d6ca7121a914	conditional_candidate	793796e4e1c34f48ece748d9bbdd33f9d79b459a7bcd1d2d5639d6ca7121a914	675	PF12796.14	Ank_2	Ankyrin repeats (3 copies)	90	7	83	0.8555555555555555	108	184	102	191	0.11407407407407408	45.34152603149414	44.34027099609375	3.757727660919013e-13	7.7146882316019e-13	1.936741815464912e-14	27.299999237060547	27.299999237060547	1
peptide_793796e4e1c34f48ece748d9bbdd33f9d79b459a7bcd1d2d5639d6ca7121a914	conditional_candidate	793796e4e1c34f48ece748d9bbdd33f9d79b459a7bcd1d2d5639d6ca7121a914	675	PF13606.13	Ank_3	Ankyrin repeat	31	2	29	0.9032258064516129	128	154	127	156	0.04	33.117706298828125	18.560222625732422	1.2977000824117866e-09	7.426473622339194e-05	1.8643866834324336e-06	22.299999237060547	17.200000762939453	1
peptide_793796e4e1c34f48ece748d9bbdd33f9d79b459a7bcd1d2d5639d6ca7121a914	conditional_candidate	793796e4e1c34f48ece748d9bbdd33f9d79b459a7bcd1d2d5639d6ca7121a914	675	PF00023.37	Ank	Ankyrin repeat	33	2	31	0.9090909090909091	128	157	127	159	0.044444444444444446	41.327091217041016	26.582887649536133	3.864441672441668e-12	1.9233328259156137e-07	4.828450608993172e-09	21.100000381469727	14.699999809265137	1
peptide_793796e4e1c34f48ece748d9bbdd33f9d79b459a7bcd1d2d5639d6ca7121a914	conditional_candidate	793796e4e1c34f48ece748d9bbdd33f9d79b459a7bcd1d2d5639d6ca7121a914	675	PF13637.13	Ank_4	Ankyrin repeats (many copies)	50	1	47	0.94	132	178	131	181	0.06962962962962962	37.95290756225586	36.230735778808594	5.604271848316956e-11	1.954003338222477e-10	4.905447711018771e-12	22.700000762939453	22.700000762939453	1
peptide_793796e4e1c34f48ece748d9bbdd33f9d79b459a7bcd1d2d5639d6ca7121a914	conditional_candidate	793796e4e1c34f48ece748d9bbdd33f9d79b459a7bcd1d2d5639d6ca7121a914	675	PF11904.14	ANKRD13_C	ANKRD13 C-terminal	332	1	332	1.0	243	555	243	555	0.46370370370370373	316.6180114746094	316.1915588378906	8.585516400200516e-96	1.1574477407521337e-95	8.071462627281268e-98	25.0	25.0	1
peptide_7b0d5d3c3a31c1168531049ad5eb4bf68c7070067b6a2cd48ed4f7d87f40e85a	conditional_candidate	7b0d5d3c3a31c1168531049ad5eb4bf68c7070067b6a2cd48ed4f7d87f40e85a	1669	PF00520.38	Ion_trans	Ion transport protein	243	2	242	0.9917695473251029	126	416	125	417	0.1743559017375674	902.7908935546875	246.51417541503906	3.094635973803688e-275	8.165320065094903e-75	2.3915163370570847e-76	25.0	25.0	1
peptide_7b0d5d3c3a31c1168531049ad5eb4bf68c7070067b6a2cd48ed4f7d87f40e85a	conditional_candidate	7b0d5d3c3a31c1168531049ad5eb4bf68c7070067b6a2cd48ed4f7d87f40e85a	1669	PF00520.38	Ion_trans	Ion transport protein	243	3	239	0.9753086419753086	524	759	522	762	0.14140203714799282	902.7908935546875	219.8004150390625	3.094635973803688e-275	1.1752489681640683e-66	3.442151789601874e-68	25.0	25.0	2
peptide_7b0d5d3c3a31c1168531049ad5eb4bf68c7070067b6a2cd48ed4f7d87f40e85a	conditional_candidate	7b0d5d3c3a31c1168531049ad5eb4bf68c7070067b6a2cd48ed4f7d87f40e85a	1669	PF00520.38	Ion_trans	Ion transport protein	243	1	242	0.9958847736625515	885	1162	885	1163	0.1665668064709407	902.7908935546875	217.21044921875	3.094635973803688e-275	7.262456644496949e-66	2.1270793519447133e-67	25.0	25.0	3
peptide_7b0d5d3c3a31c1168531049ad5eb4bf68c7070067b6a2cd48ed4f7d87f40e85a	conditional_candidate	7b0d5d3c3a31c1168531049ad5eb4bf68c7070067b6a2cd48ed4f7d87f40e85a	1669	PF00520.38	Ion_trans	Ion transport protein	243	2	242	0.9917695473251029	1205	1459	1204	1460	0.15278609946075494	902.7908935546875	238.2955322265625	3.094635973803688e-275	2.641662848228355e-72	7.737087839999365e-74	25.0	25.0	4
peptide_7b0d5d3c3a31c1168531049ad5eb4bf68c7070067b6a2cd48ed4f7d87f40e85a	conditional_candidate	7b0d5d3c3a31c1168531049ad5eb4bf68c7070067b6a2cd48ed4f7d87f40e85a	1669	PF08016.19	PKD_channel	Polycystin cation channel	225	93	223	0.5822222222222222	1293	1453	1284	1455	0.09646494907130018	54.01734161376953	32.14106369018555	5.751690542591629e-16	2.8068944182311105e-09	8.22102967682752e-11	22.399999618530273	22.399999618530273	10
peptide_7b0d5d3c3a31c1168531049ad5eb4bf68c7070067b6a2cd48ed4f7d87f40e85a	conditional_candidate	7b0d5d3c3a31c1168531049ad5eb4bf68c7070067b6a2cd48ed4f7d87f40e85a	1669	PF16905.11	GPHH	Voltage-dependent L-type calcium channel, IQ-associated	54	1	54	1.0	1469	1522	1469	1522	0.03235470341521869	101.28317260742188	99.61289978027344	7.629230271788682e-31	2.5357217929100324e-30	7.426800230280429e-32	26.799999237060547	26.799999237060547	1
peptide_7b0d5d3c3a31c1168531049ad5eb4bf68c7070067b6a2cd48ed4f7d87f40e85a	conditional_candidate	7b0d5d3c3a31c1168531049ad5eb4bf68c7070067b6a2cd48ed4f7d87f40e85a	1669	PF08763.18	Ca_chan_IQ	Voltage gated calcium channel IQ domain	77	1	77	1.0	1532	1606	1532	1606	0.04493708807669263	105.91654968261719	104.56200408935547	3.856050712776166e-32	1.0206589302540028e-31	2.9893776199908035e-33	26.700000762939453	26.700000762939453	1
peptide_7bcda12bdf29e3d6d0ef460640d8a4e51aff91f6bdd3153d1c314603883f3620	conditional_candidate	7bcda12bdf29e3d6d0ef460640d8a4e51aff91f6bdd3153d1c314603883f3620	303	PF02825.27	WWE	WWE domain	67	1	67	1.0	20	97	20	97	0.25742574257425743	119.2603988647461	56.92498016357422	2.7125417795385095e-36	7.805625044459766e-17	6.531903802895202e-19	21.100000381469727	21.100000381469727	1
peptide_7bcda12bdf29e3d6d0ef460640d8a4e51aff91f6bdd3153d1c314603883f3620	conditional_candidate	7bcda12bdf29e3d6d0ef460640d8a4e51aff91f6bdd3153d1c314603883f3620	303	PF02825.27	WWE	WWE domain	67	1	67	1.0	110	174	110	174	0.2145214521452145	119.2603988647461	60.245330810546875	2.7125417795385095e-36	7.176378741863634e-18	6.005337859300112e-20	21.100000381469727	21.100000381469727	2
peptide_7df335ea49a94c8f5c9e1f78714ff1b12179161c2dcda1c47dc2059434ec5453	conditional_candidate	7df335ea49a94c8f5c9e1f78714ff1b12179161c2dcda1c47dc2059434ec5453	408	PF00735.25	Septin	Septin	280	1	127	0.45357142857142857	47	172	47	205	0.3088235294117647	181.00584411621094	180.5637664794922	1.1097634901622098e-54	1.513498011292041e-54	1.2665255324619591e-56	26.200000762939453	26.200000762939453	1
peptide_7df335ea49a94c8f5c9e1f78714ff1b12179161c2dcda1c47dc2059434ec5453	conditional_candidate	7df335ea49a94c8f5c9e1f78714ff1b12179161c2dcda1c47dc2059434ec5453	408	PF01926.30	MMR_HSR1	50S ribosome-binding GTPase	113	2	57	0.49557522123893805	53	121	52	166	0.16911764705882354	25.348459243774414	24.586227416992188	4.883076976428765e-07	8.419755090028913e-07	1.526594367787669e-08	21.899999618530273	21.899999618530273	1
peptide_7df335ea49a94c8f5c9e1f78714ff1b12179161c2dcda1c47dc2059434ec5453	conditional_candidate	7df335ea49a94c8f5c9e1f78714ff1b12179161c2dcda1c47dc2059434ec5453	408	PF07851.19	TMEM120A-B	TMEM120A/B	324	90	323	0.7222222222222222	167	400	137	401	0.5735294117647058	432.8742370605469	432.529296875	3.0406559209600467e-131	3.871993088353237e-131	2.160107720141276e-133	29.799999237060547	29.799999237060547	1
peptide_83e70cbd623cb2f7b5d79b5782f40681b07246f0010b053184a440fd9cafd420	conditional_candidate	83e70cbd623cb2f7b5d79b5782f40681b07246f0010b053184a440fd9cafd420	186	PF07686.24	V-set	Immunoglobulin V-set domain	109	59	108	0.45871559633027525	34	86	12	87	0.2849462365591398	29.231103897094727	28.58420753479004	3.180499021750286e-08	5.0526776342622995e-08	1.0570455301803975e-09	26.0	26.0	1
peptide_8ed300036e2828567d72b2c567b47b1fa8d40ab9f289820204bdeaf3a18588ec	conditional_candidate	8ed300036e2828567d72b2c567b47b1fa8d40ab9f289820204bdeaf3a18588ec	576	PF00153.33	Mito_carr	Mitochondrial carrier protein	96	6	95	0.9375	330	423	326	424	0.16319444444444445	152.5959014892578	88.6255111694336	7.162282186370944e-47	6.477524135647017e-27	2.7102611446221826e-29	22.299999237060547	22.299999237060547	2
peptide_8ed300036e2828567d72b2c567b47b1fa8d40ab9f289820204bdeaf3a18588ec	conditional_candidate	8ed300036e2828567d72b2c567b47b1fa8d40ab9f289820204bdeaf3a18588ec	576	PF00153.33	Mito_carr	Mitochondrial carrier protein	96	3	94	0.9583333333333334	427	514	425	516	0.1527777777777778	152.5959014892578	60.89125442504883	7.162282186370944e-47	2.9070655274369197e-18	1.2163454089694224e-20	22.299999237060547	22.299999237060547	3
peptide_8ed300036e2828567d72b2c567b47b1fa8d40ab9f289820204bdeaf3a18588ec	conditional_candidate	8ed300036e2828567d72b2c567b47b1fa8d40ab9f289820204bdeaf3a18588ec	576	PF05160.19	DSS1_SEM1	DSS1/SEM1 family	60	22	60	0.65	532	568	529	568	0.0642361111111111	44.377952575683594	44.377952575683594	5.288066391239424e-13	5.288066391239424e-13	2.2125800800164952e-15	32.20000076293945	32.20000076293945	2
peptide_8f6c0816b17ee55076c61cdf4c826cc1643979392efca5fb4467a8a9f9ace991	conditional_candidate	8f6c0816b17ee55076c61cdf4c826cc1643979392efca5fb4467a8a9f9ace991	1684	PF00520.38	Ion_trans	Ion transport protein	243	2	242	0.9917695473251029	126	416	125	417	0.17280285035629453	905.906005859375	249.18414306640625	3.461629610438878e-276	1.2490725251017683e-75	3.658371412431958e-77	25.0	25.0	1
peptide_8f6c0816b17ee55076c61cdf4c826cc1643979392efca5fb4467a8a9f9ace991	conditional_candidate	8f6c0816b17ee55076c61cdf4c826cc1643979392efca5fb4467a8a9f9ace991	1684	PF00520.38	Ion_trans	Ion transport protein	243	3	239	0.9753086419753086	524	759	522	762	0.14014251781472684	905.906005859375	219.78237915039062	3.461629610438878e-276	1.1902491679322327e-66	3.486085429090221e-68	25.0	25.0	2
peptide_8f6c0816b17ee55076c61cdf4c826cc1643979392efca5fb4467a8a9f9ace991	conditional_candidate	8f6c0816b17ee55076c61cdf4c826cc1643979392efca5fb4467a8a9f9ace991	1684	PF00520.38	Ion_trans	Ion transport protein	243	1	242	0.9958847736625515	885	1162	885	1163	0.16508313539192399	905.906005859375	217.19113159179688	3.461629610438878e-276	7.36178267753948e-66	2.1561706586935715e-67	25.0	25.0	3
peptide_8f6c0816b17ee55076c61cdf4c826cc1643979392efca5fb4467a8a9f9ace991	conditional_candidate	8f6c0816b17ee55076c61cdf4c826cc1643979392efca5fb4467a8a9f9ace991	1684	PF00520.38	Ion_trans	Ion transport protein	243	2	242	0.9917695473251029	1205	1474	1204	1475	0.16033254156769597	905.906005859375	238.7742156982422	3.461629610438878e-276	1.8866507015883036e-72	5.5257551929364545e-74	25.0	25.0	4
peptide_8f6c0816b17ee55076c61cdf4c826cc1643979392efca5fb4467a8a9f9ace991	conditional_candidate	8f6c0816b17ee55076c61cdf4c826cc1643979392efca5fb4467a8a9f9ace991	1684	PF08016.19	PKD_channel	Polycystin cation channel	225	6	223	0.9688888888888889	1230	1468	1225	1470	0.14192399049881235	54.5322380065918	37.34992599487305	4.002871251051793e-16	7.172555348804445e-11	2.1007484285201303e-12	22.399999618530273	22.399999618530273	9
peptide_8f6c0816b17ee55076c61cdf4c826cc1643979392efca5fb4467a8a9f9ace991	conditional_candidate	8f6c0816b17ee55076c61cdf4c826cc1643979392efca5fb4467a8a9f9ace991	1684	PF16905.11	GPHH	Voltage-dependent L-type calcium channel, IQ-associated	54	1	54	1.0	1484	1537	1484	1537	0.032066508313539195	101.27498626708984	99.59879302978516	7.674273827926015e-31	2.5615751197641206e-30	7.502521271275666e-32	26.799999237060547	26.799999237060547	1
peptide_8f6c0816b17ee55076c61cdf4c826cc1643979392efca5fb4467a8a9f9ace991	conditional_candidate	8f6c0816b17ee55076c61cdf4c826cc1643979392efca5fb4467a8a9f9ace991	1684	PF08763.18	Ca_chan_IQ	Voltage gated calcium channel IQ domain	77	1	77	1.0	1547	1621	1547	1621	0.04453681710213777	105.8893814086914	104.54744720458984	3.9320736039894993e-32	1.0313917993057182e-31	3.020812801313819e-33	26.700000762939453	26.700000762939453	1
peptide_91b6c2354036f74992cb5f2520a3614bb2b0ecc3feab662dbb7e791accc4b3b7	conditional_candidate	91b6c2354036f74992cb5f2520a3614bb2b0ecc3feab662dbb7e791accc4b3b7	213	PF00777.24	Glyco_transf_29	Glycosyltransferase family 29 (sialyltransferase)	271	6	85	0.2952029520295203	101	170	95	176	0.3286384976525822	63.77006530761719	63.119178771972656	6.398145030221068e-19	1.0105042934823686e-18	5.637401916219629e-21	23.0	23.0	1
peptide_91b6c2354036f74992cb5f2520a3614bb2b0ecc3feab662dbb7e791accc4b3b7	conditional_candidate	91b6c2354036f74992cb5f2520a3614bb2b0ecc3feab662dbb7e791accc4b3b7	213	PF06679.18	DUF1180	Membrane protein FAM174-like	167	120	167	0.2874251497005988	166	213	165	213	0.22535211267605634	97.60276794433594	96.91114807128906	4.092432598810206e-29	6.676856889505282e-29	2.793663970504302e-31	27.700000762939453	27.700000762939453	1
peptide_93da00c13b107cc869cc2d289cf4367dc03321113f2a152598e850d7d560bc26	conditional_candidate	93da00c13b107cc869cc2d289cf4367dc03321113f2a152598e850d7d560bc26	166	PF13911.13	AhpC-TSA_2	AhpC/TSA antioxidant enzyme	114	1	78	0.6842105263157895	58	134	58	151	0.463855421686747	54.199134826660156	53.770748138427734	6.711594321176282e-16	9.115210544829475e-16	5.085194167268884e-18	27.0	27.0	1
peptide_941a6aaa0baa0c154a997e323bb1854d5a7c68dff56aa42048153300cd054f46	conditional_candidate	941a6aaa0baa0c154a997e323bb1854d5a7c68dff56aa42048153300cd054f46	619	PF00227.32	Proteasome	Proteasome subunit	189	2	116	0.6084656084656085	34	144	33	147	0.17932148626817448	91.70272827148438	90.9003677368164	1.7275953858687266e-27	3.04422138054052e-27	8.066974369633176e-29	22.399999618530273	22.399999618530273	1
peptide_941a6aaa0baa0c154a997e323bb1854d5a7c68dff56aa42048153300cd054f46	conditional_candidate	941a6aaa0baa0c154a997e323bb1854d5a7c68dff56aa42048153300cd054f46	619	PF01233.26	NMT	Myristoyl-CoA:protein N-myristoyltransferase, N-terminal domain	160	7	160	0.9625	264	417	260	417	0.24878836833602586	253.1409149169922	252.47682189941406	3.650348231134704e-77	5.843165687680146e-77	4.88967839973234e-79	25.0	25.0	1
peptide_941a6aaa0baa0c154a997e323bb1854d5a7c68dff56aa42048153300cd054f46	conditional_candidate	941a6aaa0baa0c154a997e323bb1854d5a7c68dff56aa42048153300cd054f46	619	PF02799.22	NMT_C	Myristoyl-CoA:protein N-myristoyltransferase, C-terminal domain	204	1	193	0.946078431372549	431	612	431	617	0.2940226171243942	273.229248046875	272.53192138671875	4.661638101159266e-83	7.62225947578068e-83	6.378459812368769e-85	27.899999618530273	27.899999618530273	1
peptide_943a44d804f94e54bf2d98cb10a55b9c7b86d0d2e468bb94b83b42c794cd9ccf	conditional_candidate	943a44d804f94e54bf2d98cb10a55b9c7b86d0d2e468bb94b83b42c794cd9ccf	846	PF16660.11	PHD20L1_u1	PHD finger protein 20-like protein 1	99	1	99	1.0	151	246	151	246	0.11347517730496454	144.52635192871094	144.52635192871094	5.150006584209075e-44	5.150006584209075e-44	7.182714901267889e-46	27.0	27.0	2
peptide_943a44d804f94e54bf2d98cb10a55b9c7b86d0d2e468bb94b83b42c794cd9ccf	conditional_candidate	943a44d804f94e54bf2d98cb10a55b9c7b86d0d2e468bb94b83b42c794cd9ccf	846	PF20826.3	PHD_5	PhD finger domain	56	1	56	1.0	506	561	506	561	0.06619385342789598	133.71424865722656	132.69287109375	6.526158699976213e-41	1.3603010388209355e-40	1.1383272291388581e-42	27.0	27.0	1
peptide_94aa7d8429095a2d18c299c1632f8bb7095fbd800ffddb34c2611bcfc8fdeac7	conditional_candidate	94aa7d8429095a2d18c299c1632f8bb7095fbd800ffddb34c2611bcfc8fdeac7	168	PF10036.15	RLL	RNA transcription, translation and transport factor protein	253	1	62	0.2450592885375494	2	63	2	92	0.36904761904761907	84.81033325195312	84.61296844482422	3.311209185797341e-25	3.803871837976324e-25	2.122104233180655e-27	24.600000381469727	24.600000381469727	1
peptide_94aa7d8429095a2d18c299c1632f8bb7095fbd800ffddb34c2611bcfc8fdeac7	conditional_candidate	94aa7d8429095a2d18c299c1632f8bb7095fbd800ffddb34c2611bcfc8fdeac7	168	PF00227.32	Proteasome	Proteasome subunit	189	100	189	0.47619047619047616	62	150	59	150	0.5297619047619048	67.49723815917969	67.05477142333984	4.568399857240546e-20	6.243688184909916e-20	1.6545338286372161e-21	22.399999618530273	22.399999618530273	1
peptide_953ba92bc1f4c477e39df8169492d7ef48e7bbc46569bb4073b795e64edbb4ee	conditional_candidate	953ba92bc1f4c477e39df8169492d7ef48e7bbc46569bb4073b795e64edbb4ee	403	PF15250.12	Raftlin	Raftlin	459	1	148	0.3224400871459695	1	148	1	156	0.36724565756823824	264.49652099609375	264.09326171875	6.07468558558678e-80	8.050922541894017e-80	4.4914491168167457e-82	29.399999618530273	29.399999618530273	1
peptide_97d9bcc0b34c7caa43656e7e2bf23f1b94c25ff9edfee400a71f5b9bed81655c	conditional_candidate	97d9bcc0b34c7caa43656e7e2bf23f1b94c25ff9edfee400a71f5b9bed81655c	373	PF08773.17	CathepsinC_exc	Cathepsin C exclusion domain	121	85	121	0.30578512396694213	16	52	10	52	0.09919571045576407	41.17413330078125	40.295082092285156	6.96946253235069e-12	1.3047666272045704e-11	5.459274590814102e-14	27.0	27.0	1
peptide_97d9bcc0b34c7caa43656e7e2bf23f1b94c25ff9edfee400a71f5b9bed81655c	conditional_candidate	97d9bcc0b34c7caa43656e7e2bf23f1b94c25ff9edfee400a71f5b9bed81655c	373	PF00112.30	Peptidase_C1	Papain family cysteine protease	220	1	219	0.9954545454545455	141	367	141	368	0.6085790884718498	206.5315399169922	205.96202087402344	2.0395311733080925e-62	3.045905010464187e-62	1.2744372428720448e-64	20.700000762939453	20.700000762939453	1
peptide_995610c8b20c13f099e69762a68583e23fac1924d42e96a1468586f9b62a1509	conditional_candidate	995610c8b20c13f099e69762a68583e23fac1924d42e96a1468586f9b62a1509	223	PF00106.32	adh_short	short chain dehydrogenase	195	115	189	0.38461538461538464	75	150	73	154	0.34080717488789236	53.14909362792969	35.76170349121094	1.0350055226865775e-15	2.2061322742995053e-10	4.923028785047711e-12	26.600000381469727	25.0	2
peptide_998ad695623bf53e5df81e435ea3b908f303040afcdd165c52d53905a3ae1120	conditional_candidate	998ad695623bf53e5df81e435ea3b908f303040afcdd165c52d53905a3ae1120	745	PF10421.15	OAS1_C	2'-5'-oligoadenylate synthetase 1, domain 2, C-terminus	188	56	186	0.6968085106382979	597	726	591	728	0.174496644295302	192.8529510498047	192.2772674560547	1.5844384806570659e-58	2.379108925234632e-58	2.654514839871277e-60	19.899999618530273	19.899999618530273	1
peptide_9a99577ea77e93a51bb896132001fac6caa242ee517a62995ddef9d39a72f54a	conditional_candidate	9a99577ea77e93a51bb896132001fac6caa242ee517a62995ddef9d39a72f54a	711	PF26141.1	PMEL_NMB_N	PMEL/NMB N-terminal domain	173	1	173	1.0	52	233	52	233	0.2559774964838256	223.4643096923828	222.74420166015625	6.443154970759428e-68	1.0722337146416102e-67	1.4954445113551047e-69	27.0	27.0	1
peptide_9a99577ea77e93a51bb896132001fac6caa242ee517a62995ddef9d39a72f54a	conditional_candidate	9a99577ea77e93a51bb896132001fac6caa242ee517a62995ddef9d39a72f54a	711	PF00801.27	PKD	PKD domain	80	26	68	0.5375	275	318	252	321	0.06188466947960619	34.21553039550781	27.85273551940918	7.348889334585621e-10	7.109477593975941e-08	9.915589391877184e-10	23.5	23.5	1
peptide_9a99577ea77e93a51bb896132001fac6caa242ee517a62995ddef9d39a72f54a	conditional_candidate	9a99577ea77e93a51bb896132001fac6caa242ee517a62995ddef9d39a72f54a	711	PF18911.7	PKD_4	PKD domain	85	33	70	0.4470588235294118	277	317	257	319	0.057665260196905765	36.3591194152832	29.20870018005371	1.6466821600480082e-10	2.8041403298101333e-08	3.9109349090796837e-10	27.0	27.0	1
peptide_9a99577ea77e93a51bb896132001fac6caa242ee517a62995ddef9d39a72f54a	conditional_candidate	9a99577ea77e93a51bb896132001fac6caa242ee517a62995ddef9d39a72f54a	711	PF20433.4	PKAT_KLD	PKAT, KLD domain	51	1	51	1.0	419	469	419	469	0.07172995780590717	81.3290023803711	80.41381072998047	1.66890185402661e-24	3.2230133822163826e-24	4.49513721369091e-26	27.700000762939453	27.700000762939453	1
peptide_9a99577ea77e93a51bb896132001fac6caa242ee517a62995ddef9d39a72f54a	conditional_candidate	9a99577ea77e93a51bb896132001fac6caa242ee517a62995ddef9d39a72f54a	711	PF00025.28	Arf	ADP-ribosylation factor family	174	2	173	0.9885057471264368	536	706	535	707	0.24050632911392406	265.7315368652344	265.0935974121094	5.0148834014284395e-81	7.873858394584462e-81	1.976700852196936e-82	22.299999237060547	22.299999237060547	1
peptide_9a99577ea77e93a51bb896132001fac6caa242ee517a62995ddef9d39a72f54a	conditional_candidate	9a99577ea77e93a51bb896132001fac6caa242ee517a62995ddef9d39a72f54a	711	PF09439.17	SRPRB	Signal recognition particle receptor beta subunit	178	2	134	0.7471910112359551	546	673	545	681	0.180028129395218	48.94256591796875	48.32600402832031	1.7985630112623237e-14	2.78100106976262e-14	7.757325159728368e-17	25.0	25.0	1
peptide_9a99577ea77e93a51bb896132001fac6caa242ee517a62995ddef9d39a72f54a	conditional_candidate	9a99577ea77e93a51bb896132001fac6caa242ee517a62995ddef9d39a72f54a	711	PF08477.20	Roc	Ras of Complex, Roc, domain of DAPkinase	119	1	119	1.0	549	659	549	659	0.15611814345991562	50.29806900024414	49.44745635986328	9.989169326507834e-15	1.8330350343845472e-14	5.1130684362191e-16	27.0	27.0	1
peptide_9a99577ea77e93a51bb896132001fac6caa242ee517a62995ddef9d39a72f54a	conditional_candidate	9a99577ea77e93a51bb896132001fac6caa242ee517a62995ddef9d39a72f54a	711	PF04670.19	Gtr1_RagA	Gtr1/RagA G protein conserved region	232	1	133	0.5732758620689655	549	670	549	685	0.17158931082981715	39.12418746948242	38.45658493041992	2.0716729467958606e-11	3.31388652693276e-11	1.8487512005203684e-13	22.0	22.0	1
peptide_9a99577ea77e93a51bb896132001fac6caa242ee517a62995ddef9d39a72f54a	conditional_candidate	9a99577ea77e93a51bb896132001fac6caa242ee517a62995ddef9d39a72f54a	711	PF00071.29	Ras	Ras family	162	1	146	0.9012345679012346	549	693	549	709	0.2039381153305204	41.83816909790039	41.130001068115234	3.036182723912203e-12	5.013563302856467e-12	1.6082560106792013e-13	21.600000381469727	21.600000381469727	1
peptide_a2af17ae967680398fa5c75808451b0172e3946c43756c9174369641d75165ca	conditional_candidate	a2af17ae967680398fa5c75808451b0172e3946c43756c9174369641d75165ca	752	PF01433.27	Peptidase_M1	Peptidase family M1 domain	218	21	218	0.908256880733945	436	653	424	653	0.2898936170212766	71.90709686279297	70.74071502685547	2.1681016189799088e-21	4.93015143598385e-21	5.500866316299973e-23	27.700000762939453	27.700000762939453	1
peptide_a70d2373112bb0cf390a66c6914c839458bd0e2056b6d6e8cf928657ca6fe52a	conditional_candidate	a70d2373112bb0cf390a66c6914c839458bd0e2056b6d6e8cf928657ca6fe52a	313	PF04201.21	TPD52	Tumour protein D52 family	108	1	108	1.0	136	266	136	266	0.4185303514376997	173.3826446533203	172.12962341308594	5.223990946837853e-53	1.280789107435071e-52	3.3940018188655995e-54	25.0	25.0	1
peptide_a770a3d08a3c20be0ee4337c7f52e7cc1544867922827d0624e6380bf3fea14c	conditional_candidate	a770a3d08a3c20be0ee4337c7f52e7cc1544867922827d0624e6380bf3fea14c	189	PF00227.32	Proteasome	Proteasome subunit	189	2	116	0.6084656084656085	34	144	33	147	0.5873015873015873	94.71879577636719	94.3828353881836	2.0540038480518434e-28	2.6038709742148365e-28	6.900076500708772e-30	22.399999618530273	22.399999618530273	1
peptide_a95d8cbc1b3c1c36209d70ae0aa0ceccfc7c47c9f4f3aa6cfe4290b5d6b39426	conditional_candidate	a95d8cbc1b3c1c36209d70ae0aa0ceccfc7c47c9f4f3aa6cfe4290b5d6b39426	940	PF01433.27	Peptidase_M1	Peptidase family M1 domain	218	21	218	0.908256880733945	435	652	423	652	0.23191489361702128	71.24139404296875	70.16482543945312	3.465047842243244e-21	7.396345549189981e-21	8.252547335218947e-23	27.700000762939453	27.700000762939453	1
peptide_a95d8cbc1b3c1c36209d70ae0aa0ceccfc7c47c9f4f3aa6cfe4290b5d6b39426	conditional_candidate	a95d8cbc1b3c1c36209d70ae0aa0ceccfc7c47c9f4f3aa6cfe4290b5d6b39426	940	PF00248.28	Aldo_ket_red	Aldo/keto reductase family	290	69	288	0.7586206896551724	707	916	680	918	0.22340425531914893	137.0714569091797	134.14474487304688	2.4779127671134373e-41	1.931111304343707e-40	2.4239890849502595e-42	24.0	24.0	1
peptide_ac4b4182244b5a4567212afe1127bbb1070da7a018d7dc75c9a8043fc6d88c8a	conditional_candidate	ac4b4182244b5a4567212afe1127bbb1070da7a018d7dc75c9a8043fc6d88c8a	275	PF05279.17	Asp-B-Hydro_N	Aspartyl beta-hydroxylase N-terminal region	66	1	66	1.0	14	79	14	79	0.24	150.09552001953125	147.63645935058594	4.669693731044099e-46	2.7349969617364612e-45	8.391901416764595e-47	23.0	23.0	1
peptide_ac4b4182244b5a4567212afe1127bbb1070da7a018d7dc75c9a8043fc6d88c8a	conditional_candidate	ac4b4182244b5a4567212afe1127bbb1070da7a018d7dc75c9a8043fc6d88c8a	275	PF08477.20	Roc	Ras of Complex, Roc, domain of DAPkinase	119	9	119	0.9327731092436975	79	185	77	185	0.3890909090909091	104.2137680053711	102.60224914550781	1.9441895196485713e-31	6.140694707170549e-31	1.7128855529067084e-32	27.0	27.0	1
peptide_ac4b4182244b5a4567212afe1127bbb1070da7a018d7dc75c9a8043fc6d88c8a	conditional_candidate	ac4b4182244b5a4567212afe1127bbb1070da7a018d7dc75c9a8043fc6d88c8a	275	PF00071.29	Ras	Ras family	162	9	161	0.9444444444444444	79	231	76	232	0.5563636363636364	204.8465118408203	204.31045532226562	2.208810372982806e-62	3.22878335482998e-62	1.0357324569189615e-63	21.600000381469727	21.600000381469727	1
peptide_ac4b4182244b5a4567212afe1127bbb1070da7a018d7dc75c9a8043fc6d88c8a	conditional_candidate	ac4b4182244b5a4567212afe1127bbb1070da7a018d7dc75c9a8043fc6d88c8a	275	PF00025.28	Arf	ADP-ribosylation factor family	174	25	168	0.8275862068965517	80	224	75	230	0.5272727272727272	45.81245040893555	45.348907470703125	1.7489375834583909e-13	2.427390505321383e-13	6.093867377375857e-15	22.299999237060547	22.299999237060547	1
peptide_b0d22e27937167cce8168e89f2f47683b4ada96ad48b9ebb22e347b9e99abcb8	conditional_candidate	b0d22e27937167cce8168e89f2f47683b4ada96ad48b9ebb22e347b9e99abcb8	141	PF20825.3	Saposin	Saposin-like domain	131	2	98	0.7404580152671756	40	136	39	140	0.6879432624113475	171.7993927001953	171.4032745361328	2.4973352979725738e-52	3.3108500175582623e-52	2.3088214906264032e-54	27.0	27.0	1
peptide_b0d22e27937167cce8168e89f2f47683b4ada96ad48b9ebb22e347b9e99abcb8	conditional_candidate	b0d22e27937167cce8168e89f2f47683b4ada96ad48b9ebb22e347b9e99abcb8	141	PF03489.23	SapB_2	Saposin-like type B, region 2	34	2	34	0.9705882352941176	81	113	80	113	0.23404255319148937	29.271718978881836	28.325586318969727	2.8087032015223467e-08	5.554667443774307e-08	1.0071224096104043e-09	21.0	21.0	1
peptide_b0f7012915787af8c78d24c3b962bedf5ff153a837d9fe4c4783341713813c3b	conditional_candidate	b0f7012915787af8c78d24c3b962bedf5ff153a837d9fe4c4783341713813c3b	235	PF00130.29	C1_1	Phorbol esters/diacylglycerol binding domain (C1 domain)	53	1	51	0.9622641509433962	35	82	35	84	0.20425531914893616	44.086181640625	42.951778411865234	5.333359563552695e-13	1.205802859833833e-12	1.0090400500701531e-14	26.5	26.5	1
peptide_b0f7012915787af8c78d24c3b962bedf5ff153a837d9fe4c4783341713813c3b	conditional_candidate	b0f7012915787af8c78d24c3b962bedf5ff153a837d9fe4c4783341713813c3b	235	PF00071.29	Ras	Ras family	162	39	161	0.7592592592592593	79	206	64	207	0.5446808510638298	108.97283172607422	108.64334106445312	6.808042496732064e-33	8.5973998183577e-33	2.75788278692088e-34	21.600000381469727	21.600000381469727	1
peptide_b0f7012915787af8c78d24c3b962bedf5ff153a837d9fe4c4783341713813c3b	conditional_candidate	b0f7012915787af8c78d24c3b962bedf5ff153a837d9fe4c4783341713813c3b	235	PF00025.28	Arf	ADP-ribosylation factor family	174	55	133	0.4540229885057471	85	164	76	197	0.3404255319148936	34.77859115600586	34.34401321411133	4.280963374771958e-10	5.821179537354335e-10	1.461383984273055e-11	22.299999237060547	22.299999237060547	1
peptide_b0f7012915787af8c78d24c3b962bedf5ff153a837d9fe4c4783341713813c3b	conditional_candidate	b0f7012915787af8c78d24c3b962bedf5ff153a837d9fe4c4783341713813c3b	235	PF08477.20	Roc	Ras of Complex, Roc, domain of DAPkinase	119	57	119	0.5294117647058824	89	157	60	157	0.2936170212765957	60.672183990478516	60.0644645690918	6.083388826707078e-18	9.386505214346892e-18	2.6182720263171244e-19	27.0	27.0	1
peptide_b47acaaa34041c15379dbe15991643dd9960fe076300fb7a0b59cf4254e923c5	conditional_candidate	b47acaaa34041c15379dbe15991643dd9960fe076300fb7a0b59cf4254e923c5	941	PF01433.27	Peptidase_M1	Peptidase family M1 domain	218	21	218	0.908256880733945	436	653	424	653	0.2316684378320935	71.30912780761719	70.16223907470703	3.303622241848224e-21	7.409831413809121e-21	8.267594325031098e-23	27.700000762939453	27.700000762939453	1
peptide_b47acaaa34041c15379dbe15991643dd9960fe076300fb7a0b59cf4254e923c5	conditional_candidate	b47acaaa34041c15379dbe15991643dd9960fe076300fb7a0b59cf4254e923c5	941	PF00248.28	Aldo_ket_red	Aldo/keto reductase family	290	69	288	0.7586206896551724	708	917	681	919	0.22316684378320936	137.07354736328125	134.14215087890625	2.4742813757423457e-41	1.9346288226205696e-40	2.4284043798584553e-42	24.0	24.0	1
peptide_b537f99b45ff96dfbe025055a4ef53a4d336495d89f7355a3e01399abae3638e	conditional_candidate	b537f99b45ff96dfbe025055a4ef53a4d336495d89f7355a3e01399abae3638e	568	PF03126.24	Plus-3	Plus-3 domain	109	1	108	0.9908256880733946	363	464	363	465	0.1795774647887324	128.6398468017578	128.6398468017578	5.160592071216654e-39	5.160592071216654e-39	2.1592435444421148e-41	27.0	27.0	2
peptide_bb6a0efabb44c22429af8b146d72d3eae65afa0851fc1b4f46e83997a65ef711	conditional_candidate	bb6a0efabb44c22429af8b146d72d3eae65afa0851fc1b4f46e83997a65ef711	578	PF05915.18	TMEM_230_134	Transmembrane proteins 230/134	119	1	62	0.5210084033613446	57	127	57	153	0.12283737024221453	61.14334487915039	61.14334487915039	3.9954439429868866e-18	3.9954439429868866e-18	6.68693546943412e-20	26.799999237060547	26.799999237060547	1
peptide_bb6a0efabb44c22429af8b146d72d3eae65afa0851fc1b4f46e83997a65ef711	conditional_candidate	bb6a0efabb44c22429af8b146d72d3eae65afa0851fc1b4f46e83997a65ef711	578	PF26141.1	PMEL_NMB_N	PMEL/NMB N-terminal domain	173	24	173	0.8670520231213873	127	285	125	285	0.2750865051903114	181.50238037109375	180.71258544921875	4.9919517436603746e-55	8.727031165893542e-55	1.2171591584230883e-56	27.0	27.0	1
peptide_bb6a0efabb44c22429af8b146d72d3eae65afa0851fc1b4f46e83997a65ef711	conditional_candidate	bb6a0efabb44c22429af8b146d72d3eae65afa0851fc1b4f46e83997a65ef711	578	PF00801.27	PKD	PKD domain	80	25	68	0.55	325	370	304	373	0.07958477508650519	31.058279037475586	28.23281478881836	7.103861942939926e-09	5.410378286135388e-08	7.545855350258561e-10	23.5	23.5	3
peptide_bb6a0efabb44c22429af8b146d72d3eae65afa0851fc1b4f46e83997a65ef711	conditional_candidate	bb6a0efabb44c22429af8b146d72d3eae65afa0851fc1b4f46e83997a65ef711	578	PF18911.7	PKD_4	PKD domain	85	33	70	0.4470588235294118	329	369	309	371	0.07093425605536333	37.37156677246094	29.578306198120117	7.955903551358605e-11	2.1501525317354807e-08	2.998818035893278e-10	27.0	27.0	1
peptide_bb6a0efabb44c22429af8b146d72d3eae65afa0851fc1b4f46e83997a65ef711	conditional_candidate	bb6a0efabb44c22429af8b146d72d3eae65afa0851fc1b4f46e83997a65ef711	578	PF20433.4	PKAT_KLD	PKAT, KLD domain	51	1	51	1.0	471	521	471	521	0.08823529411764706	81.78555297851562	80.78399658203125	1.2018259720623658e-24	2.4697114051689014e-24	3.444506841239751e-26	27.700000762939453	27.700000762939453	1
peptide_bb6d915a079cd22e4c6146fd7fd974ece5af6779270aa276b58776d32193b5a9	conditional_candidate	bb6d915a079cd22e4c6146fd7fd974ece5af6779270aa276b58776d32193b5a9	272	PF02719.22	Polysacc_synt_2	Polysaccharide biosynthesis protein	293	1	76	0.2593856655290102	41	110	41	117	0.25735294117647056	29.951799392700195	29.44587516784668	1.16024483196923e-08	1.6545545554044127e-08	2.9998897099382657e-10	20.200000762939453	20.200000762939453	1
peptide_bb6d915a079cd22e4c6146fd7fd974ece5af6779270aa276b58776d32193b5a9	conditional_candidate	bb6d915a079cd22e4c6146fd7fd974ece5af6779270aa276b58776d32193b5a9	272	PF08659.17	KR	KR domain	180	3	78	0.4222222222222222	41	113	39	132	0.26838235294117646	54.00469207763672	53.42177200317383	7.405299906826729e-16	1.1180213675457688e-15	2.650817747319117e-17	22.600000381469727	22.600000381469727	1
peptide_bb6d915a079cd22e4c6146fd7fd974ece5af6779270aa276b58776d32193b5a9	conditional_candidate	bb6d915a079cd22e4c6146fd7fd974ece5af6779270aa276b58776d32193b5a9	272	PF00106.32	adh_short	short chain dehydrogenase	195	3	75	0.37435897435897436	41	114	39	117	0.27205882352941174	52.036582946777344	50.99705505371094	2.2693017249668336e-15	4.725795097597578e-15	1.054570733076168e-16	26.600000381469727	25.0	1
peptide_bb6d915a079cd22e4c6146fd7fd974ece5af6779270aa276b58776d32193b5a9	conditional_candidate	bb6d915a079cd22e4c6146fd7fd974ece5af6779270aa276b58776d32193b5a9	272	PF13561.13	adh_short_C2	Enoyl-(Acyl carrier protein) reductase	236	6	69	0.2711864406779661	48	114	45	117	0.24632352941176472	33.42466735839844	31.598299026489258	1.2792694810797602e-09	4.623357114327733e-09	1.0317114899476112e-10	27.0	27.0	2
peptide_bb6d915a079cd22e4c6146fd7fd974ece5af6779270aa276b58776d32193b5a9	conditional_candidate	bb6d915a079cd22e4c6146fd7fd974ece5af6779270aa276b58776d32193b5a9	272	PF04756.20	OST3_OST6	OST3 / OST6 family, transporter family	294	134	294	0.5476190476190477	106	266	91	266	0.5919117647058824	175.59237670898438	175.2515411376953	5.852895053692971e-53	7.433639133361065e-53	1.1404467289675275e-54	27.0	27.0	1
peptide_bbc2f45c39296a9aaa3ba800100e72663162ae08390a550a054bad367a2fc139	conditional_candidate	bbc2f45c39296a9aaa3ba800100e72663162ae08390a550a054bad367a2fc139	235	PF28124.1	CYHR1_TRAF_C	CYHR1 TRAF, C-terminal domain	135	1	135	1.0	100	234	100	234	0.574468085106383	210.35791015625	209.1490936279297	4.030780555385226e-64	9.523198867130429e-64	6.641003394093744e-66	27.0	27.0	2
peptide_bcd139b19630cb31f3a89703fedd00936138336ed28e45f87045ef3f8222c90c	conditional_candidate	bcd139b19630cb31f3a89703fedd00936138336ed28e45f87045ef3f8222c90c	328	PF05279.17	Asp-B-Hydro_N	Aspartyl beta-hydroxylase N-terminal region	66	1	66	1.0	52	132	52	132	0.24695121951219512	141.06869506835938	137.51365661621094	3.0709909722012004e-43	3.954475055563933e-42	1.2133675205356558e-43	23.0	23.0	1
peptide_bcd139b19630cb31f3a89703fedd00936138336ed28e45f87045ef3f8222c90c	conditional_candidate	bcd139b19630cb31f3a89703fedd00936138336ed28e45f87045ef3f8222c90c	328	PF08477.20	Roc	Ras of Complex, Roc, domain of DAPkinase	119	9	119	0.9327731092436975	132	238	130	238	0.32621951219512196	103.5645523071289	102.07677459716797	3.089999620635268e-31	8.934795932376409e-31	2.492272226604298e-32	27.0	27.0	1
peptide_bcd139b19630cb31f3a89703fedd00936138336ed28e45f87045ef3f8222c90c	conditional_candidate	bcd139b19630cb31f3a89703fedd00936138336ed28e45f87045ef3f8222c90c	328	PF00071.29	Ras	Ras family	162	9	161	0.9444444444444444	132	284	129	285	0.46646341463414637	204.3139190673828	203.6667938232422	3.220872442317107e-62	5.09350292536501e-62	1.6338991252914258e-63	21.600000381469727	21.600000381469727	1
peptide_bcd139b19630cb31f3a89703fedd00936138336ed28e45f87045ef3f8222c90c	conditional_candidate	bcd139b19630cb31f3a89703fedd00936138336ed28e45f87045ef3f8222c90c	328	PF00025.28	Arf	ADP-ribosylation factor family	174	25	168	0.8275862068965517	133	277	128	283	0.4420731707317073	45.214237213134766	44.72416687011719	2.6699318028784604e-13	3.775832494129441e-13	9.479077391119936e-15	22.299999237060547	22.299999237060547	1
peptide_c1948a8a77f5ea08c4d36a01e0245baa0c8132908e8bbe8e9ad8f218c1c8b54f	conditional_candidate	c1948a8a77f5ea08c4d36a01e0245baa0c8132908e8bbe8e9ad8f218c1c8b54f	408	PF00735.25	Septin	Septin	280	1	127	0.45357142857142857	47	172	47	205	0.3088235294117647	181.00523376464844	180.5637664794922	1.1102389939901165e-54	1.513498011292041e-54	1.2665255324619591e-56	26.200000762939453	26.200000762939453	1
peptide_c1948a8a77f5ea08c4d36a01e0245baa0c8132908e8bbe8e9ad8f218c1c8b54f	conditional_candidate	c1948a8a77f5ea08c4d36a01e0245baa0c8132908e8bbe8e9ad8f218c1c8b54f	408	PF01926.30	MMR_HSR1	50S ribosome-binding GTPase	113	2	57	0.49557522123893805	53	121	52	166	0.16911764705882354	25.34636878967285	24.586227416992188	4.890378489340755e-07	8.419755090028913e-07	1.526594367787669e-08	21.899999618530273	21.899999618530273	1
peptide_c1948a8a77f5ea08c4d36a01e0245baa0c8132908e8bbe8e9ad8f218c1c8b54f	conditional_candidate	c1948a8a77f5ea08c4d36a01e0245baa0c8132908e8bbe8e9ad8f218c1c8b54f	408	PF07851.19	TMEM120A-B	TMEM120A/B	324	90	323	0.7222222222222222	167	400	137	401	0.5735294117647058	432.8734436035156	432.529296875	3.042346896499871e-131	3.871993088353237e-131	2.160107720141276e-133	29.799999237060547	29.799999237060547	1
peptide_c5aa1181f378e8535d24133e7306de2fee0a8ffef0f3b5dd13badc5dd4a2c962	conditional_candidate	c5aa1181f378e8535d24133e7306de2fee0a8ffef0f3b5dd13badc5dd4a2c962	635	PF05915.18	TMEM_230_134	Transmembrane proteins 230/134	119	1	62	0.5210084033613446	57	136	57	162	0.12598425196850394	60.63002014160156	60.339054107666016	5.763265903918722e-18	7.093372935104785e-18	1.1871753866284157e-19	26.799999237060547	26.799999237060547	1
peptide_c5aa1181f378e8535d24133e7306de2fee0a8ffef0f3b5dd13badc5dd4a2c962	conditional_candidate	c5aa1181f378e8535d24133e7306de2fee0a8ffef0f3b5dd13badc5dd4a2c962	635	PF26141.1	PMEL_NMB_N	PMEL/NMB N-terminal domain	173	24	173	0.8670520231213873	136	294	134	294	0.2503937007874016	182.08111572265625	180.46986389160156	3.315156383447772e-55	1.0361478321690987e-54	1.4451155260377945e-56	27.0	27.0	1
peptide_c5aa1181f378e8535d24133e7306de2fee0a8ffef0f3b5dd13badc5dd4a2c962	conditional_candidate	c5aa1181f378e8535d24133e7306de2fee0a8ffef0f3b5dd13badc5dd4a2c962	635	PF00801.27	PKD	PKD domain	80	26	68	0.5375	336	379	313	382	0.06929133858267716	33.297706604003906	28.058116912841797	1.4211629900656159e-09	6.134017485348862e-08	8.555115042327563e-10	23.5	23.5	2
peptide_c5aa1181f378e8535d24133e7306de2fee0a8ffef0f3b5dd13badc5dd4a2c962	conditional_candidate	c5aa1181f378e8535d24133e7306de2fee0a8ffef0f3b5dd13badc5dd4a2c962	635	PF18911.7	PKD_4	PKD domain	85	33	70	0.4470588235294118	338	378	318	380	0.06456692913385827	36.796443939208984	29.40866470336914	1.2026760940595194e-10	2.4288660514604892e-08	3.387539820725926e-10	27.0	27.0	1
peptide_c5aa1181f378e8535d24133e7306de2fee0a8ffef0f3b5dd13badc5dd4a2c962	conditional_candidate	c5aa1181f378e8535d24133e7306de2fee0a8ffef0f3b5dd13badc5dd4a2c962	635	PF20433.4	PKAT_KLD	PKAT, KLD domain	51	1	51	1.0	480	530	480	530	0.08031496062992126	81.61002349853516	80.61402893066406	1.3635237106359513e-24	2.7908098972126415e-24	3.8923429528767667e-26	27.700000762939453	27.700000762939453	1
peptide_c616ef8758452c5c28c9c0ea6d2c5c5a1ea47daff6a1c63c1664c595ab5fdc6f	conditional_candidate	c616ef8758452c5c28c9c0ea6d2c5c5a1ea47daff6a1c63c1664c595ab5fdc6f	175	PF05934.16	MCLC	Mid-1-related chloride channel (MCLC)	549	1	77	0.14025500910746813	8	84	8	96	0.44	142.46315002441406	142.076904296875	7.530026094363783e-43	9.858593678136431e-43	8.249869186725047e-45	25.0	25.0	1
peptide_c7cbaf05452f930ea271c4310d7d53eb7a94d31003d4692c42f7a9310278a184	conditional_candidate	c7cbaf05452f930ea271c4310d7d53eb7a94d31003d4692c42f7a9310278a184	246	PF05279.17	Asp-B-Hydro_N	Aspartyl beta-hydroxylase N-terminal region	66	17	66	0.7575757575757576	1	50	1	50	0.2032520325203252	107.81819915771484	104.9005355834961	7.368911776090725e-33	6.001202143336637e-32	1.841373042585858e-33	23.0	23.0	1
peptide_c7cbaf05452f930ea271c4310d7d53eb7a94d31003d4692c42f7a9310278a184	conditional_candidate	c7cbaf05452f930ea271c4310d7d53eb7a94d31003d4692c42f7a9310278a184	246	PF08477.20	Roc	Ras of Complex, Roc, domain of DAPkinase	119	9	119	0.9327731092436975	50	156	48	156	0.4349593495934959	104.6841812133789	102.96061706542969	1.3897521049077815e-31	4.754927464670693e-31	1.326339599629203e-32	27.0	27.0	1
peptide_c7cbaf05452f930ea271c4310d7d53eb7a94d31003d4692c42f7a9310278a184	conditional_candidate	c7cbaf05452f930ea271c4310d7d53eb7a94d31003d4692c42f7a9310278a184	246	PF00071.29	Ras	Ras family	162	9	161	0.9444444444444444	50	202	47	203	0.6219512195121951	205.30010986328125	204.75486755371094	1.6019190902976885e-62	2.3569285581538833e-62	7.560579754189584e-64	21.600000381469727	21.600000381469727	1
peptide_c7cbaf05452f930ea271c4310d7d53eb7a94d31003d4692c42f7a9310278a184	conditional_candidate	c7cbaf05452f930ea271c4310d7d53eb7a94d31003d4692c42f7a9310278a184	246	PF00025.28	Arf	ADP-ribosylation factor family	174	25	168	0.8275862068965517	51	195	45	201	0.5894308943089431	46.232337951660156	45.831153869628906	1.2996206656191964e-13	1.725957199154621e-13	4.332946943484404e-15	22.299999237060547	22.299999237060547	1
peptide_c9bd32c51697562e4682682f7973836127065d644b434e46336cf1b16be4ca7f	conditional_candidate	c9bd32c51697562e4682682f7973836127065d644b434e46336cf1b16be4ca7f	275	PF00566.26	RabGAP-TBC	Rab-GTPase-TBC domain	216	2	171	0.7870370370370371	48	201	47	203	0.56	47.56560134887695	47.0130729675293	6.315200041072294e-14	9.320185427005136e-14	6.499431957465227e-16	25.200000762939453	25.200000762939453	1
peptide_c9c43436c7d475fe18a20917c549cfe6185e1ef612cbff65fd8e6e8905429253	conditional_candidate	c9c43436c7d475fe18a20917c549cfe6185e1ef612cbff65fd8e6e8905429253	565	PF10421.15	OAS1_C	2'-5'-oligoadenylate synthetase 1, domain 2, C-terminus	188	56	186	0.6968085106382979	417	546	411	548	0.23008849557522124	193.50975036621094	192.92294311523438	9.964637751953402e-59	1.5080357501765603e-58	1.6826061368776126e-60	19.899999618530273	19.899999618530273	1
peptide_c9e5f8be670a1ae1d2a4735a6dbd307a6c40ff922d2621fd7bcb98a4150c9da3	conditional_candidate	c9e5f8be670a1ae1d2a4735a6dbd307a6c40ff922d2621fd7bcb98a4150c9da3	699	PF10421.15	OAS1_C	2'-5'-oligoadenylate synthetase 1, domain 2, C-terminus	188	56	186	0.6968085106382979	551	680	545	682	0.1859799713876967	192.99240112304688	192.42018127441406	1.4358585778423232e-58	2.150742518688419e-58	2.3997127126230617e-60	19.899999618530273	19.899999618530273	1
peptide_ca2772f82b0e861861636ddd31697e08475ddd2b2f93467e300b85d3aa0b3c75	conditional_candidate	ca2772f82b0e861861636ddd31697e08475ddd2b2f93467e300b85d3aa0b3c75	2498	PF00307.37	CH	Calponin homology (CH) domain	109	2	107	0.9724770642201835	32	134	31	136	0.04123298638911129	146.8947296142578	69.60002899169922	8.62979311340113e-45	9.030680765895632e-21	3.778527517111143e-23	26.0	22.100000381469727	1
peptide_ca2772f82b0e861861636ddd31697e08475ddd2b2f93467e300b85d3aa0b3c75	conditional_candidate	ca2772f82b0e861861636ddd31697e08475ddd2b2f93467e300b85d3aa0b3c75	2498	PF00307.37	CH	Calponin homology (CH) domain	109	3	107	0.963302752293578	152	254	150	256	0.04123298638911129	146.8947296142578	72.89656829833984	8.62979311340113e-45	8.536978489219976e-22	3.571957526870283e-24	26.0	22.100000381469727	2
peptide_ca2772f82b0e861861636ddd31697e08475ddd2b2f93467e300b85d3aa0b3c75	conditional_candidate	ca2772f82b0e861861636ddd31697e08475ddd2b2f93467e300b85d3aa0b3c75	2498	PF00435.28	Spectrin	Spectrin repeat	105	3	105	0.9809523809523809	311	417	309	417	0.04283426741393114	351.4781188964844	48.9470100402832	2.128942436429188e-108	2.837410450024922e-14	1.9786683751917169e-16	29.899999618530273	24.200000762939453	1
peptide_ca2772f82b0e861861636ddd31697e08475ddd2b2f93467e300b85d3aa0b3c75	conditional_candidate	ca2772f82b0e861861636ddd31697e08475ddd2b2f93467e300b85d3aa0b3c75	2498	PF00435.28	Spectrin	Spectrin repeat	105	4	105	0.9714285714285714	421	526	418	526	0.04243394715772618	351.4781188964844	49.032073974609375	2.128942436429188e-108	2.6696646620057385e-14	1.8616908382187856e-16	29.899999618530273	24.200000762939453	2
peptide_ca2772f82b0e861861636ddd31697e08475ddd2b2f93467e300b85d3aa0b3c75	conditional_candidate	ca2772f82b0e861861636ddd31697e08475ddd2b2f93467e300b85d3aa0b3c75	2498	PF00435.28	Spectrin	Spectrin repeat	105	4	105	0.9714285714285714	1128	1230	1125	1230	0.04123298638911129	351.4781188964844	38.43799591064453	2.128942436429188e-108	5.278749962252096e-11	3.6811366542901644e-13	29.899999618530273	24.200000762939453	8
peptide_ca2772f82b0e861861636ddd31697e08475ddd2b2f93467e300b85d3aa0b3c75	conditional_candidate	ca2772f82b0e861861636ddd31697e08475ddd2b2f93467e300b85d3aa0b3c75	2498	PF00435.28	Spectrin	Spectrin repeat	105	2	98	0.9238095238095239	1653	1746	1652	1752	0.03763010408326661	351.4781188964844	25.71398162841797	2.128942436429188e-108	4.800431040736863e-07	3.3475809210159433e-09	29.899999618530273	24.200000762939453	13
peptide_ca2772f82b0e861861636ddd31697e08475ddd2b2f93467e300b85d3aa0b3c75	conditional_candidate	ca2772f82b0e861861636ddd31697e08475ddd2b2f93467e300b85d3aa0b3c75	2498	PF00435.28	Spectrin	Spectrin repeat	105	2	100	0.9428571428571428	1977	2076	1976	2080	0.040032025620496396	351.4781188964844	40.00033187866211	2.128942436429188e-108	1.723655686678132e-11	1.2019914133041368e-13	29.899999618530273	24.200000762939453	16
peptide_ca2772f82b0e861861636ddd31697e08475ddd2b2f93467e300b85d3aa0b3c75	conditional_candidate	ca2772f82b0e861861636ddd31697e08475ddd2b2f93467e300b85d3aa0b3c75	2498	PF00435.28	Spectrin	Spectrin repeat	105	9	105	0.9238095238095239	2232	2331	2228	2331	0.040032025620496396	351.4781188964844	31.233463287353516	2.128942436429188e-108	9.205253546985601e-09	6.41928420291883e-11	29.899999618530273	24.200000762939453	18
peptide_cb3b877487db63c75d8a61ca9a8bf692284b3476f9b1f6a3c9c6e16a8da2fdb7	conditional_candidate	cb3b877487db63c75d8a61ca9a8bf692284b3476f9b1f6a3c9c6e16a8da2fdb7	1691	PF00520.38	Ion_trans	Ion transport protein	243	2	242	0.9917695473251029	148	438	147	439	0.17208752217622708	905.364990234375	249.17494201660156	5.064099112960521e-276	1.2571803331794986e-75	3.682118130651251e-77	25.0	25.0	1
peptide_cb3b877487db63c75d8a61ca9a8bf692284b3476f9b1f6a3c9c6e16a8da2fdb7	conditional_candidate	cb3b877487db63c75d8a61ca9a8bf692284b3476f9b1f6a3c9c6e16a8da2fdb7	1691	PF00520.38	Ion_trans	Ion transport protein	243	3	239	0.9753086419753086	546	781	544	784	0.13956238911886457	905.364990234375	219.77392578125	5.064099112960521e-276	1.1973454661398866e-66	3.506869566100086e-68	25.0	25.0	2
peptide_cb3b877487db63c75d8a61ca9a8bf692284b3476f9b1f6a3c9c6e16a8da2fdb7	conditional_candidate	cb3b877487db63c75d8a61ca9a8bf692284b3476f9b1f6a3c9c6e16a8da2fdb7	1691	PF00520.38	Ion_trans	Ion transport protein	243	1	242	0.9958847736625515	907	1184	907	1185	0.16439976345357776	905.364990234375	217.18222045898438	5.064099112960521e-276	7.408058059897854e-66	2.1697241179617143e-67	25.0	25.0	3
peptide_cb3b877487db63c75d8a61ca9a8bf692284b3476f9b1f6a3c9c6e16a8da2fdb7	conditional_candidate	cb3b877487db63c75d8a61ca9a8bf692284b3476f9b1f6a3c9c6e16a8da2fdb7	1691	PF00520.38	Ion_trans	Ion transport protein	243	2	242	0.9917695473251029	1227	1481	1226	1482	0.15079834417504434	905.364990234375	238.26803588867188	5.064099112960521e-276	2.69323678550966e-72	7.888141212789799e-74	25.0	25.0	4
peptide_cb3b877487db63c75d8a61ca9a8bf692284b3476f9b1f6a3c9c6e16a8da2fdb7	conditional_candidate	cb3b877487db63c75d8a61ca9a8bf692284b3476f9b1f6a3c9c6e16a8da2fdb7	1691	PF08016.19	PKD_channel	Polycystin cation channel	225	93	223	0.5822222222222222	1315	1475	1306	1477	0.09520993494973388	54.06425857543945	32.17307662963867	5.564820605363323e-16	2.7443435274395826e-09	8.037826230994594e-11	22.399999618530273	22.399999618530273	10
peptide_cb3b877487db63c75d8a61ca9a8bf692284b3476f9b1f6a3c9c6e16a8da2fdb7	conditional_candidate	cb3b877487db63c75d8a61ca9a8bf692284b3476f9b1f6a3c9c6e16a8da2fdb7	1691	PF16905.11	GPHH	Voltage-dependent L-type calcium channel, IQ-associated	54	1	54	1.0	1491	1544	1491	1544	0.0319337670017741	101.2259750366211	99.5921859741211	7.949564590854472e-31	2.57377429281251e-30	7.538251066814883e-32	26.799999237060547	26.799999237060547	1
peptide_cb3b877487db63c75d8a61ca9a8bf692284b3476f9b1f6a3c9c6e16a8da2fdb7	conditional_candidate	cb3b877487db63c75d8a61ca9a8bf692284b3476f9b1f6a3c9c6e16a8da2fdb7	1691	PF08763.18	Ca_chan_IQ	Voltage gated calcium channel IQ domain	77	1	77	1.0	1554	1628	1554	1628	0.044352454169130695	105.85242462158203	104.54061126708984	4.0378987193866454e-32	1.036470845372247e-31	3.0356886684542802e-33	26.700000762939453	26.700000762939453	1
peptide_cb97015f50ef275c05983c5ed87741c420183c811a8e822dafb8f5a9508f892b	conditional_candidate	cb97015f50ef275c05983c5ed87741c420183c811a8e822dafb8f5a9508f892b	587	PF05915.18	TMEM_230_134	Transmembrane proteins 230/134	119	1	62	0.5210084033613446	57	136	57	162	0.1362862010221465	60.50202560424805	60.50202560424805	6.314518187359212e-18	6.314518187359212e-18	1.0568231275914999e-19	26.799999237060547	26.799999237060547	1
peptide_cb97015f50ef275c05983c5ed87741c420183c811a8e822dafb8f5a9508f892b	conditional_candidate	cb97015f50ef275c05983c5ed87741c420183c811a8e822dafb8f5a9508f892b	587	PF26141.1	PMEL_NMB_N	PMEL/NMB N-terminal domain	173	24	173	0.8670520231213873	136	294	134	294	0.2708688245315162	181.4588623046875	180.67196655273438	5.1479881519917506e-55	8.981381994037815e-55	1.2526334719718013e-56	27.0	27.0	1
peptide_cb97015f50ef275c05983c5ed87741c420183c811a8e822dafb8f5a9508f892b	conditional_candidate	cb97015f50ef275c05983c5ed87741c420183c811a8e822dafb8f5a9508f892b	587	PF00801.27	PKD	PKD domain	80	25	68	0.55	334	379	313	382	0.07836456558773425	33.60675048828125	28.203840255737305	1.1381555073622192e-09	5.5242028355549824e-08	7.704606465209181e-10	23.5	23.5	2
peptide_cb97015f50ef275c05983c5ed87741c420183c811a8e822dafb8f5a9508f892b	conditional_candidate	cb97015f50ef275c05983c5ed87741c420183c811a8e822dafb8f5a9508f892b	587	PF18911.7	PKD_4	PKD domain	85	33	70	0.4470588235294118	338	378	318	380	0.06984667802385008	37.124691009521484	29.550256729125977	9.50000197211925e-11	2.193924716086562e-08	3.059867107512639e-10	27.0	27.0	1
peptide_cb97015f50ef275c05983c5ed87741c420183c811a8e822dafb8f5a9508f892b	conditional_candidate	cb97015f50ef275c05983c5ed87741c420183c811a8e822dafb8f5a9508f892b	587	PF20433.4	PKAT_KLD	PKAT, KLD domain	51	1	51	1.0	480	530	480	530	0.0868824531516184	81.76409149169922	80.7558822631836	1.2205186082328965e-24	2.520152548639699e-24	3.514857111073499e-26	27.700000762939453	27.700000762939453	1
peptide_cf88e914fde7e920bc60427bb16d0451af6b04a869160e47318de2cd0c881f04	conditional_candidate	cf88e914fde7e920bc60427bb16d0451af6b04a869160e47318de2cd0c881f04	474	PF02760.22	HIN	HIN-200/IF120x domain	168	1	168	1.0	247	415	247	415	0.35654008438818563	245.33139038085938	245.33139038085938	9.837452053473128e-75	9.837452053473128e-75	9.604207025705982e-77	22.700000762939453	22.700000762939453	1
peptide_d09ba36d63b4b05b94c1787f8ea186e5b841f5920b3ffb5356533bd95afd68da	conditional_candidate	d09ba36d63b4b05b94c1787f8ea186e5b841f5920b3ffb5356533bd95afd68da	259	PF07686.24	V-set	Immunoglobulin V-set domain	109	7	98	0.8440366972477065	29	122	22	131	0.36293436293436293	36.33668899536133	35.83587646484375	1.9696935892570152e-10	2.8185692166500376e-10	5.8965883193515425e-12	26.0	26.0	1
peptide_d09ba36d63b4b05b94c1787f8ea186e5b841f5920b3ffb5356533bd95afd68da	conditional_candidate	d09ba36d63b4b05b94c1787f8ea186e5b841f5920b3ffb5356533bd95afd68da	259	PF02578.22	Cu-oxidase_4	Multi-copper polyphenol oxidoreductase laccase	236	110	235	0.5338983050847458	131	257	113	258	0.49034749034749037	104.46675109863281	104.07688903808594	2.25449201129013e-31	2.9659243680446368e-31	1.2409725389308104e-33	22.899999618530273	22.899999618530273	1
peptide_d12ded276778cca561f61708455f059a1bccb3f6e5b75d6ea02f274ab7b9a20d	conditional_candidate	d12ded276778cca561f61708455f059a1bccb3f6e5b75d6ea02f274ab7b9a20d	290	PF04201.21	TPD52	Tumour protein D52 family	108	1	108	1.0	136	243	136	243	0.3724137931034483	176.83837890625	175.9952850341797	4.404132232939373e-54	8.052269249063903e-54	2.133795198496711e-55	25.0	25.0	1
peptide_d155235fc72b0662d3c8bbf119a4f520de177b182c86e1bedc3fb455dd412ca3	conditional_candidate	d155235fc72b0662d3c8bbf119a4f520de177b182c86e1bedc3fb455dd412ca3	686	PF08718.17	GLTP	Glycolipid transfer protein (GLTP)	147	1	142	0.9659863945578231	18	143	18	147	0.1836734693877551	98.26871490478516	90.17554473876953	1.855564553957435e-29	5.7958741086656596e-27	9.700207713247966e-29	25.600000381469727	25.600000381469727	1
peptide_d155235fc72b0662d3c8bbf119a4f520de177b182c86e1bedc3fb455dd412ca3	conditional_candidate	d155235fc72b0662d3c8bbf119a4f520de177b182c86e1bedc3fb455dd412ca3	686	PF12796.14	Ank_2	Ankyrin repeats (3 copies)	90	7	83	0.8555555555555555	119	195	113	202	0.11224489795918367	45.28645706176758	44.30842971801758	3.909371145010973e-13	7.893196353886396e-13	1.981555570013321e-14	27.299999237060547	27.299999237060547	1
peptide_d155235fc72b0662d3c8bbf119a4f520de177b182c86e1bedc3fb455dd412ca3	conditional_candidate	d155235fc72b0662d3c8bbf119a4f520de177b182c86e1bedc3fb455dd412ca3	686	PF13606.13	Ank_3	Ankyrin repeat	31	2	29	0.9032258064516129	139	165	138	167	0.03935860058309038	33.028236389160156	18.53395652770996	1.38807990504963e-09	7.574723865914833e-05	1.901604317802887e-06	22.299999237060547	17.200000762939453	1
peptide_d155235fc72b0662d3c8bbf119a4f520de177b182c86e1bedc3fb455dd412ca3	conditional_candidate	d155235fc72b0662d3c8bbf119a4f520de177b182c86e1bedc3fb455dd412ca3	686	PF00023.37	Ank	Ankyrin repeat	33	2	31	0.9090909090909091	139	168	138	170	0.043731778425655975	41.25353240966797	26.556352615356445	4.078682699683709e-12	1.9611352319427044e-07	4.923352046718086e-09	21.100000381469727	14.699999809265137	1
peptide_d155235fc72b0662d3c8bbf119a4f520de177b182c86e1bedc3fb455dd412ca3	conditional_candidate	d155235fc72b0662d3c8bbf119a4f520de177b182c86e1bedc3fb455dd412ca3	686	PF13637.13	Ank_4	Ankyrin repeats (many copies)	50	1	47	0.94	143	189	142	192	0.06851311953352769	37.90921401977539	36.20244216918945	5.784697861784459e-11	1.9945113260070978e-10	5.007141404201919e-12	22.700000762939453	22.700000762939453	1
peptide_d155235fc72b0662d3c8bbf119a4f520de177b182c86e1bedc3fb455dd412ca3	conditional_candidate	d155235fc72b0662d3c8bbf119a4f520de177b182c86e1bedc3fb455dd412ca3	686	PF11904.14	ANKRD13_C	ANKRD13 C-terminal	332	1	332	1.0	254	566	254	566	0.45626822157434405	316.55712890625	316.1361999511719	8.95958827222728e-96	1.2032132711365706e-95	8.390608585331733e-98	25.0	25.0	1
peptide_d349aa7322fee3b86b789ab684cd76079672d6b4c4cededfb18f9176d162adcc	conditional_candidate	d349aa7322fee3b86b789ab684cd76079672d6b4c4cededfb18f9176d162adcc	705	PF08718.17	GLTP	Glycolipid transfer protein (GLTP)	147	1	142	0.9659863945578231	18	162	18	166	0.20567375886524822	130.82473754882812	130.0325469970703	1.711556103073427e-39	3.003145381679851e-39	5.026184739213139e-41	25.600000381469727	25.600000381469727	1
peptide_d349aa7322fee3b86b789ab684cd76079672d6b4c4cededfb18f9176d162adcc	conditional_candidate	d349aa7322fee3b86b789ab684cd76079672d6b4c4cededfb18f9176d162adcc	705	PF12796.14	Ank_2	Ankyrin repeats (3 copies)	90	7	83	0.8555555555555555	138	214	132	221	0.10921985815602837	45.24229431152344	44.254920959472656	4.035392176399709e-13	8.202527966992282e-13	2.0592120419227488e-14	27.299999237060547	27.299999237060547	1
peptide_d349aa7322fee3b86b789ab684cd76079672d6b4c4cededfb18f9176d162adcc	conditional_candidate	d349aa7322fee3b86b789ab684cd76079672d6b4c4cededfb18f9176d162adcc	705	PF13606.13	Ank_3	Ankyrin repeat	31	2	29	0.9032258064516129	158	184	157	186	0.03829787234042553	32.957454681396484	18.489667892456055	1.46402000693831e-09	7.831428888332627e-05	1.966049093305262e-06	22.299999237060547	17.200000762939453	1
peptide_d349aa7322fee3b86b789ab684cd76079672d6b4c4cededfb18f9176d162adcc	conditional_candidate	d349aa7322fee3b86b789ab684cd76079672d6b4c4cededfb18f9176d162adcc	705	PF00023.37	Ank	Ankyrin repeat	33	2	31	0.9090909090909091	158	187	157	189	0.0425531914893617	41.16727066040039	26.51162338256836	4.345100047793427e-12	2.026546861347171e-07	5.0875653422941535e-09	21.100000381469727	14.699999809265137	1
peptide_d349aa7322fee3b86b789ab684cd76079672d6b4c4cededfb18f9176d162adcc	conditional_candidate	d349aa7322fee3b86b789ab684cd76079672d6b4c4cededfb18f9176d162adcc	705	PF13637.13	Ank_4	Ankyrin repeats (many copies)	50	1	47	0.94	162	208	161	211	0.06666666666666667	37.8486442565918	36.15485382080078	6.04445867014069e-11	2.0645465576458778e-10	5.1829620694038775e-12	22.700000762939453	22.700000762939453	1
peptide_d349aa7322fee3b86b789ab684cd76079672d6b4c4cededfb18f9176d162adcc	conditional_candidate	d349aa7322fee3b86b789ab684cd76079672d6b4c4cededfb18f9176d162adcc	705	PF11904.14	ANKRD13_C	ANKRD13 C-terminal	332	1	332	1.0	273	585	273	585	0.44397163120567373	316.4607238769531	316.0438537597656	9.585533481816336e-96	1.283618814103668e-95	8.951316695283599e-98	25.0	25.0	1
peptide_d7cfe4bcbfc06555a21a4e31ff58a6da16586e2dc7c03042c57eaf3dbcea97a8	conditional_candidate	d7cfe4bcbfc06555a21a4e31ff58a6da16586e2dc7c03042c57eaf3dbcea97a8	455	PF00328.28	His_Phos_2	Histidine phosphatase superfamily (branch 2)	354	2	150	0.4209039548022599	33	155	32	177	0.2703296703296703	94.30192565917969	90.25166320800781	3.775369739372721e-28	6.431828614408948e-27	4.485236132781693e-29	23.600000381469727	23.600000381469727	1
peptide_d7cfe4bcbfc06555a21a4e31ff58a6da16586e2dc7c03042c57eaf3dbcea97a8	conditional_candidate	d7cfe4bcbfc06555a21a4e31ff58a6da16586e2dc7c03042c57eaf3dbcea97a8	455	PF07221.18	GlcNAc_2-epim	N-acylglucosamine 2-epimerase (GlcNAc 2-epimerase)	347	155	338	0.5302593659942363	233	412	181	422	0.3956043956043956	92.746826171875	92.46161651611328	9.934327440997715e-28	1.2130152231520195e-27	1.0150755005456232e-29	23.399999618530273	23.399999618530273	1
peptide_d856b7bb2fc8dfa370b5ecd0078cd483e64a89cde2fe7a9e77010c39f9e1f75b	conditional_candidate	d856b7bb2fc8dfa370b5ecd0078cd483e64a89cde2fe7a9e77010c39f9e1f75b	212	PF00566.26	RabGAP-TBC	Rab-GTPase-TBC domain	216	2	171	0.7870370370370371	48	201	47	206	0.7264150943396226	49.48802185058594	49.04143524169922	1.6302437421156455e-14	2.2329487209644524e-14	1.5571469462792556e-16	25.200000762939453	25.200000762939453	1
peptide_d863b4181c9445613da3877663fc081e228ed82f65667b4d3ed864a4251e3f95	conditional_candidate	d863b4181c9445613da3877663fc081e228ed82f65667b4d3ed864a4251e3f95	241	PF02719.22	Polysacc_synt_2	Polysaccharide biosynthesis protein	293	1	76	0.2593856655290102	41	110	41	117	0.29045643153526973	30.233768463134766	29.767637252807617	9.520217154575997e-09	1.3202471337854681e-08	2.393753520113122e-10	20.200000762939453	20.200000762939453	1
peptide_d863b4181c9445613da3877663fc081e228ed82f65667b4d3ed864a4251e3f95	conditional_candidate	d863b4181c9445613da3877663fc081e228ed82f65667b4d3ed864a4251e3f95	241	PF08659.17	KR	KR domain	180	3	78	0.4222222222222222	41	113	39	132	0.3029045643153527	54.370216369628906	53.76285934448242	5.7194916008308205e-16	8.785469350212145e-16	2.0830262057685703e-17	22.600000381469727	22.600000381469727	1
peptide_d863b4181c9445613da3877663fc081e228ed82f65667b4d3ed864a4251e3f95	conditional_candidate	d863b4181c9445613da3877663fc081e228ed82f65667b4d3ed864a4251e3f95	241	PF00106.32	adh_short	short chain dehydrogenase	195	3	75	0.37435897435897436	41	114	39	117	0.3070539419087137	52.41848373413086	51.32576370239258	1.7332118462276968e-15	3.747451427436653e-15	8.362513645604804e-17	26.600000381469727	25.0	1
peptide_d863b4181c9445613da3877663fc081e228ed82f65667b4d3ed864a4251e3f95	conditional_candidate	d863b4181c9445613da3877663fc081e228ed82f65667b4d3ed864a4251e3f95	241	PF13561.13	adh_short_C2	Enoyl-(Acyl carrier protein) reductase	236	6	69	0.2711864406779661	48	114	45	117	0.27800829875518673	34.05104064941406	31.913890838623047	8.233629547907897e-10	3.7028596498464935e-09	8.263006192126066e-11	27.0	27.0	2
peptide_d863b4181c9445613da3877663fc081e228ed82f65667b4d3ed864a4251e3f95	conditional_candidate	d863b4181c9445613da3877663fc081e228ed82f65667b4d3ed864a4251e3f95	241	PF04756.20	OST3_OST6	OST3 / OST6 family, transporter family	294	134	189	0.19047619047619047	106	160	91	162	0.22821576763485477	103.82770538330078	30.113908767700195	4.260524936610477e-31	1.2171075185957632e-08	1.8672500285290648e-10	27.0	27.0	1
peptide_d863b4181c9445613da3877663fc081e228ed82f65667b4d3ed864a4251e3f95	conditional_candidate	d863b4181c9445613da3877663fc081e228ed82f65667b4d3ed864a4251e3f95	241	PF04756.20	OST3_OST6	OST3 / OST6 family, transporter family	294	218	294	0.2619047619047619	160	236	159	236	0.31950207468879666	103.82770538330078	73.92543029785156	4.260524936610477e-31	5.479846601353715e-22	8.407017101100537e-24	27.0	27.0	2
peptide_d9dadae508e1aba65519f0bec221151e33dd065734ac6bd7d657c57034b61154	conditional_candidate	d9dadae508e1aba65519f0bec221151e33dd065734ac6bd7d657c57034b61154	86	PF06762.21	LMF1	Lipase maturation factor transmembrane domain	279	192	248	0.20430107526881722	27	82	25	85	0.6511627906976745	66.88782501220703	66.62361145019531	9.549804914456652e-20	1.1495690512173534e-19	1.2826432928506036e-21	27.0	27.0	1
peptide_db377c7d3a9026616bfee0cff0333714ba0a86b262b36d79a3f15fae46241c91	conditional_candidate	db377c7d3a9026616bfee0cff0333714ba0a86b262b36d79a3f15fae46241c91	317	PF00258.31	Flavodoxin_1	Flavodoxin	143	1	101	0.7062937062937062	8	104	8	114	0.305993690851735	90.75701904296875	89.63704681396484	3.529906827426889e-27	7.820018976433472e-27	1.1997239712798912e-28	25.0	25.0	1
peptide_dba94fe4564b656dcb4c88ed9c0af05dfe78a7d6ea0ef18b1c71b29fe58fa0d9	conditional_candidate	dba94fe4564b656dcb4c88ed9c0af05dfe78a7d6ea0ef18b1c71b29fe58fa0d9	95	PF01370.28	Epimerase	NAD dependent epimerase/dehydratase family	240	2	54	0.22083333333333333	30	78	29	89	0.5157894736842106	27.148427963256836	26.911113739013672	9.44859494854996e-08	1.1164888450208113e-07	6.228668591468962e-10	20.899999618530273	20.899999618530273	1
peptide_dba94fe4564b656dcb4c88ed9c0af05dfe78a7d6ea0ef18b1c71b29fe58fa0d9	conditional_candidate	dba94fe4564b656dcb4c88ed9c0af05dfe78a7d6ea0ef18b1c71b29fe58fa0d9	95	PF01073.26	3Beta_HSD	3-beta hydroxysteroid dehydrogenase/isomerase family	280	2	34	0.11785714285714285	31	61	30	85	0.3263157894736842	24.357616424560547	24.103618621826172	5.225788364142482e-07	6.245627642934668e-07	2.6132333234036265e-09	22.0	22.0	1
peptide_dd05b2de8b0dff54a99f32fb5534a21ea7b2859c77f90ebe3af16b628329d84d	conditional_candidate	dd05b2de8b0dff54a99f32fb5534a21ea7b2859c77f90ebe3af16b628329d84d	246	PF02719.22	Polysacc_synt_2	Polysaccharide biosynthesis protein	293	1	76	0.2593856655290102	15	84	15	91	0.2845528455284553	30.217103958129883	29.711774826049805	9.632161372961348e-09	1.3730106377171078e-08	2.489419566293222e-10	20.200000762939453	20.200000762939453	1
peptide_dd05b2de8b0dff54a99f32fb5534a21ea7b2859c77f90ebe3af16b628329d84d	conditional_candidate	dd05b2de8b0dff54a99f32fb5534a21ea7b2859c77f90ebe3af16b628329d84d	246	PF08659.17	KR	KR domain	180	3	78	0.4222222222222222	15	87	13	106	0.2967479674796748	54.23196792602539	53.703556060791016	6.30649528115434e-16	9.16148953737192e-16	2.1721802250393674e-17	22.600000381469727	22.600000381469727	1
peptide_dd05b2de8b0dff54a99f32fb5534a21ea7b2859c77f90ebe3af16b628329d84d	conditional_candidate	dd05b2de8b0dff54a99f32fb5534a21ea7b2859c77f90ebe3af16b628329d84d	246	PF00106.32	adh_short	short chain dehydrogenase	195	3	75	0.37435897435897436	15	88	13	91	0.3008130081300813	52.03525924682617	51.2686653137207	2.2714224594707655e-15	3.9015293194748855e-15	8.706341577628754e-17	26.600000381469727	25.0	1
peptide_dd05b2de8b0dff54a99f32fb5534a21ea7b2859c77f90ebe3af16b628329d84d	conditional_candidate	dd05b2de8b0dff54a99f32fb5534a21ea7b2859c77f90ebe3af16b628329d84d	246	PF13561.13	adh_short_C2	Enoyl-(Acyl carrier protein) reductase	236	6	69	0.2711864406779661	22	88	19	91	0.27235772357723576	32.44197463989258	31.859128952026367	2.5538543203003853e-09	3.848293641696888e-09	8.587545086073947e-11	27.0	27.0	1
peptide_dd05b2de8b0dff54a99f32fb5534a21ea7b2859c77f90ebe3af16b628329d84d	conditional_candidate	dd05b2de8b0dff54a99f32fb5534a21ea7b2859c77f90ebe3af16b628329d84d	246	PF04756.20	OST3_OST6	OST3 / OST6 family, transporter family	294	134	294	0.5476190476190477	80	240	64	240	0.6544715447154471	176.0460662841797	175.7735595703125	4.257558490539278e-53	5.154374148920365e-53	7.907686978817853e-55	27.0	27.0	1
peptide_dd7c67c48b8513a5d2fb9cdfa8fc9e1c4bdc2c4184b06ef715954b7c4d66e566	conditional_candidate	dd7c67c48b8513a5d2fb9cdfa8fc9e1c4bdc2c4184b06ef715954b7c4d66e566	468	PF16660.11	PHD20L1_u1	PHD finger protein 20-like protein 1	99	1	99	1.0	220	315	220	315	0.20512820512820512	145.77418518066406	145.77418518066406	2.1026867679672547e-44	2.1026867679672547e-44	2.9326175285456832e-46	27.0	27.0	2
peptide_ddd4cd153f6619b54c5711ed15b99bcbda63e0216ad10154b681f2ff63d4678c	conditional_candidate	ddd4cd153f6619b54c5711ed15b99bcbda63e0216ad10154b681f2ff63d4678c	260	PF10300.16	Iml2-TPR_39	Iml2/Tetratricopeptide repeat protein 39	467	276	467	0.41113490364025695	18	189	10	189	0.6615384615384615	144.0099639892578	143.64785766601562	2.248426972417179e-43	2.8953761514902046e-43	2.8267270656110785e-45	22.200000762939453	22.200000762939453	1
peptide_ddd4cd153f6619b54c5711ed15b99bcbda63e0216ad10154b681f2ff63d4678c	conditional_candidate	ddd4cd153f6619b54c5711ed15b99bcbda63e0216ad10154b681f2ff63d4678c	260	PF10345.16	Cohesin_load	Cohesin loading factor	587	339	457	0.20272572402044292	26	147	18	150	0.46923076923076923	33.869998931884766	26.501707077026367	4.569167832687231e-10	7.784004660431518e-08	7.599446669877353e-10	25.799999237060547	25.799999237060547	1
peptide_df2c551958df67bbccad0f87c785fb069df18fc67668af2ff95835daf8fcca3f	conditional_candidate	df2c551958df67bbccad0f87c785fb069df18fc67668af2ff95835daf8fcca3f	328	PF00248.28	Aldo_ket_red	Aldo/keto reductase family	290	14	289	0.9517241379310345	33	304	27	305	0.8292682926829268	207.0891876220703	206.4629669189453	1.1503462016108872e-62	1.7849570462879622e-62	2.2405318572652247e-64	24.0	24.0	1
peptide_df44b28c7c8070fa139d1324a6441969ed0e1e1c84e0b535e304ae32a32b021d	conditional_candidate	df44b28c7c8070fa139d1324a6441969ed0e1e1c84e0b535e304ae32a32b021d	148	PF10036.15	RLL	RNA transcription, translation and transport factor protein	253	1	62	0.2450592885375494	2	63	2	92	0.4189189189189189	85.17631530761719	85.05422973632812	2.560249971122755e-25	2.78962009533119e-25	1.5562734144107059e-27	24.600000381469727	24.600000381469727	1
peptide_df44b28c7c8070fa139d1324a6441969ed0e1e1c84e0b535e304ae32a32b021d	conditional_candidate	df44b28c7c8070fa139d1324a6441969ed0e1e1c84e0b535e304ae32a32b021d	148	PF00227.32	Proteasome	Proteasome subunit	189	100	176	0.4074074074074074	62	137	59	144	0.5135135135135135	64.04365539550781	63.491416931152344	5.233155956884163e-19	7.72860217770923e-19	2.0480256816802705e-20	22.399999618530273	22.399999618530273	1
peptide_dfa0f70392894092a6ebb5547ba8aec5110bf75282b42da97ad017230e00c4e6	conditional_candidate	dfa0f70392894092a6ebb5547ba8aec5110bf75282b42da97ad017230e00c4e6	374	PF07686.24	V-set	Immunoglobulin V-set domain	109	9	108	0.9174311926605505	45	167	36	168	0.32887700534759357	36.994144439697266	35.308197021484375	1.2305267489855972e-10	4.1115707405571936e-10	8.601612427943919e-12	26.0	26.0	1
peptide_dfb8a2ccde79614b69b3425f8cd6ffcf0f2bddaf437ae76facc8bb7ebdfacb2e	conditional_candidate	dfb8a2ccde79614b69b3425f8cd6ffcf0f2bddaf437ae76facc8bb7ebdfacb2e	193	PF03972.20	MmgE_PrpD_N	MmgE/PrpD N-terminal domain	244	1	139	0.569672131147541	8	150	8	160	0.7409326424870466	134.9268798828125	134.66050720214844	1.004200882848412e-40	1.2110551777818252e-40	5.067176476074583e-43	32.099998474121094	32.099998474121094	1
peptide_e0d3fd43f9f22d7297190f8f414371f7c190ecfc647bf5c34c551d12c1c4357c	conditional_candidate	e0d3fd43f9f22d7297190f8f414371f7c190ecfc647bf5c34c551d12c1c4357c	267	PF07686.24	V-set	Immunoglobulin V-set domain	109	9	108	0.9174311926605505	45	167	36	168	0.4606741573033708	38.18333053588867	36.387908935546875	5.2546700384009814e-11	1.8988113338306757e-10	3.97240864818133e-12	26.0	26.0	1
peptide_e2e945499d969d3f3f5c7f6e58c493d60821e9a3917cc4a3b4c9157cc333163e	conditional_candidate	e2e945499d969d3f3f5c7f6e58c493d60821e9a3917cc4a3b4c9157cc333163e	213	PF00261.26	Tropomyosin	Tropomyosin	242	1	82	0.33884297520661155	2	83	2	84	0.38497652582159625	178.3337860107422	53.06016540527344	6.456511065219945e-54	1.1725573968505503e-15	2.1259757544012768e-17	38.599998474121094	38.599998474121094	1
peptide_e2e945499d969d3f3f5c7f6e58c493d60821e9a3917cc4a3b4c9157cc333163e	conditional_candidate	e2e945499d969d3f3f5c7f6e58c493d60821e9a3917cc4a3b4c9157cc333163e	213	PF16526.11	CLZ	C-terminal leucine zipper domain of cyclic nucleotide-gated channels	71	9	69	0.8591549295774648	14	73	10	75	0.28169014084507044	27.74705696105957	27.74705696105957	1.0120807204300865e-07	1.0120807204300865e-07	8.469294731632523e-10	26.700000762939453	26.700000762939453	1
peptide_e2e945499d969d3f3f5c7f6e58c493d60821e9a3917cc4a3b4c9157cc333163e	conditional_candidate	e2e945499d969d3f3f5c7f6e58c493d60821e9a3917cc4a3b4c9157cc333163e	213	PF00261.26	Tropomyosin	Tropomyosin	242	23	146	0.512396694214876	66	189	65	198	0.5821596244131455	178.3337860107422	135.49380493164062	6.456511065219945e-54	7.8257125628911e-41	1.4188879123791395e-42	38.599998474121094	38.599998474121094	2
peptide_e3551690a6b76267d8c2b08ac175a3a20ff96f0247e854ef37f71567b7497c7a	conditional_candidate	e3551690a6b76267d8c2b08ac175a3a20ff96f0247e854ef37f71567b7497c7a	304	PF04201.21	TPD52	Tumour protein D52 family	108	1	108	1.0	136	257	136	257	0.40131578947368424	172.0558624267578	171.22262573242188	1.3502204191001541e-52	2.451312692562827e-52	6.495807692983782e-54	25.0	25.0	1
peptide_e48f3c517ce97280418f285dcc2fded5b7e117f6b8dabd50384472b8eb355ff2	conditional_candidate	e48f3c517ce97280418f285dcc2fded5b7e117f6b8dabd50384472b8eb355ff2	84	PF08659.17	KR	KR domain	180	26	80	0.3055555555555556	25	76	10	81	0.6190476190476191	24.668109893798828	24.521230697631836	7.471483184817711e-07	8.288699354356119e-07	1.965242524742734e-08	22.600000381469727	22.600000381469727	1
peptide_e4d7de5a0a608c817a0fe1dfffd651af36fe378e122c1b14712e4c434175579d	conditional_candidate	e4d7de5a0a608c817a0fe1dfffd651af36fe378e122c1b14712e4c434175579d	176	PF00179.32	UQ_con	Ubiquitin-conjugating enzyme	140	2	75	0.5285714285714286	10	83	9	94	0.42045454545454547	90.2904281616211	89.9028091430664	3.2242032549175766e-27	4.246606467869506e-27	2.3690970532047452e-29	27.0	27.0	1
peptide_e4d7de5a0a608c817a0fe1dfffd651af36fe378e122c1b14712e4c434175579d	conditional_candidate	e4d7de5a0a608c817a0fe1dfffd651af36fe378e122c1b14712e4c434175579d	176	PF07653.24	SH3_2	Variant SH3 domain	55	7	52	0.8363636363636363	124	170	112	173	0.26704545454545453	36.80636215209961	36.08325958251953	9.05114764873588e-11	1.52234721511543e-10	2.760183235216261e-12	21.799999237060547	21.799999237060547	1
peptide_e4d7de5a0a608c817a0fe1dfffd651af36fe378e122c1b14712e4c434175579d	conditional_candidate	e4d7de5a0a608c817a0fe1dfffd651af36fe378e122c1b14712e4c434175579d	176	PF00018.35	SH3_1	SH3 domain	48	11	48	0.7916666666666666	130	167	122	167	0.2159090909090909	42.5367546081543	41.82150650024414	1.3812496059913081e-12	2.3103903546771845e-12	4.5112224498578223e-14	22.899999618530273	22.899999618530273	1
peptide_e4d7de5a0a608c817a0fe1dfffd651af36fe378e122c1b14712e4c434175579d	conditional_candidate	e4d7de5a0a608c817a0fe1dfffd651af36fe378e122c1b14712e4c434175579d	176	PF14604.13	SH3_9	Variant SH3 domain	49	10	48	0.7959183673469388	130	170	122	171	0.23295454545454544	39.90652847290039	39.2536735534668	1.0968037625978882e-11	1.7540722507518033e-11	2.9356857753168256e-13	30.0	30.0	1
peptide_e5af13d33e889258c3c023a666c476f620d82348973f983e518b9779866522d1	conditional_candidate	e5af13d33e889258c3c023a666c476f620d82348973f983e518b9779866522d1	175	PF03821.23	Mtp	Golgi 4-transmembrane spanning transporter	229	159	228	0.3056768558951965	103	173	88	174	0.4057142857142857	77.02014923095703	59.74427795410156	6.136986836021172e-23	1.1702716822370864e-17	4.8965342353016167e-20	25.200000762939453	25.200000762939453	2
peptide_e6bde9e98c0c71a406cda37d339a2829de1ba0ba203b851d67e4082deda858a7	conditional_candidate	e6bde9e98c0c71a406cda37d339a2829de1ba0ba203b851d67e4082deda858a7	383	PF22999.3	LTN1_E3_ligase_6th	LTN1 family HEAT repeat region	221	102	221	0.5429864253393665	110	232	105	232	0.32114882506527415	123.15261840820312	122.61174011230469	4.34348367537689e-37	6.357042339112279e-37	2.659850351093004e-39	27.0	27.0	1
peptide_e6bde9e98c0c71a406cda37d339a2829de1ba0ba203b851d67e4082deda858a7	conditional_candidate	e6bde9e98c0c71a406cda37d339a2829de1ba0ba203b851d67e4082deda858a7	383	PF23009.2	UBC_like	Ubiquitin conjugating domain-like	85	1	85	1.0	241	325	241	325	0.22193211488250653	128.95323181152344	128.23936462402344	1.9082269972980655e-39	3.186934788536407e-39	1.3334455182160697e-41	27.0	27.0	1
peptide_e6bde9e98c0c71a406cda37d339a2829de1ba0ba203b851d67e4082deda858a7	conditional_candidate	e6bde9e98c0c71a406cda37d339a2829de1ba0ba203b851d67e4082deda858a7	383	PF13639.13	zf-RING_2	Ring finger domain	44	2	44	0.9772727272727273	331	379	330	379	0.1279373368146214	30.837095260620117	29.82842254638672	9.97272804670037e-09	2.0603127182694703e-08	8.62055530656682e-11	27.299999237060547	27.299999237060547	1
peptide_e8b37fb4123387d477121be6767ff9b0e64886eca7291810abf400d584152ca2	conditional_candidate	e8b37fb4123387d477121be6767ff9b0e64886eca7291810abf400d584152ca2	261	PF05279.17	Asp-B-Hydro_N	Aspartyl beta-hydroxylase N-terminal region	66	17	66	0.7575757575757576	1	65	1	65	0.24904214559386972	98.92683410644531	95.66999053955078	4.396485940206556e-30	4.5690471999200565e-29	1.4019391687341875e-30	23.0	23.0	1
peptide_e8b37fb4123387d477121be6767ff9b0e64886eca7291810abf400d584152ca2	conditional_candidate	e8b37fb4123387d477121be6767ff9b0e64886eca7291810abf400d584152ca2	261	PF08477.20	Roc	Ras of Complex, Roc, domain of DAPkinase	119	9	119	0.9327731092436975	65	171	63	171	0.4099616858237548	104.4935302734375	102.767578125	1.592312319348304e-31	5.457263888976263e-31	1.522249341415973e-32	27.0	27.0	1
peptide_e8b37fb4123387d477121be6767ff9b0e64886eca7291810abf400d584152ca2	conditional_candidate	e8b37fb4123387d477121be6767ff9b0e64886eca7291810abf400d584152ca2	261	PF00071.29	Ras	Ras family	162	9	161	0.9444444444444444	65	217	62	218	0.5862068965517241	205.22006225585938	204.5149383544922	1.6953589027152086e-62	2.7934695071800336e-62	8.960920315919215e-64	21.600000381469727	21.600000381469727	1
peptide_e8b37fb4123387d477121be6767ff9b0e64886eca7291810abf400d584152ca2	conditional_candidate	e8b37fb4123387d477121be6767ff9b0e64886eca7291810abf400d584152ca2	261	PF00025.28	Arf	ADP-ribosylation factor family	174	25	168	0.8275862068965517	66	210	61	216	0.5555555555555556	46.03120422363281	45.547157287597656	1.4982686088367715e-13	2.109853479565597e-13	5.296703295980579e-15	22.299999237060547	22.299999237060547	1
peptide_e99c765e89e22454b77f5bee5b91d4a1c68ae4acbfc5e433be58eddefc6e939e	conditional_candidate	e99c765e89e22454b77f5bee5b91d4a1c68ae4acbfc5e433be58eddefc6e939e	170	PF05934.16	MCLC	Mid-1-related chloride channel (MCLC)	549	1	77	0.14025500910746813	3	79	3	91	0.45294117647058824	142.5668487548828	142.17703247070312	7.004538331754135e-43	9.193476115951743e-43	7.693285452679283e-45	25.0	25.0	1
peptide_ed94a7c73c5bb4d289c56f618b0eb9ee4ae8c7f74e21cbb1da03f872cd1f9de4	conditional_candidate	ed94a7c73c5bb4d289c56f618b0eb9ee4ae8c7f74e21cbb1da03f872cd1f9de4	245	PF02719.22	Polysacc_synt_2	Polysaccharide biosynthesis protein	293	1	76	0.2593856655290102	15	84	15	91	0.2857142857142857	30.228870391845703	29.72281837463379	9.552984386254367e-09	1.3624151029009537e-08	2.4702086942416177e-10	20.200000762939453	20.200000762939453	1
peptide_ed94a7c73c5bb4d289c56f618b0eb9ee4ae8c7f74e21cbb1da03f872cd1f9de4	conditional_candidate	ed94a7c73c5bb4d289c56f618b0eb9ee4ae8c7f74e21cbb1da03f872cd1f9de4	245	PF08659.17	KR	KR domain	180	3	78	0.4222222222222222	15	87	13	106	0.2979591836734694	54.24363708496094	53.71527099609375	6.254702021650981e-16	9.085955172369905e-16	2.1542711008408423e-17	22.600000381469727	22.600000381469727	1
peptide_ed94a7c73c5bb4d289c56f618b0eb9ee4ae8c7f74e21cbb1da03f872cd1f9de4	conditional_candidate	ed94a7c73c5bb4d289c56f618b0eb9ee4ae8c7f74e21cbb1da03f872cd1f9de4	245	PF00106.32	adh_short	short chain dehydrogenase	195	3	75	0.37435897435897436	15	88	13	91	0.3020408163265306	52.04743194580078	51.27994155883789	2.2519947091935413e-15	3.8706068424685735e-15	8.637337444839216e-17	26.600000381469727	25.0	1
peptide_ed94a7c73c5bb4d289c56f618b0eb9ee4ae8c7f74e21cbb1da03f872cd1f9de4	conditional_candidate	ed94a7c73c5bb4d289c56f618b0eb9ee4ae8c7f74e21cbb1da03f872cd1f9de4	245	PF13561.13	adh_short_C2	Enoyl-(Acyl carrier protein) reductase	236	6	69	0.2711864406779661	22	88	19	91	0.27346938775510204	32.452823638916016	31.869953155517578	2.5344370810735167e-09	3.819101253507321e-09	8.522401681466826e-11	27.0	27.0	1
peptide_ed94a7c73c5bb4d289c56f618b0eb9ee4ae8c7f74e21cbb1da03f872cd1f9de4	conditional_candidate	ed94a7c73c5bb4d289c56f618b0eb9ee4ae8c7f74e21cbb1da03f872cd1f9de4	245	PF04756.20	OST3_OST6	OST3 / OST6 family, transporter family	294	134	294	0.5476190476190477	80	240	64	240	0.6571428571428571	176.07005310058594	175.7913055419922	4.186522008065677e-53	5.090610639454646e-53	7.809862905718424e-55	27.0	27.0	1
peptide_eed915b6ca8b3996cd855855d0eb3687677480ad6600d6a859007123a2d56e75	conditional_candidate	eed915b6ca8b3996cd855855d0eb3687677480ad6600d6a859007123a2d56e75	1669	PF00520.38	Ion_trans	Ion transport protein	243	2	242	0.9917695473251029	126	416	125	417	0.1743559017375674	905.4844970703125	249.20404052734375	4.655923320511014e-276	1.2317175775928744e-75	3.607541022238544e-77	25.0	25.0	1
peptide_eed915b6ca8b3996cd855855d0eb3687677480ad6600d6a859007123a2d56e75	conditional_candidate	eed915b6ca8b3996cd855855d0eb3687677480ad6600d6a859007123a2d56e75	1669	PF00520.38	Ion_trans	Ion transport protein	243	3	239	0.9753086419753086	524	759	522	762	0.14140203714799282	905.4844970703125	219.8004150390625	4.655923320511014e-276	1.1752489681640683e-66	3.442151789601874e-68	25.0	25.0	2
peptide_eed915b6ca8b3996cd855855d0eb3687677480ad6600d6a859007123a2d56e75	conditional_candidate	eed915b6ca8b3996cd855855d0eb3687677480ad6600d6a859007123a2d56e75	1669	PF00520.38	Ion_trans	Ion transport protein	243	1	242	0.9958847736625515	885	1162	885	1163	0.1665668064709407	905.4844970703125	217.21044921875	4.655923320511014e-276	7.262456644496949e-66	2.1270793519447133e-67	25.0	25.0	3
peptide_eed915b6ca8b3996cd855855d0eb3687677480ad6600d6a859007123a2d56e75	conditional_candidate	eed915b6ca8b3996cd855855d0eb3687677480ad6600d6a859007123a2d56e75	1669	PF00520.38	Ion_trans	Ion transport protein	243	2	242	0.9917695473251029	1205	1459	1204	1460	0.15278609946075494	905.4844970703125	238.2955322265625	4.655923320511014e-276	2.641662848228355e-72	7.737087839999365e-74	25.0	25.0	4
peptide_eed915b6ca8b3996cd855855d0eb3687677480ad6600d6a859007123a2d56e75	conditional_candidate	eed915b6ca8b3996cd855855d0eb3687677480ad6600d6a859007123a2d56e75	1669	PF08016.19	PKD_channel	Polycystin cation channel	225	93	223	0.5822222222222222	1293	1453	1284	1455	0.09646494907130018	54.31153106689453	32.14106369018555	4.675739775715956e-16	2.8068944182311105e-09	8.22102967682752e-11	22.399999618530273	22.399999618530273	10
peptide_eed915b6ca8b3996cd855855d0eb3687677480ad6600d6a859007123a2d56e75	conditional_candidate	eed915b6ca8b3996cd855855d0eb3687677480ad6600d6a859007123a2d56e75	1669	PF16905.11	GPHH	Voltage-dependent L-type calcium channel, IQ-associated	54	1	54	1.0	1469	1522	1469	1522	0.03235470341521869	101.28028869628906	99.61289978027344	7.6450681220639205e-31	2.5357217929100324e-30	7.426800230280429e-32	26.799999237060547	26.799999237060547	1
peptide_eed915b6ca8b3996cd855855d0eb3687677480ad6600d6a859007123a2d56e75	conditional_candidate	eed915b6ca8b3996cd855855d0eb3687677480ad6600d6a859007123a2d56e75	1669	PF08763.18	Ca_chan_IQ	Voltage gated calcium channel IQ domain	77	1	77	1.0	1532	1606	1532	1606	0.04493708807669263	105.91581726074219	104.56200408935547	3.8580807854644215e-32	1.0206589302540028e-31	2.9893776199908035e-33	26.700000762939453	26.700000762939453	1
peptide_f0766d124b52f0061597ce4e822e9275a04152df574f9a512631a0fa6ed8a2fa	conditional_candidate	f0766d124b52f0061597ce4e822e9275a04152df574f9a512631a0fa6ed8a2fa	118	PF04598.18	Gasdermin	Gasdermin pore forming domain	240	1	73	0.30416666666666664	4	77	4	94	0.6271186440677966	101.67550659179688	101.50822448730469	1.6588332398134144e-30	1.8659444675114847e-30	7.807299027244706e-33	25.0	25.0	1
peptide_f24219a126525f2d211114163d59773936920bb6110bdcc3eba476c5a060678c	conditional_candidate	f24219a126525f2d211114163d59773936920bb6110bdcc3eba476c5a060678c	525	PF12796.14	Ank_2	Ankyrin repeats (3 copies)	90	4	89	0.9555555555555556	56	145	53	146	0.17142857142857143	109.8419418334961	54.86915969848633	2.822919402096145e-33	4.002112159228757e-16	1.0047143495971775e-17	27.299999237060547	27.299999237060547	1
peptide_f24219a126525f2d211114163d59773936920bb6110bdcc3eba476c5a060678c	conditional_candidate	f24219a126525f2d211114163d59773936920bb6110bdcc3eba476c5a060678c	525	PF13606.13	Ank_3	Ankyrin repeat	31	3	30	0.9032258064516129	83	109	81	110	0.05142857142857143	86.74195861816406	19.828760147094727	3.872117520002872e-27	2.858940911673952e-05	7.177257518846741e-07	22.299999237060547	17.200000762939453	2
peptide_f24219a126525f2d211114163d59773936920bb6110bdcc3eba476c5a060678c	conditional_candidate	f24219a126525f2d211114163d59773936920bb6110bdcc3eba476c5a060678c	525	PF13637.13	Ank_4	Ankyrin repeats (many copies)	50	1	50	1.0	86	136	86	136	0.09714285714285714	109.73568725585938	39.040245056152344	1.3810039452962368e-33	2.5471653185990276e-11	6.394557285185843e-13	22.700000762939453	22.700000762939453	2
peptide_f24219a126525f2d211114163d59773936920bb6110bdcc3eba476c5a060678c	conditional_candidate	f24219a126525f2d211114163d59773936920bb6110bdcc3eba476c5a060678c	525	PF13606.13	Ank_3	Ankyrin repeat	31	3	29	0.8709677419354839	117	142	115	144	0.049523809523809526	86.74195861816406	25.514745712280273	3.872117520002872e-27	3.962215875316466e-07	9.946985461045522e-09	22.299999237060547	17.200000762939453	3
peptide_f24219a126525f2d211114163d59773936920bb6110bdcc3eba476c5a060678c	conditional_candidate	f24219a126525f2d211114163d59773936920bb6110bdcc3eba476c5a060678c	525	PF00023.37	Ank	Ankyrin repeat	33	3	32	0.9090909090909091	117	146	116	147	0.05714285714285714	105.02236938476562	32.51575469970703	1.977355717892769e-32	2.4777558349240914e-09	6.220307535374287e-11	21.100000381469727	14.699999809265137	3
peptide_f24219a126525f2d211114163d59773936920bb6110bdcc3eba476c5a060678c	conditional_candidate	f24219a126525f2d211114163d59773936920bb6110bdcc3eba476c5a060678c	525	PF13637.13	Ank_4	Ankyrin repeats (many copies)	50	1	50	1.0	120	169	120	169	0.09523809523809523	109.73568725585938	35.573524475097656	1.3810039452962368e-33	3.1471474741993703e-10	7.900788638157415e-12	22.700000762939453	22.700000762939453	3
peptide_f24219a126525f2d211114163d59773936920bb6110bdcc3eba476c5a060678c	conditional_candidate	f24219a126525f2d211114163d59773936920bb6110bdcc3eba476c5a060678c	525	PF13857.13	Ank_5	Ankyrin repeats (many copies)	56	2	56	0.9821428571428571	203	257	202	257	0.10476190476190476	90.67433166503906	31.117341995239258	1.741029475722053e-27	8.60345016703471e-09	1.4399079777463952e-10	27.0	27.0	4
peptide_f24219a126525f2d211114163d59773936920bb6110bdcc3eba476c5a060678c	conditional_candidate	f24219a126525f2d211114163d59773936920bb6110bdcc3eba476c5a060678c	525	PF12796.14	Ank_2	Ankyrin repeats (3 copies)	90	21	80	0.6666666666666666	208	270	195	280	0.12	109.8419418334961	29.953550338745117	2.822919402096145e-33	2.376823218968943e-08	5.966920214984795e-10	27.299999237060547	27.299999237060547	3
peptide_f24219a126525f2d211114163d59773936920bb6110bdcc3eba476c5a060678c	conditional_candidate	f24219a126525f2d211114163d59773936920bb6110bdcc3eba476c5a060678c	525	PF13606.13	Ank_3	Ankyrin repeat	31	2	30	0.9354838709677419	217	244	216	245	0.05333333333333334	86.74195861816406	17.9072265625	3.872117520002872e-27	0.00012139246866296773	3.047509673547307e-06	22.299999237060547	17.200000762939453	6
peptide_f24219a126525f2d211114163d59773936920bb6110bdcc3eba476c5a060678c	conditional_candidate	f24219a126525f2d211114163d59773936920bb6110bdcc3eba476c5a060678c	525	PF00023.37	Ank	Ankyrin repeat	33	2	32	0.9393939393939394	217	247	216	248	0.05904761904761905	105.02236938476562	26.54892921447754	1.977355717892769e-32	1.9718431576197277e-07	4.950233868501409e-09	21.100000381469727	14.699999809265137	6
peptide_f24219a126525f2d211114163d59773936920bb6110bdcc3eba476c5a060678c	conditional_candidate	f24219a126525f2d211114163d59773936920bb6110bdcc3eba476c5a060678c	525	PF13637.13	Ank_4	Ankyrin repeats (many copies)	50	1	41	0.82	221	261	221	270	0.07809523809523809	109.73568725585938	26.72176742553711	1.3810039452962368e-33	1.9311661189505986e-07	4.848115779792297e-09	22.700000762939453	22.700000762939453	6
peptide_f24219a126525f2d211114163d59773936920bb6110bdcc3eba476c5a060678c	conditional_candidate	f24219a126525f2d211114163d59773936920bb6110bdcc3eba476c5a060678c	525	PF01529.26	DHHC	DHHC palmitoyltransferase	133	4	80	0.5789473684210527	424	500	421	510	0.14666666666666667	81.6398696899414	81.6398696899414	1.9615884297469514e-24	1.9615884297469514e-24	1.3679138282754195e-26	28.700000762939453	28.700000762939453	3
peptide_f24d6b7fa37dddf47c2a5a41244495275ae838ba9d20379f92b7e8df069983ac	conditional_candidate	f24d6b7fa37dddf47c2a5a41244495275ae838ba9d20379f92b7e8df069983ac	239	PF15250.12	Raftlin	Raftlin	459	1	148	0.3224400871459695	1	148	1	156	0.6192468619246861	266.3087158203125	265.9534912109375	1.713268081055957e-80	2.1957185350280068e-80	1.2249475788161822e-82	29.399999618530273	29.399999618530273	1
peptide_f3b157eea4a7b3afed59584e95a707bc05cb7cf6e128952858f1c030fdca8e9f	conditional_candidate	f3b157eea4a7b3afed59584e95a707bc05cb7cf6e128952858f1c030fdca8e9f	70	PF03165.23	MH1	MH1 domain	103	1	41	0.39805825242718446	31	69	31	70	0.5571428571428572	34.017173767089844	33.621002197265625	1.0205672705288875e-09	1.355765317104932e-09	5.672658230564569e-12	25.0	25.0	1
peptide_f41443bc0b10f416c99dddf5688636205400f620bb71771505df8299c360c620	conditional_candidate	f41443bc0b10f416c99dddf5688636205400f620bb71771505df8299c360c620	252	PF08718.17	GLTP	Glycolipid transfer protein (GLTP)	147	1	57	0.3877551020408163	18	75	18	80	0.23015873015873015	88.89090728759766	54.558372497558594	1.44243497086494e-26	5.517904453485623e-16	9.234986533030332e-18	25.600000381469727	25.600000381469727	1
peptide_f41443bc0b10f416c99dddf5688636205400f620bb71771505df8299c360c620	conditional_candidate	f41443bc0b10f416c99dddf5688636205400f620bb71771505df8299c360c620	252	PF08718.17	GLTP	Glycolipid transfer protein (GLTP)	147	87	142	0.38095238095238093	74	132	72	136	0.23412698412698413	88.89090728759766	33.65623474121094	1.44243497086494e-26	1.5298882783643944e-09	2.5604824742500324e-11	25.600000381469727	25.600000381469727	2
peptide_f41443bc0b10f416c99dddf5688636205400f620bb71771505df8299c360c620	conditional_candidate	f41443bc0b10f416c99dddf5688636205400f620bb71771505df8299c360c620	252	PF12796.14	Ank_2	Ankyrin repeats (3 copies)	90	7	83	0.8555555555555555	108	184	102	191	0.3055555555555556	47.469120025634766	46.6497917175293	8.14915864950922e-14	1.4680621384541729e-13	3.685511644654827e-15	27.299999237060547	27.299999237060547	1
peptide_f41443bc0b10f416c99dddf5688636205400f620bb71771505df8299c360c620	conditional_candidate	f41443bc0b10f416c99dddf5688636205400f620bb71771505df8299c360c620	252	PF13606.13	Ank_3	Ankyrin repeat	31	2	29	0.9032258064516129	128	154	127	156	0.10714285714285714	36.295616149902344	20.287744522094727	1.1873664926847532e-10	2.023960655794023e-05	5.081072776051941e-07	22.299999237060547	17.200000762939453	1
peptide_f41443bc0b10f416c99dddf5688636205400f620bb71771505df8299c360c620	conditional_candidate	f41443bc0b10f416c99dddf5688636205400f620bb71771505df8299c360c620	252	PF00023.37	Ank	Ankyrin repeat	33	2	31	0.9090909090909091	128	157	127	159	0.11904761904761904	44.643009185791016	28.338123321533203	3.394343106473815e-13	5.3076235948375626e-08	1.3324578062353713e-09	21.100000381469727	14.699999809265137	1
peptide_f41443bc0b10f416c99dddf5688636205400f620bb71771505df8299c360c620	conditional_candidate	f41443bc0b10f416c99dddf5688636205400f620bb71771505df8299c360c620	252	PF13637.13	Ank_4	Ankyrin repeats (many copies)	50	1	47	0.94	132	178	132	181	0.1865079365079365	45.95762634277344	38.13988494873047	1.6880890137785229e-13	4.893614854748459e-11	1.2285225576774374e-12	22.700000762939453	22.700000762939453	2
peptide_f7b68fea961e6f0194842633b1fdb2a31f6c14e63114270cc1767153d4d2780d	conditional_candidate	f7b68fea961e6f0194842633b1fdb2a31f6c14e63114270cc1767153d4d2780d	292	PF08216.18	CTNNBL	Catenin-beta-like, Arm-motif containing nuclear	474	286	474	0.3987341772151899	72	263	69	263	0.6575342465753424	213.32476806640625	212.99423217773438	1.727229218683149e-64	2.1756592656397983e-64	1.213756912490822e-66	27.0	27.0	1
peptide_fa6506540deb5226f196b5e2c3dc3fd6a10972fec505231d4d43a33b7e157c2a	conditional_candidate	fa6506540deb5226f196b5e2c3dc3fd6a10972fec505231d4d43a33b7e157c2a	915	PF16660.11	PHD20L1_u1	PHD finger protein 20-like protein 1	99	1	99	1.0	220	315	220	315	0.10491803278688525	144.37631225585938	144.37631225585938	5.735683779412916e-44	5.735683779412916e-44	7.999558967103091e-46	27.0	27.0	2
peptide_fa6506540deb5226f196b5e2c3dc3fd6a10972fec505231d4d43a33b7e157c2a	conditional_candidate	fa6506540deb5226f196b5e2c3dc3fd6a10972fec505231d4d43a33b7e157c2a	915	PF20826.3	PHD_5	PhD finger domain	56	1	56	1.0	575	630	575	630	0.06120218579234973	133.56927490234375	132.55810546875	7.243243786720869e-41	1.4987268605273031e-40	1.2541647368429316e-42	27.0	27.0	1
peptide_fce534cced06c5860a0e4e21ac53ffa1a3c03bdd613724466f90f0578df30471	conditional_candidate	fce534cced06c5860a0e4e21ac53ffa1a3c03bdd613724466f90f0578df30471	176	PF00261.26	Tropomyosin	Tropomyosin	242	2	146	0.5991735537190083	8	152	7	166	0.8238636363636364	166.3175811767578	166.12005615234375	3.018573589035525e-50	3.468381115933138e-50	6.288557113965244e-52	38.599998474121094	38.599998474121094	1
peptide_fe9d713de22366a70052a1235a251c8f1999f247300bea4c5902067bfde22536	conditional_candidate	fe9d713de22366a70052a1235a251c8f1999f247300bea4c5902067bfde22536	212	PF00261.26	Tropomyosin	Tropomyosin	242	1	82	0.33884297520661155	1	82	1	83	0.3867924528301887	178.35781860351562	53.074710845947266	6.348311607632977e-54	1.1606248544806854e-15	2.1043407403415493e-17	38.599998474121094	38.599998474121094	1
peptide_fe9d713de22366a70052a1235a251c8f1999f247300bea4c5902067bfde22536	conditional_candidate	fe9d713de22366a70052a1235a251c8f1999f247300bea4c5902067bfde22536	212	PF16526.11	CLZ	C-terminal leucine zipper domain of cyclic nucleotide-gated channels	71	9	69	0.8591549295774648	13	72	9	74	0.2830188679245283	27.80952262878418	27.80952262878418	9.676485077983273e-08	9.676485077983273e-08	8.097477052705668e-10	26.700000762939453	26.700000762939453	1
peptide_fe9d713de22366a70052a1235a251c8f1999f247300bea4c5902067bfde22536	conditional_candidate	fe9d713de22366a70052a1235a251c8f1999f247300bea4c5902067bfde22536	212	PF00261.26	Tropomyosin	Tropomyosin	242	23	146	0.512396694214876	65	188	64	197	0.5849056603773585	178.35781860351562	135.5126495361328	6.348311607632977e-54	7.722691102301149e-41	1.4002089864702223e-42	38.599998474121094	38.599998474121094	2
peptide_ff641b7f66baa209ff86e50cff70775b9fc1fd0004872ad33a501711d57eaf5e	conditional_candidate	ff641b7f66baa209ff86e50cff70775b9fc1fd0004872ad33a501711d57eaf5e	133	PF00169.36	PH	PH domain	105	2	46	0.42857142857142855	6	68	5	111	0.47368421052631576	26.845256805419922	26.302167892456055	2.1890955950510108e-07	3.230225541969865e-07	4.505196013904972e-09	25.100000381469727	25.100000381469727	1
peptide_ff641b7f66baa209ff86e50cff70775b9fc1fd0004872ad33a501711d57eaf5e	conditional_candidate	ff641b7f66baa209ff86e50cff70775b9fc1fd0004872ad33a501711d57eaf5e	133	PF00059.28	Lectin_C	Lectin C-type domain	107	21	107	0.8130841121495327	39	128	34	128	0.6766917293233082	49.497779846191406	49.07275390625	2.329134028426389e-14	3.1575553974119646e-14	1.3211528859464287e-16	22.600000381469727	22.600000381469727	1
