species	assembly	run	read_id	caller	gene5	gene3	chrom5	chrom3	strand5	strand3	boundary5_0based	boundary3_0based	query_gap_nt	status	start5	end5	qstart5	qend5	start3	end3	qstart3	qend3	original_read_id	mapq5	aligned_nt5	mapq3	aligned_nt3	alignment_qc_pass	symbol5	symbol3	genion_flag	statistical_flag	caller_statistical_pass
homo_sapiens	GRCh38	SRR31438987	SRR31438987.225834	LongGF	ENSG00000117151	ENSG00000174021	1	1	-	-	84563247	84501968	1	unvalidated_caller_evidence	84563247	84574407	0	824	84498328	84501968	825	1186	e69dae69-bc34-47e4-ba3e-1a10c8d4df8b	60	812	60	354	True	CTBS	GNG5			
homo_sapiens	GRCh38	SRR31438987	SRR31438987.371274	LongGF	ENSG00000117151	ENSG00000174021	1	1	-	-	84563254	84501970	-2	unvalidated_caller_evidence	84563254	84563826	25	283	84498324	84501970	281	640	eacb1d33-43e5-444b-93fa-d09607d04793	60	247	53	355	True	CTBS	GNG5			
homo_sapiens	GRCh38	SRR31438987	SRR31438987.459810	LongGF	ENSG00000117151	ENSG00000174021	1	1	-	-	84563259	84501970	3	unvalidated_caller_evidence	84563259	84570103	0	597	84498328	84501970	600	958	1ce0ed33-9539-4f35-904e-405942ebe710	60	584	44	344	True	CTBS	GNG5			
homo_sapiens	GRCh38	SRR31438987	SRR31438987.220736	LongGF	ENSG00000169084	ENSG00000292338	X	Y	-	-	2500816	2425302	0	unvalidated_caller_evidence	2500816	2500963	1	149	2408747	2425302	149	326	d81842f9-7c70-4292-bbee-5b9f304a6517	0	145	0	170	False	DHRSX	DHRSX			
homo_sapiens	GRCh38	SRR31438987	SRR31438987.521606	LongGF	ENSG00000169084	ENSG00000292338	X	Y	-	-	2500816	2425307	-3	unvalidated_caller_evidence	2500816	2500949	3	136	2408757	2425307	133	300	4b4e1208-a551-4475-b05c-c93adf0d7d4c	0	132	0	164	False	DHRSX	DHRSX			
homo_sapiens	GRCh38	SRR31438987	SRR31438987.80987	LongGF	ENSG00000169084	ENSG00000292338	X	Y	-	-	2500819	2425298	5	unvalidated_caller_evidence	2500819	2500946	0	129	2408744	2425298	134	305	6e706e2a-9454-47a4-b8ec-fa987e2f2292	0	127	0	170	False	DHRSX	DHRSX			
homo_sapiens	GRCh38	SRR31438987	SRR31438987.38655	LongGF	ENSG00000120885	ENSG00000163631	8	4	-	+	27604322	73419506	10	unvalidated_caller_evidence	27604322	27606502	1	634	73419506	73421256	644	1010	0ddaf738-9029-455b-aa07-e81b94e8b8b1	60	619	60	350	True	CLU	ALB			
homo_sapiens	GRCh38	SRR31438987	SRR31438987.497408	LongGF	ENSG00000119285	ENSG00000138115	1	10	-	-	236571350	95067699	-6	unvalidated_caller_evidence	236571350	236571468	1	115	95036777	95067699	109	1739	deef7e9e-d102-45b9-b47c-28b5552621bf	60	114	60	1607	True	HEATR1	CYP2C8			
homo_sapiens	GRCh38	SRR31438987	SRR31438987.274151	LongGF	ENSG00000115414	ENSG00000163631	2	4	-	+	215372254	73420257	2	unvalidated_caller_evidence	215372254	215375295	0	288	73420257	73421256	290	512	afcae314-e802-4162-b0aa-73cf3832c978	60	282	60	219	True	FN1	ALB			
homo_sapiens	GRCh38	SRR31438987	SRR31438987.431457	LongGF	ENSG00000168036	ENSG00000110328	3	11	+	-	41239927	11270985	0	unvalidated_caller_evidence	41239296	41239927	3	332	11270877	11270985	332	434	d40698d5-e4c7-4c5c-9f08-6f08dc72a624	60	319	60	102	True	CTNNB1	GALNT18			
homo_sapiens	GRCh38	SRR31438987	SRR31438987.37109	LongGF	ENSG00000130208	ENSG00000106927	19	9	+	-	44916326	114060953	18	unvalidated_caller_evidence	44916183	44916326	78	218	114060128	114060953	236	405	c32022fc-b295-452d-9b0b-296f73cba7f1	60	140	60	167	True	APOC1	AMBP			
homo_sapiens	GRCh38	SRR31438987	SRR31438987.509935	LongGF	ENSG00000106853	ENSG00000183077	9	17	-	+	111563004	78207356	7	unvalidated_caller_evidence	111563004	111563231	3	232	78207356	78207702	239	581	b166fe87-1cba-4a9b-9ab0-1de029ff98fb	60	221	60	330	True	PTGR1	AFMID			
homo_sapiens	GRCh38	SRR31438987	SRR31438987.497284	LongGF	ENSG00000145321	ENSG00000106244	4	7	-	-	71741731	99396681	0	unvalidated_caller_evidence	71741731	71754508	32	434	99395984	99396681	434	1120	ab87fc14-357d-4f78-a54a-ed0a59bb9573	60	390	60	660	True	GC	PDAP1			
homo_sapiens	GRCh38	SRR31438987	SRR31438987.1783	LongGF	ENSG00000057608	ENSG00000142937	10	1	-	+	5765606	44778580	0	unvalidated_caller_evidence	5765606	5765932	0	304	44778580	44778738	304	462	5e57be82-0630-4d9c-a7a8-74659e445d2f	60	304	8	155	False	GDI2	RPS8			
homo_sapiens	GRCh38	SRR31438987	SRR31438987.333465	LongGF	ENSG00000165533	ENSG00000100722	14	14	+	+	88824822	88596731	-3	unvalidated_caller_evidence	88824699	88824822	0	122	88596731	88611888	119	784	51615ab7-82eb-4344-a466-bb685c3dd811	60	121	60	653	True	TTC8	ZC3H14			
homo_sapiens	GRCh38	SRR31438987	SRR31438987.520655	LongGF	ENSG00000178234	ENSG00000091583	7	17	+	-	152025884	66216968	-1	unvalidated_caller_evidence	152025730	152025884	2	156	66212037	66216968	155	687	e6916ebe-c9fd-4660-a4d1-9dfde6081066	60	150	60	514	True	GALNT11	APOH			
homo_sapiens	GRCh38	SRR31438987	SRR31438987.167562	LongGF	ENSG00000091513	ENSG00000132676	3	1	+	+	133748583	155738157	3	unvalidated_caller_evidence	133746458	133748583	64	252	155738157	155738520	255	603	c5d237ad-0862-418e-bef4-eda08b314848	60	183	55	336	True	TF	DAP3			
homo_sapiens	GRCh38	SRR31438987	SRR31438987.452774	LongGF	ENSG00000091513	ENSG00000106927	3	9	+	-	133753703	114061099	-1	unvalidated_caller_evidence	133746404	133753703	0	361	114060126	114061099	360	673	5deb1a66-0461-4d6e-a68b-f106b8dceb69	60	354	60	308	True	TF	AMBP			
homo_sapiens	GRCh38	SRR31438987	SRR31438987.557755	LongGF	ENSG00000196937	ENSG00000086065	7	9	-	+	121349076	33280870	-1	unvalidated_caller_evidence	121349076	121349291	3	207	33280870	33281161	206	471	5fa705a3-fdab-4a04-9d72-79c252af3ae4	13	203	40	254	False	FAM3C	CHMP5			
homo_sapiens	GRCh38	SRR31438987	SRR31438987.522825	LongGF	ENSG00000084674	ENSG00000171560	2	4	-	-	21015092	154586548	-1	unvalidated_caller_evidence	21015092	21026966	32	1632	154585274	154586548	1631	2901	36882088-fb55-4f61-b27c-2bea65dc6352	60	1569	60	1236	True	APOB	FGA			
homo_sapiens	GRCh38	SRR31438987	SRR31438987.160715	LongGF	ENSG00000131620	ENSG00000078140	11	4	+	+	69986159	39774832	6	unvalidated_caller_evidence	69985969	69986159	5	190	39774832	39778631	196	696	0942b746-b069-42a9-8948-cba24d6ec933	60	175	60	484	True	ANO1	UBE2K			
homo_sapiens	GRCh38	SRR31438987	SRR31438987.309564	LongGF	ENSG00000074695	ENSG00000257267	18	18	-	+	59345913	35305974	-9	unvalidated_caller_evidence	59345913	59349142	0	209	35305974	35306324	200	541	46549ae2-66fd-4a8f-a6da-470e6daa0986	60	205	60	330	True	LMAN1	ZNF271P			
homo_sapiens	GRCh38	SRR31438987	SRR31438987.309252	LongGF	ENSG00000116133	ENSG00000102910	1	16	-	+	54853483	48351657	-2	unvalidated_caller_evidence	54853483	54886958	1	1173	48351657	48351949	1171	1467	ab0a9449-958e-4f43-8956-d6682f876cb8	60	1154	60	288	True	DHCR24	LONP2			
homo_sapiens	GRCh38	SRR31438987	SRR31438987.252364	LongGF	ENSG00000290569	ENSG00000295994	1	1	-	+	120341715	120630543	-3	unvalidated_caller_evidence	120341715	120342140	66	460	120630543	120631047	457	950	db62a938-bff4-4635-8f35-0811e0ea2a6d	4	390	1	482	False					
homo_sapiens	GRCh38	SRR31438987	SRR31438987.452686	LongGF	ENSG00000289358	ENSG00000290763	3	3	+	-	109343650	195960087	-1	unvalidated_caller_evidence	109338606	109343650	0	272	195959748	195960087	271	601	d466c8c1-271c-419d-9592-50605aa2276e	60	263	12	323	False		SDHAP1			
homo_sapiens	GRCh38	SRR31438987	SRR31438987.259773	LongGF	ENSG00000263266	ENSG00000291033	17	Y	+	+	28468106	19589512	-3	unvalidated_caller_evidence	28467789	28468106	1	314	19589512	19590258	311	585	79ddc3a8-fdcc-4410-96fd-acd7c42b3fc1	1	300	60	266	False	RPS7P1	TXLNGY			
homo_sapiens	GRCh38	SRR31438987	SRR31438987.369689	LongGF	ENSG00000211668	ENSG00000254709	22	22	+	+	22793001	22893786	-3	unvalidated_caller_evidence	22792865	22793001	0	132	22893786	22895832	129	606	2a9ac71d-238f-4a9c-8c6b-83fd770f313c	27	131	60	473	True	IGLV2-11	IGLL5			
homo_sapiens	GRCh38	SRR31438987	SRR31438987.328480	LongGF	ENSG00000204802	ENSG00000291181	9	9	+	-	62376813	39818910	12	unvalidated_caller_evidence	62376530	62376813	0	288	39816630	39818910	300	1453	a431c818-608e-4743-8853-6ccef05a5fe6	22	267	16	1112	False	FAM88C	FGF7P3			
homo_sapiens	GRCh38	SRR31438987	SRR31438987.452071	LongGF	ENSG00000280800	ENSG00000168255	21	7	+	-	8211053	102538408	8	unvalidated_caller_evidence	8210007	8211053	34	1056	102537918	102538408	1064	1535	f3d4138c-d12f-4c68-be39-002a3442a99b	0	979	1	462	False		POLR2J3			
homo_sapiens	GRCh38	SRR31438987	SRR31438987.140616	LongGF	ENSG00000281383	ENSG00000161013	21	5	+	-	8255262	179806578	-1	unvalidated_caller_evidence	8254665	8255262	0	598	179797609	179806578	597	2629	d32e6e7e-3b41-4b17-9c62-e73d71457fa5	0	579	60	1995	False		MGAT4B			
homo_sapiens	GRCh38	SRR31438987	SRR31438987.26135	LongGF	ENSG00000152990	ENSG00000249948	4	4	-	+	22515532	22818720	4	unvalidated_caller_evidence	22515532	22516060	4	535	22818720	22819272	539	1089	e476f974-2c4b-468d-bd16-76d8633e4e14	60	513	60	540	True	ADGRA3	GBA3			
homo_sapiens	GRCh38	SRR31438987	SRR31438987.452092	LongGF	ENSG00000121410	ENSG00000211450	19	11	-	+	58350369	57742867	6	unvalidated_caller_evidence	58350369	58353036	49	1068	57742867	57743035	1074	1243	822e8052-d355-4cc8-adef-5dd5f87ce3ba	60	1009	60	167	True	A1BG	SELENOH			
homo_sapiens	GRCh38	SRR31438987	SRR31438987.300705	LongGF	ENSG00000141027	ENSG00000170315	17	17	-	+	16215359	16381900	-3	unvalidated_caller_evidence	16215359	16215528	1	165	16381900	16382740	162	971	7377cb90-3bf0-4933-a3ce-009a973f13e5	60	163	60	799	True	NCOR1	UBB			
homo_sapiens	GRCh38	SRR31438987	SRR31438987.90968	LongGF	ENSG00000137491	ENSG00000255717	11	11	+	-	75172570	62853113	0	unvalidated_caller_evidence	75172376	75172570	3	195	62851994	62853113	195	941	ac295e62-ed47-48fa-9cc8-9bb3634b04e9	60	189	60	727	True	SLCO2B1	SNHG1			
homo_sapiens	GRCh38	SRR31438987	SRR31438987.279203	LongGF	ENSG00000151422	ENSG00000134516	5	5	+	+	109047199	169934644	-7	unvalidated_caller_evidence	109037420	109047199	599	864	169934644	169934871	857	1078	4bf7a450-3ecb-403e-8c9d-cff2bc667208	60	260	60	216	True	FER	DOCK2			
homo_sapiens	GRCh38	SRR31438987	SRR31438987.54551	LongGF	ENSG00000132837	ENSG00000170315	5	17	-	+	79028540	16382616	15	unvalidated_caller_evidence	79028540	79051367	3	1244	16382616	16382745	1259	1384	4660ed99-d30b-42b2-bdc0-850e08d3495d	60	1208	51	124	True	DMGDH	UBB			
homo_sapiens	GRCh38	SRR31438987	SRR31438987.224575	LongGF	ENSG00000125730	ENSG00000157020	19	3	-	-	6686244	10301191	5	unvalidated_caller_evidence	6686244	6693072	17	468	10300930	10301191	473	723	24ed456e-8239-46b6-8e4b-1396373c1613	60	431	60	250	True	C3	SEC13			
homo_sapiens	GRCh38	SRR31438987	SRR31438987.372715	LongGF	ENSG00000204397	ENSG00000122565	11	7	-	+	105044515	26212296	0	unvalidated_caller_evidence	105044515	105045318	0	165	26212296	26212434	165	295	b19c1443-c22f-4ad0-8cc3-269bff681646	35	165	6	126	False	CARD16	CBX3			
homo_sapiens	GRCh38	SRR31438987	SRR31438987.223482	LongGF	ENSG00000152078	ENSG00000122481	1	1	+	+	95173891	95246754	-3	unvalidated_caller_evidence	95117395	95173891	0	711	95246754	95247223	708	1188	05088e89-891d-4c66-8a89-3b7273cbb7c0	60	692	60	459	True	TLCD4	RWDD3			
homo_sapiens	GRCh38	SRR31438987	SRR31438987.421346	LongGF	ENSG00000280800	ENSG00000148337	21	9	+	-	8211047	128166253	3	unvalidated_caller_evidence	8210803	8211047	11	252	128166074	128166253	255	434	66b15f57-70f0-4c5c-8fd7-032b4609f471	0	235	60	174	False		CIZ1			
homo_sapiens	GRCh38	SRR31438987	SRR31438987.225834	Genion	ENSG00000117151	ENSG00000174021	1	1	-	-	84563247	84501968	1	observed exon-aligned boundaries; not exon-repaired; not conserved			0	824			825	1186	e69dae69-bc34-47e4-ba3e-1a10c8d4df8b	60	735	60	354	True	CTBS	GNG5	PASS:RT	pFAIL	False
homo_sapiens	GRCh38	SRR31438987	SRR31438987.473014	Genion	ENSG00000117151	ENSG00000174021	1	1	-	-	84563256	84501970	1	observed exon-aligned boundaries; not exon-repaired; not conserved			0	726			727	1087	e2d9d39b-99a2-484b-a956-6e17463fde26	60	705	60	346	True	CTBS	GNG5	PASS:RT	pFAIL	False
homo_sapiens	GRCh38	SRR31438987	SRR31438987.371274	Genion	ENSG00000117151	ENSG00000174021	1	1	-	-	84563254	84501970	-2	observed exon-aligned boundaries; not exon-repaired; not conserved			25	283			281	640	eacb1d33-43e5-444b-93fa-d09607d04793	60	247	53	355	True	CTBS	GNG5	PASS:RT	pFAIL	False
homo_sapiens	GRCh38	SRR31438987	SRR31438987.459810	Genion	ENSG00000117151	ENSG00000174021	1	1	-	-	84563259	84501970	3	observed exon-aligned boundaries; not exon-repaired; not conserved			0	597			600	958	1ce0ed33-9539-4f35-904e-405942ebe710	60	584	44	344	True	CTBS	GNG5	PASS:RT	pFAIL	False
homo_sapiens	GRCh38	SRR31438987	SRR31438987.362984	Genion	ENSG00000118640	ENSG00000168899	2	2	+	+	85581876	85591724	0	observed exon-aligned boundaries; not exon-repaired; not conserved			1	335			335	918	9a7682bb-51d1-42e4-8f81-d66328cba61f	60	323	60	566	True	VAMP8	VAMP5	PASS:RT	pFAIL	False
homo_sapiens	GRCh38	SRR31438987	SRR31438987.361891	Genion	ENSG00000250479	ENSG00000128218	22	22	-	-	23766127	23753198	0	observed exon-aligned boundaries; not exon-repaired; not conserved			0	454			454	895	6cb6faeb-2525-4439-9d02-bdb672ae0167	60	443	60	431	True	CHCHD10	VPREB3	PASS:RT	pFAIL	False
bos_taurus	ARS-UCD2.0	SRR31429688	SRR31429688.1372087	LongGF	ENSBTAG00000071406	ENSBTAG00000076786	23	4	+	+	27947975	106071887	-1	unvalidated_caller_evidence	27873896	27947975	5	1460	106071887	106075652	1459	2078	0c7e1ea4-ca6b-42bf-aae1-568c577eeac1	60	1389	60	601	True		PRSS2			
bos_taurus	ARS-UCD2.0	SRR31429688	SRR31429688.1534760	LongGF	ENSBTAG00000071406	ENSBTAG00000076786	23	4	+	+	27947971	106071885	3	unvalidated_caller_evidence	27830896	27947971	0	1502	106071885	106075652	1505	2111	a5b53ed2-578b-4cdf-b008-c1f79cbe4788	60	1482	26	598	True		PRSS2			
bos_taurus	ARS-UCD2.0	SRR31429688	SRR31429688.1610012	LongGF	ENSBTAG00000071406	ENSBTAG00000076786	23	4	+	+	27947975	106071887	-1	unvalidated_caller_evidence	27945364	27947975	14	1479	106071887	106075644	1478	2104	7a60d113-c855-491f-b996-7a5dbb3f35d9	54	1392	60	597	True		PRSS2			
bos_taurus	ARS-UCD2.0	SRR31429688	SRR31429688.1767033	LongGF	ENSBTAG00000071406	ENSBTAG00000076786	23	4	+	+	27947975	106071887	5	unvalidated_caller_evidence	27946622	27947975	5	1022	106071887	106075652	1027	1663	83fd6b3a-175e-4058-83ce-4c8ac52ba41f	60	1001	60	613	True		PRSS2			
bos_taurus	ARS-UCD2.0	SRR31429688	SRR31429688.404879	LongGF	ENSBTAG00000071406	ENSBTAG00000076786	23	4	+	+	27947972	106071886	8	unvalidated_caller_evidence	27830857	27947972	19	1608	106071886	106075652	1616	2242	7d8839a9-33aa-4a26-9206-7a289f07b9c0	60	1544	60	610	True		PRSS2			
bos_taurus	ARS-UCD2.0	SRR31429688	SRR31429688.433451	LongGF	ENSBTAG00000071406	ENSBTAG00000076786	23	4	+	+	27947971	106071885	3	unvalidated_caller_evidence	27830769	27947971	0	1707	106071885	106075652	1710	2336	d5febb4c-9935-4ea6-bb39-746212f99aec	60	1642	60	615	True		PRSS2			
bos_taurus	ARS-UCD2.0	SRR31429688	SRR31429688.642816	LongGF	ENSBTAG00000071406	ENSBTAG00000076786	23	4	+	+	27947975	106071879	-9	unvalidated_caller_evidence	27947483	27947975	2	493	106071879	106075652	484	1123	13a5e095-59e6-4110-b903-1a1990e197f9	37	469	43	617	True		PRSS2			
bos_taurus	ARS-UCD2.0	SRR31429688	SRR31429688.708113	LongGF	ENSBTAG00000071406	ENSBTAG00000076786	23	4	+	+	27947975	106071886	4	unvalidated_caller_evidence	27947773	27947975	0	195	106071886	106075652	199	828	3ca8c2d3-282f-41b3-9cd4-56d0eda1e048	1	190	60	614	False		PRSS2			
bos_taurus	ARS-UCD2.0	SRR31429688	SRR31429688.862987	LongGF	ENSBTAG00000071406	ENSBTAG00000076786	23	4	+	+	27947975	106071885	0	unvalidated_caller_evidence	27947477	27947975	0	497	106071885	106075652	497	1131	14395781-c09f-4518-a5ff-b15d1a2a7546	60	486	60	615	True		PRSS2			
bos_taurus	ARS-UCD2.0	SRR31429688	SRR31429688.1019982	LongGF	ENSBTAG00000074557	ENSBTAG00000000223	11	11	+	+	26360602	26643598	-3	unvalidated_caller_evidence	26360318	26360602	0	274	26643598	26670031	271	3118	abcf4a66-d9cc-4d5d-b7b7-15f5a6761aed	60	272	60	2781	True		PPM1B			
bos_taurus	ARS-UCD2.0	SRR31429688	SRR31429688.1481648	LongGF	ENSBTAG00000074557	ENSBTAG00000000223	11	11	+	+	26360599	26643608	8	unvalidated_caller_evidence	26360331	26360599	19	285	26643608	26670031	293	3142	673a7a06-7837-4f55-8957-d4fb8f7715a1	60	247	60	2758	True		PPM1B			
bos_taurus	ARS-UCD2.0	SRR31429688	SRR31429688.1550894	LongGF	ENSBTAG00000074557	ENSBTAG00000000223	11	11	+	+	26360602	26643598	-3	unvalidated_caller_evidence	26360273	26360602	1	311	26643598	26677330	308	2046	f806c3ae-7601-4f9c-81e0-0f5ef488bacf	60	307	60	1702	True		PPM1B			
bos_taurus	ARS-UCD2.0	SRR31429688	SRR31429688.347997	LongGF	ENSBTAG00000074557	ENSBTAG00000000223	11	11	+	+	26360602	26643598	-3	unvalidated_caller_evidence	26360314	26360602	0	289	26643598	26677135	286	9154	c0ae1384-69f3-490e-ac4d-a572ee860763	60	278	60	8684	True		PPM1B			
bos_taurus	ARS-UCD2.0	SRR31429688	SRR31429688.393671	LongGF	ENSBTAG00000074557	ENSBTAG00000000223	11	11	+	+	26360602	26643598	-3	unvalidated_caller_evidence	26360177	26360602	1	426	26643598	26670028	423	3254	de929781-ce5d-48f8-8b64-cfa42989a32d	60	413	60	2779	True		PPM1B			
bos_taurus	ARS-UCD2.0	SRR31429688	SRR31429688.1513538	LongGF	ENSBTAG00000072259	ENSBTAG00000058030	NKLS02001733.1	17	+	+	7618	71170638	13	unvalidated_caller_evidence	7135	7618	3	371	71170638	71172445	384	880	bcd55ad8-a639-4a3b-beb4-fe07122ad2f1	29	360	0	482	False					
bos_taurus	ARS-UCD2.0	SRR31429688	SRR31429688.1630667	LongGF	ENSBTAG00000072259	ENSBTAG00000058030	NKLS02001733.1	17	+	+	7633	71170635	-3	unvalidated_caller_evidence	7135	7633	2	381	71170635	71172439	378	874	7aec22b6-97ac-4806-992a-b03b887fbbf6	15	375	0	479	False					
bos_taurus	ARS-UCD2.0	SRR31429688	SRR31429688.1776464	LongGF	ENSBTAG00000072259	ENSBTAG00000058030	NKLS02001733.1	17	+	+	7634	71170638	1	unvalidated_caller_evidence	7131	7634	0	393	71170638	71172445	394	897	12bffd82-3337-4215-9ab8-2f8b16f12b90	37	377	0	490	False					
bos_taurus	ARS-UCD2.0	SRR31429688	SRR31429688.197324	LongGF	ENSBTAG00000072259	ENSBTAG00000058030	NKLS02001733.1	17	+	+	7632	71170640	1	unvalidated_caller_evidence	7144	7632	6	384	71170640	71172443	385	882	48cf35ae-34d3-4eca-8fca-144ab0e0d22b	37	362	0	480	False					
bos_taurus	ARS-UCD2.0	SRR31429688	SRR31429688.972221	LongGF	ENSBTAG00000072259	ENSBTAG00000058030	NKLS02001733.1	17	+	+	7633	71170633	-2	unvalidated_caller_evidence	7134	7633	2	375	71170633	71172440	373	878	95e51dbe-f7c9-48ad-ac4a-d2bb0a295209	26	370	0	495	False					
bos_taurus	ARS-UCD2.0	SRR31429688	SRR31429688.1366117	LongGF	ENSBTAG00000068150	ENSBTAG00000005273	11	11	+	+	6825833	6876058	-2	unvalidated_caller_evidence	6825560	6825833	0	268	6876058	6915251	266	5470	d55e90c6-0ee1-46df-9217-c64bd0e970d8	60	263	60	5085	True		IL1R1			
bos_taurus	ARS-UCD2.0	SRR31429688	SRR31429688.1600833	LongGF	ENSBTAG00000068150	ENSBTAG00000005273	11	11	+	+	6825832	6876058	2	unvalidated_caller_evidence	6825567	6825832	7	262	6876058	6915251	264	3817	51c04f94-3927-468e-a432-e463eff21743	60	245	60	3417	True		IL1R1			
bos_taurus	ARS-UCD2.0	SRR31429688	SRR31429688.373214	LongGF	ENSBTAG00000068150	ENSBTAG00000005273	11	11	+	+	6825833	6876058	-2	unvalidated_caller_evidence	6825562	6825833	1	264	6876058	6915249	262	3864	ecff268c-82a6-4e8b-a8ff-8a15702d1e09	60	254	60	3534	True		IL1R1			
bos_taurus	ARS-UCD2.0	SRR31429688	SRR31429688.472740	LongGF	ENSBTAG00000068150	ENSBTAG00000005273	11	11	+	+	6825833	6876058	-2	unvalidated_caller_evidence	6825560	6825833	0	270	6876058	6915249	268	3773	c1038f93-c042-4a5c-9cbd-f05059212259	60	262	60	3445	True		IL1R1			
bos_taurus	ARS-UCD2.0	SRR31429688	SRR31429688.607733	LongGF	ENSBTAG00000068150	ENSBTAG00000005273	11	11	+	+	6825827	6876070	13	unvalidated_caller_evidence	6825529	6825827	2	295	6876070	6915249	308	3795	6a9f83d2-3aa2-4bf7-b322-d7fd06a02489	60	283	60	3420	True		IL1R1			
bos_taurus	ARS-UCD2.0	SRR31429688	SRR31429688.1181999	LongGF	ENSBTAG00000056213	ENSBTAG00000004662	26	26	-	-	11177114	11125549	-1	unvalidated_caller_evidence	11177114	11206220	0	205	11102710	11125549	204	4321	06048203-fbf6-4c5b-9b28-f07c80f858c6	60	198	60	4013	True		SLC16A12			
bos_taurus	ARS-UCD2.0	SRR31429688	SRR31429688.121646	LongGF	ENSBTAG00000056213	ENSBTAG00000004662	26	26	-	-	11177114	11125549	-1	unvalidated_caller_evidence	11177114	11206164	1	140	11118506	11125549	139	1683	8ef8c2a6-130e-4d1b-bb22-0ceefcfa5c09	15	136	60	1514	False		SLC16A12			
bos_taurus	ARS-UCD2.0	SRR31429688	SRR31429688.1475082	LongGF	ENSBTAG00000056213	ENSBTAG00000004662	26	26	-	-	11177114	11125549	-1	unvalidated_caller_evidence	11177114	11206352	0	324	11102710	11125549	323	4410	2eb779cc-2c22-4073-af34-6cae3392ee15	60	317	60	3990	True		SLC16A12			
bos_taurus	ARS-UCD2.0	SRR31429688	SRR31429688.35863	LongGF	ENSBTAG00000056213	ENSBTAG00000004662	26	26	-	-	11177116	11125549	0	unvalidated_caller_evidence	11177116	11206167	7	151	11102710	11125549	151	4219	94870bdd-0354-47b9-b581-4576abacbfb1	57	141	60	3967	True		SLC16A12			
bos_taurus	ARS-UCD2.0	SRR31429688	SRR31429688.1687048	LongGF	ENSBTAG00000049411	ENSBTAG00000074626	X	Y	+	-	138904041	1142014	-2	unvalidated_caller_evidence	138855839	138904041	2	327	1105594	1142014	325	1312	7fe78d86-f236-4382-8881-a04ebffaa279	13	321	22	971	False	DHRSX				
bos_taurus	ARS-UCD2.0	SRR31429688	SRR31429688.1857236	LongGF	ENSBTAG00000049411	ENSBTAG00000074626	X	Y	+	-	138904041	1142014	-2	unvalidated_caller_evidence	138855855	138904041	0	304	1105594	1142014	302	1274	ebffb75d-52f2-4f21-8626-df793cf09ecc	13	303	10	953	False	DHRSX				
bos_taurus	ARS-UCD2.0	SRR31429688	SRR31429688.261348	LongGF	ENSBTAG00000049411	ENSBTAG00000074626	X	Y	+	-	138904041	1142014	-2	unvalidated_caller_evidence	138896907	138904041	131	303	1121579	1142014	301	986	d3354afa-c274-4074-8d7f-8f0ed49163ac	23	159	0	658	False	DHRSX				
bos_taurus	ARS-UCD2.0	SRR31429688	SRR31429688.292118	LongGF	ENSBTAG00000049411	ENSBTAG00000074626	X	Y	+	-	138904035	1142015	1	unvalidated_caller_evidence	138855865	138904035	7	314	1102628	1142015	315	1555	95e40968-7eb3-4668-a163-27197c6b256d	2	288	10	1176	False	DHRSX				
bos_taurus	ARS-UCD2.0	SRR31429688	SRR31429688.1078291	LongGF	ENSBTAG00000050515	ENSBTAG00000064308	NKLS02001361.1	17	+	+	30108	71164401	4	unvalidated_caller_evidence	29816	30108	101	398	71164401	71166204	402	925	a948258e-804d-4907-9bba-4c15761df26b	47	281	1	492	False					
bos_taurus	ARS-UCD2.0	SRR31429688	SRR31429688.1755745	LongGF	ENSBTAG00000050515	ENSBTAG00000064308	NKLS02001361.1	17	+	+	30107	71164401	1	unvalidated_caller_evidence	29623	30107	5	369	71164401	71166207	370	865	6ffd30a0-4852-4cf3-ad9a-a94697455132	42	357	1	480	False					
bos_taurus	ARS-UCD2.0	SRR31429688	SRR31429688.64414	LongGF	ENSBTAG00000050515	ENSBTAG00000064308	NKLS02001361.1	17	+	+	30112	71164412	8	unvalidated_caller_evidence	29612	30112	0	373	71164412	71166179	381	824	11983fe6-00c1-452a-8d7d-fa7f2d8be689	32	364	1	434	False					
bos_taurus	ARS-UCD2.0	SRR31429688	SRR31429688.925605	LongGF	ENSBTAG00000050515	ENSBTAG00000064308	NKLS02001361.1	17	+	+	30107	71164402	8	unvalidated_caller_evidence	29611	30107	0	382	71164402	71166199	390	882	9041644e-b6f7-4e03-9728-a9e59832b5f6	60	379	1	481	False					
bos_taurus	ARS-UCD2.0	SRR31429688	SRR31429688.1333081	LongGF	ENSBTAG00000001801	ENSBTAG00000060658	24	24	+	+	12655865	12715333	-5	unvalidated_caller_evidence	12650252	12655865	8	1181	12715333	12715481	1176	1321	81277469-6779-48a8-90e4-a5af6837f9a9	60	1152	60	145	True	SYT4				
bos_taurus	ARS-UCD2.0	SRR31429688	SRR31429688.162825	LongGF	ENSBTAG00000001801	ENSBTAG00000060658	24	24	+	+	12655865	12715333	-5	unvalidated_caller_evidence	12650297	12655865	3	1140	12715333	12715474	1135	1265	0350d2ef-3db8-455d-bc30-83e9a0f4b78e	60	1120	60	130	True	SYT4				
bos_taurus	ARS-UCD2.0	SRR31429688	SRR31429688.1771837	LongGF	ENSBTAG00000001801	ENSBTAG00000060658	24	24	+	+	12655865	12715333	-5	unvalidated_caller_evidence	12653489	12655865	0	722	12715333	12715474	717	854	a77e8fd2-2b98-4e5e-8bc2-642c5cabcdb6	60	713	60	136	True	SYT4				
bos_taurus	ARS-UCD2.0	SRR31429688	SRR31429688.3747	LongGF	ENSBTAG00000001801	ENSBTAG00000060658	24	24	+	+	12655865	12715333	-5	unvalidated_caller_evidence	12650240	12655865	0	1197	12715333	12715474	1192	1331	dfc2caa7-3fd4-462d-94cb-1be2083115ee	60	1176	60	135	True	SYT4				
bos_taurus	ARS-UCD2.0	SRR31429688	SRR31429688.266176	LongGF	ENSBTAG00000050515	ENSBTAG00000058030	NKLS02001361.1	17	+	+	30100	71170639	16	unvalidated_caller_evidence	29654	30100	0	331	71170639	71172443	347	850	5734d3d4-cf45-4acb-90eb-e682f49279c0	60	324	0	492	False					
bos_taurus	ARS-UCD2.0	SRR31429688	SRR31429688.880572	LongGF	ENSBTAG00000050515	ENSBTAG00000058030	NKLS02001361.1	17	+	+	30108	71170627	1	unvalidated_caller_evidence	29612	30108	0	381	71170627	71172443	382	899	dac036e8-9df8-4e48-9ea7-ed8aad205e0d	60	372	0	501	False					
bos_taurus	ARS-UCD2.0	SRR31429688	SRR31429688.889731	LongGF	ENSBTAG00000050515	ENSBTAG00000058030	NKLS02001361.1	17	+	+	30114	71170636	3	unvalidated_caller_evidence	29621	30114	4	377	71170636	71172442	380	874	cde3a6a4-8d85-4d15-9c5c-d6a19fdaf8fe	30	365	0	474	False					
bos_taurus	ARS-UCD2.0	SRR31429688	SRR31429688.1670238	LongGF	ENSBTAG00000047223	ENSBTAG00000052413	13	13	-	-	57531508	57479957	-4	unvalidated_caller_evidence	57531508	57531911	0	389	57465316	57479957	385	1778	a20bc369-6cb5-404a-8422-f6310105691b	60	382	60	1367	True	GNAS	GNAS			
bos_taurus	ARS-UCD2.0	SRR31429688	SRR31429688.383870	LongGF	ENSBTAG00000047223	ENSBTAG00000052413	13	13	-	-	57531508	57479957	-4	unvalidated_caller_evidence	57531508	57532584	0	817	57465315	57479957	813	2193	ed0254d2-3122-45fb-94c9-fae3e4cfb2b7	60	794	60	1334	True	GNAS	GNAS			
bos_taurus	ARS-UCD2.0	SRR31429688	SRR31429688.911128	LongGF	ENSBTAG00000047223	ENSBTAG00000052413	13	13	-	-	57531508	57479957	-4	unvalidated_caller_evidence	57531508	57531636	2	127	57465316	57479957	123	1453	4098b60b-0c22-4bda-94d6-c90f017ace32	60	122	60	1314	True	GNAS	GNAS			
bos_taurus	ARS-UCD2.0	SRR31429688	SRR31429688.1507699	LongGF	ENSBTAG00000050136	ENSBTAG00000064308	17	17	+	+	70793470	71164401	-3	unvalidated_caller_evidence	70792971	70793470	0	477	71164401	71166204	474	971	160a4d0a-42b7-4a5c-9819-c350256f9f73	0	372	1	488	False					
bos_taurus	ARS-UCD2.0	SRR31429688	SRR31429688.1744610	LongGF	ENSBTAG00000050136	ENSBTAG00000064308	17	17	+	+	70793470	71164401	-3	unvalidated_caller_evidence	70792970	70793470	4	395	71164401	71166200	392	901	352536ee-4278-4356-8fc2-da6d839c3a80	1	373	0	496	False					
bos_taurus	ARS-UCD2.0	SRR31429688	SRR31429688.1147699	LongGF	ENSBTAG00000058403	ENSBTAG00000018248	22	22	+	+	59639136	59738445	8	unvalidated_caller_evidence	59638244	59639136	0	177	59738445	59826633	185	2810	209876ca-b102-4ead-accf-d167968faae2	60	174	60	2571	True		MGLL			
bos_taurus	ARS-UCD2.0	SRR31429688	SRR31429688.65174	LongGF	ENSBTAG00000058403	ENSBTAG00000018248	22	22	+	+	59639141	59738441	-1	unvalidated_caller_evidence	59638025	59639141	7	399	59738441	59826843	398	3245	4b9dbcd7-ee33-4485-b95d-91ad3831b4ff	60	386	60	2784	True		MGLL			
bos_taurus	ARS-UCD2.0	SRR31429688	SRR31429688.1239560	LongGF	ENSBTAG00000071137	ENSBTAG00000014861	27	27	-	-	37368928	37306640	-4	unvalidated_caller_evidence	37368928	37369080	1	151	37252166	37306640	147	3556	0abd6caa-9e12-43e7-9ffd-cbba4407c4fb	60	147	60	3348	True		SLC20A2			
bos_taurus	ARS-UCD2.0	SRR31429688	SRR31429688.545095	LongGF	ENSBTAG00000071137	ENSBTAG00000014861	27	27	-	-	37368928	37306640	-4	unvalidated_caller_evidence	37368928	37369073	0	141	37252166	37306640	137	3592	22e1eb95-b210-44b7-a302-0f41063fdf91	60	141	60	3388	True		SLC20A2			
bos_taurus	ARS-UCD2.0	SRR31429688	SRR31429688.339760	LongGF	ENSBTAG00000075859	ENSBTAG00000017294	27	8	-	+	6225410	103551038	0	unvalidated_caller_evidence	6225410	6226176	144	897	103551038	103554405	897	1547	92f775a2-a202-4be3-9e6d-1acd2ed54d8d	60	716	60	634	True		ORM1			
bos_taurus	ARS-UCD2.0	SRR31429688	SRR31429688.535240	LongGF	ENSBTAG00000075859	ENSBTAG00000017294	27	8	-	+	6225409	103551036	-2	unvalidated_caller_evidence	6225409	6226176	169	930	103551036	103554405	928	1560	b633b9f9-1b15-4589-89b4-4758659d6d20	60	732	60	628	True		ORM1			
bos_taurus	ARS-UCD2.0	SRR31429688	SRR31429688.1285813	LongGF	ENSBTAG00000019338	ENSBTAG00000006439	X	X	+	+	3168951	2980426	-1	unvalidated_caller_evidence	3168846	3168951	3	109	2980426	3007250	108	1434	3f276886-2ef5-4d73-ad07-1bea99997865	0	102	45	1310	False	IL13RA1	DOCK11			
bos_taurus	ARS-UCD2.0	SRR31429688	SRR31429688.1434724	LongGF	ENSBTAG00000019338	ENSBTAG00000006439	X	X	+	+	3168951	2980426	-1	unvalidated_caller_evidence	3168803	3168951	6	165	2980426	3007256	164	1665	9b9356cd-8267-48fb-9560-304c69d281b2	0	146	48	1450	False	IL13RA1	DOCK11			
bos_taurus	ARS-UCD2.0	SRR31429688	SRR31429688.1028161	LongGF	ENSBTAG00000008505	ENSBTAG00000006745	11	17	+	+	77918266	2846470	-1	unvalidated_caller_evidence	77917847	77918266	7	426	2846470	2848782	425	877	18678dd4-33b9-43a0-8803-0202ecd3f54d	60	409	60	449	True	APOB	FGG			
bos_taurus	ARS-UCD2.0	SRR31429688	SRR31429688.1147920	LongGF	ENSBTAG00000006745	ENSBTAG00000012703	17	23	+	-	2848594	12494288	3	unvalidated_caller_evidence	2846289	2848594	0	452	12494168	12494288	455	572	4a060f76-94a2-4526-91fc-a363d175e792	60	445	60	117	True	FGG	GLO1			
bos_taurus	ARS-UCD2.0	SRR31429688	SRR31429688.1404541	LongGF	ENSBTAG00000069262	ENSBTAG00000005273	11	11	+	+	6781926	6876058	1	unvalidated_caller_evidence	6781748	6781926	18	192	6876058	6912369	193	849	2c208cd4-de31-472a-9501-f3ba64090ab4	60	173	60	641	True		IL1R1			
bos_taurus	ARS-UCD2.0	SRR31429688	SRR31429688.1682730	LongGF	ENSBTAG00000060382	ENSBTAG00000005338	27	15	-	+	6219483	63302958	16	unvalidated_caller_evidence	6219483	6220065	0	583	63302958	63316292	599	1303	ce6bde39-5dc9-4f94-a8de-40ea5024ae7c	60	556	1	677	False		EIF3M			
bos_taurus	ARS-UCD2.0	SRR31429688	SRR31429688.536636	LongGF	ENSBTAG00000005373	ENSBTAG00000046684	10	10	-	-	46993319	100832069	2	unvalidated_caller_evidence	46993319	46993873	11	559	100831734	100832069	561	890	6449cf0b-4d19-4fcc-818c-ecf8857a04ab	60	533	60	324	True	TPM1	FOXN3			
bos_taurus	ARS-UCD2.0	SRR31429688	SRR31429688.58700	LongGF	ENSBTAG00000005386	ENSBTAG00000038477	1	11	+	+	96484403	49462993	-3	unvalidated_caller_evidence	96484041	96484403	0	344	49462993	49463255	341	599	cfb2a060-804f-4b7e-a53a-a85faba4aa3a	60	338	60	253	True	SLC2A2	GGCX			
bos_taurus	ARS-UCD2.0	SRR31429688	SRR31429688.770087	LongGF	ENSBTAG00000075859	ENSBTAG00000005574	27	8	-	+	6225414	11181250	2	unvalidated_caller_evidence	6225414	6225930	2	493	11181250	11194504	495	2030	f19183aa-a01a-45cb-847b-31ad959dc860	60	481	60	1518	True		CLU			
bos_taurus	ARS-UCD2.0	SRR31429688	SRR31429688.729830	LongGF	ENSBTAG00000005868	ENSBTAG00000046358	5	14	+	+	96912662	63641298	-2	unvalidated_caller_evidence	96875383	96912662	1	915	63641298	63643551	913	1500	1dc01e74-851c-4c91-8cb3-27fddbe39477	60	890	60	569	True	HEBP1	PABPC1			
bos_taurus	ARS-UCD2.0	SRR31429688	SRR31429688.1307691	LongGF	ENSBTAG00000017121	ENSBTAG00000006075	6	11	+	+	88489355	50551160	5	unvalidated_caller_evidence	88488683	88489355	5	110	50551160	50551404	115	351	b07dbd72-4331-4ebf-a33d-c2c02aef306c	60	104	60	227	True	ALB	SUCLG1			
bos_taurus	ARS-UCD2.0	SRR31429688	SRR31429688.1674785	LongGF	ENSBTAG00000006142	ENSBTAG00000073712	1	7	+	+	113341871	68214099	-1	unvalidated_caller_evidence	113338963	113341871	5	151	68214099	68214216	150	263	8f4e6348-ab59-4185-947e-8b05be89467e	60	145	45	110	True	DHX36	HAVCR1			
bos_taurus	ARS-UCD2.0	SRR31429688	SRR31429688.1012542	LongGF	ENSBTAG00000074756	ENSBTAG00000006307	3	6	+	-	9984089	102252074	1	unvalidated_caller_evidence	9983923	9984089	0	161	102227691	102252074	162	830	2bf9c17f-7de2-4fc9-b1da-708b3c759116	60	159	60	653	True	CRP	HSD17B11			
bos_taurus	ARS-UCD2.0	SRR31429688	SRR31429688.974869	LongGF	ENSBTAG00000006354	ENSBTAG00000006370	18	3	-	+	39037401	14500829	18	unvalidated_caller_evidence	39037401	39041596	40	1253	14500829	14501152	1271	1584	09a0c2d5-32cd-461c-9643-64f4ba2cb3d9	60	1164	60	310	True	HP	CCT3			
bos_taurus	ARS-UCD2.0	SRR31429688	SRR31429688.1211327	LongGF	ENSBTAG00000007620	ENSBTAG00000026886	16	21	+	-	51202687	68462509	4	unvalidated_caller_evidence	51201648	51202687	0	170	68460843	68462509	174	450	41fe43c4-49e8-42a5-86d7-6844230f12a3	60	168	60	273	True	INTS11	ATP5MJ			
bos_taurus	ARS-UCD2.0	SRR31429688	SRR31429688.1589784	LongGF	ENSBTAG00000007685	ENSBTAG00000067528	9	9	-	-	104081262	104025328	-2	unvalidated_caller_evidence	104081262	104088263	0	322	104023614	104025328	320	1990	60a79db8-ba92-4332-bb65-b251ab3b53da	60	318	60	1629	True	PSMB1				
bos_taurus	ARS-UCD2.0	SRR31429688	SRR31429688.461653	LongGF	ENSBTAG00000007850	ENSBTAG00000011931	22	5	+	+	48061009	57531483	6	unvalidated_caller_evidence	48059599	48061009	0	256	57531483	57532163	262	523	6082596f-3e4a-4e23-b2d1-5a05e18a0710	60	248	60	256	True	ITIH4	CD63			
bos_taurus	ARS-UCD2.0	SRR31429688	SRR31429688.788193	LongGF	ENSBTAG00000030600	ENSBTAG00000007850	18	22	-	+	2774125	48074411	-2	unvalidated_caller_evidence	2774125	2774308	0	184	48074411	48074585	182	349	fb8e6bfc-49f7-42f4-8cf7-eb0fc30fb005	60	178	34	161	True	BCNT2	ITIH4			
bos_taurus	ARS-UCD2.0	SRR31429688	SRR31429688.305665	LongGF	ENSBTAG00000014177	ENSBTAG00000007920	20	13	+	-	33339236	51276307	-1	unvalidated_caller_evidence	33325719	33339236	0	427	51276054	51276307	426	652	4825dfc3-e258-46b5-b652-6d01598a3924	60	416	60	226	True	C6	PANK2			
bos_taurus	ARS-UCD2.0	SRR31429688	SRR31429688.552652	LongGF	ENSBTAG00000008122	ENSBTAG00000023939	3	26	+	-	59600004	21016770	-3	unvalidated_caller_evidence	59592051	59600004	1	350	21016659	21016770	347	459	34a9a036-eaec-47d2-9de9-a806b7f37ff2	21	343	60	109	True	GNG5	CYP2C23			
bos_taurus	ARS-UCD2.0	SRR31429688	SRR31429688.695793	LongGF	ENSBTAG00000046172	ENSBTAG00000008237	16	29	-	+	59423249	50185524	-3	unvalidated_caller_evidence	59423249	59438152	2	918	50185524	50185634	915	1023	d9a50933-8f06-4588-b040-d18c8b8a6fab	60	890	60	108	True		TOLLIP			
bos_taurus	ARS-UCD2.0	SRR31429688	SRR31429688.1123621	LongGF	ENSBTAG00000006864	ENSBTAG00000009735	23	18	-	-	27333783	65641242	-1	unvalidated_caller_evidence	27333783	27339130	0	1270	65641103	65641242	1269	1404	f755c49c-ff1b-4de3-b6a6-ccf1aa10b1ba	28	1249	51	133	True		A1BG			
bos_taurus	ARS-UCD2.0	SRR31429688	SRR31429688.725199	LongGF	ENSBTAG00000008509	ENSBTAG00000016151	22	19	-	-	50135594	19857575	3	unvalidated_caller_evidence	50135594	50146676	0	957	19855907	19857575	960	1722	d840f3e7-8afa-4a55-8d4e-eb9f747b974c	60	929	60	735	True	SLC38A3	VTN			
bos_taurus	ARS-UCD2.0	SRR31429688	SRR31429688.1040819	LongGF	ENSBTAG00000008570	ENSBTAG00000009965	7	25	-	-	61774376	1765435	11	unvalidated_caller_evidence	61774376	61777358	22	503	1765106	1765435	514	837	b2e6dc30-1f8c-4280-949c-7691b7a7dde5	60	468	60	318	True	RPS14	ECI1			
bos_taurus	ARS-UCD2.0	SRR31429688	SRR31429688.151387	LongGF	ENSBTAG00000031178	ENSBTAG00000008570	1	7	+	-	125443326	61776697	-1	unvalidated_caller_evidence	125441575	125443326	1172	1371	61774367	61776697	1370	1708	6a33d4c7-9e94-4ac3-a9cd-99c7bcfda488	60	194	58	335	True	SLC9A9	RPS14			
bos_taurus	ARS-UCD2.0	SRR31429688	SRR31429688.1226762	LongGF	ENSBTAG00000008612	ENSBTAG00000010123	5	18	+	+	103387249	52640414	2	unvalidated_caller_evidence	103386920	103387249	6	330	52640414	52640562	332	482	e4e49dd5-4dd3-418b-ae02-eb43cb41f8c9	60	317	57	141	True	C1R	APOE			
bos_taurus	ARS-UCD2.0	SRR31429688	SRR31429688.491566	LongGF	ENSBTAG00000013718	ENSBTAG00000008612	6	5	-	+	86979670	103386987	8	unvalidated_caller_evidence	86979670	86980642	3	266	103386987	103387577	274	846	0bc23e73-41ac-484c-bbd3-8454780004b9	60	258	60	568	True	GC	C1R			
bos_taurus	ARS-UCD2.0	SRR31429688	SRR31429688.72809	LongGF	ENSBTAG00000018033	ENSBTAG00000008937	13	13	-	-	23808018	13034718	-1	unvalidated_caller_evidence	23808018	23808394	0	348	13034518	13034718	347	546	648a5e13-0922-42d8-89c0-a0f68cdbafbd	60	346	33	192	True	PIP4K2A	CELF2			
bos_taurus	ARS-UCD2.0	SRR31429688	SRR31429688.660490	LongGF	ENSBTAG00000013452	ENSBTAG00000009212	10	3	-	+	52088024	8283960	-1	unvalidated_caller_evidence	52088024	52088814	4	780	8283960	8284123	779	938	e96509f5-851d-41f0-a049-98b13771d568	60	758	60	154	True	AQP9	APOA2			
bos_taurus	ARS-UCD2.0	SRR31429688	SRR31429688.1782118	LongGF	ENSBTAG00000008505	ENSBTAG00000017196	11	21	+	+	77920383	55389055	1	unvalidated_caller_evidence	77920224	77920383	2	155	55389055	55392453	156	1075	e2cf8d0e-24bc-492c-9588-93ed57f43170	60	153	60	904	True	APOB	PDIA3			
bos_taurus	ARS-UCD2.0	SRR31429688	SRR31429688.1330599	LongGF	ENSBTAG00000006833	ENSBTAG00000014744	24	7	-	+	58311359	46380008	0	unvalidated_caller_evidence	58311359	58311469	0	107	46380008	46418507	107	374	1e8b3da4-1515-409a-a8ff-70edafcce21a	60	107	60	262	True	LMAN1	TXNDC15			
bos_taurus	ARS-UCD2.0	SRR31429688	SRR31429688.1522947	LongGF	ENSBTAG00000006883	ENSBTAG00000010662	5	17	-	+	26937091	70092636	-3	unvalidated_caller_evidence	26937091	26939142	0	195	70092636	70093301	192	840	06ae7308-780a-4716-938d-b38fe4186eb2	60	166	60	638	True	EIF4B	LIMK2			
bos_taurus	ARS-UCD2.0	SRR31429688	SRR31429688.266669	LongGF	ENSBTAG00000020330	ENSBTAG00000006991	5	6	-	+	22013250	25428864	1	unvalidated_caller_evidence	22013250	22014835	0	643	25428864	25429844	644	946	e6f53dbf-8eab-4643-bbef-da45c084572e	60	610	60	298	True	BTG1	ADH6			
bos_taurus	ARS-UCD2.0	SRR31429688	SRR31429688.742903	LongGF	ENSBTAG00000006995	ENSBTAG00000070144	11	9	+	+	37340683	9706158	5	unvalidated_caller_evidence	37331502	37340683	0	439	9706158	9727228	444	1005	ec83d69e-76ec-4bdb-a2ac-9cceb63c22e0	60	429	60	540	True	SPTBN1	SDHAF4			
bos_taurus	ARS-UCD2.0	SRR31429688	SRR31429688.110146	LongGF	ENSBTAG00000007578	ENSBTAG00000015358	26	8	-	-	37380008	91146283	11	unvalidated_caller_evidence	37380008	37380172	0	164	91142798	91146283	175	898	534be054-0912-42d6-a66f-dc3ab02df1a0	60	157	60	708	True	SHTN1	ALDOB			
bos_taurus	ARS-UCD2.0	SRR31429688	SRR31429688.1432433	LongGF	ENSBTAG00000007332	ENSBTAG00000014501	15	10	+	-	29093087	65538930	3	unvalidated_caller_evidence	29091461	29093087	0	223	65538752	65538930	226	400	73d2633a-4dc5-4038-a972-67e4e424e2e8	43	220	60	170	True	ATP5MG	FERMT2			
bos_taurus	ARS-UCD2.0	SRR31429688	SRR31429688.1606311	LongGF	ENSBTAG00000001392	ENSBTAG00000046158	5	23	+	-	56537541	27415880	2	unvalidated_caller_evidence	56536523	56537541	1	997	27415351	27415880	999	1211	d39aaf08-7ef7-4450-b2fc-c9d816db89fc	60	975	60	209	True	RDH16	CFB			
bos_taurus	ARS-UCD2.0	SRR31429688	SRR31429688.874543	LongGF	ENSBTAG00000011994	ENSBTAG00000001509	19	5	+	+	28053253	60550202	-2	unvalidated_caller_evidence	28020457	28053253	2	1412	60550202	60550374	1410	1582	5db69747-5bb6-468b-aa95-3134446b5442	60	1383	60	169	True	NDEL1	ELK3			
bos_taurus	ARS-UCD2.0	SRR31429688	SRR31429688.920597	LongGF	ENSBTAG00000016224	ENSBTAG00000001538	8	3	-	+	110987273	116880160	-1	unvalidated_caller_evidence	110987273	110991965	0	470	116880160	116880374	469	679	aea7816f-c965-427c-9e9a-b7dafe9d2386	60	461	21	206	True	RPS7				
bos_taurus	ARS-UCD2.0	SRR31429688	SRR31429688.161703	LongGF	ENSBTAG00000001553	ENSBTAG00000021755	5	2	-	+	25781157	60303824	-1	unvalidated_caller_evidence	25781157	25781586	0	411	60303824	60304056	410	640	e38c133b-bc1d-489a-8148-0bb29b4d0cc8	41	406	0	230	False	HNRNPA1				
bos_taurus	ARS-UCD2.0	SRR31429688	SRR31429688.1372492	LongGF	ENSBTAG00000001575	ENSBTAG00000002549	11	2	-	+	29581627	119418806	-1	unvalidated_caller_evidence	29581627	29581753	7	121	119418806	119419163	120	473	9ff082d5-1a24-468f-b54d-ba619049dce9	9	109	2	345	False	CALM2	PTMA			
bos_taurus	ARS-UCD2.0	SRR31429688	SRR31429688.560086	LongGF	ENSBTAG00000001638	ENSBTAG00000003205	17	11	+	-	2867070	95852903	2	unvalidated_caller_evidence	2866640	2867070	2	415	95850465	95852903	417	639	4db70ff8-ab1f-44a3-b5f1-9dc78843188d	60	409	1	217	False	FGA	RPL35			
bos_taurus	ARS-UCD2.0	SRR31429688	SRR31429688.1470381	LongGF	ENSBTAG00000004887	ENSBTAG00000001638	11	17	+	+	10261396	2867220	3	unvalidated_caller_evidence	10260345	10261396	1	355	2867220	2867519	358	659	d2482132-6379-47f8-ae70-17340cb771cf	60	344	60	285	True	DCTN1	FGA			
bos_taurus	ARS-UCD2.0	SRR31429688	SRR31429688.593232	LongGF	ENSBTAG00000011963	ENSBTAG00000004362	18	16	-	-	51356139	55273716	-4	unvalidated_caller_evidence	51356139	51362197	42	433	55267229	55273716	429	1257	c744b147-f306-40fe-8c52-b8706853b416	1	383	60	813	False	RPS19	SERPINC1			
bos_taurus	ARS-UCD2.0	SRR31429688	SRR31429688.1208225	LongGF	ENSBTAG00000001697	ENSBTAG00000013593	1	21	+	+	81288452	29165997	0	unvalidated_caller_evidence	81288304	81288452	0	135	29165997	29166245	135	379	fe734d62-2053-45e2-8e6f-cbb92e73b199	60	135	17	239	False	TRA2B	SNRPA1			
bos_taurus	ARS-UCD2.0	SRR31429688	SRR31429688.898833	LongGF	ENSBTAG00000020807	ENSBTAG00000001829	29	13	-	-	43327680	54445967	-2	unvalidated_caller_evidence	43327680	43328227	6	195	54445574	54445967	193	570	b30487e3-9492-4038-8e5d-83f3dc890d5d	1	185	60	371	False	FAU	SLC17A9			
bos_taurus	ARS-UCD2.0	SRR31429688	SRR31429688.1778812	LongGF	ENSBTAG00000001881	ENSBTAG00000026428	10	25	-	+	81514789	2017487	2	unvalidated_caller_evidence	81514789	81514928	0	140	2017487	2018066	142	704	ecf8b5b8-acf1-45a5-90ba-96e677e15451	60	137	50	552	True	SLC10A1	ATP6V0C			
bos_taurus	ARS-UCD2.0	SRR31429688	SRR31429688.905664	LongGF	ENSBTAG00000001915	ENSBTAG00000004362	19	16	-	-	62619741	55273673	3	unvalidated_caller_evidence	62619741	62622311	32	396	55267283	55273673	399	1130	dee37d92-dab2-41b6-a697-1942368258ca	60	354	60	715	True	APOH	SERPINC1			
bos_taurus	ARS-UCD2.0	SRR31429688	SRR31429688.676902	LongGF	ENSBTAG00000000442	ENSBTAG00000013410	26	21	-	+	14896298	68139476	10	unvalidated_caller_evidence	14896298	14898125	3	268	68139476	68139652	278	447	b3d8dae3-70d1-4c79-8819-bfdd1bff1e56	60	258	60	168	True	RBP4	MARK3			
bos_taurus	ARS-UCD2.0	SRR31429688	SRR31429688.805157	LongGF	ENSBTAG00000000522	ENSBTAG00000024555	1	16	-	-	80616338	32203144	5	unvalidated_caller_evidence	80616338	80618800	0	346	32202829	32203144	351	661	de60fba0-d876-4cd6-bdbf-0e904ab42112	60	343	60	303	True	AHSG	EFCAB2			
bos_taurus	ARS-UCD2.0	SRR31429688	SRR31429688.58270	LongGF	ENSBTAG00000058539	ENSBTAG00000001271	6	9	-	-	84297011	96575299	-2	unvalidated_caller_evidence	84297011	84299971	0	159	96575180	96575299	157	277	0960b114-aaae-4298-8746-120c9e0a9ced	0	157	60	118	False		PLG			
bos_taurus	ARS-UCD2.0	SRR31429688	SRR31429688.1223154	LongGF	ENSBTAG00000007152	ENSBTAG00000000705	5	11	-	-	55744956	24757314	-4	unvalidated_caller_evidence	55744956	55745134	0	176	24756939	24757314	172	541	229a6586-2920-4739-a778-3b0ec15d3113	60	172	60	363	True	OS9	COX7A2L			
bos_taurus	ARS-UCD2.0	SRR31429688	SRR31429688.124437	LongGF	ENSBTAG00000013924	ENSBTAG00000000802	18	15	+	+	55952915	42116358	1	unvalidated_caller_evidence	55950546	55952915	4	509	42116358	42116470	510	622	ceed1785-a1b5-494b-a6a1-a997c97e929d	60	494	60	111	True	RPS11	LYVE1			
bos_taurus	ARS-UCD2.0	SRR31429688	SRR31429688.1855480	LongGF	ENSBTAG00000031171	ENSBTAG00000000997	3	10	-	+	57269467	22194970	2	unvalidated_caller_evidence	57269467	57269691	0	207	22194970	22195088	209	326	e02f8fd2-270f-437f-94e1-a54d3acd7d0f	60	200	10	115	False	SH3GLB1				
bos_taurus	ARS-UCD2.0	SRR31429688	SRR31429688.492409	LongGF	ENSBTAG00000001036	ENSBTAG00000016151	4	19	+	-	68573249	19856045	14	unvalidated_caller_evidence	68564497	68573249	387	710	19855907	19856045	724	859	ae6a8dfe-1116-4c8a-ab5b-56ac2051ad3b	60	317	10	131	False	HIBADH	VTN			
bos_taurus	ARS-UCD2.0	SRR31429688	SRR31429688.1340194	LongGF	ENSBTAG00000001124	ENSBTAG00000001915	10	19	-	-	99691564	62614061	-1	unvalidated_caller_evidence	99691564	99706618	1	222	62611660	62614061	221	529	0a470e86-315c-4dd1-a4d2-7ccd2ef96643	60	220	60	296	True	GALC	APOH			
bos_taurus	ARS-UCD2.0	SRR31429688	SRR31429688.1791764	LongGF	ENSBTAG00000001254	ENSBTAG00000060636	14	14	+	+	63839846	63892475	6	unvalidated_caller_evidence	63800525	63839846	1	315	63892475	63892666	321	506	d9266423-57d8-44e8-b9ea-665a5ffa2a3b	60	310	60	181	True	ANKRD46				
bos_taurus	ARS-UCD2.0	SRR31429688	SRR31429688.389010	LongGF	ENSBTAG00000033137	ENSBTAG00000000526	27	1	+	+	38928671	135823690	-3	unvalidated_caller_evidence	38825517	38928671	1012	1742	135823690	135824421	1739	2448	163e69c8-03b2-418a-ad71-c6ef10f43bf8	60	723	60	701	True	PSD3	TOPBP1			
bos_taurus	ARS-UCD2.0	SRR31429688	SRR31429688.1507876	LongGF	ENSBTAG00000006161	ENSBTAG00000003564	4	15	-	+	51704598	46615396	-2	unvalidated_caller_evidence	51704598	51704829	13	242	46615396	46615959	240	686	4680590b-f044-42ee-bb49-95c702e3830e	60	220	60	430	True	MET	HPX			
bos_taurus	ARS-UCD2.0	SRR31429688	SRR31429688.1474840	LongGF	ENSBTAG00000003564	ENSBTAG00000008840	15	13	+	+	46615406	61138873	-2	unvalidated_caller_evidence	46615149	46615406	8	175	61138873	61146813	173	731	13518abf-797f-43d3-83fa-83a59303bd55	60	166	60	548	True	HPX	HM13			
bos_taurus	ARS-UCD2.0	SRR31429688	SRR31429688.1566432	LongGF	ENSBTAG00000024291	ENSBTAG00000003773	4	4	+	-	92649159	13500254	-3	unvalidated_caller_evidence	92647981	92649159	0	300	13462660	13500254	297	1936	0c95fab3-170d-4290-9db2-b899e2b04d4d	60	296	60	1610	True	GARIN1A	SLC25A13			
bos_taurus	ARS-UCD2.0	SRR31429688	SRR31429688.1420014	LongGF	ENSBTAG00000073770	ENSBTAG00000003898	13	3	-	+	70031575	23560416	-2	unvalidated_caller_evidence	70031575	70032347	4	725	23560416	23560573	723	876	2e531a54-f4ff-441a-bdbc-7c84f2514576	60	714	60	150	True		HMGCS2			
bos_taurus	ARS-UCD2.0	SRR31429688	SRR31429688.470454	LongGF	ENSBTAG00000009121	ENSBTAG00000003994	X	4	+	+	8341168	76124041	-2	unvalidated_caller_evidence	8278519	8341168	5	579	76124041	76124833	577	1355	de2a321e-1eee-49d8-b13e-d74c90488298	60	565	60	763	True	STAG2	IGFBP3			
bos_taurus	ARS-UCD2.0	SRR31429688	SRR31429688.1497158	LongGF	ENSBTAG00000006920	ENSBTAG00000004175	1	17	-	+	82966274	53470407	-1	unvalidated_caller_evidence	82966274	82968181	0	617	53470407	53470909	616	1029	20c57fda-de83-4a73-8389-d5a4d8909789	60	601	60	407	True	ABCF3	HPD			
bos_taurus	ARS-UCD2.0	SRR31429688	SRR31429688.617707	LongGF	ENSBTAG00000018283	ENSBTAG00000004175	22	17	-	+	11583939	53468103	17	unvalidated_caller_evidence	11583939	11588372	9	454	53468103	53470906	471	1064	563f7231-f251-4d82-a451-a608bf518f80	60	434	60	580	True	ACAA1	HPD			
bos_taurus	ARS-UCD2.0	SRR31429688	SRR31429688.1164330	LongGF	ENSBTAG00000020938	ENSBTAG00000009284	5	5	+	+	36660123	56923186	-3	unvalidated_caller_evidence	36650673	36660123	1	764	56923186	56923309	761	890	7609fa40-04da-4130-8d2a-0906220faeb5	60	752	60	121	True	TWF1	GLS2			
bos_taurus	ARS-UCD2.0	SRR31429688	SRR31429688.670874	LongGF	ENSBTAG00000004511	ENSBTAG00000020747	11	11	-	+	104777727	100810965	-4	unvalidated_caller_evidence	104777727	104777974	0	252	100810965	100822241	248	851	ad4574c9-24af-4b81-b9e8-f22f961bbd7b	60	238	60	589	True	VAV2	ASS1			
bos_taurus	ARS-UCD2.0	SRR31429688	SRR31429688.1241223	LongGF	ENSBTAG00000004840	ENSBTAG00000016149	5	20	-	+	103417387	35138362	-1	unvalidated_caller_evidence	103417387	103418835	0	302	35138362	35143369	301	825	c23473f3-2e99-40c2-8b44-556eed74ad3d	60	297	60	510	True	C1S	C9			
bos_taurus	ARS-UCD2.0	SRR31429688	SRR31429688.524725	LongGF	ENSBTAG00000004840	ENSBTAG00000060375	5	8	-	-	103408428	103297839	3	unvalidated_caller_evidence	103408428	103408788	0	351	103296274	103297839	354	752	8f642bc9-73bc-44e3-9924-433effde38da	60	346	60	393	True	C1S	AMBP			
bos_taurus	ARS-UCD2.0	SRR31429688	SRR31429688.1143568	LongGF	ENSBTAG00000005122	ENSBTAG00000012065	1	12	-	+	80518928	73158553	11	unvalidated_caller_evidence	80518928	80523452	12	264	73158553	73160528	275	586	281272d6-0c74-4bd6-a985-d8c6b0cc9534	60	246	60	310	True	KNG1	DNAJC3			
bos_taurus	ARS-UCD2.0	SRR31429688	SRR31429688.800681	LongGF	ENSBTAG00000005122	ENSBTAG00000038716	1	16	-	-	80509098	50517037	0	unvalidated_caller_evidence	80509098	80527130	52	866	50516467	50517037	866	1411	a6aff4f2-8382-44c3-9ec4-9fce710244e8	60	790	60	526	True	KNG1	SKI			
bos_taurus	ARS-UCD2.0	SRR31429688	SRR31429688.1028297	LongGF	ENSBTAG00000001936	ENSBTAG00000031631	13	16	-	+	58614709	51256823	-7	unvalidated_caller_evidence	58614709	58615129	3	258	51256823	51257855	251	646	c7d0eed8-8126-4376-8e09-775089378281	60	250	60	387	True	PCK1	C1QTNF12			
bos_taurus	ARS-UCD2.0	SRR31429688	SRR31429688.668724	LongGF	ENSBTAG00000015047	ENSBTAG00000002030	6	3	-	+	84986388	113723306	3	unvalidated_caller_evidence	84986388	84986686	4	302	113723306	113730889	305	439	ebd6c20a-a567-4009-9f3a-b920871d5c2b	60	288	60	131	True		SPP2			
bos_taurus	ARS-UCD2.0	SRR31429688	SRR31429688.1007937	LongGF	ENSBTAG00000002110	ENSBTAG00000005343	10	15	-	+	10127866	34478198	-3	unvalidated_caller_evidence	10127866	10128010	21	162	34478198	34478359	159	319	6a836df1-e1df-4916-ae8f-61561716a36c	60	139	60	157	True	DMGDH	TPH1			
bos_taurus	ARS-UCD2.0	SRR31429688	SRR31429688.1623532	LongGF	ENSBTAG00000002255	ENSBTAG00000004288	10	23	+	-	10197130	25210431	-4	unvalidated_caller_evidence	10192238	10197130	5	216	25209829	25210431	212	805	5e0ed0f8-aa23-49b2-b2ce-3ae12de666bc	60	207	60	581	True	BHMT	GSTA4			
bos_taurus	ARS-UCD2.0	SRR31429688	SRR31429688.1623844	LongGF	ENSBTAG00000002255	ENSBTAG00000046358	10	14	+	+	10197129	63643102	-3	unvalidated_caller_evidence	10192239	10197129	6	206	63643102	63643542	203	624	07883edd-c859-4871-ac2f-f1f28e30d23f	60	198	60	412	True	BHMT	PABPC1			
bos_taurus	ARS-UCD2.0	SRR31429688	SRR31429688.1411742	LongGF	ENSBTAG00000020308	ENSBTAG00000002796	15	7	+	-	41881357	49217434	2	unvalidated_caller_evidence	41881090	41881357	0	265	49216921	49217434	267	744	ff17c4a3-9de7-4def-80fe-95d6bda9ecb5	7	262	60	466	False	EIF4G2	KLHL3			
bos_taurus	ARS-UCD2.0	SRR31429688	SRR31429688.61840	LongGF	ENSBTAG00000002827	ENSBTAG00000019410	9	9	+	-	96042243	40983906	-5	unvalidated_caller_evidence	96033958	96042243	0	455	40983486	40983906	450	865	4a1cad93-5dc4-4a69-99ba-6ab391a1d628	60	447	60	404	True	ACAT2	CEP57L1			
bos_taurus	ARS-UCD2.0	SRR31429688	SRR31429688.1385186	LongGF	ENSBTAG00000019852	ENSBTAG00000002935	X	25	-	+	123766229	28320578	-3	unvalidated_caller_evidence	123766229	123769148	6	374	28320578	28320716	371	503	e04100ec-3061-44b4-8ff5-7433b305eb12	60	365	60	131	True	PDHA1	TMEM248			
bos_taurus	ARS-UCD2.0	SRR31429688	SRR31429688.1121302	LongGF	ENSBTAG00000014075	ENSBTAG00000003152	13	21	-	+	16140397	58744337	10	unvalidated_caller_evidence	16140397	16143047	9	303	58744337	58744447	313	423	fa594a92-04e1-4a21-8285-5027d5d14699	60	289	56	108	True	ITIH2	IFI27			
bos_taurus	ARS-UCD2.0	SRR31429688	SRR31429688.953480	LongGF	ENSBTAG00000003207	ENSBTAG00000051169	2	2	-	-	25731166	25669260	1	unvalidated_caller_evidence	25731166	25731371	0	196	25661912	25669260	197	524	1276f5bd-70eb-4a83-a507-7599177f4329	60	190	60	317	True	SP5	ERICH2			
bos_taurus	ARS-UCD2.0	SRR31429688	SRR31429688.1561631	LongGF	ENSBTAG00000003362	ENSBTAG00000016864	5	13	+	+	67601307	67241110	-1	unvalidated_caller_evidence	67600074	67601307	0	231	67241110	67247278	230	755	0a4c7bfc-85fd-4e32-aab1-c08de6e52d91	60	224	60	513	True	HSP90B1	LBP			
bos_taurus	ARS-UCD2.0	SRR31429688	SRR31429688.1504696	LongGF	ENSBTAG00000003362	ENSBTAG00000019368	5	6	+	-	67614730	72408301	10	unvalidated_caller_evidence	67611285	67614730	0	792	72405521	72408301	802	1289	f9fc2804-81ca-43c0-8839-d31b5c9d33c2	60	767	60	479	True	HSP90B1	IGFBP7			
bos_taurus	ARS-UCD2.0	SRR31429688	SRR31429688.1570025	LongGF	ENSBTAG00000003481	ENSBTAG00000032301	14	14	-	-	73279563	73227807	-4	unvalidated_caller_evidence	73279563	73290105	0	247	73226316	73227807	243	979	e119eff2-aaaa-45ba-bebe-83c2679edc3e	60	241	60	716	True	OTUD6B	SLC26A7			
bos_taurus	ARS-UCD2.0	SRR31429688	SRR31429688.485245	LongGF	ENSBTAG00000002452	ENSBTAG00000031295	17	8	-	+	68930823	101778636	-2	unvalidated_caller_evidence	68930823	68942694	1	596	101778636	101808123	594	1936	cf927888-2978-4d50-81ee-a87f39ff1b58	60	589	60	1322	True	ASCC2	HSDL2			
bos_taurus	ARS-UCD2.0	SRR31429688	SRR31429688.24098	LongGF	ENSBTAG00000020704	ENSBTAG00000057856	4	4	-	-	76475611	76417041	-1	unvalidated_caller_evidence	76475611	76493548	0	251	76415657	76417041	250	1583	96b4ea96-5602-458f-9a1a-209f6c453a75	60	244	60	1313	True	RAMP3				
bos_taurus	ARS-UCD2.0	SRR31429688	SRR31429688.1864699	LongGF	ENSBTAG00000060375	ENSBTAG00000020973	8	22	-	+	103297859	47851448	-1	unvalidated_caller_evidence	103297859	103304056	23	422	47851448	47851689	421	664	6424d58a-6971-4af5-b575-2168ba05e59e	60	392	60	232	True	AMBP	RFT1			
bos_taurus	ARS-UCD2.0	SRR31429688	SRR31429688.571107	LongGF	ENSBTAG00000021237	ENSBTAG00000065402	23	17	+	+	3522550	72306845	2	unvalidated_caller_evidence	3522406	3522550	0	139	72306845	72307211	141	500	d865e74c-b2f0-4367-babb-3864fa8a2104	60	138	60	346	True	DST	CRKL			
bos_taurus	ARS-UCD2.0	SRR31429688	SRR31429688.206068	LongGF	ENSBTAG00000021263	ENSBTAG00000034139	27	6	+	+	16266613	25512636	-5	unvalidated_caller_evidence	16264891	16266613	10	1676	25512636	25512896	1671	1922	cba7e308-a65c-4d79-9c90-52043f354633	60	1625	60	244	True	CYP4V2	ADH4			
bos_taurus	ARS-UCD2.0	SRR31429688	SRR31429688.1117149	LongGF	ENSBTAG00000043553	ENSBTAG00000021523	7	19	+	-	62292540	42418659	0	unvalidated_caller_evidence	62292395	62292540	0	139	42417950	42418659	139	824	3c69d6a1-c7eb-437e-bdf1-9825b8c4adf6	45	135	60	659	True	GPX3	STAT3			
bos_taurus	ARS-UCD2.0	SRR31429688	SRR31429688.1854222	LongGF	ENSBTAG00000077085	ENSBTAG00000021744	10	15	-	-	42627564	77250504	-3	unvalidated_caller_evidence	42627564	42629341	0	216	77250378	77250504	213	329	84add9ef-5919-46f5-8990-ed06a6f47e2a	1	213	60	115	False	RPS29	PSMC3			
bos_taurus	ARS-UCD2.0	SRR31429688	SRR31429688.876002	LongGF	ENSBTAG00000070993	ENSBTAG00000021980	5	5	-	-	83958376	83890779	5	unvalidated_caller_evidence	83958376	84005500	7	523	83871042	83890779	528	2190	06a67882-09ca-4e36-b580-fdded45dec91	60	505	60	1623	True		RASSF8			
bos_taurus	ARS-UCD2.0	SRR31429688	SRR31429688.1595368	LongGF	ENSBTAG00000017294	ENSBTAG00000026181	8	3	+	+	103551617	113418899	11	unvalidated_caller_evidence	103550945	103551617	0	284	113418899	113425179	295	1644	a8c30da6-0368-4810-949f-e7b1c7e50a52	60	280	60	1330	True	ORM1	UGT1A6			
bos_taurus	ARS-UCD2.0	SRR31429688	SRR31429688.339842	LongGF	ENSBTAG00000017368	ENSBTAG00000030435	3	2	-	-	103528668	128941703	-2	unvalidated_caller_evidence	103528668	103539446	9	257	128938564	128941703	255	2444	b49b1af3-e457-4879-b4ea-10535da4c045	60	241	60	2127	True	YBX1	PNRC2			
bos_taurus	ARS-UCD2.0	SRR31429688	SRR31429688.1449417	LongGF	ENSBTAG00000022920	ENSBTAG00000017442	X	10	+	-	55325185	4659969	-1	unvalidated_caller_evidence	55324954	55325185	1	236	4659719	4659969	235	484	b8f520f2-0adb-4d6b-bfca-97954cd4f2ce	60	227	60	244	True	RNF128	CDO1			
bos_taurus	ARS-UCD2.0	SRR31429688	SRR31429688.1321563	LongGF	ENSBTAG00000017722	ENSBTAG00000046633	16	21	-	-	37185900	67530683	9	unvalidated_caller_evidence	37185900	37186047	0	144	67530389	67530683	153	437	608c636b-9048-4a04-b4f5-71b9b8727ceb	60	142	1	284	False	F5				
bos_taurus	ARS-UCD2.0	SRR31429688	SRR31429688.344467	LongGF	ENSBTAG00000018112	ENSBTAG00000073781	X	Y	-	+	133451988	6723256	-4	unvalidated_caller_evidence	133451988	133490277	292	522	6723256	6782461	518	2671	d396ba36-9111-4f6d-a262-c75d99451c05	60	224	1	2103	False	TBL1X	TBL1X			
bos_taurus	ARS-UCD2.0	SRR31429688	SRR31429688.1504176	LongGF	ENSBTAG00000056582	ENSBTAG00000018616	16	20	-	-	50992689	16799476	-20	unvalidated_caller_evidence	50992689	50992945	0	262	16791872	16799476	242	885	ffa77c8a-e2ec-4915-9bfc-7c86d97905df	1	250	60	591	False		IPO11			
bos_taurus	ARS-UCD2.0	SRR31429688	SRR31429688.1776392	LongGF	ENSBTAG00000018854	ENSBTAG00000077382	1	5	-	-	3829440	71729182	-4	unvalidated_caller_evidence	3829440	3833280	0	239	71726989	71729182	235	868	eb551846-45a6-44a7-83f9-70c9c27642c1	38	236	60	620	True	SOD1	MGC137014			
bos_taurus	ARS-UCD2.0	SRR31429688	SRR31429688.1286309	LongGF	ENSBTAG00000019091	ENSBTAG00000019093	3	3	-	-	39855914	39795310	-1	unvalidated_caller_evidence	39855914	39883193	0	3176	39784083	39795310	3175	4810	d8b7517f-0bcb-4b92-a98d-4a02665a3492	60	3110	60	1582	True	RNPC3	AMY2B			
bos_taurus	ARS-UCD2.0	SRR31429688	SRR31429688.188387	LongGF	ENSBTAG00000020130	ENSBTAG00000020132	8	8	+	-	1628042	1645909	-1	unvalidated_caller_evidence	1549396	1628042	0	2532	1641322	1645909	2531	3170	c547d12d-4e8e-4c65-bdc6-fc84142cc72c	60	2495	60	633	True	CLCN3	HPF1			
bos_taurus	ARS-UCD2.0	SRR31429688	SRR31429688.1482722	LongGF	ENSBTAG00000020154	ENSBTAG00000020496	3	23	+	+	8372866	33066758	9	unvalidated_caller_evidence	8370498	8372866	0	1100	33066758	33067997	1109	2295	76aac555-c8b5-4ad3-8feb-2b8fcacdaf8f	60	1079	60	1171	True	DEDD	C23H6orf62			
bos_taurus	ARS-UCD2.0	SRR31429688	SRR31429688.1447539	LongGF	ENSBTAG00000031679	ENSBTAG00000020518	6	16	-	-	102207470	45416062	-7	unvalidated_caller_evidence	102207470	102208733	3	224	45400215	45416062	217	1084	edfe8d25-44bd-4fb9-989f-12c009cdcf0e	60	213	60	848	True	HSD17B13	PARK7			
bos_taurus	ARS-UCD2.0	SRR31429688	SRR31429688.1182835	LongGF	ENSBTAG00000020542	ENSBTAG00000026236	3	25	+	-	16086967	36447151	19	unvalidated_caller_evidence	16086676	16086967	0	273	36445809	36447151	292	1021	0400f8a6-78db-4262-9690-06573a21813c	60	267	60	700	True	SHE	AZGP1			
bos_taurus	ARS-UCD2.0	SRR31429688	SRR31429688.1685834	LongGF	ENSBTAG00000018046	ENSBTAG00000071196	11	11	+	+	60757541	60817769	-2	unvalidated_caller_evidence	60724018	60757541	0	1030	60817769	60817994	1028	1245	f4c46ef8-50fe-4cd8-974d-8fa3ec8cea0b	60	1007	60	213	True	B3GNT2				
bos_taurus	ARS-UCD2.0	SRR31429688	SRR31429688.166050	LongGF	ENSBTAG00000046664	ENSBTAG00000047739	12	12	-	-	14798263	14680815	-2	unvalidated_caller_evidence	14798263	14798752	3	488	14678207	14680815	486	1890	f1e2e557-d0fc-4961-80dd-8f3062317aaf	60	473	60	1376	True	TSC22D1	TSC22D1			
bos_taurus	ARS-UCD2.0	SRR31429688	SRR31429688.776477	LongGF	ENSBTAG00000046819	ENSBTAG00000067062	10	10	+	-	22780655	22300816	4	unvalidated_caller_evidence	22780118	22780655	20	366	22263114	22300816	370	1361	de4d7eeb-8b7a-498e-a678-b8f6e906262c	50	342	60	968	True					
bos_taurus	ARS-UCD2.0	SRR31429688	SRR31429688.822664	LongGF	ENSBTAG00000076416	ENSBTAG00000047621	26	16	+	+	25631506	5148718	3	unvalidated_caller_evidence	25629624	25631506	1	381	5148718	5149822	384	929	3e39aba7-ff77-4dc6-b6ba-7acd998d9d51	60	369	60	529	True	ECHS1				
bos_taurus	ARS-UCD2.0	SRR31429688	SRR31429688.567006	LongGF	ENSBTAG00000048195	ENSBTAG00000047856	1	1	+	+	71249038	71301928	-3	unvalidated_caller_evidence	71232319	71249038	110	526	71301928	71343974	523	3772	cc0ba6c9-4125-4a1f-bbfc-89f77fd8af2e	60	402	60	3160	True	PIGX	PAK2			
bos_taurus	ARS-UCD2.0	SRR31429688	SRR31429688.10680	LongGF	ENSBTAG00000057336	ENSBTAG00000066107	3	3	-	-	74120433	73972314	-6	unvalidated_caller_evidence	74120433	74146083	0	262	73971988	73972314	256	568	40e7f6cb-014c-4f91-ad42-497c084c01f0	60	259	60	303	True					
bos_taurus	ARS-UCD2.0	SRR31429688	SRR31429688.1675419	LongGF	ENSBTAG00000037533	ENSBTAG00000022395	23	29	-	-	27386525	26441084	-3	unvalidated_caller_evidence	27386525	27386875	3	225	26440284	26441084	222	628	2da48e80-b250-45bc-b2ba-6df0af74db37	11	211	60	395	False	C4A				
bos_taurus	ARS-UCD2.0	SRR31429688	SRR31429688.1660196	LongGF	ENSBTAG00000059382	ENSBTAG00000067062	10	10	-	-	25209180	22272525	-6	unvalidated_caller_evidence	25209180	25209705	0	329	22263114	22272525	323	1338	539c28d6-37fd-4390-af11-26c387e830c3	60	321	60	1000	True					
bos_taurus	ARS-UCD2.0	SRR31429688	SRR31429688.107403	LongGF	ENSBTAG00000071899	ENSBTAG00000060646	13	13	-	-	41492620	41411668	-2	unvalidated_caller_evidence	41492620	41495282	70	238	41410362	41411668	236	1500	040764dd-61f8-4f2c-9d83-d8c0896f5975	60	166	60	1241	True					
bos_taurus	ARS-UCD2.0	SRR31429688	SRR31429688.305070	LongGF	ENSBTAG00000071089	ENSBTAG00000074354	18	18	-	-	15294760	15179807	-3	unvalidated_caller_evidence	15294760	15304886	0	156	15179083	15179807	153	550	8f7353b7-2568-43b8-9177-caee08d22b62	60	152	60	392	True					
bos_taurus	ARS-UCD2.0	SRR31429688	SRR31429688.1410212	LongGF	ENSBTAG00000077423	ENSBTAG00000076312	15	15	-	-	63066740	62977156	4	unvalidated_caller_evidence	63066740	63067015	2	266	62976912	62977156	270	515	e4856249-75e9-4618-a89a-75e2a05da890	60	260	60	240	True					
bos_taurus	ARS-UCD2.0	SRR31429688	SRR31429688.432195	LongGF	ENSBTAG00000058190	ENSBTAG00000023659	15	18	+	-	56192156	24042541	0	unvalidated_caller_evidence	56192018	56192156	12	145	24042369	24042541	145	305	278ff29b-d392-40fc-9491-1426f49947e4	60	131	60	157	True	TSKU	MT2A			
bos_taurus	ARS-UCD2.0	SRR31429688	SRR31429688.781690	LongGF	ENSBTAG00000031800	ENSBTAG00000024909	13	19	-	+	54136256	55823631	0	unvalidated_caller_evidence	54136256	54136571	0	296	55823631	55823754	296	418	7eec52b5-88c3-46ba-b9c8-3bcd6be699ba	37	291	13	120	False	PPDPF	H3-3B			
bos_taurus	ARS-UCD2.0	SRR31429688	SRR31429688.1582024	LongGF	ENSBTAG00000046010	ENSBTAG00000031679	25	6	-	-	37794304	102193457	-1	unvalidated_caller_evidence	37794304	37794523	0	234	102192494	102193457	233	1170	a9124060-1ba3-47ee-8b2a-403b20b77975	60	214	60	915	True	BHLHA15	HSD17B13			
bos_taurus	ARS-UCD2.0	SRR31429688	SRR31429688.162647	LongGF	ENSBTAG00000072142	ENSBTAG00000033221	10	20	-	+	88236166	31771258	-1	unvalidated_caller_evidence	88236166	88237597	0	1378	31771258	31771440	1377	1554	3f5220cd-8fe3-4905-a2db-6f878092e56a	60	1347	60	176	True	IRF2BPL	CCDC152			
bos_taurus	ARS-UCD2.0	SRR31429688	SRR31429688.1435148	LongGF	ENSBTAG00000078454	ENSBTAG00000034609	4	4	+	+	106011302	106102661	12	unvalidated_caller_evidence	106010852	106011302	0	327	106102661	106107652	339	1115	dc53f529-e437-4941-b4c1-623271fb0784	60	325	60	764	True					
bos_taurus	ARS-UCD2.0	SRR31429688	SRR31429688.1578869	LongGF	ENSBTAG00000038461	ENSBTAG00000047040	5	21	+	-	100776552	59359294	10	unvalidated_caller_evidence	100775840	100776552	0	154	59355560	59359294	164	772	ac99f3f0-f7ee-4df9-a564-34a1bcd89ab3	60	152	60	596	True		SERPINA3-3			
bos_taurus	ARS-UCD2.0	SRR31429688	SRR31429688.352390	LongGF	ENSBTAG00000065780	ENSBTAG00000038461	7	5	-	+	95124976	100810001	12	unvalidated_caller_evidence	95124976	95132727	4	298	100810001	100811729	310	615	6062eb69-bcd4-4cb3-a5d2-c2c4a901aae9	60	286	60	301	True	GLRX				
bos_taurus	ARS-UCD2.0	SRR31429688	SRR31429688.632682	LongGF	ENSBTAG00000072338	ENSBTAG00000044001	1	1	-	-	79193915	79124276	-4	unvalidated_caller_evidence	79193915	79194054	1	139	79090859	79124276	135	788	d92ef215-67cc-4538-abbc-5e19284fcd69	60	137	60	633	True		LPP			
bos_taurus	ARS-UCD2.0	SRR31429688	SRR31429688.991490	LongGF	ENSBTAG00000045703	ENSBTAG00000058465	26	7	-	-	20663639	108567072	-2	unvalidated_caller_evidence	20663639	20663857	0	214	108566656	108567072	212	617	125ec3fc-c410-4953-bf9e-bac743a27633	60	208	60	392	True	COX15				
bos_taurus	ARS-UCD2.0	SRR31429688	SRR31429688.908317	LongGF	ENSBTAG00000011505	ENSBTAG00000013343	19	18	-	+	26152391	55539787	2	unvalidated_caller_evidence	26152391	26177098	0	1423	55539787	55540365	1425	1811	1b196889-5c6f-46d0-a871-a805e3364a0f	60	1390	0	378	False	RABEP1	FTL			
bos_taurus	ARS-UCD2.0	SRR31429688	SRR31429688.1194816	LongGF	ENSBTAG00000074516	ENSBTAG00000011683	10	10	-	-	84856722	84796469	-4	unvalidated_caller_evidence	84856722	84901505	0	173	84739199	84796469	169	6950	ad1860cd-d99c-471c-9a8f-51dacc8c5c88	60	168	60	6635	True		NUMB			
bos_taurus	ARS-UCD2.0	SRR31429688	SRR31429688.398022	LongGF	ENSBTAG00000072314	ENSBTAG00000011689	1	18	-	-	43440919	62888646	0	unvalidated_caller_evidence	43440919	43441049	52	181	62888413	62888646	181	412	33e0b5fd-e5e7-4684-8d73-ddf49ff89ab0	60	129	60	224	True		LENG8			
bos_taurus	ARS-UCD2.0	SRR31429688	SRR31429688.1108386	LongGF	ENSBTAG00000012519	ENSBTAG00000011963	11	18	-	-	14206209	51362207	-3	unvalidated_caller_evidence	14206209	14224517	0	621	51355188	51362207	618	1088	4361bcaf-36af-47b2-90f3-5c88b6bac422	60	617	1	457	False	XDH	RPS19			
bos_taurus	ARS-UCD2.0	SRR31429688	SRR31429688.1249910	LongGF	ENSBTAG00000012407	ENSBTAG00000012012	13	24	-	+	41542635	4174886	-3	unvalidated_caller_evidence	41542635	41543945	0	1259	4174886	4175481	1256	1797	4946f948-e2ec-4701-ae50-abf4364be656	60	1236	60	535	True	FOXA2	CYB5A			
bos_taurus	ARS-UCD2.0	SRR31429688	SRR31429688.1089839	LongGF	ENSBTAG00000017196	ENSBTAG00000024984	21	14	+	+	55388461	69940600	3	unvalidated_caller_evidence	55388184	55388461	2	124	69940600	69976416	127	1763	78aa1ddd-2a06-406a-9978-534e2842a1a7	60	122	60	1597	True	PDIA3	FSBP			
bos_taurus	ARS-UCD2.0	SRR31429688	SRR31429688.268535	LongGF	ENSBTAG00000012403	ENSBTAG00000019147	9	14	+	-	69530660	23278445	-1	unvalidated_caller_evidence	69521621	69530660	5	422	23278326	23278445	421	541	ee9432d1-4a63-4357-840f-8c18bf0f2f9b	60	405	3	118	False	ARG1	RPS20			
bos_taurus	ARS-UCD2.0	SRR31429688	SRR31429688.68843	LongGF	ENSBTAG00000012403	ENSBTAG00000078029	9	4	+	+	69537763	65608099	-1	unvalidated_caller_evidence	69537102	69537763	0	405	65608099	65608274	404	573	3fe199ff-71ca-490b-aafb-afb1742dcfde	60	393	60	164	True	ARG1	INMT			
bos_taurus	ARS-UCD2.0	SRR31429688	SRR31429688.1147129	LongGF	ENSBTAG00000012540	ENSBTAG00000018667	15	8	-	-	82145206	39678462	-1	unvalidated_caller_evidence	82145206	82145676	6	477	39678285	39678462	476	653	ac71f380-893d-4ff3-a72d-ac0c4b8e26e9	22	458	60	175	True		RCL1			
bos_taurus	ARS-UCD2.0	SRR31429688	SRR31429688.686909	LongGF	ENSBTAG00000012557	ENSBTAG00000016282	2	21	+	+	6594289	67994520	-2	unvalidated_caller_evidence	6592698	6594289	1	239	67994520	67994796	237	511	7148eb88-3115-40c5-8a87-fb28078992fa	60	231	60	268	True	OSGEPL1	EIF5			
bos_taurus	ARS-UCD2.0	SRR31429688	SRR31429688.307939	LongGF	ENSBTAG00000019291	ENSBTAG00000012797	2	1	+	+	31683473	84059130	1	unvalidated_caller_evidence	31681795	31683473	0	409	84059130	84076954	410	3393	94784925-8228-4026-98df-0c542ba64152	60	400	60	2905	True	GRB14	DCUN1D1			
bos_taurus	ARS-UCD2.0	SRR31429688	SRR31429688.894475	LongGF	ENSBTAG00000020980	ENSBTAG00000012854	15	19	+	-	65003955	40244458	4	unvalidated_caller_evidence	64997633	65003955	0	249	40243167	40244458	253	727	e21ef420-b505-4e59-b9c1-226a023f7fcd	60	247	60	464	True	CAT	GSDMB			
bos_taurus	ARS-UCD2.0	SRR31429688	SRR31429688.301776	LongGF	ENSBTAG00000009578	ENSBTAG00000015598	14	23	+	-	2951338	8494289	-2	unvalidated_caller_evidence	2918127	2951338	0	301	8488462	8494289	299	835	ee071862-e211-4f7f-a85b-f146b220aade	60	296	60	532	True	PTK2	RPS10			
bos_taurus	ARS-UCD2.0	SRR31429688	SRR31429688.1249350	LongGF	ENSBTAG00000009871	ENSBTAG00000047833	13	6	-	+	37004882	88563900	3	unvalidated_caller_evidence	37004882	37026766	2	282	88563900	88564158	285	541	5522211f-eb89-481a-8d51-b4414559a8d1	3	274	60	249	False	RAB18	AFM			
bos_taurus	ARS-UCD2.0	SRR31429688	SRR31429688.1275375	LongGF	ENSBTAG00000000085	ENSBTAG00000011382	21	19	-	-	33923220	56654064	0	unvalidated_caller_evidence	33923220	33923528	0	285	56653907	56654064	285	430	5adab47c-bbe5-40af-94b9-422021412164	60	281	5	141	False	CYP1A2	NHERF1			
bos_taurus	ARS-UCD2.0	SRR31429688	SRR31429688.1032630	LongGF	ENSBTAG00000009979	ENSBTAG00000017851	19	11	+	+	37947894	105114465	2	unvalidated_caller_evidence	37947660	37947894	197	427	105114465	105114869	429	810	1fbb0b6b-0294-409f-b4b4-eb1999553187	60	225	60	368	True	HOXB2	RXRA			
bos_taurus	ARS-UCD2.0	SRR31429688	SRR31429688.401094	LongGF	ENSBTAG00000068078	ENSBTAG00000010106	23	23	-	-	15793911	15704300	-4	unvalidated_caller_evidence	15793911	15794073	2	162	15698689	15704300	158	1744	874b0abd-681d-477f-97f5-5aacbf3c2279	60	151	60	1536	True		CCND3			
bos_taurus	ARS-UCD2.0	SRR31429688	SRR31429688.623844	LongGF	ENSBTAG00000011105	ENSBTAG00000040413	5	18	+	+	33863132	34668251	-2	unvalidated_caller_evidence	33862941	33863132	3	185	34668251	34668471	183	389	6d036df3-15f4-4130-a96f-1244494b31b3	42	179	60	204	True	SLC38A2	CES3			
bos_taurus	ARS-UCD2.0	SRR31429688	SRR31429688.1066001	LongGF	ENSBTAG00000069157	ENSBTAG00000010155	19	19	+	+	14468508	14426923	0	unvalidated_caller_evidence	14468371	14468508	1	129	14426923	14427650	129	610	572b740a-7768-48fb-a0d9-4b72ed7e6184	60	127	60	477	True					
bos_taurus	ARS-UCD2.0	SRR31429688	SRR31429688.1849859	LongGF	ENSBTAG00000010379	ENSBTAG00000077802	7	7	-	+	4515832	51434771	-2	unvalidated_caller_evidence	4515832	4515975	12	150	51434771	51435226	148	596	313f1f1e-9013-49e6-9652-8b70cd11485f	50	134	60	417	True	CRTC1	CYSTM1			
bos_taurus	ARS-UCD2.0	SRR31429688	SRR31429688.1473391	LongGF	ENSBTAG00000019253	ENSBTAG00000010910	X	3	-	-	50819037	119662211	-2	unvalidated_caller_evidence	50819037	50822403	0	373	119662082	119662211	371	498	a33404b4-69de-4671-85f3-cbea1be8a387	1	371	60	126	False	RPL36A	COPS9			
bos_taurus	ARS-UCD2.0	SRR31429688	SRR31429688.836958	LongGF	ENSBTAG00000046846	ENSBTAG00000010910	7	3	-	-	6831776	119662330	5	unvalidated_caller_evidence	6831776	6836858	20	341	119662081	119662330	346	593	5ac6b123-4cee-435b-b3b2-4f76f20bd868	60	319	60	244	True	FAM32A	COPS9			
bos_taurus	ARS-UCD2.0	SRR31429688	SRR31429688.929750	LongGF	ENSBTAG00000034645	ENSBTAG00000011050	4	8	-	-	12615198	39860429	-1	unvalidated_caller_evidence	12615198	12630062	1	206	39860232	39860429	205	395	868010a6-108e-4bfa-bc9b-5fa428793f9b	60	205	2	185	False	PON3	PLPP6			
bos_taurus	ARS-UCD2.0	SRR31429688	SRR31429688.1004674	LongGF	ENSBTAG00000016062	ENSBTAG00000023106	21	1	+	-	54677814	139423616	0	unvalidated_caller_evidence	54673340	54677814	1	835	139422505	139423616	835	1933	6a82598e-1277-4031-ad3d-5b4a6fdecc26	60	812	60	1083	True	C21H14orf28				
bos_taurus	ARS-UCD2.0	SRR31429688	SRR31429688.70021	LongGF	ENSBTAG00000067923	ENSBTAG00000016149	16	20	+	+	2294993	35126901	-2	unvalidated_caller_evidence	2294831	2294993	0	157	35126901	35143358	155	903	1e15b9f6-dfe0-4050-9d90-71af214f03b3	60	154	60	723	True		C9			
bos_taurus	ARS-UCD2.0	SRR31429688	SRR31429688.168007	LongGF	ENSBTAG00000020980	ENSBTAG00000016177	15	27	+	+	64988557	19400633	-1	unvalidated_caller_evidence	64975348	64988557	29	189	19400633	19406137	188	660	902ec8e7-b4af-4cff-8664-85238511bbce	60	159	60	465	True	CAT	FGL1			
bos_taurus	ARS-UCD2.0	SRR31429688	SRR31429688.1516573	LongGF	ENSBTAG00000031647	ENSBTAG00000016267	7	15	+	+	19599308	80863092	9	unvalidated_caller_evidence	19596347	19599308	0	1660	80863092	80863386	1669	1964	b86703a5-db2e-4f81-92e2-b1dece6049d0	60	1604	60	278	True	LRG1	SERPING1			
bos_taurus	ARS-UCD2.0	SRR31429688	SRR31429688.948749	LongGF	ENSBTAG00000016744	ENSBTAG00000077859	15	21	+	+	64697387	68000917	-2	unvalidated_caller_evidence	64689116	64697387	1	1990	68000917	68001077	1988	2144	c4f43522-378c-4692-89d7-3371f6eb548f	60	1930	60	150	True	CAPRIN1				
bos_taurus	ARS-UCD2.0	SRR31429688	SRR31429688.1796711	LongGF	ENSBTAG00000017143	ENSBTAG00000072260	4	8	-	-	112206728	83422078	-1	unvalidated_caller_evidence	112206728	112210064	1	393	83421741	83422078	392	719	301b5030-7a91-4766-a283-9a311cdcd13b	60	390	13	324	False	PDIA4				
bos_taurus	ARS-UCD2.0	SRR31429688	SRR31429688.95503	LongGF	ENSBTAG00000043989	ENSBTAG00000013429	2	7	+	-	125389514	16561533	5	unvalidated_caller_evidence	125389314	125389514	1	197	16561220	16561533	202	503	a6e54955-7a52-4055-88cd-4d4451e2b1a2	60	193	60	299	True	EYA3	CLEC4G			
bos_taurus	ARS-UCD2.0	SRR31429688	SRR31429688.1616401	LongGF	ENSBTAG00000016085	ENSBTAG00000013866	X	3	-	-	37220035	16448393	-3	unvalidated_caller_evidence	37220035	37220184	0	143	16447960	16448393	140	291	fa839017-c80c-4835-abbe-76b28304b2a5	60	142	28	149	True	IRAK1	RPS25			
bos_taurus	ARS-UCD2.0	SRR31429688	SRR31429688.205750	LongGF	ENSBTAG00000018636	ENSBTAG00000013924	21	18	+	+	64522714	55952783	16	unvalidated_caller_evidence	64522209	64522714	1	490	55952783	55952928	506	655	7525239e-7c82-434f-93a2-77a26e79e21f	60	483	60	145	True	CCNK	RPS11			
bos_taurus	ARS-UCD2.0	SRR31429688	SRR31429688.915655	LongGF	ENSBTAG00000014177	ENSBTAG00000018043	20	18	+	-	33325764	35422025	9	unvalidated_caller_evidence	33325648	33325764	0	108	35421761	35422025	117	380	c0f6a89c-5b2c-4b1a-9156-3098a26373d2	45	108	60	258	True	C6	LCAT			
bos_taurus	ARS-UCD2.0	SRR31429688	SRR31429688.1882306	LongGF	ENSBTAG00000016252	ENSBTAG00000014313	19	26	-	-	43904485	19479979	-1	unvalidated_caller_evidence	43904485	43904598	0	113	19468915	19479979	112	3231	7d87b3e5-9154-4e3a-b255-9c4cba265115	60	112	60	3022	True	LSM12	PYROXD2			
bos_taurus	ARS-UCD2.0	SRR31429688	SRR31429688.91548	LongGF	ENSBTAG00000026199	ENSBTAG00000016045	25	11	+	-	38802019	85237271	1	unvalidated_caller_evidence	38799241	38802019	0	1172	85237101	85237271	1173	1338	27097450-efd6-46be-9172-e547eaa7ada7	60	1154	60	161	True	ACTB	TRIB2			
bos_taurus	ARS-UCD2.0	SRR31429688	SRR31429688.1880613	LongGF	ENSBTAG00000069157	ENSBTAG00000014522	19	6	+	-	14472044	58632958	-1	unvalidated_caller_evidence	14468457	14472044	52	414	58629739	58632958	413	3616	870222d6-eb2d-4593-acbd-e1af4f42b539	60	354	60	3100	True		SMIM14			
bos_taurus	ARS-UCD2.0	SRR31429688	SRR31429688.972119	LongGF	ENSBTAG00000014614	ENSBTAG00000072136	26	4	-	+	10631192	80933704	-1	unvalidated_caller_evidence	10631192	10644089	0	825	80933704	80934032	824	1149	0a7a491d-5ee0-4ec1-92b3-af3106a41eed	60	812	60	316	True	ACTA2	MPLKIP			
bos_taurus	ARS-UCD2.0	SRR31429688	SRR31429688.82032	LongGF	ENSBTAG00000060345	ENSBTAG00000014872	X	18	-	+	127817232	46805674	-2	unvalidated_caller_evidence	127817232	127817454	6	212	46805674	46805842	210	375	8c06516a-5453-49a1-89e4-075be3ed2a15	60	203	60	162	True		CAPNS1			
bos_taurus	ARS-UCD2.0	SRR31429688	SRR31429688.1420117	LongGF	ENSBTAG00000015106	ENSBTAG00000023419	23	18	-	-	47824143	54732151	-1	unvalidated_caller_evidence	47824143	47825444	0	1293	54731836	54732151	1292	1607	51f83953-93d8-4c43-920e-50d957149fde	60	1259	60	307	True	DSP	SULT2A1			
bos_taurus	ARS-UCD2.0	SRR31429688	SRR31429688.1375688	Genion	ENSBTAG00000004568	ENSBTAG00000000639	18	18	-	-	14016351	14016023	301	observed exon-aligned boundaries; not exon-repaired; not conserved			3	2317			2618	3846	bb986920-ad32-4aab-b85e-94706c7d6d6f	60	2259	60	1096	True	GALNS	APRT	PASS:RT	pFAIL	False
bos_taurus	ARS-UCD2.0	SRR31429688	SRR31429688.1198029	Genion	ENSBTAG00000004568	ENSBTAG00000000639	18	18	-	-	14016351	14016023	333	observed exon-aligned boundaries; not exon-repaired; not conserved			10	2489			2822	3952	cc353a84-31d4-4831-abb5-80da5d05bf88	60	2336	60	1100	True	GALNS	APRT	PASS:RT	pFAIL	False
bos_taurus	ARS-UCD2.0	SRR31429688	SRR31429688.882881	Genion	ENSBTAG00000007646	ENSBTAG00000001514	X	X	+	+	128173333	128187617	131	observed exon-aligned boundaries; not exon-repaired; not conserved			2	670			801	2005	047f25ef-fae5-4fec-bb2b-9fdfe5cf6b0f	60	643	60	1145	True	PIGA	ASB11	PASS:GF	pPASS	True
bos_taurus	ARS-UCD2.0	SRR31429688	SRR31429688.99529	Genion	ENSBTAG00000007646	ENSBTAG00000001514	X	X	+	+	128173333	128177631	95	observed exon-aligned boundaries; not exon-repaired; not conserved			2	480			575	1981	a9109122-d2de-44d4-ac46-4de12f3feed1	60	323	60	1376	True	PIGA	ASB11	PASS:GF	pPASS	True
bos_taurus	ARS-UCD2.0	SRR31429688	SRR31429688.293623	Genion	ENSBTAG00000007646	ENSBTAG00000001514	X	X	+	+	128168785	128187617	0	observed exon-aligned boundaries; not exon-repaired; not conserved			0	108			108	1321	adc1531c-5859-4ee4-bf71-7a437692a3ae	60	103	60	1200	True	PIGA	ASB11	PASS:GF	pPASS	True
bos_taurus	ARS-UCD2.0	SRR31429688	SRR31429688.557744	Genion	ENSBTAG00000007646	ENSBTAG00000001514	X	X	+	+	128173333	128187617	132	observed exon-aligned boundaries; not exon-repaired; not conserved			2	174			306	1537	3e55173f-2b5b-4488-a1e5-0e51a3b6c86b	60	170	60	1205	True	PIGA	ASB11	PASS:GF	pPASS	True
bos_taurus	ARS-UCD2.0	SRR31429688	SRR31429688.574827	Genion	ENSBTAG00000007646	ENSBTAG00000001514	X	X	+	+	128169998	128187617	0	observed exon-aligned boundaries; not exon-repaired; not conserved			204	669			669	1902	3361a603-44df-49f8-8069-3a1b9d6f1ba9	60	451	60	1203	True	PIGA	ASB11	PASS:GF	pPASS	True
bos_taurus	ARS-UCD2.0	SRR31429688	SRR31429688.703008	Genion	ENSBTAG00000007646	ENSBTAG00000001514	X	X	+	+	128175289	128192570	472	observed exon-aligned boundaries; not exon-repaired; not conserved			0	1597			2069	3210	a17f773c-1dbe-4082-834d-50b678420ef5	60	971	60	1082	True	PIGA	ASB11	PASS:GF	pPASS	True
bos_taurus	ARS-UCD2.0	SRR31429688	SRR31429688.1115909	Genion	ENSBTAG00000007646	ENSBTAG00000001514	X	X	+	+	128168785	128187617	0	observed exon-aligned boundaries; not exon-repaired; not conserved			7	134			134	1343	8f4f0c08-c3bc-45e9-8009-e16ba9474300	60	124	60	1182	True	PIGA	ASB11	PASS:GF	pPASS	True
bos_taurus	ARS-UCD2.0	SRR31429688	SRR31429688.1199079	Genion	ENSBTAG00000007646	ENSBTAG00000001514	X	X	+	+	128168785	128187617	0	observed exon-aligned boundaries; not exon-repaired; not conserved			16	148			148	1357	0bcdbf09-4394-4d49-9987-d481639e51d1	60	131	60	1174	True	PIGA	ASB11	PASS:GF	pPASS	True
bos_taurus	ARS-UCD2.0	SRR31429688	SRR31429688.1509503	Genion	ENSBTAG00000007646	ENSBTAG00000001514	X	X	+	+	128168785	128187617	0	observed exon-aligned boundaries; not exon-repaired; not conserved			0	95			95	1320	a6fccd4d-a5b7-41e2-84e7-620b4e0331db	60	95	60	1195	False	PIGA	ASB11	PASS:GF	pPASS	True
bos_taurus	ARS-UCD2.0	SRR31429688	SRR31429688.1786937	Genion	ENSBTAG00000007646	ENSBTAG00000001514	X	X	+	+	128168785	128187617	0	observed exon-aligned boundaries; not exon-repaired; not conserved			0	101			101	1425	068adbde-f9c9-4c0a-ae0f-189919008db7	60	101	60	1200	True	PIGA	ASB11	PASS:GF	pPASS	True
bos_taurus	ARS-UCD2.0	SRR31429688	SRR31429688.1819352	Genion	ENSBTAG00000007646	ENSBTAG00000001514	X	X	+	+	128168785	128187617	0	observed exon-aligned boundaries; not exon-repaired; not conserved			0	104			104	1306	10167512-e8bd-4197-a9b8-fd0f838455cb	60	101	60	1163	True	PIGA	ASB11	PASS:GF	pPASS	True
bos_taurus	ARS-UCD2.0	SRR31429688	SRR31429688.1827545	Genion	ENSBTAG00000007646	ENSBTAG00000001514	X	X	+	+	128173333	128187617	0	observed exon-aligned boundaries; not exon-repaired; not conserved			6	191			191	1403	664c1468-7a47-4622-a973-64ab5e8d3d39	60	184	60	1188	True	PIGA	ASB11	PASS:GF	pPASS	True
bos_taurus	ARS-UCD2.0	SRR31429688	SRR31429688.658728	Genion	ENSBTAG00000003588	ENSBTAG00000060527	14	14	+	+	80887130	80887221	0	observed exon-aligned boundaries; not exon-repaired; not conserved			50	577			577	1034	0b978ace-4ff1-4b1b-b6df-c7aa4dbc4a81	60	522	60	438	True	ZFAND1	IMPA1	PASS:GF	pPASS	True
bos_taurus	ARS-UCD2.0	SRR31429688	SRR31429688.936606	Genion	ENSBTAG00000003588	ENSBTAG00000060527	14	14	+	+	80887130	80887221	0	observed exon-aligned boundaries; not exon-repaired; not conserved			0	187			187	2711	3f1b63b3-7226-4d0e-a4aa-4509170ad226	60	183	60	2452	True	ZFAND1	IMPA1	PASS:GF	pPASS	True
bos_taurus	ARS-UCD2.0	SRR31429688	SRR31429688.1263410	Genion	ENSBTAG00000003588	ENSBTAG00000060527	14	14	+	+	80887130	80887221	0	observed exon-aligned boundaries; not exon-repaired; not conserved			74	642			642	981	c78b08dd-d0fd-4efb-90bd-880d430d0bd1	60	475	60	332	True	ZFAND1	IMPA1	PASS:GF	pPASS	True
bos_taurus	ARS-UCD2.0	SRR31429688	SRR31429688.1885687	Genion	ENSBTAG00000003588	ENSBTAG00000060527	14	14	+	+	80887130	80887221	0	observed exon-aligned boundaries; not exon-repaired; not conserved			0	62			62	400	995d0857-51a2-4535-b267-888e59a600e0	60	61	60	327	False	ZFAND1	IMPA1	PASS:GF	pPASS	True
bos_taurus	ARS-UCD2.0	SRR31429688	SRR31429688.207128	Genion	ENSBTAG00000003588	ENSBTAG00000060527	14	14	+	+	80887130	80887221	0	observed exon-aligned boundaries; not exon-repaired; not conserved			2	631			631	3148	77caa40a-7c3b-4bcc-9bf1-d3dcc59dd5d4	60	623	60	2476	True	ZFAND1	IMPA1	PASS:GF	pPASS	True
bos_taurus	ARS-UCD2.0	SRR31429688	SRR31429688.220472	Genion	ENSBTAG00000003588	ENSBTAG00000060527	14	14	+	+	80887130	80887221	0	observed exon-aligned boundaries; not exon-repaired; not conserved			4	649			649	995	351111f4-a2ea-42b0-91a4-f6bea2f6f0ed	60	631	60	333	True	ZFAND1	IMPA1	PASS:GF	pPASS	True
bos_taurus	ARS-UCD2.0	SRR31429688	SRR31429688.602448	Genion	ENSBTAG00000003588	ENSBTAG00000060527	14	14	+	+	80887130	80887221	0	observed exon-aligned boundaries; not exon-repaired; not conserved			0	621			621	3162	e2530426-7cb2-41d2-9e89-02a59ec4bfd9	60	609	60	2472	True	ZFAND1	IMPA1	PASS:GF	pPASS	True
bos_taurus	ARS-UCD2.0	SRR31429688	SRR31429688.1838391	Genion	ENSBTAG00000060578	ENSBTAG00000006839	18	18	-	-	56639246	56637501	3	observed exon-aligned boundaries; not exon-repaired; not conserved			0	860			863	1624	2163959f-0d05-4e3a-9984-f8cac6629d62	60	836	60	725	True		JOSD2	PASS:RT	pFAIL	False
bos_taurus	ARS-UCD2.0	SRR31429688	SRR31429688.38732	Genion	ENSBTAG00000060892	ENSBTAG00000008251	21	21	+	+	1947075	1958986	0	observed exon-aligned boundaries; not exon-repaired; not conserved			47	356			356	1043	21ba7746-12d8-4110-b42a-b83874c70c0f	60	306	60	648	True	SNURF	SNRPN	PASS:GF	pPASS	True
bos_taurus	ARS-UCD2.0	SRR31429688	SRR31429688.327759	Genion	ENSBTAG00000060892	ENSBTAG00000008251	21	21	+	+	1947075	1958986	0	observed exon-aligned boundaries; not exon-repaired; not conserved			3	417			417	1086	34b94cb9-2531-41aa-9ffb-ddb70b9dfa52	60	265	60	656	True	SNURF	SNRPN	PASS:GF	pPASS	True
bos_taurus	ARS-UCD2.0	SRR31429688	SRR31429688.504078	Genion	ENSBTAG00000060892	ENSBTAG00000008251	21	21	+	+	1947075	1958986	0	observed exon-aligned boundaries; not exon-repaired; not conserved			9	336			336	1019	be9dcc3b-92f7-4bb7-9dbd-10c6a99c7a47	60	320	60	657	True	SNURF	SNRPN	PASS:GF	pPASS	True
bos_taurus	ARS-UCD2.0	SRR31429688	SRR31429688.758437	Genion	ENSBTAG00000060892	ENSBTAG00000008251	21	21	+	+	1947075	1958986	0	observed exon-aligned boundaries; not exon-repaired; not conserved			0	297			297	961	95edcbd8-aced-4fd4-9a81-b3fdffd82e06	60	295	60	645	True	SNURF	SNRPN	PASS:GF	pPASS	True
bos_taurus	ARS-UCD2.0	SRR31429688	SRR31429688.805231	Genion	ENSBTAG00000060892	ENSBTAG00000008251	21	21	+	+	1947075	1958986	0	observed exon-aligned boundaries; not exon-repaired; not conserved			7	334			334	999	bce80097-81c0-4da2-a891-99c32ccf5149	60	325	60	656	True	SNURF	SNRPN	PASS:GF	pPASS	True
bos_taurus	ARS-UCD2.0	SRR31429688	SRR31429688.951458	Genion	ENSBTAG00000060892	ENSBTAG00000008251	21	21	+	+	1947075	1958986	0	observed exon-aligned boundaries; not exon-repaired; not conserved			0	471			471	1145	27d0bb15-0e68-4e79-96fb-ffc902fa87c0	60	307	60	662	True	SNURF	SNRPN	PASS:GF	pPASS	True
bos_taurus	ARS-UCD2.0	SRR31429688	SRR31429688.333462	Genion	ENSBTAG00000060892	ENSBTAG00000008251	21	21	+	+	1947075	1954837	0	observed exon-aligned boundaries; not exon-repaired; not conserved			0	59			59	1038	31004df1-7bed-439a-83fc-5db7d8c6bd56	60	59	60	947	False	SNURF	SNRPN	PASS:GF	pPASS	True
bos_taurus	ARS-UCD2.0	SRR31429688	SRR31429688.1414887	Genion	ENSBTAG00000060892	ENSBTAG00000008251	21	21	+	+	1947075	1954837	0	observed exon-aligned boundaries; not exon-repaired; not conserved			3	106			106	1084	533c3f74-7fd1-4d83-8d08-9466527efb51	60	101	60	963	True	SNURF	SNRPN	PASS:GF	pPASS	True
bos_taurus	ARS-UCD2.0	SRR31429688	SRR31429688.1514980	Genion	ENSBTAG00000060892	ENSBTAG00000008251	21	21	+	+	1947075	1954837	0	observed exon-aligned boundaries; not exon-repaired; not conserved			0	105			105	1106	354a363f-28e6-41b3-8a43-bdf6bce43490	60	105	60	966	True	SNURF	SNRPN	PASS:GF	pPASS	True
bos_taurus	ARS-UCD2.0	SRR31429688	SRR31429688.1547415	Genion	ENSBTAG00000060892	ENSBTAG00000008251	21	21	+	+	1947075	1954837	0	observed exon-aligned boundaries; not exon-repaired; not conserved			33	237			237	1211	93c809af-d48b-4008-b486-7d30a143e23b	60	203	60	943	True	SNURF	SNRPN	PASS:GF	pPASS	True
bos_taurus	ARS-UCD2.0	SRR31429688	SRR31429688.31168	Genion	ENSBTAG00000060892	ENSBTAG00000008251	21	21	+	+	1947075	1954837	0	observed exon-aligned boundaries; not exon-repaired; not conserved			0	311			311	1300	16a7ece8-eb87-484b-8ce4-413fc9c5e47b	60	309	60	973	True	SNURF	SNRPN	PASS:GF	pPASS	True
bos_taurus	ARS-UCD2.0	SRR31429688	SRR31429688.46206	Genion	ENSBTAG00000060892	ENSBTAG00000008251	21	21	+	+	1947075	1954837	0	observed exon-aligned boundaries; not exon-repaired; not conserved			0	455			455	1437	9fe3d167-ca96-4daa-80b7-5e9e76af284c	60	304	60	944	True	SNURF	SNRPN	PASS:GF	pPASS	True
bos_taurus	ARS-UCD2.0	SRR31429688	SRR31429688.118525	Genion	ENSBTAG00000060892	ENSBTAG00000008251	21	21	+	+	1947075	1954837	0	observed exon-aligned boundaries; not exon-repaired; not conserved			0	275			275	1242	eec42114-4bce-42c5-b492-178a17f50059	60	273	60	952	True	SNURF	SNRPN	PASS:GF	pPASS	True
bos_taurus	ARS-UCD2.0	SRR31429688	SRR31429688.346202	Genion	ENSBTAG00000060892	ENSBTAG00000008251	21	21	+	+	1947075	1954837	0	observed exon-aligned boundaries; not exon-repaired; not conserved			1	276			276	1227	8d5ee489-445f-40ed-b60a-b04693660482	60	274	60	939	True	SNURF	SNRPN	PASS:GF	pPASS	True
bos_taurus	ARS-UCD2.0	SRR31429688	SRR31429688.354167	Genion	ENSBTAG00000060892	ENSBTAG00000008251	21	21	+	+	1947075	1954837	0	observed exon-aligned boundaries; not exon-repaired; not conserved			9	279			279	1240	803f07a0-7bc5-458e-ae28-027ec8728276	60	252	60	913	True	SNURF	SNRPN	PASS:GF	pPASS	True
bos_taurus	ARS-UCD2.0	SRR31429688	SRR31429688.534897	Genion	ENSBTAG00000060892	ENSBTAG00000008251	21	21	+	+	1947075	1954837	0	observed exon-aligned boundaries; not exon-repaired; not conserved			9	324			324	1295	f049e9b9-fd88-4725-a0b8-64c0751007d7	60	315	60	947	True	SNURF	SNRPN	PASS:GF	pPASS	True
bos_taurus	ARS-UCD2.0	SRR31429688	SRR31429688.846057	Genion	ENSBTAG00000060892	ENSBTAG00000008251	21	21	+	+	1947075	1954837	0	observed exon-aligned boundaries; not exon-repaired; not conserved			2	294			294	1276	041a380c-07da-4aa0-8105-35d9b0ada4c7	60	274	60	937	True	SNURF	SNRPN	PASS:GF	pPASS	True
bos_taurus	ARS-UCD2.0	SRR31429688	SRR31429688.987815	Genion	ENSBTAG00000060892	ENSBTAG00000008251	21	21	+	+	1947075	1954837	0	observed exon-aligned boundaries; not exon-repaired; not conserved			0	308			308	1289	c97fba65-62ba-4487-966f-8dd7b38fda23	60	305	60	962	True	SNURF	SNRPN	PASS:GF	pPASS	True
bos_taurus	ARS-UCD2.0	SRR31429688	SRR31429688.1032199	Genion	ENSBTAG00000060892	ENSBTAG00000008251	21	21	+	+	1947075	1954837	0	observed exon-aligned boundaries; not exon-repaired; not conserved			0	285			285	1237	70288fd0-5530-4f56-a9d1-ebceef54b33b	60	281	60	932	True	SNURF	SNRPN	PASS:GF	pPASS	True
bos_taurus	ARS-UCD2.0	SRR31429688	SRR31429688.1118032	Genion	ENSBTAG00000060892	ENSBTAG00000008251	21	21	+	+	1947075	1954837	0	observed exon-aligned boundaries; not exon-repaired; not conserved			0	327			327	1277	e73dfac1-419b-41ce-ad8c-b11b59b052d1	60	308	60	933	True	SNURF	SNRPN	PASS:GF	pPASS	True
bos_taurus	ARS-UCD2.0	SRR31429688	SRR31429688.1146945	Genion	ENSBTAG00000060892	ENSBTAG00000008251	21	21	+	+	1947073	1954914	0	observed exon-aligned boundaries; not exon-repaired; not conserved			1	293			293	1199	4fec2a86-58cc-40dd-aa4a-faf62440e489	60	281	60	879	True	SNURF	SNRPN	PASS:GF	pPASS	True
bos_taurus	ARS-UCD2.0	SRR31429688	SRR31429688.1361298	Genion	ENSBTAG00000060892	ENSBTAG00000008251	21	21	+	+	1947075	1954837	0	observed exon-aligned boundaries; not exon-repaired; not conserved			0	284			284	1278	f85f6e96-9f5f-445a-968a-bcacf30daae7	60	284	60	970	True	SNURF	SNRPN	PASS:GF	pPASS	True
bos_taurus	ARS-UCD2.0	SRR31429688	SRR31429688.1436400	Genion	ENSBTAG00000060892	ENSBTAG00000008251	21	21	+	+	1947075	1954837	0	observed exon-aligned boundaries; not exon-repaired; not conserved			4	271			271	1238	2ad85aeb-534f-4451-8cc2-231be992844d	60	264	60	941	True	SNURF	SNRPN	PASS:GF	pPASS	True
bos_taurus	ARS-UCD2.0	SRR31429688	SRR31429688.1471263	Genion	ENSBTAG00000060892	ENSBTAG00000008251	21	21	+	+	1947075	1954837	0	observed exon-aligned boundaries; not exon-repaired; not conserved			0	321			321	1308	b56c4dbf-8c1c-4a0e-ba50-4823d2e1bf30	60	317	60	973	True	SNURF	SNRPN	PASS:GF	pPASS	True
bos_taurus	ARS-UCD2.0	SRR31429688	SRR31429688.1632807	Genion	ENSBTAG00000060892	ENSBTAG00000008251	21	21	+	+	1947075	1954837	0	observed exon-aligned boundaries; not exon-repaired; not conserved			0	448			448	1439	a3478d3e-c5ac-4e4b-bc52-fcc40ed8322e	60	306	60	959	True	SNURF	SNRPN	PASS:GF	pPASS	True
bos_taurus	ARS-UCD2.0	SRR31429688	SRR31429688.1639377	Genion	ENSBTAG00000060892	ENSBTAG00000008251	21	21	+	+	1947075	1954914	0	observed exon-aligned boundaries; not exon-repaired; not conserved			0	300			300	1174	c36207f8-e439-47a0-a5de-6377737279f8	60	300	60	868	True	SNURF	SNRPN	PASS:GF	pPASS	True
bos_taurus	ARS-UCD2.0	SRR31429688	SRR31429688.1685152	Genion	ENSBTAG00000060892	ENSBTAG00000008251	21	21	+	+	1947075	1954914	0	observed exon-aligned boundaries; not exon-repaired; not conserved			0	275			275	1163	c5ec9114-15ed-426a-b542-c040aabab55d	60	273	60	874	True	SNURF	SNRPN	PASS:GF	pPASS	True
bos_taurus	ARS-UCD2.0	SRR31429688	SRR31429688.1737773	Genion	ENSBTAG00000060892	ENSBTAG00000008251	21	21	+	+	1947075	1954837	0	observed exon-aligned boundaries; not exon-repaired; not conserved			7	330			330	1284	b8d8fd29-ed59-4167-aae5-37be30f534fc	60	315	60	928	True	SNURF	SNRPN	PASS:GF	pPASS	True
bos_taurus	ARS-UCD2.0	SRR31429688	SRR31429688.1764702	Genion	ENSBTAG00000060892	ENSBTAG00000008251	21	21	+	+	1947075	1954837	0	observed exon-aligned boundaries; not exon-repaired; not conserved			0	286			286	1268	1412202e-2e62-414b-a89d-f322d23ef446	60	282	60	961	True	SNURF	SNRPN	PASS:GF	pPASS	True
bos_taurus	ARS-UCD2.0	SRR31429688	SRR31429688.40068	Genion	ENSBTAG00000060892	ENSBTAG00000008251	21	21	+	+	1947075	1958986	0	observed exon-aligned boundaries; not exon-repaired; not conserved			64	275			275	951	198e1ecc-81f7-4892-9d62-14e6726019bf	60	205	60	648	True	SNURF	SNRPN	PASS:GF	pPASS	True
bos_taurus	ARS-UCD2.0	SRR31429688	SRR31429688.641628	Genion	ENSBTAG00000060892	ENSBTAG00000008251	21	21	+	+	1947075	1958986	0	observed exon-aligned boundaries; not exon-repaired; not conserved			0	201			201	883	03ab6ccc-aec0-4e7d-a66a-7e725ffa9e66	60	199	60	661	True	SNURF	SNRPN	PASS:GF	pPASS	True
bos_taurus	ARS-UCD2.0	SRR31429688	SRR31429688.1329431	Genion	ENSBTAG00000060892	ENSBTAG00000008251	21	21	+	+	1947075	1958986	0	observed exon-aligned boundaries; not exon-repaired; not conserved			0	171			171	859	fa769857-9a51-4be8-8cb5-ae608bcf6db2	60	169	60	666	True	SNURF	SNRPN	PASS:GF	pPASS	True
bos_taurus	ARS-UCD2.0	SRR31429688	SRR31429688.1676153	Genion	ENSBTAG00000009077	ENSBTAG00000009078	18	18	+	+	50032478	50035097	0	observed exon-aligned boundaries; not exon-repaired; not conserved			0	1084			1084	1565	ab18db2c-67af-4750-b541-3d405036b43a	60	1061	60	469	True	SNRPA	MIA	PASS:RT	pFAIL	False
bos_taurus	ARS-UCD2.0	SRR31429688	SRR31429688.267441	Genion	ENSBTAG00000019927	ENSBTAG00000009727	16	16	+	+	79870576	79877924	0	observed exon-aligned boundaries; not exon-repaired; not conserved			5	116			116	1373	f1c4d953-9b0a-4832-84a2-75bb9d31fee7	60	106	60	1223	True	CYB5R1	ADIPOR1	PASS:GF	pPASS	True
bos_taurus	ARS-UCD2.0	SRR31429688	SRR31429688.318461	Genion	ENSBTAG00000019927	ENSBTAG00000009727	16	16	+	+	79870576	79877924	0	observed exon-aligned boundaries; not exon-repaired; not conserved			5	117			117	1392	b8331177-693e-424c-a948-416551add1c6	60	109	60	1241	True	CYB5R1	ADIPOR1	PASS:GF	pPASS	True
bos_taurus	ARS-UCD2.0	SRR31429688	SRR31429688.407471	Genion	ENSBTAG00000019927	ENSBTAG00000009727	16	16	+	+	79870576	79877924	0	observed exon-aligned boundaries; not exon-repaired; not conserved			10	96			96	1359	5ffb96b3-8e33-4c7f-86b8-a18627a776c5	60	86	60	1227	False	CYB5R1	ADIPOR1	PASS:GF	pPASS	True
bos_taurus	ARS-UCD2.0	SRR31429688	SRR31429688.724648	Genion	ENSBTAG00000019927	ENSBTAG00000009727	16	16	+	+	79870576	79877924	0	observed exon-aligned boundaries; not exon-repaired; not conserved			0	98			98	1302	151cc19e-2bad-4ed0-9ceb-1801cd99c6b3	60	96	60	1187	False	CYB5R1	ADIPOR1	PASS:GF	pPASS	True
bos_taurus	ARS-UCD2.0	SRR31429688	SRR31429688.743144	Genion	ENSBTAG00000019927	ENSBTAG00000009727	16	16	+	+	79870576	79877924	0	observed exon-aligned boundaries; not exon-repaired; not conserved			4	109			109	1341	e6a51a23-703b-4a48-9848-e5c2eac5cb31	60	105	60	1203	True	CYB5R1	ADIPOR1	PASS:GF	pPASS	True
bos_taurus	ARS-UCD2.0	SRR31429688	SRR31429688.1019380	Genion	ENSBTAG00000019927	ENSBTAG00000009727	16	16	+	+	79870576	79877924	0	observed exon-aligned boundaries; not exon-repaired; not conserved			5	113			113	1371	caa183a5-1ca5-424e-9d50-00c7458648e6	60	106	60	1234	True	CYB5R1	ADIPOR1	PASS:GF	pPASS	True
bos_taurus	ARS-UCD2.0	SRR31429688	SRR31429688.1114739	Genion	ENSBTAG00000019927	ENSBTAG00000009727	16	16	+	+	79870576	79877924	0	observed exon-aligned boundaries; not exon-repaired; not conserved			2	147			147	1404	658800b8-ecae-4102-aa5a-3a3d766000e5	60	141	60	1200	True	CYB5R1	ADIPOR1	PASS:GF	pPASS	True
bos_taurus	ARS-UCD2.0	SRR31429688	SRR31429688.1204809	Genion	ENSBTAG00000019927	ENSBTAG00000009727	16	16	+	+	79870576	79877924	0	observed exon-aligned boundaries; not exon-repaired; not conserved			0	90			90	1089	4b32358d-8cbe-46aa-8f56-4552b4c8dd4c	60	88	60	639	False	CYB5R1	ADIPOR1	PASS:GF	pPASS	True
bos_taurus	ARS-UCD2.0	SRR31429688	SRR31429688.1242758	Genion	ENSBTAG00000019927	ENSBTAG00000009727	16	16	+	+	79870576	79877924	0	observed exon-aligned boundaries; not exon-repaired; not conserved			2	108			108	1324	14edc50f-9e1c-491d-9429-b8fae8a4e0ba	60	105	60	1194	True	CYB5R1	ADIPOR1	PASS:GF	pPASS	True
bos_taurus	ARS-UCD2.0	SRR31429688	SRR31429688.1299906	Genion	ENSBTAG00000019927	ENSBTAG00000009727	16	16	+	+	79870576	79877924	0	observed exon-aligned boundaries; not exon-repaired; not conserved			0	98			98	1325	656aa45b-a2e7-430a-8907-eac28ed0816c	60	95	60	1207	False	CYB5R1	ADIPOR1	PASS:GF	pPASS	True
bos_taurus	ARS-UCD2.0	SRR31429688	SRR31429688.1300965	Genion	ENSBTAG00000019927	ENSBTAG00000009727	16	16	+	+	79870576	79877924	0	observed exon-aligned boundaries; not exon-repaired; not conserved			0	94			94	1337	de79fb4b-4008-49c0-ac25-17b4f341e9cd	60	92	60	1204	False	CYB5R1	ADIPOR1	PASS:GF	pPASS	True
bos_taurus	ARS-UCD2.0	SRR31429688	SRR31429688.1698997	Genion	ENSBTAG00000019927	ENSBTAG00000009727	16	16	+	+	79870576	79877924	1	observed exon-aligned boundaries; not exon-repaired; not conserved			0	89			90	1349	3d097a2a-aa37-4fa3-ba5a-e3fe06c6d99e	60	87	60	1238	False	CYB5R1	ADIPOR1	PASS:GF	pPASS	True
bos_taurus	ARS-UCD2.0	SRR31429688	SRR31429688.1823714	Genion	ENSBTAG00000019927	ENSBTAG00000009727	16	16	+	+	79870576	79877924	0	observed exon-aligned boundaries; not exon-repaired; not conserved			0	105			105	1389	cd4b8300-9e4a-4771-a6e5-5b0514bffb56	60	102	60	1205	True	CYB5R1	ADIPOR1	PASS:GF	pPASS	True
bos_taurus	ARS-UCD2.0	SRR31429688	SRR31429688.48855	Genion	ENSBTAG00000013501	ENSBTAG00000010073	19	19	-	-	20262766	20255678	90	observed exon-aligned boundaries; not exon-repaired; not conserved			151	229			319	837	39f08ced-b1de-4601-a53d-a858588734b3	60	78	60	503	False	DHRS13	FLOT2	PASS:GF	pPASS	True
bos_taurus	ARS-UCD2.0	SRR31429688	SRR31429688.84257	Genion	ENSBTAG00000013501	ENSBTAG00000010073	19	19	-	-	20262766	20255678	90	observed exon-aligned boundaries; not exon-repaired; not conserved			153	239			329	2555	6b2c8e52-ba26-4380-a094-6e34c9cb43d3	60	82	60	2183	False	DHRS13	FLOT2	PASS:GF	pPASS	True
bos_taurus	ARS-UCD2.0	SRR31429688	SRR31429688.154652	Genion	ENSBTAG00000013501	ENSBTAG00000010073	19	19	-	-	20262766	20255678	87	observed exon-aligned boundaries; not exon-repaired; not conserved			127	212			299	2559	8600ac23-f852-4272-a330-e0672fd6504c	60	81	60	2220	False	DHRS13	FLOT2	PASS:GF	pPASS	True
bos_taurus	ARS-UCD2.0	SRR31429688	SRR31429688.174811	Genion	ENSBTAG00000013501	ENSBTAG00000010073	19	19	-	-	20262766	20255678	88	observed exon-aligned boundaries; not exon-repaired; not conserved			121	203			291	2495	e08e29a4-4b4b-4fe7-a038-5de31c7a27c0	60	79	60	2157	False	DHRS13	FLOT2	PASS:GF	pPASS	True
bos_taurus	ARS-UCD2.0	SRR31429688	SRR31429688.210359	Genion	ENSBTAG00000013501	ENSBTAG00000010073	19	19	-	-	20262766	20255678	0	observed exon-aligned boundaries; not exon-repaired; not conserved			114	195			195	2471	fba22b35-0ce5-467e-94b2-6835d3582d0d	60	81	60	2238	False	DHRS13	FLOT2	PASS:GF	pPASS	True
bos_taurus	ARS-UCD2.0	SRR31429688	SRR31429688.246193	Genion	ENSBTAG00000013501	ENSBTAG00000010073	19	19	-	-	20262766	20255678	91	observed exon-aligned boundaries; not exon-repaired; not conserved			133	221			312	460	eb343c4b-302d-4c85-b20f-83ca52f28e7b	60	81	60	143	False	DHRS13	FLOT2	PASS:GF	pPASS	True
bos_taurus	ARS-UCD2.0	SRR31429688	SRR31429688.259141	Genion	ENSBTAG00000013501	ENSBTAG00000010073	19	19	-	-	20262766	20255678	86	observed exon-aligned boundaries; not exon-repaired; not conserved			126	206			292	2542	9f6bb921-8947-4892-a777-4891af670a0a	60	79	60	2221	False	DHRS13	FLOT2	PASS:GF	pPASS	True
bos_taurus	ARS-UCD2.0	SRR31429688	SRR31429688.549886	Genion	ENSBTAG00000013501	ENSBTAG00000010073	19	19	-	-	20262766	20255678	91	observed exon-aligned boundaries; not exon-repaired; not conserved			152	233			324	2591	d05f51d0-feaa-4364-b2eb-18132ef84797	60	80	60	2214	False	DHRS13	FLOT2	PASS:GF	pPASS	True
bos_taurus	ARS-UCD2.0	SRR31429688	SRR31429688.656468	Genion	ENSBTAG00000013501	ENSBTAG00000010073	19	19	-	-	20262766	20255678	90	observed exon-aligned boundaries; not exon-repaired; not conserved			104	186			276	2551	feb5ff6d-e0f2-4498-a117-16044d9ed09c	60	80	60	2238	False	DHRS13	FLOT2	PASS:GF	pPASS	True
bos_taurus	ARS-UCD2.0	SRR31429688	SRR31429688.1000330	Genion	ENSBTAG00000013501	ENSBTAG00000010073	19	19	-	-	20262766	20255678	90	observed exon-aligned boundaries; not exon-repaired; not conserved			148	228			318	2594	8be4fca6-5c4a-4bea-bbdc-f1571aaea201	60	80	60	2230	False	DHRS13	FLOT2	PASS:GF	pPASS	True
bos_taurus	ARS-UCD2.0	SRR31429688	SRR31429688.1204672	Genion	ENSBTAG00000013501	ENSBTAG00000010073	19	19	-	-	20262766	20255678	91	observed exon-aligned boundaries; not exon-repaired; not conserved			137	216			307	2577	b848e856-b0bf-46c3-9baa-e537aa3f6155	60	79	60	2233	False	DHRS13	FLOT2	PASS:GF	pPASS	True
bos_taurus	ARS-UCD2.0	SRR31429688	SRR31429688.1478504	Genion	ENSBTAG00000013501	ENSBTAG00000010073	19	19	-	-	20262766	20255678	88	observed exon-aligned boundaries; not exon-repaired; not conserved			193	276			364	2653	def20017-da00-4881-8684-bfd872c0d98c	60	79	60	2224	False	DHRS13	FLOT2	PASS:GF	pPASS	True
bos_taurus	ARS-UCD2.0	SRR31429688	SRR31429688.1702062	Genion	ENSBTAG00000013501	ENSBTAG00000010073	19	19	-	-	20262766	20255678	89	observed exon-aligned boundaries; not exon-repaired; not conserved			92	170			259	2515	93dba6fb-e145-4f66-a173-1db72af81d23	60	77	60	2211	False	DHRS13	FLOT2	PASS:GF	pPASS	True
bos_taurus	ARS-UCD2.0	SRR31429688	SRR31429688.494703	Genion	ENSBTAG00000010297	ENSBTAG00000010311	19	19	+	+	12939659	12941686	0	observed exon-aligned boundaries; not exon-repaired; not conserved			0	716			716	1767	5496e924-9111-4ac6-b18d-375732984a90	60	694	60	841	True	DHRS11	MRM1	PASS:RT	pFAIL	False
bos_taurus	ARS-UCD2.0	SRR31429688	SRR31429688.41498	Genion	ENSBTAG00000044000	ENSBTAG00000010701	5	5	+	+	56732667	56733517	0	observed exon-aligned boundaries; not exon-repaired; not conserved			0	58			58	832	d7763094-9eff-4c8f-85ec-d22069920846	60	58	60	746	False	PRIM1	NACA	PASS:GF	pPASS	True
bos_taurus	ARS-UCD2.0	SRR31429688	SRR31429688.229309	Genion	ENSBTAG00000044000	ENSBTAG00000010701	5	5	+	+	56732667	56733517	0	observed exon-aligned boundaries; not exon-repaired; not conserved			1	66			66	813	91ca93a2-ad64-4e1c-937f-b0e4b9ace427	60	65	60	741	False	PRIM1	NACA	PASS:GF	pPASS	True
bos_taurus	ARS-UCD2.0	SRR31429688	SRR31429688.854044	Genion	ENSBTAG00000044000	ENSBTAG00000010701	5	5	+	+	56732668	56733517	0	observed exon-aligned boundaries; not exon-repaired; not conserved			0	74			74	815	823715f1-08a8-4c0f-aee3-6759b3d13726	60	74	60	722	False	PRIM1	NACA	PASS:GF	pPASS	True
bos_taurus	ARS-UCD2.0	SRR31429688	SRR31429688.1061445	Genion	ENSBTAG00000044000	ENSBTAG00000010701	5	5	+	+	56732665	56733517	0	observed exon-aligned boundaries; not exon-repaired; not conserved			1	83			83	839	b0796d6a-4771-4fda-ac7d-8e2c0621fbf9	60	82	60	738	False	PRIM1	NACA	PASS:GF	pPASS	True
bos_taurus	ARS-UCD2.0	SRR31429688	SRR31429688.1242307	Genion	ENSBTAG00000044000	ENSBTAG00000010701	5	5	+	+	56732667	56733517	0	observed exon-aligned boundaries; not exon-repaired; not conserved			0	63			63	810	d066ddb4-62a1-40ed-a46d-62bc16e93753	21	63	21	729	False	PRIM1	NACA	PASS:GF	pPASS	True
bos_taurus	ARS-UCD2.0	SRR31429688	SRR31429688.1352506	Genion	ENSBTAG00000044000	ENSBTAG00000010701	5	5	+	+	56732667	56733517	0	observed exon-aligned boundaries; not exon-repaired; not conserved			0	72			72	820	490cd5ee-df0d-437f-b920-2e8c9faf4203	60	71	60	738	False	PRIM1	NACA	PASS:GF	pPASS	True
bos_taurus	ARS-UCD2.0	SRR31429688	SRR31429688.1389018	Genion	ENSBTAG00000044000	ENSBTAG00000010701	5	5	+	+	56732667	56733517	0	observed exon-aligned boundaries; not exon-repaired; not conserved			9	82			82	832	ddc505d0-2908-4264-b618-7c76315a6c73	60	73	60	738	False	PRIM1	NACA	PASS:GF	pPASS	True
bos_taurus	ARS-UCD2.0	SRR31429688	SRR31429688.1860457	Genion	ENSBTAG00000044000	ENSBTAG00000010701	5	5	+	+	56732667	56733517	0	observed exon-aligned boundaries; not exon-repaired; not conserved			0	69			69	813	eb9b333f-7012-48af-8bf5-9a7c492c81e4	60	64	60	733	False	PRIM1	NACA	PASS:GF	pPASS	True
bos_taurus	ARS-UCD2.0	SRR31429688	SRR31429688.1617911	Genion	ENSBTAG00000035244	ENSBTAG00000010849	11	11	-	-	2812924	2804220	0	observed exon-aligned boundaries; not exon-repaired; not conserved			0	406			406	2309	4736f7d8-c5be-42f0-aae9-79469296b8c1	60	401	60	1828	True	ANKRD39	ANKRD23	PASS:RT	pFAIL	False
bos_taurus	ARS-UCD2.0	SRR31429688	SRR31429688.940584	Genion	ENSBTAG00000016251	ENSBTAG00000045652	19	19	-	-	43870076	43832797	0	observed exon-aligned boundaries; not exon-repaired; not conserved			0	451			451	653	edaeaa38-4eea-4ee5-b816-9209932fa137	60	441	60	197	True	TMEM101	PYY2	PASS:RT	pFAIL	False
bos_taurus	ARS-UCD2.0	SRR31429688	SRR31429688.376467	Genion	ENSBTAG00000017816	ENSBTAG00000018326	18	18	+	+	45868045	45868745	5	observed exon-aligned boundaries; not exon-repaired; not conserved			115	367			372	1031	86d46a97-7249-4ce2-9481-5936df3a9876	60	248	60	517	True	FXYD1	FXYD7	PASS:RT	pFAIL	False
bos_taurus	ARS-UCD2.0	SRR31429688	SRR31429688.775374	Genion	ENSBTAG00000017816	ENSBTAG00000018326	18	18	+	+	45868522	45868745	215	observed exon-aligned boundaries; not exon-repaired; not conserved			1	602			817	1611	0952e774-b2d0-4fdd-90e8-ac79ac7ddc93	60	596	60	472	True	FXYD1	FXYD7	PASS:RT	pFAIL	False
bos_taurus	ARS-UCD2.0	SRR31429688	SRR31429688.1759795	Genion	ENSBTAG00000017816	ENSBTAG00000018326	18	18	+	+	45868522	45868745	209	observed exon-aligned boundaries; not exon-repaired; not conserved			89	628			837	1491	5d787678-2c9c-466e-b40c-e2502a0076e6	60	531	60	507	True	FXYD1	FXYD7	PASS:RT	pFAIL	False
bos_taurus	ARS-UCD2.0	SRR31429688	SRR31429688.1286309	Genion	ENSBTAG00000019091	ENSBTAG00000019093	3	3	-	-	39855914	39795310	-1	observed exon-aligned boundaries; not exon-repaired; not conserved			14	3176			3175	4681	d8b7517f-0bcb-4b92-a98d-4a02665a3492	60	1649	60	1453	True	RNPC3	AMY2B	PASS:RT	pFAIL	False
bos_taurus	ARS-UCD2.0	SRR31429688	SRR31429688.574239	Genion	ENSBTAG00000046668	ENSBTAG00000019612	10	10	-	-	26404528	26392497	1	observed exon-aligned boundaries; not exon-repaired; not conserved			0	157			158	1379	b7c44f88-e257-403b-a08b-935e7a9ebc25	60	154	60	1190	True	ANG2	RNASE4	PASS:GF	pPASS	True
bos_taurus	ARS-UCD2.0	SRR31429688	SRR31429688.2010	Genion	ENSBTAG00000046668	ENSBTAG00000019612	10	10	-	-	26412911	26392497	58	observed exon-aligned boundaries; not exon-repaired; not conserved			2	42			100	1326	daa60864-636f-43ab-84cf-fa036c69bc90	60	38	60	1207	False	ANG2	RNASE4	PASS:GF	pPASS	True
bos_taurus	ARS-UCD2.0	SRR31429688	SRR31429688.2707	Genion	ENSBTAG00000046668	ENSBTAG00000019612	10	10	-	-	26412911	26392497	63	observed exon-aligned boundaries; not exon-repaired; not conserved			3	43			106	1336	8efd15fe-e7e5-49fa-83c4-71c417929881	60	38	60	1207	False	ANG2	RNASE4	PASS:GF	pPASS	True
bos_taurus	ARS-UCD2.0	SRR31429688	SRR31429688.7182	Genion	ENSBTAG00000046668	ENSBTAG00000019612	10	10	-	-	26412911	26392497	58	observed exon-aligned boundaries; not exon-repaired; not conserved			0	44			102	1347	87d1c0f5-fff5-4605-832c-72153b146274	60	43	60	1213	False	ANG2	RNASE4	PASS:GF	pPASS	True
bos_taurus	ARS-UCD2.0	SRR31429688	SRR31429688.7233	Genion	ENSBTAG00000046668	ENSBTAG00000019612	10	10	-	-	26412911	26392497	58	observed exon-aligned boundaries; not exon-repaired; not conserved			2	38			96	1332	2cd4e474-5a6f-4c48-add3-06f679216ed7	60	36	60	1191	False	ANG2	RNASE4	PASS:GF	pPASS	True
bos_taurus	ARS-UCD2.0	SRR31429688	SRR31429688.15825	Genion	ENSBTAG00000046668	ENSBTAG00000019612	10	10	-	-	26412911	26392497	56	observed exon-aligned boundaries; not exon-repaired; not conserved			0	41			97	1320	4c3a75a0-bf21-4a2c-a68d-5875985fffa9	60	41	60	1189	False	ANG2	RNASE4	PASS:GF	pPASS	True
bos_taurus	ARS-UCD2.0	SRR31429688	SRR31429688.16595	Genion	ENSBTAG00000046668	ENSBTAG00000019612	10	10	-	-	26412911	26392497	63	observed exon-aligned boundaries; not exon-repaired; not conserved			3	43			106	1333	7edb162d-e5d1-4542-a6c9-79af3f922526	60	38	60	1205	False	ANG2	RNASE4	PASS:GF	pPASS	True
bos_taurus	ARS-UCD2.0	SRR31429688	SRR31429688.17137	Genion	ENSBTAG00000046668	ENSBTAG00000019612	10	10	-	-	26412914	26392497	63	observed exon-aligned boundaries; not exon-repaired; not conserved			0	259			322	1537	a98dac1c-70fb-4faf-981f-75474b027bf1	60	245	60	1187	True	ANG2	RNASE4	PASS:GF	pPASS	True
bos_taurus	ARS-UCD2.0	SRR31429688	SRR31429688.21192	Genion	ENSBTAG00000046668	ENSBTAG00000019612	10	10	-	-	26412911	26392497	63	observed exon-aligned boundaries; not exon-repaired; not conserved			7	77			140	1367	7f9eaee8-22fd-46a8-bfac-6ceb53dd710f	60	68	60	1197	False	ANG2	RNASE4	PASS:GF	pPASS	True
bos_taurus	ARS-UCD2.0	SRR31429688	SRR31429688.22583	Genion	ENSBTAG00000046668	ENSBTAG00000019612	10	10	-	-	26412911	26392497	54	observed exon-aligned boundaries; not exon-repaired; not conserved			3	40			94	1324	0d3aae80-f539-410a-a129-3a2385dbf585	60	37	60	1204	False	ANG2	RNASE4	PASS:GF	pPASS	True
bos_taurus	ARS-UCD2.0	SRR31429688	SRR31429688.33202	Genion	ENSBTAG00000046668	ENSBTAG00000019612	10	10	-	-	26412911	26392497	63	observed exon-aligned boundaries; not exon-repaired; not conserved			13	37			100	1311	905cca41-a67c-4881-b54c-f5a26cfb51b8	60	24	60	1191	False	ANG2	RNASE4	PASS:GF	pPASS	True
bos_taurus	ARS-UCD2.0	SRR31429688	SRR31429688.34284	Genion	ENSBTAG00000046668	ENSBTAG00000019612	10	10	-	-	26412911	26392497	58	observed exon-aligned boundaries; not exon-repaired; not conserved			0	256			314	1524	d842ac86-a7e2-4f19-8e4a-8b16e94a4328	60	249	60	1192	True	ANG2	RNASE4	PASS:GF	pPASS	True
bos_taurus	ARS-UCD2.0	SRR31429688	SRR31429688.34665	Genion	ENSBTAG00000046668	ENSBTAG00000019612	10	10	-	-	26412911	26392497	59	observed exon-aligned boundaries; not exon-repaired; not conserved			4	41			100	1346	d76f9526-648b-4d21-9831-6334f301612d	60	37	60	1200	False	ANG2	RNASE4	PASS:GF	pPASS	True
bos_taurus	ARS-UCD2.0	SRR31429688	SRR31429688.36590	Genion	ENSBTAG00000046668	ENSBTAG00000019612	10	10	-	-	26412911	26392497	58	observed exon-aligned boundaries; not exon-repaired; not conserved			10	41			99	1298	d1e6a2a9-3cfa-4a52-8a77-a2bc81aaa7d0	60	31	60	1181	False	ANG2	RNASE4	PASS:GF	pPASS	True
bos_taurus	ARS-UCD2.0	SRR31429688	SRR31429688.36682	Genion	ENSBTAG00000046668	ENSBTAG00000019612	10	10	-	-	26412911	26392497	60	observed exon-aligned boundaries; not exon-repaired; not conserved			0	40			100	1336	19f054a3-6336-4a04-be89-25c2ddf74643	60	40	60	1209	False	ANG2	RNASE4	PASS:GF	pPASS	True
bos_taurus	ARS-UCD2.0	SRR31429688	SRR31429688.48088	Genion	ENSBTAG00000046668	ENSBTAG00000019612	10	10	-	-	26412911	26392497	60	observed exon-aligned boundaries; not exon-repaired; not conserved			2	39			99	1310	e2cd4959-f824-4e39-b1f6-0d494b7e44a3	60	37	60	1157	False	ANG2	RNASE4	PASS:GF	pPASS	True
bos_taurus	ARS-UCD2.0	SRR31429688	SRR31429688.49670	Genion	ENSBTAG00000046668	ENSBTAG00000019612	10	10	-	-	26412911	26392497	60	observed exon-aligned boundaries; not exon-repaired; not conserved			0	39			99	1338	1248933c-c545-4534-bc34-e4038f1a1857	60	38	60	1208	False	ANG2	RNASE4	PASS:GF	pPASS	True
bos_taurus	ARS-UCD2.0	SRR31429688	SRR31429688.54979	Genion	ENSBTAG00000046668	ENSBTAG00000019612	10	10	-	-	26412911	26392497	59	observed exon-aligned boundaries; not exon-repaired; not conserved			2	39			98	1329	75814573-d163-41d7-8710-1383b542efbc	60	37	60	1193	False	ANG2	RNASE4	PASS:GF	pPASS	True
bos_taurus	ARS-UCD2.0	SRR31429688	SRR31429688.55581	Genion	ENSBTAG00000046668	ENSBTAG00000019612	10	10	-	-	26412911	26392496	57	observed exon-aligned boundaries; not exon-repaired; not conserved			3	42			99	1295	14309d36-4ace-4d76-b1b9-6358b7776874	60	38	60	1175	False	ANG2	RNASE4	PASS:GF	pPASS	True
bos_taurus	ARS-UCD2.0	SRR31429688	SRR31429688.55776	Genion	ENSBTAG00000046668	ENSBTAG00000019612	10	10	-	-	26412911	26392497	64	observed exon-aligned boundaries; not exon-repaired; not conserved			15	37			101	1346	5010ecb9-a877-4265-90d1-8682a02d0952	60	22	60	1180	False	ANG2	RNASE4	PASS:GF	pPASS	True
bos_taurus	ARS-UCD2.0	SRR31429688	SRR31429688.56281	Genion	ENSBTAG00000046668	ENSBTAG00000019612	10	10	-	-	26412911	26392497	58	observed exon-aligned boundaries; not exon-repaired; not conserved			17	67			125	1386	7118ec7d-2246-42b6-9730-579e19eaa652	60	50	60	1204	False	ANG2	RNASE4	PASS:GF	pPASS	True
bos_taurus	ARS-UCD2.0	SRR31429688	SRR31429688.60935	Genion	ENSBTAG00000046668	ENSBTAG00000019612	10	10	-	-	26412911	26392497	61	observed exon-aligned boundaries; not exon-repaired; not conserved			3	41			102	1348	8752e2ea-a95c-4eb3-bd67-e52a89332aeb	60	38	60	1208	False	ANG2	RNASE4	PASS:GF	pPASS	True
bos_taurus	ARS-UCD2.0	SRR31429688	SRR31429688.62759	Genion	ENSBTAG00000046668	ENSBTAG00000019612	10	10	-	-	26412911	26392497	61	observed exon-aligned boundaries; not exon-repaired; not conserved			0	90			151	1372	8627830b-6a2a-449c-8b15-e24fdf9f8acb	60	87	60	1187	False	ANG2	RNASE4	PASS:GF	pPASS	True
bos_taurus	ARS-UCD2.0	SRR31429688	SRR31429688.63705	Genion	ENSBTAG00000046668	ENSBTAG00000019612	10	10	-	-	26412911	26392497	0	observed exon-aligned boundaries; not exon-repaired; not conserved			3	86			86	1294	fe92fb63-cc02-48c7-981b-95f9939a7102	60	83	60	1180	False	ANG2	RNASE4	PASS:GF	pPASS	True
bos_taurus	ARS-UCD2.0	SRR31429688	SRR31429688.67539	Genion	ENSBTAG00000046668	ENSBTAG00000019612	10	10	-	-	26412911	26392497	60	observed exon-aligned boundaries; not exon-repaired; not conserved			0	40			100	1288	2bc7d3a5-212f-45ec-a21c-932cc089b229	60	40	60	1178	False	ANG2	RNASE4	PASS:GF	pPASS	True
bos_taurus	ARS-UCD2.0	SRR31429688	SRR31429688.70867	Genion	ENSBTAG00000046668	ENSBTAG00000019612	10	10	-	-	26412911	26392497	62	observed exon-aligned boundaries; not exon-repaired; not conserved			0	71			133	1374	66cef793-3cee-41ea-952b-f39c7e7bd1e5	60	70	60	1213	False	ANG2	RNASE4	PASS:GF	pPASS	True
bos_taurus	ARS-UCD2.0	SRR31429688	SRR31429688.75540	Genion	ENSBTAG00000046668	ENSBTAG00000019612	10	10	-	-	26412911	26392497	62	observed exon-aligned boundaries; not exon-repaired; not conserved			0	42			104	1331	35c4a075-18e5-4919-a8cf-109a3c7d7f24	60	42	60	1209	False	ANG2	RNASE4	PASS:GF	pPASS	True
bos_taurus	ARS-UCD2.0	SRR31429688	SRR31429688.78850	Genion	ENSBTAG00000046668	ENSBTAG00000019612	10	10	-	-	26412911	26392497	56	observed exon-aligned boundaries; not exon-repaired; not conserved			0	44			100	1328	3e659cd0-5c62-49ba-ae65-75cbbeb5fa92	60	42	60	1194	False	ANG2	RNASE4	PASS:GF	pPASS	True
bos_taurus	ARS-UCD2.0	SRR31429688	SRR31429688.86366	Genion	ENSBTAG00000046668	ENSBTAG00000019612	10	10	-	-	26412911	26392497	59	observed exon-aligned boundaries; not exon-repaired; not conserved			0	41			100	1324	b1c74c44-5bb6-493a-bbd5-19523df2e533	60	40	60	1195	False	ANG2	RNASE4	PASS:GF	pPASS	True
bos_taurus	ARS-UCD2.0	SRR31429688	SRR31429688.87199	Genion	ENSBTAG00000046668	ENSBTAG00000019612	10	10	-	-	26412911	26392497	52	observed exon-aligned boundaries; not exon-repaired; not conserved			2	45			97	1316	9082eadd-97f7-4082-a421-0d2d48a8ba69	60	39	60	1198	False	ANG2	RNASE4	PASS:GF	pPASS	True
bos_taurus	ARS-UCD2.0	SRR31429688	SRR31429688.87897	Genion	ENSBTAG00000046668	ENSBTAG00000019612	10	10	-	-	26412911	26392497	60	observed exon-aligned boundaries; not exon-repaired; not conserved			5	36			96	1331	a2114305-53bc-4cf8-bd81-700b5ff3215f	60	31	60	1215	False	ANG2	RNASE4	PASS:GF	pPASS	True
bos_taurus	ARS-UCD2.0	SRR31429688	SRR31429688.92276	Genion	ENSBTAG00000046668	ENSBTAG00000019612	10	10	-	-	26412911	26392497	0	observed exon-aligned boundaries; not exon-repaired; not conserved			1	86			86	1334	990e8f92-cd69-41e7-a955-39a2744e28ca	60	85	60	1218	False	ANG2	RNASE4	PASS:GF	pPASS	True
bos_taurus	ARS-UCD2.0	SRR31429688	SRR31429688.92922	Genion	ENSBTAG00000046668	ENSBTAG00000019612	10	10	-	-	26412911	26392497	60	observed exon-aligned boundaries; not exon-repaired; not conserved			0	44			104	1349	63c8b4bc-f9b9-4638-bc4d-2df542f8f3f0	60	43	60	1217	False	ANG2	RNASE4	PASS:GF	pPASS	True
bos_taurus	ARS-UCD2.0	SRR31429688	SRR31429688.96161	Genion	ENSBTAG00000046668	ENSBTAG00000019612	10	10	-	-	26412911	26392497	57	observed exon-aligned boundaries; not exon-repaired; not conserved			5	45			102	1314	89d33717-a458-48c8-a91d-58b11077f8e5	60	36	60	1185	False	ANG2	RNASE4	PASS:GF	pPASS	True
bos_taurus	ARS-UCD2.0	SRR31429688	SRR31429688.99876	Genion	ENSBTAG00000046668	ENSBTAG00000019612	10	10	-	-	26412911	26392497	60	observed exon-aligned boundaries; not exon-repaired; not conserved			2	39			99	1307	df028a31-bdaa-4fce-8785-49cf66d32f13	60	37	60	1189	False	ANG2	RNASE4	PASS:GF	pPASS	True
bos_taurus	ARS-UCD2.0	SRR31429688	SRR31429688.101098	Genion	ENSBTAG00000046668	ENSBTAG00000019612	10	10	-	-	26412911	26392497	58	observed exon-aligned boundaries; not exon-repaired; not conserved			0	40			98	1314	d2b833bf-29bc-4b36-8c2c-e6300e3a23d6	60	40	60	1158	False	ANG2	RNASE4	PASS:GF	pPASS	True
bos_taurus	ARS-UCD2.0	SRR31429688	SRR31429688.106512	Genion	ENSBTAG00000046668	ENSBTAG00000019612	10	10	-	-	26412911	26392497	56	observed exon-aligned boundaries; not exon-repaired; not conserved			3	47			103	1319	4019b475-af7e-4495-b3a8-c1ab17821a05	60	37	60	1187	False	ANG2	RNASE4	PASS:GF	pPASS	True
bos_taurus	ARS-UCD2.0	SRR31429688	SRR31429688.107788	Genion	ENSBTAG00000046668	ENSBTAG00000019612	10	10	-	-	26412911	26392497	56	observed exon-aligned boundaries; not exon-repaired; not conserved			3	40			96	1304	09009aa7-ca9e-439e-9d14-d293ebc75460	60	37	60	1167	False	ANG2	RNASE4	PASS:GF	pPASS	True
bos_taurus	ARS-UCD2.0	SRR31429688	SRR31429688.112059	Genion	ENSBTAG00000046668	ENSBTAG00000019612	10	10	-	-	26412911	26392497	56	observed exon-aligned boundaries; not exon-repaired; not conserved			4	42			98	1294	08aeaf74-a78c-46e1-aac8-d2548dc2331b	60	38	60	1173	False	ANG2	RNASE4	PASS:GF	pPASS	True
bos_taurus	ARS-UCD2.0	SRR31429688	SRR31429688.112386	Genion	ENSBTAG00000046668	ENSBTAG00000019612	10	10	-	-	26412911	26392497	59	observed exon-aligned boundaries; not exon-repaired; not conserved			0	73			132	1360	5227ba21-27f3-49cc-b7a0-117ab10fd511	60	73	60	1207	False	ANG2	RNASE4	PASS:GF	pPASS	True
bos_taurus	ARS-UCD2.0	SRR31429688	SRR31429688.118191	Genion	ENSBTAG00000046668	ENSBTAG00000019612	10	10	-	-	26412911	26392497	62	observed exon-aligned boundaries; not exon-repaired; not conserved			0	43			105	1318	c04a879a-9ba1-4c57-894d-ce54a6114336	60	42	60	1194	False	ANG2	RNASE4	PASS:GF	pPASS	True
bos_taurus	ARS-UCD2.0	SRR31429688	SRR31429688.118394	Genion	ENSBTAG00000046668	ENSBTAG00000019612	10	10	-	-	26412911	26392497	61	observed exon-aligned boundaries; not exon-repaired; not conserved			3	41			102	1369	d021419d-a3af-4bcd-9841-3b6f2f4e1ed2	60	38	60	1227	False	ANG2	RNASE4	PASS:GF	pPASS	True
bos_taurus	ARS-UCD2.0	SRR31429688	SRR31429688.118449	Genion	ENSBTAG00000046668	ENSBTAG00000019612	10	10	-	-	26412911	26392497	60	observed exon-aligned boundaries; not exon-repaired; not conserved			0	42			102	1292	ae74cb86-1fd1-4d22-aab9-575d3e2f0b60	60	40	60	1179	False	ANG2	RNASE4	PASS:GF	pPASS	True
bos_taurus	ARS-UCD2.0	SRR31429688	SRR31429688.119331	Genion	ENSBTAG00000046668	ENSBTAG00000019612	10	10	-	-	26412911	26392497	54	observed exon-aligned boundaries; not exon-repaired; not conserved			0	53			107	1315	c68f85a1-01e8-46fa-a11f-5816c3b08576	60	53	60	1184	False	ANG2	RNASE4	PASS:GF	pPASS	True
bos_taurus	ARS-UCD2.0	SRR31429688	SRR31429688.128765	Genion	ENSBTAG00000046668	ENSBTAG00000019612	10	10	-	-	26412911	26392491	58	observed exon-aligned boundaries; not exon-repaired; not conserved			2	43			101	1337	cb1276bc-49af-43cd-b12a-1843483a851d	60	41	60	1211	False	ANG2	RNASE4	PASS:GF	pPASS	True
bos_taurus	ARS-UCD2.0	SRR31429688	SRR31429688.130154	Genion	ENSBTAG00000046668	ENSBTAG00000019612	10	10	-	-	26412911	26392497	60	observed exon-aligned boundaries; not exon-repaired; not conserved			13	45			105	1334	60fee50c-61cf-4fb0-8ec0-c74632fb61cf	60	32	60	1187	False	ANG2	RNASE4	PASS:GF	pPASS	True
bos_taurus	ARS-UCD2.0	SRR31429688	SRR31429688.130994	Genion	ENSBTAG00000046668	ENSBTAG00000019612	10	10	-	-	26412911	26392497	58	observed exon-aligned boundaries; not exon-repaired; not conserved			28	48			106	1406	0d042ae4-b459-41bd-939c-61d973393486	60	20	60	1198	False	ANG2	RNASE4	PASS:GF	pPASS	True
bos_taurus	ARS-UCD2.0	SRR31429688	SRR31429688.136822	Genion	ENSBTAG00000046668	ENSBTAG00000019612	10	10	-	-	26412911	26392497	56	observed exon-aligned boundaries; not exon-repaired; not conserved			6	37			93	1307	50d19110-e3ba-4d09-9824-7ec682be5c0c	60	31	60	1197	False	ANG2	RNASE4	PASS:GF	pPASS	True
bos_taurus	ARS-UCD2.0	SRR31429688	SRR31429688.137677	Genion	ENSBTAG00000046668	ENSBTAG00000019612	10	10	-	-	26412911	26392497	60	observed exon-aligned boundaries; not exon-repaired; not conserved			3	42			102	1321	e0aaaf01-f78a-4902-873d-fb2102163321	60	38	60	1195	False	ANG2	RNASE4	PASS:GF	pPASS	True
bos_taurus	ARS-UCD2.0	SRR31429688	SRR31429688.137781	Genion	ENSBTAG00000046668	ENSBTAG00000019612	10	10	-	-	26412911	26392497	59	observed exon-aligned boundaries; not exon-repaired; not conserved			10	43			102	1311	ae26459e-3cd3-41f4-8fcf-cfab638703bd	60	32	60	1187	False	ANG2	RNASE4	PASS:GF	pPASS	True
bos_taurus	ARS-UCD2.0	SRR31429688	SRR31429688.141980	Genion	ENSBTAG00000046668	ENSBTAG00000019612	10	10	-	-	26412911	26392497	62	observed exon-aligned boundaries; not exon-repaired; not conserved			1	41			103	1329	c81051da-3969-4f83-b14a-25f8cb43edce	60	37	60	1190	False	ANG2	RNASE4	PASS:GF	pPASS	True
bos_taurus	ARS-UCD2.0	SRR31429688	SRR31429688.143362	Genion	ENSBTAG00000046668	ENSBTAG00000019612	10	10	-	-	26412911	26392497	58	observed exon-aligned boundaries; not exon-repaired; not conserved			2	42			100	1297	782da6db-7f7e-459f-ab49-dd25689a13b7	60	40	60	1166	False	ANG2	RNASE4	PASS:GF	pPASS	True
bos_taurus	ARS-UCD2.0	SRR31429688	SRR31429688.144363	Genion	ENSBTAG00000046668	ENSBTAG00000019612	10	10	-	-	26412911	26392497	60	observed exon-aligned boundaries; not exon-repaired; not conserved			0	64			124	1338	60608312-4610-4669-8e80-9a1936315352	60	60	60	1194	False	ANG2	RNASE4	PASS:GF	pPASS	True
bos_taurus	ARS-UCD2.0	SRR31429688	SRR31429688.146916	Genion	ENSBTAG00000046668	ENSBTAG00000019612	10	10	-	-	26412911	26392497	58	observed exon-aligned boundaries; not exon-repaired; not conserved			0	43			101	1297	34fd5cee-723a-4a07-ae74-7a5ceebed498	60	42	60	1182	False	ANG2	RNASE4	PASS:GF	pPASS	True
bos_taurus	ARS-UCD2.0	SRR31429688	SRR31429688.147802	Genion	ENSBTAG00000046668	ENSBTAG00000019612	10	10	-	-	26412911	26392497	59	observed exon-aligned boundaries; not exon-repaired; not conserved			0	62			121	1338	77f62335-29e1-4e93-80ee-fe004f657b88	60	62	60	1187	False	ANG2	RNASE4	PASS:GF	pPASS	True
bos_taurus	ARS-UCD2.0	SRR31429688	SRR31429688.149092	Genion	ENSBTAG00000046668	ENSBTAG00000019612	10	10	-	-	26412911	26392497	55	observed exon-aligned boundaries; not exon-repaired; not conserved			0	40			95	1303	34acc8be-f741-4b1c-be40-08969eb4ef0b	60	40	60	1185	False	ANG2	RNASE4	PASS:GF	pPASS	True
bos_taurus	ARS-UCD2.0	SRR31429688	SRR31429688.153221	Genion	ENSBTAG00000046668	ENSBTAG00000019612	10	10	-	-	26412911	26392497	57	observed exon-aligned boundaries; not exon-repaired; not conserved			11	68			125	1350	73d10813-8d3d-4622-abf7-fa8182b8b261	60	56	60	1205	False	ANG2	RNASE4	PASS:GF	pPASS	True
bos_taurus	ARS-UCD2.0	SRR31429688	SRR31429688.157324	Genion	ENSBTAG00000046668	ENSBTAG00000019612	10	10	-	-	26412911	26392497	59	observed exon-aligned boundaries; not exon-repaired; not conserved			3	41			100	1338	8f88034d-1a73-4e6f-847f-fed0030398ac	60	38	60	1191	False	ANG2	RNASE4	PASS:GF	pPASS	True
bos_taurus	ARS-UCD2.0	SRR31429688	SRR31429688.157880	Genion	ENSBTAG00000046668	ENSBTAG00000019612	10	10	-	-	26412911	26392497	62	observed exon-aligned boundaries; not exon-repaired; not conserved			0	15			77	1281	2c7ee9d5-da85-4f52-a6c1-fd4566ba9fb9	60	15	60	1165	False	ANG2	RNASE4	PASS:GF	pPASS	True
bos_taurus	ARS-UCD2.0	SRR31429688	SRR31429688.160978	Genion	ENSBTAG00000046668	ENSBTAG00000019612	10	10	-	-	26412911	26392497	58	observed exon-aligned boundaries; not exon-repaired; not conserved			5	42			100	1329	3a595981-3c35-4293-9327-d8cdbb81a1bb	60	37	60	1200	False	ANG2	RNASE4	PASS:GF	pPASS	True
bos_taurus	ARS-UCD2.0	SRR31429688	SRR31429688.161644	Genion	ENSBTAG00000046668	ENSBTAG00000019612	10	10	-	-	26412911	26392497	56	observed exon-aligned boundaries; not exon-repaired; not conserved			0	41			97	1333	1251155c-162a-4ac8-829d-17ec529fa309	60	40	60	1199	False	ANG2	RNASE4	PASS:GF	pPASS	True
bos_taurus	ARS-UCD2.0	SRR31429688	SRR31429688.163451	Genion	ENSBTAG00000046668	ENSBTAG00000019612	10	10	-	-	26412911	26392497	58	observed exon-aligned boundaries; not exon-repaired; not conserved			0	41			99	1327	18a579de-cb95-44fd-93d6-dee827207283	60	38	60	1202	False	ANG2	RNASE4	PASS:GF	pPASS	True
bos_taurus	ARS-UCD2.0	SRR31429688	SRR31429688.167785	Genion	ENSBTAG00000046668	ENSBTAG00000019612	10	10	-	-	26412911	26392497	61	observed exon-aligned boundaries; not exon-repaired; not conserved			2	47			108	1333	5840c398-66e1-47b7-917a-bfceed760232	60	44	60	1207	False	ANG2	RNASE4	PASS:GF	pPASS	True
bos_taurus	ARS-UCD2.0	SRR31429688	SRR31429688.169915	Genion	ENSBTAG00000046668	ENSBTAG00000019612	10	10	-	-	26412911	26392497	55	observed exon-aligned boundaries; not exon-repaired; not conserved			0	43			98	1325	97abc80f-0a09-4018-85ea-53dd82956b22	60	42	60	1207	False	ANG2	RNASE4	PASS:GF	pPASS	True
bos_taurus	ARS-UCD2.0	SRR31429688	SRR31429688.178188	Genion	ENSBTAG00000046668	ENSBTAG00000019612	10	10	-	-	26412911	26392497	60	observed exon-aligned boundaries; not exon-repaired; not conserved			0	39			99	1325	8d1700d7-037e-4d4d-9654-75761b5c0b02	60	39	60	1193	False	ANG2	RNASE4	PASS:GF	pPASS	True
bos_taurus	ARS-UCD2.0	SRR31429688	SRR31429688.187940	Genion	ENSBTAG00000046668	ENSBTAG00000019612	10	10	-	-	26412911	26392497	57	observed exon-aligned boundaries; not exon-repaired; not conserved			0	44			101	1330	2a589a29-6257-4239-91b3-8f6070f7c49f	60	43	60	1195	False	ANG2	RNASE4	PASS:GF	pPASS	True
bos_taurus	ARS-UCD2.0	SRR31429688	SRR31429688.190392	Genion	ENSBTAG00000046668	ENSBTAG00000019612	10	10	-	-	26412911	26392497	60	observed exon-aligned boundaries; not exon-repaired; not conserved			1	42			102	1355	b78f5b3a-acf0-4c76-9284-e154d03f1737	60	41	60	1214	False	ANG2	RNASE4	PASS:GF	pPASS	True
bos_taurus	ARS-UCD2.0	SRR31429688	SRR31429688.194251	Genion	ENSBTAG00000046668	ENSBTAG00000019612	10	10	-	-	26412911	26392497	52	observed exon-aligned boundaries; not exon-repaired; not conserved			5	36			88	1317	10d0578b-3599-46e9-bf32-ef2755db6de6	60	28	60	1161	False	ANG2	RNASE4	PASS:GF	pPASS	True
bos_taurus	ARS-UCD2.0	SRR31429688	SRR31429688.196714	Genion	ENSBTAG00000046668	ENSBTAG00000019612	10	10	-	-	26412911	26392497	52	observed exon-aligned boundaries; not exon-repaired; not conserved			2	44			96	1337	9c83cf02-3937-471c-9927-dfc199e4516f	60	42	60	1200	False	ANG2	RNASE4	PASS:GF	pPASS	True
bos_taurus	ARS-UCD2.0	SRR31429688	SRR31429688.200183	Genion	ENSBTAG00000046668	ENSBTAG00000019612	10	10	-	-	26412911	26392497	60	observed exon-aligned boundaries; not exon-repaired; not conserved			3	42			102	1337	d750a292-7c5a-471f-8614-635d63967ec5	60	39	60	1188	False	ANG2	RNASE4	PASS:GF	pPASS	True
bos_taurus	ARS-UCD2.0	SRR31429688	SRR31429688.207621	Genion	ENSBTAG00000046668	ENSBTAG00000019612	10	10	-	-	26412911	26392497	60	observed exon-aligned boundaries; not exon-repaired; not conserved			4	42			102	1344	cb554735-aedc-40fc-9afe-ffce0f8ec696	60	38	60	1212	False	ANG2	RNASE4	PASS:GF	pPASS	True
bos_taurus	ARS-UCD2.0	SRR31429688	SRR31429688.209661	Genion	ENSBTAG00000046668	ENSBTAG00000019612	10	10	-	-	26412911	26392497	61	observed exon-aligned boundaries; not exon-repaired; not conserved			0	39			100	1307	cef40cd8-f3a3-462a-81d9-201bc5560cef	60	38	60	1185	False	ANG2	RNASE4	PASS:GF	pPASS	True
bos_taurus	ARS-UCD2.0	SRR31429688	SRR31429688.210945	Genion	ENSBTAG00000046668	ENSBTAG00000019612	10	10	-	-	26412911	26392497	61	observed exon-aligned boundaries; not exon-repaired; not conserved			0	42			103	1324	e51d7285-9da0-4f98-ba7e-54b2ffc8a844	60	42	60	1192	False	ANG2	RNASE4	PASS:GF	pPASS	True
bos_taurus	ARS-UCD2.0	SRR31429688	SRR31429688.211290	Genion	ENSBTAG00000046668	ENSBTAG00000019612	10	10	-	-	26412911	26392497	52	observed exon-aligned boundaries; not exon-repaired; not conserved			3	41			93	1308	f6e0ca7d-485b-4238-bea7-f50f2aaa1ce7	60	37	60	1194	False	ANG2	RNASE4	PASS:GF	pPASS	True
bos_taurus	ARS-UCD2.0	SRR31429688	SRR31429688.213727	Genion	ENSBTAG00000046668	ENSBTAG00000019612	10	10	-	-	26412911	26392497	59	observed exon-aligned boundaries; not exon-repaired; not conserved			0	41			100	1346	0cc86f87-f95a-4962-963a-b90814119ecd	60	41	60	1207	False	ANG2	RNASE4	PASS:GF	pPASS	True
bos_taurus	ARS-UCD2.0	SRR31429688	SRR31429688.217380	Genion	ENSBTAG00000046668	ENSBTAG00000019612	10	10	-	-	26412911	26392497	58	observed exon-aligned boundaries; not exon-repaired; not conserved			0	45			103	1325	7368aa9f-ca93-44fa-adff-c3485b3a376d	60	41	60	1183	False	ANG2	RNASE4	PASS:GF	pPASS	True
bos_taurus	ARS-UCD2.0	SRR31429688	SRR31429688.221565	Genion	ENSBTAG00000046668	ENSBTAG00000019612	10	10	-	-	26412911	26392497	61	observed exon-aligned boundaries; not exon-repaired; not conserved			2	41			102	1330	7cc8bc55-7386-4a3e-bdb6-e7fab3bcd2a4	60	39	60	1213	False	ANG2	RNASE4	PASS:GF	pPASS	True
bos_taurus	ARS-UCD2.0	SRR31429688	SRR31429688.225817	Genion	ENSBTAG00000046668	ENSBTAG00000019612	10	10	-	-	26412911	26392497	58	observed exon-aligned boundaries; not exon-repaired; not conserved			3	41			99	1331	51671354-dd18-4dfa-a2ce-a34bb2db3398	60	38	60	1210	False	ANG2	RNASE4	PASS:GF	pPASS	True
bos_taurus	ARS-UCD2.0	SRR31429688	SRR31429688.232740	Genion	ENSBTAG00000046668	ENSBTAG00000019612	10	10	-	-	26412911	26392497	58	observed exon-aligned boundaries; not exon-repaired; not conserved			2	41			99	1329	92fbde28-62c6-48d9-9679-69c23120cecd	60	39	60	1206	False	ANG2	RNASE4	PASS:GF	pPASS	True
bos_taurus	ARS-UCD2.0	SRR31429688	SRR31429688.240230	Genion	ENSBTAG00000046668	ENSBTAG00000019612	10	10	-	-	26412911	26392497	63	observed exon-aligned boundaries; not exon-repaired; not conserved			3	39			102	1247	27f4dea1-abca-47f8-ba93-29d38186534e	60	34	60	1119	False	ANG2	RNASE4	PASS:GF	pPASS	True
bos_taurus	ARS-UCD2.0	SRR31429688	SRR31429688.245700	Genion	ENSBTAG00000046668	ENSBTAG00000019612	10	10	-	-	26412911	26392497	59	observed exon-aligned boundaries; not exon-repaired; not conserved			0	40			99	1323	2d62db7a-6b81-4e5b-900d-39b11f31d718	60	39	60	1205	False	ANG2	RNASE4	PASS:GF	pPASS	True
bos_taurus	ARS-UCD2.0	SRR31429688	SRR31429688.248132	Genion	ENSBTAG00000046668	ENSBTAG00000019612	10	10	-	-	26412911	26392497	60	observed exon-aligned boundaries; not exon-repaired; not conserved			0	39			99	1296	09c174b1-adbc-4401-9325-6ecdb090afa5	60	39	60	1181	False	ANG2	RNASE4	PASS:GF	pPASS	True
bos_taurus	ARS-UCD2.0	SRR31429688	SRR31429688.251931	Genion	ENSBTAG00000046668	ENSBTAG00000019612	10	10	-	-	26412911	26392497	62	observed exon-aligned boundaries; not exon-repaired; not conserved			0	41			103	1324	44070f0b-2057-475f-b73b-91a9c5f1bdce	60	39	60	1199	False	ANG2	RNASE4	PASS:GF	pPASS	True
bos_taurus	ARS-UCD2.0	SRR31429688	SRR31429688.254673	Genion	ENSBTAG00000046668	ENSBTAG00000019612	10	10	-	-	26412911	26392497	60	observed exon-aligned boundaries; not exon-repaired; not conserved			1	43			103	1338	d32d61af-b47f-4dfe-b258-d4eba9a23616	60	42	60	1201	False	ANG2	RNASE4	PASS:GF	pPASS	True
bos_taurus	ARS-UCD2.0	SRR31429688	SRR31429688.256403	Genion	ENSBTAG00000046668	ENSBTAG00000019612	10	10	-	-	26412911	26392497	58	observed exon-aligned boundaries; not exon-repaired; not conserved			3	37			95	1315	fa1c9f32-2d8c-4865-82b6-0f740b66a2b0	60	34	60	1189	False	ANG2	RNASE4	PASS:GF	pPASS	True
bos_taurus	ARS-UCD2.0	SRR31429688	SRR31429688.258165	Genion	ENSBTAG00000046668	ENSBTAG00000019612	10	10	-	-	26412911	26392497	60	observed exon-aligned boundaries; not exon-repaired; not conserved			15	69			129	1343	61598c55-32b6-4062-be41-47cf6f749b8f	60	54	60	1175	False	ANG2	RNASE4	PASS:GF	pPASS	True
bos_taurus	ARS-UCD2.0	SRR31429688	SRR31429688.260941	Genion	ENSBTAG00000046668	ENSBTAG00000019612	10	10	-	-	26412911	26392497	64	observed exon-aligned boundaries; not exon-repaired; not conserved			1	44			108	1321	576d176e-55ba-4cf9-a198-d884741504ca	60	42	60	1186	False	ANG2	RNASE4	PASS:GF	pPASS	True
bos_taurus	ARS-UCD2.0	SRR31429688	SRR31429688.266693	Genion	ENSBTAG00000046668	ENSBTAG00000019612	10	10	-	-	26412911	26392497	57	observed exon-aligned boundaries; not exon-repaired; not conserved			3	41			98	1311	32f12f64-04cf-4f1c-bc3a-f4133d147d5a	60	38	60	1173	False	ANG2	RNASE4	PASS:GF	pPASS	True
bos_taurus	ARS-UCD2.0	SRR31429688	SRR31429688.271033	Genion	ENSBTAG00000046668	ENSBTAG00000019612	10	10	-	-	26412911	26392497	59	observed exon-aligned boundaries; not exon-repaired; not conserved			4	44			103	1342	1e06cfa9-28ea-4274-9ff3-a560fffe8828	60	38	60	1206	False	ANG2	RNASE4	PASS:GF	pPASS	True
bos_taurus	ARS-UCD2.0	SRR31429688	SRR31429688.275745	Genion	ENSBTAG00000046668	ENSBTAG00000019612	10	10	-	-	26412911	26392497	59	observed exon-aligned boundaries; not exon-repaired; not conserved			2	40			99	1329	853c9586-ca8f-4dec-970b-6416edbedd1b	60	38	60	1199	False	ANG2	RNASE4	PASS:GF	pPASS	True
bos_taurus	ARS-UCD2.0	SRR31429688	SRR31429688.276677	Genion	ENSBTAG00000046668	ENSBTAG00000019612	10	10	-	-	26412911	26392497	61	observed exon-aligned boundaries; not exon-repaired; not conserved			3	71			132	1365	129e506e-813f-453c-8466-a31ed3556d42	60	66	60	1206	False	ANG2	RNASE4	PASS:GF	pPASS	True
bos_taurus	ARS-UCD2.0	SRR31429688	SRR31429688.283440	Genion	ENSBTAG00000046668	ENSBTAG00000019612	10	10	-	-	26412911	26392497	59	observed exon-aligned boundaries; not exon-repaired; not conserved			0	72			131	1338	d271dfc4-2d9f-48e0-af08-a42b43940b52	60	71	60	1182	False	ANG2	RNASE4	PASS:GF	pPASS	True
bos_taurus	ARS-UCD2.0	SRR31429688	SRR31429688.286599	Genion	ENSBTAG00000046668	ENSBTAG00000019612	10	10	-	-	26412911	26392497	59	observed exon-aligned boundaries; not exon-repaired; not conserved			4	40			99	1325	3b869953-2bed-4708-b3e8-5a68e692d47d	60	36	60	1193	False	ANG2	RNASE4	PASS:GF	pPASS	True
bos_taurus	ARS-UCD2.0	SRR31429688	SRR31429688.288306	Genion	ENSBTAG00000046668	ENSBTAG00000019612	10	10	-	-	26412911	26392497	58	observed exon-aligned boundaries; not exon-repaired; not conserved			3	43			101	1339	65f1dd77-4794-42c4-a6b4-52db73d26ef1	60	40	60	1194	False	ANG2	RNASE4	PASS:GF	pPASS	True
bos_taurus	ARS-UCD2.0	SRR31429688	SRR31429688.289942	Genion	ENSBTAG00000046668	ENSBTAG00000019612	10	10	-	-	26412911	26392497	62	observed exon-aligned boundaries; not exon-repaired; not conserved			2	45			107	1323	2ce452d8-d582-437f-807b-8cbb209e0107	60	42	60	1198	False	ANG2	RNASE4	PASS:GF	pPASS	True
bos_taurus	ARS-UCD2.0	SRR31429688	SRR31429688.291232	Genion	ENSBTAG00000046668	ENSBTAG00000019612	10	10	-	-	26412911	26392497	60	observed exon-aligned boundaries; not exon-repaired; not conserved			3	41			101	1307	3508fbe3-448d-4e50-b415-fdcb8fb90454	60	38	60	1174	False	ANG2	RNASE4	PASS:GF	pPASS	True
bos_taurus	ARS-UCD2.0	SRR31429688	SRR31429688.292317	Genion	ENSBTAG00000046668	ENSBTAG00000019612	10	10	-	-	26412911	26392497	61	observed exon-aligned boundaries; not exon-repaired; not conserved			0	41			102	1325	926cf018-1eb0-4c4d-b696-7e32d98590f1	60	41	60	1205	False	ANG2	RNASE4	PASS:GF	pPASS	True
bos_taurus	ARS-UCD2.0	SRR31429688	SRR31429688.295571	Genion	ENSBTAG00000046668	ENSBTAG00000019612	10	10	-	-	26412911	26392497	60	observed exon-aligned boundaries; not exon-repaired; not conserved			0	46			106	1297	3de1ae4f-0fc4-4f38-a0fe-99cf65c98813	60	42	60	1153	False	ANG2	RNASE4	PASS:GF	pPASS	True
bos_taurus	ARS-UCD2.0	SRR31429688	SRR31429688.297336	Genion	ENSBTAG00000046668	ENSBTAG00000019612	10	10	-	-	26412911	26392497	54	observed exon-aligned boundaries; not exon-repaired; not conserved			3	41			95	1309	d58d0d5e-4f0c-4a88-b22d-5673a069ba78	60	38	60	1181	False	ANG2	RNASE4	PASS:GF	pPASS	True
bos_taurus	ARS-UCD2.0	SRR31429688	SRR31429688.309631	Genion	ENSBTAG00000046668	ENSBTAG00000019612	10	10	-	-	26412911	26392497	56	observed exon-aligned boundaries; not exon-repaired; not conserved			3	58			114	1333	1107d263-8a27-40cd-b2c4-0bf028b53bb2	60	54	60	1197	False	ANG2	RNASE4	PASS:GF	pPASS	True
bos_taurus	ARS-UCD2.0	SRR31429688	SRR31429688.311134	Genion	ENSBTAG00000046668	ENSBTAG00000019612	10	10	-	-	26412911	26392496	55	observed exon-aligned boundaries; not exon-repaired; not conserved			3	42			97	1309	2968d533-46f1-4fa1-a45c-860370f36dc8	60	38	60	1191	False	ANG2	RNASE4	PASS:GF	pPASS	True
bos_taurus	ARS-UCD2.0	SRR31429688	SRR31429688.311668	Genion	ENSBTAG00000046668	ENSBTAG00000019612	10	10	-	-	26412911	26392497	60	observed exon-aligned boundaries; not exon-repaired; not conserved			1	43			103	1340	22c88036-fddc-4e7f-98aa-56ac9359d405	60	42	60	1208	False	ANG2	RNASE4	PASS:GF	pPASS	True
bos_taurus	ARS-UCD2.0	SRR31429688	SRR31429688.315280	Genion	ENSBTAG00000046668	ENSBTAG00000019612	10	10	-	-	26412911	26392497	59	observed exon-aligned boundaries; not exon-repaired; not conserved			2	46			105	1324	ca2d0022-968e-4b81-b0c0-a4a234742ff1	60	42	60	1203	False	ANG2	RNASE4	PASS:GF	pPASS	True
bos_taurus	ARS-UCD2.0	SRR31429688	SRR31429688.316309	Genion	ENSBTAG00000046668	ENSBTAG00000019612	10	10	-	-	26412911	26392497	62	observed exon-aligned boundaries; not exon-repaired; not conserved			2	44			106	1336	dc597e25-d805-4a0c-b86b-14e7c8f0613e	60	38	60	1198	False	ANG2	RNASE4	PASS:GF	pPASS	True
bos_taurus	ARS-UCD2.0	SRR31429688	SRR31429688.320082	Genion	ENSBTAG00000046668	ENSBTAG00000019612	10	10	-	-	26412911	26392497	58	observed exon-aligned boundaries; not exon-repaired; not conserved			2	39			97	1338	05658462-a348-487e-b902-8d6164ac2a69	60	36	60	1213	False	ANG2	RNASE4	PASS:GF	pPASS	True
bos_taurus	ARS-UCD2.0	SRR31429688	SRR31429688.322252	Genion	ENSBTAG00000046668	ENSBTAG00000019612	10	10	-	-	26412911	26392497	59	observed exon-aligned boundaries; not exon-repaired; not conserved			3	41			100	1334	62482c30-be00-4114-94d7-c4bd2e3bea0c	60	37	60	1217	False	ANG2	RNASE4	PASS:GF	pPASS	True
bos_taurus	ARS-UCD2.0	SRR31429688	SRR31429688.322721	Genion	ENSBTAG00000046668	ENSBTAG00000019612	10	10	-	-	26412911	26392497	59	observed exon-aligned boundaries; not exon-repaired; not conserved			0	40			99	1311	79f0de3e-58c7-43cc-8ab2-15ec8f3bf5b9	60	38	60	1194	False	ANG2	RNASE4	PASS:GF	pPASS	True
bos_taurus	ARS-UCD2.0	SRR31429688	SRR31429688.323298	Genion	ENSBTAG00000046668	ENSBTAG00000019612	10	10	-	-	26412911	26392497	0	observed exon-aligned boundaries; not exon-repaired; not conserved			0	312			312	1547	0c54114b-3f6d-49aa-b495-894bd22cf6c0	60	310	60	1213	True	ANG2	RNASE4	PASS:GF	pPASS	True
bos_taurus	ARS-UCD2.0	SRR31429688	SRR31429688.327191	Genion	ENSBTAG00000046668	ENSBTAG00000019612	10	10	-	-	26412911	26392497	57	observed exon-aligned boundaries; not exon-repaired; not conserved			0	42			99	1312	69be980f-1e4f-4c08-a7a7-8694262833b2	60	41	60	1183	False	ANG2	RNASE4	PASS:GF	pPASS	True
bos_taurus	ARS-UCD2.0	SRR31429688	SRR31429688.327640	Genion	ENSBTAG00000046668	ENSBTAG00000019612	10	10	-	-	26412911	26392497	59	observed exon-aligned boundaries; not exon-repaired; not conserved			0	19			78	1312	02f88339-822f-4533-a684-5336ba27254a	60	19	60	1209	False	ANG2	RNASE4	PASS:GF	pPASS	True
bos_taurus	ARS-UCD2.0	SRR31429688	SRR31429688.328461	Genion	ENSBTAG00000046668	ENSBTAG00000019612	10	10	-	-	26412911	26392497	61	observed exon-aligned boundaries; not exon-repaired; not conserved			5	41			102	1336	19f0117b-4159-4cc4-beef-498b8b03d137	60	36	60	1207	False	ANG2	RNASE4	PASS:GF	pPASS	True
bos_taurus	ARS-UCD2.0	SRR31429688	SRR31429688.329101	Genion	ENSBTAG00000046668	ENSBTAG00000019612	10	10	-	-	26412911	26392497	61	observed exon-aligned boundaries; not exon-repaired; not conserved			4	43			104	1338	3bdfcbd9-e44d-4ce8-a616-cd9b795ba431	60	39	60	1194	False	ANG2	RNASE4	PASS:GF	pPASS	True
bos_taurus	ARS-UCD2.0	SRR31429688	SRR31429688.329304	Genion	ENSBTAG00000046668	ENSBTAG00000019612	10	10	-	-	26412913	26392497	58	observed exon-aligned boundaries; not exon-repaired; not conserved			0	39			97	1309	b2eff54d-9196-4cc4-9558-2b25b7cb4def	60	37	60	1192	False	ANG2	RNASE4	PASS:GF	pPASS	True
bos_taurus	ARS-UCD2.0	SRR31429688	SRR31429688.337601	Genion	ENSBTAG00000046668	ENSBTAG00000019612	10	10	-	-	26412911	26392497	58	observed exon-aligned boundaries; not exon-repaired; not conserved			3	35			93	1331	18cf9700-8eb6-4075-8e44-c7f1414780ae	60	32	60	1188	False	ANG2	RNASE4	PASS:GF	pPASS	True
bos_taurus	ARS-UCD2.0	SRR31429688	SRR31429688.337892	Genion	ENSBTAG00000046668	ENSBTAG00000019612	10	10	-	-	26412911	26392497	57	observed exon-aligned boundaries; not exon-repaired; not conserved			1	39			96	1314	c5fe31e6-902f-487c-a2cc-37815608d029	60	38	60	1191	False	ANG2	RNASE4	PASS:GF	pPASS	True
bos_taurus	ARS-UCD2.0	SRR31429688	SRR31429688.340439	Genion	ENSBTAG00000046668	ENSBTAG00000019612	10	10	-	-	26412911	26392497	55	observed exon-aligned boundaries; not exon-repaired; not conserved			0	39			94	1319	f1f56922-9c38-45d8-badc-cc5572db08ae	60	39	60	1181	False	ANG2	RNASE4	PASS:GF	pPASS	True
bos_taurus	ARS-UCD2.0	SRR31429688	SRR31429688.343276	Genion	ENSBTAG00000046668	ENSBTAG00000019612	10	10	-	-	26412911	26392497	56	observed exon-aligned boundaries; not exon-repaired; not conserved			4	42			98	1320	982e6390-d97f-4704-a582-dc909778badf	60	38	60	1199	False	ANG2	RNASE4	PASS:GF	pPASS	True
bos_taurus	ARS-UCD2.0	SRR31429688	SRR31429688.343427	Genion	ENSBTAG00000046668	ENSBTAG00000019612	10	10	-	-	26412911	26392497	61	observed exon-aligned boundaries; not exon-repaired; not conserved			0	41			102	1303	7b82102a-785d-4012-821a-631cb4a0ffb7	60	41	60	1184	False	ANG2	RNASE4	PASS:GF	pPASS	True
bos_taurus	ARS-UCD2.0	SRR31429688	SRR31429688.344554	Genion	ENSBTAG00000046668	ENSBTAG00000019612	10	10	-	-	26412911	26392497	56	observed exon-aligned boundaries; not exon-repaired; not conserved			0	43			99	737	8577db67-c300-4f92-ae85-46d6ca73b749	60	43	60	616	False	ANG2	RNASE4	PASS:GF	pPASS	True
bos_taurus	ARS-UCD2.0	SRR31429688	SRR31429688.344732	Genion	ENSBTAG00000046668	ENSBTAG00000019612	10	10	-	-	26412911	26392497	62	observed exon-aligned boundaries; not exon-repaired; not conserved			0	40			102	1312	a1cf7688-9ac4-40c6-919e-9fe5a9d500c5	60	40	60	1188	False	ANG2	RNASE4	PASS:GF	pPASS	True
bos_taurus	ARS-UCD2.0	SRR31429688	SRR31429688.345332	Genion	ENSBTAG00000046668	ENSBTAG00000019612	10	10	-	-	26412911	26392497	55	observed exon-aligned boundaries; not exon-repaired; not conserved			72	116			171	1394	406cb41b-3a60-4501-8bbd-87536d17f887	60	43	60	1182	False	ANG2	RNASE4	PASS:GF	pPASS	True
bos_taurus	ARS-UCD2.0	SRR31429688	SRR31429688.346773	Genion	ENSBTAG00000046668	ENSBTAG00000019612	10	10	-	-	26412911	26392497	60	observed exon-aligned boundaries; not exon-repaired; not conserved			2	46			106	1353	44ff15de-0608-429e-a074-daa7e76b446c	60	44	60	1214	False	ANG2	RNASE4	PASS:GF	pPASS	True
bos_taurus	ARS-UCD2.0	SRR31429688	SRR31429688.346956	Genion	ENSBTAG00000046668	ENSBTAG00000019612	10	10	-	-	26412911	26392497	62	observed exon-aligned boundaries; not exon-repaired; not conserved			3	37			99	1325	94d331d0-eba6-422b-821b-a07944e88cb4	60	34	60	1197	False	ANG2	RNASE4	PASS:GF	pPASS	True
bos_taurus	ARS-UCD2.0	SRR31429688	SRR31429688.349838	Genion	ENSBTAG00000046668	ENSBTAG00000019612	10	10	-	-	26412911	26392497	60	observed exon-aligned boundaries; not exon-repaired; not conserved			0	43			103	1314	9335e206-8ba1-42b5-8e01-b5081b163e22	60	43	60	1199	False	ANG2	RNASE4	PASS:GF	pPASS	True
bos_taurus	ARS-UCD2.0	SRR31429688	SRR31429688.357207	Genion	ENSBTAG00000046668	ENSBTAG00000019612	10	10	-	-	26412911	26392497	57	observed exon-aligned boundaries; not exon-repaired; not conserved			3	44			101	1346	41596ab3-91be-42b5-b3e8-d3b75f7aa404	60	39	60	1205	False	ANG2	RNASE4	PASS:GF	pPASS	True
bos_taurus	ARS-UCD2.0	SRR31429688	SRR31429688.357827	Genion	ENSBTAG00000046668	ENSBTAG00000019612	10	10	-	-	26412911	26392497	59	observed exon-aligned boundaries; not exon-repaired; not conserved			0	42			101	1326	9d297a09-50c7-4ce5-8eee-8d5982b35317	60	41	60	1198	False	ANG2	RNASE4	PASS:GF	pPASS	True
bos_taurus	ARS-UCD2.0	SRR31429688	SRR31429688.369050	Genion	ENSBTAG00000046668	ENSBTAG00000019612	10	10	-	-	26412911	26392497	57	observed exon-aligned boundaries; not exon-repaired; not conserved			3	40			97	1305	97ace25f-a82e-48a3-9c93-73da3344a78c	60	37	60	1189	False	ANG2	RNASE4	PASS:GF	pPASS	True
bos_taurus	ARS-UCD2.0	SRR31429688	SRR31429688.369452	Genion	ENSBTAG00000046668	ENSBTAG00000019612	10	10	-	-	26412911	26392497	57	observed exon-aligned boundaries; not exon-repaired; not conserved			0	41			98	1316	82369311-192e-42ba-aa11-36301797d556	60	41	60	1191	False	ANG2	RNASE4	PASS:GF	pPASS	True
bos_taurus	ARS-UCD2.0	SRR31429688	SRR31429688.372103	Genion	ENSBTAG00000046668	ENSBTAG00000019612	10	10	-	-	26412911	26392497	58	observed exon-aligned boundaries; not exon-repaired; not conserved			0	45			103	1304	a700f65b-d942-4e52-96b1-c152be4df52f	60	41	60	1177	False	ANG2	RNASE4	PASS:GF	pPASS	True
bos_taurus	ARS-UCD2.0	SRR31429688	SRR31429688.372362	Genion	ENSBTAG00000046668	ENSBTAG00000019612	10	10	-	-	26412911	26392497	60	observed exon-aligned boundaries; not exon-repaired; not conserved			0	40			100	1315	6494991e-99c0-4a10-8561-9d07789aa53d	60	40	60	1168	False	ANG2	RNASE4	PASS:GF	pPASS	True
bos_taurus	ARS-UCD2.0	SRR31429688	SRR31429688.373614	Genion	ENSBTAG00000046668	ENSBTAG00000019612	10	10	-	-	26412911	26392497	59	observed exon-aligned boundaries; not exon-repaired; not conserved			20	76			135	1369	6e207cac-fa63-4090-8c22-3e6a53055d9a	60	55	60	1204	False	ANG2	RNASE4	PASS:GF	pPASS	True
bos_taurus	ARS-UCD2.0	SRR31429688	SRR31429688.375085	Genion	ENSBTAG00000046668	ENSBTAG00000019612	10	10	-	-	26412911	26392497	60	observed exon-aligned boundaries; not exon-repaired; not conserved			2	39			99	1325	65b8d5eb-0299-44a7-b860-6d80e289219d	60	37	60	1204	False	ANG2	RNASE4	PASS:GF	pPASS	True
bos_taurus	ARS-UCD2.0	SRR31429688	SRR31429688.383119	Genion	ENSBTAG00000046668	ENSBTAG00000019612	10	10	-	-	26412911	26392497	57	observed exon-aligned boundaries; not exon-repaired; not conserved			4	47			104	1329	8d33186b-3711-4d13-96fb-8211e1ff80ed	60	41	60	1192	False	ANG2	RNASE4	PASS:GF	pPASS	True
bos_taurus	ARS-UCD2.0	SRR31429688	SRR31429688.384183	Genion	ENSBTAG00000046668	ENSBTAG00000019612	10	10	-	-	26412911	26392497	60	observed exon-aligned boundaries; not exon-repaired; not conserved			4	43			103	1321	cb31f888-3cae-4520-8af5-6b3028d409e7	60	38	60	1180	False	ANG2	RNASE4	PASS:GF	pPASS	True
bos_taurus	ARS-UCD2.0	SRR31429688	SRR31429688.387684	Genion	ENSBTAG00000046668	ENSBTAG00000019612	10	10	-	-	26412911	26392497	60	observed exon-aligned boundaries; not exon-repaired; not conserved			5	42			102	1323	12fe7e50-f11e-4d0c-ad45-aa3a798bad85	60	36	60	1190	False	ANG2	RNASE4	PASS:GF	pPASS	True
bos_taurus	ARS-UCD2.0	SRR31429688	SRR31429688.388908	Genion	ENSBTAG00000046668	ENSBTAG00000019612	10	10	-	-	26412911	26392497	59	observed exon-aligned boundaries; not exon-repaired; not conserved			0	42			101	1343	e6737095-a437-4ecb-8fe0-829f21b1d349	60	40	60	1202	False	ANG2	RNASE4	PASS:GF	pPASS	True
bos_taurus	ARS-UCD2.0	SRR31429688	SRR31429688.389794	Genion	ENSBTAG00000046668	ENSBTAG00000019612	10	10	-	-	26412911	26392497	64	observed exon-aligned boundaries; not exon-repaired; not conserved			0	40			104	1329	18ee1bec-768c-45c2-8e2d-dfce9064a563	60	40	60	1170	False	ANG2	RNASE4	PASS:GF	pPASS	True
bos_taurus	ARS-UCD2.0	SRR31429688	SRR31429688.392108	Genion	ENSBTAG00000046668	ENSBTAG00000019612	10	10	-	-	26412911	26392497	60	observed exon-aligned boundaries; not exon-repaired; not conserved			4	42			102	1374	0d137d11-0c6c-40b2-9063-a08a0622409f	60	38	60	1197	False	ANG2	RNASE4	PASS:GF	pPASS	True
bos_taurus	ARS-UCD2.0	SRR31429688	SRR31429688.398749	Genion	ENSBTAG00000046668	ENSBTAG00000019612	10	10	-	-	26412911	26392497	64	observed exon-aligned boundaries; not exon-repaired; not conserved			3	43			107	1325	135ba37e-3aa5-4a64-a089-e7d4360da527	60	39	60	1181	False	ANG2	RNASE4	PASS:GF	pPASS	True
bos_taurus	ARS-UCD2.0	SRR31429688	SRR31429688.398889	Genion	ENSBTAG00000046668	ENSBTAG00000019612	10	10	-	-	26412911	26392497	63	observed exon-aligned boundaries; not exon-repaired; not conserved			0	15			78	1309	1c95c8f3-5bc3-41be-929c-5bf7a0e998b0	60	15	60	1200	False	ANG2	RNASE4	PASS:GF	pPASS	True
bos_taurus	ARS-UCD2.0	SRR31429688	SRR31429688.399021	Genion	ENSBTAG00000046668	ENSBTAG00000019612	10	10	-	-	26412911	26392497	58	observed exon-aligned boundaries; not exon-repaired; not conserved			0	46			104	1326	d2a32840-a63c-4c16-bf9a-d1f896bb702f	60	43	60	1179	False	ANG2	RNASE4	PASS:GF	pPASS	True
bos_taurus	ARS-UCD2.0	SRR31429688	SRR31429688.403927	Genion	ENSBTAG00000046668	ENSBTAG00000019612	10	10	-	-	26412911	26392497	54	observed exon-aligned boundaries; not exon-repaired; not conserved			8	48			102	1245	f978df45-301e-4793-b648-0892de694315	60	40	60	1112	False	ANG2	RNASE4	PASS:GF	pPASS	True
bos_taurus	ARS-UCD2.0	SRR31429688	SRR31429688.404237	Genion	ENSBTAG00000046668	ENSBTAG00000019612	10	10	-	-	26412911	26392497	56	observed exon-aligned boundaries; not exon-repaired; not conserved			0	42			98	1299	179240e9-314b-4a81-8c6d-0e043b34433e	60	42	60	1187	False	ANG2	RNASE4	PASS:GF	pPASS	True
bos_taurus	ARS-UCD2.0	SRR31429688	SRR31429688.409771	Genion	ENSBTAG00000046668	ENSBTAG00000019612	10	10	-	-	26412911	26392497	61	observed exon-aligned boundaries; not exon-repaired; not conserved			3	41			102	1327	98d91926-9b0d-44bc-b549-c0cdfd40f2e0	60	38	60	1200	False	ANG2	RNASE4	PASS:GF	pPASS	True
bos_taurus	ARS-UCD2.0	SRR31429688	SRR31429688.415635	Genion	ENSBTAG00000046668	ENSBTAG00000019612	10	10	-	-	26412911	26392497	58	observed exon-aligned boundaries; not exon-repaired; not conserved			5	42			100	1346	8db60b3d-b23d-45f3-ad6c-d4233a9109a1	60	37	60	1188	False	ANG2	RNASE4	PASS:GF	pPASS	True
bos_taurus	ARS-UCD2.0	SRR31429688	SRR31429688.415967	Genion	ENSBTAG00000046668	ENSBTAG00000019612	10	10	-	-	26412911	26392497	62	observed exon-aligned boundaries; not exon-repaired; not conserved			19	73			135	1355	4dfb5001-84f1-4499-a947-13eadab2ac3f	60	54	60	1186	False	ANG2	RNASE4	PASS:GF	pPASS	True
bos_taurus	ARS-UCD2.0	SRR31429688	SRR31429688.417393	Genion	ENSBTAG00000046668	ENSBTAG00000019612	10	10	-	-	26412911	26392497	71	observed exon-aligned boundaries; not exon-repaired; not conserved			2	302			373	1599	addf0ba8-c7d6-44b2-bb2d-e10f67fc70bd	60	274	60	1184	True	ANG2	RNASE4	PASS:GF	pPASS	True
bos_taurus	ARS-UCD2.0	SRR31429688	SRR31429688.418084	Genion	ENSBTAG00000046668	ENSBTAG00000019612	10	10	-	-	26412911	26392497	63	observed exon-aligned boundaries; not exon-repaired; not conserved			6	49			112	1354	bfc037f0-19a7-4cf4-9b45-977d8a334f27	60	41	60	1172	False	ANG2	RNASE4	PASS:GF	pPASS	True
bos_taurus	ARS-UCD2.0	SRR31429688	SRR31429688.419395	Genion	ENSBTAG00000046668	ENSBTAG00000019612	10	10	-	-	26412911	26392497	64	observed exon-aligned boundaries; not exon-repaired; not conserved			18	40			104	1326	9c57b6bd-5682-46c0-a8c6-69e9e725c765	60	22	60	1205	False	ANG2	RNASE4	PASS:GF	pPASS	True
bos_taurus	ARS-UCD2.0	SRR31429688	SRR31429688.428795	Genion	ENSBTAG00000046668	ENSBTAG00000019612	10	10	-	-	26412911	26392497	57	observed exon-aligned boundaries; not exon-repaired; not conserved			3	42			99	1306	f05a9e79-efcc-4710-93e6-c4f0d7ab5922	60	38	60	1185	False	ANG2	RNASE4	PASS:GF	pPASS	True
bos_taurus	ARS-UCD2.0	SRR31429688	SRR31429688.432975	Genion	ENSBTAG00000046668	ENSBTAG00000019612	10	10	-	-	26412911	26392497	59	observed exon-aligned boundaries; not exon-repaired; not conserved			0	43			102	1331	325e4d02-cd0f-4afd-aae4-9026365f19cf	60	43	60	1203	False	ANG2	RNASE4	PASS:GF	pPASS	True
bos_taurus	ARS-UCD2.0	SRR31429688	SRR31429688.433761	Genion	ENSBTAG00000046668	ENSBTAG00000019612	10	10	-	-	26412911	26392497	54	observed exon-aligned boundaries; not exon-repaired; not conserved			16	41			95	1311	087bcb1a-5407-490f-ab17-2dc84c2f015e	60	25	60	1194	False	ANG2	RNASE4	PASS:GF	pPASS	True
bos_taurus	ARS-UCD2.0	SRR31429688	SRR31429688.438902	Genion	ENSBTAG00000046668	ENSBTAG00000019612	10	10	-	-	26412911	26392497	62	observed exon-aligned boundaries; not exon-repaired; not conserved			0	41			103	1332	415fa68e-fef7-4fdb-9ee1-e587760556ee	60	41	60	1209	False	ANG2	RNASE4	PASS:GF	pPASS	True
bos_taurus	ARS-UCD2.0	SRR31429688	SRR31429688.439254	Genion	ENSBTAG00000046668	ENSBTAG00000019612	10	10	-	-	26412911	26392497	57	observed exon-aligned boundaries; not exon-repaired; not conserved			3	39			96	1282	2c88ea29-ddfb-4a7e-96b7-73e22061f3a5	60	36	60	1162	False	ANG2	RNASE4	PASS:GF	pPASS	True
bos_taurus	ARS-UCD2.0	SRR31429688	SRR31429688.439985	Genion	ENSBTAG00000046668	ENSBTAG00000019612	10	10	-	-	26412911	26392497	58	observed exon-aligned boundaries; not exon-repaired; not conserved			2	38			96	1342	fbd4bdf9-7611-4ba3-ae4d-7bf5950da29f	60	36	60	1207	False	ANG2	RNASE4	PASS:GF	pPASS	True
bos_taurus	ARS-UCD2.0	SRR31429688	SRR31429688.440798	Genion	ENSBTAG00000046668	ENSBTAG00000019612	10	10	-	-	26412911	26392497	62	observed exon-aligned boundaries; not exon-repaired; not conserved			0	46			108	1337	9f200764-4f2a-4a62-b880-a5858d590f53	60	44	60	1199	False	ANG2	RNASE4	PASS:GF	pPASS	True
bos_taurus	ARS-UCD2.0	SRR31429688	SRR31429688.440799	Genion	ENSBTAG00000046668	ENSBTAG00000019612	10	10	-	-	26412911	26392497	58	observed exon-aligned boundaries; not exon-repaired; not conserved			2	43			101	1309	4bda252f-45b5-40e6-94e0-bd3a6357511f	60	41	60	1193	False	ANG2	RNASE4	PASS:GF	pPASS	True
bos_taurus	ARS-UCD2.0	SRR31429688	SRR31429688.443862	Genion	ENSBTAG00000046668	ENSBTAG00000019612	10	10	-	-	26412911	26392497	61	observed exon-aligned boundaries; not exon-repaired; not conserved			0	38			99	1306	d1f6839a-894e-495e-a0f7-593910e0368e	60	37	60	1177	False	ANG2	RNASE4	PASS:GF	pPASS	True
bos_taurus	ARS-UCD2.0	SRR31429688	SRR31429688.445333	Genion	ENSBTAG00000046668	ENSBTAG00000019612	10	10	-	-	26412911	26392497	60	observed exon-aligned boundaries; not exon-repaired; not conserved			2	43			103	1261	e9c3073e-1f99-412f-9115-2e4197ac1629	60	39	60	1119	False	ANG2	RNASE4	PASS:GF	pPASS	True
bos_taurus	ARS-UCD2.0	SRR31429688	SRR31429688.446499	Genion	ENSBTAG00000046668	ENSBTAG00000019612	10	10	-	-	26412911	26392497	55	observed exon-aligned boundaries; not exon-repaired; not conserved			2	43			98	1330	f7e89e37-dfe5-452c-9060-b7bbc6701ca9	60	38	60	1198	False	ANG2	RNASE4	PASS:GF	pPASS	True
bos_taurus	ARS-UCD2.0	SRR31429688	SRR31429688.448423	Genion	ENSBTAG00000046668	ENSBTAG00000019612	10	10	-	-	26412911	26392497	58	observed exon-aligned boundaries; not exon-repaired; not conserved			0	77			135	1369	4aa0f2d3-4a78-4ecb-b6c0-860fae991738	60	77	60	1203	False	ANG2	RNASE4	PASS:GF	pPASS	True
bos_taurus	ARS-UCD2.0	SRR31429688	SRR31429688.454303	Genion	ENSBTAG00000046668	ENSBTAG00000019612	10	10	-	-	26412911	26392497	58	observed exon-aligned boundaries; not exon-repaired; not conserved			1	39			97	1309	135b964b-2e41-406a-8fbd-52740a008049	60	38	60	1192	False	ANG2	RNASE4	PASS:GF	pPASS	True
bos_taurus	ARS-UCD2.0	SRR31429688	SRR31429688.456291	Genion	ENSBTAG00000046668	ENSBTAG00000019612	10	10	-	-	26412911	26392497	58	observed exon-aligned boundaries; not exon-repaired; not conserved			2	44			102	1305	93330ef2-1608-40f4-8660-5ee9181c096f	60	41	60	1167	False	ANG2	RNASE4	PASS:GF	pPASS	True
bos_taurus	ARS-UCD2.0	SRR31429688	SRR31429688.456555	Genion	ENSBTAG00000046668	ENSBTAG00000019612	10	10	-	-	26412911	26392497	58	observed exon-aligned boundaries; not exon-repaired; not conserved			0	46			104	1344	b298c0d6-3e9c-4507-8bc4-742949d92f54	60	46	60	1216	False	ANG2	RNASE4	PASS:GF	pPASS	True
bos_taurus	ARS-UCD2.0	SRR31429688	SRR31429688.457465	Genion	ENSBTAG00000046668	ENSBTAG00000019612	10	10	-	-	26412911	26392497	55	observed exon-aligned boundaries; not exon-repaired; not conserved			9	65			120	1339	c4fb1a95-43cb-470a-9c3b-6372df51c155	60	56	60	1208	False	ANG2	RNASE4	PASS:GF	pPASS	True
bos_taurus	ARS-UCD2.0	SRR31429688	SRR31429688.466961	Genion	ENSBTAG00000046668	ENSBTAG00000019612	10	10	-	-	26412911	26392497	60	observed exon-aligned boundaries; not exon-repaired; not conserved			0	44			104	1372	1fd29e48-606d-4f66-811a-213c92fb17de	60	42	60	1223	False	ANG2	RNASE4	PASS:GF	pPASS	True
bos_taurus	ARS-UCD2.0	SRR31429688	SRR31429688.467836	Genion	ENSBTAG00000046668	ENSBTAG00000019612	10	10	-	-	26412911	26392497	58	observed exon-aligned boundaries; not exon-repaired; not conserved			0	43			101	1349	6703d8ea-f3e9-494a-b09a-d548fd3c1d4a	60	42	60	1203	False	ANG2	RNASE4	PASS:GF	pPASS	True
bos_taurus	ARS-UCD2.0	SRR31429688	SRR31429688.471027	Genion	ENSBTAG00000046668	ENSBTAG00000019612	10	10	-	-	26412911	26392497	58	observed exon-aligned boundaries; not exon-repaired; not conserved			6	43			101	1286	7d2f9c54-b653-4c81-b830-a1945f9d806d	60	37	60	1162	False	ANG2	RNASE4	PASS:GF	pPASS	True
bos_taurus	ARS-UCD2.0	SRR31429688	SRR31429688.471330	Genion	ENSBTAG00000046668	ENSBTAG00000019612	10	10	-	-	26412911	26392497	57	observed exon-aligned boundaries; not exon-repaired; not conserved			0	79			136	1377	6c66599e-f29c-4764-bb35-26a1d729f00b	60	74	60	1210	False	ANG2	RNASE4	PASS:GF	pPASS	True
bos_taurus	ARS-UCD2.0	SRR31429688	SRR31429688.472944	Genion	ENSBTAG00000046668	ENSBTAG00000019612	10	10	-	-	26412911	26392497	60	observed exon-aligned boundaries; not exon-repaired; not conserved			0	41			101	1327	ac97a3df-4561-4757-ab33-255e967c5a21	60	41	60	1194	False	ANG2	RNASE4	PASS:GF	pPASS	True
bos_taurus	ARS-UCD2.0	SRR31429688	SRR31429688.476457	Genion	ENSBTAG00000046668	ENSBTAG00000019612	10	10	-	-	26412911	26392497	0	observed exon-aligned boundaries; not exon-repaired; not conserved			2	69			69	1281	b3e709bb-93ce-47f8-996e-afa554689542	60	67	60	1189	False	ANG2	RNASE4	PASS:GF	pPASS	True
bos_taurus	ARS-UCD2.0	SRR31429688	SRR31429688.478456	Genion	ENSBTAG00000046668	ENSBTAG00000019612	10	10	-	-	26412911	26392497	62	observed exon-aligned boundaries; not exon-repaired; not conserved			0	37			99	1301	ed027002-040b-414b-a3d3-d34817ad57ae	60	37	60	1172	False	ANG2	RNASE4	PASS:GF	pPASS	True
bos_taurus	ARS-UCD2.0	SRR31429688	SRR31429688.482044	Genion	ENSBTAG00000046668	ENSBTAG00000019612	10	10	-	-	26412911	26392497	60	observed exon-aligned boundaries; not exon-repaired; not conserved			3	34			94	1294	0a7c9a89-b7ed-4946-adfd-0dfa7effcfd5	60	31	60	1165	False	ANG2	RNASE4	PASS:GF	pPASS	True
bos_taurus	ARS-UCD2.0	SRR31429688	SRR31429688.483101	Genion	ENSBTAG00000046668	ENSBTAG00000019612	10	10	-	-	26412911	26392491	57	observed exon-aligned boundaries; not exon-repaired; not conserved			5	43			100	1306	18cc6a3a-6f9b-4973-81dd-d6c13c215d30	60	38	60	1185	False	ANG2	RNASE4	PASS:GF	pPASS	True
bos_taurus	ARS-UCD2.0	SRR31429688	SRR31429688.487328	Genion	ENSBTAG00000046668	ENSBTAG00000019612	10	10	-	-	26412911	26392497	59	observed exon-aligned boundaries; not exon-repaired; not conserved			0	75			134	1363	c9c5cb1a-4da7-4948-b471-808115ec3f06	60	69	60	1214	False	ANG2	RNASE4	PASS:GF	pPASS	True
bos_taurus	ARS-UCD2.0	SRR31429688	SRR31429688.487873	Genion	ENSBTAG00000046668	ENSBTAG00000019612	10	10	-	-	26412911	26392496	55	observed exon-aligned boundaries; not exon-repaired; not conserved			4	42			97	1307	85d3cb1f-b7b1-457e-be72-1f83861eb63e	60	38	60	1176	False	ANG2	RNASE4	PASS:GF	pPASS	True
bos_taurus	ARS-UCD2.0	SRR31429688	SRR31429688.489173	Genion	ENSBTAG00000046668	ENSBTAG00000019612	10	10	-	-	26412911	26392497	57	observed exon-aligned boundaries; not exon-repaired; not conserved			0	42			99	1338	b40d66bf-01af-4478-84c7-64bb762215dd	60	40	60	1214	False	ANG2	RNASE4	PASS:GF	pPASS	True
bos_taurus	ARS-UCD2.0	SRR31429688	SRR31429688.492035	Genion	ENSBTAG00000046668	ENSBTAG00000019612	10	10	-	-	26412911	26392497	62	observed exon-aligned boundaries; not exon-repaired; not conserved			0	45			107	1348	6fb6d99c-4839-4d9b-998a-b584d749b440	60	41	60	1220	False	ANG2	RNASE4	PASS:GF	pPASS	True
bos_taurus	ARS-UCD2.0	SRR31429688	SRR31429688.492074	Genion	ENSBTAG00000046668	ENSBTAG00000019612	10	10	-	-	26412911	26392497	58	observed exon-aligned boundaries; not exon-repaired; not conserved			3	45			103	1334	fa56187e-67b0-4262-87a4-f8de12c171ba	60	42	60	1202	False	ANG2	RNASE4	PASS:GF	pPASS	True
bos_taurus	ARS-UCD2.0	SRR31429688	SRR31429688.496455	Genion	ENSBTAG00000046668	ENSBTAG00000019612	10	10	-	-	26412911	26392497	55	observed exon-aligned boundaries; not exon-repaired; not conserved			2	39			94	1309	1f35563f-d8ce-4764-96e9-b803fd7e17b3	60	37	60	1189	False	ANG2	RNASE4	PASS:GF	pPASS	True
bos_taurus	ARS-UCD2.0	SRR31429688	SRR31429688.497004	Genion	ENSBTAG00000046668	ENSBTAG00000019612	10	10	-	-	26412911	26392497	56	observed exon-aligned boundaries; not exon-repaired; not conserved			3	41			97	1310	0936f622-cbeb-4100-8cff-787f845f5f44	60	38	60	1186	False	ANG2	RNASE4	PASS:GF	pPASS	True
bos_taurus	ARS-UCD2.0	SRR31429688	SRR31429688.499267	Genion	ENSBTAG00000046668	ENSBTAG00000019612	10	10	-	-	26412911	26392497	61	observed exon-aligned boundaries; not exon-repaired; not conserved			0	39			100	1317	8c2a55c0-f265-4da6-85f6-98c683fcbef0	60	39	60	1197	False	ANG2	RNASE4	PASS:GF	pPASS	True
bos_taurus	ARS-UCD2.0	SRR31429688	SRR31429688.510426	Genion	ENSBTAG00000046668	ENSBTAG00000019612	10	10	-	-	26412911	26392497	57	observed exon-aligned boundaries; not exon-repaired; not conserved			3	42			99	1329	8a84f7c1-0c99-40b3-a882-081f0330c7ec	60	37	60	1207	False	ANG2	RNASE4	PASS:GF	pPASS	True
bos_taurus	ARS-UCD2.0	SRR31429688	SRR31429688.511735	Genion	ENSBTAG00000046668	ENSBTAG00000019612	10	10	-	-	26412911	26392497	61	observed exon-aligned boundaries; not exon-repaired; not conserved			3	73			134	1348	ead878c8-f6bb-4c6c-a48c-57eef236768d	60	67	60	1185	False	ANG2	RNASE4	PASS:GF	pPASS	True
bos_taurus	ARS-UCD2.0	SRR31429688	SRR31429688.512348	Genion	ENSBTAG00000046668	ENSBTAG00000019612	10	10	-	-	26412911	26392497	58	observed exon-aligned boundaries; not exon-repaired; not conserved			0	41			99	1332	a0242340-6f40-42c7-938f-ac5ebbe72cef	60	41	60	1207	False	ANG2	RNASE4	PASS:GF	pPASS	True
bos_taurus	ARS-UCD2.0	SRR31429688	SRR31429688.512475	Genion	ENSBTAG00000046668	ENSBTAG00000019612	10	10	-	-	26412911	26392497	55	observed exon-aligned boundaries; not exon-repaired; not conserved			0	43			98	1276	fb8d6e2b-68fe-42dd-b2a5-a7650f5ac5e8	60	40	60	1147	False	ANG2	RNASE4	PASS:GF	pPASS	True
bos_taurus	ARS-UCD2.0	SRR31429688	SRR31429688.519037	Genion	ENSBTAG00000046668	ENSBTAG00000019612	10	10	-	-	26412911	26392497	56	observed exon-aligned boundaries; not exon-repaired; not conserved			4	42			98	1322	6f111b6a-552e-4903-b244-26376a6355ba	60	38	60	1198	False	ANG2	RNASE4	PASS:GF	pPASS	True
bos_taurus	ARS-UCD2.0	SRR31429688	SRR31429688.520224	Genion	ENSBTAG00000046668	ENSBTAG00000019612	10	10	-	-	26412911	26392497	57	observed exon-aligned boundaries; not exon-repaired; not conserved			0	44			101	1320	e758651b-1798-40d9-806a-21c6e2632dda	60	41	60	1200	False	ANG2	RNASE4	PASS:GF	pPASS	True
bos_taurus	ARS-UCD2.0	SRR31429688	SRR31429688.520916	Genion	ENSBTAG00000046668	ENSBTAG00000019612	10	10	-	-	26412911	26392497	58	observed exon-aligned boundaries; not exon-repaired; not conserved			1	39			97	1309	8015569b-7f0b-4609-855e-edb7b5567870	60	38	60	1177	False	ANG2	RNASE4	PASS:GF	pPASS	True
bos_taurus	ARS-UCD2.0	SRR31429688	SRR31429688.522323	Genion	ENSBTAG00000046668	ENSBTAG00000019612	10	10	-	-	26412911	26392497	65	observed exon-aligned boundaries; not exon-repaired; not conserved			7	45			110	1342	26455643-5f8c-4a2c-ac5c-d30b8eb081c0	60	37	60	1164	False	ANG2	RNASE4	PASS:GF	pPASS	True
bos_taurus	ARS-UCD2.0	SRR31429688	SRR31429688.523768	Genion	ENSBTAG00000046668	ENSBTAG00000019612	10	10	-	-	26412911	26392497	62	observed exon-aligned boundaries; not exon-repaired; not conserved			3	40			102	1345	7ab06570-82fd-450b-afc3-71088e5dfe45	60	37	60	1184	False	ANG2	RNASE4	PASS:GF	pPASS	True
bos_taurus	ARS-UCD2.0	SRR31429688	SRR31429688.524294	Genion	ENSBTAG00000046668	ENSBTAG00000019612	10	10	-	-	26412911	26392497	59	observed exon-aligned boundaries; not exon-repaired; not conserved			0	100			159	1371	5888a685-4f3d-42b8-b101-88aa20cda21b	60	99	60	1179	False	ANG2	RNASE4	PASS:GF	pPASS	True
bos_taurus	ARS-UCD2.0	SRR31429688	SRR31429688.524483	Genion	ENSBTAG00000046668	ENSBTAG00000019612	10	10	-	-	26412911	26392497	59	observed exon-aligned boundaries; not exon-repaired; not conserved			14	38			97	1273	5265e38b-89ad-4ae4-965a-317e084d389e	60	24	60	1163	False	ANG2	RNASE4	PASS:GF	pPASS	True
bos_taurus	ARS-UCD2.0	SRR31429688	SRR31429688.525232	Genion	ENSBTAG00000046668	ENSBTAG00000019612	10	10	-	-	26412911	26392497	58	observed exon-aligned boundaries; not exon-repaired; not conserved			2	40			98	1327	0e5cae3d-3983-4ae5-b818-e9c5671bb96d	60	37	60	1179	False	ANG2	RNASE4	PASS:GF	pPASS	True
bos_taurus	ARS-UCD2.0	SRR31429688	SRR31429688.527646	Genion	ENSBTAG00000046668	ENSBTAG00000019612	10	10	-	-	26412911	26392497	54	observed exon-aligned boundaries; not exon-repaired; not conserved			0	91			145	1353	b16adbb0-219b-4e6f-b2a7-9063bda0476f	60	88	60	1185	False	ANG2	RNASE4	PASS:GF	pPASS	True
bos_taurus	ARS-UCD2.0	SRR31429688	SRR31429688.532077	Genion	ENSBTAG00000046668	ENSBTAG00000019612	10	10	-	-	26412911	26392497	60	observed exon-aligned boundaries; not exon-repaired; not conserved			3	37			97	1330	e6808c34-8c38-45fd-acb6-1f3503ceaf65	60	34	60	1196	False	ANG2	RNASE4	PASS:GF	pPASS	True
bos_taurus	ARS-UCD2.0	SRR31429688	SRR31429688.535791	Genion	ENSBTAG00000046668	ENSBTAG00000019612	10	10	-	-	26412911	26392497	63	observed exon-aligned boundaries; not exon-repaired; not conserved			5	47			110	1325	c2057ce7-5580-45b1-83b6-de473c6af9e7	60	38	60	1187	False	ANG2	RNASE4	PASS:GF	pPASS	True
bos_taurus	ARS-UCD2.0	SRR31429688	SRR31429688.537528	Genion	ENSBTAG00000046668	ENSBTAG00000019612	10	10	-	-	26412911	26392497	58	observed exon-aligned boundaries; not exon-repaired; not conserved			1	67			125	1357	e8321dc7-5e76-42ab-85ec-6d7891867c5b	60	65	60	1207	False	ANG2	RNASE4	PASS:GF	pPASS	True
bos_taurus	ARS-UCD2.0	SRR31429688	SRR31429688.538696	Genion	ENSBTAG00000046668	ENSBTAG00000019612	10	10	-	-	26412911	26392497	61	observed exon-aligned boundaries; not exon-repaired; not conserved			0	45			106	1355	34a72bfa-4df3-4267-8c20-7c942f3dcbcb	60	43	60	1206	False	ANG2	RNASE4	PASS:GF	pPASS	True
bos_taurus	ARS-UCD2.0	SRR31429688	SRR31429688.543313	Genion	ENSBTAG00000046668	ENSBTAG00000019612	10	10	-	-	26412911	26392497	59	observed exon-aligned boundaries; not exon-repaired; not conserved			0	44			103	1336	75f926bb-8661-4cfb-a6de-bad5f7906389	60	42	60	1208	False	ANG2	RNASE4	PASS:GF	pPASS	True
bos_taurus	ARS-UCD2.0	SRR31429688	SRR31429688.548748	Genion	ENSBTAG00000046668	ENSBTAG00000019612	10	10	-	-	26412911	26392497	61	observed exon-aligned boundaries; not exon-repaired; not conserved			0	37			98	1342	7098e710-8486-43a4-9a3a-9420119462ed	60	36	60	1191	False	ANG2	RNASE4	PASS:GF	pPASS	True
bos_taurus	ARS-UCD2.0	SRR31429688	SRR31429688.555079	Genion	ENSBTAG00000046668	ENSBTAG00000019612	10	10	-	-	26412911	26392497	57	observed exon-aligned boundaries; not exon-repaired; not conserved			4	45			102	1281	c334256d-1e39-46e7-93f4-d49e423f2af7	60	40	60	1157	False	ANG2	RNASE4	PASS:GF	pPASS	True
bos_taurus	ARS-UCD2.0	SRR31429688	SRR31429688.557594	Genion	ENSBTAG00000046668	ENSBTAG00000019612	10	10	-	-	26412911	26392497	60	observed exon-aligned boundaries; not exon-repaired; not conserved			1	42			102	1355	d3554bdd-facb-4167-a0e3-d8aabe1dcaa0	60	41	60	1223	False	ANG2	RNASE4	PASS:GF	pPASS	True
bos_taurus	ARS-UCD2.0	SRR31429688	SRR31429688.559591	Genion	ENSBTAG00000046668	ENSBTAG00000019612	10	10	-	-	26412911	26392497	59	observed exon-aligned boundaries; not exon-repaired; not conserved			3	42			101	1349	290ebed5-13e2-41a2-896f-6e7981a28911	60	38	60	1218	False	ANG2	RNASE4	PASS:GF	pPASS	True
bos_taurus	ARS-UCD2.0	SRR31429688	SRR31429688.560210	Genion	ENSBTAG00000046668	ENSBTAG00000019612	10	10	-	-	26412911	26392497	58	observed exon-aligned boundaries; not exon-repaired; not conserved			3	42			100	1316	0b1cf679-aa3c-4e98-a828-d696cda7cfb9	60	37	60	1186	False	ANG2	RNASE4	PASS:GF	pPASS	True
bos_taurus	ARS-UCD2.0	SRR31429688	SRR31429688.560901	Genion	ENSBTAG00000046668	ENSBTAG00000019612	10	10	-	-	26412911	26392497	55	observed exon-aligned boundaries; not exon-repaired; not conserved			2	43			98	1327	44c73e32-473b-4b8e-91c4-c90519681b10	60	39	60	1203	False	ANG2	RNASE4	PASS:GF	pPASS	True
bos_taurus	ARS-UCD2.0	SRR31429688	SRR31429688.562939	Genion	ENSBTAG00000046668	ENSBTAG00000019612	10	10	-	-	26412911	26392497	62	observed exon-aligned boundaries; not exon-repaired; not conserved			0	41			103	1335	ee36bf9c-d771-4eba-b661-62b7013e709a	60	41	60	1191	False	ANG2	RNASE4	PASS:GF	pPASS	True
bos_taurus	ARS-UCD2.0	SRR31429688	SRR31429688.564031	Genion	ENSBTAG00000046668	ENSBTAG00000019612	10	10	-	-	26412911	26392497	62	observed exon-aligned boundaries; not exon-repaired; not conserved			2	38			100	1317	70556d66-5740-4c70-8108-da8eea2ad3ba	60	36	60	1194	False	ANG2	RNASE4	PASS:GF	pPASS	True
bos_taurus	ARS-UCD2.0	SRR31429688	SRR31429688.564045	Genion	ENSBTAG00000046668	ENSBTAG00000019612	10	10	-	-	26412911	26392497	55	observed exon-aligned boundaries; not exon-repaired; not conserved			3	43			98	1318	d148f902-7ecf-4091-b17e-15142d44558c	60	37	60	1179	False	ANG2	RNASE4	PASS:GF	pPASS	True
bos_taurus	ARS-UCD2.0	SRR31429688	SRR31429688.566357	Genion	ENSBTAG00000046668	ENSBTAG00000019612	10	10	-	-	26412911	26392497	61	observed exon-aligned boundaries; not exon-repaired; not conserved			0	41			102	1308	09557c4e-fbfe-4db6-a466-bbda4d7c0527	60	41	60	1187	False	ANG2	RNASE4	PASS:GF	pPASS	True
bos_taurus	ARS-UCD2.0	SRR31429688	SRR31429688.567225	Genion	ENSBTAG00000046668	ENSBTAG00000019612	10	10	-	-	26412911	26392497	54	observed exon-aligned boundaries; not exon-repaired; not conserved			0	40			94	1296	960fed97-ddc8-43e9-a333-bb83271d7c46	60	40	60	1184	False	ANG2	RNASE4	PASS:GF	pPASS	True
bos_taurus	ARS-UCD2.0	SRR31429688	SRR31429688.570067	Genion	ENSBTAG00000046668	ENSBTAG00000019612	10	10	-	-	26412911	26392497	57	observed exon-aligned boundaries; not exon-repaired; not conserved			2	45			102	1293	e24f4177-325b-4ea0-a5f3-dcb93dbc14ee	60	41	60	1174	False	ANG2	RNASE4	PASS:GF	pPASS	True
bos_taurus	ARS-UCD2.0	SRR31429688	SRR31429688.571978	Genion	ENSBTAG00000046668	ENSBTAG00000019612	10	10	-	-	26412911	26392497	56	observed exon-aligned boundaries; not exon-repaired; not conserved			0	41			97	1154	171bf4d6-8f9d-45b5-8f35-303e0e92efb2	60	41	60	1043	False	ANG2	RNASE4	PASS:GF	pPASS	True
bos_taurus	ARS-UCD2.0	SRR31429688	SRR31429688.572985	Genion	ENSBTAG00000046668	ENSBTAG00000019612	10	10	-	-	26412911	26392497	60	observed exon-aligned boundaries; not exon-repaired; not conserved			4	41			101	1332	2088e646-a49a-4ef9-8fd0-f24f5b404498	60	37	60	1205	False	ANG2	RNASE4	PASS:GF	pPASS	True
bos_taurus	ARS-UCD2.0	SRR31429688	SRR31429688.574919	Genion	ENSBTAG00000046668	ENSBTAG00000019612	10	10	-	-	26412911	26392497	62	observed exon-aligned boundaries; not exon-repaired; not conserved			6	45			107	1352	8aa9f45e-e6e6-4e89-b67f-8e1e3901bb7b	60	37	60	1199	False	ANG2	RNASE4	PASS:GF	pPASS	True
bos_taurus	ARS-UCD2.0	SRR31429688	SRR31429688.577036	Genion	ENSBTAG00000046668	ENSBTAG00000019612	10	10	-	-	26412911	26392497	56	observed exon-aligned boundaries; not exon-repaired; not conserved			1	40			96	1322	1e71adb9-f9ab-4248-b5c4-c9f434f5f793	60	39	60	1199	False	ANG2	RNASE4	PASS:GF	pPASS	True
bos_taurus	ARS-UCD2.0	SRR31429688	SRR31429688.578105	Genion	ENSBTAG00000046668	ENSBTAG00000019612	10	10	-	-	26412911	26392497	61	observed exon-aligned boundaries; not exon-repaired; not conserved			0	78			139	1372	5172e13b-9ef4-4805-b451-89b3b6babc33	60	75	60	1202	False	ANG2	RNASE4	PASS:GF	pPASS	True
bos_taurus	ARS-UCD2.0	SRR31429688	SRR31429688.578922	Genion	ENSBTAG00000046668	ENSBTAG00000019612	10	10	-	-	26412911	26392497	61	observed exon-aligned boundaries; not exon-repaired; not conserved			2	45			106	1371	e6ee3d83-0f36-4b88-9884-a3f20f01977a	60	41	60	1177	False	ANG2	RNASE4	PASS:GF	pPASS	True
bos_taurus	ARS-UCD2.0	SRR31429688	SRR31429688.580998	Genion	ENSBTAG00000046668	ENSBTAG00000019612	10	10	-	-	26412911	26392497	61	observed exon-aligned boundaries; not exon-repaired; not conserved			2	37			98	1313	e53430ba-1d60-4629-b00a-860d522e5004	60	35	60	1177	False	ANG2	RNASE4	PASS:GF	pPASS	True
bos_taurus	ARS-UCD2.0	SRR31429688	SRR31429688.582343	Genion	ENSBTAG00000046668	ENSBTAG00000019612	10	10	-	-	26412911	26392497	59	observed exon-aligned boundaries; not exon-repaired; not conserved			0	41			100	1314	1fec094e-c71d-445f-893b-6cd85f9dbc1b	60	41	60	1186	False	ANG2	RNASE4	PASS:GF	pPASS	True
bos_taurus	ARS-UCD2.0	SRR31429688	SRR31429688.583658	Genion	ENSBTAG00000046668	ENSBTAG00000019612	10	10	-	-	26412911	26392497	64	observed exon-aligned boundaries; not exon-repaired; not conserved			3	40			104	1340	57f3e30c-4be6-4215-9c98-f03ebbc5c9c5	60	37	60	1204	False	ANG2	RNASE4	PASS:GF	pPASS	True
bos_taurus	ARS-UCD2.0	SRR31429688	SRR31429688.586056	Genion	ENSBTAG00000046668	ENSBTAG00000019612	10	10	-	-	26412911	26392497	58	observed exon-aligned boundaries; not exon-repaired; not conserved			0	41			99	1322	438690ef-3e47-4935-9232-3fd9ed607990	60	41	60	1202	False	ANG2	RNASE4	PASS:GF	pPASS	True
bos_taurus	ARS-UCD2.0	SRR31429688	SRR31429688.589137	Genion	ENSBTAG00000046668	ENSBTAG00000019612	10	10	-	-	26412911	26392497	60	observed exon-aligned boundaries; not exon-repaired; not conserved			3	42			102	1339	e86ac791-9c1c-4b19-9c6e-26139c9bfaba	60	38	60	1208	False	ANG2	RNASE4	PASS:GF	pPASS	True
bos_taurus	ARS-UCD2.0	SRR31429688	SRR31429688.590170	Genion	ENSBTAG00000046668	ENSBTAG00000019612	10	10	-	-	26412911	26392495	56	observed exon-aligned boundaries; not exon-repaired; not conserved			0	64			120	1337	435129d8-1bad-45ef-bba5-88810702d636	60	64	60	1189	False	ANG2	RNASE4	PASS:GF	pPASS	True
bos_taurus	ARS-UCD2.0	SRR31429688	SRR31429688.595548	Genion	ENSBTAG00000046668	ENSBTAG00000019612	10	10	-	-	26412911	26392497	61	observed exon-aligned boundaries; not exon-repaired; not conserved			0	40			101	1331	736acc3e-3326-479d-ae7f-76d3fe4e4e81	60	40	60	1202	False	ANG2	RNASE4	PASS:GF	pPASS	True
bos_taurus	ARS-UCD2.0	SRR31429688	SRR31429688.596169	Genion	ENSBTAG00000046668	ENSBTAG00000019612	10	10	-	-	26412911	26392497	59	observed exon-aligned boundaries; not exon-repaired; not conserved			3	43			102	1327	22ddba4f-245f-4bd9-a091-97d372bbb6e7	60	39	60	1192	False	ANG2	RNASE4	PASS:GF	pPASS	True
bos_taurus	ARS-UCD2.0	SRR31429688	SRR31429688.609515	Genion	ENSBTAG00000046668	ENSBTAG00000019612	10	10	-	-	26412911	26392497	55	observed exon-aligned boundaries; not exon-repaired; not conserved			0	38			93	1286	25752c68-c7f5-407d-bd73-b28c27edd16b	60	38	60	1183	False	ANG2	RNASE4	PASS:GF	pPASS	True
bos_taurus	ARS-UCD2.0	SRR31429688	SRR31429688.610575	Genion	ENSBTAG00000046668	ENSBTAG00000019612	10	10	-	-	26412911	26392497	59	observed exon-aligned boundaries; not exon-repaired; not conserved			3	45			104	1325	ebf468ff-89a7-46fa-8964-1345fa4aeea2	60	38	60	1188	False	ANG2	RNASE4	PASS:GF	pPASS	True
bos_taurus	ARS-UCD2.0	SRR31429688	SRR31429688.610858	Genion	ENSBTAG00000046668	ENSBTAG00000019612	10	10	-	-	26412911	26392497	59	observed exon-aligned boundaries; not exon-repaired; not conserved			0	40			99	1335	baf98595-d48e-48ed-8fb0-b18bc1df05a7	60	40	60	1206	False	ANG2	RNASE4	PASS:GF	pPASS	True
bos_taurus	ARS-UCD2.0	SRR31429688	SRR31429688.611003	Genion	ENSBTAG00000046668	ENSBTAG00000019612	10	10	-	-	26412911	26392497	59	observed exon-aligned boundaries; not exon-repaired; not conserved			4	43			102	1307	dc4f7336-6f4d-42b8-bdcc-4f2169b66a7f	60	38	60	1177	False	ANG2	RNASE4	PASS:GF	pPASS	True
bos_taurus	ARS-UCD2.0	SRR31429688	SRR31429688.611329	Genion	ENSBTAG00000046668	ENSBTAG00000019612	10	10	-	-	26412911	26392497	61	observed exon-aligned boundaries; not exon-repaired; not conserved			3	40			101	1342	0e1f0c38-210f-4c02-bdab-175ef4d342da	60	37	60	1213	False	ANG2	RNASE4	PASS:GF	pPASS	True
bos_taurus	ARS-UCD2.0	SRR31429688	SRR31429688.616370	Genion	ENSBTAG00000046668	ENSBTAG00000019612	10	10	-	-	26412911	26392497	58	observed exon-aligned boundaries; not exon-repaired; not conserved			2	15			73	1322	9e3c44d7-62dd-4218-95c6-633690b44453	60	13	60	1225	False	ANG2	RNASE4	PASS:GF	pPASS	True
bos_taurus	ARS-UCD2.0	SRR31429688	SRR31429688.619100	Genion	ENSBTAG00000046668	ENSBTAG00000019612	10	10	-	-	26412911	26392497	0	observed exon-aligned boundaries; not exon-repaired; not conserved			0	95			95	1280	12b088fc-f1b6-4f5b-93c7-55d00d615e76	60	92	60	1164	False	ANG2	RNASE4	PASS:GF	pPASS	True
bos_taurus	ARS-UCD2.0	SRR31429688	SRR31429688.619555	Genion	ENSBTAG00000046668	ENSBTAG00000019612	10	10	-	-	26412911	26392497	60	observed exon-aligned boundaries; not exon-repaired; not conserved			11	48			108	1310	e9b3672d-dcea-44d9-aade-2b978f8b532c	60	34	60	1146	False	ANG2	RNASE4	PASS:GF	pPASS	True
bos_taurus	ARS-UCD2.0	SRR31429688	SRR31429688.624742	Genion	ENSBTAG00000046668	ENSBTAG00000019612	10	10	-	-	26412911	26392497	59	observed exon-aligned boundaries; not exon-repaired; not conserved			0	38			97	1308	9b56a0e3-a6bf-4da2-8cfe-30b3bb30f8db	60	38	60	1180	False	ANG2	RNASE4	PASS:GF	pPASS	True
bos_taurus	ARS-UCD2.0	SRR31429688	SRR31429688.628427	Genion	ENSBTAG00000046668	ENSBTAG00000019612	10	10	-	-	26412911	26392497	63	observed exon-aligned boundaries; not exon-repaired; not conserved			2	41			104	1344	5f07efd1-2ffb-4aff-aa45-c451b7a09a1a	60	38	60	1214	False	ANG2	RNASE4	PASS:GF	pPASS	True
bos_taurus	ARS-UCD2.0	SRR31429688	SRR31429688.633780	Genion	ENSBTAG00000046668	ENSBTAG00000019612	10	10	-	-	26412911	26392497	58	observed exon-aligned boundaries; not exon-repaired; not conserved			3	41			99	1299	f5b31aa9-3786-4dfe-8b0a-9c25b3788c6e	60	36	60	1168	False	ANG2	RNASE4	PASS:GF	pPASS	True
bos_taurus	ARS-UCD2.0	SRR31429688	SRR31429688.647281	Genion	ENSBTAG00000046668	ENSBTAG00000019612	10	10	-	-	26412911	26392497	0	observed exon-aligned boundaries; not exon-repaired; not conserved			1	314			314	1568	6ad3ac71-58dd-47fe-9325-395770d44836	60	304	60	1203	True	ANG2	RNASE4	PASS:GF	pPASS	True
bos_taurus	ARS-UCD2.0	SRR31429688	SRR31429688.652641	Genion	ENSBTAG00000046668	ENSBTAG00000019612	10	10	-	-	26412911	26392497	58	observed exon-aligned boundaries; not exon-repaired; not conserved			1	44			102	1335	dc54cad7-b92e-4336-bb2c-650805131f02	60	42	60	1204	False	ANG2	RNASE4	PASS:GF	pPASS	True
bos_taurus	ARS-UCD2.0	SRR31429688	SRR31429688.655555	Genion	ENSBTAG00000046668	ENSBTAG00000019612	10	10	-	-	26412911	26392497	62	observed exon-aligned boundaries; not exon-repaired; not conserved			4	42			104	1358	cf7eb2f2-9414-4291-bd7f-a970a7f1f433	60	38	60	1224	False	ANG2	RNASE4	PASS:GF	pPASS	True
bos_taurus	ARS-UCD2.0	SRR31429688	SRR31429688.659130	Genion	ENSBTAG00000046668	ENSBTAG00000019612	10	10	-	-	26412911	26392497	58	observed exon-aligned boundaries; not exon-repaired; not conserved			3	41			99	1344	b692feb0-62c4-47a7-b3ca-b76871cda05b	60	37	60	1216	False	ANG2	RNASE4	PASS:GF	pPASS	True
bos_taurus	ARS-UCD2.0	SRR31429688	SRR31429688.660316	Genion	ENSBTAG00000046668	ENSBTAG00000019612	10	10	-	-	26412911	26392497	59	observed exon-aligned boundaries; not exon-repaired; not conserved			0	42			101	1333	2191bb3e-3c31-4d75-ac29-06a4f28085dd	60	42	60	1209	False	ANG2	RNASE4	PASS:GF	pPASS	True
bos_taurus	ARS-UCD2.0	SRR31429688	SRR31429688.661895	Genion	ENSBTAG00000046668	ENSBTAG00000019612	10	10	-	-	26412911	26392497	56	observed exon-aligned boundaries; not exon-repaired; not conserved			3	41			97	1321	915b96bb-ca34-4648-a852-c8916f09165f	60	38	60	1181	False	ANG2	RNASE4	PASS:GF	pPASS	True
bos_taurus	ARS-UCD2.0	SRR31429688	SRR31429688.662464	Genion	ENSBTAG00000046668	ENSBTAG00000019612	10	10	-	-	26412911	26392497	63	observed exon-aligned boundaries; not exon-repaired; not conserved			1	45			108	1338	93111284-a977-4148-9a07-be976dfdfdc4	60	40	60	1197	False	ANG2	RNASE4	PASS:GF	pPASS	True
bos_taurus	ARS-UCD2.0	SRR31429688	SRR31429688.662902	Genion	ENSBTAG00000046668	ENSBTAG00000019612	10	10	-	-	26412911	26392497	57	observed exon-aligned boundaries; not exon-repaired; not conserved			0	40			97	1322	fb8f563f-a7a0-4c91-a5de-96cb194010b6	60	39	60	1190	False	ANG2	RNASE4	PASS:GF	pPASS	True
bos_taurus	ARS-UCD2.0	SRR31429688	SRR31429688.664460	Genion	ENSBTAG00000046668	ENSBTAG00000019612	10	10	-	-	26412911	26392497	59	observed exon-aligned boundaries; not exon-repaired; not conserved			0	40			99	1321	734d85c5-1a09-4995-80eb-874331fd33a9	60	39	60	1194	False	ANG2	RNASE4	PASS:GF	pPASS	True
bos_taurus	ARS-UCD2.0	SRR31429688	SRR31429688.665119	Genion	ENSBTAG00000046668	ENSBTAG00000019612	10	10	-	-	26412911	26392497	64	observed exon-aligned boundaries; not exon-repaired; not conserved			4	76			140	1338	7391e4a9-6ed3-493a-a1a7-a1ee4f1cc00a	60	67	60	1159	False	ANG2	RNASE4	PASS:GF	pPASS	True
bos_taurus	ARS-UCD2.0	SRR31429688	SRR31429688.665919	Genion	ENSBTAG00000046668	ENSBTAG00000019612	10	10	-	-	26412911	26392497	61	observed exon-aligned boundaries; not exon-repaired; not conserved			2	42			103	1323	09e0af80-c29d-4bad-a511-60dcf5fe8516	60	39	60	1202	False	ANG2	RNASE4	PASS:GF	pPASS	True
bos_taurus	ARS-UCD2.0	SRR31429688	SRR31429688.666165	Genion	ENSBTAG00000046668	ENSBTAG00000019612	10	10	-	-	26412911	26392497	62	observed exon-aligned boundaries; not exon-repaired; not conserved			0	41			103	1321	8fd504d0-071e-44d5-9a10-7c0b31a2c883	60	41	60	1195	False	ANG2	RNASE4	PASS:GF	pPASS	True
bos_taurus	ARS-UCD2.0	SRR31429688	SRR31429688.673596	Genion	ENSBTAG00000046668	ENSBTAG00000019612	10	10	-	-	26412911	26392497	61	observed exon-aligned boundaries; not exon-repaired; not conserved			0	89			150	1353	cf257f51-c985-4f42-bcc9-ab4b9624bd09	60	88	60	1186	False	ANG2	RNASE4	PASS:GF	pPASS	True
bos_taurus	ARS-UCD2.0	SRR31429688	SRR31429688.674182	Genion	ENSBTAG00000046668	ENSBTAG00000019612	10	10	-	-	26412911	26392497	58	observed exon-aligned boundaries; not exon-repaired; not conserved			1	44			102	1311	c5fdc315-a328-4f91-baf8-d83a6ecc31fc	60	42	60	1188	False	ANG2	RNASE4	PASS:GF	pPASS	True
bos_taurus	ARS-UCD2.0	SRR31429688	SRR31429688.674759	Genion	ENSBTAG00000046668	ENSBTAG00000019612	10	10	-	-	26412911	26392497	56	observed exon-aligned boundaries; not exon-repaired; not conserved			0	42			98	1302	89766275-8624-4933-b01e-7ddbc349cd5e	60	41	60	1181	False	ANG2	RNASE4	PASS:GF	pPASS	True
bos_taurus	ARS-UCD2.0	SRR31429688	SRR31429688.676008	Genion	ENSBTAG00000046668	ENSBTAG00000019612	10	10	-	-	26412911	26392497	57	observed exon-aligned boundaries; not exon-repaired; not conserved			2	43			100	1329	8c0c0034-1454-46b1-9ab8-d1fbf0e33f3d	60	41	60	1212	False	ANG2	RNASE4	PASS:GF	pPASS	True
bos_taurus	ARS-UCD2.0	SRR31429688	SRR31429688.676526	Genion	ENSBTAG00000046668	ENSBTAG00000019612	10	10	-	-	26412911	26392497	63	observed exon-aligned boundaries; not exon-repaired; not conserved			2	40			103	1322	6b19a685-16be-4f84-b316-ee31fc00d3a1	60	38	60	1190	False	ANG2	RNASE4	PASS:GF	pPASS	True
bos_taurus	ARS-UCD2.0	SRR31429688	SRR31429688.686588	Genion	ENSBTAG00000046668	ENSBTAG00000019612	10	10	-	-	26412911	26392497	59	observed exon-aligned boundaries; not exon-repaired; not conserved			0	43			102	1312	d215bb14-3f02-4588-a23d-90be19e90fcd	60	42	60	1190	False	ANG2	RNASE4	PASS:GF	pPASS	True
bos_taurus	ARS-UCD2.0	SRR31429688	SRR31429688.687467	Genion	ENSBTAG00000046668	ENSBTAG00000019612	10	10	-	-	26412911	26392497	56	observed exon-aligned boundaries; not exon-repaired; not conserved			4	41			97	1345	beb95356-6b20-41d7-828e-9f737397fd45	60	37	60	1214	False	ANG2	RNASE4	PASS:GF	pPASS	True
bos_taurus	ARS-UCD2.0	SRR31429688	SRR31429688.692467	Genion	ENSBTAG00000046668	ENSBTAG00000019612	10	10	-	-	26412911	26392497	58	observed exon-aligned boundaries; not exon-repaired; not conserved			7	43			101	1288	c78eeba0-f4f2-4825-accb-997ddf8d5694	60	35	60	1146	False	ANG2	RNASE4	PASS:GF	pPASS	True
bos_taurus	ARS-UCD2.0	SRR31429688	SRR31429688.696114	Genion	ENSBTAG00000046668	ENSBTAG00000019612	10	10	-	-	26412911	26392497	59	observed exon-aligned boundaries; not exon-repaired; not conserved			0	42			101	1317	920ce5da-0479-49a8-812b-37caf73550cf	60	42	60	1194	False	ANG2	RNASE4	PASS:GF	pPASS	True
bos_taurus	ARS-UCD2.0	SRR31429688	SRR31429688.696946	Genion	ENSBTAG00000046668	ENSBTAG00000019612	10	10	-	-	26412911	26392497	57	observed exon-aligned boundaries; not exon-repaired; not conserved			2	37			94	1316	7951d4da-5938-4518-9f4c-80db46798fa8	60	35	60	1196	False	ANG2	RNASE4	PASS:GF	pPASS	True
bos_taurus	ARS-UCD2.0	SRR31429688	SRR31429688.698378	Genion	ENSBTAG00000046668	ENSBTAG00000019612	10	10	-	-	26412911	26392497	56	observed exon-aligned boundaries; not exon-repaired; not conserved			1	45			101	1323	38044186-237e-49fb-b5f5-e3c5263e14d6	60	41	60	1192	False	ANG2	RNASE4	PASS:GF	pPASS	True
bos_taurus	ARS-UCD2.0	SRR31429688	SRR31429688.698484	Genion	ENSBTAG00000046668	ENSBTAG00000019612	10	10	-	-	26412911	26392497	57	observed exon-aligned boundaries; not exon-repaired; not conserved			0	42			99	1381	e3311c0f-2914-4de2-a6d6-0b9b48ed6557	60	40	60	1212	False	ANG2	RNASE4	PASS:GF	pPASS	True
bos_taurus	ARS-UCD2.0	SRR31429688	SRR31429688.699785	Genion	ENSBTAG00000046668	ENSBTAG00000019612	10	10	-	-	26412911	26392497	56	observed exon-aligned boundaries; not exon-repaired; not conserved			0	37			93	1320	6d778db3-1b83-452e-8c50-d62f40675ca0	60	37	60	1199	False	ANG2	RNASE4	PASS:GF	pPASS	True
bos_taurus	ARS-UCD2.0	SRR31429688	SRR31429688.700681	Genion	ENSBTAG00000046668	ENSBTAG00000019612	10	10	-	-	26412911	26392497	62	observed exon-aligned boundaries; not exon-repaired; not conserved			2	40			102	1311	e455416d-4661-4e10-9391-670f06b4c8f6	60	38	60	1187	False	ANG2	RNASE4	PASS:GF	pPASS	True
bos_taurus	ARS-UCD2.0	SRR31429688	SRR31429688.704403	Genion	ENSBTAG00000046668	ENSBTAG00000019612	10	10	-	-	26412911	26392497	60	observed exon-aligned boundaries; not exon-repaired; not conserved			6	37			97	1311	19e5c1db-807c-4b0d-9fa2-cef27da8cf38	60	31	60	1200	False	ANG2	RNASE4	PASS:GF	pPASS	True
bos_taurus	ARS-UCD2.0	SRR31429688	SRR31429688.705306	Genion	ENSBTAG00000046668	ENSBTAG00000019612	10	10	-	-	26412911	26392497	60	observed exon-aligned boundaries; not exon-repaired; not conserved			23	44			104	1334	b7ec05fc-d762-4813-a576-fefa6b3216f7	60	21	60	1189	False	ANG2	RNASE4	PASS:GF	pPASS	True
bos_taurus	ARS-UCD2.0	SRR31429688	SRR31429688.707976	Genion	ENSBTAG00000046668	ENSBTAG00000019612	10	10	-	-	26412911	26392497	63	observed exon-aligned boundaries; not exon-repaired; not conserved			0	44			107	1419	d19a7942-d0c6-4471-bc3c-3fab29c47cc3	60	41	60	1170	False	ANG2	RNASE4	PASS:GF	pPASS	True
bos_taurus	ARS-UCD2.0	SRR31429688	SRR31429688.708178	Genion	ENSBTAG00000046668	ENSBTAG00000019612	10	10	-	-	26412911	26392497	57	observed exon-aligned boundaries; not exon-repaired; not conserved			0	41			98	1303	5a43b306-fb2f-4389-83dd-85c9d0cd2d2f	60	41	60	1171	False	ANG2	RNASE4	PASS:GF	pPASS	True
bos_taurus	ARS-UCD2.0	SRR31429688	SRR31429688.708892	Genion	ENSBTAG00000046668	ENSBTAG00000019612	10	10	-	-	26412911	26392497	61	observed exon-aligned boundaries; not exon-repaired; not conserved			9	47			108	1350	30dfd01d-20e4-4252-9e5f-ecbd39a984f1	60	37	60	1212	False	ANG2	RNASE4	PASS:GF	pPASS	True
bos_taurus	ARS-UCD2.0	SRR31429688	SRR31429688.708917	Genion	ENSBTAG00000046668	ENSBTAG00000019612	10	10	-	-	26412911	26392497	55	observed exon-aligned boundaries; not exon-repaired; not conserved			3	41			96	1342	7cc4462e-4492-4f02-8f4a-83af23463df1	60	38	60	1212	False	ANG2	RNASE4	PASS:GF	pPASS	True
bos_taurus	ARS-UCD2.0	SRR31429688	SRR31429688.709498	Genion	ENSBTAG00000046668	ENSBTAG00000019612	10	10	-	-	26412911	26392497	64	observed exon-aligned boundaries; not exon-repaired; not conserved			6	42			106	1311	c0cfe993-677d-4ee4-a66f-ddf211214c0f	60	36	60	1175	False	ANG2	RNASE4	PASS:GF	pPASS	True
bos_taurus	ARS-UCD2.0	SRR31429688	SRR31429688.713552	Genion	ENSBTAG00000046668	ENSBTAG00000019612	10	10	-	-	26412911	26392497	57	observed exon-aligned boundaries; not exon-repaired; not conserved			30	43			100	1331	ba7bf162-88f4-4c8c-ab5b-c48196dd992b	60	13	60	1202	False	ANG2	RNASE4	PASS:GF	pPASS	True
bos_taurus	ARS-UCD2.0	SRR31429688	SRR31429688.718592	Genion	ENSBTAG00000046668	ENSBTAG00000019612	10	10	-	-	26412911	26392497	58	observed exon-aligned boundaries; not exon-repaired; not conserved			3	41			99	1314	838c7dbb-bbbd-45c3-976f-9a07da1f6d71	60	38	60	1206	False	ANG2	RNASE4	PASS:GF	pPASS	True
bos_taurus	ARS-UCD2.0	SRR31429688	SRR31429688.724431	Genion	ENSBTAG00000046668	ENSBTAG00000019612	10	10	-	-	26412911	26392497	55	observed exon-aligned boundaries; not exon-repaired; not conserved			0	45			100	1329	e4d215a4-ae03-4470-9ac0-d986a45631f4	60	44	60	1192	False	ANG2	RNASE4	PASS:GF	pPASS	True
bos_taurus	ARS-UCD2.0	SRR31429688	SRR31429688.730471	Genion	ENSBTAG00000046668	ENSBTAG00000019612	10	10	-	-	26412911	26392497	55	observed exon-aligned boundaries; not exon-repaired; not conserved			3	43			98	1329	704946c1-9892-4c57-aee7-6ef65c2503a0	60	36	60	1179	False	ANG2	RNASE4	PASS:GF	pPASS	True
bos_taurus	ARS-UCD2.0	SRR31429688	SRR31429688.736048	Genion	ENSBTAG00000046668	ENSBTAG00000019612	10	10	-	-	26412911	26392497	57	observed exon-aligned boundaries; not exon-repaired; not conserved			2	30			87	1315	b462948c-b2b3-4965-ae7c-ed85a9fdd321	60	28	60	1186	False	ANG2	RNASE4	PASS:GF	pPASS	True
bos_taurus	ARS-UCD2.0	SRR31429688	SRR31429688.736690	Genion	ENSBTAG00000046668	ENSBTAG00000019612	10	10	-	-	26412911	26392497	59	observed exon-aligned boundaries; not exon-repaired; not conserved			0	41			100	1347	438c5925-3718-4371-884e-a3e397509df4	60	39	60	1217	False	ANG2	RNASE4	PASS:GF	pPASS	True
bos_taurus	ARS-UCD2.0	SRR31429688	SRR31429688.740566	Genion	ENSBTAG00000046668	ENSBTAG00000019612	10	10	-	-	26412911	26392497	59	observed exon-aligned boundaries; not exon-repaired; not conserved			1	42			101	1325	5de9c4ea-c429-440a-9d7e-0db10e6325a0	60	41	60	1206	False	ANG2	RNASE4	PASS:GF	pPASS	True
bos_taurus	ARS-UCD2.0	SRR31429688	SRR31429688.742225	Genion	ENSBTAG00000046668	ENSBTAG00000019612	10	10	-	-	26412911	26392497	65	observed exon-aligned boundaries; not exon-repaired; not conserved			5	45			110	1354	d7dbab3f-6ef2-4dbd-b06d-b8ccf4231b1c	60	38	60	1177	False	ANG2	RNASE4	PASS:GF	pPASS	True
bos_taurus	ARS-UCD2.0	SRR31429688	SRR31429688.747515	Genion	ENSBTAG00000046668	ENSBTAG00000019612	10	10	-	-	26412911	26392497	57	observed exon-aligned boundaries; not exon-repaired; not conserved			1	43			100	1325	fca22027-1429-4853-9e7e-088827880cea	60	42	60	1194	False	ANG2	RNASE4	PASS:GF	pPASS	True
bos_taurus	ARS-UCD2.0	SRR31429688	SRR31429688.749384	Genion	ENSBTAG00000046668	ENSBTAG00000019612	10	10	-	-	26412911	26392497	62	observed exon-aligned boundaries; not exon-repaired; not conserved			0	71			133	1361	dfd5e3b1-4f19-42d0-9ad8-a984ade7631c	60	70	60	1202	False	ANG2	RNASE4	PASS:GF	pPASS	True
bos_taurus	ARS-UCD2.0	SRR31429688	SRR31429688.750299	Genion	ENSBTAG00000046668	ENSBTAG00000019612	10	10	-	-	26412911	26392497	94	observed exon-aligned boundaries; not exon-repaired; not conserved			3	40			134	1337	905c71ad-d6b2-4164-8e11-6ac0edde2678	60	37	60	1180	False	ANG2	RNASE4	PASS:GF	pPASS	True
bos_taurus	ARS-UCD2.0	SRR31429688	SRR31429688.750562	Genion	ENSBTAG00000046668	ENSBTAG00000019612	10	10	-	-	26412911	26392497	0	observed exon-aligned boundaries; not exon-repaired; not conserved			4	69			69	1284	a1f1f1ab-776d-44bf-93fd-11d746876aad	60	65	60	1184	False	ANG2	RNASE4	PASS:GF	pPASS	True
bos_taurus	ARS-UCD2.0	SRR31429688	SRR31429688.753488	Genion	ENSBTAG00000046668	ENSBTAG00000019612	10	10	-	-	26412911	26392497	58	observed exon-aligned boundaries; not exon-repaired; not conserved			0	79			137	1367	8b5258e5-c10d-4674-a11d-13eda6cd9b1a	60	75	60	1206	False	ANG2	RNASE4	PASS:GF	pPASS	True
bos_taurus	ARS-UCD2.0	SRR31429688	SRR31429688.754009	Genion	ENSBTAG00000046668	ENSBTAG00000019612	10	10	-	-	26412911	26392497	66	observed exon-aligned boundaries; not exon-repaired; not conserved			1	41			107	1345	98afa4e7-1727-4d70-9cd9-e340cd332350	60	40	60	1214	False	ANG2	RNASE4	PASS:GF	pPASS	True
bos_taurus	ARS-UCD2.0	SRR31429688	SRR31429688.761030	Genion	ENSBTAG00000046668	ENSBTAG00000019612	10	10	-	-	26412911	26392497	62	observed exon-aligned boundaries; not exon-repaired; not conserved			0	42			104	1351	d337b205-d717-4048-90e6-9b6bf70bd344	60	42	60	1202	False	ANG2	RNASE4	PASS:GF	pPASS	True
bos_taurus	ARS-UCD2.0	SRR31429688	SRR31429688.762076	Genion	ENSBTAG00000046668	ENSBTAG00000019612	10	10	-	-	26412911	26392497	59	observed exon-aligned boundaries; not exon-repaired; not conserved			3	41			100	1334	b151b677-b172-47c6-a99f-a1f418fbd469	60	36	60	1204	False	ANG2	RNASE4	PASS:GF	pPASS	True
bos_taurus	ARS-UCD2.0	SRR31429688	SRR31429688.764106	Genion	ENSBTAG00000046668	ENSBTAG00000019612	10	10	-	-	26412911	26392497	59	observed exon-aligned boundaries; not exon-repaired; not conserved			1	52			111	1362	5b10c084-ee65-40c4-932a-ee4572acfb1c	60	42	60	1231	False	ANG2	RNASE4	PASS:GF	pPASS	True
bos_taurus	ARS-UCD2.0	SRR31429688	SRR31429688.766520	Genion	ENSBTAG00000046668	ENSBTAG00000019612	10	10	-	-	26412911	26392497	54	observed exon-aligned boundaries; not exon-repaired; not conserved			7	33			87	1254	623339b2-cb80-4c9f-a604-19fc0c40712f	60	26	60	1110	False	ANG2	RNASE4	PASS:GF	pPASS	True
bos_taurus	ARS-UCD2.0	SRR31429688	SRR31429688.767107	Genion	ENSBTAG00000046668	ENSBTAG00000019612	10	10	-	-	26412911	26392497	58	observed exon-aligned boundaries; not exon-repaired; not conserved			0	42			100	1333	d20159ca-9b4b-4b42-a366-141df1a8df6f	60	41	60	1211	False	ANG2	RNASE4	PASS:GF	pPASS	True
bos_taurus	ARS-UCD2.0	SRR31429688	SRR31429688.767478	Genion	ENSBTAG00000046668	ENSBTAG00000019612	10	10	-	-	26412911	26392497	54	observed exon-aligned boundaries; not exon-repaired; not conserved			5	46			100	1334	98ed5076-05b3-4002-98da-619037563064	60	38	60	1200	False	ANG2	RNASE4	PASS:GF	pPASS	True
bos_taurus	ARS-UCD2.0	SRR31429688	SRR31429688.768539	Genion	ENSBTAG00000046668	ENSBTAG00000019612	10	10	-	-	26412911	26392497	60	observed exon-aligned boundaries; not exon-repaired; not conserved			4	41			101	1344	f3c6455e-d8c1-4999-919e-7ca2666e87e4	60	36	60	1210	False	ANG2	RNASE4	PASS:GF	pPASS	True
bos_taurus	ARS-UCD2.0	SRR31429688	SRR31429688.770287	Genion	ENSBTAG00000046668	ENSBTAG00000019612	10	10	-	-	26412911	26392497	58	observed exon-aligned boundaries; not exon-repaired; not conserved			6	87			145	1325	4836dbc5-4fc8-4481-87cd-0b236f5e7dd3	60	78	60	1159	False	ANG2	RNASE4	PASS:GF	pPASS	True
bos_taurus	ARS-UCD2.0	SRR31429688	SRR31429688.775306	Genion	ENSBTAG00000046668	ENSBTAG00000019612	10	10	-	-	26412911	26392497	55	observed exon-aligned boundaries; not exon-repaired; not conserved			0	45			100	1325	05c93888-8cef-41fe-8286-1fbed4b7d8aa	60	43	60	1199	False	ANG2	RNASE4	PASS:GF	pPASS	True
bos_taurus	ARS-UCD2.0	SRR31429688	SRR31429688.775342	Genion	ENSBTAG00000046668	ENSBTAG00000019612	10	10	-	-	26412911	26392497	60	observed exon-aligned boundaries; not exon-repaired; not conserved			2	39			99	1329	4fed23ec-bcc1-4fef-9d0b-20df75c3a971	60	37	60	1195	False	ANG2	RNASE4	PASS:GF	pPASS	True
bos_taurus	ARS-UCD2.0	SRR31429688	SRR31429688.781175	Genion	ENSBTAG00000046668	ENSBTAG00000019612	10	10	-	-	26412911	26392497	60	observed exon-aligned boundaries; not exon-repaired; not conserved			5	42			102	1309	420caaa5-eb53-49d5-9367-2c41e0a7a8b8	60	37	60	1187	False	ANG2	RNASE4	PASS:GF	pPASS	True
bos_taurus	ARS-UCD2.0	SRR31429688	SRR31429688.783007	Genion	ENSBTAG00000046668	ENSBTAG00000019612	10	10	-	-	26412911	26392497	57	observed exon-aligned boundaries; not exon-repaired; not conserved			4	45			102	1334	30a1b7a3-070c-4da5-b684-e2bd8e934a36	60	38	60	1195	False	ANG2	RNASE4	PASS:GF	pPASS	True
bos_taurus	ARS-UCD2.0	SRR31429688	SRR31429688.783435	Genion	ENSBTAG00000046668	ENSBTAG00000019612	10	10	-	-	26412911	26392497	59	observed exon-aligned boundaries; not exon-repaired; not conserved			0	38			97	1279	a9ab51e5-688c-403e-a126-15ee9a420875	60	38	60	1167	False	ANG2	RNASE4	PASS:GF	pPASS	True
bos_taurus	ARS-UCD2.0	SRR31429688	SRR31429688.786686	Genion	ENSBTAG00000046668	ENSBTAG00000019612	10	10	-	-	26412911	26392497	58	observed exon-aligned boundaries; not exon-repaired; not conserved			4	42			100	1302	afae5857-58ff-46ec-8411-b0204bf1ab8f	60	38	60	1179	False	ANG2	RNASE4	PASS:GF	pPASS	True
bos_taurus	ARS-UCD2.0	SRR31429688	SRR31429688.789208	Genion	ENSBTAG00000046668	ENSBTAG00000019612	10	10	-	-	26412911	26392497	61	observed exon-aligned boundaries; not exon-repaired; not conserved			11	64			125	1353	995c6d27-520f-4433-8a82-aa3712c3dd68	60	52	60	1200	False	ANG2	RNASE4	PASS:GF	pPASS	True
bos_taurus	ARS-UCD2.0	SRR31429688	SRR31429688.792453	Genion	ENSBTAG00000046668	ENSBTAG00000019612	10	10	-	-	26412911	26392497	0	observed exon-aligned boundaries; not exon-repaired; not conserved			2	152			152	1390	dfcda982-3829-4184-aa0b-47ae70461166	60	145	60	1202	True	ANG2	RNASE4	PASS:GF	pPASS	True
bos_taurus	ARS-UCD2.0	SRR31429688	SRR31429688.797009	Genion	ENSBTAG00000046668	ENSBTAG00000019612	10	10	-	-	26412911	26392497	59	observed exon-aligned boundaries; not exon-repaired; not conserved			2	39			98	1337	5025358f-61f8-45c9-955f-010e3eca444e	60	37	60	1211	False	ANG2	RNASE4	PASS:GF	pPASS	True
bos_taurus	ARS-UCD2.0	SRR31429688	SRR31429688.798180	Genion	ENSBTAG00000046668	ENSBTAG00000019612	10	10	-	-	26412911	26392497	56	observed exon-aligned boundaries; not exon-repaired; not conserved			0	42			98	1323	043312be-3828-4873-81fd-5df20de4bffe	60	41	60	1206	False	ANG2	RNASE4	PASS:GF	pPASS	True
bos_taurus	ARS-UCD2.0	SRR31429688	SRR31429688.800721	Genion	ENSBTAG00000046668	ENSBTAG00000019612	10	10	-	-	26412911	26392497	59	observed exon-aligned boundaries; not exon-repaired; not conserved			2	41			100	1309	43c871cd-a8cf-4b56-821c-bec3105c7506	60	39	60	1190	False	ANG2	RNASE4	PASS:GF	pPASS	True
bos_taurus	ARS-UCD2.0	SRR31429688	SRR31429688.803370	Genion	ENSBTAG00000046668	ENSBTAG00000019612	10	10	-	-	26412911	26392497	56	observed exon-aligned boundaries; not exon-repaired; not conserved			0	39			95	1270	e386c45e-b49c-404a-b4f4-b3dcc9eb8482	60	38	60	1117	False	ANG2	RNASE4	PASS:GF	pPASS	True
bos_taurus	ARS-UCD2.0	SRR31429688	SRR31429688.805969	Genion	ENSBTAG00000046668	ENSBTAG00000019612	10	10	-	-	26412911	26392497	59	observed exon-aligned boundaries; not exon-repaired; not conserved			0	43			102	1306	03e234f8-12b9-4b5c-852b-b73d01030bd0	60	42	60	1186	False	ANG2	RNASE4	PASS:GF	pPASS	True
bos_taurus	ARS-UCD2.0	SRR31429688	SRR31429688.806461	Genion	ENSBTAG00000046668	ENSBTAG00000019612	10	10	-	-	26412911	26392497	0	observed exon-aligned boundaries; not exon-repaired; not conserved			3	66			66	1265	9d23f40d-1f6f-4c06-baad-c4dc4b807c6c	60	62	60	1184	False	ANG2	RNASE4	PASS:GF	pPASS	True
bos_taurus	ARS-UCD2.0	SRR31429688	SRR31429688.811311	Genion	ENSBTAG00000046668	ENSBTAG00000019612	10	10	-	-	26412911	26392497	60	observed exon-aligned boundaries; not exon-repaired; not conserved			0	40			100	1332	c8230dd4-eb09-4650-a9dd-5d4acf0f5506	60	40	60	1206	False	ANG2	RNASE4	PASS:GF	pPASS	True
bos_taurus	ARS-UCD2.0	SRR31429688	SRR31429688.812988	Genion	ENSBTAG00000046668	ENSBTAG00000019612	10	10	-	-	26412911	26392497	59	observed exon-aligned boundaries; not exon-repaired; not conserved			4	43			102	1322	e67e14e6-a5de-45f9-9367-1b1f75ee4c55	60	38	60	1187	False	ANG2	RNASE4	PASS:GF	pPASS	True
bos_taurus	ARS-UCD2.0	SRR31429688	SRR31429688.816939	Genion	ENSBTAG00000046668	ENSBTAG00000019612	10	10	-	-	26412911	26392497	58	observed exon-aligned boundaries; not exon-repaired; not conserved			0	40			98	1300	b0ea1300-e1f8-47dd-aa1f-cdb460b1b19f	60	40	60	1186	False	ANG2	RNASE4	PASS:GF	pPASS	True
bos_taurus	ARS-UCD2.0	SRR31429688	SRR31429688.819047	Genion	ENSBTAG00000046668	ENSBTAG00000019612	10	10	-	-	26412911	26392497	61	observed exon-aligned boundaries; not exon-repaired; not conserved			2	41			102	1317	1fdfe4d4-41e7-4853-8048-85c3e091a425	60	39	60	1191	False	ANG2	RNASE4	PASS:GF	pPASS	True
bos_taurus	ARS-UCD2.0	SRR31429688	SRR31429688.820956	Genion	ENSBTAG00000046668	ENSBTAG00000019612	10	10	-	-	26412911	26392497	60	observed exon-aligned boundaries; not exon-repaired; not conserved			1	40			100	1337	d1330ced-5b65-4fc5-a9d5-7bf5430c56c7	60	39	60	1200	False	ANG2	RNASE4	PASS:GF	pPASS	True
bos_taurus	ARS-UCD2.0	SRR31429688	SRR31429688.829605	Genion	ENSBTAG00000046668	ENSBTAG00000019612	10	10	-	-	26412911	26392497	67	observed exon-aligned boundaries; not exon-repaired; not conserved			3	44			111	1336	114f9742-9e67-4708-85c3-518f38fe81a4	60	38	60	1182	False	ANG2	RNASE4	PASS:GF	pPASS	True
bos_taurus	ARS-UCD2.0	SRR31429688	SRR31429688.832622	Genion	ENSBTAG00000046668	ENSBTAG00000019612	10	10	-	-	26412911	26392497	59	observed exon-aligned boundaries; not exon-repaired; not conserved			2	43			102	1337	fafcf080-4ba4-4b8c-b606-331239282e3b	60	38	60	1205	False	ANG2	RNASE4	PASS:GF	pPASS	True
bos_taurus	ARS-UCD2.0	SRR31429688	SRR31429688.832830	Genion	ENSBTAG00000046668	ENSBTAG00000019612	10	10	-	-	26412911	26392497	64	observed exon-aligned boundaries; not exon-repaired; not conserved			11	43			107	1349	9eae0e12-9572-4ed3-a752-5beaaca08090	60	32	60	1220	False	ANG2	RNASE4	PASS:GF	pPASS	True
bos_taurus	ARS-UCD2.0	SRR31429688	SRR31429688.834889	Genion	ENSBTAG00000046668	ENSBTAG00000019612	10	10	-	-	26412911	26392497	62	observed exon-aligned boundaries; not exon-repaired; not conserved			0	38			100	1324	e665cf67-5bc9-4bd3-8530-ecce2510e146	60	36	60	1207	False	ANG2	RNASE4	PASS:GF	pPASS	True
bos_taurus	ARS-UCD2.0	SRR31429688	SRR31429688.839374	Genion	ENSBTAG00000046668	ENSBTAG00000019612	10	10	-	-	26412911	26392497	56	observed exon-aligned boundaries; not exon-repaired; not conserved			2	41			97	1298	57ee1bdb-f170-4ac0-a9ee-a075112fc696	60	37	60	1185	False	ANG2	RNASE4	PASS:GF	pPASS	True
bos_taurus	ARS-UCD2.0	SRR31429688	SRR31429688.840682	Genion	ENSBTAG00000046668	ENSBTAG00000019612	10	10	-	-	26412911	26392497	56	observed exon-aligned boundaries; not exon-repaired; not conserved			0	40			96	1330	314b43f6-2f12-4211-82b6-1b1da1a2f12c	60	40	60	1206	False	ANG2	RNASE4	PASS:GF	pPASS	True
bos_taurus	ARS-UCD2.0	SRR31429688	SRR31429688.841188	Genion	ENSBTAG00000046668	ENSBTAG00000019612	10	10	-	-	26412911	26392497	56	observed exon-aligned boundaries; not exon-repaired; not conserved			3	38			94	1294	e079b9f4-7ac8-4807-8064-0812305d54ed	60	32	60	1165	False	ANG2	RNASE4	PASS:GF	pPASS	True
bos_taurus	ARS-UCD2.0	SRR31429688	SRR31429688.841619	Genion	ENSBTAG00000046668	ENSBTAG00000019612	10	10	-	-	26412911	26392497	61	observed exon-aligned boundaries; not exon-repaired; not conserved			0	38			99	1311	d843e9d7-d011-40fd-ba32-3142f437d80d	60	38	60	1193	False	ANG2	RNASE4	PASS:GF	pPASS	True
bos_taurus	ARS-UCD2.0	SRR31429688	SRR31429688.842055	Genion	ENSBTAG00000046668	ENSBTAG00000019612	10	10	-	-	26412911	26392494	56	observed exon-aligned boundaries; not exon-repaired; not conserved			2	38			94	1303	70ccecd3-37c0-4e5c-b349-5026134a9ad5	60	36	60	1180	False	ANG2	RNASE4	PASS:GF	pPASS	True
bos_taurus	ARS-UCD2.0	SRR31429688	SRR31429688.842291	Genion	ENSBTAG00000046668	ENSBTAG00000019612	10	10	-	-	26412911	26392497	58	observed exon-aligned boundaries; not exon-repaired; not conserved			0	46			104	1343	3626a059-acd2-4ee4-a20f-9e3072e6ad60	60	44	60	1204	False	ANG2	RNASE4	PASS:GF	pPASS	True
bos_taurus	ARS-UCD2.0	SRR31429688	SRR31429688.845603	Genion	ENSBTAG00000046668	ENSBTAG00000019612	10	10	-	-	26412911	26392497	60	observed exon-aligned boundaries; not exon-repaired; not conserved			2	40			100	1344	50c6df44-c31e-48a3-91a7-2e786299d3d3	60	38	60	1217	False	ANG2	RNASE4	PASS:GF	pPASS	True
bos_taurus	ARS-UCD2.0	SRR31429688	SRR31429688.860362	Genion	ENSBTAG00000046668	ENSBTAG00000019612	10	10	-	-	26412911	26392497	57	observed exon-aligned boundaries; not exon-repaired; not conserved			0	42			99	1354	1e647f49-dabb-4adc-bdd8-64b21c9ea0e5	60	41	60	1192	False	ANG2	RNASE4	PASS:GF	pPASS	True
bos_taurus	ARS-UCD2.0	SRR31429688	SRR31429688.861807	Genion	ENSBTAG00000046668	ENSBTAG00000019612	10	10	-	-	26412911	26392497	55	observed exon-aligned boundaries; not exon-repaired; not conserved			0	43			98	1308	32330090-dad0-45a0-97e1-ef3b454be937	60	43	60	1184	False	ANG2	RNASE4	PASS:GF	pPASS	True
bos_taurus	ARS-UCD2.0	SRR31429688	SRR31429688.863189	Genion	ENSBTAG00000046668	ENSBTAG00000019612	10	10	-	-	26412911	26392497	61	observed exon-aligned boundaries; not exon-repaired; not conserved			0	42			103	1351	c319860f-cb2d-4c15-8353-b1228192ec5a	60	41	60	1212	False	ANG2	RNASE4	PASS:GF	pPASS	True
bos_taurus	ARS-UCD2.0	SRR31429688	SRR31429688.866647	Genion	ENSBTAG00000046668	ENSBTAG00000019612	10	10	-	-	26412911	26392497	62	observed exon-aligned boundaries; not exon-repaired; not conserved			1	44			106	1331	f3cff7f2-dfb5-48d7-bcc2-24def6975c32	60	43	60	1195	False	ANG2	RNASE4	PASS:GF	pPASS	True
bos_taurus	ARS-UCD2.0	SRR31429688	SRR31429688.868244	Genion	ENSBTAG00000046668	ENSBTAG00000019612	10	10	-	-	26412911	26392497	60	observed exon-aligned boundaries; not exon-repaired; not conserved			1	44			104	1347	5794da9d-b636-4a62-9875-4e348147a62d	60	41	60	1218	False	ANG2	RNASE4	PASS:GF	pPASS	True
bos_taurus	ARS-UCD2.0	SRR31429688	SRR31429688.868802	Genion	ENSBTAG00000046668	ENSBTAG00000019612	10	10	-	-	26412911	26392497	58	observed exon-aligned boundaries; not exon-repaired; not conserved			0	47			105	1366	d97f6890-13e4-41fe-8689-d190166f01f9	60	44	60	1224	False	ANG2	RNASE4	PASS:GF	pPASS	True
bos_taurus	ARS-UCD2.0	SRR31429688	SRR31429688.869611	Genion	ENSBTAG00000046668	ENSBTAG00000019612	10	10	-	-	26412911	26392497	60	observed exon-aligned boundaries; not exon-repaired; not conserved			2	40			100	1338	d189f6d9-0ea4-4ce0-ba18-2b81ddfac58c	60	38	60	1205	False	ANG2	RNASE4	PASS:GF	pPASS	True
bos_taurus	ARS-UCD2.0	SRR31429688	SRR31429688.875785	Genion	ENSBTAG00000046668	ENSBTAG00000019612	10	10	-	-	26412911	26392497	60	observed exon-aligned boundaries; not exon-repaired; not conserved			4	42			102	1301	186ee184-6e7b-43c7-9a8f-0641027badee	60	38	60	1168	False	ANG2	RNASE4	PASS:GF	pPASS	True
bos_taurus	ARS-UCD2.0	SRR31429688	SRR31429688.876367	Genion	ENSBTAG00000046668	ENSBTAG00000019612	10	10	-	-	26412913	26392497	57	observed exon-aligned boundaries; not exon-repaired; not conserved			3	38			95	1294	e5340e84-562a-436f-aa6d-d858dccd4c99	60	35	60	1154	False	ANG2	RNASE4	PASS:GF	pPASS	True
bos_taurus	ARS-UCD2.0	SRR31429688	SRR31429688.878946	Genion	ENSBTAG00000046668	ENSBTAG00000019612	10	10	-	-	26412911	26392497	58	observed exon-aligned boundaries; not exon-repaired; not conserved			0	43			101	1310	ed8d9922-fccf-415a-bb08-d7c335195100	60	42	60	1185	False	ANG2	RNASE4	PASS:GF	pPASS	True
bos_taurus	ARS-UCD2.0	SRR31429688	SRR31429688.879971	Genion	ENSBTAG00000046668	ENSBTAG00000019612	10	10	-	-	26412911	26392497	60	observed exon-aligned boundaries; not exon-repaired; not conserved			1	44			104	1324	59457010-fdf6-4f48-b264-f6299cb84525	60	42	60	1193	False	ANG2	RNASE4	PASS:GF	pPASS	True
bos_taurus	ARS-UCD2.0	SRR31429688	SRR31429688.882151	Genion	ENSBTAG00000046668	ENSBTAG00000019612	10	10	-	-	26412911	26392497	63	observed exon-aligned boundaries; not exon-repaired; not conserved			0	41			104	1321	cff4c8dd-fec5-4c5b-b14a-eb045e3aa76f	60	41	60	1193	False	ANG2	RNASE4	PASS:GF	pPASS	True
bos_taurus	ARS-UCD2.0	SRR31429688	SRR31429688.888030	Genion	ENSBTAG00000046668	ENSBTAG00000019612	10	10	-	-	26412911	26392497	64	observed exon-aligned boundaries; not exon-repaired; not conserved			31	39			103	1319	e6718a09-ab38-41b2-ac96-4585ebee66f9	60	8	60	1138	False	ANG2	RNASE4	PASS:GF	pPASS	True
bos_taurus	ARS-UCD2.0	SRR31429688	SRR31429688.888520	Genion	ENSBTAG00000046668	ENSBTAG00000019612	10	10	-	-	26412911	26392497	56	observed exon-aligned boundaries; not exon-repaired; not conserved			2	41			97	1337	9cdefdcb-4b43-486a-a756-2f9aed5e7af6	60	38	60	1198	False	ANG2	RNASE4	PASS:GF	pPASS	True
bos_taurus	ARS-UCD2.0	SRR31429688	SRR31429688.890013	Genion	ENSBTAG00000046668	ENSBTAG00000019612	10	10	-	-	26412911	26392497	60	observed exon-aligned boundaries; not exon-repaired; not conserved			0	39			99	1319	72e63747-ea06-4321-90d4-435dd9de11f8	60	39	60	1197	False	ANG2	RNASE4	PASS:GF	pPASS	True
bos_taurus	ARS-UCD2.0	SRR31429688	SRR31429688.893898	Genion	ENSBTAG00000046668	ENSBTAG00000019612	10	10	-	-	26412911	26392497	55	observed exon-aligned boundaries; not exon-repaired; not conserved			5	46			101	1329	fbc5f032-d2a2-4661-8a7d-f4efb5c81b1d	60	38	60	1201	False	ANG2	RNASE4	PASS:GF	pPASS	True
bos_taurus	ARS-UCD2.0	SRR31429688	SRR31429688.899739	Genion	ENSBTAG00000046668	ENSBTAG00000019612	10	10	-	-	26412911	26392497	68	observed exon-aligned boundaries; not exon-repaired; not conserved			10	38			106	1340	aea4761c-6beb-49c3-9a96-00dae0cfa78c	60	28	60	1171	False	ANG2	RNASE4	PASS:GF	pPASS	True
bos_taurus	ARS-UCD2.0	SRR31429688	SRR31429688.900220	Genion	ENSBTAG00000046668	ENSBTAG00000019612	10	10	-	-	26412911	26392497	56	observed exon-aligned boundaries; not exon-repaired; not conserved			4	318			374	1591	bdd89d68-ebe0-40dc-8048-3049b7450d3f	60	307	60	1182	True	ANG2	RNASE4	PASS:GF	pPASS	True
bos_taurus	ARS-UCD2.0	SRR31429688	SRR31429688.908268	Genion	ENSBTAG00000046668	ENSBTAG00000019612	10	10	-	-	26412911	26392497	56	observed exon-aligned boundaries; not exon-repaired; not conserved			2	36			92	1304	2103ea3f-4bbf-4538-9e38-d43d99d6ffcb	60	34	60	1184	False	ANG2	RNASE4	PASS:GF	pPASS	True
bos_taurus	ARS-UCD2.0	SRR31429688	SRR31429688.908536	Genion	ENSBTAG00000046668	ENSBTAG00000019612	10	10	-	-	26412911	26392497	59	observed exon-aligned boundaries; not exon-repaired; not conserved			6	42			101	1316	f3ab944b-56a4-483b-a985-a1df2cec3301	60	36	60	1187	False	ANG2	RNASE4	PASS:GF	pPASS	True
bos_taurus	ARS-UCD2.0	SRR31429688	SRR31429688.909492	Genion	ENSBTAG00000046668	ENSBTAG00000019612	10	10	-	-	26412911	26392497	61	observed exon-aligned boundaries; not exon-repaired; not conserved			2	43			104	1325	672b3e09-5d86-40a8-8ae7-c355192dcdd6	60	39	60	1200	False	ANG2	RNASE4	PASS:GF	pPASS	True
bos_taurus	ARS-UCD2.0	SRR31429688	SRR31429688.910197	Genion	ENSBTAG00000046668	ENSBTAG00000019612	10	10	-	-	26412911	26392497	60	observed exon-aligned boundaries; not exon-repaired; not conserved			4	44			104	1341	6a8d076a-e1ac-4385-b3f8-060b3ba149ad	60	38	60	1206	False	ANG2	RNASE4	PASS:GF	pPASS	True
bos_taurus	ARS-UCD2.0	SRR31429688	SRR31429688.910795	Genion	ENSBTAG00000046668	ENSBTAG00000019612	10	10	-	-	26412911	26392497	56	observed exon-aligned boundaries; not exon-repaired; not conserved			3	43			99	1338	0d31b9ab-7c7a-4962-8ee1-bf85aeff86bf	60	38	60	1211	False	ANG2	RNASE4	PASS:GF	pPASS	True
bos_taurus	ARS-UCD2.0	SRR31429688	SRR31429688.933749	Genion	ENSBTAG00000046668	ENSBTAG00000019612	10	10	-	-	26412911	26392491	61	observed exon-aligned boundaries; not exon-repaired; not conserved			6	45			106	1259	a3e7cce2-b2c1-4dad-90de-59b70124bf42	60	37	60	1119	False	ANG2	RNASE4	PASS:GF	pPASS	True
bos_taurus	ARS-UCD2.0	SRR31429688	SRR31429688.948053	Genion	ENSBTAG00000046668	ENSBTAG00000019612	10	10	-	-	26412911	26392497	54	observed exon-aligned boundaries; not exon-repaired; not conserved			3	43			97	1318	b88a471b-b0e0-49df-ad4b-6abf5a146b48	60	38	60	1197	False	ANG2	RNASE4	PASS:GF	pPASS	True
bos_taurus	ARS-UCD2.0	SRR31429688	SRR31429688.949293	Genion	ENSBTAG00000046668	ENSBTAG00000019612	10	10	-	-	26412911	26392497	62	observed exon-aligned boundaries; not exon-repaired; not conserved			3	40			102	1303	a12d756a-304a-4a88-99c1-fc56b0cc598a	60	37	60	1171	False	ANG2	RNASE4	PASS:GF	pPASS	True
bos_taurus	ARS-UCD2.0	SRR31429688	SRR31429688.952193	Genion	ENSBTAG00000046668	ENSBTAG00000019612	10	10	-	-	26412911	26392497	51	observed exon-aligned boundaries; not exon-repaired; not conserved			0	42			93	1324	3016275e-56ff-45c0-b57b-4a9408d88a8b	60	42	60	1204	False	ANG2	RNASE4	PASS:GF	pPASS	True
bos_taurus	ARS-UCD2.0	SRR31429688	SRR31429688.958570	Genion	ENSBTAG00000046668	ENSBTAG00000019612	10	10	-	-	26412911	26392497	55	observed exon-aligned boundaries; not exon-repaired; not conserved			2	42			97	1326	737e5c1f-fd55-4493-bc3e-9349bed42ef7	60	38	60	1214	False	ANG2	RNASE4	PASS:GF	pPASS	True
bos_taurus	ARS-UCD2.0	SRR31429688	SRR31429688.963749	Genion	ENSBTAG00000046668	ENSBTAG00000019612	10	10	-	-	26412911	26392497	61	observed exon-aligned boundaries; not exon-repaired; not conserved			3	95			156	1374	29b822c9-813e-46d9-96ea-83e90c168793	60	90	60	1202	False	ANG2	RNASE4	PASS:GF	pPASS	True
bos_taurus	ARS-UCD2.0	SRR31429688	SRR31429688.967244	Genion	ENSBTAG00000046668	ENSBTAG00000019612	10	10	-	-	26412911	26392497	58	observed exon-aligned boundaries; not exon-repaired; not conserved			5	43			101	1318	d784afe8-e29b-4063-b278-90958ea9de33	60	35	60	1184	False	ANG2	RNASE4	PASS:GF	pPASS	True
bos_taurus	ARS-UCD2.0	SRR31429688	SRR31429688.970112	Genion	ENSBTAG00000046668	ENSBTAG00000019612	10	10	-	-	26412911	26392497	58	observed exon-aligned boundaries; not exon-repaired; not conserved			0	42			100	1334	91294955-1ab5-456a-8c0d-d037b3291767	60	42	60	1203	False	ANG2	RNASE4	PASS:GF	pPASS	True
bos_taurus	ARS-UCD2.0	SRR31429688	SRR31429688.970414	Genion	ENSBTAG00000046668	ENSBTAG00000019612	10	10	-	-	26412911	26392497	57	observed exon-aligned boundaries; not exon-repaired; not conserved			11	39			96	1319	83d62dd9-0fc9-4add-82e7-8421a3c30a79	60	27	60	1173	False	ANG2	RNASE4	PASS:GF	pPASS	True
bos_taurus	ARS-UCD2.0	SRR31429688	SRR31429688.970843	Genion	ENSBTAG00000046668	ENSBTAG00000019612	10	10	-	-	26412911	26392497	63	observed exon-aligned boundaries; not exon-repaired; not conserved			2	43			106	1337	6f12255b-ad66-47bd-9565-95c7ebba4c73	60	39	60	1189	False	ANG2	RNASE4	PASS:GF	pPASS	True
bos_taurus	ARS-UCD2.0	SRR31429688	SRR31429688.979450	Genion	ENSBTAG00000046668	ENSBTAG00000019612	10	10	-	-	26412911	26392497	66	observed exon-aligned boundaries; not exon-repaired; not conserved			0	43			109	1333	8e3d411b-9bf1-4967-92e1-5cc9bfc84997	60	39	60	1188	False	ANG2	RNASE4	PASS:GF	pPASS	True
bos_taurus	ARS-UCD2.0	SRR31429688	SRR31429688.981207	Genion	ENSBTAG00000046668	ENSBTAG00000019612	10	10	-	-	26412911	26392497	65	observed exon-aligned boundaries; not exon-repaired; not conserved			0	41			106	1326	6fd513e0-10f7-4740-b820-ba7fefee69db	60	41	60	1199	False	ANG2	RNASE4	PASS:GF	pPASS	True
bos_taurus	ARS-UCD2.0	SRR31429688	SRR31429688.984216	Genion	ENSBTAG00000046668	ENSBTAG00000019612	10	10	-	-	26412911	26392497	59	observed exon-aligned boundaries; not exon-repaired; not conserved			2	42			101	1331	bb815ca2-b7b1-4a4e-8ef6-d76a97499f89	60	40	60	1189	False	ANG2	RNASE4	PASS:GF	pPASS	True
bos_taurus	ARS-UCD2.0	SRR31429688	SRR31429688.992413	Genion	ENSBTAG00000046668	ENSBTAG00000019612	10	10	-	-	26412911	26392497	59	observed exon-aligned boundaries; not exon-repaired; not conserved			3	41			100	1276	257042bc-bad2-4c27-8825-53d11a5b8856	60	38	60	1150	False	ANG2	RNASE4	PASS:GF	pPASS	True
bos_taurus	ARS-UCD2.0	SRR31429688	SRR31429688.993018	Genion	ENSBTAG00000046668	ENSBTAG00000019612	10	10	-	-	26412911	26392497	60	observed exon-aligned boundaries; not exon-repaired; not conserved			0	43			103	1343	fd9fe7bd-eb91-4d6e-a03a-5129988ec2ee	60	42	60	1216	False	ANG2	RNASE4	PASS:GF	pPASS	True
bos_taurus	ARS-UCD2.0	SRR31429688	SRR31429688.994021	Genion	ENSBTAG00000046668	ENSBTAG00000019612	10	10	-	-	26412911	26392497	64	observed exon-aligned boundaries; not exon-repaired; not conserved			0	42			106	1337	f3bde047-c3e0-4a6b-b74b-4d68afadba5d	60	41	60	1207	False	ANG2	RNASE4	PASS:GF	pPASS	True
bos_taurus	ARS-UCD2.0	SRR31429688	SRR31429688.996949	Genion	ENSBTAG00000046668	ENSBTAG00000019612	10	10	-	-	26412911	26392497	60	observed exon-aligned boundaries; not exon-repaired; not conserved			0	38			98	1319	57240286-dbda-4141-abde-eca1c7559cfa	60	38	60	1190	False	ANG2	RNASE4	PASS:GF	pPASS	True
bos_taurus	ARS-UCD2.0	SRR31429688	SRR31429688.997029	Genion	ENSBTAG00000046668	ENSBTAG00000019612	10	10	-	-	26412911	26392497	58	observed exon-aligned boundaries; not exon-repaired; not conserved			2	42			100	1304	d27c6142-9c86-4f38-b30b-49fe98c56643	60	40	60	1183	False	ANG2	RNASE4	PASS:GF	pPASS	True
bos_taurus	ARS-UCD2.0	SRR31429688	SRR31429688.997899	Genion	ENSBTAG00000046668	ENSBTAG00000019612	10	10	-	-	26412911	26392497	59	observed exon-aligned boundaries; not exon-repaired; not conserved			0	69			128	1349	8a614a50-ba8c-40b7-bdd6-822e22618c39	60	67	60	1183	False	ANG2	RNASE4	PASS:GF	pPASS	True
bos_taurus	ARS-UCD2.0	SRR31429688	SRR31429688.999281	Genion	ENSBTAG00000046668	ENSBTAG00000019612	10	10	-	-	26412911	26392497	59	observed exon-aligned boundaries; not exon-repaired; not conserved			0	40			99	1334	e3acd3ad-7e45-4966-a3d1-8eb04f9184c7	60	40	60	1197	False	ANG2	RNASE4	PASS:GF	pPASS	True
bos_taurus	ARS-UCD2.0	SRR31429688	SRR31429688.1002537	Genion	ENSBTAG00000046668	ENSBTAG00000019612	10	10	-	-	26412911	26392497	60	observed exon-aligned boundaries; not exon-repaired; not conserved			0	47			107	747	48a7e77e-38a9-4403-9e51-4251caf2e777	60	47	60	622	False	ANG2	RNASE4	PASS:GF	pPASS	True
bos_taurus	ARS-UCD2.0	SRR31429688	SRR31429688.1012707	Genion	ENSBTAG00000046668	ENSBTAG00000019612	10	10	-	-	26412911	26392497	62	observed exon-aligned boundaries; not exon-repaired; not conserved			3	45			107	1298	c2b6bcff-649e-4db5-b916-5db3f3d5f1d6	60	39	60	1165	False	ANG2	RNASE4	PASS:GF	pPASS	True
bos_taurus	ARS-UCD2.0	SRR31429688	SRR31429688.1014145	Genion	ENSBTAG00000046668	ENSBTAG00000019612	10	10	-	-	26412911	26392497	0	observed exon-aligned boundaries; not exon-repaired; not conserved			0	71			71	1312	97fb3a66-271e-4fc2-9ec6-1deaaacd9ef4	60	70	60	1202	False	ANG2	RNASE4	PASS:GF	pPASS	True
bos_taurus	ARS-UCD2.0	SRR31429688	SRR31429688.1014358	Genion	ENSBTAG00000046668	ENSBTAG00000019612	10	10	-	-	26412911	26392497	57	observed exon-aligned boundaries; not exon-repaired; not conserved			0	63			120	1322	c990d2e8-4994-49bf-ad6d-d737af0def40	60	62	60	1189	False	ANG2	RNASE4	PASS:GF	pPASS	True
bos_taurus	ARS-UCD2.0	SRR31429688	SRR31429688.1015789	Genion	ENSBTAG00000046668	ENSBTAG00000019612	10	10	-	-	26412912	26392497	51	observed exon-aligned boundaries; not exon-repaired; not conserved			1	39			90	1309	2700d398-d968-47c6-8f8b-928f4916f566	60	38	60	1189	False	ANG2	RNASE4	PASS:GF	pPASS	True
bos_taurus	ARS-UCD2.0	SRR31429688	SRR31429688.1022267	Genion	ENSBTAG00000046668	ENSBTAG00000019612	10	10	-	-	26412911	26392497	54	observed exon-aligned boundaries; not exon-repaired; not conserved			0	72			126	1348	9298d067-2a52-48a5-87df-0333be65dc6c	60	72	60	1195	False	ANG2	RNASE4	PASS:GF	pPASS	True
bos_taurus	ARS-UCD2.0	SRR31429688	SRR31429688.1023521	Genion	ENSBTAG00000046668	ENSBTAG00000019612	10	10	-	-	26412911	26392497	61	observed exon-aligned boundaries; not exon-repaired; not conserved			5	48			109	1348	a6429d6c-911c-4bcf-85e3-adf256a3d3fd	60	39	60	1190	False	ANG2	RNASE4	PASS:GF	pPASS	True
bos_taurus	ARS-UCD2.0	SRR31429688	SRR31429688.1025492	Genion	ENSBTAG00000046668	ENSBTAG00000019612	10	10	-	-	26412911	26392497	61	observed exon-aligned boundaries; not exon-repaired; not conserved			0	44			105	1303	b922ff7d-fe23-4070-a9e2-7a311efccb0a	60	44	60	1184	False	ANG2	RNASE4	PASS:GF	pPASS	True
bos_taurus	ARS-UCD2.0	SRR31429688	SRR31429688.1027123	Genion	ENSBTAG00000046668	ENSBTAG00000019612	10	10	-	-	26412911	26392496	56	observed exon-aligned boundaries; not exon-repaired; not conserved			0	44			100	885	21f7337f-696d-4ac5-aeff-b672ad1f57fb	60	43	60	755	False	ANG2	RNASE4	PASS:GF	pPASS	True
bos_taurus	ARS-UCD2.0	SRR31429688	SRR31429688.1028798	Genion	ENSBTAG00000046668	ENSBTAG00000019612	10	10	-	-	26412911	26392497	67	observed exon-aligned boundaries; not exon-repaired; not conserved			2	40			107	1327	41740b4a-e131-4643-9679-a75d5a626480	60	38	60	1200	False	ANG2	RNASE4	PASS:GF	pPASS	True
bos_taurus	ARS-UCD2.0	SRR31429688	SRR31429688.1029103	Genion	ENSBTAG00000046668	ENSBTAG00000019612	10	10	-	-	26412911	26392497	62	observed exon-aligned boundaries; not exon-repaired; not conserved			4	42			104	1331	87a39bf6-31a1-4921-8eb3-a132edbcfd69	60	38	60	1188	False	ANG2	RNASE4	PASS:GF	pPASS	True
bos_taurus	ARS-UCD2.0	SRR31429688	SRR31429688.1030657	Genion	ENSBTAG00000046668	ENSBTAG00000019612	10	10	-	-	26412911	26392497	59	observed exon-aligned boundaries; not exon-repaired; not conserved			3	41			100	1324	e65db5f9-9e0a-4949-a37c-cf92c14f07d6	60	38	60	1204	False	ANG2	RNASE4	PASS:GF	pPASS	True
bos_taurus	ARS-UCD2.0	SRR31429688	SRR31429688.1033199	Genion	ENSBTAG00000046668	ENSBTAG00000019612	10	10	-	-	26412911	26392497	58	observed exon-aligned boundaries; not exon-repaired; not conserved			0	38			96	1314	92702d6e-45c0-4fc5-a6e3-ef40d5d3d3d0	60	38	60	1175	False	ANG2	RNASE4	PASS:GF	pPASS	True
bos_taurus	ARS-UCD2.0	SRR31429688	SRR31429688.1033866	Genion	ENSBTAG00000046668	ENSBTAG00000019612	10	10	-	-	26412911	26392497	56	observed exon-aligned boundaries; not exon-repaired; not conserved			0	39			95	1316	21a2445e-6f68-4325-bacd-a615440a9e75	60	39	60	1194	False	ANG2	RNASE4	PASS:GF	pPASS	True
bos_taurus	ARS-UCD2.0	SRR31429688	SRR31429688.1034303	Genion	ENSBTAG00000046668	ENSBTAG00000019612	10	10	-	-	26412911	26392497	57	observed exon-aligned boundaries; not exon-repaired; not conserved			0	43			100	1325	09003de7-656b-4531-8230-30f6e0448399	60	43	60	1200	False	ANG2	RNASE4	PASS:GF	pPASS	True
bos_taurus	ARS-UCD2.0	SRR31429688	SRR31429688.1034538	Genion	ENSBTAG00000046668	ENSBTAG00000019612	10	10	-	-	26412911	26392497	60	observed exon-aligned boundaries; not exon-repaired; not conserved			0	40			100	1337	b24de2f0-0cba-4b07-84c3-ec20c847f7a7	60	39	60	1201	False	ANG2	RNASE4	PASS:GF	pPASS	True
bos_taurus	ARS-UCD2.0	SRR31429688	SRR31429688.1039049	Genion	ENSBTAG00000046668	ENSBTAG00000019612	10	10	-	-	26412911	26392497	60	observed exon-aligned boundaries; not exon-repaired; not conserved			4	48			108	1348	7a3bcac2-a577-4b40-97db-819754555c71	60	42	60	1210	False	ANG2	RNASE4	PASS:GF	pPASS	True
bos_taurus	ARS-UCD2.0	SRR31429688	SRR31429688.1042004	Genion	ENSBTAG00000046668	ENSBTAG00000019612	10	10	-	-	26412911	26392497	60	observed exon-aligned boundaries; not exon-repaired; not conserved			4	44			104	1292	eb35fa50-5b41-4f64-a344-5bd78ac1aca2	60	39	60	1156	False	ANG2	RNASE4	PASS:GF	pPASS	True
bos_taurus	ARS-UCD2.0	SRR31429688	SRR31429688.1043764	Genion	ENSBTAG00000046668	ENSBTAG00000019612	10	10	-	-	26412911	26392497	59	observed exon-aligned boundaries; not exon-repaired; not conserved			0	43			102	1316	2272e058-c523-4915-b579-177548f32559	60	42	60	1181	False	ANG2	RNASE4	PASS:GF	pPASS	True
bos_taurus	ARS-UCD2.0	SRR31429688	SRR31429688.1044675	Genion	ENSBTAG00000046668	ENSBTAG00000019612	10	10	-	-	26412911	26392497	59	observed exon-aligned boundaries; not exon-repaired; not conserved			0	37			96	1303	0129027e-8398-4b08-9a14-050883fadbb4	60	37	60	1192	False	ANG2	RNASE4	PASS:GF	pPASS	True
bos_taurus	ARS-UCD2.0	SRR31429688	SRR31429688.1044841	Genion	ENSBTAG00000046668	ENSBTAG00000019612	10	10	-	-	26412911	26392497	58	observed exon-aligned boundaries; not exon-repaired; not conserved			0	68			126	1350	068947b1-3e8d-4192-b54e-2ad11ce76022	60	68	60	1201	False	ANG2	RNASE4	PASS:GF	pPASS	True
bos_taurus	ARS-UCD2.0	SRR31429688	SRR31429688.1045077	Genion	ENSBTAG00000046668	ENSBTAG00000019612	10	10	-	-	26412911	26392497	60	observed exon-aligned boundaries; not exon-repaired; not conserved			2	43			103	1303	7d1d5949-624f-4eca-9024-ac5fa110d6fa	60	41	60	1187	False	ANG2	RNASE4	PASS:GF	pPASS	True
bos_taurus	ARS-UCD2.0	SRR31429688	SRR31429688.1046622	Genion	ENSBTAG00000046668	ENSBTAG00000019612	10	10	-	-	26412911	26392497	60	observed exon-aligned boundaries; not exon-repaired; not conserved			7	46			106	1302	d945e285-ff2e-48c6-9911-57fe192fef89	60	38	60	1178	False	ANG2	RNASE4	PASS:GF	pPASS	True
bos_taurus	ARS-UCD2.0	SRR31429688	SRR31429688.1047210	Genion	ENSBTAG00000046668	ENSBTAG00000019612	10	10	-	-	26412911	26392497	60	observed exon-aligned boundaries; not exon-repaired; not conserved			3	42			102	832	b0e63423-5623-4ae2-8a85-8035d17b32d2	60	37	60	714	False	ANG2	RNASE4	PASS:GF	pPASS	True
bos_taurus	ARS-UCD2.0	SRR31429688	SRR31429688.1048009	Genion	ENSBTAG00000046668	ENSBTAG00000019612	10	10	-	-	26412911	26392492	60	observed exon-aligned boundaries; not exon-repaired; not conserved			1	300			360	1549	b018f269-88e2-4c05-beab-04bb02446d09	60	290	60	1171	True	ANG2	RNASE4	PASS:GF	pPASS	True
bos_taurus	ARS-UCD2.0	SRR31429688	SRR31429688.1053026	Genion	ENSBTAG00000046668	ENSBTAG00000019612	10	10	-	-	26412911	26392497	56	observed exon-aligned boundaries; not exon-repaired; not conserved			0	42			98	1326	2f4de18c-73ec-45cf-b2be-383346ee734a	60	42	60	1213	False	ANG2	RNASE4	PASS:GF	pPASS	True
bos_taurus	ARS-UCD2.0	SRR31429688	SRR31429688.1053317	Genion	ENSBTAG00000046668	ENSBTAG00000019612	10	10	-	-	26412911	26392497	58	observed exon-aligned boundaries; not exon-repaired; not conserved			0	39			97	1326	90a4db86-52a5-436b-983e-0676d8bd1aee	60	39	60	1204	False	ANG2	RNASE4	PASS:GF	pPASS	True
bos_taurus	ARS-UCD2.0	SRR31429688	SRR31429688.1055882	Genion	ENSBTAG00000046668	ENSBTAG00000019612	10	10	-	-	26412911	26392497	60	observed exon-aligned boundaries; not exon-repaired; not conserved			0	39			99	1330	ee846d37-e3d5-44f4-a8c3-f0d7efc4ff74	60	39	60	1214	False	ANG2	RNASE4	PASS:GF	pPASS	True
bos_taurus	ARS-UCD2.0	SRR31429688	SRR31429688.1056920	Genion	ENSBTAG00000046668	ENSBTAG00000019612	10	10	-	-	26412911	26392497	66	observed exon-aligned boundaries; not exon-repaired; not conserved			0	70			136	1376	a3efc9b7-3de2-4d71-82de-e04f0b33b3bd	60	70	60	1218	False	ANG2	RNASE4	PASS:GF	pPASS	True
bos_taurus	ARS-UCD2.0	SRR31429688	SRR31429688.1057046	Genion	ENSBTAG00000046668	ENSBTAG00000019612	10	10	-	-	26412911	26392497	54	observed exon-aligned boundaries; not exon-repaired; not conserved			14	36			90	1298	b38636d9-2e23-4e03-bb82-a9dc13b1bcd1	60	22	60	1183	False	ANG2	RNASE4	PASS:GF	pPASS	True
bos_taurus	ARS-UCD2.0	SRR31429688	SRR31429688.1058526	Genion	ENSBTAG00000046668	ENSBTAG00000019612	10	10	-	-	26412911	26392497	59	observed exon-aligned boundaries; not exon-repaired; not conserved			0	40			99	1303	4439d492-00ed-4169-aba1-b0bd67226bbe	60	40	60	1185	False	ANG2	RNASE4	PASS:GF	pPASS	True
bos_taurus	ARS-UCD2.0	SRR31429688	SRR31429688.1058736	Genion	ENSBTAG00000046668	ENSBTAG00000019612	10	10	-	-	26412911	26392497	60	observed exon-aligned boundaries; not exon-repaired; not conserved			0	38			98	1323	dc75f186-1016-4acd-90a3-86c149a1a729	60	38	60	1193	False	ANG2	RNASE4	PASS:GF	pPASS	True
bos_taurus	ARS-UCD2.0	SRR31429688	SRR31429688.1058805	Genion	ENSBTAG00000046668	ENSBTAG00000019612	10	10	-	-	26412912	26392497	55	observed exon-aligned boundaries; not exon-repaired; not conserved			1	40			95	1250	3c3a080c-b5d7-4e88-9317-16fb761f3dcc	60	37	60	1061	False	ANG2	RNASE4	PASS:GF	pPASS	True
bos_taurus	ARS-UCD2.0	SRR31429688	SRR31429688.1058810	Genion	ENSBTAG00000046668	ENSBTAG00000019612	10	10	-	-	26412911	26392497	62	observed exon-aligned boundaries; not exon-repaired; not conserved			0	46			108	1327	c3e3515c-fa8c-422e-a11e-e806af1800e9	60	44	60	1192	False	ANG2	RNASE4	PASS:GF	pPASS	True
bos_taurus	ARS-UCD2.0	SRR31429688	SRR31429688.1061897	Genion	ENSBTAG00000046668	ENSBTAG00000019612	10	10	-	-	26412911	26392497	59	observed exon-aligned boundaries; not exon-repaired; not conserved			3	40			99	1323	4e5b8823-c92e-4d3b-878b-58baad9f1fc5	60	37	60	1198	False	ANG2	RNASE4	PASS:GF	pPASS	True
bos_taurus	ARS-UCD2.0	SRR31429688	SRR31429688.1062498	Genion	ENSBTAG00000046668	ENSBTAG00000019612	10	10	-	-	26412911	26392497	57	observed exon-aligned boundaries; not exon-repaired; not conserved			1	39			96	1306	b791f0c8-cf1d-4e92-a704-6a94ccd5e270	60	38	60	1193	False	ANG2	RNASE4	PASS:GF	pPASS	True
bos_taurus	ARS-UCD2.0	SRR31429688	SRR31429688.1067116	Genion	ENSBTAG00000046668	ENSBTAG00000019612	10	10	-	-	26412911	26392497	58	observed exon-aligned boundaries; not exon-repaired; not conserved			0	71			129	1324	93cabc16-ef35-41e6-ad30-dd8767436b6e	60	69	60	1168	False	ANG2	RNASE4	PASS:GF	pPASS	True
bos_taurus	ARS-UCD2.0	SRR31429688	SRR31429688.1068618	Genion	ENSBTAG00000046668	ENSBTAG00000019612	10	10	-	-	26412911	26392497	64	observed exon-aligned boundaries; not exon-repaired; not conserved			0	42			106	1340	9d554b08-8225-4d3a-a9a7-a6cb8603f293	60	42	60	1204	False	ANG2	RNASE4	PASS:GF	pPASS	True
bos_taurus	ARS-UCD2.0	SRR31429688	SRR31429688.1071459	Genion	ENSBTAG00000046668	ENSBTAG00000019612	10	10	-	-	26412911	26392497	56	observed exon-aligned boundaries; not exon-repaired; not conserved			1	40			96	1333	182dca43-2771-4506-93f7-5d00dcfab045	60	39	60	1218	False	ANG2	RNASE4	PASS:GF	pPASS	True
bos_taurus	ARS-UCD2.0	SRR31429688	SRR31429688.1073517	Genion	ENSBTAG00000046668	ENSBTAG00000019612	10	10	-	-	26412911	26392497	58	observed exon-aligned boundaries; not exon-repaired; not conserved			3	40			98	1324	d07e4374-0b20-4aab-9e47-b828be891b0c	60	37	60	1202	False	ANG2	RNASE4	PASS:GF	pPASS	True
bos_taurus	ARS-UCD2.0	SRR31429688	SRR31429688.1073860	Genion	ENSBTAG00000046668	ENSBTAG00000019612	10	10	-	-	26412911	26392497	60	observed exon-aligned boundaries; not exon-repaired; not conserved			0	39			99	1329	8c69fbf0-6609-496d-8797-1d8ef50ec031	60	38	60	1205	False	ANG2	RNASE4	PASS:GF	pPASS	True
bos_taurus	ARS-UCD2.0	SRR31429688	SRR31429688.1074240	Genion	ENSBTAG00000046668	ENSBTAG00000019612	10	10	-	-	26412911	26392497	56	observed exon-aligned boundaries; not exon-repaired; not conserved			0	39			95	1305	588e2827-afcb-4d87-a352-fe1af547d16d	60	39	60	1184	False	ANG2	RNASE4	PASS:GF	pPASS	True
bos_taurus	ARS-UCD2.0	SRR31429688	SRR31429688.1075092	Genion	ENSBTAG00000046668	ENSBTAG00000019612	10	10	-	-	26412911	26392497	59	observed exon-aligned boundaries; not exon-repaired; not conserved			0	41			100	1334	8c14e5a7-3d94-4e1f-baa9-926448216387	60	40	60	1206	False	ANG2	RNASE4	PASS:GF	pPASS	True
bos_taurus	ARS-UCD2.0	SRR31429688	SRR31429688.1077158	Genion	ENSBTAG00000046668	ENSBTAG00000019612	10	10	-	-	26412911	26392497	56	observed exon-aligned boundaries; not exon-repaired; not conserved			4	41			97	1345	394f66b3-fe03-499b-9e52-28d906fa07fa	60	37	60	1200	False	ANG2	RNASE4	PASS:GF	pPASS	True
bos_taurus	ARS-UCD2.0	SRR31429688	SRR31429688.1077420	Genion	ENSBTAG00000046668	ENSBTAG00000019612	10	10	-	-	26412911	26392497	62	observed exon-aligned boundaries; not exon-repaired; not conserved			9	60			122	1318	c2ae7d61-f4e0-45b1-a5cb-2ce1c514ac38	60	49	60	1182	False	ANG2	RNASE4	PASS:GF	pPASS	True
bos_taurus	ARS-UCD2.0	SRR31429688	SRR31429688.1078822	Genion	ENSBTAG00000046668	ENSBTAG00000019612	10	10	-	-	26412911	26392497	59	observed exon-aligned boundaries; not exon-repaired; not conserved			8	42			101	1289	ad175c46-8715-4e75-ba5a-98e502106141	60	34	60	1153	False	ANG2	RNASE4	PASS:GF	pPASS	True
bos_taurus	ARS-UCD2.0	SRR31429688	SRR31429688.1079502	Genion	ENSBTAG00000046668	ENSBTAG00000019612	10	10	-	-	26412911	26392497	59	observed exon-aligned boundaries; not exon-repaired; not conserved			4	72			131	1361	6256eb4d-1e7d-4257-80bf-38838eb9a6a3	60	68	60	1207	False	ANG2	RNASE4	PASS:GF	pPASS	True
bos_taurus	ARS-UCD2.0	SRR31429688	SRR31429688.1080553	Genion	ENSBTAG00000046668	ENSBTAG00000019612	10	10	-	-	26412911	26392497	56	observed exon-aligned boundaries; not exon-repaired; not conserved			0	41			97	1357	67e62c13-256b-4dd9-a953-a1f3fdbcc179	60	40	60	1209	False	ANG2	RNASE4	PASS:GF	pPASS	True
bos_taurus	ARS-UCD2.0	SRR31429688	SRR31429688.1080876	Genion	ENSBTAG00000046668	ENSBTAG00000019612	10	10	-	-	26412911	26392497	59	observed exon-aligned boundaries; not exon-repaired; not conserved			4	45			104	1353	fd37ae19-238f-47e4-9ff6-1a9b7d86648c	60	39	60	1202	False	ANG2	RNASE4	PASS:GF	pPASS	True
bos_taurus	ARS-UCD2.0	SRR31429688	SRR31429688.1086756	Genion	ENSBTAG00000046668	ENSBTAG00000019612	10	10	-	-	26412911	26392497	60	observed exon-aligned boundaries; not exon-repaired; not conserved			5	43			103	1354	3109a1cd-d8c2-4165-8fd8-5e4670e3a82b	60	38	60	1222	False	ANG2	RNASE4	PASS:GF	pPASS	True
bos_taurus	ARS-UCD2.0	SRR31429688	SRR31429688.1087014	Genion	ENSBTAG00000046668	ENSBTAG00000019612	10	10	-	-	26412911	26392497	60	observed exon-aligned boundaries; not exon-repaired; not conserved			2	40			100	1310	878f724c-912a-4d21-8f3a-0023a909d653	60	38	60	1184	False	ANG2	RNASE4	PASS:GF	pPASS	True
bos_taurus	ARS-UCD2.0	SRR31429688	SRR31429688.1087782	Genion	ENSBTAG00000046668	ENSBTAG00000019612	10	10	-	-	26412911	26392497	54	observed exon-aligned boundaries; not exon-repaired; not conserved			0	42			96	1338	d57881f7-ed3f-43f9-9cdc-6c00c1c89ad1	60	42	60	1209	False	ANG2	RNASE4	PASS:GF	pPASS	True
bos_taurus	ARS-UCD2.0	SRR31429688	SRR31429688.1090103	Genion	ENSBTAG00000046668	ENSBTAG00000019612	10	10	-	-	26412911	26392497	55	observed exon-aligned boundaries; not exon-repaired; not conserved			4	34			89	1314	a64bd6c5-dc22-48c5-b13d-8d8688212dce	60	30	60	1182	False	ANG2	RNASE4	PASS:GF	pPASS	True
bos_taurus	ARS-UCD2.0	SRR31429688	SRR31429688.1092765	Genion	ENSBTAG00000046668	ENSBTAG00000019612	10	10	-	-	26412911	26392497	61	observed exon-aligned boundaries; not exon-repaired; not conserved			0	42			103	1330	8b8a9865-5fb2-46ee-9521-13035522a62e	60	42	60	1201	False	ANG2	RNASE4	PASS:GF	pPASS	True
bos_taurus	ARS-UCD2.0	SRR31429688	SRR31429688.1097458	Genion	ENSBTAG00000046668	ENSBTAG00000019612	10	10	-	-	26412911	26392497	62	observed exon-aligned boundaries; not exon-repaired; not conserved			0	70			132	1332	5735d1bc-729f-4b67-a183-86c93f54c9ca	60	69	60	1179	False	ANG2	RNASE4	PASS:GF	pPASS	True
bos_taurus	ARS-UCD2.0	SRR31429688	SRR31429688.1097611	Genion	ENSBTAG00000046668	ENSBTAG00000019612	10	10	-	-	26412911	26392497	63	observed exon-aligned boundaries; not exon-repaired; not conserved			0	42			105	1336	9bcb0131-b1d2-40a3-b7ba-616ce7e627cd	60	42	60	1209	False	ANG2	RNASE4	PASS:GF	pPASS	True
bos_taurus	ARS-UCD2.0	SRR31429688	SRR31429688.1100008	Genion	ENSBTAG00000046668	ENSBTAG00000019612	10	10	-	-	26412911	26392497	50	observed exon-aligned boundaries; not exon-repaired; not conserved			2	40			90	1272	c6307e86-2db7-4ca1-99f1-9cc13573f1f0	60	38	60	1158	False	ANG2	RNASE4	PASS:GF	pPASS	True
bos_taurus	ARS-UCD2.0	SRR31429688	SRR31429688.1100170	Genion	ENSBTAG00000046668	ENSBTAG00000019612	10	10	-	-	26412911	26392497	61	observed exon-aligned boundaries; not exon-repaired; not conserved			0	39			100	1323	dd6f8f74-b957-4779-96ee-40963d372c8a	60	39	60	1185	False	ANG2	RNASE4	PASS:GF	pPASS	True
bos_taurus	ARS-UCD2.0	SRR31429688	SRR31429688.1102345	Genion	ENSBTAG00000046668	ENSBTAG00000019612	10	10	-	-	26412911	26392496	63	observed exon-aligned boundaries; not exon-repaired; not conserved			5	69			132	1330	38da0283-5a2e-4a00-961b-cb0a21312b38	60	64	60	1179	False	ANG2	RNASE4	PASS:GF	pPASS	True
bos_taurus	ARS-UCD2.0	SRR31429688	SRR31429688.1106318	Genion	ENSBTAG00000046668	ENSBTAG00000019612	10	10	-	-	26412911	26392497	59	observed exon-aligned boundaries; not exon-repaired; not conserved			2	43			102	1317	731cfc86-03ad-4989-ba87-7cc1bb8b01fc	60	41	60	1190	False	ANG2	RNASE4	PASS:GF	pPASS	True
bos_taurus	ARS-UCD2.0	SRR31429688	SRR31429688.1108225	Genion	ENSBTAG00000046668	ENSBTAG00000019612	10	10	-	-	26412911	26392497	61	observed exon-aligned boundaries; not exon-repaired; not conserved			1	33			94	1302	ec3fb9a6-839e-4d88-88d1-0a9974538c6f	60	32	60	1192	False	ANG2	RNASE4	PASS:GF	pPASS	True
bos_taurus	ARS-UCD2.0	SRR31429688	SRR31429688.1113946	Genion	ENSBTAG00000046668	ENSBTAG00000019612	10	10	-	-	26412911	26392497	62	observed exon-aligned boundaries; not exon-repaired; not conserved			15	70			132	1337	a6a96ff7-da98-497d-b751-62183bbccd97	60	55	60	1165	False	ANG2	RNASE4	PASS:GF	pPASS	True
bos_taurus	ARS-UCD2.0	SRR31429688	SRR31429688.1121815	Genion	ENSBTAG00000046668	ENSBTAG00000019612	10	10	-	-	26412911	26392497	60	observed exon-aligned boundaries; not exon-repaired; not conserved			1	73			133	1385	912098aa-5457-4674-a9d9-37722b2ec9c9	60	72	60	1210	False	ANG2	RNASE4	PASS:GF	pPASS	True
bos_taurus	ARS-UCD2.0	SRR31429688	SRR31429688.1122894	Genion	ENSBTAG00000046668	ENSBTAG00000019612	10	10	-	-	26412911	26392497	56	observed exon-aligned boundaries; not exon-repaired; not conserved			0	42			98	1293	bfca430b-4fd4-4ec1-b4a1-415ac7bb6bce	60	41	60	1182	False	ANG2	RNASE4	PASS:GF	pPASS	True
bos_taurus	ARS-UCD2.0	SRR31429688	SRR31429688.1123306	Genion	ENSBTAG00000046668	ENSBTAG00000019612	10	10	-	-	26412911	26392497	63	observed exon-aligned boundaries; not exon-repaired; not conserved			0	43			106	1331	6d707593-3916-4bfe-9276-50fe2a03fb01	60	42	60	1201	False	ANG2	RNASE4	PASS:GF	pPASS	True
bos_taurus	ARS-UCD2.0	SRR31429688	SRR31429688.1124193	Genion	ENSBTAG00000046668	ENSBTAG00000019612	10	10	-	-	26412911	26392497	58	observed exon-aligned boundaries; not exon-repaired; not conserved			0	70			128	1339	4acc09ac-4851-47fa-973c-160cc5b0c164	60	70	60	1190	False	ANG2	RNASE4	PASS:GF	pPASS	True
bos_taurus	ARS-UCD2.0	SRR31429688	SRR31429688.1124243	Genion	ENSBTAG00000046668	ENSBTAG00000019612	10	10	-	-	26412911	26392497	53	observed exon-aligned boundaries; not exon-repaired; not conserved			3	39			92	1283	32d8259d-662c-4f8f-93f6-e5450fa7fc76	60	36	60	1109	False	ANG2	RNASE4	PASS:GF	pPASS	True
bos_taurus	ARS-UCD2.0	SRR31429688	SRR31429688.1127421	Genion	ENSBTAG00000046668	ENSBTAG00000019612	10	10	-	-	26412911	26392497	59	observed exon-aligned boundaries; not exon-repaired; not conserved			0	90			149	1341	7991e46e-a529-4757-938a-6de63daa6541	60	88	60	1171	False	ANG2	RNASE4	PASS:GF	pPASS	True
bos_taurus	ARS-UCD2.0	SRR31429688	SRR31429688.1132100	Genion	ENSBTAG00000046668	ENSBTAG00000019612	10	10	-	-	26412911	26392497	57	observed exon-aligned boundaries; not exon-repaired; not conserved			16	43			100	1316	7453bb73-7027-472c-acb5-e034fcaab278	60	27	60	1179	False	ANG2	RNASE4	PASS:GF	pPASS	True
bos_taurus	ARS-UCD2.0	SRR31429688	SRR31429688.1132384	Genion	ENSBTAG00000046668	ENSBTAG00000019612	10	10	-	-	26412911	26392497	58	observed exon-aligned boundaries; not exon-repaired; not conserved			2	42			100	1320	816d862d-1727-42e0-a1de-1ca06100cd23	60	39	60	1181	False	ANG2	RNASE4	PASS:GF	pPASS	True
bos_taurus	ARS-UCD2.0	SRR31429688	SRR31429688.1136683	Genion	ENSBTAG00000046668	ENSBTAG00000019612	10	10	-	-	26412911	26392497	56	observed exon-aligned boundaries; not exon-repaired; not conserved			1	40			96	1304	6b11080c-f0f0-48e9-a079-e45f287dbe56	60	38	60	1187	False	ANG2	RNASE4	PASS:GF	pPASS	True
bos_taurus	ARS-UCD2.0	SRR31429688	SRR31429688.1136902	Genion	ENSBTAG00000046668	ENSBTAG00000019612	10	10	-	-	26412911	26392497	59	observed exon-aligned boundaries; not exon-repaired; not conserved			18	73			132	1373	15bf3f38-9c5d-442d-8f50-a5ea071473ef	60	55	60	1211	False	ANG2	RNASE4	PASS:GF	pPASS	True
bos_taurus	ARS-UCD2.0	SRR31429688	SRR31429688.1147798	Genion	ENSBTAG00000046668	ENSBTAG00000019612	10	10	-	-	26412911	26392497	55	observed exon-aligned boundaries; not exon-repaired; not conserved			5	45			100	1299	0349cc58-97c5-4a73-94b9-4f850dab7f59	60	38	60	1170	False	ANG2	RNASE4	PASS:GF	pPASS	True
bos_taurus	ARS-UCD2.0	SRR31429688	SRR31429688.1148535	Genion	ENSBTAG00000046668	ENSBTAG00000019612	10	10	-	-	26412911	26392497	58	observed exon-aligned boundaries; not exon-repaired; not conserved			6	43			101	1321	5d5855d0-1cfa-4bcb-8872-df24374e4809	60	37	60	1181	False	ANG2	RNASE4	PASS:GF	pPASS	True
bos_taurus	ARS-UCD2.0	SRR31429688	SRR31429688.1152640	Genion	ENSBTAG00000046668	ENSBTAG00000019612	10	10	-	-	26412911	26392497	63	observed exon-aligned boundaries; not exon-repaired; not conserved			3	41			104	1345	2103abd9-37ce-4d7a-8af3-1b2ffa3cecb3	60	38	60	1203	False	ANG2	RNASE4	PASS:GF	pPASS	True
bos_taurus	ARS-UCD2.0	SRR31429688	SRR31429688.1154682	Genion	ENSBTAG00000046668	ENSBTAG00000019612	10	10	-	-	26412911	26392497	54	observed exon-aligned boundaries; not exon-repaired; not conserved			3	56			110	1335	295b7a0c-acae-4c79-8d10-f638f31e611c	60	53	60	1192	False	ANG2	RNASE4	PASS:GF	pPASS	True
bos_taurus	ARS-UCD2.0	SRR31429688	SRR31429688.1157349	Genion	ENSBTAG00000046668	ENSBTAG00000019612	10	10	-	-	26412911	26392497	61	observed exon-aligned boundaries; not exon-repaired; not conserved			0	36			97	1248	d1018279-8506-40e5-9021-019a01664370	60	36	60	1134	False	ANG2	RNASE4	PASS:GF	pPASS	True
bos_taurus	ARS-UCD2.0	SRR31429688	SRR31429688.1160117	Genion	ENSBTAG00000046668	ENSBTAG00000019612	10	10	-	-	26412911	26392497	61	observed exon-aligned boundaries; not exon-repaired; not conserved			0	42			103	1373	ef9c8ce2-6683-45cd-a500-c8abbac98733	60	42	60	1230	False	ANG2	RNASE4	PASS:GF	pPASS	True
bos_taurus	ARS-UCD2.0	SRR31429688	SRR31429688.1162049	Genion	ENSBTAG00000046668	ENSBTAG00000019612	10	10	-	-	26412911	26392497	61	observed exon-aligned boundaries; not exon-repaired; not conserved			3	41			102	1325	62552cb3-01fd-4b51-87e4-fea979e035cb	60	37	60	1205	False	ANG2	RNASE4	PASS:GF	pPASS	True
bos_taurus	ARS-UCD2.0	SRR31429688	SRR31429688.1164761	Genion	ENSBTAG00000046668	ENSBTAG00000019612	10	10	-	-	26412911	26392497	56	observed exon-aligned boundaries; not exon-repaired; not conserved			8	39			95	1311	35213e05-0ac2-4190-a915-35aff54f44ff	60	31	60	1184	False	ANG2	RNASE4	PASS:GF	pPASS	True
bos_taurus	ARS-UCD2.0	SRR31429688	SRR31429688.1165000	Genion	ENSBTAG00000046668	ENSBTAG00000019612	10	10	-	-	26412911	26392497	60	observed exon-aligned boundaries; not exon-repaired; not conserved			1	41			101	1294	395e1c1b-bc19-4071-a36b-eaeca2fc0989	60	40	60	1175	False	ANG2	RNASE4	PASS:GF	pPASS	True
bos_taurus	ARS-UCD2.0	SRR31429688	SRR31429688.1165087	Genion	ENSBTAG00000046668	ENSBTAG00000019612	10	10	-	-	26412911	26392497	60	observed exon-aligned boundaries; not exon-repaired; not conserved			4	42			102	1287	bec02e5b-ba4b-47ef-8e51-2819db8b18d2	60	38	60	1169	False	ANG2	RNASE4	PASS:GF	pPASS	True
bos_taurus	ARS-UCD2.0	SRR31429688	SRR31429688.1166473	Genion	ENSBTAG00000046668	ENSBTAG00000019612	10	10	-	-	26412911	26392497	60	observed exon-aligned boundaries; not exon-repaired; not conserved			0	41			101	1301	25261154-30ae-43fc-a30c-8e1d35d17e06	60	41	60	1173	False	ANG2	RNASE4	PASS:GF	pPASS	True
bos_taurus	ARS-UCD2.0	SRR31429688	SRR31429688.1166833	Genion	ENSBTAG00000046668	ENSBTAG00000019612	10	10	-	-	26412911	26392497	60	observed exon-aligned boundaries; not exon-repaired; not conserved			3	40			100	1310	6fe9584a-882f-44c4-a3ef-f1d2e7d621ed	60	37	60	1183	False	ANG2	RNASE4	PASS:GF	pPASS	True
bos_taurus	ARS-UCD2.0	SRR31429688	SRR31429688.1169511	Genion	ENSBTAG00000046668	ENSBTAG00000019612	10	10	-	-	26412911	26392497	61	observed exon-aligned boundaries; not exon-repaired; not conserved			0	42			103	1221	dc438f0a-17c0-4c14-91c6-e8d8d40576e6	60	42	60	1097	False	ANG2	RNASE4	PASS:GF	pPASS	True
bos_taurus	ARS-UCD2.0	SRR31429688	SRR31429688.1170012	Genion	ENSBTAG00000046668	ENSBTAG00000019612	10	10	-	-	26412911	26392497	62	observed exon-aligned boundaries; not exon-repaired; not conserved			3	38			100	1337	cc4323e9-d6c2-498d-91a1-b182c06f231e	60	35	60	1194	False	ANG2	RNASE4	PASS:GF	pPASS	True
bos_taurus	ARS-UCD2.0	SRR31429688	SRR31429688.1171697	Genion	ENSBTAG00000046668	ENSBTAG00000019612	10	10	-	-	26412911	26392497	60	observed exon-aligned boundaries; not exon-repaired; not conserved			2	41			101	1333	ab05111f-6436-4663-8a30-ea65af79b061	60	39	60	1178	False	ANG2	RNASE4	PASS:GF	pPASS	True
bos_taurus	ARS-UCD2.0	SRR31429688	SRR31429688.1172465	Genion	ENSBTAG00000046668	ENSBTAG00000019612	10	10	-	-	26412911	26392497	59	observed exon-aligned boundaries; not exon-repaired; not conserved			0	40			99	1335	3890b543-63c9-4325-9064-5fd4ad0ba464	60	40	60	1205	False	ANG2	RNASE4	PASS:GF	pPASS	True
bos_taurus	ARS-UCD2.0	SRR31429688	SRR31429688.1172585	Genion	ENSBTAG00000046668	ENSBTAG00000019612	10	10	-	-	26412911	26392497	62	observed exon-aligned boundaries; not exon-repaired; not conserved			4	44			106	1312	737913df-cacc-4aef-b7e6-e15ea25e815d	60	40	60	1168	False	ANG2	RNASE4	PASS:GF	pPASS	True
bos_taurus	ARS-UCD2.0	SRR31429688	SRR31429688.1175033	Genion	ENSBTAG00000046668	ENSBTAG00000019612	10	10	-	-	26404528	26392497	0	observed exon-aligned boundaries; not exon-repaired; not conserved			0	284			284	1512	fe5e62fc-6ff8-45cd-b4f3-8a63e7086da9	60	221	60	1203	True	ANG2	RNASE4	PASS:GF	pPASS	True
bos_taurus	ARS-UCD2.0	SRR31429688	SRR31429688.1175737	Genion	ENSBTAG00000046668	ENSBTAG00000019612	10	10	-	-	26412911	26392497	58	observed exon-aligned boundaries; not exon-repaired; not conserved			9	38			96	1295	14c2614a-7910-47cf-822f-1a6d2f7ae387	60	29	60	1171	False	ANG2	RNASE4	PASS:GF	pPASS	True
bos_taurus	ARS-UCD2.0	SRR31429688	SRR31429688.1176019	Genion	ENSBTAG00000046668	ENSBTAG00000019612	10	10	-	-	26412911	26392497	56	observed exon-aligned boundaries; not exon-repaired; not conserved			0	105			161	1370	7938cbde-fae2-460c-8315-4fec801ceb32	60	101	60	1188	True	ANG2	RNASE4	PASS:GF	pPASS	True
bos_taurus	ARS-UCD2.0	SRR31429688	SRR31429688.1180425	Genion	ENSBTAG00000046668	ENSBTAG00000019612	10	10	-	-	26412911	26392497	65	observed exon-aligned boundaries; not exon-repaired; not conserved			5	42			107	1360	447653ac-3e3e-4fbe-a744-1a07ff6d00da	60	37	60	1203	False	ANG2	RNASE4	PASS:GF	pPASS	True
bos_taurus	ARS-UCD2.0	SRR31429688	SRR31429688.1180922	Genion	ENSBTAG00000046668	ENSBTAG00000019612	10	10	-	-	26412911	26392497	57	observed exon-aligned boundaries; not exon-repaired; not conserved			0	44			101	1342	93766f43-ece4-40ca-93cd-82205f8bc264	60	43	60	1204	False	ANG2	RNASE4	PASS:GF	pPASS	True
bos_taurus	ARS-UCD2.0	SRR31429688	SRR31429688.1182363	Genion	ENSBTAG00000046668	ENSBTAG00000019612	10	10	-	-	26412911	26392497	56	observed exon-aligned boundaries; not exon-repaired; not conserved			0	39			95	1300	225daf0c-e92a-4b26-8ab9-3a470e1aca00	60	39	60	1161	False	ANG2	RNASE4	PASS:GF	pPASS	True
bos_taurus	ARS-UCD2.0	SRR31429688	SRR31429688.1183445	Genion	ENSBTAG00000046668	ENSBTAG00000019612	10	10	-	-	26412911	26392497	61	observed exon-aligned boundaries; not exon-repaired; not conserved			3	42			103	1281	cf3df8e6-1a1b-4a4b-8eaa-3e90b57004fb	60	37	60	1157	False	ANG2	RNASE4	PASS:GF	pPASS	True
bos_taurus	ARS-UCD2.0	SRR31429688	SRR31429688.1185605	Genion	ENSBTAG00000046668	ENSBTAG00000019612	10	10	-	-	26412911	26392497	56	observed exon-aligned boundaries; not exon-repaired; not conserved			14	38			94	1308	10037c11-9f42-4960-8b68-793864cb0b2a	60	24	60	1190	False	ANG2	RNASE4	PASS:GF	pPASS	True
bos_taurus	ARS-UCD2.0	SRR31429688	SRR31429688.1187822	Genion	ENSBTAG00000046668	ENSBTAG00000019612	10	10	-	-	26412911	26392497	58	observed exon-aligned boundaries; not exon-repaired; not conserved			0	42			100	1315	5460bef7-55cf-4489-b85b-c8f2d7ee8742	60	42	60	1204	False	ANG2	RNASE4	PASS:GF	pPASS	True
bos_taurus	ARS-UCD2.0	SRR31429688	SRR31429688.1199647	Genion	ENSBTAG00000046668	ENSBTAG00000019612	10	10	-	-	26412911	26392497	63	observed exon-aligned boundaries; not exon-repaired; not conserved			2	44			107	1335	cede68cd-441c-453c-ade1-dfee3179382c	60	38	60	1187	False	ANG2	RNASE4	PASS:GF	pPASS	True
bos_taurus	ARS-UCD2.0	SRR31429688	SRR31429688.1200913	Genion	ENSBTAG00000046668	ENSBTAG00000019612	10	10	-	-	26412911	26392496	48	observed exon-aligned boundaries; not exon-repaired; not conserved			2	36			84	1277	7c263b2e-28ac-4ca3-ae38-26a466ed16f8	60	34	60	1174	False	ANG2	RNASE4	PASS:GF	pPASS	True
bos_taurus	ARS-UCD2.0	SRR31429688	SRR31429688.1201155	Genion	ENSBTAG00000046668	ENSBTAG00000019612	10	10	-	-	26412911	26392497	58	observed exon-aligned boundaries; not exon-repaired; not conserved			0	43			101	1302	ee6a13ee-acf0-45b9-8176-21093f8bf5d9	60	43	60	1178	False	ANG2	RNASE4	PASS:GF	pPASS	True
bos_taurus	ARS-UCD2.0	SRR31429688	SRR31429688.1201305	Genion	ENSBTAG00000046668	ENSBTAG00000019612	10	10	-	-	26412911	26392497	61	observed exon-aligned boundaries; not exon-repaired; not conserved			1	43			104	1332	8bcd5f1b-90a6-4d7d-a668-98cd7bf062ba	60	41	60	1198	False	ANG2	RNASE4	PASS:GF	pPASS	True
bos_taurus	ARS-UCD2.0	SRR31429688	SRR31429688.1202522	Genion	ENSBTAG00000046668	ENSBTAG00000019612	10	10	-	-	26412911	26392497	59	observed exon-aligned boundaries; not exon-repaired; not conserved			0	41			100	1327	09ba3c63-6418-466a-b638-be3057aa0688	60	41	60	1202	False	ANG2	RNASE4	PASS:GF	pPASS	True
bos_taurus	ARS-UCD2.0	SRR31429688	SRR31429688.1203429	Genion	ENSBTAG00000046668	ENSBTAG00000019612	10	10	-	-	26412911	26392497	60	observed exon-aligned boundaries; not exon-repaired; not conserved			2	44			104	1334	270abba1-18b3-4fa7-8574-89dcf15188cd	60	41	60	1194	False	ANG2	RNASE4	PASS:GF	pPASS	True
bos_taurus	ARS-UCD2.0	SRR31429688	SRR31429688.1209479	Genion	ENSBTAG00000046668	ENSBTAG00000019612	10	10	-	-	26412911	26392497	60	observed exon-aligned boundaries; not exon-repaired; not conserved			3	38			98	1323	ba4925b8-3e0a-4043-9200-b6cff55c8303	60	35	60	1205	False	ANG2	RNASE4	PASS:GF	pPASS	True
bos_taurus	ARS-UCD2.0	SRR31429688	SRR31429688.1213749	Genion	ENSBTAG00000046668	ENSBTAG00000019612	10	10	-	-	26412911	26392497	60	observed exon-aligned boundaries; not exon-repaired; not conserved			0	41			101	1314	98bac7fe-6f7c-4721-bd52-a01d1d94df3c	60	41	60	1187	False	ANG2	RNASE4	PASS:GF	pPASS	True
bos_taurus	ARS-UCD2.0	SRR31429688	SRR31429688.1214301	Genion	ENSBTAG00000046668	ENSBTAG00000019612	10	10	-	-	26412911	26392497	52	observed exon-aligned boundaries; not exon-repaired; not conserved			1	39			91	1321	00957057-dce8-451f-bc39-5d11e69e4d92	60	37	60	1205	False	ANG2	RNASE4	PASS:GF	pPASS	True
bos_taurus	ARS-UCD2.0	SRR31429688	SRR31429688.1214867	Genion	ENSBTAG00000046668	ENSBTAG00000019612	10	10	-	-	26412911	26392497	56	observed exon-aligned boundaries; not exon-repaired; not conserved			3	40			96	1301	7530bfc1-8696-468f-90cf-9e93f6e98be4	60	37	60	1185	False	ANG2	RNASE4	PASS:GF	pPASS	True
bos_taurus	ARS-UCD2.0	SRR31429688	SRR31429688.1215384	Genion	ENSBTAG00000046668	ENSBTAG00000019612	10	10	-	-	26412914	26392497	58	observed exon-aligned boundaries; not exon-repaired; not conserved			5	39			97	1330	c8826883-9958-48df-8dc7-bd9a0d8e6e73	60	34	60	1198	False	ANG2	RNASE4	PASS:GF	pPASS	True
bos_taurus	ARS-UCD2.0	SRR31429688	SRR31429688.1216416	Genion	ENSBTAG00000046668	ENSBTAG00000019612	10	10	-	-	26412911	26392497	59	observed exon-aligned boundaries; not exon-repaired; not conserved			3	40			99	1300	429984f0-0b29-450c-8290-555a728d9650	60	37	60	1187	False	ANG2	RNASE4	PASS:GF	pPASS	True
bos_taurus	ARS-UCD2.0	SRR31429688	SRR31429688.1218020	Genion	ENSBTAG00000046668	ENSBTAG00000019612	10	10	-	-	26412911	26392497	61	observed exon-aligned boundaries; not exon-repaired; not conserved			1	41			102	1256	5453b867-af8e-4616-a486-46334622c846	60	39	60	1124	False	ANG2	RNASE4	PASS:GF	pPASS	True
bos_taurus	ARS-UCD2.0	SRR31429688	SRR31429688.1218419	Genion	ENSBTAG00000046668	ENSBTAG00000019612	10	10	-	-	26412911	26392497	56	observed exon-aligned boundaries; not exon-repaired; not conserved			2	41			97	1322	f37e6faa-ee4e-4dc6-b3f7-d37bb7ef5899	60	39	60	1191	False	ANG2	RNASE4	PASS:GF	pPASS	True
bos_taurus	ARS-UCD2.0	SRR31429688	SRR31429688.1222265	Genion	ENSBTAG00000046668	ENSBTAG00000019612	10	10	-	-	26412911	26392497	58	observed exon-aligned boundaries; not exon-repaired; not conserved			7	42			100	1299	dcc8bf6f-d93b-470f-badb-590a698aab74	60	32	60	1176	False	ANG2	RNASE4	PASS:GF	pPASS	True
bos_taurus	ARS-UCD2.0	SRR31429688	SRR31429688.1223287	Genion	ENSBTAG00000046668	ENSBTAG00000019612	10	10	-	-	26412911	26392497	56	observed exon-aligned boundaries; not exon-repaired; not conserved			1	75			131	1338	9a3b1720-896a-4ec3-b81f-e1d3dc618808	60	71	60	1178	False	ANG2	RNASE4	PASS:GF	pPASS	True
bos_taurus	ARS-UCD2.0	SRR31429688	SRR31429688.1225824	Genion	ENSBTAG00000046668	ENSBTAG00000019612	10	10	-	-	26412911	26392497	61	observed exon-aligned boundaries; not exon-repaired; not conserved			0	39			100	1324	ff07062d-fed4-44ec-9e41-fb3ec8fe6b47	60	39	60	1208	False	ANG2	RNASE4	PASS:GF	pPASS	True
bos_taurus	ARS-UCD2.0	SRR31429688	SRR31429688.1226986	Genion	ENSBTAG00000046668	ENSBTAG00000019612	10	10	-	-	26412911	26392497	57	observed exon-aligned boundaries; not exon-repaired; not conserved			3	41			98	794	f8078574-350e-44a6-97bd-9b2a24d2ca6a	60	38	60	661	False	ANG2	RNASE4	PASS:GF	pPASS	True
bos_taurus	ARS-UCD2.0	SRR31429688	SRR31429688.1230878	Genion	ENSBTAG00000046668	ENSBTAG00000019612	10	10	-	-	26412911	26392497	60	observed exon-aligned boundaries; not exon-repaired; not conserved			0	41			101	1322	6872a144-1689-4401-9ec6-e12ff5006ee0	60	41	60	1196	False	ANG2	RNASE4	PASS:GF	pPASS	True
bos_taurus	ARS-UCD2.0	SRR31429688	SRR31429688.1231362	Genion	ENSBTAG00000046668	ENSBTAG00000019612	10	10	-	-	26412911	26392497	60	observed exon-aligned boundaries; not exon-repaired; not conserved			2	40			100	1312	a81dad99-c165-4c85-b637-80721eaab4cd	60	38	60	1195	False	ANG2	RNASE4	PASS:GF	pPASS	True
bos_taurus	ARS-UCD2.0	SRR31429688	SRR31429688.1232473	Genion	ENSBTAG00000046668	ENSBTAG00000019612	10	10	-	-	26412911	26392497	56	observed exon-aligned boundaries; not exon-repaired; not conserved			5	42			98	1262	67d01ed2-5979-4a35-92d0-307a4b6ba286	60	37	60	1130	False	ANG2	RNASE4	PASS:GF	pPASS	True
bos_taurus	ARS-UCD2.0	SRR31429688	SRR31429688.1232548	Genion	ENSBTAG00000046668	ENSBTAG00000019612	10	10	-	-	26412911	26392497	62	observed exon-aligned boundaries; not exon-repaired; not conserved			2	41			103	1354	9abc2883-afd9-4861-b603-651c3615a779	60	39	60	1203	False	ANG2	RNASE4	PASS:GF	pPASS	True
bos_taurus	ARS-UCD2.0	SRR31429688	SRR31429688.1233380	Genion	ENSBTAG00000046668	ENSBTAG00000019612	10	10	-	-	26412911	26392497	57	observed exon-aligned boundaries; not exon-repaired; not conserved			3	39			96	1322	5ee35cb6-771c-4291-ba24-92f2eb59ee93	60	36	60	1192	False	ANG2	RNASE4	PASS:GF	pPASS	True
bos_taurus	ARS-UCD2.0	SRR31429688	SRR31429688.1235066	Genion	ENSBTAG00000046668	ENSBTAG00000019612	10	10	-	-	26412911	26392497	61	observed exon-aligned boundaries; not exon-repaired; not conserved			3	41			102	1321	d9c11c76-087a-45ad-aa3e-ff7fffa2bfc2	60	38	60	1204	False	ANG2	RNASE4	PASS:GF	pPASS	True
bos_taurus	ARS-UCD2.0	SRR31429688	SRR31429688.1244636	Genion	ENSBTAG00000046668	ENSBTAG00000019612	10	10	-	-	26412911	26392497	60	observed exon-aligned boundaries; not exon-repaired; not conserved			0	42			102	1314	9033b782-8af8-4cfe-888f-89da615cba02	60	42	60	1198	False	ANG2	RNASE4	PASS:GF	pPASS	True
bos_taurus	ARS-UCD2.0	SRR31429688	SRR31429688.1251675	Genion	ENSBTAG00000046668	ENSBTAG00000019612	10	10	-	-	26412911	26392497	58	observed exon-aligned boundaries; not exon-repaired; not conserved			3	41			99	1332	8768fb9d-b4d0-4036-9e85-04bc48482798	60	38	60	1197	False	ANG2	RNASE4	PASS:GF	pPASS	True
bos_taurus	ARS-UCD2.0	SRR31429688	SRR31429688.1257506	Genion	ENSBTAG00000046668	ENSBTAG00000019612	10	10	-	-	26412911	26392497	59	observed exon-aligned boundaries; not exon-repaired; not conserved			3	41			100	1322	5a33234c-f234-40ef-8084-133ce928b0ad	60	38	60	1183	False	ANG2	RNASE4	PASS:GF	pPASS	True
bos_taurus	ARS-UCD2.0	SRR31429688	SRR31429688.1257554	Genion	ENSBTAG00000046668	ENSBTAG00000019612	10	10	-	-	26412911	26392497	53	observed exon-aligned boundaries; not exon-repaired; not conserved			13	42			95	1257	bff6e6b4-0071-4cf2-b8fa-4d0b26667fe2	60	28	60	1139	False	ANG2	RNASE4	PASS:GF	pPASS	True
bos_taurus	ARS-UCD2.0	SRR31429688	SRR31429688.1259787	Genion	ENSBTAG00000046668	ENSBTAG00000019612	10	10	-	-	26412911	26392497	53	observed exon-aligned boundaries; not exon-repaired; not conserved			0	41			94	1292	8ab5e26f-b078-4d6b-a942-5ccbc00e5ab1	60	41	60	1185	False	ANG2	RNASE4	PASS:GF	pPASS	True
bos_taurus	ARS-UCD2.0	SRR31429688	SRR31429688.1261089	Genion	ENSBTAG00000046668	ENSBTAG00000019612	10	10	-	-	26412911	26392497	57	observed exon-aligned boundaries; not exon-repaired; not conserved			7	50			107	1321	4173e80f-5de5-4ed9-9fdc-ced1b3c0bb09	60	38	60	1173	False	ANG2	RNASE4	PASS:GF	pPASS	True
bos_taurus	ARS-UCD2.0	SRR31429688	SRR31429688.1262516	Genion	ENSBTAG00000046668	ENSBTAG00000019612	10	10	-	-	26412911	26392497	58	observed exon-aligned boundaries; not exon-repaired; not conserved			3	73			131	1362	6f2ddf69-d3fc-4279-9576-ef6ab73f7569	60	68	60	1197	False	ANG2	RNASE4	PASS:GF	pPASS	True
bos_taurus	ARS-UCD2.0	SRR31429688	SRR31429688.1265979	Genion	ENSBTAG00000046668	ENSBTAG00000019612	10	10	-	-	26412911	26392497	57	observed exon-aligned boundaries; not exon-repaired; not conserved			3	41			98	1298	a4d77e3f-a1a8-4c91-bb9b-81f1c0b1a3bd	60	38	60	1176	False	ANG2	RNASE4	PASS:GF	pPASS	True
bos_taurus	ARS-UCD2.0	SRR31429688	SRR31429688.1266303	Genion	ENSBTAG00000046668	ENSBTAG00000019612	10	10	-	-	26412911	26392497	57	observed exon-aligned boundaries; not exon-repaired; not conserved			4	31			88	1340	754e4489-8937-467e-8d9f-21c75982c37c	60	27	60	1208	False	ANG2	RNASE4	PASS:GF	pPASS	True
bos_taurus	ARS-UCD2.0	SRR31429688	SRR31429688.1272204	Genion	ENSBTAG00000046668	ENSBTAG00000019612	10	10	-	-	26412911	26392497	59	observed exon-aligned boundaries; not exon-repaired; not conserved			5	41			100	1350	1ace885d-094b-48af-b976-7ab316716e06	60	36	60	1207	False	ANG2	RNASE4	PASS:GF	pPASS	True
bos_taurus	ARS-UCD2.0	SRR31429688	SRR31429688.1273579	Genion	ENSBTAG00000046668	ENSBTAG00000019612	10	10	-	-	26412911	26392497	63	observed exon-aligned boundaries; not exon-repaired; not conserved			1	44			107	1344	5710d7ac-788e-44b1-9103-fac9e6ec4033	60	42	60	1172	False	ANG2	RNASE4	PASS:GF	pPASS	True
bos_taurus	ARS-UCD2.0	SRR31429688	SRR31429688.1275077	Genion	ENSBTAG00000046668	ENSBTAG00000019612	10	10	-	-	26412911	26392497	59	observed exon-aligned boundaries; not exon-repaired; not conserved			0	43			102	1316	5c33fd30-93c1-4681-93d6-98878ff6d072	60	42	60	1173	False	ANG2	RNASE4	PASS:GF	pPASS	True
bos_taurus	ARS-UCD2.0	SRR31429688	SRR31429688.1281146	Genion	ENSBTAG00000046668	ENSBTAG00000019612	10	10	-	-	26412911	26392497	61	observed exon-aligned boundaries; not exon-repaired; not conserved			3	43			104	1340	e1f9f227-9835-46a0-b735-ebe33788b80a	60	40	60	1209	False	ANG2	RNASE4	PASS:GF	pPASS	True
bos_taurus	ARS-UCD2.0	SRR31429688	SRR31429688.1282251	Genion	ENSBTAG00000046668	ENSBTAG00000019612	10	10	-	-	26412911	26392497	59	observed exon-aligned boundaries; not exon-repaired; not conserved			0	39			98	1357	903f5301-91b2-4b8b-ad0d-1764591ec30d	60	39	60	1220	False	ANG2	RNASE4	PASS:GF	pPASS	True
bos_taurus	ARS-UCD2.0	SRR31429688	SRR31429688.1289255	Genion	ENSBTAG00000046668	ENSBTAG00000019612	10	10	-	-	26412911	26392497	62	observed exon-aligned boundaries; not exon-repaired; not conserved			0	42			104	1355	95d32cb4-4cec-46c1-9e11-a5b0e3d5285e	60	41	60	1225	False	ANG2	RNASE4	PASS:GF	pPASS	True
bos_taurus	ARS-UCD2.0	SRR31429688	SRR31429688.1289387	Genion	ENSBTAG00000046668	ENSBTAG00000019612	10	10	-	-	26412911	26392497	60	observed exon-aligned boundaries; not exon-repaired; not conserved			0	41			101	727	7d9d2f2c-1603-4f99-bda6-e276c2cefd03	60	41	60	613	False	ANG2	RNASE4	PASS:GF	pPASS	True
bos_taurus	ARS-UCD2.0	SRR31429688	SRR31429688.1289873	Genion	ENSBTAG00000046668	ENSBTAG00000019612	10	10	-	-	26412911	26392497	60	observed exon-aligned boundaries; not exon-repaired; not conserved			0	38			98	1301	1bc08acd-831d-418c-bf43-39e78ca4c4d6	60	37	60	1179	False	ANG2	RNASE4	PASS:GF	pPASS	True
bos_taurus	ARS-UCD2.0	SRR31429688	SRR31429688.1291743	Genion	ENSBTAG00000046668	ENSBTAG00000019612	10	10	-	-	26412911	26392497	60	observed exon-aligned boundaries; not exon-repaired; not conserved			3	44			104	1324	bfab8d08-1a11-45e7-ab1d-1be4be05ad00	60	39	60	1187	False	ANG2	RNASE4	PASS:GF	pPASS	True
bos_taurus	ARS-UCD2.0	SRR31429688	SRR31429688.1299360	Genion	ENSBTAG00000046668	ENSBTAG00000019612	10	10	-	-	26412911	26392497	59	observed exon-aligned boundaries; not exon-repaired; not conserved			1	42			101	1337	cd7623b2-6641-4633-81e8-cb30a02a7574	60	41	60	1202	False	ANG2	RNASE4	PASS:GF	pPASS	True
bos_taurus	ARS-UCD2.0	SRR31429688	SRR31429688.1300479	Genion	ENSBTAG00000046668	ENSBTAG00000019612	10	10	-	-	26412911	26392497	59	observed exon-aligned boundaries; not exon-repaired; not conserved			2	40			99	1361	4f088679-0131-403e-aadf-c75be67de31e	60	38	60	1190	False	ANG2	RNASE4	PASS:GF	pPASS	True
bos_taurus	ARS-UCD2.0	SRR31429688	SRR31429688.1301194	Genion	ENSBTAG00000046668	ENSBTAG00000019612	10	10	-	-	26412911	26392497	58	observed exon-aligned boundaries; not exon-repaired; not conserved			0	72			130	1350	e3910a3c-4d23-4d55-b739-9bce37c7794b	60	67	60	1202	False	ANG2	RNASE4	PASS:GF	pPASS	True
bos_taurus	ARS-UCD2.0	SRR31429688	SRR31429688.1304404	Genion	ENSBTAG00000046668	ENSBTAG00000019612	10	10	-	-	26412911	26392497	60	observed exon-aligned boundaries; not exon-repaired; not conserved			2	44			104	1324	b8b2031b-169c-4697-887d-00d400fe6eb7	60	40	60	1193	False	ANG2	RNASE4	PASS:GF	pPASS	True
bos_taurus	ARS-UCD2.0	SRR31429688	SRR31429688.1313851	Genion	ENSBTAG00000046668	ENSBTAG00000019612	10	10	-	-	26412911	26392497	60	observed exon-aligned boundaries; not exon-repaired; not conserved			3	40			100	1323	5a5d2809-eb36-4ba8-9f0a-3c703299f933	60	37	60	1194	False	ANG2	RNASE4	PASS:GF	pPASS	True
bos_taurus	ARS-UCD2.0	SRR31429688	SRR31429688.1314887	Genion	ENSBTAG00000046668	ENSBTAG00000019612	10	10	-	-	26412911	26392497	58	observed exon-aligned boundaries; not exon-repaired; not conserved			0	43			101	1331	52c114ac-b2eb-48c5-8c73-371ea0f18ed9	60	42	60	1199	False	ANG2	RNASE4	PASS:GF	pPASS	True
bos_taurus	ARS-UCD2.0	SRR31429688	SRR31429688.1316117	Genion	ENSBTAG00000046668	ENSBTAG00000019612	10	10	-	-	26412911	26392497	59	observed exon-aligned boundaries; not exon-repaired; not conserved			3	47			106	1314	9244cf4f-bbe6-47b9-9a7c-8889f43e583c	60	41	60	1183	False	ANG2	RNASE4	PASS:GF	pPASS	True
bos_taurus	ARS-UCD2.0	SRR31429688	SRR31429688.1317434	Genion	ENSBTAG00000046668	ENSBTAG00000019612	10	10	-	-	26412911	26392497	64	observed exon-aligned boundaries; not exon-repaired; not conserved			0	43			107	1324	16136089-da71-45cc-ba9f-9e0740891579	60	42	60	1201	False	ANG2	RNASE4	PASS:GF	pPASS	True
bos_taurus	ARS-UCD2.0	SRR31429688	SRR31429688.1318668	Genion	ENSBTAG00000046668	ENSBTAG00000019612	10	10	-	-	26412911	26392497	53	observed exon-aligned boundaries; not exon-repaired; not conserved			1	91			144	1363	dc027aad-e5c2-4a33-a019-cb40595242b2	60	88	60	1195	False	ANG2	RNASE4	PASS:GF	pPASS	True
bos_taurus	ARS-UCD2.0	SRR31429688	SRR31429688.1319075	Genion	ENSBTAG00000046668	ENSBTAG00000019612	10	10	-	-	26412911	26392497	61	observed exon-aligned boundaries; not exon-repaired; not conserved			2	36			97	1302	217dbfa7-ae38-4de6-96f6-b83fa185020b	60	34	60	1187	False	ANG2	RNASE4	PASS:GF	pPASS	True
bos_taurus	ARS-UCD2.0	SRR31429688	SRR31429688.1319628	Genion	ENSBTAG00000046668	ENSBTAG00000019612	10	10	-	-	26412911	26392497	60	observed exon-aligned boundaries; not exon-repaired; not conserved			0	43			103	1355	f56ee9a9-ea9c-4097-9f76-b2f6e0229295	60	41	60	1212	False	ANG2	RNASE4	PASS:GF	pPASS	True
bos_taurus	ARS-UCD2.0	SRR31429688	SRR31429688.1326801	Genion	ENSBTAG00000046668	ENSBTAG00000019612	10	10	-	-	26412911	26392497	60	observed exon-aligned boundaries; not exon-repaired; not conserved			2	41			101	1352	661567c5-96ea-4137-b11b-4a3cc0b7e0db	60	39	60	1209	False	ANG2	RNASE4	PASS:GF	pPASS	True
bos_taurus	ARS-UCD2.0	SRR31429688	SRR31429688.1331600	Genion	ENSBTAG00000046668	ENSBTAG00000019612	10	10	-	-	26412911	26392497	62	observed exon-aligned boundaries; not exon-repaired; not conserved			3	42			104	1341	d7832ba8-29a2-407b-b151-d6d9467f7dd0	60	38	60	1197	False	ANG2	RNASE4	PASS:GF	pPASS	True
bos_taurus	ARS-UCD2.0	SRR31429688	SRR31429688.1333873	Genion	ENSBTAG00000046668	ENSBTAG00000019612	10	10	-	-	26412911	26392497	59	observed exon-aligned boundaries; not exon-repaired; not conserved			3	72			131	1365	9805b2be-8cc6-476d-8f55-096760f973de	60	67	60	1197	False	ANG2	RNASE4	PASS:GF	pPASS	True
bos_taurus	ARS-UCD2.0	SRR31429688	SRR31429688.1334585	Genion	ENSBTAG00000046668	ENSBTAG00000019612	10	10	-	-	26412911	26392497	60	observed exon-aligned boundaries; not exon-repaired; not conserved			2	39			99	1340	8a2c66cf-d7fe-4c0a-b515-73759db39453	60	37	60	1220	False	ANG2	RNASE4	PASS:GF	pPASS	True
bos_taurus	ARS-UCD2.0	SRR31429688	SRR31429688.1334894	Genion	ENSBTAG00000046668	ENSBTAG00000019612	10	10	-	-	26412911	26392497	60	observed exon-aligned boundaries; not exon-repaired; not conserved			0	53			113	1323	44e2a939-c65d-4b0c-8362-5f74457d9f98	60	44	60	1188	False	ANG2	RNASE4	PASS:GF	pPASS	True
bos_taurus	ARS-UCD2.0	SRR31429688	SRR31429688.1335574	Genion	ENSBTAG00000046668	ENSBTAG00000019612	10	10	-	-	26412911	26392497	55	observed exon-aligned boundaries; not exon-repaired; not conserved			1	46			101	1321	c395da09-97b2-422a-85f2-8247d38a94de	60	43	60	1194	False	ANG2	RNASE4	PASS:GF	pPASS	True
bos_taurus	ARS-UCD2.0	SRR31429688	SRR31429688.1340841	Genion	ENSBTAG00000046668	ENSBTAG00000019612	10	10	-	-	26412911	26392497	67	observed exon-aligned boundaries; not exon-repaired; not conserved			5	47			114	1440	2a13dbfb-ea35-4c3d-8176-260469167724	60	41	60	1196	False	ANG2	RNASE4	PASS:GF	pPASS	True
bos_taurus	ARS-UCD2.0	SRR31429688	SRR31429688.1342377	Genion	ENSBTAG00000046668	ENSBTAG00000019612	10	10	-	-	26412911	26392497	57	observed exon-aligned boundaries; not exon-repaired; not conserved			3	46			103	1324	15802050-a182-44a2-9906-0c9b38f29b21	60	41	60	1203	False	ANG2	RNASE4	PASS:GF	pPASS	True
bos_taurus	ARS-UCD2.0	SRR31429688	SRR31429688.1344015	Genion	ENSBTAG00000046668	ENSBTAG00000019612	10	10	-	-	26412911	26392497	63	observed exon-aligned boundaries; not exon-repaired; not conserved			3	41			104	1320	06519a1f-5f57-4cc4-ba33-d06653bf4d21	60	38	60	1192	False	ANG2	RNASE4	PASS:GF	pPASS	True
bos_taurus	ARS-UCD2.0	SRR31429688	SRR31429688.1345748	Genion	ENSBTAG00000046668	ENSBTAG00000019612	10	10	-	-	26412911	26392497	65	observed exon-aligned boundaries; not exon-repaired; not conserved			3	38			103	251	5c593ab0-59a4-4c83-9c93-82976cfb3385	60	35	60	147	False	ANG2	RNASE4	PASS:GF	pPASS	True
bos_taurus	ARS-UCD2.0	SRR31429688	SRR31429688.1346782	Genion	ENSBTAG00000046668	ENSBTAG00000019612	10	10	-	-	26412911	26392496	54	observed exon-aligned boundaries; not exon-repaired; not conserved			0	41			95	1334	c4207875-9761-4017-88c2-75b2d2a994b0	60	41	60	1199	False	ANG2	RNASE4	PASS:GF	pPASS	True
bos_taurus	ARS-UCD2.0	SRR31429688	SRR31429688.1348112	Genion	ENSBTAG00000046668	ENSBTAG00000019612	10	10	-	-	26412911	26392497	59	observed exon-aligned boundaries; not exon-repaired; not conserved			2	41			100	1325	f71f1fda-e742-4e50-8443-ec37d60ae289	60	39	60	1206	False	ANG2	RNASE4	PASS:GF	pPASS	True
bos_taurus	ARS-UCD2.0	SRR31429688	SRR31429688.1359513	Genion	ENSBTAG00000046668	ENSBTAG00000019612	10	10	-	-	26412911	26392497	58	observed exon-aligned boundaries; not exon-repaired; not conserved			0	37			95	1320	a0db95a2-24f2-4835-981f-704d3eeeb828	60	37	60	1192	False	ANG2	RNASE4	PASS:GF	pPASS	True
bos_taurus	ARS-UCD2.0	SRR31429688	SRR31429688.1360238	Genion	ENSBTAG00000046668	ENSBTAG00000019612	10	10	-	-	26412911	26392497	58	observed exon-aligned boundaries; not exon-repaired; not conserved			2	46			104	1303	d9e3eb03-84d9-4042-9c6b-72aadecbc651	60	44	60	1147	False	ANG2	RNASE4	PASS:GF	pPASS	True
bos_taurus	ARS-UCD2.0	SRR31429688	SRR31429688.1362889	Genion	ENSBTAG00000046668	ENSBTAG00000019612	10	10	-	-	26412911	26392497	61	observed exon-aligned boundaries; not exon-repaired; not conserved			6	45			106	1315	aef3c29b-29a1-47dc-827b-60b1a0132f0f	60	39	60	1179	False	ANG2	RNASE4	PASS:GF	pPASS	True
bos_taurus	ARS-UCD2.0	SRR31429688	SRR31429688.1366287	Genion	ENSBTAG00000046668	ENSBTAG00000019612	10	10	-	-	26412911	26392497	58	observed exon-aligned boundaries; not exon-repaired; not conserved			0	39			97	1320	b218ac9e-a0ed-4c48-87bf-1ed6f0aa5743	60	39	60	1203	False	ANG2	RNASE4	PASS:GF	pPASS	True
bos_taurus	ARS-UCD2.0	SRR31429688	SRR31429688.1367144	Genion	ENSBTAG00000046668	ENSBTAG00000019612	10	10	-	-	26412911	26392497	59	observed exon-aligned boundaries; not exon-repaired; not conserved			3	40			99	1323	06e8a1eb-29f1-47eb-9873-27c3ea55ec57	60	37	60	1203	False	ANG2	RNASE4	PASS:GF	pPASS	True
bos_taurus	ARS-UCD2.0	SRR31429688	SRR31429688.1367456	Genion	ENSBTAG00000046668	ENSBTAG00000019612	10	10	-	-	26412911	26392497	55	observed exon-aligned boundaries; not exon-repaired; not conserved			1	75			130	1364	94a8d0d0-ee10-4239-8f9b-d4d506059a7f	60	72	60	1187	False	ANG2	RNASE4	PASS:GF	pPASS	True
bos_taurus	ARS-UCD2.0	SRR31429688	SRR31429688.1368306	Genion	ENSBTAG00000046668	ENSBTAG00000019612	10	10	-	-	26412911	26392497	57	observed exon-aligned boundaries; not exon-repaired; not conserved			3	42			99	1329	18bf983e-7009-4a0a-8f30-7ed44f8748d9	60	38	60	1201	False	ANG2	RNASE4	PASS:GF	pPASS	True
bos_taurus	ARS-UCD2.0	SRR31429688	SRR31429688.1371232	Genion	ENSBTAG00000046668	ENSBTAG00000019612	10	10	-	-	26412911	26392496	59	observed exon-aligned boundaries; not exon-repaired; not conserved			0	42			101	1318	2d073d10-7ce9-4052-a8f3-87aa7b5f603b	60	42	60	1197	False	ANG2	RNASE4	PASS:GF	pPASS	True
bos_taurus	ARS-UCD2.0	SRR31429688	SRR31429688.1374126	Genion	ENSBTAG00000046668	ENSBTAG00000019612	10	10	-	-	26412911	26392497	58	observed exon-aligned boundaries; not exon-repaired; not conserved			0	10			68	1279	0b143c63-8e06-4a62-9a94-634aedbeef28	60	10	60	1177	False	ANG2	RNASE4	PASS:GF	pPASS	True
bos_taurus	ARS-UCD2.0	SRR31429688	SRR31429688.1374528	Genion	ENSBTAG00000046668	ENSBTAG00000019612	10	10	-	-	26412911	26392497	63	observed exon-aligned boundaries; not exon-repaired; not conserved			2	39			102	1313	bee9ec50-83b0-4741-a2ea-d88c7a44c9fa	60	37	60	1182	False	ANG2	RNASE4	PASS:GF	pPASS	True
bos_taurus	ARS-UCD2.0	SRR31429688	SRR31429688.1374721	Genion	ENSBTAG00000046668	ENSBTAG00000019612	10	10	-	-	26412911	26392497	59	observed exon-aligned boundaries; not exon-repaired; not conserved			0	41			100	1336	a7e80aba-6c24-499e-83e7-873f084645db	60	41	60	1204	False	ANG2	RNASE4	PASS:GF	pPASS	True
bos_taurus	ARS-UCD2.0	SRR31429688	SRR31429688.1375669	Genion	ENSBTAG00000046668	ENSBTAG00000019612	10	10	-	-	26412911	26392497	57	observed exon-aligned boundaries; not exon-repaired; not conserved			0	41			98	1327	0e86ff24-12ea-433c-8efa-1148a8377306	60	41	60	1205	False	ANG2	RNASE4	PASS:GF	pPASS	True
bos_taurus	ARS-UCD2.0	SRR31429688	SRR31429688.1375824	Genion	ENSBTAG00000046668	ENSBTAG00000019612	10	10	-	-	26412911	26392497	56	observed exon-aligned boundaries; not exon-repaired; not conserved			3	299			355	1563	ae9bc8c4-c43a-4cd6-acbc-3f0af01f1ed4	60	290	60	1186	True	ANG2	RNASE4	PASS:GF	pPASS	True
bos_taurus	ARS-UCD2.0	SRR31429688	SRR31429688.1379762	Genion	ENSBTAG00000046668	ENSBTAG00000019612	10	10	-	-	26412911	26392497	61	observed exon-aligned boundaries; not exon-repaired; not conserved			4	43			104	1323	73b97b43-4a81-4e72-b7ca-c6766729b572	60	38	60	1192	False	ANG2	RNASE4	PASS:GF	pPASS	True
bos_taurus	ARS-UCD2.0	SRR31429688	SRR31429688.1385028	Genion	ENSBTAG00000046668	ENSBTAG00000019612	10	10	-	-	26412911	26392497	56	observed exon-aligned boundaries; not exon-repaired; not conserved			2	48			104	1312	e1b33b58-52e7-4bb2-84ba-c9e083fb869f	60	42	60	1193	False	ANG2	RNASE4	PASS:GF	pPASS	True
bos_taurus	ARS-UCD2.0	SRR31429688	SRR31429688.1388044	Genion	ENSBTAG00000046668	ENSBTAG00000019612	10	10	-	-	26412911	26392497	59	observed exon-aligned boundaries; not exon-repaired; not conserved			3	42			101	1311	b41dc770-b245-401c-a4f1-08e8b6132944	60	39	60	1183	False	ANG2	RNASE4	PASS:GF	pPASS	True
bos_taurus	ARS-UCD2.0	SRR31429688	SRR31429688.1388561	Genion	ENSBTAG00000046668	ENSBTAG00000019612	10	10	-	-	26412911	26392497	61	observed exon-aligned boundaries; not exon-repaired; not conserved			0	42			103	1334	2a1e2d79-83c9-42cb-8d92-fbbcf6798d9d	60	42	60	1194	False	ANG2	RNASE4	PASS:GF	pPASS	True
bos_taurus	ARS-UCD2.0	SRR31429688	SRR31429688.1394422	Genion	ENSBTAG00000046668	ENSBTAG00000019612	10	10	-	-	26412911	26392497	61	observed exon-aligned boundaries; not exon-repaired; not conserved			1	40			101	1331	ea4ba83e-b02e-46be-8641-84c44101e7fa	60	39	60	1206	False	ANG2	RNASE4	PASS:GF	pPASS	True
bos_taurus	ARS-UCD2.0	SRR31429688	SRR31429688.1395933	Genion	ENSBTAG00000046668	ENSBTAG00000019612	10	10	-	-	26412911	26392497	58	observed exon-aligned boundaries; not exon-repaired; not conserved			4	40			98	1335	5f032515-7386-40b0-88ba-8e513d9abb07	60	35	60	1181	False	ANG2	RNASE4	PASS:GF	pPASS	True
bos_taurus	ARS-UCD2.0	SRR31429688	SRR31429688.1396619	Genion	ENSBTAG00000046668	ENSBTAG00000019612	10	10	-	-	26412911	26392497	56	observed exon-aligned boundaries; not exon-repaired; not conserved			0	41			97	1339	7012d531-943c-4b27-a9e2-1f53488540e8	60	41	60	1212	False	ANG2	RNASE4	PASS:GF	pPASS	True
bos_taurus	ARS-UCD2.0	SRR31429688	SRR31429688.1403069	Genion	ENSBTAG00000046668	ENSBTAG00000019612	10	10	-	-	26412911	26392497	58	observed exon-aligned boundaries; not exon-repaired; not conserved			0	44			102	1313	dfeeecea-9c4a-4057-8ef3-5f9823f0a9da	60	40	60	1184	False	ANG2	RNASE4	PASS:GF	pPASS	True
bos_taurus	ARS-UCD2.0	SRR31429688	SRR31429688.1404625	Genion	ENSBTAG00000046668	ENSBTAG00000019612	10	10	-	-	26412911	26392497	60	observed exon-aligned boundaries; not exon-repaired; not conserved			0	44			104	1322	9da024d6-b3b2-4878-a98a-1ee85601adc7	60	44	60	1197	False	ANG2	RNASE4	PASS:GF	pPASS	True
bos_taurus	ARS-UCD2.0	SRR31429688	SRR31429688.1407343	Genion	ENSBTAG00000046668	ENSBTAG00000019612	10	10	-	-	26412911	26392497	60	observed exon-aligned boundaries; not exon-repaired; not conserved			2	45			105	1338	771e98a6-3bb8-4cd5-bfa0-be281486e75c	60	41	60	1208	False	ANG2	RNASE4	PASS:GF	pPASS	True
bos_taurus	ARS-UCD2.0	SRR31429688	SRR31429688.1408144	Genion	ENSBTAG00000046668	ENSBTAG00000019612	10	10	-	-	26412911	26392497	62	observed exon-aligned boundaries; not exon-repaired; not conserved			2	42			104	1317	ececa750-da6e-4fc9-a1c0-b6e5d05ab8b5	60	40	60	1187	False	ANG2	RNASE4	PASS:GF	pPASS	True
bos_taurus	ARS-UCD2.0	SRR31429688	SRR31429688.1410644	Genion	ENSBTAG00000046668	ENSBTAG00000019612	10	10	-	-	26412911	26392497	58	observed exon-aligned boundaries; not exon-repaired; not conserved			0	37			95	1307	fe2b9545-99a7-4e24-b63a-ef358b8812d1	60	37	60	1183	False	ANG2	RNASE4	PASS:GF	pPASS	True
bos_taurus	ARS-UCD2.0	SRR31429688	SRR31429688.1411132	Genion	ENSBTAG00000046668	ENSBTAG00000019612	10	10	-	-	26412911	26392497	56	observed exon-aligned boundaries; not exon-repaired; not conserved			1	42			98	1326	6808601c-af65-4c6d-8547-b3fc4cc85524	60	41	60	1174	False	ANG2	RNASE4	PASS:GF	pPASS	True
bos_taurus	ARS-UCD2.0	SRR31429688	SRR31429688.1423599	Genion	ENSBTAG00000046668	ENSBTAG00000019612	10	10	-	-	26412911	26392497	60	observed exon-aligned boundaries; not exon-repaired; not conserved			0	43			103	1338	7b9013f7-8d1c-4184-a26a-7596f6f09d67	60	42	60	1197	False	ANG2	RNASE4	PASS:GF	pPASS	True
bos_taurus	ARS-UCD2.0	SRR31429688	SRR31429688.1424263	Genion	ENSBTAG00000046668	ENSBTAG00000019612	10	10	-	-	26412911	26392497	61	observed exon-aligned boundaries; not exon-repaired; not conserved			1	41			102	1332	e00a1db7-82d0-40cd-9813-6324658b0d0e	60	40	60	1202	False	ANG2	RNASE4	PASS:GF	pPASS	True
bos_taurus	ARS-UCD2.0	SRR31429688	SRR31429688.1424574	Genion	ENSBTAG00000046668	ENSBTAG00000019612	10	10	-	-	26412911	26392497	55	observed exon-aligned boundaries; not exon-repaired; not conserved			4	42			97	1333	204ec270-61bb-4f36-96c2-b3c1f8f543eb	60	38	60	1178	False	ANG2	RNASE4	PASS:GF	pPASS	True
bos_taurus	ARS-UCD2.0	SRR31429688	SRR31429688.1425063	Genion	ENSBTAG00000046668	ENSBTAG00000019612	10	10	-	-	26412911	26392497	60	observed exon-aligned boundaries; not exon-repaired; not conserved			0	44			104	1328	3cb98984-2c5a-4bd5-95d5-2af97e1101f6	60	42	60	1193	False	ANG2	RNASE4	PASS:GF	pPASS	True
bos_taurus	ARS-UCD2.0	SRR31429688	SRR31429688.1432438	Genion	ENSBTAG00000046668	ENSBTAG00000019612	10	10	-	-	26412911	26392497	56	observed exon-aligned boundaries; not exon-repaired; not conserved			3	40			96	1317	d3529f5c-c4ef-4b44-a585-20451dcce194	60	37	60	1196	False	ANG2	RNASE4	PASS:GF	pPASS	True
bos_taurus	ARS-UCD2.0	SRR31429688	SRR31429688.1432867	Genion	ENSBTAG00000046668	ENSBTAG00000019612	10	10	-	-	26412911	26392497	60	observed exon-aligned boundaries; not exon-repaired; not conserved			0	68			128	1350	1954339e-fa63-4822-9e93-7c0bd699fd88	60	68	60	1210	False	ANG2	RNASE4	PASS:GF	pPASS	True
bos_taurus	ARS-UCD2.0	SRR31429688	SRR31429688.1433736	Genion	ENSBTAG00000046668	ENSBTAG00000019612	10	10	-	-	26412911	26392497	65	observed exon-aligned boundaries; not exon-repaired; not conserved			0	43			108	1333	30d41982-dd07-49eb-9099-51ccacfd3a28	60	43	60	1201	False	ANG2	RNASE4	PASS:GF	pPASS	True
bos_taurus	ARS-UCD2.0	SRR31429688	SRR31429688.1433857	Genion	ENSBTAG00000046668	ENSBTAG00000019612	10	10	-	-	26412911	26392497	59	observed exon-aligned boundaries; not exon-repaired; not conserved			4	41			100	1310	bcd043df-7da1-449a-b7fa-4800c363bb3c	60	37	60	1176	False	ANG2	RNASE4	PASS:GF	pPASS	True
bos_taurus	ARS-UCD2.0	SRR31429688	SRR31429688.1434980	Genion	ENSBTAG00000046668	ENSBTAG00000019612	10	10	-	-	26412911	26392497	61	observed exon-aligned boundaries; not exon-repaired; not conserved			3	42			103	1344	f71c59fa-e9e2-4345-9102-04523425f106	60	39	60	1210	False	ANG2	RNASE4	PASS:GF	pPASS	True
bos_taurus	ARS-UCD2.0	SRR31429688	SRR31429688.1437411	Genion	ENSBTAG00000046668	ENSBTAG00000019612	10	10	-	-	26412911	26392497	59	observed exon-aligned boundaries; not exon-repaired; not conserved			0	41			100	1331	5c6788de-8604-487e-85eb-81bc01d95aaf	60	41	60	1194	False	ANG2	RNASE4	PASS:GF	pPASS	True
bos_taurus	ARS-UCD2.0	SRR31429688	SRR31429688.1438395	Genion	ENSBTAG00000046668	ENSBTAG00000019612	10	10	-	-	26412911	26392497	61	observed exon-aligned boundaries; not exon-repaired; not conserved			0	42			103	1349	ab5c7aab-b8a7-4030-8b6e-41c6cc90989b	60	41	60	1218	False	ANG2	RNASE4	PASS:GF	pPASS	True
bos_taurus	ARS-UCD2.0	SRR31429688	SRR31429688.1439630	Genion	ENSBTAG00000046668	ENSBTAG00000019612	10	10	-	-	26412911	26392497	60	observed exon-aligned boundaries; not exon-repaired; not conserved			1	44			104	1337	33d1aede-8215-4707-a253-62cba87abe31	60	40	60	1196	False	ANG2	RNASE4	PASS:GF	pPASS	True
bos_taurus	ARS-UCD2.0	SRR31429688	SRR31429688.1443131	Genion	ENSBTAG00000046668	ENSBTAG00000019612	10	10	-	-	26412911	26392497	60	observed exon-aligned boundaries; not exon-repaired; not conserved			0	43			103	1307	20c44357-9781-45a0-835b-e167150047be	60	42	60	1167	False	ANG2	RNASE4	PASS:GF	pPASS	True
bos_taurus	ARS-UCD2.0	SRR31429688	SRR31429688.1443512	Genion	ENSBTAG00000046668	ENSBTAG00000019612	10	10	-	-	26412911	26392497	61	observed exon-aligned boundaries; not exon-repaired; not conserved			0	46			107	1346	f78d3266-16af-43f3-8795-92d76de04cc4	60	44	60	1156	False	ANG2	RNASE4	PASS:GF	pPASS	True
bos_taurus	ARS-UCD2.0	SRR31429688	SRR31429688.1451740	Genion	ENSBTAG00000046668	ENSBTAG00000019612	10	10	-	-	26412911	26392497	61	observed exon-aligned boundaries; not exon-repaired; not conserved			2	42			103	1336	77724397-f66d-4e79-a789-5baef5f70dd4	60	38	60	1211	False	ANG2	RNASE4	PASS:GF	pPASS	True
bos_taurus	ARS-UCD2.0	SRR31429688	SRR31429688.1456592	Genion	ENSBTAG00000046668	ENSBTAG00000019612	10	10	-	-	26412912	26392497	59	observed exon-aligned boundaries; not exon-repaired; not conserved			6	43			102	1302	6ff1b134-af19-401d-88a6-c5f390255f65	60	37	60	1172	False	ANG2	RNASE4	PASS:GF	pPASS	True
bos_taurus	ARS-UCD2.0	SRR31429688	SRR31429688.1460185	Genion	ENSBTAG00000046668	ENSBTAG00000019612	10	10	-	-	26412911	26392497	58	observed exon-aligned boundaries; not exon-repaired; not conserved			0	42			100	1302	8e6117f9-a67b-46a4-83bf-e214ca7e9003	60	42	60	1156	False	ANG2	RNASE4	PASS:GF	pPASS	True
bos_taurus	ARS-UCD2.0	SRR31429688	SRR31429688.1462395	Genion	ENSBTAG00000046668	ENSBTAG00000019612	10	10	-	-	26412911	26392497	54	observed exon-aligned boundaries; not exon-repaired; not conserved			1	42			96	1340	dbd5f550-c9a6-46e0-b63f-95b48a2bc7c3	60	41	60	1217	False	ANG2	RNASE4	PASS:GF	pPASS	True
bos_taurus	ARS-UCD2.0	SRR31429688	SRR31429688.1466479	Genion	ENSBTAG00000046668	ENSBTAG00000019612	10	10	-	-	26412911	26392497	61	observed exon-aligned boundaries; not exon-repaired; not conserved			5	48			109	1358	48acba92-d3a1-49ec-bf87-c4316b673e6b	60	38	60	1195	False	ANG2	RNASE4	PASS:GF	pPASS	True
bos_taurus	ARS-UCD2.0	SRR31429688	SRR31429688.1469199	Genion	ENSBTAG00000046668	ENSBTAG00000019612	10	10	-	-	26412911	26392497	58	observed exon-aligned boundaries; not exon-repaired; not conserved			0	122			180	1396	3efc9770-92e4-43c4-bf3e-c661853ef803	60	120	60	1193	True	ANG2	RNASE4	PASS:GF	pPASS	True
bos_taurus	ARS-UCD2.0	SRR31429688	SRR31429688.1471936	Genion	ENSBTAG00000046668	ENSBTAG00000019612	10	10	-	-	26412911	26392497	57	observed exon-aligned boundaries; not exon-repaired; not conserved			0	44			101	1393	ba6b3df7-ccf9-495e-b2e3-3f2804c8a220	60	42	60	1196	False	ANG2	RNASE4	PASS:GF	pPASS	True
bos_taurus	ARS-UCD2.0	SRR31429688	SRR31429688.1480497	Genion	ENSBTAG00000046668	ENSBTAG00000019612	10	10	-	-	26412911	26392495	56	observed exon-aligned boundaries; not exon-repaired; not conserved			10	42			98	1321	097373b1-8707-4ec8-a3d8-048e78dba917	60	32	60	1192	False	ANG2	RNASE4	PASS:GF	pPASS	True
bos_taurus	ARS-UCD2.0	SRR31429688	SRR31429688.1481821	Genion	ENSBTAG00000046668	ENSBTAG00000019612	10	10	-	-	26412911	26392497	61	observed exon-aligned boundaries; not exon-repaired; not conserved			0	46			107	1334	405b4aa2-dba8-4f7a-ab0b-17087fadff4d	60	43	60	1201	False	ANG2	RNASE4	PASS:GF	pPASS	True
bos_taurus	ARS-UCD2.0	SRR31429688	SRR31429688.1482470	Genion	ENSBTAG00000046668	ENSBTAG00000019612	10	10	-	-	26412911	26392497	58	observed exon-aligned boundaries; not exon-repaired; not conserved			8	57			115	1316	753d7c41-dff4-4307-9f06-84414cef75e8	60	48	60	1182	False	ANG2	RNASE4	PASS:GF	pPASS	True
bos_taurus	ARS-UCD2.0	SRR31429688	SRR31429688.1483021	Genion	ENSBTAG00000046668	ENSBTAG00000019612	10	10	-	-	26412911	26392497	59	observed exon-aligned boundaries; not exon-repaired; not conserved			1	42			101	1293	3256b06f-8608-4870-8366-623be15d96ea	60	41	60	1172	False	ANG2	RNASE4	PASS:GF	pPASS	True
bos_taurus	ARS-UCD2.0	SRR31429688	SRR31429688.1487369	Genion	ENSBTAG00000046668	ENSBTAG00000019612	10	10	-	-	26412911	26392497	59	observed exon-aligned boundaries; not exon-repaired; not conserved			0	35			94	1318	2aa9ff55-fc89-42e4-8053-7478954277d6	60	35	60	1178	False	ANG2	RNASE4	PASS:GF	pPASS	True
bos_taurus	ARS-UCD2.0	SRR31429688	SRR31429688.1491270	Genion	ENSBTAG00000046668	ENSBTAG00000019612	10	10	-	-	26412911	26392497	61	observed exon-aligned boundaries; not exon-repaired; not conserved			0	40			101	1293	52db5ee9-e0a2-44cf-8067-5e7cebcfa479	60	40	60	1173	False	ANG2	RNASE4	PASS:GF	pPASS	True
bos_taurus	ARS-UCD2.0	SRR31429688	SRR31429688.1494407	Genion	ENSBTAG00000046668	ENSBTAG00000019612	10	10	-	-	26412911	26392497	57	observed exon-aligned boundaries; not exon-repaired; not conserved			3	42			99	1331	af957382-b6cb-4488-8e0c-17f701b35e96	60	39	60	1205	False	ANG2	RNASE4	PASS:GF	pPASS	True
bos_taurus	ARS-UCD2.0	SRR31429688	SRR31429688.1496279	Genion	ENSBTAG00000046668	ENSBTAG00000019612	10	10	-	-	26412911	26392497	60	observed exon-aligned boundaries; not exon-repaired; not conserved			0	70			130	1381	1717bab0-b2c3-47ba-aeaa-02734eccb3cd	60	69	60	1208	False	ANG2	RNASE4	PASS:GF	pPASS	True
bos_taurus	ARS-UCD2.0	SRR31429688	SRR31429688.1497077	Genion	ENSBTAG00000046668	ENSBTAG00000019612	10	10	-	-	26412911	26392497	58	observed exon-aligned boundaries; not exon-repaired; not conserved			3	42			100	1324	f1265ff2-79b2-48a9-b0c8-1f5878b9fcde	60	38	60	1201	False	ANG2	RNASE4	PASS:GF	pPASS	True
bos_taurus	ARS-UCD2.0	SRR31429688	SRR31429688.1500970	Genion	ENSBTAG00000046668	ENSBTAG00000019612	10	10	-	-	26412911	26392497	59	observed exon-aligned boundaries; not exon-repaired; not conserved			0	40			99	1345	000ba2f3-e235-4fba-b8c1-fabbd5c3dbf7	60	40	60	1200	False	ANG2	RNASE4	PASS:GF	pPASS	True
bos_taurus	ARS-UCD2.0	SRR31429688	SRR31429688.1501635	Genion	ENSBTAG00000046668	ENSBTAG00000019612	10	10	-	-	26412911	26392497	58	observed exon-aligned boundaries; not exon-repaired; not conserved			0	75			133	1293	84a86d44-0cb8-4106-a622-af754f997a73	60	73	60	1145	False	ANG2	RNASE4	PASS:GF	pPASS	True
bos_taurus	ARS-UCD2.0	SRR31429688	SRR31429688.1502707	Genion	ENSBTAG00000046668	ENSBTAG00000019612	10	10	-	-	26412911	26392497	60	observed exon-aligned boundaries; not exon-repaired; not conserved			0	42			102	1295	5341a9bc-cc06-41f4-bf9d-f703cd2c5003	60	41	60	1169	False	ANG2	RNASE4	PASS:GF	pPASS	True
bos_taurus	ARS-UCD2.0	SRR31429688	SRR31429688.1502882	Genion	ENSBTAG00000046668	ENSBTAG00000019612	10	10	-	-	26412911	26392497	57	observed exon-aligned boundaries; not exon-repaired; not conserved			3	42			99	1291	922665b7-a292-40c4-943e-d88d6147a22c	60	38	60	1179	False	ANG2	RNASE4	PASS:GF	pPASS	True
bos_taurus	ARS-UCD2.0	SRR31429688	SRR31429688.1514824	Genion	ENSBTAG00000046668	ENSBTAG00000019612	10	10	-	-	26412911	26392497	64	observed exon-aligned boundaries; not exon-repaired; not conserved			0	39			103	1322	262cd34f-508d-4fe1-a2ce-82cdcf1cb9dc	60	38	60	1197	False	ANG2	RNASE4	PASS:GF	pPASS	True
bos_taurus	ARS-UCD2.0	SRR31429688	SRR31429688.1516463	Genion	ENSBTAG00000046668	ENSBTAG00000019612	10	10	-	-	26412911	26392497	57	observed exon-aligned boundaries; not exon-repaired; not conserved			3	42			99	1316	72ea385b-584e-4d88-9c38-054877566f96	60	38	60	1198	False	ANG2	RNASE4	PASS:GF	pPASS	True
bos_taurus	ARS-UCD2.0	SRR31429688	SRR31429688.1526002	Genion	ENSBTAG00000046668	ENSBTAG00000019612	10	10	-	-	26412911	26392497	62	observed exon-aligned boundaries; not exon-repaired; not conserved			3	43			105	1342	2f8e693a-e992-40a0-b5f1-b87de35752b2	60	39	60	1201	False	ANG2	RNASE4	PASS:GF	pPASS	True
bos_taurus	ARS-UCD2.0	SRR31429688	SRR31429688.1535722	Genion	ENSBTAG00000046668	ENSBTAG00000019612	10	10	-	-	26412911	26392497	58	observed exon-aligned boundaries; not exon-repaired; not conserved			0	43			101	1336	f8518521-d9c3-4408-a185-d90fc604ac60	60	42	60	1206	False	ANG2	RNASE4	PASS:GF	pPASS	True
bos_taurus	ARS-UCD2.0	SRR31429688	SRR31429688.1538886	Genion	ENSBTAG00000046668	ENSBTAG00000019612	10	10	-	-	26412911	26392497	60	observed exon-aligned boundaries; not exon-repaired; not conserved			0	42			102	1315	61a7a19e-6f6c-4f3f-baf9-4a49d0cbffd0	60	42	60	1185	False	ANG2	RNASE4	PASS:GF	pPASS	True
bos_taurus	ARS-UCD2.0	SRR31429688	SRR31429688.1539753	Genion	ENSBTAG00000046668	ENSBTAG00000019612	10	10	-	-	26412911	26392497	57	observed exon-aligned boundaries; not exon-repaired; not conserved			0	41			98	1320	0c72c840-ed37-4f76-8ae4-5c6b95d8d2c1	60	40	60	1189	False	ANG2	RNASE4	PASS:GF	pPASS	True
bos_taurus	ARS-UCD2.0	SRR31429688	SRR31429688.1541196	Genion	ENSBTAG00000046668	ENSBTAG00000019612	10	10	-	-	26412911	26392497	60	observed exon-aligned boundaries; not exon-repaired; not conserved			2	39			99	1306	034628f6-ea4c-4baf-bd8b-c41b7849c9ef	60	36	60	1178	False	ANG2	RNASE4	PASS:GF	pPASS	True
bos_taurus	ARS-UCD2.0	SRR31429688	SRR31429688.1542967	Genion	ENSBTAG00000046668	ENSBTAG00000019612	10	10	-	-	26412911	26392497	59	observed exon-aligned boundaries; not exon-repaired; not conserved			0	39			98	1307	06c5a1f6-81b0-4d36-8aa8-a972a87f580d	60	39	60	1194	False	ANG2	RNASE4	PASS:GF	pPASS	True
bos_taurus	ARS-UCD2.0	SRR31429688	SRR31429688.1543209	Genion	ENSBTAG00000046668	ENSBTAG00000019612	10	10	-	-	26412911	26392497	60	observed exon-aligned boundaries; not exon-repaired; not conserved			0	40			100	1338	e9040929-9152-4f9f-9082-b01ef9c643f7	60	40	60	1217	False	ANG2	RNASE4	PASS:GF	pPASS	True
bos_taurus	ARS-UCD2.0	SRR31429688	SRR31429688.1545548	Genion	ENSBTAG00000046668	ENSBTAG00000019612	10	10	-	-	26412911	26392497	56	observed exon-aligned boundaries; not exon-repaired; not conserved			1	38			94	1317	2748a0da-e235-40c6-a217-810576a289a6	60	37	60	1197	False	ANG2	RNASE4	PASS:GF	pPASS	True
bos_taurus	ARS-UCD2.0	SRR31429688	SRR31429688.1550398	Genion	ENSBTAG00000046668	ENSBTAG00000019612	10	10	-	-	26412911	26392497	55	observed exon-aligned boundaries; not exon-repaired; not conserved			2	65			120	1327	a3679045-a3fa-4372-82d1-28ea5df9920b	60	63	60	1178	False	ANG2	RNASE4	PASS:GF	pPASS	True
bos_taurus	ARS-UCD2.0	SRR31429688	SRR31429688.1551009	Genion	ENSBTAG00000046668	ENSBTAG00000019612	10	10	-	-	26412911	26392497	57	observed exon-aligned boundaries; not exon-repaired; not conserved			1	39			96	1279	0091353f-1074-40ed-9d94-cf3c835e0a05	60	38	60	1169	False	ANG2	RNASE4	PASS:GF	pPASS	True
bos_taurus	ARS-UCD2.0	SRR31429688	SRR31429688.1552340	Genion	ENSBTAG00000046668	ENSBTAG00000019612	10	10	-	-	26412911	26392493	60	observed exon-aligned boundaries; not exon-repaired; not conserved			1	43			103	1323	c413f2bf-a612-46bb-9938-671880f04af1	60	42	60	1193	False	ANG2	RNASE4	PASS:GF	pPASS	True
bos_taurus	ARS-UCD2.0	SRR31429688	SRR31429688.1562941	Genion	ENSBTAG00000046668	ENSBTAG00000019612	10	10	-	-	26412911	26392497	61	observed exon-aligned boundaries; not exon-repaired; not conserved			3	41			102	1335	e7e436ba-95fb-41da-adb5-494df91b71c6	60	38	60	1210	False	ANG2	RNASE4	PASS:GF	pPASS	True
bos_taurus	ARS-UCD2.0	SRR31429688	SRR31429688.1566188	Genion	ENSBTAG00000046668	ENSBTAG00000019612	10	10	-	-	26412911	26392497	59	observed exon-aligned boundaries; not exon-repaired; not conserved			0	40			99	1317	72743252-0259-4d13-8ac7-119cdce264f3	60	40	60	1194	False	ANG2	RNASE4	PASS:GF	pPASS	True
bos_taurus	ARS-UCD2.0	SRR31429688	SRR31429688.1566982	Genion	ENSBTAG00000046668	ENSBTAG00000019612	10	10	-	-	26412911	26392497	55	observed exon-aligned boundaries; not exon-repaired; not conserved			0	39			94	1310	acbf8938-644d-4909-aff7-f0ced01490e5	60	39	60	1198	False	ANG2	RNASE4	PASS:GF	pPASS	True
bos_taurus	ARS-UCD2.0	SRR31429688	SRR31429688.1567796	Genion	ENSBTAG00000046668	ENSBTAG00000019612	10	10	-	-	26412911	26392497	54	observed exon-aligned boundaries; not exon-repaired; not conserved			0	41			95	1327	1acad9d3-1192-4c5d-8674-7422c8d702f3	60	41	60	1212	False	ANG2	RNASE4	PASS:GF	pPASS	True
bos_taurus	ARS-UCD2.0	SRR31429688	SRR31429688.1568519	Genion	ENSBTAG00000046668	ENSBTAG00000019612	10	10	-	-	26412911	26392497	61	observed exon-aligned boundaries; not exon-repaired; not conserved			4	44			105	1317	9cf0e019-6bc1-4aae-a58f-5468f107bf3d	60	40	60	1195	False	ANG2	RNASE4	PASS:GF	pPASS	True
bos_taurus	ARS-UCD2.0	SRR31429688	SRR31429688.1572727	Genion	ENSBTAG00000046668	ENSBTAG00000019612	10	10	-	-	26412911	26392497	59	observed exon-aligned boundaries; not exon-repaired; not conserved			0	40			99	1298	7df6d752-202d-4c95-bd1d-6fbc93ea2664	60	40	60	1185	False	ANG2	RNASE4	PASS:GF	pPASS	True
bos_taurus	ARS-UCD2.0	SRR31429688	SRR31429688.1574474	Genion	ENSBTAG00000046668	ENSBTAG00000019612	10	10	-	-	26412911	26392497	58	observed exon-aligned boundaries; not exon-repaired; not conserved			3	39			97	1323	36c44a3c-0f4a-402e-8b87-f4fbe7b95c9e	60	35	60	1194	False	ANG2	RNASE4	PASS:GF	pPASS	True
bos_taurus	ARS-UCD2.0	SRR31429688	SRR31429688.1583057	Genion	ENSBTAG00000046668	ENSBTAG00000019612	10	10	-	-	26412911	26392497	60	observed exon-aligned boundaries; not exon-repaired; not conserved			0	46			106	1349	002d8811-ceac-44c7-ab47-ff673bedee78	60	44	60	1212	False	ANG2	RNASE4	PASS:GF	pPASS	True
bos_taurus	ARS-UCD2.0	SRR31429688	SRR31429688.1589982	Genion	ENSBTAG00000046668	ENSBTAG00000019612	10	10	-	-	26412911	26392497	59	observed exon-aligned boundaries; not exon-repaired; not conserved			3	42			101	1306	72b1363d-e545-491d-b2aa-5b527d6dad36	60	37	60	1179	False	ANG2	RNASE4	PASS:GF	pPASS	True
bos_taurus	ARS-UCD2.0	SRR31429688	SRR31429688.1593238	Genion	ENSBTAG00000046668	ENSBTAG00000019612	10	10	-	-	26412911	26392497	54	observed exon-aligned boundaries; not exon-repaired; not conserved			2	40			94	1392	292e9d8c-4781-42e4-b6be-d514737fba34	60	37	60	1161	False	ANG2	RNASE4	PASS:GF	pPASS	True
bos_taurus	ARS-UCD2.0	SRR31429688	SRR31429688.1593299	Genion	ENSBTAG00000046668	ENSBTAG00000019612	10	10	-	-	26412911	26392497	56	observed exon-aligned boundaries; not exon-repaired; not conserved			3	40			96	1327	07ec08d3-47d2-4667-9248-2f82773bfc46	60	37	60	1199	False	ANG2	RNASE4	PASS:GF	pPASS	True
bos_taurus	ARS-UCD2.0	SRR31429688	SRR31429688.1593334	Genion	ENSBTAG00000046668	ENSBTAG00000019612	10	10	-	-	26412911	26392497	60	observed exon-aligned boundaries; not exon-repaired; not conserved			3	40			100	1340	f6869d56-4e11-4f5f-af3d-8e172e1dee4a	60	37	60	1193	False	ANG2	RNASE4	PASS:GF	pPASS	True
bos_taurus	ARS-UCD2.0	SRR31429688	SRR31429688.1595202	Genion	ENSBTAG00000046668	ENSBTAG00000019612	10	10	-	-	26412911	26392497	59	observed exon-aligned boundaries; not exon-repaired; not conserved			10	44			103	1333	db8097d0-460d-4aca-af51-870dbf95448f	60	32	60	1171	False	ANG2	RNASE4	PASS:GF	pPASS	True
bos_taurus	ARS-UCD2.0	SRR31429688	SRR31429688.1596397	Genion	ENSBTAG00000046668	ENSBTAG00000019612	10	10	-	-	26412911	26392497	60	observed exon-aligned boundaries; not exon-repaired; not conserved			3	41			101	1322	fc43fd02-3603-4c3f-9c1c-8dbf009927ba	60	37	60	1203	False	ANG2	RNASE4	PASS:GF	pPASS	True
bos_taurus	ARS-UCD2.0	SRR31429688	SRR31429688.1596569	Genion	ENSBTAG00000046668	ENSBTAG00000019612	10	10	-	-	26412911	26392497	59	observed exon-aligned boundaries; not exon-repaired; not conserved			2	37			96	1303	2a47957d-c6e3-4cff-9433-c065b9620d66	60	35	60	1189	False	ANG2	RNASE4	PASS:GF	pPASS	True
bos_taurus	ARS-UCD2.0	SRR31429688	SRR31429688.1601036	Genion	ENSBTAG00000046668	ENSBTAG00000019612	10	10	-	-	26412911	26392497	55	observed exon-aligned boundaries; not exon-repaired; not conserved			0	38			93	1316	9fae7abe-d749-4365-a850-83be4db4aa3d	60	38	60	1202	False	ANG2	RNASE4	PASS:GF	pPASS	True
bos_taurus	ARS-UCD2.0	SRR31429688	SRR31429688.1603057	Genion	ENSBTAG00000046668	ENSBTAG00000019612	10	10	-	-	26412911	26392497	57	observed exon-aligned boundaries; not exon-repaired; not conserved			12	33			90	1331	1418cc1c-0dd2-41ae-8e69-adaac36814ba	60	21	60	1184	False	ANG2	RNASE4	PASS:GF	pPASS	True
bos_taurus	ARS-UCD2.0	SRR31429688	SRR31429688.1604158	Genion	ENSBTAG00000046668	ENSBTAG00000019612	10	10	-	-	26412911	26392497	55	observed exon-aligned boundaries; not exon-repaired; not conserved			3	42			97	1375	7b0f7873-beb9-4e26-8e93-c68c1fdc3be9	60	38	60	1211	False	ANG2	RNASE4	PASS:GF	pPASS	True
bos_taurus	ARS-UCD2.0	SRR31429688	SRR31429688.1606174	Genion	ENSBTAG00000046668	ENSBTAG00000019612	10	10	-	-	26412911	26392497	57	observed exon-aligned boundaries; not exon-repaired; not conserved			5	15			72	600	7e0c72aa-431d-453d-babc-7614ec0511e1	60	10	60	523	False	ANG2	RNASE4	PASS:GF	pPASS	True
bos_taurus	ARS-UCD2.0	SRR31429688	SRR31429688.1612524	Genion	ENSBTAG00000046668	ENSBTAG00000019612	10	10	-	-	26412911	26392497	58	observed exon-aligned boundaries; not exon-repaired; not conserved			0	42			100	1315	7926d08f-996f-49af-b838-4db5f7dd49e3	60	42	60	1198	False	ANG2	RNASE4	PASS:GF	pPASS	True
bos_taurus	ARS-UCD2.0	SRR31429688	SRR31429688.1614657	Genion	ENSBTAG00000046668	ENSBTAG00000019612	10	10	-	-	26412911	26392497	57	observed exon-aligned boundaries; not exon-repaired; not conserved			0	71			128	1348	9956b508-9855-4956-b163-c923fc920b4e	60	70	60	1189	False	ANG2	RNASE4	PASS:GF	pPASS	True
bos_taurus	ARS-UCD2.0	SRR31429688	SRR31429688.1619479	Genion	ENSBTAG00000046668	ENSBTAG00000019612	10	10	-	-	26412911	26392497	59	observed exon-aligned boundaries; not exon-repaired; not conserved			14	66			125	1330	a67ce2e2-8857-4239-8800-cbc25e4ec12f	60	52	60	1188	False	ANG2	RNASE4	PASS:GF	pPASS	True
bos_taurus	ARS-UCD2.0	SRR31429688	SRR31429688.1623672	Genion	ENSBTAG00000046668	ENSBTAG00000019612	10	10	-	-	26412911	26392497	58	observed exon-aligned boundaries; not exon-repaired; not conserved			3	40			98	1324	be41ab23-63cd-46e1-929e-a058aafce95b	60	37	60	1198	False	ANG2	RNASE4	PASS:GF	pPASS	True
bos_taurus	ARS-UCD2.0	SRR31429688	SRR31429688.1630763	Genion	ENSBTAG00000046668	ENSBTAG00000019612	10	10	-	-	26412911	26392497	57	observed exon-aligned boundaries; not exon-repaired; not conserved			0	45			102	1343	c4f95187-30c0-4365-827b-84abcbe72ed0	60	42	60	1224	False	ANG2	RNASE4	PASS:GF	pPASS	True
bos_taurus	ARS-UCD2.0	SRR31429688	SRR31429688.1631978	Genion	ENSBTAG00000046668	ENSBTAG00000019612	10	10	-	-	26412911	26392497	57	observed exon-aligned boundaries; not exon-repaired; not conserved			2	66			123	1323	d587bef4-6579-41b4-838d-7476b6345b88	60	60	60	1181	False	ANG2	RNASE4	PASS:GF	pPASS	True
bos_taurus	ARS-UCD2.0	SRR31429688	SRR31429688.1632651	Genion	ENSBTAG00000046668	ENSBTAG00000019612	10	10	-	-	26412911	26392497	58	observed exon-aligned boundaries; not exon-repaired; not conserved			2	45			103	1337	daa7d5d4-31e8-426d-bbd9-45ba56ec9d31	60	42	60	1203	False	ANG2	RNASE4	PASS:GF	pPASS	True
bos_taurus	ARS-UCD2.0	SRR31429688	SRR31429688.1633758	Genion	ENSBTAG00000046668	ENSBTAG00000019612	10	10	-	-	26412911	26392497	58	observed exon-aligned boundaries; not exon-repaired; not conserved			0	39			97	1299	3afcb195-c0f1-498a-9982-982492e3f549	60	39	60	1189	False	ANG2	RNASE4	PASS:GF	pPASS	True
bos_taurus	ARS-UCD2.0	SRR31429688	SRR31429688.1637292	Genion	ENSBTAG00000046668	ENSBTAG00000019612	10	10	-	-	26412911	26392497	62	observed exon-aligned boundaries; not exon-repaired; not conserved			3	40			102	1336	6fad6d80-8f9f-46e5-83f8-1d193310e1b1	60	37	60	1212	False	ANG2	RNASE4	PASS:GF	pPASS	True
bos_taurus	ARS-UCD2.0	SRR31429688	SRR31429688.1644851	Genion	ENSBTAG00000046668	ENSBTAG00000019612	10	10	-	-	26412911	26392497	56	observed exon-aligned boundaries; not exon-repaired; not conserved			3	42			98	1281	dc69d8b9-9af0-4839-b477-7200ca756c30	60	38	60	1159	False	ANG2	RNASE4	PASS:GF	pPASS	True
bos_taurus	ARS-UCD2.0	SRR31429688	SRR31429688.1646045	Genion	ENSBTAG00000046668	ENSBTAG00000019612	10	10	-	-	26412911	26392497	59	observed exon-aligned boundaries; not exon-repaired; not conserved			0	40			99	1314	e67b0194-08c8-4249-a4d9-3ee6b7f2d67a	60	40	60	1195	False	ANG2	RNASE4	PASS:GF	pPASS	True
bos_taurus	ARS-UCD2.0	SRR31429688	SRR31429688.1657397	Genion	ENSBTAG00000046668	ENSBTAG00000019612	10	10	-	-	26412911	26392497	58	observed exon-aligned boundaries; not exon-repaired; not conserved			12	42			100	1355	2bb28a97-698e-4ced-90ae-9675f8240a85	60	30	60	1203	False	ANG2	RNASE4	PASS:GF	pPASS	True
bos_taurus	ARS-UCD2.0	SRR31429688	SRR31429688.1658881	Genion	ENSBTAG00000046668	ENSBTAG00000019612	10	10	-	-	26412911	26392497	61	observed exon-aligned boundaries; not exon-repaired; not conserved			4	41			102	1322	3fd82571-b768-44a4-9269-3753e39733f0	60	37	60	1181	False	ANG2	RNASE4	PASS:GF	pPASS	True
bos_taurus	ARS-UCD2.0	SRR31429688	SRR31429688.1659182	Genion	ENSBTAG00000046668	ENSBTAG00000019612	10	10	-	-	26412914	26392497	60	observed exon-aligned boundaries; not exon-repaired; not conserved			13	42			102	1296	13cbfd7c-96b4-4d12-9e3b-bcb5c96158b9	60	29	60	1146	False	ANG2	RNASE4	PASS:GF	pPASS	True
bos_taurus	ARS-UCD2.0	SRR31429688	SRR31429688.1660877	Genion	ENSBTAG00000046668	ENSBTAG00000019612	10	10	-	-	26412911	26392497	57	observed exon-aligned boundaries; not exon-repaired; not conserved			2	40			97	1269	7acf553f-b5b7-41bd-aab2-345efb06e265	60	38	60	1157	False	ANG2	RNASE4	PASS:GF	pPASS	True
bos_taurus	ARS-UCD2.0	SRR31429688	SRR31429688.1662570	Genion	ENSBTAG00000046668	ENSBTAG00000019612	10	10	-	-	26412911	26392497	61	observed exon-aligned boundaries; not exon-repaired; not conserved			2	40			101	1291	8220d2ee-0f40-43f9-a2a3-005b736383d9	60	38	60	1170	False	ANG2	RNASE4	PASS:GF	pPASS	True
bos_taurus	ARS-UCD2.0	SRR31429688	SRR31429688.1665611	Genion	ENSBTAG00000046668	ENSBTAG00000019612	10	10	-	-	26412911	26392497	59	observed exon-aligned boundaries; not exon-repaired; not conserved			2	42			101	1294	646ff530-b7f7-40cc-94ff-c6f5ba735a05	60	39	60	1173	False	ANG2	RNASE4	PASS:GF	pPASS	True
bos_taurus	ARS-UCD2.0	SRR31429688	SRR31429688.1670301	Genion	ENSBTAG00000046668	ENSBTAG00000019612	10	10	-	-	26412911	26392497	59	observed exon-aligned boundaries; not exon-repaired; not conserved			0	42			101	1326	a4708aa9-dc29-4e33-b510-480708aacd88	60	41	60	1182	False	ANG2	RNASE4	PASS:GF	pPASS	True
bos_taurus	ARS-UCD2.0	SRR31429688	SRR31429688.1671399	Genion	ENSBTAG00000046668	ENSBTAG00000019612	10	10	-	-	26412911	26392497	51	observed exon-aligned boundaries; not exon-repaired; not conserved			6	40			91	1308	fd3967d5-61d1-4ee7-9607-b54c8b2ee5b8	60	34	60	1184	False	ANG2	RNASE4	PASS:GF	pPASS	True
bos_taurus	ARS-UCD2.0	SRR31429688	SRR31429688.1671895	Genion	ENSBTAG00000046668	ENSBTAG00000019612	10	10	-	-	26412911	26392497	57	observed exon-aligned boundaries; not exon-repaired; not conserved			0	41			98	1323	c80b044a-6ab5-4b8f-8872-7f8008d98d9c	60	41	60	1182	False	ANG2	RNASE4	PASS:GF	pPASS	True
bos_taurus	ARS-UCD2.0	SRR31429688	SRR31429688.1672438	Genion	ENSBTAG00000046668	ENSBTAG00000019612	10	10	-	-	26412911	26392497	57	observed exon-aligned boundaries; not exon-repaired; not conserved			34	48			105	1312	0617f8d0-51cf-47a4-a1f6-aef32dc84ba4	60	14	60	1184	False	ANG2	RNASE4	PASS:GF	pPASS	True
bos_taurus	ARS-UCD2.0	SRR31429688	SRR31429688.1676233	Genion	ENSBTAG00000046668	ENSBTAG00000019612	10	10	-	-	26412911	26392497	53	observed exon-aligned boundaries; not exon-repaired; not conserved			0	37			90	1324	e948bc34-da75-4f87-a709-2155b619a533	60	37	60	1206	False	ANG2	RNASE4	PASS:GF	pPASS	True
bos_taurus	ARS-UCD2.0	SRR31429688	SRR31429688.1679502	Genion	ENSBTAG00000046668	ENSBTAG00000019612	10	10	-	-	26412911	26392497	56	observed exon-aligned boundaries; not exon-repaired; not conserved			5	40			96	1327	d77b6d81-0bcf-4b30-91ca-77ccee3b9d79	60	35	60	1200	False	ANG2	RNASE4	PASS:GF	pPASS	True
bos_taurus	ARS-UCD2.0	SRR31429688	SRR31429688.1683920	Genion	ENSBTAG00000046668	ENSBTAG00000019612	10	10	-	-	26412911	26392497	57	observed exon-aligned boundaries; not exon-repaired; not conserved			4	33			90	1294	2e89ada9-0d45-4fdf-946a-4814fd8a71fb	60	29	60	1108	False	ANG2	RNASE4	PASS:GF	pPASS	True
bos_taurus	ARS-UCD2.0	SRR31429688	SRR31429688.1684748	Genion	ENSBTAG00000046668	ENSBTAG00000019612	10	10	-	-	26412911	26392497	58	observed exon-aligned boundaries; not exon-repaired; not conserved			4	41			99	1366	ed887a27-940f-42fb-ac1d-1471895e11ad	60	36	60	1206	False	ANG2	RNASE4	PASS:GF	pPASS	True
bos_taurus	ARS-UCD2.0	SRR31429688	SRR31429688.1686882	Genion	ENSBTAG00000046668	ENSBTAG00000019612	10	10	-	-	26412911	26392496	65	observed exon-aligned boundaries; not exon-repaired; not conserved			26	40			105	1244	6a50dbef-71ae-419e-975e-f142c3e6d51d	60	14	60	1103	False	ANG2	RNASE4	PASS:GF	pPASS	True
bos_taurus	ARS-UCD2.0	SRR31429688	SRR31429688.1691681	Genion	ENSBTAG00000046668	ENSBTAG00000019612	10	10	-	-	26412911	26392497	59	observed exon-aligned boundaries; not exon-repaired; not conserved			4	40			99	1326	9283c373-cac0-4e1e-9ea9-9636be8e09c6	60	36	60	1201	False	ANG2	RNASE4	PASS:GF	pPASS	True
bos_taurus	ARS-UCD2.0	SRR31429688	SRR31429688.1692317	Genion	ENSBTAG00000046668	ENSBTAG00000019612	10	10	-	-	26412911	26392497	59	observed exon-aligned boundaries; not exon-repaired; not conserved			1	75			134	1342	ef18f1dc-c14b-4bdf-9beb-03cd0eb4f471	60	72	60	1184	False	ANG2	RNASE4	PASS:GF	pPASS	True
bos_taurus	ARS-UCD2.0	SRR31429688	SRR31429688.1693553	Genion	ENSBTAG00000046668	ENSBTAG00000019612	10	10	-	-	26412911	26392497	56	observed exon-aligned boundaries; not exon-repaired; not conserved			0	35			91	1317	c6b3dcc6-70d6-4a11-b357-c69914afd2c3	60	34	60	1199	False	ANG2	RNASE4	PASS:GF	pPASS	True
bos_taurus	ARS-UCD2.0	SRR31429688	SRR31429688.1698412	Genion	ENSBTAG00000046668	ENSBTAG00000019612	10	10	-	-	26412911	26392497	60	observed exon-aligned boundaries; not exon-repaired; not conserved			1	45			105	1328	41b55996-532d-458e-af63-d94ab1e410dd	60	43	60	1190	False	ANG2	RNASE4	PASS:GF	pPASS	True
bos_taurus	ARS-UCD2.0	SRR31429688	SRR31429688.1699839	Genion	ENSBTAG00000046668	ENSBTAG00000019612	10	10	-	-	26412911	26392497	54	observed exon-aligned boundaries; not exon-repaired; not conserved			1	39			93	1292	6ac6b6f2-47be-4ed0-84d3-92c29a5863ff	60	38	60	1184	False	ANG2	RNASE4	PASS:GF	pPASS	True
bos_taurus	ARS-UCD2.0	SRR31429688	SRR31429688.1700302	Genion	ENSBTAG00000046668	ENSBTAG00000019612	10	10	-	-	26412911	26392497	56	observed exon-aligned boundaries; not exon-repaired; not conserved			1	42			98	1308	5718a6f1-a2e6-4911-9064-4445bfd234c5	60	41	60	1188	False	ANG2	RNASE4	PASS:GF	pPASS	True
bos_taurus	ARS-UCD2.0	SRR31429688	SRR31429688.1700956	Genion	ENSBTAG00000046668	ENSBTAG00000019612	10	10	-	-	26412911	26392497	59	observed exon-aligned boundaries; not exon-repaired; not conserved			8	16			75	1300	142519ca-4195-420d-8bc5-419b69f1fc59	60	8	60	1194	False	ANG2	RNASE4	PASS:GF	pPASS	True
bos_taurus	ARS-UCD2.0	SRR31429688	SRR31429688.1701600	Genion	ENSBTAG00000046668	ENSBTAG00000019612	10	10	-	-	26412911	26392497	0	observed exon-aligned boundaries; not exon-repaired; not conserved			3	66			66	1288	115ca74c-f84f-43d5-a128-728cd3f621c4	60	63	60	1182	False	ANG2	RNASE4	PASS:GF	pPASS	True
bos_taurus	ARS-UCD2.0	SRR31429688	SRR31429688.1708601	Genion	ENSBTAG00000046668	ENSBTAG00000019612	10	10	-	-	26412911	26392497	60	observed exon-aligned boundaries; not exon-repaired; not conserved			2	43			103	1320	1d0c615e-6dde-4dbd-a2e5-72866c4378a4	60	39	60	1190	False	ANG2	RNASE4	PASS:GF	pPASS	True
bos_taurus	ARS-UCD2.0	SRR31429688	SRR31429688.1710332	Genion	ENSBTAG00000046668	ENSBTAG00000019612	10	10	-	-	26412911	26392497	60	observed exon-aligned boundaries; not exon-repaired; not conserved			1	42			102	1335	186ba7d4-350b-49d2-8a35-dda15b04c2a7	60	41	60	1202	False	ANG2	RNASE4	PASS:GF	pPASS	True
bos_taurus	ARS-UCD2.0	SRR31429688	SRR31429688.1715779	Genion	ENSBTAG00000046668	ENSBTAG00000019612	10	10	-	-	26412911	26392497	58	observed exon-aligned boundaries; not exon-repaired; not conserved			2	45			103	1307	cfcbde22-da16-45b1-8b22-d24a44e0dd76	60	41	60	1173	False	ANG2	RNASE4	PASS:GF	pPASS	True
bos_taurus	ARS-UCD2.0	SRR31429688	SRR31429688.1717794	Genion	ENSBTAG00000046668	ENSBTAG00000019612	10	10	-	-	26412911	26392497	60	observed exon-aligned boundaries; not exon-repaired; not conserved			3	41			101	1336	4843bd76-315c-4e89-b708-97d81d8849e0	60	38	60	1204	False	ANG2	RNASE4	PASS:GF	pPASS	True
bos_taurus	ARS-UCD2.0	SRR31429688	SRR31429688.1722645	Genion	ENSBTAG00000046668	ENSBTAG00000019612	10	10	-	-	26412911	26392497	60	observed exon-aligned boundaries; not exon-repaired; not conserved			1	44			104	1324	a77f0aab-8fb4-4403-bd7e-8e7859593f82	60	42	60	1185	False	ANG2	RNASE4	PASS:GF	pPASS	True
bos_taurus	ARS-UCD2.0	SRR31429688	SRR31429688.1724057	Genion	ENSBTAG00000046668	ENSBTAG00000019612	10	10	-	-	26412911	26392497	60	observed exon-aligned boundaries; not exon-repaired; not conserved			0	60			120	1340	b3cabacf-3b76-4d0f-9cdb-78231088b816	60	60	60	1198	False	ANG2	RNASE4	PASS:GF	pPASS	True
bos_taurus	ARS-UCD2.0	SRR31429688	SRR31429688.1730023	Genion	ENSBTAG00000046668	ENSBTAG00000019612	10	10	-	-	26412911	26392497	59	observed exon-aligned boundaries; not exon-repaired; not conserved			0	44			103	1231	c2cd9ac1-0561-494f-9671-a931f30d60a7	60	42	60	1088	False	ANG2	RNASE4	PASS:GF	pPASS	True
bos_taurus	ARS-UCD2.0	SRR31429688	SRR31429688.1730616	Genion	ENSBTAG00000046668	ENSBTAG00000019612	10	10	-	-	26412911	26392497	60	observed exon-aligned boundaries; not exon-repaired; not conserved			6	43			103	1346	7d51517b-4403-4848-8637-b07831b04fc0	60	37	60	1214	False	ANG2	RNASE4	PASS:GF	pPASS	True
bos_taurus	ARS-UCD2.0	SRR31429688	SRR31429688.1734835	Genion	ENSBTAG00000046668	ENSBTAG00000019612	10	10	-	-	26412911	26392494	58	observed exon-aligned boundaries; not exon-repaired; not conserved			6	44			102	1309	9f9d50b5-56d4-4a4d-8d01-bab566d4ce94	60	38	60	1178	False	ANG2	RNASE4	PASS:GF	pPASS	True
bos_taurus	ARS-UCD2.0	SRR31429688	SRR31429688.1742576	Genion	ENSBTAG00000046668	ENSBTAG00000019612	10	10	-	-	26412911	26392497	60	observed exon-aligned boundaries; not exon-repaired; not conserved			0	42			102	1337	55cb8f82-2154-40ca-b9bf-c21146029a49	60	42	60	1212	False	ANG2	RNASE4	PASS:GF	pPASS	True
bos_taurus	ARS-UCD2.0	SRR31429688	SRR31429688.1743227	Genion	ENSBTAG00000046668	ENSBTAG00000019612	10	10	-	-	26412911	26392497	62	observed exon-aligned boundaries; not exon-repaired; not conserved			0	43			105	1336	8a1ec9e9-b059-4a1c-b360-3196b55b18d8	60	42	60	1210	False	ANG2	RNASE4	PASS:GF	pPASS	True
bos_taurus	ARS-UCD2.0	SRR31429688	SRR31429688.1745033	Genion	ENSBTAG00000046668	ENSBTAG00000019612	10	10	-	-	26412911	26392497	59	observed exon-aligned boundaries; not exon-repaired; not conserved			3	57			116	1334	15119023-a3e7-471d-a01c-581f688747e5	60	54	60	1181	False	ANG2	RNASE4	PASS:GF	pPASS	True
bos_taurus	ARS-UCD2.0	SRR31429688	SRR31429688.1751025	Genion	ENSBTAG00000046668	ENSBTAG00000019612	10	10	-	-	26412911	26392497	59	observed exon-aligned boundaries; not exon-repaired; not conserved			2	44			103	1345	adc21d61-ea37-40cc-81ec-0890d5812a61	60	42	60	1209	False	ANG2	RNASE4	PASS:GF	pPASS	True
bos_taurus	ARS-UCD2.0	SRR31429688	SRR31429688.1753848	Genion	ENSBTAG00000046668	ENSBTAG00000019612	10	10	-	-	26412911	26392497	55	observed exon-aligned boundaries; not exon-repaired; not conserved			0	44			99	1321	03f74b69-13b8-4253-bd54-dc1c9e2922f0	60	44	60	1199	False	ANG2	RNASE4	PASS:GF	pPASS	True
bos_taurus	ARS-UCD2.0	SRR31429688	SRR31429688.1754568	Genion	ENSBTAG00000046668	ENSBTAG00000019612	10	10	-	-	26412911	26392497	60	observed exon-aligned boundaries; not exon-repaired; not conserved			0	42			102	1321	9265cbc3-5852-412b-8a23-fd9fdcfdfd04	60	42	60	1197	False	ANG2	RNASE4	PASS:GF	pPASS	True
bos_taurus	ARS-UCD2.0	SRR31429688	SRR31429688.1757700	Genion	ENSBTAG00000046668	ENSBTAG00000019612	10	10	-	-	26412911	26392497	61	observed exon-aligned boundaries; not exon-repaired; not conserved			3	43			104	1331	1dbdc692-e9b1-4b62-98b1-81c8900520d1	60	40	60	1204	False	ANG2	RNASE4	PASS:GF	pPASS	True
bos_taurus	ARS-UCD2.0	SRR31429688	SRR31429688.1768061	Genion	ENSBTAG00000046668	ENSBTAG00000019612	10	10	-	-	26412911	26392497	0	observed exon-aligned boundaries; not exon-repaired; not conserved			0	85			85	1307	ae9de21b-881e-467f-89b4-b17a3efeefd4	60	85	60	1198	False	ANG2	RNASE4	PASS:GF	pPASS	True
bos_taurus	ARS-UCD2.0	SRR31429688	SRR31429688.1769805	Genion	ENSBTAG00000046668	ENSBTAG00000019612	10	10	-	-	26412911	26392497	61	observed exon-aligned boundaries; not exon-repaired; not conserved			3	41			102	1316	b3df3479-4742-4f32-ac44-cf6000042625	60	38	60	1194	False	ANG2	RNASE4	PASS:GF	pPASS	True
bos_taurus	ARS-UCD2.0	SRR31429688	SRR31429688.1771841	Genion	ENSBTAG00000046668	ENSBTAG00000019612	10	10	-	-	26412911	26392497	59	observed exon-aligned boundaries; not exon-repaired; not conserved			3	41			100	1305	ddcbca5e-8418-4097-ad3c-01589ee8c374	60	38	60	1179	False	ANG2	RNASE4	PASS:GF	pPASS	True
bos_taurus	ARS-UCD2.0	SRR31429688	SRR31429688.1773654	Genion	ENSBTAG00000046668	ENSBTAG00000019612	10	10	-	-	26412911	26392497	60	observed exon-aligned boundaries; not exon-repaired; not conserved			0	39			99	1326	c74258c8-6ecc-4de1-8622-4967fd8bc838	60	39	60	1206	False	ANG2	RNASE4	PASS:GF	pPASS	True
bos_taurus	ARS-UCD2.0	SRR31429688	SRR31429688.1775268	Genion	ENSBTAG00000046668	ENSBTAG00000019612	10	10	-	-	26412911	26392497	57	observed exon-aligned boundaries; not exon-repaired; not conserved			4	49			106	1342	fda69534-2a0c-4960-ad0e-2ba8f79e17d0	60	41	60	1210	False	ANG2	RNASE4	PASS:GF	pPASS	True
bos_taurus	ARS-UCD2.0	SRR31429688	SRR31429688.1775331	Genion	ENSBTAG00000046668	ENSBTAG00000019612	10	10	-	-	26412911	26392497	61	observed exon-aligned boundaries; not exon-repaired; not conserved			2	79			140	1385	63d69cd8-9737-4910-bd13-b3cb45c70502	60	71	60	1202	False	ANG2	RNASE4	PASS:GF	pPASS	True
bos_taurus	ARS-UCD2.0	SRR31429688	SRR31429688.1779772	Genion	ENSBTAG00000046668	ENSBTAG00000019612	10	10	-	-	26412911	26392497	56	observed exon-aligned boundaries; not exon-repaired; not conserved			0	45			101	1332	3978d2be-9d8a-44fe-a515-29db194b04fe	60	42	60	1186	False	ANG2	RNASE4	PASS:GF	pPASS	True
bos_taurus	ARS-UCD2.0	SRR31429688	SRR31429688.1784632	Genion	ENSBTAG00000046668	ENSBTAG00000019612	10	10	-	-	26412911	26392497	52	observed exon-aligned boundaries; not exon-repaired; not conserved			2	40			92	1316	92267dfa-c3d0-45de-ae03-158761d90f02	60	38	60	1194	False	ANG2	RNASE4	PASS:GF	pPASS	True
bos_taurus	ARS-UCD2.0	SRR31429688	SRR31429688.1785711	Genion	ENSBTAG00000046668	ENSBTAG00000019612	10	10	-	-	26412911	26392497	57	observed exon-aligned boundaries; not exon-repaired; not conserved			1	90			147	1380	cb587b6a-8728-4313-ba64-89be1218c919	60	88	60	1204	False	ANG2	RNASE4	PASS:GF	pPASS	True
bos_taurus	ARS-UCD2.0	SRR31429688	SRR31429688.1790395	Genion	ENSBTAG00000046668	ENSBTAG00000019612	10	10	-	-	26412911	26392497	59	observed exon-aligned boundaries; not exon-repaired; not conserved			3	41			100	1350	88f9ee7c-fd2f-4855-82e2-28c90c65dd6f	60	38	60	1225	False	ANG2	RNASE4	PASS:GF	pPASS	True
bos_taurus	ARS-UCD2.0	SRR31429688	SRR31429688.1790707	Genion	ENSBTAG00000046668	ENSBTAG00000019612	10	10	-	-	26412911	26392497	55	observed exon-aligned boundaries; not exon-repaired; not conserved			0	69			124	1340	195ae808-9f81-4a1e-aee3-08f18f4156f9	60	67	60	1186	False	ANG2	RNASE4	PASS:GF	pPASS	True
bos_taurus	ARS-UCD2.0	SRR31429688	SRR31429688.1794099	Genion	ENSBTAG00000046668	ENSBTAG00000019612	10	10	-	-	26412911	26392497	58	observed exon-aligned boundaries; not exon-repaired; not conserved			0	105			163	1376	7dbd57e7-af06-4960-9578-335fc689aa3f	60	102	60	1190	True	ANG2	RNASE4	PASS:GF	pPASS	True
bos_taurus	ARS-UCD2.0	SRR31429688	SRR31429688.1794553	Genion	ENSBTAG00000046668	ENSBTAG00000019612	10	10	-	-	26412911	26392497	62	observed exon-aligned boundaries; not exon-repaired; not conserved			0	41			103	1322	d4aa531e-d629-47f6-a9e8-f55e361f7be9	60	41	60	1199	False	ANG2	RNASE4	PASS:GF	pPASS	True
bos_taurus	ARS-UCD2.0	SRR31429688	SRR31429688.1799553	Genion	ENSBTAG00000046668	ENSBTAG00000019612	10	10	-	-	26412911	26392497	62	observed exon-aligned boundaries; not exon-repaired; not conserved			0	40			102	1295	959ba21c-6349-4987-9b73-c374b900c9fd	60	40	60	1178	False	ANG2	RNASE4	PASS:GF	pPASS	True
bos_taurus	ARS-UCD2.0	SRR31429688	SRR31429688.1801703	Genion	ENSBTAG00000046668	ENSBTAG00000019612	10	10	-	-	26412911	26392497	58	observed exon-aligned boundaries; not exon-repaired; not conserved			0	38			96	1296	c704b916-ab4c-47f6-88e3-42ac744e7dd6	60	38	60	1170	False	ANG2	RNASE4	PASS:GF	pPASS	True
bos_taurus	ARS-UCD2.0	SRR31429688	SRR31429688.1810120	Genion	ENSBTAG00000046668	ENSBTAG00000019612	10	10	-	-	26412911	26392497	59	observed exon-aligned boundaries; not exon-repaired; not conserved			0	167			226	1442	d0bbd0cd-5e9c-46fc-b764-19f3f7e6b015	60	165	60	1180	True	ANG2	RNASE4	PASS:GF	pPASS	True
bos_taurus	ARS-UCD2.0	SRR31429688	SRR31429688.1812609	Genion	ENSBTAG00000046668	ENSBTAG00000019612	10	10	-	-	26412911	26392497	84	observed exon-aligned boundaries; not exon-repaired; not conserved			3	38			122	1342	6a21b91f-ad41-4b8d-b7de-040cfa843e6b	60	35	60	1188	False	ANG2	RNASE4	PASS:GF	pPASS	True
bos_taurus	ARS-UCD2.0	SRR31429688	SRR31429688.1812755	Genion	ENSBTAG00000046668	ENSBTAG00000019612	10	10	-	-	26412911	26392497	59	observed exon-aligned boundaries; not exon-repaired; not conserved			0	59			118	1369	97a0eecb-3e26-4a18-be91-77bdf8f8a47e	60	57	60	1213	False	ANG2	RNASE4	PASS:GF	pPASS	True
bos_taurus	ARS-UCD2.0	SRR31429688	SRR31429688.1817088	Genion	ENSBTAG00000046668	ENSBTAG00000019612	10	10	-	-	26412911	26392497	60	observed exon-aligned boundaries; not exon-repaired; not conserved			1	43			103	1348	fe69a865-2694-4e21-bd6c-fb6e18558b5d	60	42	60	1211	False	ANG2	RNASE4	PASS:GF	pPASS	True
bos_taurus	ARS-UCD2.0	SRR31429688	SRR31429688.1817584	Genion	ENSBTAG00000046668	ENSBTAG00000019612	10	10	-	-	26412911	26392497	55	observed exon-aligned boundaries; not exon-repaired; not conserved			2	39			94	1323	395ef18e-4a42-490e-8cd8-a981b55f4bbd	60	37	60	1196	False	ANG2	RNASE4	PASS:GF	pPASS	True
bos_taurus	ARS-UCD2.0	SRR31429688	SRR31429688.1818582	Genion	ENSBTAG00000046668	ENSBTAG00000019612	10	10	-	-	26412911	26392497	60	observed exon-aligned boundaries; not exon-repaired; not conserved			3	42			102	1309	6f044dc3-29d1-4049-83bc-e707cf953b2f	60	37	60	1194	False	ANG2	RNASE4	PASS:GF	pPASS	True
bos_taurus	ARS-UCD2.0	SRR31429688	SRR31429688.1819054	Genion	ENSBTAG00000046668	ENSBTAG00000019612	10	10	-	-	26412911	26392497	57	observed exon-aligned boundaries; not exon-repaired; not conserved			1	41			98	1307	32f98cd5-8dee-4e9e-89b7-fb11cc070831	60	40	60	1200	False	ANG2	RNASE4	PASS:GF	pPASS	True
bos_taurus	ARS-UCD2.0	SRR31429688	SRR31429688.1822351	Genion	ENSBTAG00000046668	ENSBTAG00000019612	10	10	-	-	26412911	26392497	55	observed exon-aligned boundaries; not exon-repaired; not conserved			0	41			96	1299	0774cfea-650f-4347-8cb8-f575c0b39ff6	60	40	60	1186	False	ANG2	RNASE4	PASS:GF	pPASS	True
bos_taurus	ARS-UCD2.0	SRR31429688	SRR31429688.1825636	Genion	ENSBTAG00000046668	ENSBTAG00000019612	10	10	-	-	26412911	26392497	58	observed exon-aligned boundaries; not exon-repaired; not conserved			2	44			102	1313	55edf8d6-f328-46e9-a710-f707039cf1f2	60	42	60	1175	False	ANG2	RNASE4	PASS:GF	pPASS	True
bos_taurus	ARS-UCD2.0	SRR31429688	SRR31429688.1827202	Genion	ENSBTAG00000046668	ENSBTAG00000019612	10	10	-	-	26412911	26392497	63	observed exon-aligned boundaries; not exon-repaired; not conserved			3	44			107	1339	2be7e299-dc99-4e28-af40-f9553956de56	60	38	60	1176	False	ANG2	RNASE4	PASS:GF	pPASS	True
bos_taurus	ARS-UCD2.0	SRR31429688	SRR31429688.1829012	Genion	ENSBTAG00000046668	ENSBTAG00000019612	10	10	-	-	26412911	26392497	62	observed exon-aligned boundaries; not exon-repaired; not conserved			1	43			105	1384	1fbf40cd-cfbc-4adc-a5b6-034422946433	60	42	60	1231	False	ANG2	RNASE4	PASS:GF	pPASS	True
bos_taurus	ARS-UCD2.0	SRR31429688	SRR31429688.1830135	Genion	ENSBTAG00000046668	ENSBTAG00000019612	10	10	-	-	26412911	26392497	59	observed exon-aligned boundaries; not exon-repaired; not conserved			3	44			103	1318	98f32082-f60a-436b-8c19-a26acf01347b	60	38	60	1198	False	ANG2	RNASE4	PASS:GF	pPASS	True
bos_taurus	ARS-UCD2.0	SRR31429688	SRR31429688.1833587	Genion	ENSBTAG00000046668	ENSBTAG00000019612	10	10	-	-	26412911	26392497	65	observed exon-aligned boundaries; not exon-repaired; not conserved			0	43			108	1342	7d6758b9-df83-41e6-aaee-ca7fc7aec007	60	41	60	1206	False	ANG2	RNASE4	PASS:GF	pPASS	True
bos_taurus	ARS-UCD2.0	SRR31429688	SRR31429688.1837643	Genion	ENSBTAG00000046668	ENSBTAG00000019612	10	10	-	-	26412911	26392497	58	observed exon-aligned boundaries; not exon-repaired; not conserved			0	49			107	1331	e120893f-2e81-4b69-be3b-7ad509c5762e	60	49	60	1205	False	ANG2	RNASE4	PASS:GF	pPASS	True
bos_taurus	ARS-UCD2.0	SRR31429688	SRR31429688.1841673	Genion	ENSBTAG00000046668	ENSBTAG00000019612	10	10	-	-	26412911	26392497	58	observed exon-aligned boundaries; not exon-repaired; not conserved			0	42			100	1328	77632d19-3357-426b-86f8-d197794d6ffc	60	42	60	1204	False	ANG2	RNASE4	PASS:GF	pPASS	True
bos_taurus	ARS-UCD2.0	SRR31429688	SRR31429688.1844749	Genion	ENSBTAG00000046668	ENSBTAG00000019612	10	10	-	-	26412911	26392497	59	observed exon-aligned boundaries; not exon-repaired; not conserved			3	41			100	1321	3e54ec62-8166-40be-8bd1-bfee7e54bb42	60	38	60	1196	False	ANG2	RNASE4	PASS:GF	pPASS	True
bos_taurus	ARS-UCD2.0	SRR31429688	SRR31429688.1851292	Genion	ENSBTAG00000046668	ENSBTAG00000019612	10	10	-	-	26412911	26392497	58	observed exon-aligned boundaries; not exon-repaired; not conserved			20	45			103	1311	63b31391-c558-4551-b0c9-9a9cd43f7fbf	60	24	60	1181	False	ANG2	RNASE4	PASS:GF	pPASS	True
bos_taurus	ARS-UCD2.0	SRR31429688	SRR31429688.1853768	Genion	ENSBTAG00000046668	ENSBTAG00000019612	10	10	-	-	26412911	26392497	58	observed exon-aligned boundaries; not exon-repaired; not conserved			0	39			97	1304	83d026f4-fef3-458c-94e9-fc6cdd8c104e	60	39	60	1184	False	ANG2	RNASE4	PASS:GF	pPASS	True
bos_taurus	ARS-UCD2.0	SRR31429688	SRR31429688.1857123	Genion	ENSBTAG00000046668	ENSBTAG00000019612	10	10	-	-	26412911	26392497	55	observed exon-aligned boundaries; not exon-repaired; not conserved			0	42			97	1315	bdc01e9f-5e37-4d9c-9d4a-a92303fddfa1	60	41	60	1193	False	ANG2	RNASE4	PASS:GF	pPASS	True
bos_taurus	ARS-UCD2.0	SRR31429688	SRR31429688.1858502	Genion	ENSBTAG00000046668	ENSBTAG00000019612	10	10	-	-	26412911	26392497	58	observed exon-aligned boundaries; not exon-repaired; not conserved			0	40			98	1326	bdc4cef2-6cb4-42c7-a282-52b2a4fc81fc	60	40	60	1210	False	ANG2	RNASE4	PASS:GF	pPASS	True
bos_taurus	ARS-UCD2.0	SRR31429688	SRR31429688.1859952	Genion	ENSBTAG00000046668	ENSBTAG00000019612	10	10	-	-	26412911	26392497	62	observed exon-aligned boundaries; not exon-repaired; not conserved			3	42			104	1314	0ab25660-3750-4c84-9b5f-007f20235cca	60	38	60	1189	False	ANG2	RNASE4	PASS:GF	pPASS	True
bos_taurus	ARS-UCD2.0	SRR31429688	SRR31429688.1860447	Genion	ENSBTAG00000046668	ENSBTAG00000019612	10	10	-	-	26412911	26392497	61	observed exon-aligned boundaries; not exon-repaired; not conserved			0	42			103	1352	ecd9f594-edfb-4590-8c77-fbf0112faf60	60	42	60	1223	False	ANG2	RNASE4	PASS:GF	pPASS	True
bos_taurus	ARS-UCD2.0	SRR31429688	SRR31429688.1862849	Genion	ENSBTAG00000046668	ENSBTAG00000019612	10	10	-	-	26412911	26392497	56	observed exon-aligned boundaries; not exon-repaired; not conserved			2	41			97	1283	7ed8bf67-12d3-415f-818c-b3c12327fc53	60	37	60	1159	False	ANG2	RNASE4	PASS:GF	pPASS	True
bos_taurus	ARS-UCD2.0	SRR31429688	SRR31429688.1862901	Genion	ENSBTAG00000046668	ENSBTAG00000019612	10	10	-	-	26412911	26392497	63	observed exon-aligned boundaries; not exon-repaired; not conserved			2	41			104	1332	35c60f3e-e334-45b3-a833-96e7c0cf4f2e	60	37	60	1196	False	ANG2	RNASE4	PASS:GF	pPASS	True
bos_taurus	ARS-UCD2.0	SRR31429688	SRR31429688.1866283	Genion	ENSBTAG00000046668	ENSBTAG00000019612	10	10	-	-	26412911	26392491	56	observed exon-aligned boundaries; not exon-repaired; not conserved			0	41			97	1325	b94cc896-fcd3-4b34-9d56-dbf43b8bf8ac	60	41	60	1207	False	ANG2	RNASE4	PASS:GF	pPASS	True
bos_taurus	ARS-UCD2.0	SRR31429688	SRR31429688.1870003	Genion	ENSBTAG00000046668	ENSBTAG00000019612	10	10	-	-	26412911	26392497	56	observed exon-aligned boundaries; not exon-repaired; not conserved			0	41			97	1334	52c00799-aa02-42e0-8245-ae23e4e5aa83	60	41	60	1181	False	ANG2	RNASE4	PASS:GF	pPASS	True
bos_taurus	ARS-UCD2.0	SRR31429688	SRR31429688.1872037	Genion	ENSBTAG00000046668	ENSBTAG00000019612	10	10	-	-	26412911	26392497	61	observed exon-aligned boundaries; not exon-repaired; not conserved			1	42			103	1343	c32646e3-2efd-4a27-acf2-1c658ef68229	60	41	60	1219	False	ANG2	RNASE4	PASS:GF	pPASS	True
bos_taurus	ARS-UCD2.0	SRR31429688	SRR31429688.1878307	Genion	ENSBTAG00000046668	ENSBTAG00000019612	10	10	-	-	26412911	26392497	58	observed exon-aligned boundaries; not exon-repaired; not conserved			3	41			99	1289	90b18f18-6e61-4391-85f2-d2ea1a7f3824	60	38	60	1168	False	ANG2	RNASE4	PASS:GF	pPASS	True
bos_taurus	ARS-UCD2.0	SRR31429688	SRR31429688.1879965	Genion	ENSBTAG00000046668	ENSBTAG00000019612	10	10	-	-	26412911	26392497	60	observed exon-aligned boundaries; not exon-repaired; not conserved			1	43			103	1368	bbde6960-104e-4f83-aab9-69045de6cfd4	60	42	60	1223	False	ANG2	RNASE4	PASS:GF	pPASS	True
bos_taurus	ARS-UCD2.0	SRR31429688	SRR31429688.1880159	Genion	ENSBTAG00000046668	ENSBTAG00000019612	10	10	-	-	26412911	26392497	58	observed exon-aligned boundaries; not exon-repaired; not conserved			0	40			98	1310	b60ef90d-5841-4957-ba24-3ba53dd7d705	60	40	60	1191	False	ANG2	RNASE4	PASS:GF	pPASS	True
bos_taurus	ARS-UCD2.0	SRR31429688	SRR31429688.1880338	Genion	ENSBTAG00000046668	ENSBTAG00000019612	10	10	-	-	26412911	26392497	63	observed exon-aligned boundaries; not exon-repaired; not conserved			3	41			104	1331	ca9f0b6d-de04-4967-a3a7-120a36a54764	60	37	60	1186	False	ANG2	RNASE4	PASS:GF	pPASS	True
bos_taurus	ARS-UCD2.0	SRR31429688	SRR31429688.1880461	Genion	ENSBTAG00000046668	ENSBTAG00000019612	10	10	-	-	26412911	26392497	61	observed exon-aligned boundaries; not exon-repaired; not conserved			1	314			375	1606	b28610e4-e86e-450b-8af1-4c77e69805e6	60	306	60	1191	True	ANG2	RNASE4	PASS:GF	pPASS	True
bos_taurus	ARS-UCD2.0	SRR31429688	SRR31429688.1880727	Genion	ENSBTAG00000046668	ENSBTAG00000019612	10	10	-	-	26412911	26392497	57	observed exon-aligned boundaries; not exon-repaired; not conserved			3	40			97	1316	ff4966df-8483-4b00-a9fd-02ed3865928f	60	37	60	1175	False	ANG2	RNASE4	PASS:GF	pPASS	True
bos_taurus	ARS-UCD2.0	SRR31429688	SRR31429688.1881362	Genion	ENSBTAG00000046668	ENSBTAG00000019612	10	10	-	-	26412911	26392497	60	observed exon-aligned boundaries; not exon-repaired; not conserved			2	309			369	1636	0ec199c6-715e-41a3-b63b-b717645150a7	60	303	60	1233	True	ANG2	RNASE4	PASS:GF	pPASS	True
bos_taurus	ARS-UCD2.0	SRR31429688	SRR31429688.1882286	Genion	ENSBTAG00000046668	ENSBTAG00000019612	10	10	-	-	26412911	26392497	59	observed exon-aligned boundaries; not exon-repaired; not conserved			4	42			101	1338	62b56266-62d7-4c9a-ba89-8ea3ab2876c6	60	38	60	1174	False	ANG2	RNASE4	PASS:GF	pPASS	True
bos_taurus	ARS-UCD2.0	SRR31429688	SRR31429688.1886707	Genion	ENSBTAG00000046668	ENSBTAG00000019612	10	10	-	-	26412911	26392497	59	observed exon-aligned boundaries; not exon-repaired; not conserved			0	44			103	1306	a8baa783-3b60-4e18-ba20-005d66566882	60	42	60	1181	False	ANG2	RNASE4	PASS:GF	pPASS	True
bos_taurus	ARS-UCD2.0	SRR31429688	SRR31429688.1887472	Genion	ENSBTAG00000046668	ENSBTAG00000019612	10	10	-	-	26412911	26392497	58	observed exon-aligned boundaries; not exon-repaired; not conserved			3	41			99	1337	30719201-fece-4399-bb38-187b38ed2dab	60	36	60	1223	False	ANG2	RNASE4	PASS:GF	pPASS	True
bos_taurus	ARS-UCD2.0	SRR31429688	SRR31429688.1887905	Genion	ENSBTAG00000046668	ENSBTAG00000019612	10	10	-	-	26412911	26392497	54	observed exon-aligned boundaries; not exon-repaired; not conserved			1	42			96	1317	e311d9a9-555f-4a22-8d3d-ba46ad2275ff	60	41	60	1201	False	ANG2	RNASE4	PASS:GF	pPASS	True
bos_taurus	ARS-UCD2.0	SRR31429688	SRR31429688.1889068	Genion	ENSBTAG00000046668	ENSBTAG00000019612	10	10	-	-	26412911	26392497	59	observed exon-aligned boundaries; not exon-repaired; not conserved			3	42			101	1258	869a9d67-fd33-4c72-9386-6387a9891a83	60	39	60	1135	False	ANG2	RNASE4	PASS:GF	pPASS	True
bos_taurus	ARS-UCD2.0	SRR31429688	SRR31429688.1894052	Genion	ENSBTAG00000046668	ENSBTAG00000019612	10	10	-	-	26412911	26392497	61	observed exon-aligned boundaries; not exon-repaired; not conserved			4	39			100	1305	ea103639-8f7b-49d7-8b30-db67b4dd9ee8	60	35	60	1187	False	ANG2	RNASE4	PASS:GF	pPASS	True
bos_taurus	ARS-UCD2.0	SRR31429688	SRR31429688.1895972	Genion	ENSBTAG00000046668	ENSBTAG00000019612	10	10	-	-	26412911	26392497	59	observed exon-aligned boundaries; not exon-repaired; not conserved			0	40			99	1315	bcbeee9c-ab62-4769-8f64-4f693a3ae97e	60	40	60	1197	False	ANG2	RNASE4	PASS:GF	pPASS	True
bos_taurus	ARS-UCD2.0	SRR31429688	SRR31429688.1897810	Genion	ENSBTAG00000046668	ENSBTAG00000019612	10	10	-	-	26412911	26392497	59	observed exon-aligned boundaries; not exon-repaired; not conserved			0	45			104	1327	09537188-0ddd-4cd2-ba1c-8494aebd1cb1	60	44	60	1206	False	ANG2	RNASE4	PASS:GF	pPASS	True
bos_taurus	ARS-UCD2.0	SRR31429688	SRR31429688.1898082	Genion	ENSBTAG00000046668	ENSBTAG00000019612	10	10	-	-	26412911	26392497	57	observed exon-aligned boundaries; not exon-repaired; not conserved			7	47			104	1331	42e5cf74-1fe7-45b3-8699-c5eb60015842	60	38	60	1207	False	ANG2	RNASE4	PASS:GF	pPASS	True
bos_taurus	ARS-UCD2.0	SRR31429688	SRR31429688.1898344	Genion	ENSBTAG00000046668	ENSBTAG00000019612	10	10	-	-	26412911	26392497	58	observed exon-aligned boundaries; not exon-repaired; not conserved			4	41			99	1309	5dc97993-a9b3-4e83-80a6-3a0318f67f39	60	36	60	1177	False	ANG2	RNASE4	PASS:GF	pPASS	True
bos_taurus	ARS-UCD2.0	SRR31429688	SRR31429688.1899406	Genion	ENSBTAG00000046668	ENSBTAG00000019612	10	10	-	-	26412911	26392497	59	observed exon-aligned boundaries; not exon-repaired; not conserved			0	43			102	1332	93eae19a-ada5-4dc7-a937-abd516088a99	60	43	60	1204	False	ANG2	RNASE4	PASS:GF	pPASS	True
bos_taurus	ARS-UCD2.0	SRR31429688	SRR31429688.1900781	Genion	ENSBTAG00000046668	ENSBTAG00000019612	10	10	-	-	26412911	26392497	58	observed exon-aligned boundaries; not exon-repaired; not conserved			0	41			99	1316	5ff0122d-605f-4eed-9060-82765455ffff	60	39	60	1194	False	ANG2	RNASE4	PASS:GF	pPASS	True
bos_taurus	ARS-UCD2.0	SRR31429688	SRR31429688.1901888	Genion	ENSBTAG00000046668	ENSBTAG00000019612	10	10	-	-	26412911	26392497	58	observed exon-aligned boundaries; not exon-repaired; not conserved			0	42			100	1315	7d6120f9-a5ce-4220-99e6-995a7514b964	60	42	60	1205	False	ANG2	RNASE4	PASS:GF	pPASS	True
bos_taurus	ARS-UCD2.0	SRR31429688	SRR31429688.1905451	Genion	ENSBTAG00000046668	ENSBTAG00000019612	10	10	-	-	26412911	26392497	58	observed exon-aligned boundaries; not exon-repaired; not conserved			5	38			96	1331	2150bcc8-5305-4ad6-a55c-ddfcb3bd4e10	60	33	60	1189	False	ANG2	RNASE4	PASS:GF	pPASS	True
bos_taurus	ARS-UCD2.0	SRR31429688	SRR31429688.1966438	Genion	ENSBTAG00000046668	ENSBTAG00000019612	10	10	-	-	26412911	26392497	63	observed exon-aligned boundaries; not exon-repaired; not conserved			15	34			97	1357	92ef3f67-f008-48e3-888a-70d7df2a3b14	60	19	60	1144	False	ANG2	RNASE4	PASS:GF	pPASS	True
bos_taurus	ARS-UCD2.0	SRR31429688	SRR31429688.1969364	Genion	ENSBTAG00000046668	ENSBTAG00000019612	10	10	-	-	26412911	26392497	59	observed exon-aligned boundaries; not exon-repaired; not conserved			0	63			122	1084	b427e60c-ac5e-49c2-ba47-d37813012825	60	62	60	934	False	ANG2	RNASE4	PASS:GF	pPASS	True
bos_taurus	ARS-UCD2.0	SRR31429688	SRR31429688.2126061	Genion	ENSBTAG00000046668	ENSBTAG00000019612	10	10	-	-	26412911	26392497	53	observed exon-aligned boundaries; not exon-repaired; not conserved			23	61			114	1284	33effa6f-5018-46e7-9ad6-59d312efe07b	60	38	60	1090	False	ANG2	RNASE4	PASS:GF	pPASS	True
bos_taurus	ARS-UCD2.0	SRR31429688	SRR31429688.1469280	Genion	ENSBTAG00000057714	ENSBTAG00000019612	10	10	-	-	26396433	26392497	3833	observed exon-aligned boundaries; not exon-repaired; not conserved			537	1080			4913	6120	50c8868c-6aa3-4412-8ca5-e98e02232a82	60	538	60	1190	True	ANG	RNASE4	PASS:RT	pFAIL	False
bos_taurus	ARS-UCD2.0	SRR31429688	SRR31429688.1083381	Genion	ENSBTAG00000025005	ENSBTAG00000047358	5	5	-	-	29006574	28982522	0	observed exon-aligned boundaries; not exon-repaired; not conserved			0	487			487	1454	17e68fff-bbbc-442d-950b-72e13c23294f	60	476	60	945	True	TMT1A	HIGD1C	PASS:RT	pFAIL	False
bos_taurus	ARS-UCD2.0	SRR31429688	SRR31429688.40049	Genion	ENSBTAG00000067291	ENSBTAG00000037571	14	14	-	-	54861688	54855552	120	observed exon-aligned boundaries; not exon-repaired; not conserved			5	28			148	1208	02afae6e-236d-48fb-8382-76619001d496	60	23	60	1034	False		EBAG9	PASS:GF	pPASS	True
bos_taurus	ARS-UCD2.0	SRR31429688	SRR31429688.53423	Genion	ENSBTAG00000067291	ENSBTAG00000037571	14	14	-	-	54861688	54855552	111	observed exon-aligned boundaries; not exon-repaired; not conserved			0	33			144	2059	e1d44587-6f7d-4385-8a00-6cd1cf789ad7	60	33	60	1882	False		EBAG9	PASS:GF	pPASS	True
bos_taurus	ARS-UCD2.0	SRR31429688	SRR31429688.847067	Genion	ENSBTAG00000067291	ENSBTAG00000037571	14	14	-	-	54861688	54855552	119	observed exon-aligned boundaries; not exon-repaired; not conserved			0	33			152	1190	bfcaafd8-08b8-41fe-b30b-4b316bd45e0b	60	32	60	1016	False		EBAG9	PASS:GF	pPASS	True
bos_taurus	ARS-UCD2.0	SRR31429688	SRR31429688.895413	Genion	ENSBTAG00000067291	ENSBTAG00000037571	14	14	-	-	54861688	54855552	103	observed exon-aligned boundaries; not exon-repaired; not conserved			0	34			137	1198	73a6b450-a0c4-4225-94c6-4019f596f154	60	34	60	1037	False		EBAG9	PASS:GF	pPASS	True
bos_taurus	ARS-UCD2.0	SRR31429688	SRR31429688.1203152	Genion	ENSBTAG00000067291	ENSBTAG00000037571	14	14	-	-	54861688	54855552	126	observed exon-aligned boundaries; not exon-repaired; not conserved			0	36			162	1198	ef136d8d-01d4-4197-8cc5-798da987d1ab	60	34	60	1018	False		EBAG9	PASS:GF	pPASS	True
bos_taurus	ARS-UCD2.0	SRR31429688	SRR31429688.586159	Genion	ENSBTAG00000046076	ENSBTAG00000073706	21	21	+	-	292074	70986	77	observed exon-aligned boundaries; not exon-repaired; not conserved			4	361			438	1871	5cf7c53f-dadc-48c0-bdd9-8712291865d2	45	352	60	1400	True			PASS:RT	pFAIL	False
bos_taurus	ARS-UCD2.0	SRR31429688	SRR31429688.166050	Genion	ENSBTAG00000046664	ENSBTAG00000047739	12	12	-	-	14798263	14680813	0	observed exon-aligned boundaries; not exon-repaired; not conserved			3	488			488	1890	f1e2e557-d0fc-4961-80dd-8f3062317aaf	60	473	60	1374	True	TSC22D1	TSC22D1	PASS:RT	pFAIL	False
bos_taurus	ARS-UCD2.0	SRR31429688	SRR31429688.383870	Genion	ENSBTAG00000047223	ENSBTAG00000052413	13	13	-	-	57531508	57479955	-2	observed exon-aligned boundaries; not exon-repaired; not conserved			140	817			815	2189	ed0254d2-3122-45fb-94c9-fae3e4cfb2b7	60	658	60	1328	True	GNAS	GNAS	PASS:RT	pFAIL	False
bos_taurus	ARS-UCD2.0	SRR31429688	SRR31429688.911128	Genion	ENSBTAG00000047223	ENSBTAG00000052413	13	13	-	-	57531508	57479955	-2	observed exon-aligned boundaries; not exon-repaired; not conserved			2	127			125	1450	4098b60b-0c22-4bda-94d6-c90f017ace32	60	122	60	1306	True	GNAS	GNAS	PASS:RT	pFAIL	False
bos_taurus	ARS-UCD2.0	SRR31429688	SRR31429688.1670238	Genion	ENSBTAG00000047223	ENSBTAG00000052413	13	13	-	-	57531508	57479955	-2	observed exon-aligned boundaries; not exon-repaired; not conserved			0	389			387	1775	a20bc369-6cb5-404a-8422-f6310105691b	60	382	60	1362	True	GNAS	GNAS	PASS:RT	pFAIL	False
bos_taurus	ARS-UCD2.0	SRR31429688	SRR31429688.1230117	Genion	ENSBTAG00000055563	ENSBTAG00000047281	10	10	+	+	36316026	36318263	2202	observed exon-aligned boundaries; not exon-repaired; not conserved			101	240			2442	3333	e285e62b-5e65-4a54-b570-8b63a01d7d84	60	42	60	866	False		C10H15orf62	PASS:RT	pFAIL	False
bos_taurus	ARS-UCD2.0	SRR31429688	SRR31429688.1744327	Genion	ENSBTAG00000055563	ENSBTAG00000047281	10	10	+	+	36316026	36318263	2196	observed exon-aligned boundaries; not exon-repaired; not conserved			57	197			2393	2725	fd85e2fd-4caf-4050-a3e9-0e61f01b18b7	60	39	60	328	False		C10H15orf62	PASS:RT	pFAIL	False
bos_taurus	ARS-UCD2.0	SRR31429688	SRR31429688.32230	Genion	ENSBTAG00000050088	ENSBTAG00000047700	21	20	+	+	394658	71964429	116	observed exon-aligned boundaries; not exon-repaired; not conserved			4	375			491	1595	07327b59-8f33-4977-9617-53a812bde250	60	352	60	1045	True			PASS:GF	pPASS	True
bos_taurus	ARS-UCD2.0	SRR31429688	SRR31429688.310595	Genion	ENSBTAG00000050088	ENSBTAG00000047700	21	20	+	+	394652	71964427	81	observed exon-aligned boundaries; not exon-repaired; not conserved			1	382			463	1545	d037c698-69fc-405b-b48d-88134f9c68c2	1	361	60	1041	False			PASS:GF	pPASS	True
bos_taurus	ARS-UCD2.0	SRR31429688	SRR31429688.697829	Genion	ENSBTAG00000050088	ENSBTAG00000047700	21	20	+	+	394646	71964426	97	observed exon-aligned boundaries; not exon-repaired; not conserved			4	351			448	1525	f4e07925-0a06-4a31-a759-46bb0f2d3bdf	12	340	60	1055	False			PASS:GF	pPASS	True
bos_taurus	ARS-UCD2.0	SRR31429688	SRR31429688.1020461	Genion	ENSBTAG00000050088	ENSBTAG00000047700	21	20	+	+	381153	71964431	83	observed exon-aligned boundaries; not exon-repaired; not conserved			0	390			473	1514	ae7ebc91-5f99-4e4d-b7b2-16eab0190e07	43	359	60	1013	True			PASS:GF	pPASS	True
bos_taurus	ARS-UCD2.0	SRR31429688	SRR31429688.1356835	Genion	ENSBTAG00000050088	ENSBTAG00000047700	21	20	+	+	394656	71964429	88	observed exon-aligned boundaries; not exon-repaired; not conserved			0	365			453	1544	72ae0a8d-5ac0-4b0c-a667-9b8b7688533c	15	353	60	1051	False			PASS:GF	pPASS	True
bos_taurus	ARS-UCD2.0	SRR31429688	SRR31429688.1418767	Genion	ENSBTAG00000050088	ENSBTAG00000047700	21	20	+	+	394653	71964427	85	observed exon-aligned boundaries; not exon-repaired; not conserved			0	362			447	1518	1fab184c-63ec-49e5-85c5-340058093309	14	354	60	1050	False			PASS:GF	pPASS	True
bos_taurus	ARS-UCD2.0	SRR31429688	SRR31429688.1467176	Genion	ENSBTAG00000050088	ENSBTAG00000047700	21	20	+	+	381139	71964431	79	observed exon-aligned boundaries; not exon-repaired; not conserved			73	346			425	1476	8a229067-453a-414a-be05-eb3f0ae942df	10	263	60	992	False			PASS:GF	pPASS	True
bos_taurus	ARS-UCD2.0	SRR31429688	SRR31429688.461078	Genion	ENSBTAG00000050088	ENSBTAG00000055240	21	20	+	+	394652	71902723	108	observed exon-aligned boundaries; not exon-repaired; not conserved			0	360			468	1425	b81f5a15-6ed7-4684-80a7-370818de0196	1	355	60	935	False			PASS:GF	pPASS	True
bos_taurus	ARS-UCD2.0	SRR31429688	SRR31429688.472770	Genion	ENSBTAG00000050088	ENSBTAG00000055240	21	20	+	+	394654	71902703	108	observed exon-aligned boundaries; not exon-repaired; not conserved			0	373			481	1451	cf7bd8af-1191-44cc-ab97-8d45910fede0	0	359	60	936	False			PASS:GF	pPASS	True
bos_taurus	ARS-UCD2.0	SRR31429688	SRR31429688.1240504	Genion	ENSBTAG00000050088	ENSBTAG00000055240	21	20	+	+	381151	71902703	67	observed exon-aligned boundaries; not exon-repaired; not conserved			0	383			450	1413	3a84881c-6cc0-43b3-a866-0e46c05bf5cb	34	379	60	952	True			PASS:GF	pPASS	True
bos_taurus	ARS-UCD2.0	SRR31429688	SRR31429688.1582838	Genion	ENSBTAG00000050088	ENSBTAG00000055240	21	20	+	+	394658	71902703	100	observed exon-aligned boundaries; not exon-repaired; not conserved			5	367			467	1409	c56ea033-da1b-4639-ab1e-0d4577dd78c7	36	346	60	916	True			PASS:GF	pPASS	True
bos_taurus	ARS-UCD2.0	SRR31429688	SRR31429688.1769639	Genion	ENSBTAG00000050088	ENSBTAG00000055240	21	20	+	+	394652	71902706	82	observed exon-aligned boundaries; not exon-repaired; not conserved			1	366			448	1394	cd37796a-d5c1-4b58-96f6-63a3aca36555	1	350	60	927	False			PASS:GF	pPASS	True
bos_taurus	ARS-UCD2.0	SRR31429688	SRR31429688.1874500	Genion	ENSBTAG00000050088	ENSBTAG00000055240	21	20	+	+	394647	71902703	55	observed exon-aligned boundaries; not exon-repaired; not conserved			1	350			405	1376	a51d78c6-4ede-4d84-a8ae-ab325b2f0a1c	1	346	60	944	False			PASS:GF	pPASS	True
bos_taurus	ARS-UCD2.0	SRR31429688	SRR31429688.1189955	Genion	ENSBTAG00000050088	ENSBTAG00000055240	21	20	+	+	394659	71902703	111	observed exon-aligned boundaries; not exon-repaired; not conserved			1	201			312	1300	6c0ebe27-e6b8-4b04-919a-b23f9f168602	1	181	60	953	False			PASS:GF	pPASS	True
bos_taurus	ARS-UCD2.0	SRR31429688	SRR31429688.1146152	Genion	ENSBTAG00000050088	ENSBTAG00000073706	21	21	+	-	394637	70986	86	observed exon-aligned boundaries; not exon-repaired; not conserved			2	344			430	1895	bca7261f-04c0-4441-89c8-78203577abfb	1	332	60	1440	False			PASS:RT	pFAIL	False
bos_taurus	ARS-UCD2.0	SRR31429688	SRR31429688.586220	Genion	ENSBTAG00000050088	ENSBTAG00000073706	21	21	+	-	381151	70986	103	observed exon-aligned boundaries; not exon-repaired; not conserved			68	175			278	1712	d949b853-3155-4890-aad0-1b84ae6c502d	1	107	60	1408	False			PASS:RT	pFAIL	False
bos_taurus	ARS-UCD2.0	SRR31429688	SRR31429688.1475355	Genion	ENSBTAG00000050088	ENSBTAG00000073706	21	21	+	-	394647	70986	80	observed exon-aligned boundaries; not exon-repaired; not conserved			0	206			286	1740	224f75a8-a8dd-4c05-bc8c-bde3a897ebba	12	202	60	1418	False			PASS:RT	pFAIL	False
bos_taurus	ARS-UCD2.0	SRR31429688	SRR31429688.204233	Genion	ENSBTAG00000053508	ENSBTAG00000055240	21	20	+	+	327694	71902712	213	observed exon-aligned boundaries; not exon-repaired; not conserved			2	365			578	1554	37f89f05-832a-420d-bdee-ad3c3aafef82	60	351	60	919	True			PASS:GF	pPASS	True
bos_taurus	ARS-UCD2.0	SRR31429688	SRR31429688.347956	Genion	ENSBTAG00000053508	ENSBTAG00000055240	21	20	+	+	327695	71902703	100	observed exon-aligned boundaries; not exon-repaired; not conserved			12	387			487	1443	6249bc54-9ff9-4534-84a0-0a3361a22922	48	365	60	943	True			PASS:GF	pPASS	True
bos_taurus	ARS-UCD2.0	SRR31429688	SRR31429688.575380	Genion	ENSBTAG00000053508	ENSBTAG00000055240	21	20	+	+	327692	71902703	77	observed exon-aligned boundaries; not exon-repaired; not conserved			0	373			450	1437	caea5de3-6f61-4012-ab33-2aeb90af826b	44	358	59	944	True			PASS:GF	pPASS	True
bos_taurus	ARS-UCD2.0	SRR31429688	SRR31429688.1028198	Genion	ENSBTAG00000053508	ENSBTAG00000055240	21	20	+	+	327691	71902703	106	observed exon-aligned boundaries; not exon-repaired; not conserved			0	365			471	1428	38993b46-35e9-4fb0-8a10-876d98317070	60	358	60	937	True			PASS:GF	pPASS	True
bos_taurus	ARS-UCD2.0	SRR31429688	SRR31429688.1422663	Genion	ENSBTAG00000053508	ENSBTAG00000055240	21	20	+	+	327673	71902703	117	observed exon-aligned boundaries; not exon-repaired; not conserved			0	347			464	1426	ef0a35e7-c717-4594-9786-80fd76f11603	60	341	60	929	True			PASS:GF	pPASS	True
bos_taurus	ARS-UCD2.0	SRR31429688	SRR31429688.165773	Genion	ENSBTAG00000053508	ENSBTAG00000055240	21	20	+	+	327692	71902709	56	observed exon-aligned boundaries; not exon-repaired; not conserved			40	326			382	1337	baab48c8-0d82-4438-baf6-80c180e7f76e	10	278	60	929	False			PASS:GF	pPASS	True
bos_taurus	ARS-UCD2.0	SRR31429688	SRR31429688.206513	Genion	ENSBTAG00000053508	ENSBTAG00000073706	21	21	+	-	327693	70986	110	observed exon-aligned boundaries; not exon-repaired; not conserved			0	355			465	1949	5e90bc43-28e7-4582-835d-dc4a033a6aa1	33	345	60	1433	True			PASS:RT	pFAIL	False
bos_taurus	ARS-UCD2.0	SRR31429688	SRR31429688.581192	Genion	ENSBTAG00000053508	ENSBTAG00000073706	21	21	+	-	327697	70986	90	observed exon-aligned boundaries; not exon-repaired; not conserved			13	389			479	1976	5184f773-4be8-48a1-8871-5a475e10aee9	1	360	54	1427	False			PASS:RT	pFAIL	False
bos_taurus	ARS-UCD2.0	SRR31429688	SRR31429688.1511719	Genion	ENSBTAG00000053508	ENSBTAG00000073706	21	21	+	-	327691	70986	48	observed exon-aligned boundaries; not exon-repaired; not conserved			0	369			417	1871	c8d63fbc-03c2-41d2-822f-4ec000ef9898	1	354	47	1402	False			PASS:RT	pFAIL	False
bos_taurus	ARS-UCD2.0	SRR31429688	SRR31429688.987503	Genion	ENSBTAG00000053508	ENSBTAG00000073706	21	21	+	-	327697	70986	82	observed exon-aligned boundaries; not exon-repaired; not conserved			70	360			442	1909	6fc9643a-4b0e-4c65-8afb-4fb52ee9b506	1	282	57	1426	False			PASS:RT	pFAIL	False
