path	bytes	sha256
workflows/mouse-pilot/data/processed/candidate_pairs.csv	102974	47f9253ee3ce9dcadbb61b73ccbf0a2f9894457887acfa2580f3ab21a904fe73
workflows/mouse-pilot/data/processed/catalogue_junctions.csv	1525751	2450be43e2fc11612b0764a01e2028306e09c8b31a0a040fcb194150d2e98a62
workflows/mouse-pilot/data/processed/evaluation_outcomes.csv	80198	4b74d353c8e7d530ec14aed75f8d73a33074306376de2df6d3e37b99adf09dab
workflows/mouse-pilot/data/processed/probe_sequences.csv	153725	a6fe2c8fc464d4cdac8d4f4fe7398a26544c244cf2462952163ce307c047b14e
workflows/mouse-pilot/data/processed/probe_sequences.fasta	71304	5e711e0973a3cd987dde5934a29371450770103cdfc40e66e5f226e0d07d6f79
workflows/mouse-pilot/data/processed/splits.csv	23924	fe6f9dc3e05b8108ae0f829f6dd8ad45eb251fcc62a3403624c414c1e2555587
workflows/mouse-pilot/data/processed/unresolved_catalogue_matches.csv	8689	ff4ca26d105590d55a9d2a05e15cbe1a4b07e294116e01dcb7adb9c48847908b
workflows/mouse-pilot/data/raw/published_control/Figure3.png	375790	ea1954e91411696aca6317644fadc1fec64c9fd3be4daadf8f00d5c3ea76016c
workflows/mouse-pilot/data/raw/published_control/Figure3.provenance.json	381	763029dce482edd9fa5307ff1b552939b25f7f07f5f59d6d33fdf79c590e2841
workflows/mouse-pilot/data/raw/published_control/article.html	762567	f1a245e15879305d1618dc9d52b2ec50baf2a7453ab99ab25f7208227abe66b8
workflows/mouse-pilot/data/raw/published_control/article.html.provenance.json	153	62c4897003fecb290addd640b088665f06e6784f2a53079bf34b9dc01084648b
workflows/mouse-pilot/data/raw/published_control/gencode_parent_features.json	24995	d3420273b826017e94a460eb11ddc2f6c0c57c9e1ec1b17061544836dbf313a5
workflows/mouse-pilot/data/raw/published_control/uniprot_mouse_gsdmd.json	2583	06069ebdddaebe2f1a4ad798ce612b82fd469570d801f83ae5c0323ee4397177
workflows/mouse-pilot/data/raw/supplementary-table-1.xlsx	17652	bdc728d03edb59ccab315d371e46088ae52ab2944d770d39aa3561be49b2ecca
workflows/mouse-pilot/data/raw/supplementary-table-10.xlsx	17283	d4ddbf6fef7e19c04b5736dbae5256ba2b24d75399959b4240f262e307f4820c
workflows/mouse-pilot/data/raw/supplementary-table-3.xlsx	3225461	26188b51627c0c804fd102b605e81c083866ae4253d845f2f3bbc45fcf3d71ce
workflows/mouse-pilot/data/raw/supplementary-table-7.xlsx	23585	6edb01e329d622100da30c47cd8eeaf7589a325d2ab94fb06f27c0f088a7f131
workflows/mouse-pilot/data/raw/supplementary-table-8.xlsx	52808	601adceec614d56f70f7ecd636278e8df13f2bf9c8dc96c6de0991ce5230cc00
workflows/mouse-pilot/data/references/gencode_M28/GRCm39.primary_assembly.genome.fa.derivative.json	411	125a6cae3665d279e94ac57ae1049a92fba9aaa707db9e07c92361c6e940a2ab
workflows/mouse-pilot/data/references/gencode_M28/GRCm39.primary_assembly.genome.fa.fai	2031	b3503853371676c0d0f0d655ca875fd8e4aec5028c9ebbf82ab1b65a2c6e723f
workflows/mouse-pilot/data/references/gencode_M28/GRCm39.primary_assembly.genome.fa.gz.provenance.json	350	37bc866f33c5927981222fb2979be16a8a381272ef07c4e9b9e141e2f7008760
workflows/mouse-pilot/data/references/gencode_M28/gencode.vM28.annotation.gtf.gz	28349951	ac3a1ecbc9c6e4eb332cc37fa98338d15e13185426ceb9c98d11e5f4e0e4341f
workflows/mouse-pilot/data/references/gencode_M28/gencode.vM28.annotation.gtf.gz.provenance.json	343	73d8a520c5b32b8c831183654ec38f397f0bb3959365d4e2db21a7cedd43c1d7
workflows/mouse-pilot/data/references/gencode_M28/gencode.vM28.transcripts.fa.gz	54548377	4e187c0e7d7e9020294c3012c0f4486409962238b8ad2db260b9048005358254
workflows/mouse-pilot/data/references/gencode_M28/gencode.vM28.transcripts.fa.gz.provenance.json	343	48dc75bf17f00ea2bbabecc2055c257ee8c571d3502b96d8be1d73391dc47502
workflows/mouse-pilot/data/sources.json	2458	93cf66a62e361e551a0b59dc82c0b284e34ee802ebe4b1fc33284e86ce7fb63b
workflows/mouse-pilot/reports/anonymous_rna_test.md	4036	a3c51b0b8aa09fc8f701a4ee4866e04d25d0f9c6fe886ed524e0bb5dff8ce40b
workflows/mouse-pilot/reports/controller_review.md	1172	b2e533d26adf7727f73088817a92892d020e7d9efc31cd073ca19b864d7d2b42
workflows/mouse-pilot/reports/k562-dashboard/data.json	687490	cb3422d1eb674ad56ff59cd0328fb1b7804bf37132d385c34a774392758662a5
workflows/mouse-pilot/reports/k562-dashboard/gencode.v43.annotation.gtf.gz	49661267	0235ad8420f6801a409661171396b564743aaf1ceb92c6ca4850becf60fe62c0
workflows/mouse-pilot/reports/k562-dashboard/provenance.json	2007	83893f4246889fb7501d1288a4a3a4dfbf7072b877de11126a6851407f02439c
workflows/mouse-pilot/reports/literature_filter_review.md	3600	632ac23a96fb201a4661077a3bcdf60d2c68f1fe8acc490d2ef9e090a6911a2c
workflows/mouse-pilot/reports/typhon_source_audit.md	2543	1955257321ba76bc34ad5ab14e94d676653746cec03a8052e5406baf3a6b2bbd
workflows/mouse-pilot/runs/anonymous-rna-test-20260920/LongGF.log	1230	4500d3dcbadd55e98cbe4423cfae35f8932ee4efb446b7886aa8f5e41131c627
workflows/mouse-pilot/runs/anonymous-rna-test-20260920/assessment/assessment_summary.json	660	282dbbfdce6d5f6cbaba5458d02fae1cd1899bfd09bddee3273226958f36905f
workflows/mouse-pilot/runs/anonymous-rna-test-20260920/assessment/read_decisions.json	2625	cac879450666acaf1d2bb4bbf868729e24c6fe0393b0819d34d0bac2849d9c61
workflows/mouse-pilot/runs/anonymous-rna-test-20260920/assessment/rna_ranking.json	1304	aee57569b9339f9535d70528f2887770cc299c2b8fda169ed628e67560fc6712
workflows/mouse-pilot/runs/anonymous-rna-test-20260920/assessment/unassigned_segments.json	3	37517e5f3dc66819f61f5a7bb8ace1921282415f10551d2defa5c3eb0985b570
workflows/mouse-pilot/runs/anonymous-rna-test-20260920/discovery.bam	2230	ad07ac74c94fb33052d075bbae870525854980b9f4c26f35c2eab30b6e3d8ea8
workflows/mouse-pilot/runs/anonymous-rna-test-20260920/discovery.sam	7333	415500e43a90a05e29dc6b4bf69f6189d80f82ba0eb07f9ddca0c07e73c161d5
workflows/mouse-pilot/runs/anonymous-rna-test-20260920/discovery.stderr.log	8153	041f038b160665cc815658dce384b6f3050c616d1eb10fd54c84f84a3b284096
workflows/mouse-pilot/runs/anonymous-rna-test-20260920/genome_audit.bam	2229	01a89b6457db57ace14bbb9994b7351784062bccb8205201d5a7f291877af3e7
workflows/mouse-pilot/runs/anonymous-rna-test-20260920/genome_audit.stderr.log	8175	de3c69e0f2689bebb78d287d1a47052ecdd041915c9313accdcf931b188ba2b2
workflows/mouse-pilot/runs/anonymous-rna-test-20260920/genome_audit_without_md.sam	7355	5b630aaf824c5ce6a77903d6b4e26459920b1af8782b586287feac80786586bb
workflows/mouse-pilot/runs/anonymous-rna-test-20260920/index.stderr.log	7841	21477311df8922d7f3b7203ba59bb985a0caa39ff2af7fd568fe0623c55f525e
workflows/mouse-pilot/runs/anonymous-rna-test-20260920/result.json	1773	cc37391fdfdb30fedfbd4e504629f47b6fd50f115bb39c44dd5eb3522c0d00bb
workflows/mouse-pilot/runs/anonymous-rna-test-20260920/split_genome_audit.sam	8000	81b4cabc31693b5a66b2aace843f410ad12339f7f63fc3109cef15eb1464e27b
workflows/mouse-pilot/runs/anonymous-rna-test-20260920/split_transcript_audit.sam	19379298	72d682168229a255f0244f4ef3e26ed72cabaae960b829deb909c9a9587bfe70
workflows/mouse-pilot/runs/anonymous-rna-test-20260920/test_provenance.json	7826	79f57e48df3c601ea83f390f560dcb2b4952bf77491ae498cdba3322be04d34c
workflows/mouse-pilot/runs/anonymous-rna-test-20260920/transcript_audit.stderr.log	1002	1f578b9433982d79b5081c10ffb923567fd61e3d73856315360a827f97672314
workflows/mouse-pilot/runs/focused-pilot-20260919/boltz-preparation/boltz-2.2.1-py3-none-any.whl	268390	b8c62bbdede1922931d9203118f62c858f11aa699bf91fd4c05a5ed6a6d8b4fc
workflows/mouse-pilot/runs/focused-pilot-20260919/boltz-preparation/cuda-extras/cuequivariance-ops-cu12.json	720	7f1f3ba9b998a12361f729132b0078e2d564f3f2470b028ee034ceae7a305d45
workflows/mouse-pilot/runs/focused-pilot-20260919/boltz-preparation/cuda-extras/cuequivariance-ops-torch-cu12.json	1532	6f7acfadf9414ed747ae31e3708fc15bac530db95f9b78dbbad45b3e1744e8b8
workflows/mouse-pilot/runs/focused-pilot-20260919/boltz-preparation/cuda-extras/cuequivariance-torch.json	536	0abef2ad8e41aa15cd31c0bd5392916ef3f3d224efe3e74faab6803eb4103bad
workflows/mouse-pilot/runs/focused-pilot-20260919/boltz-preparation/planning-quotes.json	57573	4d796f4c61add9b2995f4ca997084f0c6d550181cb67864699094a2e68b21050
workflows/mouse-pilot/runs/focused-pilot-20260919/boltz-preparation/prediction.md	28107	b9cb2ff437389864bde02e7e9fd9fbcc7de189ca2e240a5f3fb6261ca595a795
workflows/mouse-pilot/runs/focused-pilot-20260919/boltz-preparation/pypi-version.json	2872	e96b75419b5b8890f8f5d181096bd0aba274208f131225b2f36582d9c65950d7
workflows/mouse-pilot/runs/focused-pilot-20260919/boltz-preparation/source.json	261	424a4c68fe77f41558af62a01f77fd9db95445171477920c5974121dfd180c3e
workflows/mouse-pilot/runs/focused-pilot-20260919/boltz-preparation/weights-manifest.json	1063	596cd546b26b7a6756ca1e4cf6a7b9a121c2e6d7be52b2281e8d9318c89155b0
workflows/mouse-pilot/runs/focused-pilot-20260919/boltz-preparation/wheel_boltz_data_msa_mmseqs2.py	10559	7537c23ca2d6863639187b8815011d592ee433bb145e6fdc86082ca836d3a6e7
workflows/mouse-pilot/runs/focused-pilot-20260919/boltz-preparation/wheel_boltz_data_write_writer.py	12997	65b7fd13f6fdd0d06c0f241a9b717529cf1bbe5e2d5fb70e1aa068400ac2f815
workflows/mouse-pilot/runs/focused-pilot-20260919/boltz-preparation/wheel_boltz_main.py	45798	b5ded4dac1552af2e079c335d56e64ea580b4d5ca0202a9542385ce3e318c3b3
workflows/mouse-pilot/runs/focused-pilot-20260919/connectivity-debug/diagnosis.json	813	32f8ed9c289725c1fc56fb8ea1738a0db2de1fd15ba43d528ae459e07bc0f966
workflows/mouse-pilot/runs/focused-pilot-20260919/connectivity-debug/launch-budget.json	19256	ee36c7b23ce669a8c72fc8e0507670cfad3d0d769d1c57edd26dc1832ade1bf9
workflows/mouse-pilot/runs/focused-pilot-20260919/connectivity-debug/launch-inventory.json	660	ef2db68ffce8e0d27d8f806a14fb6ae3fd21607636a917af68dcce3454bb39d9
workflows/mouse-pilot/runs/focused-pilot-20260919/connectivity-debug/launch-live-quotes.json	5143922	44e008893d72935f057d89ebf197f1e308f08e24d9e201f036fafcca61544640
workflows/mouse-pilot/runs/focused-pilot-20260919/connectivity-debug/lease.json	337	123d0764ccbf70703b894199e048ad9b41a906e345e6c3458235a222cc74a483
workflows/mouse-pilot/runs/focused-pilot-20260919/connectivity-debug/shutdown-confirmed.json	155	5d32e3c9cc9d73ad19508d7c0ebddc38fd7457721c759d5d88ec674967ce611c
workflows/mouse-pilot/runs/focused-pilot-20260919/connectivity-debug/start-process.json	20	1d7c71c1d44b72280c98ca5bf89fffba0fe3a37adf4f3560a0e1ac0f05747690
workflows/mouse-pilot/runs/focused-pilot-20260919/connectivity-debug/start.log	14657	667e43daa25a6a00a09059a7aef0df8759e217c6742bea88e97ddba50e4f4f5d
workflows/mouse-pilot/runs/focused-pilot-20260919/connectivity-debug/stop.log	1069	e75a350820fa985f69111e6d1174edaa6e070a8b89ecc1f4aaab670a1b89210b
workflows/mouse-pilot/runs/focused-pilot-20260919/connectivity-debug/watchdog.json	20	3f6998f234c40c26805ca4c69f5b36738d5c18fdcce4e2d3dda8481f9788694e
workflows/mouse-pilot/runs/focused-pilot-20260919/fold-inputs/manifest.json	13773	8059746ac3e3b316695c70a51575d09f3f654a2c3e01924948c7b27cf5970926
workflows/mouse-pilot/runs/focused-pilot-20260919/fold-inputs/manifest.pre-msa.json	13517	fc7eb8ab48913f487b50f15ac9df183fb6151245122513c12fcf8fb64c62f729
workflows/mouse-pilot/runs/focused-pilot-20260919/fold-inputs/msa-preparation.json	5652	4902610160ca443e924b00de8c0d7535c01d6b0b4bc36ec55606492b14a552ab
workflows/mouse-pilot/runs/focused-pilot-20260919/fold-inputs/msas/protein_010cea6b9aec4fe107d0d322bcf87e247a1dae50e8e1f8a0c2ccf4331ba2c509.a3m	2174911	a1f3baa8c9878e72e1593e8265a6f7b32c6b4a87154eaa57b8659e4b6c5b468b
workflows/mouse-pilot/runs/focused-pilot-20260919/fold-inputs/msas/protein_010cea6b9aec4fe107d0d322bcf87e247a1dae50e8e1f8a0c2ccf4331ba2c509.json	2542	897e368764332c90c613dfce99f61d7e8fb4f9ec631028726212c7b3d934d668
workflows/mouse-pilot/runs/focused-pilot-20260919/fold-inputs/msas/protein_1be097e6870c1cf0730492a3b988a24d343956ed810eb5ba6021075fddda67d4.a3m	1236131	bc1dfaa8541f9e0d4d2f35ca1e50751db2c120836a71573019e36948d27c7ea5
workflows/mouse-pilot/runs/focused-pilot-20260919/fold-inputs/msas/protein_1be097e6870c1cf0730492a3b988a24d343956ed810eb5ba6021075fddda67d4.json	2372	eda6c7696e32acaddbbcefe9721689bbd87c5ce31e59febc3a0722ab185bee93
workflows/mouse-pilot/runs/focused-pilot-20260919/fold-inputs/msas/protein_40886b971ab3b58c192c7f4474815a21bcb8aee631c6987185eda3775ef2bcf3.a3m	890692	aa88766ebeb0ff3c6a0830871eec62f164e5c34cc6143c84e4d55538ccfac6a5
workflows/mouse-pilot/runs/focused-pilot-20260919/fold-inputs/msas/protein_40886b971ab3b58c192c7f4474815a21bcb8aee631c6987185eda3775ef2bcf3.json	3375	25d9108a8f339a64a711c1bc43ef33d21cf8cbb186381a405e44767a55bfc5e3
workflows/mouse-pilot/runs/focused-pilot-20260919/fold-inputs/msas/protein_5fbb65263d2cee8b90549b93739189a4d923d56399dd9965cb39df5b591bf18d.a3m	419356	fa8a9589bf0473cd4e1b99c712768eb779afe43a61b863654589b5b9e6c0e846
workflows/mouse-pilot/runs/focused-pilot-20260919/fold-inputs/msas/protein_5fbb65263d2cee8b90549b93739189a4d923d56399dd9965cb39df5b591bf18d.json	2561	7694f8db128857d2b7a493aa9e5a439b3e76c4fde9e4dde92c407483b152021d
workflows/mouse-pilot/runs/focused-pilot-20260919/fold-inputs/msas/protein_6d61d8abd6143152e0b025884fd296ee504410576909a6b35e3b7931719d0211.a3m	984795	194e6b8bbd73d4dd3efb90c7d7b82e24ec6b338f768583cbff51c45bf701feb1
workflows/mouse-pilot/runs/focused-pilot-20260919/fold-inputs/msas/protein_6d61d8abd6143152e0b025884fd296ee504410576909a6b35e3b7931719d0211.json	2362	f6473da4b2d5f64673f2ec2bf0ad27595e4c8afc29b733e79a38914a61093513
workflows/mouse-pilot/runs/focused-pilot-20260919/fold-inputs/msas/protein_829397420b49a412cf07f60151864bb984e43c3ffee13a777cc6be8d1ad441bc.a3m	438355	be777978457f2812cd435ccd20f93acf4b428201a93545be0ce11a4086ded0ed
workflows/mouse-pilot/runs/focused-pilot-20260919/fold-inputs/msas/protein_829397420b49a412cf07f60151864bb984e43c3ffee13a777cc6be8d1ad441bc.json	3539	4787b1b172631ac682598e3c81e0fe789a5ce4b4f050c4775fb91fe2c745bf52
workflows/mouse-pilot/runs/focused-pilot-20260919/fold-inputs/msas/protein_8b7defedc00075b2ff44d12850e30a2ba564a5a4d5b67b01aa17dbdc2b39a03b.a3m	1312308	ccda125567d4100d8abbb126a902109058cfa64e771a2b0eeec327f122289cd0
workflows/mouse-pilot/runs/focused-pilot-20260919/fold-inputs/msas/protein_8b7defedc00075b2ff44d12850e30a2ba564a5a4d5b67b01aa17dbdc2b39a03b.json	6273	f972a0a5f71513379cb8687e837cd5485171ce2e011caedaefae300edc373537
workflows/mouse-pilot/runs/focused-pilot-20260919/fold-inputs/msas/protein_ab0acc0f95e51a7894c0c41ef7081728b8aa1ad064443d42f81776ea20c77194.a3m	651318	1651ca5fdfe302718d0b20eafee1bf5e5ab619488cc128d0ece81943538cd5b6
workflows/mouse-pilot/runs/focused-pilot-20260919/fold-inputs/msas/protein_ab0acc0f95e51a7894c0c41ef7081728b8aa1ad064443d42f81776ea20c77194.json	2664	da6540e075e5583228da57677f0e59ad406eda51c074ab6504cec2b9d180a06f
workflows/mouse-pilot/runs/focused-pilot-20260919/fold-inputs/msas/protein_ba9e33a93c212f326346c5d15a338f66591107785bb384386e0f27d26b2b64c4.a3m	1526901	232d3c4eed85e7bdb069ce9ab5bccbc6fffdebb06c20a299b05f6e6dec30f965
workflows/mouse-pilot/runs/focused-pilot-20260919/fold-inputs/msas/protein_ba9e33a93c212f326346c5d15a338f66591107785bb384386e0f27d26b2b64c4.json	3720	f073a970dee30ebb897016df38e2979e66388e869407095d3bb6dc481d5e0e40
workflows/mouse-pilot/runs/focused-pilot-20260919/fold-inputs/msas/protein_d67cdd2ab407509e4583ddcfdf76d41c3a0c37af2f70a6280c6b1d0f893e1c73.a3m	4508493	c96856dfe05cb3fb6f9459401f7ed2677f2ad1ce4d175711c705ae40c0e1c039
workflows/mouse-pilot/runs/focused-pilot-20260919/fold-inputs/msas/protein_d67cdd2ab407509e4583ddcfdf76d41c3a0c37af2f70a6280c6b1d0f893e1c73.json	3161	8acaaa71f81a6ecdfbf63b2bc39b02f599cb56f56408f32921868336f2685ace
workflows/mouse-pilot/runs/focused-pilot-20260919/fold-inputs/protein_010cea6b9aec4fe107d0d322bcf87e247a1dae50e8e1f8a0c2ccf4331ba2c509.fasta	254	2df1ab2f6410ddb33e0fe0b34d6b140a58e74adee26ac5b178871c81da23f374
workflows/mouse-pilot/runs/focused-pilot-20260919/fold-inputs/protein_010cea6b9aec4fe107d0d322bcf87e247a1dae50e8e1f8a0c2ccf4331ba2c509.yaml	401	89c121ce604a742bce80a3155949394161634be59be618a2d18ef6a4ce205b97
workflows/mouse-pilot/runs/focused-pilot-20260919/fold-inputs/protein_1be097e6870c1cf0730492a3b988a24d343956ed810eb5ba6021075fddda67d4.fasta	240	4c96ce3b29b89158f14ad827d0dc0c78af6163e925645a9d38fb40c8aed0df05
workflows/mouse-pilot/runs/focused-pilot-20260919/fold-inputs/protein_1be097e6870c1cf0730492a3b988a24d343956ed810eb5ba6021075fddda67d4.yaml	387	c7086545014ddfacffaf8a37c45a4838679e9766edd59f9f36fc5d91203c766b
workflows/mouse-pilot/runs/focused-pilot-20260919/fold-inputs/protein_40886b971ab3b58c192c7f4474815a21bcb8aee631c6987185eda3775ef2bcf3.fasta	345	5f4d3d06a9819afdf710913c65994df8b2b7438e0ecd39a4c071ae82aa03ba4d
workflows/mouse-pilot/runs/focused-pilot-20260919/fold-inputs/protein_40886b971ab3b58c192c7f4474815a21bcb8aee631c6987185eda3775ef2bcf3.yaml	492	e4e987de2c3e2e6d9519a0d97ae6e2237c98a3db3ed9ccd82cc34bec2f7ceb5b
workflows/mouse-pilot/runs/focused-pilot-20260919/fold-inputs/protein_5fbb65263d2cee8b90549b93739189a4d923d56399dd9965cb39df5b591bf18d.fasta	256	f65b4a9d356efd65927826c727e5d5a7bede626236ca2cf1ad85c846e46e2941
workflows/mouse-pilot/runs/focused-pilot-20260919/fold-inputs/protein_5fbb65263d2cee8b90549b93739189a4d923d56399dd9965cb39df5b591bf18d.yaml	403	be6a36a19dcae29c9fa1de8dae64578bd977aa0a13328af7956f54f75aa9c359
workflows/mouse-pilot/runs/focused-pilot-20260919/fold-inputs/protein_6d61d8abd6143152e0b025884fd296ee504410576909a6b35e3b7931719d0211.fasta	241	2d1e1cea73a4de64927186bc6a17f3f5345f875b9720689f88dd1c1c3eec7269
workflows/mouse-pilot/runs/focused-pilot-20260919/fold-inputs/protein_6d61d8abd6143152e0b025884fd296ee504410576909a6b35e3b7931719d0211.yaml	388	8c303001d78799c720f5d02719c4807b9cf0fbcda01e9636b5700bdcb0852135
workflows/mouse-pilot/runs/focused-pilot-20260919/fold-inputs/protein_829397420b49a412cf07f60151864bb984e43c3ffee13a777cc6be8d1ad441bc.fasta	383	41a4ab82e9a26bf3035f1714c424a9b4efa1dfe53eb76dd975e3ccf25f472e5a
workflows/mouse-pilot/runs/focused-pilot-20260919/fold-inputs/protein_829397420b49a412cf07f60151864bb984e43c3ffee13a777cc6be8d1ad441bc.yaml	530	944c8b42b58de89cb958733991e3d52ce61c65f8b271dcacf45c7056becc99da
workflows/mouse-pilot/runs/focused-pilot-20260919/fold-inputs/protein_8b7defedc00075b2ff44d12850e30a2ba564a5a4d5b67b01aa17dbdc2b39a03b.fasta	687	fdc7eb531683963665553cfe63ca2c931292e80c39870869d78ef47bd5511915
workflows/mouse-pilot/runs/focused-pilot-20260919/fold-inputs/protein_8b7defedc00075b2ff44d12850e30a2ba564a5a4d5b67b01aa17dbdc2b39a03b.yaml	834	98238a5156e64e1072f65733e922b68304d98553e50fb3f51ca6cee3e1220cb4
workflows/mouse-pilot/runs/focused-pilot-20260919/fold-inputs/protein_ab0acc0f95e51a7894c0c41ef7081728b8aa1ad064443d42f81776ea20c77194.fasta	280	226def5b2390acffbce746d790b9bed841a513f8706b6d4e5c8281d7163b9c7e
workflows/mouse-pilot/runs/focused-pilot-20260919/fold-inputs/protein_ab0acc0f95e51a7894c0c41ef7081728b8aa1ad064443d42f81776ea20c77194.yaml	427	444e03e9f97e6de2fd45a6ac6c5885e340c4efcdce5b6af40f4c7d35158d887e
workflows/mouse-pilot/runs/focused-pilot-20260919/fold-inputs/protein_ba9e33a93c212f326346c5d15a338f66591107785bb384386e0f27d26b2b64c4.fasta	386	7b7435ef670f0910d6fc5e603aaa72687ceb7fcac9315b3ab70b49ac20c1230c
workflows/mouse-pilot/runs/focused-pilot-20260919/fold-inputs/protein_ba9e33a93c212f326346c5d15a338f66591107785bb384386e0f27d26b2b64c4.yaml	533	8eb0bf1848251f68d7bcf5a491c9667046f4ece54cd729b8b694a8877c92940a
workflows/mouse-pilot/runs/focused-pilot-20260919/fold-inputs/protein_d67cdd2ab407509e4583ddcfdf76d41c3a0c37af2f70a6280c6b1d0f893e1c73.fasta	299	fcd8ae53f63d55bdd8fd762994323223245a035f1e17f0488add257e2a450604
workflows/mouse-pilot/runs/focused-pilot-20260919/fold-inputs/protein_d67cdd2ab407509e4583ddcfdf76d41c3a0c37af2f70a6280c6b1d0f893e1c73.yaml	446	1ec9701163047c352ccbed7c7cc0baebc943621f55fe3ab1cf1eaade18d4b1aa
workflows/mouse-pilot/runs/focused-pilot-20260919/folding-worker-retry-1/actual-launch.json	365	02594358e077b4a008ea42150d0d93cd1ede28f4830f6f0e11eaff3be5749194
workflows/mouse-pilot/runs/focused-pilot-20260919/folding-worker-retry-1/copy-inputs.log	3529	8c2cfd570e045268e2bea232b5f2dc00e4ddbb22ca7f5aaf79c1bb2696e3fc58
workflows/mouse-pilot/runs/focused-pilot-20260919/folding-worker-retry-1/hardware.log	1012	1ab1cdec03498153ff9fa83149ab638cffb19e08783725f00aa9404d37c9d1d3
workflows/mouse-pilot/runs/focused-pilot-20260919/folding-worker-retry-1/inference.log	323	4fc50d1b902ff9f55e2bb5c022bfaeb2e1a82a19edf7d10628983fd60686f2ee
workflows/mouse-pilot/runs/focused-pilot-20260919/folding-worker-retry-1/input-bundle.json	553	a0b11e31524d6e4ff375f3ef5cec1112f4fc3f07152f6b0cdaf32d2ee2845f5f
workflows/mouse-pilot/runs/focused-pilot-20260919/folding-worker-retry-1/launch-budget.json	22477	cf80f737d32c21c69f6ec071d2c2e1a73cb6cd637d1db4a25f72449494c7851f
workflows/mouse-pilot/runs/focused-pilot-20260919/folding-worker-retry-1/launch-inventory.json	956	eb21784fdb4668754b7155360670e9838076337f87c9ee3f1891cc3845f27273
workflows/mouse-pilot/runs/focused-pilot-20260919/folding-worker-retry-1/launch-live-quotes.json	5135881	b8525903676cb3904fe11077e73eff58c248a4c80e9eb8d5bc53101ee7a60e66
workflows/mouse-pilot/runs/focused-pilot-20260919/folding-worker-retry-1/lease.json	363	73d9089f9e50aeb301e9adfdd6501e8397a9820ea28a779840d255a3f96b414d
workflows/mouse-pilot/runs/focused-pilot-20260919/folding-worker-retry-1/prepare.log	160	29a23b81f942921a5c457b12e939594ae24c52b1b045aeb35525429d066157d3
workflows/mouse-pilot/runs/focused-pilot-20260919/folding-worker-retry-1/preserve-outputs.log	3451	4fc245df80fdb672e0226381aa54f58cb7d5e2f41c41cef3d3c00eb0e5ee387c
workflows/mouse-pilot/runs/focused-pilot-20260919/folding-worker-retry-1/resume-provenance.json	169	061b4ab7857fbaf7f593e9b427e238bff8cb7c0f2dfa78258a1df8ebc5f4dfbd
workflows/mouse-pilot/runs/focused-pilot-20260919/folding-worker-retry-1/setup.log	252	6d1e9aa75c689fc21763af45949cfc34363ebcb0fe3e59643e7e73d60606f657
workflows/mouse-pilot/runs/focused-pilot-20260919/folding-worker-retry-1/shutdown-confirmed.json	105	1886070905df09e5c015020ebe247c87dbdd7a5d9cc004791741beacb935d3c7
workflows/mouse-pilot/runs/focused-pilot-20260919/folding-worker-retry-1/ssh-probe-1.log	259	c0f401a58a431eaae176bcc7caf3f9f810a7c41c4b5bb6241ebe645dbcf6cb89
workflows/mouse-pilot/runs/focused-pilot-20260919/folding-worker-retry-1/ssh-ready.json	111	9e9845018fa2d936f7934cc2cb3ff268dc2b2ea161bdc03627c3bb853570a79d
workflows/mouse-pilot/runs/focused-pilot-20260919/folding-worker-retry-1/ssh-refresh-1.log	116	7713624925060ae0998846acd0d37600524496ce0ade966acba7f8a3c3899c32
workflows/mouse-pilot/runs/focused-pilot-20260919/folding-worker-retry-1/start.log	8340	ac88404a71e85512b43c070e1b16de2ce32e82e7062d7dcbf2c4222711721070
workflows/mouse-pilot/runs/focused-pilot-20260919/folding-worker-retry-1/stop.log	230	18605c931d1130393227b8c16694a616d9902d62d54ae37f7c214ba2d6bb82c8
workflows/mouse-pilot/runs/focused-pilot-20260919/folding-worker-retry-1/watchdog.json	59	331bdd1743aff647cae01e57b588264643546fbf6339f456d455470a61d6471a
workflows/mouse-pilot/runs/focused-pilot-20260919/folding-worker-retry-1/worker-controller.json	174	c6192d139cab6efa85430d5f133cccb4727df587320233b2c8d931130a0179ea
workflows/mouse-pilot/runs/focused-pilot-20260919/folding-worker-retry-1/worker-outputs/boltz-predict-help.txt	5735	8383550a8dfceb7cb96045a29a5cf069f8ecc85da992444b80f89fe9398a5354
workflows/mouse-pilot/runs/focused-pilot-20260919/folding-worker-retry-1/worker-outputs/predictions/jobs.json	8743	2a7b124a0e3473c2d388f0d5a5842a3e6a90bb77c351f97d76d3f54d41f493c1
workflows/mouse-pilot/runs/focused-pilot-20260919/folding-worker-retry-1/worker-outputs/predictions/protein_8b7defedc00075b2ff44d12850e30a2ba564a5a4d5b67b01aa17dbdc2b39a03b/boltz.log	7749	f4b20514d07dae84fd7a63aa4e958b43b90a9b86a93a44f71a78015c572cf61d
workflows/mouse-pilot/runs/focused-pilot-20260919/folding-worker-retry-1/worker-outputs/predictions/protein_8b7defedc00075b2ff44d12850e30a2ba564a5a4d5b67b01aa17dbdc2b39a03b/boltz_results_protein_8b7defedc00075b2ff44d12850e30a2ba564a5a4d5b67b01aa17dbdc2b39a03b/lightning_logs/version_0/hparams.yaml	4147	9531cffbf7c410cbabe15d351a985176e5de923a6e31fffb0bb90cdd49bd5643
workflows/mouse-pilot/runs/focused-pilot-20260919/folding-worker-retry-1/worker-outputs/predictions/protein_8b7defedc00075b2ff44d12850e30a2ba564a5a4d5b67b01aa17dbdc2b39a03b/boltz_results_protein_8b7defedc00075b2ff44d12850e30a2ba564a5a4d5b67b01aa17dbdc2b39a03b/processed/constraints/protein_8b7defedc00075b2ff44d12850e30a2ba564a5a4d5b67b01aa17dbdc2b39a03b.npz	1555	16c178184ffab4a9c488e0e8a5bd6157216ad19beab0184ec75a19087d549df9
workflows/mouse-pilot/runs/focused-pilot-20260919/folding-worker-retry-1/worker-outputs/predictions/protein_8b7defedc00075b2ff44d12850e30a2ba564a5a4d5b67b01aa17dbdc2b39a03b/boltz_results_protein_8b7defedc00075b2ff44d12850e30a2ba564a5a4d5b67b01aa17dbdc2b39a03b/processed/manifest.json	638	81fc0f65d90454378ab4b64a938d2ed60b4f927786e202a697c96da0827bc86f
workflows/mouse-pilot/runs/focused-pilot-20260919/folding-worker-retry-1/worker-outputs/predictions/protein_8b7defedc00075b2ff44d12850e30a2ba564a5a4d5b67b01aa17dbdc2b39a03b/boltz_results_protein_8b7defedc00075b2ff44d12850e30a2ba564a5a4d5b67b01aa17dbdc2b39a03b/processed/mols/protein_8b7defedc00075b2ff44d12850e30a2ba564a5a4d5b67b01aa17dbdc2b39a03b.pkl	5	926248e52d1fa532c317e37da24ed652ae64110f8219cb5e061668bd3091f048
workflows/mouse-pilot/runs/focused-pilot-20260919/folding-worker-retry-1/worker-outputs/predictions/protein_8b7defedc00075b2ff44d12850e30a2ba564a5a4d5b67b01aa17dbdc2b39a03b/boltz_results_protein_8b7defedc00075b2ff44d12850e30a2ba564a5a4d5b67b01aa17dbdc2b39a03b/processed/msa/protein_8b7defedc00075b2ff44d12850e30a2ba564a5a4d5b67b01aa17dbdc2b39a03b_0.npz	134060	6ea0996e9c7c9162473b4ab7a65c4852b5e0f4a637c42c5299ed57873d5be571
workflows/mouse-pilot/runs/focused-pilot-20260919/folding-worker-retry-1/worker-outputs/predictions/protein_8b7defedc00075b2ff44d12850e30a2ba564a5a4d5b67b01aa17dbdc2b39a03b/boltz_results_protein_8b7defedc00075b2ff44d12850e30a2ba564a5a4d5b67b01aa17dbdc2b39a03b/processed/records/protein_8b7defedc00075b2ff44d12850e30a2ba564a5a4d5b67b01aa17dbdc2b39a03b.json	623	758733d869a96f130b9d2bd9b02ad2d7d8926440a715590b039522bd73038491
workflows/mouse-pilot/runs/focused-pilot-20260919/folding-worker-retry-1/worker-outputs/predictions/protein_8b7defedc00075b2ff44d12850e30a2ba564a5a4d5b67b01aa17dbdc2b39a03b/boltz_results_protein_8b7defedc00075b2ff44d12850e30a2ba564a5a4d5b67b01aa17dbdc2b39a03b/processed/structures/protein_8b7defedc00075b2ff44d12850e30a2ba564a5a4d5b67b01aa17dbdc2b39a03b.npz	11715	c4d8fa4ee6a7f8640119a0c8880c87f13420552a4a8ed9269eaff23a37f433a8
workflows/mouse-pilot/runs/focused-pilot-20260919/folding-worker-retry-1/worker-outputs/predictions/protein_ab0acc0f95e51a7894c0c41ef7081728b8aa1ad064443d42f81776ea20c77194/boltz.log	7749	325fd8d5c245d1e92e06d58d329e3e74d3d18638697b40d2f38edeb08282b6c0
workflows/mouse-pilot/runs/focused-pilot-20260919/folding-worker-retry-1/worker-outputs/predictions/protein_ab0acc0f95e51a7894c0c41ef7081728b8aa1ad064443d42f81776ea20c77194/boltz_results_protein_ab0acc0f95e51a7894c0c41ef7081728b8aa1ad064443d42f81776ea20c77194/processed/manifest.json	638	d7a3d54cdfd98ae4fc20d6a6f7b78565c3644b047787d62c61d2efb6eee68362
workflows/mouse-pilot/runs/focused-pilot-20260919/folding-worker-retry-1/worker-outputs/predictions/protein_ab0acc0f95e51a7894c0c41ef7081728b8aa1ad064443d42f81776ea20c77194/boltz_results_protein_ab0acc0f95e51a7894c0c41ef7081728b8aa1ad064443d42f81776ea20c77194/processed/msa/protein_ab0acc0f95e51a7894c0c41ef7081728b8aa1ad064443d42f81776ea20c77194_0.npz	61838	4ec1f8e902a14a68a5a35406cda19025d1dba8ed9c657612407659f034b8a705
workflows/mouse-pilot/runs/focused-pilot-20260919/folding-worker-retry-1/worker-outputs/predictions/protein_ab0acc0f95e51a7894c0c41ef7081728b8aa1ad064443d42f81776ea20c77194/boltz_results_protein_ab0acc0f95e51a7894c0c41ef7081728b8aa1ad064443d42f81776ea20c77194/processed/records/protein_ab0acc0f95e51a7894c0c41ef7081728b8aa1ad064443d42f81776ea20c77194.json	623	9ae99274f38cf643b9abe773ddb4a1268d578fdf7f85860993b6b842a6224685
workflows/mouse-pilot/runs/focused-pilot-20260919/folding-worker-retry-1/worker-outputs/predictions/protein_ab0acc0f95e51a7894c0c41ef7081728b8aa1ad064443d42f81776ea20c77194/boltz_results_protein_ab0acc0f95e51a7894c0c41ef7081728b8aa1ad064443d42f81776ea20c77194/processed/structures/protein_ab0acc0f95e51a7894c0c41ef7081728b8aa1ad064443d42f81776ea20c77194.npz	5502	260ec9d065698e91ffacf8dc27c0246a8b521c7790c1a5aa3d3f09a380444390
workflows/mouse-pilot/runs/focused-pilot-20260919/folding-worker-retry-1/worker-outputs/predictions/protein_f0766d124b52f0061597ce4e822e9275a04152df574f9a512631a0fa6ed8a2fa/boltz.log	7683	0dd45d833065ca40c3ac53b14cfc83002d454d5a1571fd9e154c71dc28e3b766
workflows/mouse-pilot/runs/focused-pilot-20260919/folding-worker-retry-1/worker-outputs/predictions/protein_f0766d124b52f0061597ce4e822e9275a04152df574f9a512631a0fa6ed8a2fa/boltz_results_protein_f0766d124b52f0061597ce4e822e9275a04152df574f9a512631a0fa6ed8a2fa/processed/manifest.json	638	50c7513c59a43714d529ee8a33175237a1d9ae326694337116c79f6174ba6982
workflows/mouse-pilot/runs/focused-pilot-20260919/folding-worker-retry-1/worker-outputs/predictions/protein_f0766d124b52f0061597ce4e822e9275a04152df574f9a512631a0fa6ed8a2fa/boltz_results_protein_f0766d124b52f0061597ce4e822e9275a04152df574f9a512631a0fa6ed8a2fa/processed/msa/protein_f0766d124b52f0061597ce4e822e9275a04152df574f9a512631a0fa6ed8a2fa_0.npz	31175	a0e109e6b42c68e312c4dcb38ca8cb91e1456a29bf72add645e395a31770c07e
workflows/mouse-pilot/runs/focused-pilot-20260919/folding-worker-retry-1/worker-outputs/predictions/protein_f0766d124b52f0061597ce4e822e9275a04152df574f9a512631a0fa6ed8a2fa/boltz_results_protein_f0766d124b52f0061597ce4e822e9275a04152df574f9a512631a0fa6ed8a2fa/processed/records/protein_f0766d124b52f0061597ce4e822e9275a04152df574f9a512631a0fa6ed8a2fa.json	623	ee5f826d751a039b7f5ee64ea6a70378f6fa7fd7f0b7a601b6782afa0dc38324
workflows/mouse-pilot/runs/focused-pilot-20260919/folding-worker-retry-1/worker-outputs/predictions/protein_f0766d124b52f0061597ce4e822e9275a04152df574f9a512631a0fa6ed8a2fa/boltz_results_protein_f0766d124b52f0061597ce4e822e9275a04152df574f9a512631a0fa6ed8a2fa/processed/structures/protein_f0766d124b52f0061597ce4e822e9275a04152df574f9a512631a0fa6ed8a2fa.npz	4269	0ac92fde884fbd7a8b3a256be1d0b6dd03599547302651c6c59c8f804f258514
workflows/mouse-pilot/runs/focused-pilot-20260919/folding-worker-retry-1/worker-outputs/predictions/runtime.json	200	572d87a1c77660a054760efaca352494bb8cdcb46445462d9fda478b55387349
workflows/mouse-pilot/runs/focused-pilot-20260919/folding-worker-retry-1/worker-outputs/predictions/summary.json	176	143b6374f1dcd573e221621b3eb72a48df716a3ac5574a3cfae8890452b05089
workflows/mouse-pilot/runs/focused-pilot-20260919/folding-worker-retry-1/worker-outputs/predictions/weights.json	447	5f00c42a966065653b1feeca041016b2d6e11814686839bad65b57647f3b0d20
workflows/mouse-pilot/runs/focused-pilot-20260919/folding-worker-retry-1/worker-outputs/requirements-lock.txt	1731	487bf19b44b2354a0f3668f363a27015c9f284456101d948b1c27cf7f5b0a8cd
workflows/mouse-pilot/runs/focused-pilot-20260919/folding-worker-retry-1/worker-outputs/setup.log	37344	8b6fa232856c17044605f4c7457812087ca0dd831d9b3451eb658586e9601894
workflows/mouse-pilot/runs/focused-pilot-20260919/folding-worker-retry-2/actual-launch.json	365	e96d9c50e40b099f8602d6cf9fa2e6bee6596295902d065a358e888296b38844
workflows/mouse-pilot/runs/focused-pilot-20260919/folding-worker-retry-2/copy-inputs.log	3485	610a11c639c1c69365b536b0b7794fd9e00f082abb037d7d2954425a635f3008
workflows/mouse-pilot/runs/focused-pilot-20260919/folding-worker-retry-2/hardware.log	1065	53a8de69991475e13d3f22034992a27678e7ad7c04ac3c63e0cbd3ea9fa31677
workflows/mouse-pilot/runs/focused-pilot-20260919/folding-worker-retry-2/inference.log	660	4480860f8cd531d3c39a4dc6d7615eb19c1d6d87239787cff1347da7ccda16d5
workflows/mouse-pilot/runs/focused-pilot-20260919/folding-worker-retry-2/input-bundle.json	553	b3d3c21d6756ed40a49be2c6483a6e069958bc0a818da0d4a3d030c9597f07c3
workflows/mouse-pilot/runs/focused-pilot-20260919/folding-worker-retry-2/launch-budget.json	22477	e52ba94468f093715a147dd3aaea91ba7440f484a65a6536a3c08b0c2a2837ac
workflows/mouse-pilot/runs/focused-pilot-20260919/folding-worker-retry-2/launch-inventory.json	956	ecc7ab2af5b0b25312495f1480d927ad9d25d4159db9521b97251ae3275f9a8c
workflows/mouse-pilot/runs/focused-pilot-20260919/folding-worker-retry-2/launch-live-quotes.json	5135744	a6970182bb84eedb5e83e94d452c6a43090323d76541a3ec37cbe834a830e140
workflows/mouse-pilot/runs/focused-pilot-20260919/folding-worker-retry-2/lease.json	363	14e69cc839bd70e1f90fd3ce752dbf230b4673740e1b36e2356f92dcc0b26532
workflows/mouse-pilot/runs/focused-pilot-20260919/folding-worker-retry-2/prepare.log	160	5cce435fc575bed6a6df4b550aa9865904f2b12d803f376291172d5002afeb93
workflows/mouse-pilot/runs/focused-pilot-20260919/folding-worker-retry-2/preserve-outputs.log	3451	f4ca90c7e41b73e79e2050951c0f4b6456a8e17a809454d55c2fc7e38d0e3416
workflows/mouse-pilot/runs/focused-pilot-20260919/folding-worker-retry-2/resume-provenance.json	177	c0204ac7dfbba4d1a51455cf270da135a72fbfde0508eebfa91afd6b43f2aa17
workflows/mouse-pilot/runs/focused-pilot-20260919/folding-worker-retry-2/setup.log	252	59bb81fd10d0de905345902fca0981671fb3ebc99734b985c4708325e53da0b5
workflows/mouse-pilot/runs/focused-pilot-20260919/folding-worker-retry-2/shutdown-confirmed.json	105	167e74a24cd6f445988123c618fee9fed73586e40b66a725a887c4dba71c2975
workflows/mouse-pilot/runs/focused-pilot-20260919/folding-worker-retry-2/ssh-probe-1.log	259	d3c74e4bf3b003564af7fa325fa71ddf5217f99808aa423d411716fc65c40451
workflows/mouse-pilot/runs/focused-pilot-20260919/folding-worker-retry-2/ssh-ready.json	111	68108616269a91e228adb530a5389f23c9713ef042fd94eb22ddd4b11f492e47
workflows/mouse-pilot/runs/focused-pilot-20260919/folding-worker-retry-2/ssh-refresh-1.log	116	7916ca54961610b665ae5d7a5a298ae4cfae0d5904a100e86a2667c2aab89fb7
workflows/mouse-pilot/runs/focused-pilot-20260919/folding-worker-retry-2/start.log	8280	aff29163c2610ed998a2c29495f11d622984079bad0d7f4b4cb8323738e3e4ec
workflows/mouse-pilot/runs/focused-pilot-20260919/folding-worker-retry-2/stop.log	230	03f3d49b94cfda8957c569b73fdfdd0627a1d9756c638ecda06271e32a23ea02
workflows/mouse-pilot/runs/focused-pilot-20260919/folding-worker-retry-2/watchdog.json	59	08f733ec54c3f0e8f8094a07d154164b08499a28a7b85ed588677823ac7b825f
workflows/mouse-pilot/runs/focused-pilot-20260919/folding-worker-retry-2/worker-controller.json	174	df7259c2dcba6090515db98e9fba384a18565c62f8cd5763058d2c37ddccb7c8
workflows/mouse-pilot/runs/focused-pilot-20260919/folding-worker-retry-2/worker-outputs/predictions/jobs.json	8743	c99f0a794f5d5d168f8b1204c58cd0d6f9abde71b6b35a45eda6473a56784410
workflows/mouse-pilot/runs/focused-pilot-20260919/folding-worker-retry-2/worker-outputs/predictions/protein_8b7defedc00075b2ff44d12850e30a2ba564a5a4d5b67b01aa17dbdc2b39a03b/boltz.log	11181	5320c5cee1f48058dabed4dfcc2d1d35c385653dd6d0606b2c79b903f68296f1
workflows/mouse-pilot/runs/focused-pilot-20260919/folding-worker-retry-2/worker-outputs/predictions/protein_ab0acc0f95e51a7894c0c41ef7081728b8aa1ad064443d42f81776ea20c77194/boltz.log	11181	1dc8b551f4f9b65cf01f1abcbeb9b726ba1d43c5a30a3ad9eb4a26a1f399b727
workflows/mouse-pilot/runs/focused-pilot-20260919/folding-worker-retry-2/worker-outputs/predictions/protein_f0766d124b52f0061597ce4e822e9275a04152df574f9a512631a0fa6ed8a2fa/boltz.log	11181	7fe50eecda0d18cf5897955f32c8b01976fb6efa3df99cbb0e95df5346fc359b
workflows/mouse-pilot/runs/focused-pilot-20260919/folding-worker-retry-2/worker-outputs/predictions/runtime.json	200	53f779328502427c36c083858fd5fd256ae03f1f508fc23f9869d660f728f4c3
workflows/mouse-pilot/runs/focused-pilot-20260919/folding-worker-retry-2/worker-outputs/predictions/summary.json	176	7d0c4d1b060e3bcbe20cb70d75b526488d0af2d7f601d6fd96c6b0b99f872506
workflows/mouse-pilot/runs/focused-pilot-20260919/folding-worker-retry-2/worker-outputs/requirements-lock.txt	1898	70ea7ed3315e76f3d3a2eb4eaa6c27c5c3356d30587e9e1b48be13828a940575
workflows/mouse-pilot/runs/focused-pilot-20260919/folding-worker-retry-2/worker-outputs/setup.log	25441	8e79228ff95a36132afa92fe0078e5e986cb96daa8e3c1b22734f5ecdb20ed37
workflows/mouse-pilot/runs/focused-pilot-20260919/folding-worker-retry-3/actual-launch.json	365	2ac49dd793641c0b31963e852f3b3a561cf1bd60865775a10ec39dd4169aaed9
workflows/mouse-pilot/runs/focused-pilot-20260919/folding-worker-retry-3/copy-inputs.log	3485	81ceaa341a06321a7f955a0810f623e557fc82ec2513b9277c1ed52ea965dbb9
workflows/mouse-pilot/runs/focused-pilot-20260919/folding-worker-retry-3/hardware.log	1065	a2bc44ad3f42a8319795affa986e2a80446c0e2706b205a88c206d6fb126b01f
workflows/mouse-pilot/runs/focused-pilot-20260919/folding-worker-retry-3/inference.log	660	fc65907fe05036f055d7d26e6ae43ab593158b8b4d0a788eee186e8e51ebce9c
workflows/mouse-pilot/runs/focused-pilot-20260919/folding-worker-retry-3/input-bundle.json	553	1f7e63f180ea2964799ccdfddf79e971a74b637e5c19ad83a873ae0e8897d591
workflows/mouse-pilot/runs/focused-pilot-20260919/folding-worker-retry-3/launch-budget.json	22477	80f3ec070854320f1f0e5dbf202989c46ddb68b4d28d742e72a6dba3d8dc082b
workflows/mouse-pilot/runs/focused-pilot-20260919/folding-worker-retry-3/launch-inventory.json	956	3f1002e52aaf1a5dfb82b07868b03c993ffe438ef0a073c5dec833ba4988b6c9
workflows/mouse-pilot/runs/focused-pilot-20260919/folding-worker-retry-3/launch-live-quotes.json	5135883	f10b0822f342d4c29220597ddc84a3063e929149571200354f8e594775eba9bd
workflows/mouse-pilot/runs/focused-pilot-20260919/folding-worker-retry-3/lease.json	363	4d3cd9df972b6c11749fdb9b40617bbe8b21f72ae912cf6bd6ace909afcb76be
workflows/mouse-pilot/runs/focused-pilot-20260919/folding-worker-retry-3/prepare.log	160	e2a1f0a728c98a297f7323e9b9b3370cbf468a3599ae9305b6de6717fda23145
workflows/mouse-pilot/runs/focused-pilot-20260919/folding-worker-retry-3/preserve-outputs.log	3494	556085153f9f3262b77e1ba16c8dd0442ec41bcdeb638bb178bb94d0c4d56cca
workflows/mouse-pilot/runs/focused-pilot-20260919/folding-worker-retry-3/resume-provenance.json	177	c3950c2b348e4ce5192f0fb1ddcea496d907655f6461425d017505371d969ecb
workflows/mouse-pilot/runs/focused-pilot-20260919/folding-worker-retry-3/setup.log	252	651dc8d9a098eb1131706e8b370ba695624cd4abe4e2d8f5809cb20278597196
workflows/mouse-pilot/runs/focused-pilot-20260919/folding-worker-retry-3/shutdown-confirmed.json	105	2ff95d7251599e420c78e023ea66e38c3879450c02efe46d2974c108767845be
workflows/mouse-pilot/runs/focused-pilot-20260919/folding-worker-retry-3/ssh-probe-1.log	196	a35fb00b493884707a4f91f34896ae49f103c46f4eb8c5ebd258390241cc7239
workflows/mouse-pilot/runs/focused-pilot-20260919/folding-worker-retry-3/ssh-probe-2.log	259	44197734a44d3ed2b39e479e539f1a1149c8e7569a52979b53055cfdb5515eee
workflows/mouse-pilot/runs/focused-pilot-20260919/folding-worker-retry-3/ssh-ready.json	111	0d161d3d0a45aeacb8adbe75c5f5ba48e661c4765f6cc1b7f9df61a98b311d42
workflows/mouse-pilot/runs/focused-pilot-20260919/folding-worker-retry-3/ssh-refresh-1.log	116	1314ad54807b00e5c8221c4f22f44de0ac45642b87e3fa23124ad04b08692749
workflows/mouse-pilot/runs/focused-pilot-20260919/folding-worker-retry-3/ssh-refresh-2.log	116	d346c719a3865b0da76ecba5131b056ec7db2c00d9d58761250e89cdd57b0bca
workflows/mouse-pilot/runs/focused-pilot-20260919/folding-worker-retry-3/start.log	6715	422efb4f55261d33f99d2836a775491343990c1bc0b84ca03c9d6307ea56ad86
workflows/mouse-pilot/runs/focused-pilot-20260919/folding-worker-retry-3/stop.log	461	15640faef6c226ab80f56bff2e16b1973c6b90a33635dce0e796fc5b393f2429
workflows/mouse-pilot/runs/focused-pilot-20260919/folding-worker-retry-3/watchdog.json	59	aaf4ab7b2abe00fbfa30feaacb0095816d7692e3feb6b5498c6c36c996e6afbb
workflows/mouse-pilot/runs/focused-pilot-20260919/folding-worker-retry-3/worker-controller.json	174	fcf1992f7357dbe87558e7b9c764b100f0980cb0468490cdb7817a8867e4653e
workflows/mouse-pilot/runs/focused-pilot-20260919/folding-worker-retry-3/worker-outputs/cuda-kernel-check.json	204	ac0c8aa9fe860aa55d141ef2d689c5aade95c97bd0a9c879f3e90cf1963531ad
workflows/mouse-pilot/runs/focused-pilot-20260919/folding-worker-retry-3/worker-outputs/predictions/jobs.json	14971	ea2b3df0b738712dcae26193bfe5151b7ebaacd49f341cdb0f6a138797220736
workflows/mouse-pilot/runs/focused-pilot-20260919/folding-worker-retry-3/worker-outputs/predictions/protein_010cea6b9aec4fe107d0d322bcf87e247a1dae50e8e1f8a0c2ccf4331ba2c509/boltz.log	2344	51c577650f5363b51ffa749fb5f13a3a9a61586dca0abb548d29db0ee6aca18c
workflows/mouse-pilot/runs/focused-pilot-20260919/folding-worker-retry-3/worker-outputs/predictions/protein_010cea6b9aec4fe107d0d322bcf87e247a1dae50e8e1f8a0c2ccf4331ba2c509/boltz_results_protein_010cea6b9aec4fe107d0d322bcf87e247a1dae50e8e1f8a0c2ccf4331ba2c509/predictions/protein_010cea6b9aec4fe107d0d322bcf87e247a1dae50e8e1f8a0c2ccf4331ba2c509/confidence_protein_010cea6b9aec4fe107d0d322bcf87e247a1dae50e8e1f8a0c2ccf4331ba2c509_model_0.json	443	9c8d8809ff0db2535b0f89e389e8fff49a9cc6711be3d2843bba5e89200e7286
workflows/mouse-pilot/runs/focused-pilot-20260919/folding-worker-retry-3/worker-outputs/predictions/protein_010cea6b9aec4fe107d0d322bcf87e247a1dae50e8e1f8a0c2ccf4331ba2c509/boltz_results_protein_010cea6b9aec4fe107d0d322bcf87e247a1dae50e8e1f8a0c2ccf4331ba2c509/predictions/protein_010cea6b9aec4fe107d0d322bcf87e247a1dae50e8e1f8a0c2ccf4331ba2c509/pae_protein_010cea6b9aec4fe107d0d322bcf87e247a1dae50e8e1f8a0c2ccf4331ba2c509_model_0.npz	113674	16c71be066984a16a9478ea442b09a6cc160086194546539d8e1d2864cc73800
workflows/mouse-pilot/runs/focused-pilot-20260919/folding-worker-retry-3/worker-outputs/predictions/protein_010cea6b9aec4fe107d0d322bcf87e247a1dae50e8e1f8a0c2ccf4331ba2c509/boltz_results_protein_010cea6b9aec4fe107d0d322bcf87e247a1dae50e8e1f8a0c2ccf4331ba2c509/predictions/protein_010cea6b9aec4fe107d0d322bcf87e247a1dae50e8e1f8a0c2ccf4331ba2c509/pde_protein_010cea6b9aec4fe107d0d322bcf87e247a1dae50e8e1f8a0c2ccf4331ba2c509_model_0.npz	107865	adc59c8acd46921258cd8295e49e5f485210ef11814d35112b5dcd7e92ca8e55
workflows/mouse-pilot/runs/focused-pilot-20260919/folding-worker-retry-3/worker-outputs/predictions/protein_010cea6b9aec4fe107d0d322bcf87e247a1dae50e8e1f8a0c2ccf4331ba2c509/boltz_results_protein_010cea6b9aec4fe107d0d322bcf87e247a1dae50e8e1f8a0c2ccf4331ba2c509/predictions/protein_010cea6b9aec4fe107d0d322bcf87e247a1dae50e8e1f8a0c2ccf4331ba2c509/plddt_protein_010cea6b9aec4fe107d0d322bcf87e247a1dae50e8e1f8a0c2ccf4331ba2c509_model_0.npz	892	e88bcd21303824522f2e54a6843225d248912293c3e879dc102bff9d4ac4980e
workflows/mouse-pilot/runs/focused-pilot-20260919/folding-worker-retry-3/worker-outputs/predictions/protein_010cea6b9aec4fe107d0d322bcf87e247a1dae50e8e1f8a0c2ccf4331ba2c509/boltz_results_protein_010cea6b9aec4fe107d0d322bcf87e247a1dae50e8e1f8a0c2ccf4331ba2c509/predictions/protein_010cea6b9aec4fe107d0d322bcf87e247a1dae50e8e1f8a0c2ccf4331ba2c509/protein_010cea6b9aec4fe107d0d322bcf87e247a1dae50e8e1f8a0c2ccf4331ba2c509_model_0.cif	126578	aed110287f5a4404ca3e3c38984ec4d8af021501f93468f42a377b29079c4a10
workflows/mouse-pilot/runs/focused-pilot-20260919/folding-worker-retry-3/worker-outputs/predictions/protein_010cea6b9aec4fe107d0d322bcf87e247a1dae50e8e1f8a0c2ccf4331ba2c509/boltz_results_protein_010cea6b9aec4fe107d0d322bcf87e247a1dae50e8e1f8a0c2ccf4331ba2c509/processed/manifest.json	638	fd2db79bebab9d3c2971afe2040d75c743007dbee3d410a015eb1a3fb738e173
workflows/mouse-pilot/runs/focused-pilot-20260919/folding-worker-retry-3/worker-outputs/predictions/protein_010cea6b9aec4fe107d0d322bcf87e247a1dae50e8e1f8a0c2ccf4331ba2c509/boltz_results_protein_010cea6b9aec4fe107d0d322bcf87e247a1dae50e8e1f8a0c2ccf4331ba2c509/processed/msa/protein_010cea6b9aec4fe107d0d322bcf87e247a1dae50e8e1f8a0c2ccf4331ba2c509_0.npz	495630	13468365a049dbac87c957032841349da996a9e14dcc93b44ab3453b1658f105
workflows/mouse-pilot/runs/focused-pilot-20260919/folding-worker-retry-3/worker-outputs/predictions/protein_010cea6b9aec4fe107d0d322bcf87e247a1dae50e8e1f8a0c2ccf4331ba2c509/boltz_results_protein_010cea6b9aec4fe107d0d322bcf87e247a1dae50e8e1f8a0c2ccf4331ba2c509/processed/records/protein_010cea6b9aec4fe107d0d322bcf87e247a1dae50e8e1f8a0c2ccf4331ba2c509.json	623	67cd5fa6dee950c61cc0aaac42452a9032d59ae66fba187b0b31b73e0917a393
workflows/mouse-pilot/runs/focused-pilot-20260919/folding-worker-retry-3/worker-outputs/predictions/protein_010cea6b9aec4fe107d0d322bcf87e247a1dae50e8e1f8a0c2ccf4331ba2c509/boltz_results_protein_010cea6b9aec4fe107d0d322bcf87e247a1dae50e8e1f8a0c2ccf4331ba2c509/processed/structures/protein_010cea6b9aec4fe107d0d322bcf87e247a1dae50e8e1f8a0c2ccf4331ba2c509.npz	5187	68cc3b513a34fa554ae6c33ddb6cd3ccd316d744a74885d7d7b2d56467deb118
workflows/mouse-pilot/runs/focused-pilot-20260919/folding-worker-retry-3/worker-outputs/predictions/protein_010cea6b9aec4fe107d0d322bcf87e247a1dae50e8e1f8a0c2ccf4331ba2c509/validation.json	6643	2025a97efb1e43cd350cd6c793d5e7527c9dec4443c2b8ef62074da9cc58ace8
workflows/mouse-pilot/runs/focused-pilot-20260919/folding-worker-retry-3/worker-outputs/predictions/protein_1be097e6870c1cf0730492a3b988a24d343956ed810eb5ba6021075fddda67d4/boltz.log	2344	f563224792eda08b859fdbd12ce86932f91e7ad2bdca3a3cced660df24342167
workflows/mouse-pilot/runs/focused-pilot-20260919/folding-worker-retry-3/worker-outputs/predictions/protein_1be097e6870c1cf0730492a3b988a24d343956ed810eb5ba6021075fddda67d4/boltz_results_protein_1be097e6870c1cf0730492a3b988a24d343956ed810eb5ba6021075fddda67d4/predictions/protein_1be097e6870c1cf0730492a3b988a24d343956ed810eb5ba6021075fddda67d4/confidence_protein_1be097e6870c1cf0730492a3b988a24d343956ed810eb5ba6021075fddda67d4_model_0.json	443	3e7f7d27fc2fe34e71db2a333e555eabab7419285ca85574a9f6c3c071f43c1d
workflows/mouse-pilot/runs/focused-pilot-20260919/folding-worker-retry-3/worker-outputs/predictions/protein_1be097e6870c1cf0730492a3b988a24d343956ed810eb5ba6021075fddda67d4/boltz_results_protein_1be097e6870c1cf0730492a3b988a24d343956ed810eb5ba6021075fddda67d4/predictions/protein_1be097e6870c1cf0730492a3b988a24d343956ed810eb5ba6021075fddda67d4/pae_protein_1be097e6870c1cf0730492a3b988a24d343956ed810eb5ba6021075fddda67d4_model_0.npz	97400	655b8fec4bd17ab234025accfac1ea48c3cc5662700a4ce564a16fe7f07d0eab
workflows/mouse-pilot/runs/focused-pilot-20260919/folding-worker-retry-3/worker-outputs/predictions/protein_1be097e6870c1cf0730492a3b988a24d343956ed810eb5ba6021075fddda67d4/boltz_results_protein_1be097e6870c1cf0730492a3b988a24d343956ed810eb5ba6021075fddda67d4/predictions/protein_1be097e6870c1cf0730492a3b988a24d343956ed810eb5ba6021075fddda67d4/pde_protein_1be097e6870c1cf0730492a3b988a24d343956ed810eb5ba6021075fddda67d4_model_0.npz	89593	6d54f057c71bb0b7ce870f5486e959fff860bf4b80fdcfb1f34d31f8edba7638
workflows/mouse-pilot/runs/focused-pilot-20260919/folding-worker-retry-3/worker-outputs/predictions/protein_1be097e6870c1cf0730492a3b988a24d343956ed810eb5ba6021075fddda67d4/boltz_results_protein_1be097e6870c1cf0730492a3b988a24d343956ed810eb5ba6021075fddda67d4/predictions/protein_1be097e6870c1cf0730492a3b988a24d343956ed810eb5ba6021075fddda67d4/plddt_protein_1be097e6870c1cf0730492a3b988a24d343956ed810eb5ba6021075fddda67d4_model_0.npz	834	81110c805009fc8fc513928db7830d06a37f4e64299b7e997dcabc256e5e1024
workflows/mouse-pilot/runs/focused-pilot-20260919/folding-worker-retry-3/worker-outputs/predictions/protein_1be097e6870c1cf0730492a3b988a24d343956ed810eb5ba6021075fddda67d4/boltz_results_protein_1be097e6870c1cf0730492a3b988a24d343956ed810eb5ba6021075fddda67d4/predictions/protein_1be097e6870c1cf0730492a3b988a24d343956ed810eb5ba6021075fddda67d4/protein_1be097e6870c1cf0730492a3b988a24d343956ed810eb5ba6021075fddda67d4_model_0.cif	110374	79cf70d376d09ff0023c6ba7a7755ef1f18ab9c00895456592cc5b685ae595eb
workflows/mouse-pilot/runs/focused-pilot-20260919/folding-worker-retry-3/worker-outputs/predictions/protein_1be097e6870c1cf0730492a3b988a24d343956ed810eb5ba6021075fddda67d4/boltz_results_protein_1be097e6870c1cf0730492a3b988a24d343956ed810eb5ba6021075fddda67d4/processed/manifest.json	638	88933d310d28f87100b60c2c350d33afa8ca273b9422e55d2ac91ad0d260881d
workflows/mouse-pilot/runs/focused-pilot-20260919/folding-worker-retry-3/worker-outputs/predictions/protein_1be097e6870c1cf0730492a3b988a24d343956ed810eb5ba6021075fddda67d4/boltz_results_protein_1be097e6870c1cf0730492a3b988a24d343956ed810eb5ba6021075fddda67d4/processed/msa/protein_1be097e6870c1cf0730492a3b988a24d343956ed810eb5ba6021075fddda67d4_0.npz	306158	2a8ae98240f80743cbccd355f464ee842ed9d94253a2fa4348033abbb9e25e81
workflows/mouse-pilot/runs/focused-pilot-20260919/folding-worker-retry-3/worker-outputs/predictions/protein_1be097e6870c1cf0730492a3b988a24d343956ed810eb5ba6021075fddda67d4/boltz_results_protein_1be097e6870c1cf0730492a3b988a24d343956ed810eb5ba6021075fddda67d4/processed/records/protein_1be097e6870c1cf0730492a3b988a24d343956ed810eb5ba6021075fddda67d4.json	623	f085b8fb9dc0a87f6ba0750192706459d7153e5d73b1e81f2e29d808bb197b4e
workflows/mouse-pilot/runs/focused-pilot-20260919/folding-worker-retry-3/worker-outputs/predictions/protein_1be097e6870c1cf0730492a3b988a24d343956ed810eb5ba6021075fddda67d4/boltz_results_protein_1be097e6870c1cf0730492a3b988a24d343956ed810eb5ba6021075fddda67d4/processed/structures/protein_1be097e6870c1cf0730492a3b988a24d343956ed810eb5ba6021075fddda67d4.npz	4981	c1da9f0918133f6d936816808afd6c43f5717cd92901218e9793a9ab51db8d90
workflows/mouse-pilot/runs/focused-pilot-20260919/folding-worker-retry-3/worker-outputs/predictions/protein_1be097e6870c1cf0730492a3b988a24d343956ed810eb5ba6021075fddda67d4/validation.json	6293	d7c680c2163d14d119b0b0cbe8d1f00d4727199a7e9e9436ed58f3d41f8d5fa6
workflows/mouse-pilot/runs/focused-pilot-20260919/folding-worker-retry-3/worker-outputs/predictions/protein_40886b971ab3b58c192c7f4474815a21bcb8aee631c6987185eda3775ef2bcf3/boltz.log	2344	715e64d76d58f801c256071d671c513310e5c2b550a9abd69544f3b1988ecae2
workflows/mouse-pilot/runs/focused-pilot-20260919/folding-worker-retry-3/worker-outputs/predictions/protein_40886b971ab3b58c192c7f4474815a21bcb8aee631c6987185eda3775ef2bcf3/boltz_results_protein_40886b971ab3b58c192c7f4474815a21bcb8aee631c6987185eda3775ef2bcf3/predictions/protein_40886b971ab3b58c192c7f4474815a21bcb8aee631c6987185eda3775ef2bcf3/confidence_protein_40886b971ab3b58c192c7f4474815a21bcb8aee631c6987185eda3775ef2bcf3_model_0.json	443	8cc4c506d9621c6847094eda264cdf077deb7156dcf714931ba6ee4d9f2889c2
workflows/mouse-pilot/runs/focused-pilot-20260919/folding-worker-retry-3/worker-outputs/predictions/protein_40886b971ab3b58c192c7f4474815a21bcb8aee631c6987185eda3775ef2bcf3/boltz_results_protein_40886b971ab3b58c192c7f4474815a21bcb8aee631c6987185eda3775ef2bcf3/predictions/protein_40886b971ab3b58c192c7f4474815a21bcb8aee631c6987185eda3775ef2bcf3/pae_protein_40886b971ab3b58c192c7f4474815a21bcb8aee631c6987185eda3775ef2bcf3_model_0.npz	255965	c0f38f5316ee35af4ebc4302ab2b02e08b1d599aeb85fea4748c14f8bfdc1e69
workflows/mouse-pilot/runs/focused-pilot-20260919/folding-worker-retry-3/worker-outputs/predictions/protein_40886b971ab3b58c192c7f4474815a21bcb8aee631c6987185eda3775ef2bcf3/boltz_results_protein_40886b971ab3b58c192c7f4474815a21bcb8aee631c6987185eda3775ef2bcf3/predictions/protein_40886b971ab3b58c192c7f4474815a21bcb8aee631c6987185eda3775ef2bcf3/pde_protein_40886b971ab3b58c192c7f4474815a21bcb8aee631c6987185eda3775ef2bcf3_model_0.npz	254933	6bdb40d46f05adfdd5cfafc351267c5c9497b5f3e6aab1995756f5223713be1a
workflows/mouse-pilot/runs/focused-pilot-20260919/folding-worker-retry-3/worker-outputs/predictions/protein_40886b971ab3b58c192c7f4474815a21bcb8aee631c6987185eda3775ef2bcf3/boltz_results_protein_40886b971ab3b58c192c7f4474815a21bcb8aee631c6987185eda3775ef2bcf3/predictions/protein_40886b971ab3b58c192c7f4474815a21bcb8aee631c6987185eda3775ef2bcf3/plddt_protein_40886b971ab3b58c192c7f4474815a21bcb8aee631c6987185eda3775ef2bcf3_model_0.npz	1217	98074592783899c4eda9bc96402596b74d2c1cd268fa497d8f22a87fda04e0fc
workflows/mouse-pilot/runs/focused-pilot-20260919/folding-worker-retry-3/worker-outputs/predictions/protein_40886b971ab3b58c192c7f4474815a21bcb8aee631c6987185eda3775ef2bcf3/boltz_results_protein_40886b971ab3b58c192c7f4474815a21bcb8aee631c6987185eda3775ef2bcf3/predictions/protein_40886b971ab3b58c192c7f4474815a21bcb8aee631c6987185eda3775ef2bcf3/protein_40886b971ab3b58c192c7f4474815a21bcb8aee631c6987185eda3775ef2bcf3_model_0.cif	187649	8f0f67a4147d0c5d843711478a6d25256c81afd3b73ffa5734f2fdfeee30895c
workflows/mouse-pilot/runs/focused-pilot-20260919/folding-worker-retry-3/worker-outputs/predictions/protein_40886b971ab3b58c192c7f4474815a21bcb8aee631c6987185eda3775ef2bcf3/boltz_results_protein_40886b971ab3b58c192c7f4474815a21bcb8aee631c6987185eda3775ef2bcf3/processed/manifest.json	638	c237d25b60e1c714c109e214932108097133b339f5735018c24cdd45d5648364
workflows/mouse-pilot/runs/focused-pilot-20260919/folding-worker-retry-3/worker-outputs/predictions/protein_40886b971ab3b58c192c7f4474815a21bcb8aee631c6987185eda3775ef2bcf3/boltz_results_protein_40886b971ab3b58c192c7f4474815a21bcb8aee631c6987185eda3775ef2bcf3/processed/msa/protein_40886b971ab3b58c192c7f4474815a21bcb8aee631c6987185eda3775ef2bcf3_0.npz	154035	779f975273b21904caa29075dd48851b4090eb48e12090982a56e766de30c002
workflows/mouse-pilot/runs/focused-pilot-20260919/folding-worker-retry-3/worker-outputs/predictions/protein_40886b971ab3b58c192c7f4474815a21bcb8aee631c6987185eda3775ef2bcf3/boltz_results_protein_40886b971ab3b58c192c7f4474815a21bcb8aee631c6987185eda3775ef2bcf3/processed/records/protein_40886b971ab3b58c192c7f4474815a21bcb8aee631c6987185eda3775ef2bcf3.json	623	89aa8e2f34b685cf16267941703518d1e345c78a39b91ae7ca9c72905d558754
workflows/mouse-pilot/runs/focused-pilot-20260919/folding-worker-retry-3/worker-outputs/predictions/protein_40886b971ab3b58c192c7f4474815a21bcb8aee631c6987185eda3775ef2bcf3/boltz_results_protein_40886b971ab3b58c192c7f4474815a21bcb8aee631c6987185eda3775ef2bcf3/processed/structures/protein_40886b971ab3b58c192c7f4474815a21bcb8aee631c6987185eda3775ef2bcf3.npz	6544	7244867e3e4a29e3e8ac8f8d49814e05aadf30e9600b15187a4225b0e85caafd
workflows/mouse-pilot/runs/focused-pilot-20260919/folding-worker-retry-3/worker-outputs/predictions/protein_40886b971ab3b58c192c7f4474815a21bcb8aee631c6987185eda3775ef2bcf3/validation.json	8737	a34258ac363a9ab6d4a3286f1c8486f6e075d5c30cb218fe3aa0a0560e70bace
workflows/mouse-pilot/runs/focused-pilot-20260919/folding-worker-retry-3/worker-outputs/predictions/protein_5fbb65263d2cee8b90549b93739189a4d923d56399dd9965cb39df5b591bf18d/boltz.log	2344	db7f5b93b49c882e8ca63b8de32149b32eec96adb36bcc3c25cf45d333128dca
workflows/mouse-pilot/runs/focused-pilot-20260919/folding-worker-retry-3/worker-outputs/predictions/protein_5fbb65263d2cee8b90549b93739189a4d923d56399dd9965cb39df5b591bf18d/boltz_results_protein_5fbb65263d2cee8b90549b93739189a4d923d56399dd9965cb39df5b591bf18d/predictions/protein_5fbb65263d2cee8b90549b93739189a4d923d56399dd9965cb39df5b591bf18d/confidence_protein_5fbb65263d2cee8b90549b93739189a4d923d56399dd9965cb39df5b591bf18d_model_0.json	443	482e242f5a07dfd6aa98ccd099a035c0f2db6c6c1425ff5f9f2400eca0c6d900
workflows/mouse-pilot/runs/focused-pilot-20260919/folding-worker-retry-3/worker-outputs/predictions/protein_5fbb65263d2cee8b90549b93739189a4d923d56399dd9965cb39df5b591bf18d/boltz_results_protein_5fbb65263d2cee8b90549b93739189a4d923d56399dd9965cb39df5b591bf18d/predictions/protein_5fbb65263d2cee8b90549b93739189a4d923d56399dd9965cb39df5b591bf18d/pae_protein_5fbb65263d2cee8b90549b93739189a4d923d56399dd9965cb39df5b591bf18d_model_0.npz	114894	fab2059b2303098b4afc984ce95d41f13407a245c6c01c66aa59f4bdd37b8f91
workflows/mouse-pilot/runs/focused-pilot-20260919/folding-worker-retry-3/worker-outputs/predictions/protein_5fbb65263d2cee8b90549b93739189a4d923d56399dd9965cb39df5b591bf18d/boltz_results_protein_5fbb65263d2cee8b90549b93739189a4d923d56399dd9965cb39df5b591bf18d/predictions/protein_5fbb65263d2cee8b90549b93739189a4d923d56399dd9965cb39df5b591bf18d/pde_protein_5fbb65263d2cee8b90549b93739189a4d923d56399dd9965cb39df5b591bf18d_model_0.npz	109998	00b05b9f04b1ff42f8b5d6003069058dc64eac69489c04906bfcc54e939af264
workflows/mouse-pilot/runs/focused-pilot-20260919/folding-worker-retry-3/worker-outputs/predictions/protein_5fbb65263d2cee8b90549b93739189a4d923d56399dd9965cb39df5b591bf18d/boltz_results_protein_5fbb65263d2cee8b90549b93739189a4d923d56399dd9965cb39df5b591bf18d/predictions/protein_5fbb65263d2cee8b90549b93739189a4d923d56399dd9965cb39df5b591bf18d/plddt_protein_5fbb65263d2cee8b90549b93739189a4d923d56399dd9965cb39df5b591bf18d_model_0.npz	893	70fd3e0726bca356127d9c043dc074847553fada9c2dc07e6f08f6d4b405566e
workflows/mouse-pilot/runs/focused-pilot-20260919/folding-worker-retry-3/worker-outputs/predictions/protein_5fbb65263d2cee8b90549b93739189a4d923d56399dd9965cb39df5b591bf18d/boltz_results_protein_5fbb65263d2cee8b90549b93739189a4d923d56399dd9965cb39df5b591bf18d/predictions/protein_5fbb65263d2cee8b90549b93739189a4d923d56399dd9965cb39df5b591bf18d/protein_5fbb65263d2cee8b90549b93739189a4d923d56399dd9965cb39df5b591bf18d_model_0.cif	130866	40e3ff0cdea54a5f509be9742182834800cd5fbea9e4b1455a215b05a8cda57c
workflows/mouse-pilot/runs/focused-pilot-20260919/folding-worker-retry-3/worker-outputs/predictions/protein_5fbb65263d2cee8b90549b93739189a4d923d56399dd9965cb39df5b591bf18d/boltz_results_protein_5fbb65263d2cee8b90549b93739189a4d923d56399dd9965cb39df5b591bf18d/processed/manifest.json	638	96cfeccf16f347df3a8235d8d28d7b182eaf85f9130df3a42753018f81e7d090
workflows/mouse-pilot/runs/focused-pilot-20260919/folding-worker-retry-3/worker-outputs/predictions/protein_5fbb65263d2cee8b90549b93739189a4d923d56399dd9965cb39df5b591bf18d/boltz_results_protein_5fbb65263d2cee8b90549b93739189a4d923d56399dd9965cb39df5b591bf18d/processed/msa/protein_5fbb65263d2cee8b90549b93739189a4d923d56399dd9965cb39df5b591bf18d_0.npz	77863	f9b4b8642e6af44a57bd1ec40556c8ee6d4b040440fa6e19ac50a742f619410f
workflows/mouse-pilot/runs/focused-pilot-20260919/folding-worker-retry-3/worker-outputs/predictions/protein_5fbb65263d2cee8b90549b93739189a4d923d56399dd9965cb39df5b591bf18d/boltz_results_protein_5fbb65263d2cee8b90549b93739189a4d923d56399dd9965cb39df5b591bf18d/processed/records/protein_5fbb65263d2cee8b90549b93739189a4d923d56399dd9965cb39df5b591bf18d.json	623	ba106b958bb783a6cefd6c9c5dfd298c5b92611e785c0a3f414f40737b259a99
workflows/mouse-pilot/runs/focused-pilot-20260919/folding-worker-retry-3/worker-outputs/predictions/protein_5fbb65263d2cee8b90549b93739189a4d923d56399dd9965cb39df5b591bf18d/boltz_results_protein_5fbb65263d2cee8b90549b93739189a4d923d56399dd9965cb39df5b591bf18d/processed/structures/protein_5fbb65263d2cee8b90549b93739189a4d923d56399dd9965cb39df5b591bf18d.npz	5250	d0378f93e464f42db0afaa39a71d3b8c232e963782bd0ca6bb126e0102de3e73
workflows/mouse-pilot/runs/focused-pilot-20260919/folding-worker-retry-3/worker-outputs/predictions/protein_5fbb65263d2cee8b90549b93739189a4d923d56399dd9965cb39df5b591bf18d/validation.json	6688	49d715ee0454f92887c4dcc93cf973416ee1a8198a7de1196750a2a852f37229
workflows/mouse-pilot/runs/focused-pilot-20260919/folding-worker-retry-3/worker-outputs/predictions/protein_6d61d8abd6143152e0b025884fd296ee504410576909a6b35e3b7931719d0211/boltz.log	2344	094228e7b14213fd07b28f43ce4802b08978b3e4181dcdbdc63ac5609ed938fc
workflows/mouse-pilot/runs/focused-pilot-20260919/folding-worker-retry-3/worker-outputs/predictions/protein_6d61d8abd6143152e0b025884fd296ee504410576909a6b35e3b7931719d0211/boltz_results_protein_6d61d8abd6143152e0b025884fd296ee504410576909a6b35e3b7931719d0211/predictions/protein_6d61d8abd6143152e0b025884fd296ee504410576909a6b35e3b7931719d0211/confidence_protein_6d61d8abd6143152e0b025884fd296ee504410576909a6b35e3b7931719d0211_model_0.json	443	1735b409849e0a787c13dbe8766bb6099ed1b77a7bf033da39e2c1a4271b85d7
workflows/mouse-pilot/runs/focused-pilot-20260919/folding-worker-retry-3/worker-outputs/predictions/protein_6d61d8abd6143152e0b025884fd296ee504410576909a6b35e3b7931719d0211/boltz_results_protein_6d61d8abd6143152e0b025884fd296ee504410576909a6b35e3b7931719d0211/predictions/protein_6d61d8abd6143152e0b025884fd296ee504410576909a6b35e3b7931719d0211/pae_protein_6d61d8abd6143152e0b025884fd296ee504410576909a6b35e3b7931719d0211_model_0.npz	97065	73a25df11bd074579a4c92610a38993880d6e23f8b97beb687fb1ec324cdf265
workflows/mouse-pilot/runs/focused-pilot-20260919/folding-worker-retry-3/worker-outputs/predictions/protein_6d61d8abd6143152e0b025884fd296ee504410576909a6b35e3b7931719d0211/boltz_results_protein_6d61d8abd6143152e0b025884fd296ee504410576909a6b35e3b7931719d0211/predictions/protein_6d61d8abd6143152e0b025884fd296ee504410576909a6b35e3b7931719d0211/pde_protein_6d61d8abd6143152e0b025884fd296ee504410576909a6b35e3b7931719d0211_model_0.npz	90870	b21334bc5054221fccf4a4cf4abe4c88cb63155e1fc3a8a8a4bf4c714b86ff52
workflows/mouse-pilot/runs/focused-pilot-20260919/folding-worker-retry-3/worker-outputs/predictions/protein_6d61d8abd6143152e0b025884fd296ee504410576909a6b35e3b7931719d0211/boltz_results_protein_6d61d8abd6143152e0b025884fd296ee504410576909a6b35e3b7931719d0211/predictions/protein_6d61d8abd6143152e0b025884fd296ee504410576909a6b35e3b7931719d0211/plddt_protein_6d61d8abd6143152e0b025884fd296ee504410576909a6b35e3b7931719d0211_model_0.npz	845	a1f3c69da23ab103e20ba7453b0b5ceac916a1a0493d0d833021a365601a2719
workflows/mouse-pilot/runs/focused-pilot-20260919/folding-worker-retry-3/worker-outputs/predictions/protein_6d61d8abd6143152e0b025884fd296ee504410576909a6b35e3b7931719d0211/boltz_results_protein_6d61d8abd6143152e0b025884fd296ee504410576909a6b35e3b7931719d0211/predictions/protein_6d61d8abd6143152e0b025884fd296ee504410576909a6b35e3b7931719d0211/protein_6d61d8abd6143152e0b025884fd296ee504410576909a6b35e3b7931719d0211_model_0.cif	114194	96c805a20a8a3f216d8f8191f045699746dbb19c93f9e1ed6269fa8f90acd472
workflows/mouse-pilot/runs/focused-pilot-20260919/folding-worker-retry-3/worker-outputs/predictions/protein_6d61d8abd6143152e0b025884fd296ee504410576909a6b35e3b7931719d0211/boltz_results_protein_6d61d8abd6143152e0b025884fd296ee504410576909a6b35e3b7931719d0211/processed/manifest.json	638	4d23f582736893b1e68eb24a67a484a69a73a68f4668dc9faa65bc19764642a9
workflows/mouse-pilot/runs/focused-pilot-20260919/folding-worker-retry-3/worker-outputs/predictions/protein_6d61d8abd6143152e0b025884fd296ee504410576909a6b35e3b7931719d0211/boltz_results_protein_6d61d8abd6143152e0b025884fd296ee504410576909a6b35e3b7931719d0211/processed/msa/protein_6d61d8abd6143152e0b025884fd296ee504410576909a6b35e3b7931719d0211_0.npz	185402	a547164cecbd907f32451ee1ea5f2e26ecd134017697cc2f70c7da4099498d60
workflows/mouse-pilot/runs/focused-pilot-20260919/folding-worker-retry-3/worker-outputs/predictions/protein_6d61d8abd6143152e0b025884fd296ee504410576909a6b35e3b7931719d0211/boltz_results_protein_6d61d8abd6143152e0b025884fd296ee504410576909a6b35e3b7931719d0211/processed/records/protein_6d61d8abd6143152e0b025884fd296ee504410576909a6b35e3b7931719d0211.json	623	0f5335c110575f929696cde9bbf267c4e8e68a05d43e1fd0ef26a0fb1ac3180f
workflows/mouse-pilot/runs/focused-pilot-20260919/folding-worker-retry-3/worker-outputs/predictions/protein_6d61d8abd6143152e0b025884fd296ee504410576909a6b35e3b7931719d0211/boltz_results_protein_6d61d8abd6143152e0b025884fd296ee504410576909a6b35e3b7931719d0211/processed/structures/protein_6d61d8abd6143152e0b025884fd296ee504410576909a6b35e3b7931719d0211.npz	4974	1c7a2486881de7eb7b180b7024163b5865e3bca612c41878d08138fe1a9a2f88
workflows/mouse-pilot/runs/focused-pilot-20260919/folding-worker-retry-3/worker-outputs/predictions/protein_6d61d8abd6143152e0b025884fd296ee504410576909a6b35e3b7931719d0211/validation.json	6368	a15e258da8e922811ba1b5d4bdcb72c3ad3ef1855f8ad6a3d536df18001a9267
workflows/mouse-pilot/runs/focused-pilot-20260919/folding-worker-retry-3/worker-outputs/predictions/protein_829397420b49a412cf07f60151864bb984e43c3ffee13a777cc6be8d1ad441bc/boltz.log	2344	2d7810cd0fd81e7a23c47cd0ed96ad89096da9fe6e20bf3a53519870a8243634
workflows/mouse-pilot/runs/focused-pilot-20260919/folding-worker-retry-3/worker-outputs/predictions/protein_829397420b49a412cf07f60151864bb984e43c3ffee13a777cc6be8d1ad441bc/boltz_results_protein_829397420b49a412cf07f60151864bb984e43c3ffee13a777cc6be8d1ad441bc/predictions/protein_829397420b49a412cf07f60151864bb984e43c3ffee13a777cc6be8d1ad441bc/confidence_protein_829397420b49a412cf07f60151864bb984e43c3ffee13a777cc6be8d1ad441bc_model_0.json	442	28e034a19c15ab84d9eb6c5411564ebad1687080def0978a62b442009d07143b
workflows/mouse-pilot/runs/focused-pilot-20260919/folding-worker-retry-3/worker-outputs/predictions/protein_829397420b49a412cf07f60151864bb984e43c3ffee13a777cc6be8d1ad441bc/boltz_results_protein_829397420b49a412cf07f60151864bb984e43c3ffee13a777cc6be8d1ad441bc/predictions/protein_829397420b49a412cf07f60151864bb984e43c3ffee13a777cc6be8d1ad441bc/pae_protein_829397420b49a412cf07f60151864bb984e43c3ffee13a777cc6be8d1ad441bc_model_0.npz	331897	4c83907ee8768bbd938265657321c24a601f9225eacd2bd9f1316003974ab0d7
workflows/mouse-pilot/runs/focused-pilot-20260919/folding-worker-retry-3/worker-outputs/predictions/protein_829397420b49a412cf07f60151864bb984e43c3ffee13a777cc6be8d1ad441bc/boltz_results_protein_829397420b49a412cf07f60151864bb984e43c3ffee13a777cc6be8d1ad441bc/predictions/protein_829397420b49a412cf07f60151864bb984e43c3ffee13a777cc6be8d1ad441bc/pde_protein_829397420b49a412cf07f60151864bb984e43c3ffee13a777cc6be8d1ad441bc_model_0.npz	333584	d1a8cc7d1782f7d53eef1bcf7e7060c2c1b24786913ee78dcb5c19a7089fb40f
workflows/mouse-pilot/runs/focused-pilot-20260919/folding-worker-retry-3/worker-outputs/predictions/protein_829397420b49a412cf07f60151864bb984e43c3ffee13a777cc6be8d1ad441bc/boltz_results_protein_829397420b49a412cf07f60151864bb984e43c3ffee13a777cc6be8d1ad441bc/predictions/protein_829397420b49a412cf07f60151864bb984e43c3ffee13a777cc6be8d1ad441bc/plddt_protein_829397420b49a412cf07f60151864bb984e43c3ffee13a777cc6be8d1ad441bc_model_0.npz	1345	9c624e274e9cea67cc0f9e4c47c9208d1ad3e65b3b5560400929e98d267717a3
workflows/mouse-pilot/runs/focused-pilot-20260919/folding-worker-retry-3/worker-outputs/predictions/protein_829397420b49a412cf07f60151864bb984e43c3ffee13a777cc6be8d1ad441bc/boltz_results_protein_829397420b49a412cf07f60151864bb984e43c3ffee13a777cc6be8d1ad441bc/predictions/protein_829397420b49a412cf07f60151864bb984e43c3ffee13a777cc6be8d1ad441bc/protein_829397420b49a412cf07f60151864bb984e43c3ffee13a777cc6be8d1ad441bc_model_0.cif	210523	a9688c193eb04ed38c51d77f587e6a605fba794355c869c6891ec979731ced2a
workflows/mouse-pilot/runs/focused-pilot-20260919/folding-worker-retry-3/worker-outputs/predictions/protein_829397420b49a412cf07f60151864bb984e43c3ffee13a777cc6be8d1ad441bc/boltz_results_protein_829397420b49a412cf07f60151864bb984e43c3ffee13a777cc6be8d1ad441bc/processed/manifest.json	638	aee3fd9a42185859cf633852ac58914178b10659a0d0de1b1cd00249b055970c
workflows/mouse-pilot/runs/focused-pilot-20260919/folding-worker-retry-3/worker-outputs/predictions/protein_829397420b49a412cf07f60151864bb984e43c3ffee13a777cc6be8d1ad441bc/boltz_results_protein_829397420b49a412cf07f60151864bb984e43c3ffee13a777cc6be8d1ad441bc/processed/msa/protein_829397420b49a412cf07f60151864bb984e43c3ffee13a777cc6be8d1ad441bc_0.npz	75256	2d6ee08ae1b050326357117c4cf6239e4b2cfeb1e2c3b034b3b00a200b82a1fb
workflows/mouse-pilot/runs/focused-pilot-20260919/folding-worker-retry-3/worker-outputs/predictions/protein_829397420b49a412cf07f60151864bb984e43c3ffee13a777cc6be8d1ad441bc/boltz_results_protein_829397420b49a412cf07f60151864bb984e43c3ffee13a777cc6be8d1ad441bc/processed/records/protein_829397420b49a412cf07f60151864bb984e43c3ffee13a777cc6be8d1ad441bc.json	623	011308d80083674038aaea27a31b80e66f5889f1f4a333dc88692e6adaf6235a
workflows/mouse-pilot/runs/focused-pilot-20260919/folding-worker-retry-3/worker-outputs/predictions/protein_829397420b49a412cf07f60151864bb984e43c3ffee13a777cc6be8d1ad441bc/boltz_results_protein_829397420b49a412cf07f60151864bb984e43c3ffee13a777cc6be8d1ad441bc/processed/structures/protein_829397420b49a412cf07f60151864bb984e43c3ffee13a777cc6be8d1ad441bc.npz	7091	d517bb04acaff4fcc3bc87c9b475dddff15821eb54285579356e4df592090c86
workflows/mouse-pilot/runs/focused-pilot-20260919/folding-worker-retry-3/worker-outputs/predictions/protein_829397420b49a412cf07f60151864bb984e43c3ffee13a777cc6be8d1ad441bc/validation.json	9606	93e7a7e639b1da0c88c770228d92f75f3bf674e693e9f25b3b5c4894aeb9049a
workflows/mouse-pilot/runs/focused-pilot-20260919/folding-worker-retry-3/worker-outputs/predictions/protein_8b7defedc00075b2ff44d12850e30a2ba564a5a4d5b67b01aa17dbdc2b39a03b/boltz.log	2246	ec9bf7c5e770877bc59b20226282fd2d0c487e9c44126f1a1e08263c7568df4f
workflows/mouse-pilot/runs/focused-pilot-20260919/folding-worker-retry-3/worker-outputs/predictions/protein_8b7defedc00075b2ff44d12850e30a2ba564a5a4d5b67b01aa17dbdc2b39a03b/boltz_results_protein_8b7defedc00075b2ff44d12850e30a2ba564a5a4d5b67b01aa17dbdc2b39a03b/predictions/protein_8b7defedc00075b2ff44d12850e30a2ba564a5a4d5b67b01aa17dbdc2b39a03b/confidence_protein_8b7defedc00075b2ff44d12850e30a2ba564a5a4d5b67b01aa17dbdc2b39a03b_model_0.json	440	b46d72571060a92e1319d8c3370b36e37b2fe9c33f813c14f958f4f4dc8a0214
workflows/mouse-pilot/runs/focused-pilot-20260919/folding-worker-retry-3/worker-outputs/predictions/protein_8b7defedc00075b2ff44d12850e30a2ba564a5a4d5b67b01aa17dbdc2b39a03b/boltz_results_protein_8b7defedc00075b2ff44d12850e30a2ba564a5a4d5b67b01aa17dbdc2b39a03b/predictions/protein_8b7defedc00075b2ff44d12850e30a2ba564a5a4d5b67b01aa17dbdc2b39a03b/pae_protein_8b7defedc00075b2ff44d12850e30a2ba564a5a4d5b67b01aa17dbdc2b39a03b_model_0.npz	1308301	8446fc7bdbab99b42d7e22626d8c845199bc9e521437bb554c7f603606affb75
workflows/mouse-pilot/runs/focused-pilot-20260919/folding-worker-retry-3/worker-outputs/predictions/protein_8b7defedc00075b2ff44d12850e30a2ba564a5a4d5b67b01aa17dbdc2b39a03b/boltz_results_protein_8b7defedc00075b2ff44d12850e30a2ba564a5a4d5b67b01aa17dbdc2b39a03b/predictions/protein_8b7defedc00075b2ff44d12850e30a2ba564a5a4d5b67b01aa17dbdc2b39a03b/pde_protein_8b7defedc00075b2ff44d12850e30a2ba564a5a4d5b67b01aa17dbdc2b39a03b_model_0.npz	1329701	c15c92c7addc86d496bbc2b284ca63803543c8cbd78cb5dca007da3e40b68f9d
workflows/mouse-pilot/runs/focused-pilot-20260919/folding-worker-retry-3/worker-outputs/predictions/protein_8b7defedc00075b2ff44d12850e30a2ba564a5a4d5b67b01aa17dbdc2b39a03b/boltz_results_protein_8b7defedc00075b2ff44d12850e30a2ba564a5a4d5b67b01aa17dbdc2b39a03b/predictions/protein_8b7defedc00075b2ff44d12850e30a2ba564a5a4d5b67b01aa17dbdc2b39a03b/plddt_protein_8b7defedc00075b2ff44d12850e30a2ba564a5a4d5b67b01aa17dbdc2b39a03b_model_0.npz	2398	ee5895e6df8f87d1d6b850f7dcef1fb4779c24fe4985431abba3f3df2085d8bd
workflows/mouse-pilot/runs/focused-pilot-20260919/folding-worker-retry-3/worker-outputs/predictions/protein_8b7defedc00075b2ff44d12850e30a2ba564a5a4d5b67b01aa17dbdc2b39a03b/boltz_results_protein_8b7defedc00075b2ff44d12850e30a2ba564a5a4d5b67b01aa17dbdc2b39a03b/predictions/protein_8b7defedc00075b2ff44d12850e30a2ba564a5a4d5b67b01aa17dbdc2b39a03b/protein_8b7defedc00075b2ff44d12850e30a2ba564a5a4d5b67b01aa17dbdc2b39a03b_model_0.cif	421060	ab946f52d3a003777c50e9bb5d44a9f741a5af259e3534a256ad28c3caf85f0e
workflows/mouse-pilot/runs/focused-pilot-20260919/folding-worker-retry-3/worker-outputs/predictions/protein_8b7defedc00075b2ff44d12850e30a2ba564a5a4d5b67b01aa17dbdc2b39a03b/validation.json	16557	0fa98a816c9697a88dceb985ea971253a169c0e44ea51794b753da7f6cac65f2
workflows/mouse-pilot/runs/focused-pilot-20260919/folding-worker-retry-3/worker-outputs/predictions/protein_ab0acc0f95e51a7894c0c41ef7081728b8aa1ad064443d42f81776ea20c77194/boltz.log	2246	eb8b8160078409a2dbf3492fa03767ae85224b5ac78978b07f252d6db8225076
workflows/mouse-pilot/runs/focused-pilot-20260919/folding-worker-retry-3/worker-outputs/predictions/protein_ab0acc0f95e51a7894c0c41ef7081728b8aa1ad064443d42f81776ea20c77194/boltz_results_protein_ab0acc0f95e51a7894c0c41ef7081728b8aa1ad064443d42f81776ea20c77194/predictions/protein_ab0acc0f95e51a7894c0c41ef7081728b8aa1ad064443d42f81776ea20c77194/confidence_protein_ab0acc0f95e51a7894c0c41ef7081728b8aa1ad064443d42f81776ea20c77194_model_0.json	444	cf3a2ad09c9a89e29d86a3e87f677e3b727cd745d19b22b62b0a384e9734d0f8
workflows/mouse-pilot/runs/focused-pilot-20260919/folding-worker-retry-3/worker-outputs/predictions/protein_ab0acc0f95e51a7894c0c41ef7081728b8aa1ad064443d42f81776ea20c77194/boltz_results_protein_ab0acc0f95e51a7894c0c41ef7081728b8aa1ad064443d42f81776ea20c77194/predictions/protein_ab0acc0f95e51a7894c0c41ef7081728b8aa1ad064443d42f81776ea20c77194/pae_protein_ab0acc0f95e51a7894c0c41ef7081728b8aa1ad064443d42f81776ea20c77194_model_0.npz	143364	7bfb540f19da08e4bef693563fe78b83db1236cf12195781201298bf96e3be18
workflows/mouse-pilot/runs/focused-pilot-20260919/folding-worker-retry-3/worker-outputs/predictions/protein_ab0acc0f95e51a7894c0c41ef7081728b8aa1ad064443d42f81776ea20c77194/boltz_results_protein_ab0acc0f95e51a7894c0c41ef7081728b8aa1ad064443d42f81776ea20c77194/predictions/protein_ab0acc0f95e51a7894c0c41ef7081728b8aa1ad064443d42f81776ea20c77194/pde_protein_ab0acc0f95e51a7894c0c41ef7081728b8aa1ad064443d42f81776ea20c77194_model_0.npz	140813	9cdcedf0eeb6bd3df3030b97b48006b1d1be6e79c7d8f75c08932edad5de6957
workflows/mouse-pilot/runs/focused-pilot-20260919/folding-worker-retry-3/worker-outputs/predictions/protein_ab0acc0f95e51a7894c0c41ef7081728b8aa1ad064443d42f81776ea20c77194/boltz_results_protein_ab0acc0f95e51a7894c0c41ef7081728b8aa1ad064443d42f81776ea20c77194/predictions/protein_ab0acc0f95e51a7894c0c41ef7081728b8aa1ad064443d42f81776ea20c77194/plddt_protein_ab0acc0f95e51a7894c0c41ef7081728b8aa1ad064443d42f81776ea20c77194_model_0.npz	986	665cee7694bffd82fd7c7d4abf26c61e68727471c661864e863dd2e1d3fca49a
workflows/mouse-pilot/runs/focused-pilot-20260919/folding-worker-retry-3/worker-outputs/predictions/protein_ab0acc0f95e51a7894c0c41ef7081728b8aa1ad064443d42f81776ea20c77194/boltz_results_protein_ab0acc0f95e51a7894c0c41ef7081728b8aa1ad064443d42f81776ea20c77194/predictions/protein_ab0acc0f95e51a7894c0c41ef7081728b8aa1ad064443d42f81776ea20c77194/protein_ab0acc0f95e51a7894c0c41ef7081728b8aa1ad064443d42f81776ea20c77194_model_0.cif	135990	e02288a890d065801c8aefe1f5550bc7d83f37acfaec4d0dd23c709be369db98
workflows/mouse-pilot/runs/focused-pilot-20260919/folding-worker-retry-3/worker-outputs/predictions/protein_ab0acc0f95e51a7894c0c41ef7081728b8aa1ad064443d42f81776ea20c77194/validation.json	7330	36810c7e42e60d8f0ad2b0d9fda45b869947e07593b54825ead06b89f3701e35
workflows/mouse-pilot/runs/focused-pilot-20260919/folding-worker-retry-3/worker-outputs/predictions/protein_ba9e33a93c212f326346c5d15a338f66591107785bb384386e0f27d26b2b64c4/boltz.log	2344	ae34a1a6c8305cc06d3a07c8fd2b2bc7253af947d01f29d4cf4ab8d972f5289a
workflows/mouse-pilot/runs/focused-pilot-20260919/folding-worker-retry-3/worker-outputs/predictions/protein_ba9e33a93c212f326346c5d15a338f66591107785bb384386e0f27d26b2b64c4/boltz_results_protein_ba9e33a93c212f326346c5d15a338f66591107785bb384386e0f27d26b2b64c4/predictions/protein_ba9e33a93c212f326346c5d15a338f66591107785bb384386e0f27d26b2b64c4/confidence_protein_ba9e33a93c212f326346c5d15a338f66591107785bb384386e0f27d26b2b64c4_model_0.json	443	60ba3711bf2463341ebdad4ab10f4a086392de7c5343938eb9c2b12401ca8362
workflows/mouse-pilot/runs/focused-pilot-20260919/folding-worker-retry-3/worker-outputs/predictions/protein_ba9e33a93c212f326346c5d15a338f66591107785bb384386e0f27d26b2b64c4/boltz_results_protein_ba9e33a93c212f326346c5d15a338f66591107785bb384386e0f27d26b2b64c4/predictions/protein_ba9e33a93c212f326346c5d15a338f66591107785bb384386e0f27d26b2b64c4/pae_protein_ba9e33a93c212f326346c5d15a338f66591107785bb384386e0f27d26b2b64c4_model_0.npz	337572	798ed82339e5ddb7d59a3c300181a8ce294e7d86ff824bd18479720d64d731f2
workflows/mouse-pilot/runs/focused-pilot-20260919/folding-worker-retry-3/worker-outputs/predictions/protein_ba9e33a93c212f326346c5d15a338f66591107785bb384386e0f27d26b2b64c4/boltz_results_protein_ba9e33a93c212f326346c5d15a338f66591107785bb384386e0f27d26b2b64c4/predictions/protein_ba9e33a93c212f326346c5d15a338f66591107785bb384386e0f27d26b2b64c4/pde_protein_ba9e33a93c212f326346c5d15a338f66591107785bb384386e0f27d26b2b64c4_model_0.npz	340267	7fca42b83b862505b336620f5699bf441712c8c9480b7c0c7d86aba16e6d41f6
workflows/mouse-pilot/runs/focused-pilot-20260919/folding-worker-retry-3/worker-outputs/predictions/protein_ba9e33a93c212f326346c5d15a338f66591107785bb384386e0f27d26b2b64c4/boltz_results_protein_ba9e33a93c212f326346c5d15a338f66591107785bb384386e0f27d26b2b64c4/predictions/protein_ba9e33a93c212f326346c5d15a338f66591107785bb384386e0f27d26b2b64c4/plddt_protein_ba9e33a93c212f326346c5d15a338f66591107785bb384386e0f27d26b2b64c4_model_0.npz	1354	4934121d6234614e56621eee2a20c25d03b11eb2fdf08fde65cbb4fe1fa5face
workflows/mouse-pilot/runs/focused-pilot-20260919/folding-worker-retry-3/worker-outputs/predictions/protein_ba9e33a93c212f326346c5d15a338f66591107785bb384386e0f27d26b2b64c4/boltz_results_protein_ba9e33a93c212f326346c5d15a338f66591107785bb384386e0f27d26b2b64c4/predictions/protein_ba9e33a93c212f326346c5d15a338f66591107785bb384386e0f27d26b2b64c4/protein_ba9e33a93c212f326346c5d15a338f66591107785bb384386e0f27d26b2b64c4_model_0.cif	211711	678b45e9134a70cb489c671d3b5cdd9aebea41cb7904ee3eec2f842ffc4fd2d0
workflows/mouse-pilot/runs/focused-pilot-20260919/folding-worker-retry-3/worker-outputs/predictions/protein_ba9e33a93c212f326346c5d15a338f66591107785bb384386e0f27d26b2b64c4/boltz_results_protein_ba9e33a93c212f326346c5d15a338f66591107785bb384386e0f27d26b2b64c4/processed/manifest.json	638	4ca3b76a62792bf03e7d021565306f42bfa2794829da435002f8f8a48656d76c
workflows/mouse-pilot/runs/focused-pilot-20260919/folding-worker-retry-3/worker-outputs/predictions/protein_ba9e33a93c212f326346c5d15a338f66591107785bb384386e0f27d26b2b64c4/boltz_results_protein_ba9e33a93c212f326346c5d15a338f66591107785bb384386e0f27d26b2b64c4/processed/msa/protein_ba9e33a93c212f326346c5d15a338f66591107785bb384386e0f27d26b2b64c4_0.npz	349075	6f6dd902c65515ee86f29082807e6c8b2824c769c96d158a791923b3c4970010
workflows/mouse-pilot/runs/focused-pilot-20260919/folding-worker-retry-3/worker-outputs/predictions/protein_ba9e33a93c212f326346c5d15a338f66591107785bb384386e0f27d26b2b64c4/boltz_results_protein_ba9e33a93c212f326346c5d15a338f66591107785bb384386e0f27d26b2b64c4/processed/records/protein_ba9e33a93c212f326346c5d15a338f66591107785bb384386e0f27d26b2b64c4.json	623	4461432476d9e805cd3dd48439c981bba4907830a031057b3b620991c678d85b
workflows/mouse-pilot/runs/focused-pilot-20260919/folding-worker-retry-3/worker-outputs/predictions/protein_ba9e33a93c212f326346c5d15a338f66591107785bb384386e0f27d26b2b64c4/boltz_results_protein_ba9e33a93c212f326346c5d15a338f66591107785bb384386e0f27d26b2b64c4/processed/structures/protein_ba9e33a93c212f326346c5d15a338f66591107785bb384386e0f27d26b2b64c4.npz	7122	e261f8813ae508ddbbb917df86018c4c3402f9d02dddd9329c06006b586e56d5
workflows/mouse-pilot/runs/focused-pilot-20260919/folding-worker-retry-3/worker-outputs/predictions/protein_ba9e33a93c212f326346c5d15a338f66591107785bb384386e0f27d26b2b64c4/validation.json	9686	7e3587379af73c0d40b0c3248f7e66ebb8f07d614e7267b3820c4f4e842ab382
workflows/mouse-pilot/runs/focused-pilot-20260919/folding-worker-retry-3/worker-outputs/predictions/protein_d67cdd2ab407509e4583ddcfdf76d41c3a0c37af2f70a6280c6b1d0f893e1c73/boltz.log	2344	8886ebf09869807d71a8c6926cd861051c4e40efc6a7dfbaa7cae5a92177f803
workflows/mouse-pilot/runs/focused-pilot-20260919/folding-worker-retry-3/worker-outputs/predictions/protein_d67cdd2ab407509e4583ddcfdf76d41c3a0c37af2f70a6280c6b1d0f893e1c73/boltz_results_protein_d67cdd2ab407509e4583ddcfdf76d41c3a0c37af2f70a6280c6b1d0f893e1c73/predictions/protein_d67cdd2ab407509e4583ddcfdf76d41c3a0c37af2f70a6280c6b1d0f893e1c73/confidence_protein_d67cdd2ab407509e4583ddcfdf76d41c3a0c37af2f70a6280c6b1d0f893e1c73_model_0.json	443	639c2b26c7edfe4a0bceb17863a96e7eb9b2dda2353a037c411e5207145a5e34
workflows/mouse-pilot/runs/focused-pilot-20260919/folding-worker-retry-3/worker-outputs/predictions/protein_d67cdd2ab407509e4583ddcfdf76d41c3a0c37af2f70a6280c6b1d0f893e1c73/boltz_results_protein_d67cdd2ab407509e4583ddcfdf76d41c3a0c37af2f70a6280c6b1d0f893e1c73/predictions/protein_d67cdd2ab407509e4583ddcfdf76d41c3a0c37af2f70a6280c6b1d0f893e1c73/pae_protein_d67cdd2ab407509e4583ddcfdf76d41c3a0c37af2f70a6280c6b1d0f893e1c73_model_0.npz	177298	25ebb60b3c6810c4df892b9f67522cac29d2946e0f5f83781fc788192b596f4b
workflows/mouse-pilot/runs/focused-pilot-20260919/folding-worker-retry-3/worker-outputs/predictions/protein_d67cdd2ab407509e4583ddcfdf76d41c3a0c37af2f70a6280c6b1d0f893e1c73/boltz_results_protein_d67cdd2ab407509e4583ddcfdf76d41c3a0c37af2f70a6280c6b1d0f893e1c73/predictions/protein_d67cdd2ab407509e4583ddcfdf76d41c3a0c37af2f70a6280c6b1d0f893e1c73/pde_protein_d67cdd2ab407509e4583ddcfdf76d41c3a0c37af2f70a6280c6b1d0f893e1c73_model_0.npz	172800	06a1d5a1ee7348a42c5a11effe735879af8db3aec12bd5eaadbaec1aa5011b9c
workflows/mouse-pilot/runs/focused-pilot-20260919/folding-worker-retry-3/worker-outputs/predictions/protein_d67cdd2ab407509e4583ddcfdf76d41c3a0c37af2f70a6280c6b1d0f893e1c73/boltz_results_protein_d67cdd2ab407509e4583ddcfdf76d41c3a0c37af2f70a6280c6b1d0f893e1c73/predictions/protein_d67cdd2ab407509e4583ddcfdf76d41c3a0c37af2f70a6280c6b1d0f893e1c73/plddt_protein_d67cdd2ab407509e4583ddcfdf76d41c3a0c37af2f70a6280c6b1d0f893e1c73_model_0.npz	1054	27b8bf935d0fbaf5112ed36e1eca66e0a3e007e9e22ba23ad1d301389148675b
workflows/mouse-pilot/runs/focused-pilot-20260919/folding-worker-retry-3/worker-outputs/predictions/protein_d67cdd2ab407509e4583ddcfdf76d41c3a0c37af2f70a6280c6b1d0f893e1c73/boltz_results_protein_d67cdd2ab407509e4583ddcfdf76d41c3a0c37af2f70a6280c6b1d0f893e1c73/predictions/protein_d67cdd2ab407509e4583ddcfdf76d41c3a0c37af2f70a6280c6b1d0f893e1c73/protein_d67cdd2ab407509e4583ddcfdf76d41c3a0c37af2f70a6280c6b1d0f893e1c73_model_0.cif	159088	c72df0ca24d731ee1d8a79579c162ff8543c4560bb4c7ea78b2f79e610b4ab6c
workflows/mouse-pilot/runs/focused-pilot-20260919/folding-worker-retry-3/worker-outputs/predictions/protein_d67cdd2ab407509e4583ddcfdf76d41c3a0c37af2f70a6280c6b1d0f893e1c73/boltz_results_protein_d67cdd2ab407509e4583ddcfdf76d41c3a0c37af2f70a6280c6b1d0f893e1c73/processed/manifest.json	638	dce362db83ed65f71189a5117264ac110adc04b321c303b5bfdf7a1c4939d329
workflows/mouse-pilot/runs/focused-pilot-20260919/folding-worker-retry-3/worker-outputs/predictions/protein_d67cdd2ab407509e4583ddcfdf76d41c3a0c37af2f70a6280c6b1d0f893e1c73/boltz_results_protein_d67cdd2ab407509e4583ddcfdf76d41c3a0c37af2f70a6280c6b1d0f893e1c73/processed/msa/protein_d67cdd2ab407509e4583ddcfdf76d41c3a0c37af2f70a6280c6b1d0f893e1c73_0.npz	691148	587f56579de00c2d86ddb3b8841980c35b907d33c1af73b8ca99456710eb46ce
workflows/mouse-pilot/runs/focused-pilot-20260919/folding-worker-retry-3/worker-outputs/predictions/protein_d67cdd2ab407509e4583ddcfdf76d41c3a0c37af2f70a6280c6b1d0f893e1c73/boltz_results_protein_d67cdd2ab407509e4583ddcfdf76d41c3a0c37af2f70a6280c6b1d0f893e1c73/processed/records/protein_d67cdd2ab407509e4583ddcfdf76d41c3a0c37af2f70a6280c6b1d0f893e1c73.json	623	ea55959e0c4ca562f35a148169a0ad21867ab20aa9696e363f248e5b659168ba
workflows/mouse-pilot/runs/focused-pilot-20260919/folding-worker-retry-3/worker-outputs/predictions/protein_d67cdd2ab407509e4583ddcfdf76d41c3a0c37af2f70a6280c6b1d0f893e1c73/boltz_results_protein_d67cdd2ab407509e4583ddcfdf76d41c3a0c37af2f70a6280c6b1d0f893e1c73/processed/structures/protein_d67cdd2ab407509e4583ddcfdf76d41c3a0c37af2f70a6280c6b1d0f893e1c73.npz	5871	868910e251b0ce7bfaf37fe5eaf1bb6e5eb8e1d5d71fd1d6cdaedef8ecc47f3d
workflows/mouse-pilot/runs/focused-pilot-20260919/folding-worker-retry-3/worker-outputs/predictions/protein_d67cdd2ab407509e4583ddcfdf76d41c3a0c37af2f70a6280c6b1d0f893e1c73/validation.json	7670	ac52599f48532c000603ec9d9d13fcada6a6d0678ab89fdc42e6c0ff5699b26a
workflows/mouse-pilot/runs/focused-pilot-20260919/folding-worker-retry-3/worker-outputs/predictions/protein_f0766d124b52f0061597ce4e822e9275a04152df574f9a512631a0fa6ed8a2fa/boltz.log	2246	999d9f97ed4d822cdb1dace72149b90923c767fbfcf0bf659910377f650ea9e6
workflows/mouse-pilot/runs/focused-pilot-20260919/folding-worker-retry-3/worker-outputs/predictions/protein_f0766d124b52f0061597ce4e822e9275a04152df574f9a512631a0fa6ed8a2fa/validation.json	5275	a66023b8880a356ff170bb783f64e9817ebe8f95fe7ff09ae91d6ab9eb4775d5
workflows/mouse-pilot/runs/focused-pilot-20260919/folding-worker-retry-3/worker-outputs/predictions/runtime.json	200	0454c9387512525bd455d1fdbda6e4b6d465e81f7ef4861e0708f3cd07084aed
workflows/mouse-pilot/runs/focused-pilot-20260919/folding-worker-retry-3/worker-outputs/predictions/summary.json	177	2d5cc1d3665612d7c884ba005cef5c6304a762c3e199f47e59c7c19b69e996b0
workflows/mouse-pilot/runs/focused-pilot-20260919/folding-worker-retry-3/worker-outputs/setup.log	24566	aff465414315586dd341b5a58dd092e8590655047c265072be57c90a9dbc6a77
workflows/mouse-pilot/runs/focused-pilot-20260919/folding-worker/actual-launch.json	361	41d1f83507cec85fb1ea71c5a868a462c1a60d61d0fc1b4b1873557ac14f744e
workflows/mouse-pilot/runs/focused-pilot-20260919/folding-worker/create.log	639	21986fb97abbf0d06d9b197edc1223e8120bf8735e40e5b1086df4c794224edb
workflows/mouse-pilot/runs/focused-pilot-20260919/folding-worker/hardware.log	2411	be13837d1bb11c3a40ac3095a1062e7210c59d75bfef9c71ea5c4bf1752d2590
workflows/mouse-pilot/runs/focused-pilot-20260919/folding-worker/launch-budget.json	22405	77e2bf40d680b24d8ac8451fffaf4cd4470d1d4be1c2a30bfeeb769140e52d38
workflows/mouse-pilot/runs/focused-pilot-20260919/folding-worker/launch-inventory.json	660	4962ed21c00da04dc260944a990295199b4d56cae16a321ac632ab4551ed4fa4
workflows/mouse-pilot/runs/focused-pilot-20260919/folding-worker/launch-live-quotes.json	5133814	943082e13fb9aff7ef989ef0edb7b1e413099a851d9533bb9285d66d0d644287
workflows/mouse-pilot/runs/focused-pilot-20260919/folding-worker/lease.json	363	5edb4e2fb2dafdebed4b0461ee3189e314302dc4c68742f3aff03286d5b3ec93
workflows/mouse-pilot/runs/focused-pilot-20260919/folding-worker/prepare.log	160	34ef06d27d5e910ee173d35d83d00f96ba1b872f703eef7ddb337987af516922
workflows/mouse-pilot/runs/focused-pilot-20260919/folding-worker/preserve-outputs.log	3434	45269d31a71379f0100bfffce8b6f0fcddd55f0062ff3c965c2cf63a882ba41d
workflows/mouse-pilot/runs/focused-pilot-20260919/folding-worker/shutdown-confirmed.json	105	d7b745e4847bb0be2835d83069a3ae73284565a2d88a6184015c3a479a9e163f
workflows/mouse-pilot/runs/focused-pilot-20260919/folding-worker/ssh-probe-1.log	259	d4a7515c0743392ec3201fec08bb5c5e12876e3d8d494ac074a258c8641c38a1
workflows/mouse-pilot/runs/focused-pilot-20260919/folding-worker/ssh-ready.json	111	28f3942cab8e1052d9f2182909995dedcf62d3cb2d7bd31662a3e831bba0c685
workflows/mouse-pilot/runs/focused-pilot-20260919/folding-worker/ssh-refresh-1.log	116	48480028ac468b6d76757dfda91d19dcb0f0a281000c273a400512fe156302f6
workflows/mouse-pilot/runs/focused-pilot-20260919/folding-worker/stop.log	461	7bea2e25b62d4600db3bd846c9d794a66ddf01bfa44ab9860693eadae8c36da7
workflows/mouse-pilot/runs/focused-pilot-20260919/folding-worker/watchdog.json	59	4a4155e5949a5ebb50852d49d1e2d92b60597832525900981f9a981c9fffbe49
workflows/mouse-pilot/runs/focused-pilot-20260919/folding-worker/worker-controller.json	230	b90f86451729675cf243f88dc5345d5baa94da582ec6e77707375aa3f19baf78
workflows/mouse-pilot/runs/focused-pilot-20260919/msa-cache/protein_010cea6b9aec4fe107d0d322bcf87e247a1dae50e8e1f8a0c2ccf4331ba2c509/010cea6b9aec4fe107d0d322bcf87e247a1dae50e8e1f8a0c2ccf4331ba2c509_env/bfd.mgnify30.metaeuk30.smag30.a3m	797327	1f34a9c3aa3f0347f336b4657f2e5c8136ef0e34b545986d51dff23730a35765
workflows/mouse-pilot/runs/focused-pilot-20260919/msa-cache/protein_010cea6b9aec4fe107d0d322bcf87e247a1dae50e8e1f8a0c2ccf4331ba2c509/010cea6b9aec4fe107d0d322bcf87e247a1dae50e8e1f8a0c2ccf4331ba2c509_env/pdb70.m8	4599	ea7e70d244c701d9f25c5db3c50e8b00c98ffe0159f3a2c5ab92666f98f842bc
workflows/mouse-pilot/runs/focused-pilot-20260919/msa-cache/protein_010cea6b9aec4fe107d0d322bcf87e247a1dae50e8e1f8a0c2ccf4331ba2c509/010cea6b9aec4fe107d0d322bcf87e247a1dae50e8e1f8a0c2ccf4331ba2c509_env/uniref.a3m	1377586	bbd4102e2796d47cbf6548379ac3bfd56b1d7384aab5fd0400a14d486e6669fc
workflows/mouse-pilot/runs/focused-pilot-20260919/msa-cache/protein_010cea6b9aec4fe107d0d322bcf87e247a1dae50e8e1f8a0c2ccf4331ba2c509/preparation.log	1527	2b26c61271e7986132690108c11cc7c1f51e7255785c8d015e60656518058db2
workflows/mouse-pilot/runs/focused-pilot-20260919/msa-cache/protein_1be097e6870c1cf0730492a3b988a24d343956ed810eb5ba6021075fddda67d4/1be097e6870c1cf0730492a3b988a24d343956ed810eb5ba6021075fddda67d4_env/bfd.mgnify30.metaeuk30.smag30.a3m	165089	63cf8d312af261f845233f3f1d806b8ec2b73f5ec883a25e6fd7d6e8611227e6
workflows/mouse-pilot/runs/focused-pilot-20260919/msa-cache/protein_1be097e6870c1cf0730492a3b988a24d343956ed810eb5ba6021075fddda67d4/1be097e6870c1cf0730492a3b988a24d343956ed810eb5ba6021075fddda67d4_env/pdb70.m8	8932	d56ed52d57f7a9d41545d04702b695b476eeb3e671193a66d420b25cb761873c
workflows/mouse-pilot/runs/focused-pilot-20260919/msa-cache/protein_1be097e6870c1cf0730492a3b988a24d343956ed810eb5ba6021075fddda67d4/1be097e6870c1cf0730492a3b988a24d343956ed810eb5ba6021075fddda67d4_env/uniref.a3m	1071044	268e74986d96180fb21e87401da7e206b0ee4e282c6fdcdc8c371721a453df0e
workflows/mouse-pilot/runs/focused-pilot-20260919/msa-cache/protein_1be097e6870c1cf0730492a3b988a24d343956ed810eb5ba6021075fddda67d4/preparation.log	1706	39d129b3cf88bc647d6c78464cadfee7bea5c8123bbd8fda2ce249fc340f5e2d
workflows/mouse-pilot/runs/focused-pilot-20260919/msa-cache/protein_40886b971ab3b58c192c7f4474815a21bcb8aee631c6987185eda3775ef2bcf3/40886b971ab3b58c192c7f4474815a21bcb8aee631c6987185eda3775ef2bcf3_env/bfd.mgnify30.metaeuk30.smag30.a3m	220312	62741bc0a64713e4806521c89e30b625fda594c7f7b25518af64900dcf08af8c
workflows/mouse-pilot/runs/focused-pilot-20260919/msa-cache/protein_40886b971ab3b58c192c7f4474815a21bcb8aee631c6987185eda3775ef2bcf3/40886b971ab3b58c192c7f4474815a21bcb8aee631c6987185eda3775ef2bcf3_env/pdb70.m8	60	ed141dab0746442323aa22c43b50925f55f456054200298d7aa0f21e49c41051
workflows/mouse-pilot/runs/focused-pilot-20260919/msa-cache/protein_40886b971ab3b58c192c7f4474815a21bcb8aee631c6987185eda3775ef2bcf3/40886b971ab3b58c192c7f4474815a21bcb8aee631c6987185eda3775ef2bcf3_env/uniref.a3m	670382	987dfa1be79c22ef60edd5b4bddb06e8ba65a4ec6dc3afc6edabac4ea9f4119c
workflows/mouse-pilot/runs/focused-pilot-20260919/msa-cache/protein_40886b971ab3b58c192c7f4474815a21bcb8aee631c6987185eda3775ef2bcf3/preparation.log	1525	c6fe40c84e19530bbd1d7627d9bb7a485527c0e8a5f1633a151ba90c73212e63
workflows/mouse-pilot/runs/focused-pilot-20260919/msa-cache/protein_5fbb65263d2cee8b90549b93739189a4d923d56399dd9965cb39df5b591bf18d/5fbb65263d2cee8b90549b93739189a4d923d56399dd9965cb39df5b591bf18d_env/bfd.mgnify30.metaeuk30.smag30.a3m	86758	c34d0cfd274d64ae91cfcb81c6e37bebf9b2c2b748f3ec320dcacec9c11dd5c7
workflows/mouse-pilot/runs/focused-pilot-20260919/msa-cache/protein_5fbb65263d2cee8b90549b93739189a4d923d56399dd9965cb39df5b591bf18d/5fbb65263d2cee8b90549b93739189a4d923d56399dd9965cb39df5b591bf18d_env/pdb70.m8	250	3653ef79ac522bb1d479732964ac3edfee4d8a4afac984e634d0f0c9e936dc0e
workflows/mouse-pilot/runs/focused-pilot-20260919/msa-cache/protein_5fbb65263d2cee8b90549b93739189a4d923d56399dd9965cb39df5b591bf18d/5fbb65263d2cee8b90549b93739189a4d923d56399dd9965cb39df5b591bf18d_env/uniref.a3m	332600	3225d78969ac15e274be3e78ab7353ea4434cd614ab68e3af250c5448cfa0776
workflows/mouse-pilot/runs/focused-pilot-20260919/msa-cache/protein_5fbb65263d2cee8b90549b93739189a4d923d56399dd9965cb39df5b591bf18d/preparation.log	1530	247993939fb4864f6cf32ff44fb526baef15329ec1a6e73ffadd4d6a7b099cd0
workflows/mouse-pilot/runs/focused-pilot-20260919/msa-cache/protein_6d61d8abd6143152e0b025884fd296ee504410576909a6b35e3b7931719d0211/6d61d8abd6143152e0b025884fd296ee504410576909a6b35e3b7931719d0211_env/bfd.mgnify30.metaeuk30.smag30.a3m	201386	348cfa6fc73d7795f62d214c84744adf2dd766aa964aafc25ea4cacc2a13340b
workflows/mouse-pilot/runs/focused-pilot-20260919/msa-cache/protein_6d61d8abd6143152e0b025884fd296ee504410576909a6b35e3b7931719d0211/6d61d8abd6143152e0b025884fd296ee504410576909a6b35e3b7931719d0211_env/pdb70.m8	18849	c55913045198fb84f230b6a0a996c8ffc29c976976b94b6a741fc31d4f43bdcd
workflows/mouse-pilot/runs/focused-pilot-20260919/msa-cache/protein_6d61d8abd6143152e0b025884fd296ee504410576909a6b35e3b7931719d0211/6d61d8abd6143152e0b025884fd296ee504410576909a6b35e3b7931719d0211_env/uniref.a3m	783411	4a434f4eb00b8097c38d2cafbe317a68201e7975342acbd087b92d354d0f9d64
workflows/mouse-pilot/runs/focused-pilot-20260919/msa-cache/protein_6d61d8abd6143152e0b025884fd296ee504410576909a6b35e3b7931719d0211/preparation.log	1523	ece90379bca5ce30502b42d0d4bb1679fd0d17422339721eb014e6c2f836048e
workflows/mouse-pilot/runs/focused-pilot-20260919/msa-cache/protein_829397420b49a412cf07f60151864bb984e43c3ffee13a777cc6be8d1ad441bc/829397420b49a412cf07f60151864bb984e43c3ffee13a777cc6be8d1ad441bc_env/bfd.mgnify30.metaeuk30.smag30.a3m	91160	1dd3a4343c71ff0c629e35471da39d391844b9f3beacb22acc4397f1b4365b14
workflows/mouse-pilot/runs/focused-pilot-20260919/msa-cache/protein_829397420b49a412cf07f60151864bb984e43c3ffee13a777cc6be8d1ad441bc/829397420b49a412cf07f60151864bb984e43c3ffee13a777cc6be8d1ad441bc_env/pdb70.m8	177	9e318005be5a491ae286d4b98ec0d0a95f33c5bb8a55e2d22e35966d8d548eba
workflows/mouse-pilot/runs/focused-pilot-20260919/msa-cache/protein_829397420b49a412cf07f60151864bb984e43c3ffee13a777cc6be8d1ad441bc/829397420b49a412cf07f60151864bb984e43c3ffee13a777cc6be8d1ad441bc_env/uniref.a3m	347197	8b3f445dde53c145deb4b709d7e9677104fd3b9022d8255f4c914eada98e10b4
workflows/mouse-pilot/runs/focused-pilot-20260919/msa-cache/protein_829397420b49a412cf07f60151864bb984e43c3ffee13a777cc6be8d1ad441bc/preparation.log	1525	d746197c8442b8fb294ca123f888e901b0db6fea28ca6c912c2b7b7de2814cc2
workflows/mouse-pilot/runs/focused-pilot-20260919/msa-cache/protein_8b7defedc00075b2ff44d12850e30a2ba564a5a4d5b67b01aa17dbdc2b39a03b/8b7defedc00075b2ff44d12850e30a2ba564a5a4d5b67b01aa17dbdc2b39a03b_env/bfd.mgnify30.metaeuk30.smag30.a3m	266849	76bb0381990eb318cdffcd1f08e5cbe84579670f3554a334722b35f0688c1ce0
workflows/mouse-pilot/runs/focused-pilot-20260919/msa-cache/protein_8b7defedc00075b2ff44d12850e30a2ba564a5a4d5b67b01aa17dbdc2b39a03b/8b7defedc00075b2ff44d12850e30a2ba564a5a4d5b67b01aa17dbdc2b39a03b_env/pdb70.m8	3060	006d0897ee39a2dfaf434aff2265238df4bab71cdd317f892753fa07e38a2d67
workflows/mouse-pilot/runs/focused-pilot-20260919/msa-cache/protein_8b7defedc00075b2ff44d12850e30a2ba564a5a4d5b67b01aa17dbdc2b39a03b/8b7defedc00075b2ff44d12850e30a2ba564a5a4d5b67b01aa17dbdc2b39a03b_env/uniref.a3m	1045461	d3add25e642c4c2ae9a6314e250f8c9fdd4adf1e9552560374a7f53410908b00
workflows/mouse-pilot/runs/focused-pilot-20260919/msa-cache/protein_8b7defedc00075b2ff44d12850e30a2ba564a5a4d5b67b01aa17dbdc2b39a03b/preparation.log	1700	4ae269785fc24183635e23b8235be8588d4e6114dd9bded6c76bdbca3057c8fb
workflows/mouse-pilot/runs/focused-pilot-20260919/msa-cache/protein_ab0acc0f95e51a7894c0c41ef7081728b8aa1ad064443d42f81776ea20c77194/ab0acc0f95e51a7894c0c41ef7081728b8aa1ad064443d42f81776ea20c77194_env/bfd.mgnify30.metaeuk30.smag30.a3m	96825	518758d6a08469e7dfec2625613416d64dff383e2e4392fe63dc63f4ffab6b66
workflows/mouse-pilot/runs/focused-pilot-20260919/msa-cache/protein_ab0acc0f95e51a7894c0c41ef7081728b8aa1ad064443d42f81776ea20c77194/ab0acc0f95e51a7894c0c41ef7081728b8aa1ad064443d42f81776ea20c77194_env/uniref.a3m	554495	5a9655d9193d8099158efd077aa0eb3c06206de6f32333702bc2bfa109732de7
workflows/mouse-pilot/runs/focused-pilot-20260919/msa-cache/protein_ab0acc0f95e51a7894c0c41ef7081728b8aa1ad064443d42f81776ea20c77194/preparation.log	1696	1f210de8d3382e556c93c5e47fffe5099513e0125e8316ea5aef32498fcce4da
workflows/mouse-pilot/runs/focused-pilot-20260919/msa-cache/protein_ba9e33a93c212f326346c5d15a338f66591107785bb384386e0f27d26b2b64c4/ba9e33a93c212f326346c5d15a338f66591107785bb384386e0f27d26b2b64c4_env/bfd.mgnify30.metaeuk30.smag30.a3m	452888	4628c573e36262eadefdc068112746199d7419f714def165feafbbc6e5b7349f
workflows/mouse-pilot/runs/focused-pilot-20260919/msa-cache/protein_ba9e33a93c212f326346c5d15a338f66591107785bb384386e0f27d26b2b64c4/ba9e33a93c212f326346c5d15a338f66591107785bb384386e0f27d26b2b64c4_env/pdb70.m8	603	85ae7612aa55c8e807538167d9a7d80955e06bcf2620f6fd61be17b15795c3e5
workflows/mouse-pilot/runs/focused-pilot-20260919/msa-cache/protein_ba9e33a93c212f326346c5d15a338f66591107785bb384386e0f27d26b2b64c4/ba9e33a93c212f326346c5d15a338f66591107785bb384386e0f27d26b2b64c4_env/uniref.a3m	1074015	c5722c1ccd0856be18ce0a4c19f3cd099a8654b1973cca839213e3f14e3b2d2f
workflows/mouse-pilot/runs/focused-pilot-20260919/msa-cache/protein_ba9e33a93c212f326346c5d15a338f66591107785bb384386e0f27d26b2b64c4/preparation.log	1699	d2bb452a9df3bfd845ce447c081e171eb1eedb8bb9eac876178f2952b678d7d3
workflows/mouse-pilot/runs/focused-pilot-20260919/msa-cache/protein_d67cdd2ab407509e4583ddcfdf76d41c3a0c37af2f70a6280c6b1d0f893e1c73/d67cdd2ab407509e4583ddcfdf76d41c3a0c37af2f70a6280c6b1d0f893e1c73_env/bfd.mgnify30.metaeuk30.smag30.a3m	2094802	27cbe3e2ad7803921b597103cb23148b273e4cb5533db08de5252c6e66467b98
workflows/mouse-pilot/runs/focused-pilot-20260919/msa-cache/protein_d67cdd2ab407509e4583ddcfdf76d41c3a0c37af2f70a6280c6b1d0f893e1c73/d67cdd2ab407509e4583ddcfdf76d41c3a0c37af2f70a6280c6b1d0f893e1c73_env/pdb70.m8	21226	4d8a59dbc5e3276c92d55e44da3482ad0248a233cf461e570b59d387ac36e374
workflows/mouse-pilot/runs/focused-pilot-20260919/msa-cache/protein_d67cdd2ab407509e4583ddcfdf76d41c3a0c37af2f70a6280c6b1d0f893e1c73/d67cdd2ab407509e4583ddcfdf76d41c3a0c37af2f70a6280c6b1d0f893e1c73_env/uniref.a3m	2413693	674147559e812b2654b9009e3b7bcc9430def0d934c9a4329451f1e97ba0c24b
workflows/mouse-pilot/runs/focused-pilot-20260919/msa-cache/protein_d67cdd2ab407509e4583ddcfdf76d41c3a0c37af2f70a6280c6b1d0f893e1c73/preparation.log	2054	e077e8268e35caffed1f06306b2dc9e8d3c46f46aa418beed016f2f719302a85
workflows/mouse-pilot/runs/focused-pilot-20260919/postfreeze-review-notes.md	2282	bc88c32a84daa394e73291b7244b9579302774628de03bb54405e897f1c5b4a0
workflows/mouse-pilot/runs/focused-pilot-20260919/retry-1/actual-launch.json	365	24c6684a3a8eee1b38d24852cd375eff49682b8879555586958fd9f7cb338dd9
workflows/mouse-pilot/runs/focused-pilot-20260919/retry-1/launch-budget.json	19256	d7d0ab69c7789ad979b3c810ab36806a907bc8e1220e5c75c8763158b29dd9dc
workflows/mouse-pilot/runs/focused-pilot-20260919/retry-1/launch-inventory.json	660	09c7bffce84c5a17d559902cf8b674f74a1925990e3ee82e8c05d7ff385a0000
workflows/mouse-pilot/runs/focused-pilot-20260919/retry-1/launch-live-quotes.json	5141878	a6414bf85130bbe12fd4e0b4e64311cfdb5c6850d05d74d15a3e541dd7541767
workflows/mouse-pilot/runs/focused-pilot-20260919/retry-1/lease.json	396	40658d5a8c84d5d0fe9c092e13f98f7f10d4aa832f76a97661ce244336d68354
workflows/mouse-pilot/runs/focused-pilot-20260919/retry-1/prepare-remote.log	708	2ee813d91f2ac431a5af104b188cd84d1b691a8bac9c3f77c33aabbb95eac966
workflows/mouse-pilot/runs/focused-pilot-20260919/retry-1/readiness.json	365	707fa730c75312e478e41e90871ab0dd1794e40e418f258c40471f01422baab8
workflows/mouse-pilot/runs/focused-pilot-20260919/retry-1/shutdown-confirmed.json	199	2367ac917348f7483af9fb0ee1a8d09635f1efccb2e51f64f4c62e9aca11ca34
workflows/mouse-pilot/runs/focused-pilot-20260919/retry-1/start.log	13190	972005bb33424534f5f65a08d1b1a26fe91d872a67986f877521088548c80a06
workflows/mouse-pilot/runs/focused-pilot-20260919/retry-1/stop.log	1769	f9ce7237f7720d2a970ad95b7b25c12b42ea7f4f71de8ff3e4d394d4deea9469
workflows/mouse-pilot/runs/focused-pilot-20260919/retry-1/watchdog.json	111	488a93c549e3b67728dbe7857d621d0d5422f78810b8e457408235141b233995
workflows/mouse-pilot/runs/focused-pilot-20260919/retry-1/worker-controller.json	357	ef392bdc8106a6712d479f9854523cc7be84a1e4592d44c93eff71379ac7f2ff
workflows/mouse-pilot/runs/focused-pilot-20260919/retry-2/actual-hardware.log	892	7d6145b96fcaba492f3b14f4056038d7cbcdf89e3aebbba89074c7adce3add3e
workflows/mouse-pilot/runs/focused-pilot-20260919/retry-2/actual-launch.json	365	1a1c81979095d2cd9d91276e511ce7911e45dc8b52ed0d8130aa458194aae5a6
workflows/mouse-pilot/runs/focused-pilot-20260919/retry-2/controller-process.json	73	a372bf43c6382a4c294ff2d173fd8c1b17c1ff31c7ecb2f896cd528779c9e388
workflows/mouse-pilot/runs/focused-pilot-20260919/retry-2/controller.log	779	a597d90841388f377d9a49d544af0c3edeb0c625a4815df09ebef1e0f46697a0
workflows/mouse-pilot/runs/focused-pilot-20260919/retry-2/copy-input-0.log	3643	0f37a4e875e384fa68a4216b8deb246c6a7aae7f8d5f43a1328ae132a36c07ed
workflows/mouse-pilot/runs/focused-pilot-20260919/retry-2/copy-input-1.log	3746	56ca1f57746ea9cd0a33a461340a5450ce380f2f0d3193ce1dcfe63025abb20b
workflows/mouse-pilot/runs/focused-pilot-20260919/retry-2/copy-input-2.log	3718	122a86a4b80669fbe99722a560e1a974eaff66051fbbbd789a2523a67c7b20de
workflows/mouse-pilot/runs/focused-pilot-20260919/retry-2/copy-input-3.log	3720	20477548d7b7972804c8d66938edf02db259a0b3db1600a008317659b766167f
workflows/mouse-pilot/runs/focused-pilot-20260919/retry-2/copy-tools.log	3677	b1c97a3341ed99746d5a59dda1bec235a488f443fc5be3cde25f08bf5e449415
workflows/mouse-pilot/runs/focused-pilot-20260919/retry-2/discovery.log	221	6ca96663e3fab24b673dc3c3bc6debc33f2f92818f5caed17f3729aaf652eed2
workflows/mouse-pilot/runs/focused-pilot-20260919/retry-2/launch-budget.json	19256	6c6cf50cb8c37b271fb98775dd144b23db9bd9920e3019a59c34861c7eeee07b
workflows/mouse-pilot/runs/focused-pilot-20260919/retry-2/launch-inventory.json	660	6cba42daa35fd831e1ea0b255a2c263df940a299b7d48fa8e4d6ba33d101cec2
workflows/mouse-pilot/runs/focused-pilot-20260919/retry-2/launch-live-quotes.json	5148347	89e5f03af392f84f8b4f0732819e3059ca1ec58d5bb4489c7669eefd45199e32
workflows/mouse-pilot/runs/focused-pilot-20260919/retry-2/lease.json	397	51812bedef161cd635e6855e000a3f42b7622da96be07eeb3c75753b92e21321
workflows/mouse-pilot/runs/focused-pilot-20260919/retry-2/prepare-remote.log	220	86d79ef323c3e4d20f712d23ad2286be8018363ee5fa3e970320a065f0f714bb
workflows/mouse-pilot/runs/focused-pilot-20260919/retry-2/preserve-outputs.log	3849	18c05c9771eb5c58c27c5156134e6f481d123534edb95d3e1ff4debc845bd875
workflows/mouse-pilot/runs/focused-pilot-20260919/retry-2/readiness.json	365	ed1f69c8a6241df78d9e33e2b8152aa208c6632e21dc7ed158e15695e626b109
workflows/mouse-pilot/runs/focused-pilot-20260919/retry-2/shutdown-confirmed.json	199	e58fec6e1425591715d141f116a8fb813d7c16481220de6f3b5c550a5a7dec4d
workflows/mouse-pilot/runs/focused-pilot-20260919/retry-2/ssh-probe-1.log	263	1ad524ff47124c27460eacd0fdf5e82f15f3f3f29e8a86038a4a9016c3dbf31d
workflows/mouse-pilot/runs/focused-pilot-20260919/retry-2/ssh-ready.json	111	ae1b8b5ea2f837c7818561878335e6d312eb5f01305d62de49fc96005ff777f2
workflows/mouse-pilot/runs/focused-pilot-20260919/retry-2/ssh-refresh-1.log	116	8dcd489082948aadcc468d626c88ea995440cb3101108357465f4f7894df8a72
workflows/mouse-pilot/runs/focused-pilot-20260919/retry-2/start.log	19706	55319e620a4f71c428c6f58697d0c724cefe8bb59d59225dad12007f3b732ddb
workflows/mouse-pilot/runs/focused-pilot-20260919/retry-2/stop.log	1069	90a356d75677e06aaee2e36dad664d6401cdece644896262ebabb7082ce3db65
workflows/mouse-pilot/runs/focused-pilot-20260919/retry-2/unpack.log	199	5fa5130e333f9bb0c3b88142f6f1ab4cf22e981b3a4a23a72a927ba02ac5294a
workflows/mouse-pilot/runs/focused-pilot-20260919/retry-2/watchdog.json	112	d5c54a72e2414380ec3f9ff2aab440c4a44b1aafb4ffa069de76fb8722fdf06d
workflows/mouse-pilot/runs/focused-pilot-20260919/retry-2/worker-controller.json	290	7b2fb8cd09fdfcac7e9718312e8e894fdd4279617600263f5193e3c4cfb80684
workflows/mouse-pilot/runs/focused-pilot-20260919/retry-2/worker-outputs/LongGF.log	31689	ce60e06a503678a10823b7dc75a9f15d2d5249e57344a0e722d56fd2f7d2cedb
workflows/mouse-pilot/runs/focused-pilot-20260919/retry-2/worker-outputs/LongGF.resources.log	791	3a833bd627e322fc7efcf1eca72be3250f824966ed5a554139bff6e8d95a53cb
workflows/mouse-pilot/runs/focused-pilot-20260919/retry-2/worker-outputs/alignment.log	798	3e2a89caa1b4ed9590491cf247023adf0419a329763436d30d7f0ba25c3f12fb
workflows/mouse-pilot/runs/focused-pilot-20260919/retry-2/worker-outputs/alignment.resources.log	1015	4f489b82d231adc3f094b712bdf6ca10537f772586eaaea82671f9b5232ca3b0
workflows/mouse-pilot/runs/focused-pilot-20260919/retry-2/worker-outputs/core_output.sha256	266	16e0f422ec2ba5a472bcb77e02365882c3b71a3a4a6780a44483bc5144402b04
workflows/mouse-pilot/runs/focused-pilot-20260919/retry-2/worker-outputs/finished_utc.txt	21	0f3abb2adc527e2e7101ccf02268e2a153654259915cdd58b98207a49acd98b1
workflows/mouse-pilot/runs/focused-pilot-20260919/retry-2/worker-outputs/flagstat.txt	477	ca51d2f0b22c3c13d6bf54b2a587b5968d119fe107235eb2e0fb28505f116cc5
workflows/mouse-pilot/runs/focused-pilot-20260919/retry-2/worker-outputs/genome_audit.log	1544	c77e3269b1b29effe91e10e336bffce544826159cc6baa8b11e2e350e43d0097
workflows/mouse-pilot/runs/focused-pilot-20260919/retry-2/worker-outputs/index.log	1444	f91b7ad507d345a8b969ad40b761a1108d15f01a704f43bd3c878427f3ab6f74
workflows/mouse-pilot/runs/focused-pilot-20260919/retry-2/worker-outputs/input_hash_validation.txt	161	b9c5a54050a51ebd5ee4e8f533bf3282412ff9c445061529cc2f14ad199af718
workflows/mouse-pilot/runs/focused-pilot-20260919/retry-2/worker-outputs/minimap2.version.txt	11	7ab32af185b823b4b677a58bbe57cb5c367715d37fdec4a95fb12886b25b3999
workflows/mouse-pilot/runs/focused-pilot-20260919/retry-2/worker-outputs/pilot.name.bam	2421683329	44c115799edf031838ee97155499425d1855a9a66596e8e7a7892cf59d65e154
workflows/mouse-pilot/runs/focused-pilot-20260919/retry-2/worker-outputs/runtime.txt	3688	2ce842707f8d4c0722e2e575c956f09c18c66714e0bb73b4a25cdf219111936a
workflows/mouse-pilot/runs/focused-pilot-20260919/retry-2/worker-outputs/samtools.version.txt	2496	6f54777874102b55a58d61a582bb8451e1680b948cc848d6a09a3e2bd2ce3fec
workflows/mouse-pilot/runs/focused-pilot-20260919/retry-2/worker-outputs/split_genome_audit.sam	79348714	cafe558c08fce54102a607769ce39f02b836bda66fb1bbc777f79a9f564d6fce
workflows/mouse-pilot/runs/focused-pilot-20260919/retry-2/worker-outputs/split_read_extraction.json	142	66769f12c4369fb0ead0634ce60ce0658378751a619344950872064ca984a83f
workflows/mouse-pilot/runs/focused-pilot-20260919/retry-2/worker-outputs/split_read_ids.txt	196705	8c557b6186b8aa3f6e54d37c9e8f674a6ac4d1365afa339dad2472c1c3f9dbe7
workflows/mouse-pilot/runs/focused-pilot-20260919/retry-2/worker-outputs/split_transcript_audit.sam	113806813	fa60d097d2209cde5f0005e63cb7638b789ab501de6839e29417d0c461b2aacb
workflows/mouse-pilot/runs/focused-pilot-20260919/retry-2/worker-outputs/started_utc.txt	21	833fc2ff41cfc210ea0802e31153feb5b090892384fd916b64c56d4acb85ea22
workflows/mouse-pilot/runs/focused-pilot-20260919/retry-2/worker-outputs/tool_hash_validation.txt	319	f8ac1bb7967dd89cb5ec7b9309535a0495e2257aa431913293534741bca8f82c
workflows/mouse-pilot/runs/focused-pilot-20260919/retry-2/worker-outputs/transcript_audit.log	1672	c5c5326fc1fc8df702bf70f18dd5c0c46d1b9fcb7fc1dd9465d353e9c388c6c4
workflows/mouse-pilot/runs/focused-pilot-20260919/sample-metadata/entrez-experiment.json	2711	ddd64ba16b4fec92432654c1663d3620568b53c6c086f1766eef8b394ab76012
workflows/mouse-pilot/runs/focused-pilot-20260919/sample-metadata/entrez-search.json	269	d7d9abdca7fcd0b9b787a6451e7607ae609fa25920fa527046e602570faeb409
workflows/mouse-pilot/runs/focused-pilot-20260919/sample-metadata/entrez-summary.json	507	8a69573aeee8c021d69b6e3bee40a46886ce0749c904f05ea549a15861d44ed0
workflows/mouse-pilot/runs/focused-pilot-20260919/sample-metadata/experiment.xml	7541	6cec84e5da28e37d640529d0f6985b3e5944431cb03b353dfe434f198e981cc4
workflows/mouse-pilot/runs/focused-pilot-20260919/sample-metadata/verified-sample-metadata.json	1130	bed68ca1260766826907bec1b2919c9e44f6d918c80dcca256ee2dcee8b0ecf3
workflows/mouse-pilot/runs/focused-pilot-20260919/selection-preview-1/freeze.json	1911	c13fb185f41eb4bf5ff9c894185945a6b795a1a3aca16c8b6bf3fea5c58a7647
workflows/mouse-pilot/runs/focused-pilot-20260919/selection-preview-1/selection.json	2321893	75929fd91828be7e8449792f6d87ce4c611841f03f455923f70302d4abdc2136
workflows/mouse-pilot/runs/focused-pilot-20260919/synthetic-discovery/LongGF.log	1310	6f94402661e23f8201b0eeb317cefc41308ad43067dfcaf814bc8cc303a5287a
workflows/mouse-pilot/runs/focused-pilot-20260919/synthetic-discovery/annotation.gtf	690	3734bade50cc7bb5235b2241ebef8a4eab7c840944af66a3651e3fae050b5135
workflows/mouse-pilot/runs/focused-pilot-20260919/synthetic-discovery/genome.fa	10014	c7ea2dadad265cd0420b00669f62bdade9906f81919b21ffb48a99f57124a401
workflows/mouse-pilot/runs/focused-pilot-20260919/synthetic-discovery/minimap2.log	891	a6f5d7e18ef7e5c75ac93cc1a03b2d23908b6793a9da86590d239bbb4ae6ab64
workflows/mouse-pilot/runs/focused-pilot-20260919/synthetic-discovery/reads.bam	1024	14f9a9e76f8df074f27b46de90655a1767e68b2db88d5f526681f2768f645a19
workflows/mouse-pilot/runs/focused-pilot-20260919/synthetic-discovery/reads.sam	3810	cc1349d048d47109fc7ccad363f0707489b0a6fb7b69b356e88842ce15d3d17e
workflows/mouse-pilot/runs/focused-pilot-20260919/technical-controls/LongGF.log	1448	846a9e09a74bd5b68c05a74c445848b08c0c357a33b2ba7fe2873a0213fbd107
workflows/mouse-pilot/runs/focused-pilot-20260919/technical-controls/genome.log	990	c3885efa9a3e64a60bd0e8a90d78cee9363e6aa0e7222f5a959dc4f9d6c83a2d
workflows/mouse-pilot/runs/focused-pilot-20260919/technical-controls/known_noncoding_explanation.minimap2.log	1016	f12a032adb1e75cf83c7b6d2e931cc7ed2aba29536c330c4af5b58b7633a8ed5
workflows/mouse-pilot/runs/focused-pilot-20260919/technical-controls/known_noncoding_explanation.transcripts.fa	2256	89320b5a98abbb088e9960aa4f74b6087c85147adfa0f4868db1961ca26919da
workflows/mouse-pilot/runs/focused-pilot-20260919/technical-controls/known_noncoding_explanation/assessment_summary.json	568	0009d41135c92dd7ec50bc339f0ecc2c6a4272e1da8175f8628db2aa405cd071
workflows/mouse-pilot/runs/focused-pilot-20260919/technical-controls/known_noncoding_explanation/read_decisions.json	2150	32ad1989cad88b8a085de10949ac7390136a91cb4e40950426dc9648457015fc
workflows/mouse-pilot/runs/focused-pilot-20260919/technical-controls/known_noncoding_explanation/rna_ranking.json	1032	91418466842680fd8435508b7d231e6c156b350604a9301dd50a40e7527c17f4
workflows/mouse-pilot/runs/focused-pilot-20260919/technical-controls/known_noncoding_explanation/split_transcript_audit.sam	3665	3ea3872bf50a394ddf8b22e737c940bfde9fc28cda554bc6e768c6b7fea4e8e7
workflows/mouse-pilot/runs/focused-pilot-20260919/technical-controls/reads.bam	1060	7247cdaecdc5427aa10bc611f46e0dc9e41a2bc0b8a94549b6af2a6a5ba32750
workflows/mouse-pilot/runs/focused-pilot-20260919/technical-controls/split_genome_audit.sam	3936	1585634a3b1036299888222c24f57d6f1580c3583a34263e76653139e0d57857
workflows/mouse-pilot/runs/focused-pilot-20260919/technical-controls/two_gene_supported.minimap2.log	1008	94096897c2b783b7e8b5ecc0b50c0e5b41a423856c11cc923059532584e67610
workflows/mouse-pilot/runs/focused-pilot-20260919/technical-controls/two_gene_supported.transcripts.fa	1630	a2bee4770b56c895c4f74051534ea05df88a8a48d11e6ffe32489529ef813861
workflows/mouse-pilot/runs/focused-pilot-20260919/technical-controls/two_gene_supported/assessment_summary.json	568	f244ba1170caa26c6b4f96b17bf7cc387e7a4aa6a0fa575c66c8d9e962c9280a
workflows/mouse-pilot/runs/focused-pilot-20260919/technical-controls/two_gene_supported/read_decisions.json	2122	5253d51c075e2d8857f4bc15e5ba50dd86ed545a9fb2f77c500f33276fab0554
workflows/mouse-pilot/runs/focused-pilot-20260919/technical-controls/two_gene_supported/rna_ranking.json	1070	9b5777c3bd35e79c1e969ef3e38e85dc66171fefdd776af06aa4b92b390bf8c1
workflows/mouse-pilot/runs/focused-pilot-20260919/technical-controls/two_gene_supported/split_transcript_audit.sam	3985	27f095f65e333e5579ed6e32f7bb2f0c2c49eaa46b2adbdc44ce3295f9d23178
workflows/mouse-pilot/runs/focused-pilot-20260919/technical-controls/validation.json	3846	e5d40b076a986d56812ecbd39f804ae0873b958fda1c97918f3a65503f13aa27
workflows/mouse-pilot/runs/full-mouse-cohort-20260920/active_budget.json	1066	f6b21d5bdb8df8301f80a137af9abf0f6f37ed40436ff82004e241866f98bd48
workflows/mouse-pilot/runs/full-mouse-cohort-20260920/active_budget4.json	1216	cb86ea211465d0ac127a6b652484472588e71474fc2a382d5f9a5c69bfc7bba4
workflows/mouse-pilot/runs/full-mouse-cohort-20260920/active_budget8.json	1083	dc1e84cc293b7a8f099ce9663af15a5866a561aac3c7aad664721eecbeca9fd8
workflows/mouse-pilot/runs/full-mouse-cohort-20260920/align_short.py	1807	6382ffde1841cb2f657dc28eddb3499fb7bddb1700b4f042d2d40bef847053c6
workflows/mouse-pilot/runs/full-mouse-cohort-20260920/align_short4.py	1816	28b6cf1992f1aa0cff9e1b7d2da15a2eb4214593e55e27291147e57ece70f8ab
workflows/mouse-pilot/runs/full-mouse-cohort-20260920/align_short8.py	1816	2c69bd040baf83d20203adafc90e907a59645d2050d0d5909b96c6a9e729d9b7
workflows/mouse-pilot/runs/full-mouse-cohort-20260920/budget.json	798	b40b7e734605ac24ebb8766a82ec5a5f688d79a51ae3057b60b6d7569ddd4758
workflows/mouse-pilot/runs/full-mouse-cohort-20260920/cached_reference.sha256	96	caebd92e51c75186c0f88f550bd2b9187858ac2f175718748dadc0e8c8f84eb8
workflows/mouse-pilot/runs/full-mouse-cohort-20260920/chrna-full-ont-20260920.created.json	122	2613cb143a745961ae8a3fc62881e2c23ff47dd13007aec04eb70940e013b04e
workflows/mouse-pilot/runs/full-mouse-cohort-20260920/chrna-full-ont-20260920.hardware.json	89	d583342b5d71a40799dee5fe79651bbf19d9c8966f9cbd72408eac682234b8e1
workflows/mouse-pilot/runs/full-mouse-cohort-20260920/chrna-full-ont-20260920.job.json	259	de9ec891c9a10811a15f9a8fb454b318d3ee7f9a4c4d28a82007e7cae42288ac
workflows/mouse-pilot/runs/full-mouse-cohort-20260920/chrna-full-ont-20260920.launch.log	430	8e6c990876cf1e87f3eea571d8c033513aa3c241d2ab8d7df0178e6776d3d9f3
workflows/mouse-pilot/runs/full-mouse-cohort-20260920/chrna-full-short-20260920.created.json	124	0e3c026478138360bc535c67bafe02d2bfeb8e6583a35101639a276f365b93a6
workflows/mouse-pilot/runs/full-mouse-cohort-20260920/chrna-full-short-20260920.hardware.json	89	828d0acdcfadc296c6acf24902f1505b218b34d2b8b9b962d28d88bd2b9b6988
workflows/mouse-pilot/runs/full-mouse-cohort-20260920/chrna-full-short-20260920.job.json	262	0ec5f59b0b1030b044d57c1c09b0674ae1bac43e2c01c15d6ad0cc01e43ae135
workflows/mouse-pilot/runs/full-mouse-cohort-20260920/chrna-full-short-20260920.launch.log	422	e50ea757b485e794b86e9655601b6ea14f7eafcf69f3527dbe45d03e99f0a670
workflows/mouse-pilot/runs/full-mouse-cohort-20260920/chrna-full-short4-20260920.created.json	125	acc3197d77cd3f046657dd336d67b1cac88c8ffa73d3a837b2f188fb1b5432ca
workflows/mouse-pilot/runs/full-mouse-cohort-20260920/chrna-full-short4-20260920.launch.log	541	78b1b2e5fb97e4416f75d7ce63758c494c9023e8ff14bc9e445c0bbde0727744
workflows/mouse-pilot/runs/full-mouse-cohort-20260920/chrna-full-short8-20260920.created.json	125	4be7d048f7873d1a0049ad43d88cfb47c2b50b349c26d049e718639052602689
workflows/mouse-pilot/runs/full-mouse-cohort-20260920/chrna-full-short8-20260920.launch.log	454	30d972a7572cdadf38182624fbcbd0f42ee5a5497b2c7ca00e970a6b2a19a18b
workflows/mouse-pilot/runs/full-mouse-cohort-20260920/collect_summary.py	2753	c4310acc313e5ae0d6e487d996e82cbc1fa81e53cfde9174b2a28a1340e92ac2
workflows/mouse-pilot/runs/full-mouse-cohort-20260920/deploy.log	4587	25f1525fba55fa2bfdcdd6275725147b7a48a984ae7de37d9d782ea446ad263d
workflows/mouse-pilot/runs/full-mouse-cohort-20260920/deploy.py	2373	997380072d2f7d5b867d4f089241552f217e3ec8953ac38a435450029fcf918a
workflows/mouse-pilot/runs/full-mouse-cohort-20260920/deploy4.log	990	126a472f9366333c53b26df28252625fb33fb29d65e90393e4b9af0ca401a6ce
workflows/mouse-pilot/runs/full-mouse-cohort-20260920/deploy4.py	2900	3d1dd5c601c6ae9383f96160599f18287da9436d49f1fc1ad6e85d7e82cb7fe4
workflows/mouse-pilot/runs/full-mouse-cohort-20260920/deploy8.log	4079	6cc422d44d822150e20dd810735ca26ae1840a018cfa02e1fc11218867718dc6
workflows/mouse-pilot/runs/full-mouse-cohort-20260920/deploy8.py	2900	f2616d6c7230edbaf8b2ee207ab95f4e95eff8a697f0cce1a2c3a5640556c1cf
workflows/mouse-pilot/runs/full-mouse-cohort-20260920/download_short.py	1519	beea1efaf0d3c4b1686d552a16bf854c3ae7ce81390ebea8528e6eb20d909e5a
workflows/mouse-pilot/runs/full-mouse-cohort-20260920/inputs.sha256	312	d276fe65e1239d714953925e10f6cbe45aeaae07f11f02e835ab48da233641c9
workflows/mouse-pilot/runs/full-mouse-cohort-20260920/inventory.json	941	575e88791d5db7ce70e2a8d14caff59ceac75284fa3a7caa0bfc139bc7d99720
workflows/mouse-pilot/runs/full-mouse-cohort-20260920/launch.py	3213	bd55362fd239cf129c6b0290669b1a563ca3ef8c9b89f7bc5728c198c3cdfd24
workflows/mouse-pilot/runs/full-mouse-cohort-20260920/launch4.py	3161	db41c6546496a6a359d846886ba86da92e3c1d61931cbb6aa29defcc2355f852
workflows/mouse-pilot/runs/full-mouse-cohort-20260920/launch4_complete.json	47	5e2ae405d1fcef5abb0b401884fd32b8d57d4c64a322753f205e0a346e4f1e48
workflows/mouse-pilot/runs/full-mouse-cohort-20260920/launch4_driver.log	35	6933b0752235e3855a4f8f0da812c82ed3aedfdbc1ff8198029368760e22a837
workflows/mouse-pilot/runs/full-mouse-cohort-20260920/launch8.py	3170	57671b07d997f17bf611672470f39891bdad63fa2f7acca0ad70fc20c5eb158e
workflows/mouse-pilot/runs/full-mouse-cohort-20260920/launch8_complete.json	47	65e340d7d4cfa4c72932499a2e43d8cf58f2f59e1067a0ddf710249106786267
workflows/mouse-pilot/runs/full-mouse-cohort-20260920/launch8_driver.log	35	57439d707b8ac62d38d1b94764924689264a001847f193eab59ceb9993c8b757
workflows/mouse-pilot/runs/full-mouse-cohort-20260920/launch_complete.json	47	0c04eb75f0714eb9381d66aa60d23f1bb090ff9dc0c2a784969c7d0de8b538d5
workflows/mouse-pilot/runs/full-mouse-cohort-20260920/launch_driver.log	66	d65de2a0f2c3c726290c15310df6d9820f9542d4ad14778567f7408713766a02
workflows/mouse-pilot/runs/full-mouse-cohort-20260920/preserve.py	1924	9dac66e81a5f6731fdef493b8a1ef482ee65d9fc026f185c046db2a4a6527897
workflows/mouse-pilot/runs/full-mouse-cohort-20260920/preserved/collection_status.json	716	c9bed21f8f4f11fb615d8bdea05694f60e6870322f16d3021a72f6c559e697a8
workflows/mouse-pilot/runs/full-mouse-cohort-20260920/preserved/ont/SRR28984803.early.log	725	a7d4625eb4c1532a9db81d566ec1eb1754213beedb9caefab1a162b3bbe6ba7b
workflows/mouse-pilot/runs/full-mouse-cohort-20260920/preserved/ont/SRR28984804.early.log	174	f3c270145efcaeba7ebf9521d1db8b67e89abc434a2a1d449a8128cae4446742
workflows/mouse-pilot/runs/full-mouse-cohort-20260920/preserved/ont/SRR28984805.log	2404	2dad0c0eda2bf703774db3fdf6395b385ce5fd8bedecfbed81c06da85efc7f29
workflows/mouse-pilot/runs/full-mouse-cohort-20260920/preserved/ont/SRR28984806.log	2404	5d0f1905346f8b640d32e044df10de7ceb94f36f15ca61a8463a4cd4c50e7247
workflows/mouse-pilot/runs/full-mouse-cohort-20260920/preserved/ont/SRR28984807.log	1485	374d9bb52dccbc760a629cf04a6bf1e03c45a0ab34cca86754ddf95fcf158d57
workflows/mouse-pilot/runs/full-mouse-cohort-20260920/preserved/ont/SRR28984808.log	2404	d56f8a50fc53e3a510e3fdcc28697f129154c62b6e7f10e692389cea7e30e5b3
workflows/mouse-pilot/runs/full-mouse-cohort-20260920/preserved/ont/SRR28984809.log	2404	cdb266a0677d2b0afbb763a1d265ec8d7a5b51fc1b972bce738752eeba043a36
workflows/mouse-pilot/runs/full-mouse-cohort-20260920/preserved/ont/SRR28984810.log	1159	c95f93ffe6f10c989410057dc60c6f94915a2d3d1e6f42503bb992cee630d2fb
workflows/mouse-pilot/runs/full-mouse-cohort-20260920/preserved/ont/SRR28984811.log	2062	2e0c89672c559a7c406e35ef475a5157e41bfe1a5bf540b13ef4a8ccb711a8ca
workflows/mouse-pilot/runs/full-mouse-cohort-20260920/preserved/ont/SRR28984812.log	1159	921ae4026bbfd889aa3e73d82aa34258e13c315af5691c7e74fa29a16c2c4a59
workflows/mouse-pilot/runs/full-mouse-cohort-20260920/preserved/ont/cohort-summary/junctions_by_sample.json	8453980	b70958c7c5b8de0d9ddeb2ebd2ff80ae26eb91a0a20d77c39a8219fa3db68771
workflows/mouse-pilot/runs/full-mouse-cohort-20260920/preserved/ont/cohort-summary/summary.json	11467	74edbc099a3525d075b422c428979661892bebb2b049eabd4499b61b94850c9d
workflows/mouse-pilot/runs/full-mouse-cohort-20260920/preserved/ont/cohort_manifest.json	12592	b3a4f1c97dc1610d40e655609218d321de4d383e9e6f1219af4e1ae12f80f8a9
workflows/mouse-pilot/runs/full-mouse-cohort-20260920/preserved/ont/driver.log	1487	56137f2942896777956ad0d3b8975f691ec36d8772c33adc92da69f837d82f20
workflows/mouse-pilot/runs/full-mouse-cohort-20260920/preserved/ont/index.log	599	2a76650e96f8eeeeca73526dec8176ecf690138ebda6d54e12455bb41d330d22
workflows/mouse-pilot/runs/full-mouse-cohort-20260920/preserved/ont/preflight.log	445	0fd011dbf4314fa3599543ae9230edb14ca018c72ab14674ae43c20b33dafc6f
workflows/mouse-pilot/runs/full-mouse-cohort-20260920/preserved/ont/samples/SRR28984803/download.log	820	7e1e7da390a231f6f577d0eceb12d4df7a34ef037b0e9518ccfe53faba71d66c
workflows/mouse-pilot/runs/full-mouse-cohort-20260920/preserved/ont/samples/SRR28984803/extract.log	84	8279c67c992f651d7e8852acf64d167552ebd6c77acb7f994d710464693ceca0
workflows/mouse-pilot/runs/full-mouse-cohort-20260920/preserved/ont/samples/SRR28984803/status.json	69	e9b03c03196b20fd36b21c1a61035edff9c33048f8ac5240b5b13a49204ca036
workflows/mouse-pilot/runs/full-mouse-cohort-20260920/preserved/ont/samples/SRR28984803/validate.log	689	12e0a9bebbf372916196b7f46d3d0c11be1a8c553d162ca8e932d35610745681
workflows/mouse-pilot/runs/full-mouse-cohort-20260920/preserved/ont/samples/SRR28984804/download.log	411	757f82e3217cd71d4397639960bc8321b976a7499971b8df99dc07b6ffb8ad39
workflows/mouse-pilot/runs/full-mouse-cohort-20260920/preserved/ont/samples/SRR28984804/status.json	69	e4f8edbaa7f61e73ba6c20b605c4c577bab0de78fb4406196ac4664fb33e1ec2
workflows/mouse-pilot/runs/full-mouse-cohort-20260920/preserved/ont/samples/SRR28984805/alignment.log	843	c306940ebaf88a5bddd9d143d0c68bd10ebeb7b919575b84231701723f1bf433
workflows/mouse-pilot/runs/full-mouse-cohort-20260920/preserved/ont/samples/SRR28984805/alignment_pipeline.log	63	e1e6edc64b7dfe4a0edb4d62aa495769fe3880365f396b6e24a8f65c874c3772
workflows/mouse-pilot/runs/full-mouse-cohort-20260920/preserved/ont/samples/SRR28984805/alignment_validation.json	55	26202cd125f52b8bde8fa1fe1c8b68ce403a26fece36e88b4dca518b2a70debc
workflows/mouse-pilot/runs/full-mouse-cohort-20260920/preserved/ont/samples/SRR28984805/assessment/assessment_summary.json	653	9e0289d316e1ffc56c6016352d33c403598aa6ea66b615c994a4c8b027011ebb
workflows/mouse-pilot/runs/full-mouse-cohort-20260920/preserved/ont/samples/SRR28984805/complete.json	2404	a26bb3cc0e8b0ad0808329da8e53cb5c0ad5db13e2ad6c02001a0b197c1a13f0
workflows/mouse-pilot/runs/full-mouse-cohort-20260920/preserved/ont/samples/SRR28984805/discovery/LongGF.log	31949	7d785280c41203414615b8d41625cc786e5f6ab397efd7f79c5bfb33a8f99851
workflows/mouse-pilot/runs/full-mouse-cohort-20260920/preserved/ont/samples/SRR28984805/download.log	820	cce9e756ad6fa567ea0dcf9dccbcb3c5c801dce2e08b3f17538a5a1cab5030ee
workflows/mouse-pilot/runs/full-mouse-cohort-20260920/preserved/ont/samples/SRR28984805/extract.log	84	26f1473e83db679d3d39c0256d2eaa882b0c08c8564c7dc0a06def2ea0f52f12
workflows/mouse-pilot/runs/full-mouse-cohort-20260920/preserved/ont/samples/SRR28984805/genome_audit.log	766	4c3f48d5d7e9624f5d8be80f0396e2aa8f8652775665734f4b98af6cd43591b4
workflows/mouse-pilot/runs/full-mouse-cohort-20260920/preserved/ont/samples/SRR28984805/qc/qc.json	791	61c00c17d174a453f44d02329a1b65a10537aa6c2542fc7b70c29a12918deca5
workflows/mouse-pilot/runs/full-mouse-cohort-20260920/preserved/ont/samples/SRR28984805/status.json	916	a5092f54ad3293fcf95f73593b289b923dd1bbfa83385700ad084ec3a770494c
workflows/mouse-pilot/runs/full-mouse-cohort-20260920/preserved/ont/samples/SRR28984805/transcript_audit.log	881	9a12c49ab21ed5d08ec7648651c0292b83b8f245c6ac9259f8b3b8df4fee8eec
workflows/mouse-pilot/runs/full-mouse-cohort-20260920/preserved/ont/samples/SRR28984805/validate.log	689	ad45bff273f9d5060db8c1435a97c5f0402b011cd319b57b200e1d391800c6b3
workflows/mouse-pilot/runs/full-mouse-cohort-20260920/preserved/ont/samples/SRR28984806/alignment.log	1081	519a867753667ec8faaf5e15185f9d382b725dcdb682e7e59d2f7469d3a4c650
workflows/mouse-pilot/runs/full-mouse-cohort-20260920/preserved/ont/samples/SRR28984806/alignment_pipeline.log	63	6cbcdf79aa0b327268ea9280d2a5e9000460106222e32049e45101073bf73990
workflows/mouse-pilot/runs/full-mouse-cohort-20260920/preserved/ont/samples/SRR28984806/alignment_validation.json	55	c99aed5c34ec5e63c5273cf6faecfcb8e0992b1859c7b0246b93445ad2f7fac3
workflows/mouse-pilot/runs/full-mouse-cohort-20260920/preserved/ont/samples/SRR28984806/discovery/LongGF.log	66693	d2e6c78dce0f16db9ccbd0d85167b0a32ecee75870ab0d3fdf9073d12a90d164
workflows/mouse-pilot/runs/full-mouse-cohort-20260920/preserved/ont/samples/SRR28984806/discovery/split_read_ids.txt	407508	4fbff6ffe604863ac068ff09320ba615af4e59f249d4140fc3ab8853d346da57
workflows/mouse-pilot/runs/full-mouse-cohort-20260920/preserved/ont/samples/SRR28984806/download.log	820	6bca269a4f3bc5045688ba71fbfcd3287cb0c01ee698e060a7cc24e259454880
workflows/mouse-pilot/runs/full-mouse-cohort-20260920/preserved/ont/samples/SRR28984806/extract.log	84	b20c65cdc86399022164c7466e8ed0233c12b733491bc90ffc65736668727276
workflows/mouse-pilot/runs/full-mouse-cohort-20260920/preserved/ont/samples/SRR28984806/genome_audit.log	768	38154ac77b631606e5513558b6cec24525ece46f34eba92c8ab22f52e106656e
workflows/mouse-pilot/runs/full-mouse-cohort-20260920/preserved/ont/samples/SRR28984806/qc/qc.json	793	f92f59f23f5c8e1bebe70e5cb184d76cd98c6443724cba56c04b8f3c14f9f3f7
workflows/mouse-pilot/runs/full-mouse-cohort-20260920/preserved/ont/samples/SRR28984806/status.json	918	4ee3feb0b737656376daefd62310fe5e8a010893d84e68a1f4734f9885af964f
workflows/mouse-pilot/runs/full-mouse-cohort-20260920/preserved/ont/samples/SRR28984806/transcript_audit.log	884	bf26f89d49aed703feb89568b8a1018858a01346930763d2e3feaa5690cf0819
workflows/mouse-pilot/runs/full-mouse-cohort-20260920/preserved/ont/samples/SRR28984806/validate.log	689	5ae32fe0d30b1ad87d9c2ae1cbc096f228390315433b2a9b1b27f619eed11c76
workflows/mouse-pilot/runs/full-mouse-cohort-20260920/preserved/ont/samples/SRR28984807/alignment.log	1205	2463db17a73ea32c7244b2162992c9b1eec0dac58368b4bc5dec984d9c8ca31f
workflows/mouse-pilot/runs/full-mouse-cohort-20260920/preserved/ont/samples/SRR28984807/alignment_pipeline.log	63	4b0286a7d15b8bdcfd4ee34f5cfc5abaaf2f26b356511a93d10f9d1db0d22091
workflows/mouse-pilot/runs/full-mouse-cohort-20260920/preserved/ont/samples/SRR28984807/alignment_validation.json	55	4a2b0296ce62611f7021745486bb1ce964017b32d8140c445fc895987659c7b0
workflows/mouse-pilot/runs/full-mouse-cohort-20260920/preserved/ont/samples/SRR28984807/discovery/LongGF.log	1457	d280980fa84695e6451516a91410fe1f0387b9305620199a1bcfdeb982ae10f3
workflows/mouse-pilot/runs/full-mouse-cohort-20260920/preserved/ont/samples/SRR28984807/download.log	820	7952a5aa61b937d12cb48de4f0782210943d37b960b537db4fe7aacbee8ca30a
workflows/mouse-pilot/runs/full-mouse-cohort-20260920/preserved/ont/samples/SRR28984807/extract.log	84	62e91908a64a2518fd9a9793cabe7fc7da9b1a5e93f16e6174e7d059383be548
workflows/mouse-pilot/runs/full-mouse-cohort-20260920/preserved/ont/samples/SRR28984807/qc/qc.json	792	35a5610c85df51eec5cdc954385c32bca03fc1f64abcaff751165b557474f79f
workflows/mouse-pilot/runs/full-mouse-cohort-20260920/preserved/ont/samples/SRR28984807/status.json	917	11612fcda0ff658a22c22aeec09e797e94c80469eef2cbdac7716bbc06cd5a41
workflows/mouse-pilot/runs/full-mouse-cohort-20260920/preserved/ont/samples/SRR28984807/validate.log	689	f763b4cb9b198cdc2f476264625b49bca1ac0d2fd05fbe79b62b88b912f134eb
workflows/mouse-pilot/runs/full-mouse-cohort-20260920/preserved/ont/samples/SRR28984808/alignment.log	1143	91c0ee8fa0fbb6ad9ebc95dbb88a673c72715b76f1f65f31512459382fccea1b
workflows/mouse-pilot/runs/full-mouse-cohort-20260920/preserved/ont/samples/SRR28984808/alignment_validation.json	55	0256080153e37f1d6bf89766c51fb57a4936143c4fe57f370ec85abbd2e055fe
workflows/mouse-pilot/runs/full-mouse-cohort-20260920/preserved/ont/samples/SRR28984808/discovery/LongGF.log	93463	3d976c3ce4023caf691105e9b2f81542113f5c73b0897086d96d74e4596e37cd
workflows/mouse-pilot/runs/full-mouse-cohort-20260920/preserved/ont/samples/SRR28984808/discovery/split_read_ids.txt	545635	bba06038e28e8c6c85aac841d501e2079a86aab63e2c8be15dcc18b1c68b9c9c
workflows/mouse-pilot/runs/full-mouse-cohort-20260920/preserved/ont/samples/SRR28984808/download.log	820	507d6a39088ed128278a66e37742b6bd29e619d94bc40ea63116c2194fcdb3d8
workflows/mouse-pilot/runs/full-mouse-cohort-20260920/preserved/ont/samples/SRR28984808/extract.log	84	fa8e6c17d377ac9dd877ec89076112bbca8e1f117c031c728b79c37fe3f96a49
workflows/mouse-pilot/runs/full-mouse-cohort-20260920/preserved/ont/samples/SRR28984808/genome_audit.log	768	6aeddbbac4cf20423127a2823618f89cc4b04cb7f32b203e7e366c1824a585d6
workflows/mouse-pilot/runs/full-mouse-cohort-20260920/preserved/ont/samples/SRR28984808/qc/qc.json	792	5bd35faabd562a06af9e6a4e62abcbde4368c97871cc723527ba59bdef85f8c5
workflows/mouse-pilot/runs/full-mouse-cohort-20260920/preserved/ont/samples/SRR28984808/status.json	917	19be4237772cd5a1821ae91445f98c6b8025701fb34ad04c96349c1d78087e68
workflows/mouse-pilot/runs/full-mouse-cohort-20260920/preserved/ont/samples/SRR28984808/transcript_audit.log	885	3a3f9a3d254354eb0bd6b64866fd7b2030ed7f58dcf60d6944fdc53aad2d5d71
workflows/mouse-pilot/runs/full-mouse-cohort-20260920/preserved/ont/samples/SRR28984808/validate.log	689	152197115cc514bd7d158c2f8387d32ce243c75f89662085c32eae2d51b13376
workflows/mouse-pilot/runs/full-mouse-cohort-20260920/preserved/ont/samples/SRR28984809/alignment.log	903	baf6bfd0514f55ce363b818fa6d50969eaafbce408baba6ccd54fd030a9c1f78
workflows/mouse-pilot/runs/full-mouse-cohort-20260920/preserved/ont/samples/SRR28984809/alignment_pipeline.log	63	d72935b074e2d32803d4932c6171bfe98886522704baabca6dc9058d5dda1ba3
workflows/mouse-pilot/runs/full-mouse-cohort-20260920/preserved/ont/samples/SRR28984809/alignment_validation.json	55	6ce10078261fb3c7b87a62e4d1868259dcc3c6996cb4ab40586bab51fea48689
workflows/mouse-pilot/runs/full-mouse-cohort-20260920/preserved/ont/samples/SRR28984809/assessment/assessment_summary.json	654	dcd1d5ab688f754033d46579adb55cfc939c6527a7606f14edb54b234742f256
workflows/mouse-pilot/runs/full-mouse-cohort-20260920/preserved/ont/samples/SRR28984809/assessment/read_decisions.json	45693454	6468839377f1e8e2b47aaee9f073afd8d1f5fad8217478bffb80cdb85c006c41
workflows/mouse-pilot/runs/full-mouse-cohort-20260920/preserved/ont/samples/SRR28984809/assessment/rna_ranking.json	6309546	bfeb79e714212a911ffcc943a786c588e6b5729265064fe6f6fa0e8ed492da76
workflows/mouse-pilot/runs/full-mouse-cohort-20260920/preserved/ont/samples/SRR28984809/assessment/unassigned_segments.json	1604430	bc4d04b82df86ec85fc2e88c3b8ab9c32980b46372a6d11c4e17dc441de7774f
workflows/mouse-pilot/runs/full-mouse-cohort-20260920/preserved/ont/samples/SRR28984809/assessment/unresolved_longgf_proposals.json	29610	e7ebc70359888abb1a98e48911659a2df45caec2fc0c11898fa03e8d3b55f1b4
workflows/mouse-pilot/runs/full-mouse-cohort-20260920/preserved/ont/samples/SRR28984809/complete.json	2416	5f820f0649843d34d1c3d95204f50c133c8b9c3f24a4cb360723e376ab3042ab
workflows/mouse-pilot/runs/full-mouse-cohort-20260920/preserved/ont/samples/SRR28984809/discovery/LongGF.log	64807	7e339219e0205017bf62cf815a1ba7c984bef342674d5ab72ee4f09ebe795dc9
workflows/mouse-pilot/runs/full-mouse-cohort-20260920/preserved/ont/samples/SRR28984809/discovery/split_read_ids.txt	211095	743e8b14153c68242df1e8f57099ce625c05a71c36edd36961f0d3dcc2880c3b
workflows/mouse-pilot/runs/full-mouse-cohort-20260920/preserved/ont/samples/SRR28984809/download.log	820	d2d929779d62d312b3d2d598a33b950f38486a4acc8d19e02e0194faee8d5f04
workflows/mouse-pilot/runs/full-mouse-cohort-20260920/preserved/ont/samples/SRR28984809/extract.log	84	a410ba56a3909315701c662f8fe02fc659fb56eea7b2b00bead415e73b6e9893
workflows/mouse-pilot/runs/full-mouse-cohort-20260920/preserved/ont/samples/SRR28984809/genome_audit.log	767	e452fdd274f8c309a58c001b5515a5e20cbc8e47ec4963c89931323c3946b5b1
workflows/mouse-pilot/runs/full-mouse-cohort-20260920/preserved/ont/samples/SRR28984809/qc/qc.json	791	3e1ac6fd6cc29495ee5baae3a02f27479aecb1936e4f67ed546bfb74a6598096
workflows/mouse-pilot/runs/full-mouse-cohort-20260920/preserved/ont/samples/SRR28984809/status.json	916	771c9b20959810a53e025661c34e06d84240ae92130b18023aea9eef299cdf7c
workflows/mouse-pilot/runs/full-mouse-cohort-20260920/preserved/ont/samples/SRR28984809/transcript_audit.log	883	b1564bc825fedd44c83d5bb8f0e9ec166c85dc47bc7b24198c667e417817d00a
workflows/mouse-pilot/runs/full-mouse-cohort-20260920/preserved/ont/samples/SRR28984809/validate.log	689	ced06ac28f843e7f3834a0e5efcdff9bf323dcc78836359de0783cd5aa5ae972
workflows/mouse-pilot/runs/full-mouse-cohort-20260920/preserved/ont/samples/SRR28984810/alignment.log	405	2b232e400c81c9b649f004c1b6ca6f0ce9bea3cddc78c74fc67b80efecd0de85
workflows/mouse-pilot/runs/full-mouse-cohort-20260920/preserved/ont/samples/SRR28984810/download.log	820	0a47a024a5a319b167d787a8fdff3d06dc79d0681ca5db80542c0210ea4def92
workflows/mouse-pilot/runs/full-mouse-cohort-20260920/preserved/ont/samples/SRR28984810/extract.log	84	e64f52ead245c18aee23c67f5b199a882bb330571477b053f798fec0e1a4ce07
workflows/mouse-pilot/runs/full-mouse-cohort-20260920/preserved/ont/samples/SRR28984810/qc/qc.json	793	f0c1a03dd9e095b09edd7df9e5555c4485c537a8143dd0c5cfcd65891b720c13
workflows/mouse-pilot/runs/full-mouse-cohort-20260920/preserved/ont/samples/SRR28984810/status.json	918	832ba64ced26262ac6419145204e0be0584393f08484dd683e2c90ffb4e46629
workflows/mouse-pilot/runs/full-mouse-cohort-20260920/preserved/ont/samples/SRR28984810/validate.log	689	6cfd1aa01920a20d6e324c56a8fe84a4a3795ffd16cb619ea2271f3440042598
workflows/mouse-pilot/runs/full-mouse-cohort-20260920/preserved/ont/samples/SRR28984811/alignment.log	1084	9cf5a104cdd514c26280157bbe6da2ec845aee4f0882235e0327342a2dd2ecdb
workflows/mouse-pilot/runs/full-mouse-cohort-20260920/preserved/ont/samples/SRR28984811/alignment_validation.json	55	fe31c77aaf1f0958f5ea143df01e97231ead462a90b7db103cffcd3f2d2b4812
workflows/mouse-pilot/runs/full-mouse-cohort-20260920/preserved/ont/samples/SRR28984811/discovery/LongGF.log	86653	182a2497a48804a7f001ff0aecb270b526a8ca8c3851fc3daa7c812ec5284024
workflows/mouse-pilot/runs/full-mouse-cohort-20260920/preserved/ont/samples/SRR28984811/discovery/split_read_ids.txt	890320	489f69fe2e7f82433797ac62e8d1dee681e41951e33bff467704209d8ea1dd6e
workflows/mouse-pilot/runs/full-mouse-cohort-20260920/preserved/ont/samples/SRR28984811/download.log	820	f153c6c293bee8ac010e02bec3e195be29297f60636708738fecf318bf627fb8
workflows/mouse-pilot/runs/full-mouse-cohort-20260920/preserved/ont/samples/SRR28984811/extract.log	84	a64a67e3388fd425556e0a4aa747c64c440ce110acd42c1b20478c6da9fef591
workflows/mouse-pilot/runs/full-mouse-cohort-20260920/preserved/ont/samples/SRR28984811/genome_audit.log	345	2c1bb6af9410d1990d7eb892a0d20bf08f0e4bcedcac62b231d12262145d3325
workflows/mouse-pilot/runs/full-mouse-cohort-20260920/preserved/ont/samples/SRR28984811/qc/qc.json	793	daa4b9fae1312985b7de5a617b5e2bbcf44d119d94e88af8bf3092698b2d023b
workflows/mouse-pilot/runs/full-mouse-cohort-20260920/preserved/ont/samples/SRR28984811/status.json	918	979ac4336e424e73b1f811ce3d66c696110a863c509ad59740ca1d5a91753fd9
workflows/mouse-pilot/runs/full-mouse-cohort-20260920/preserved/ont/samples/SRR28984811/validate.log	689	a149356b8667f8fd4773574ca9bdb79aa9990c6fbb7834701d0eed95fb1660ca
workflows/mouse-pilot/runs/full-mouse-cohort-20260920/preserved/ont/samples/SRR28984812/alignment.log	826	3e9a3b73bf3529626c162309e9360c9659da56bafe973cef4870a5f58988b5d5
workflows/mouse-pilot/runs/full-mouse-cohort-20260920/preserved/ont/samples/SRR28984812/download.log	820	34dd68a58f21c1980107f19b8c77ed04454caa52e5b16170a5524cf0836b1634
workflows/mouse-pilot/runs/full-mouse-cohort-20260920/preserved/ont/samples/SRR28984812/extract.log	84	1ae7d84ad3be8361e3ec280e09379365bc5dc6ac5b2a15b6df0a8516bf345e2a
workflows/mouse-pilot/runs/full-mouse-cohort-20260920/preserved/ont/samples/SRR28984812/qc/qc.json	792	b9a6a3963fd087f6ddc7a3c192fc2443bfab5981b10843393cbe03900cd8dab6
workflows/mouse-pilot/runs/full-mouse-cohort-20260920/preserved/ont/samples/SRR28984812/status.json	917	a589f72de5f8e89a1f0642d01332e218ca3b9cc216d7a138ffc5f4ef140fee25
workflows/mouse-pilot/runs/full-mouse-cohort-20260920/preserved/ont/samples/SRR28984812/validate.log	689	8be895775b606ba0f558de1071ceabc897dcd0c8f68f074a588e5a83e846d3e2
workflows/mouse-pilot/runs/full-mouse-cohort-20260920/preserved/ont/tools.sha256	1063	8af153724453e8690430016a94ad311d44e7dfe9ffd69920f27bb42089311baf
workflows/mouse-pilot/runs/full-mouse-cohort-20260920/preserved/short-full-run/logs/archive_validation.log	671	caf5c91ed96191d8aad06026994d16035b5bf9f1b740173085e7be4b1f9b699c
workflows/mouse-pilot/runs/full-mouse-cohort-20260920/preserved/short-full-run/logs/container.json	6868	01989a12ea64e6d6370625867995e4de2cf0b5377dbdfa2c901ccf50266c5e82
workflows/mouse-pilot/runs/full-mouse-cohort-20260920/preserved/short-full-run/logs/docker_pull.log	1449	19adb58943f2b32ad9a3b7585e3ef29f21e4ba57698fb43b4f678f541eb42e6b
workflows/mouse-pilot/runs/full-mouse-cohort-20260920/preserved/short-full-run/logs/docker_pull_retry.log	1060	cbd43b572bbb8e7833599b5bcf3c1ae37964250b11f8d254f5516d6f24879cd0
workflows/mouse-pilot/runs/full-mouse-cohort-20260920/preserved/short-full-run/logs/extract.log	90	0214f8a91e2662758932b5f7b80c43489ce882ba4f7b021f8adb9f787d7e3bdb
workflows/mouse-pilot/runs/full-mouse-cohort-20260920/preserved/short-full-run/output/SRR37513722/Log.progress.out	236	19748fd2d4c40d1c5519747d6f2ba61df9ab771b97a2914d5919649433ad99b9
workflows/mouse-pilot/runs/full-mouse-cohort-20260920/preserved/short-full-run/output/SRR37513722/command.json	867	e7b2fa8e4a15057fa2cd40051e814574f33567f3a2eb7fdb5f880f7b7a55735f
workflows/mouse-pilot/runs/full-mouse-cohort-20260920/preserved/short-full-run/output/SRR37513722/parabricks.log	3892	36c9c1fb388aac8c303f4e45b5efe07ec1a251a6ad38dfcbf9a74fc5859492cc
workflows/mouse-pilot/runs/full-mouse-cohort-20260920/preserved/short-full-run/queue.json	1343	c54b55909b29413cb7e39c12806467f3adb220474ebdb7a55bd4c83042426f51
workflows/mouse-pilot/runs/full-mouse-cohort-20260920/preserved/short-preparation/logs/cpu.txt	3	a1fb50e6c86fae1679ef3351296fd6713411a08cf8dd1790a4fd05fae8688164
workflows/mouse-pilot/runs/full-mouse-cohort-20260920/preserved/short-preparation/logs/disk.txt	129	03fb3b661ef7c2ca13c4b5dc2eb6a26c9f224fd6d2e4f344f00f0b4a71ca2794
workflows/mouse-pilot/runs/full-mouse-cohort-20260920/preserved/short-preparation/logs/docker_pull.log	1945	bc7d8eec21da56e4773dbe5dcae08c93556acdaeeb74959d3e2d68270a120864
workflows/mouse-pilot/runs/full-mouse-cohort-20260920/preserved/short-preparation/logs/driver.log	24898	4cc8d1c084feeec61504d9237212c59a2a01c7ac36027a5bb6d923be0b85af33
workflows/mouse-pilot/runs/full-mouse-cohort-20260920/preserved/short-preparation/logs/exit_code.txt	4	9d9b18720961e9b4689fd763b85e7b6f36160ccd3a8a1c9ddc5103bb0f66c396
workflows/mouse-pilot/runs/full-mouse-cohort-20260920/preserved/short-preparation/logs/finished_utc.txt	21	be3b452812c3b9e54f821cb88907844172f74e8de5cdb815671d699e113cd4a6
workflows/mouse-pilot/runs/full-mouse-cohort-20260920/preserved/short-preparation/logs/memory.txt	210	4b20673aa3492a61d893601999a107e21a3f6ab457ea6f10e08e4b1716764d24
workflows/mouse-pilot/runs/full-mouse-cohort-20260920/preserved/short-preparation/logs/redundant_extraction_stopped.txt	21	d3174b08713b8e2293a77bfff7f1c1c3c5c7b317cfc70500fcc7e85d1d96b752
workflows/mouse-pilot/runs/full-mouse-cohort-20260920/preserved/short-preparation/logs/resume.log	126	5631ecc4bad4fa839e162f0930f7601aa774d29f129b1c31bf4229d90ddb98e7
workflows/mouse-pilot/runs/full-mouse-cohort-20260920/preserved/short-preparation/logs/scratch_format.log	812	5a400e025986dc6a435f54fa59e0568c150a1f335402c016e0364e152e989efe
workflows/mouse-pilot/runs/full-mouse-cohort-20260920/preserved/short-preparation/logs/star_index.log	763	24d26e9d20b5bb3f56f3121f40281a1be1d2f57e9ad3d7219b1f601e09590969
workflows/mouse-pilot/runs/full-mouse-cohort-20260920/preserved/short-preparation/logs/transfer_parallel.log	422	81f83bb12bd1a8e3bdba71059dc556267a550d264be7bcff36017d6bfac7748d
workflows/mouse-pilot/runs/full-mouse-cohort-20260920/preserved/short-preparation/queue.json	73775	0554efaed385fef99491f5d5d3a9061330b4b7c0589c83026c545a20235e2b24
workflows/mouse-pilot/runs/full-mouse-cohort-20260920/quotes.json	3048483	ab5ab64832ff9b8df87e3920e12c1dfaf67031f8cdadeebe900070d240704998
workflows/mouse-pilot/runs/full-mouse-cohort-20260920/resume_short.sh	1045	72ff4500576e6e73dd0f2f999c6e8cee9092fedbad5110edeee6c1fef5825c67
workflows/mouse-pilot/runs/full-mouse-cohort-20260920/run_short4.sh	1023	98cd97519c3db569e745a0b2246318e391e2ea848720020e4e3450cfd965cacc
workflows/mouse-pilot/runs/full-mouse-cohort-20260920/run_short8.sh	1023	8fa3c4785f418ea22a40b15d7acae2efdfcb6b0321d0cae994c728fcc1843cd8
workflows/mouse-pilot/runs/full-mouse-cohort-20260920/short8_deployed.json	148	0a2c207a0fce2de116f61822b1db287e83dc180b50de6687c093287b3b214e48
workflows/mouse-pilot/runs/full-mouse-cohort-20260920/short_worker.sh	2012	0114d0675ab6a3028eedecefd37acd87ef2c231f87334cce18e7d1db9a32c134
workflows/mouse-pilot/runs/full-mouse-cohort-20260920/shortread-runinfo.csv	26485	a09a3204ed892a9ca04a7c08ba8e4c3a69913eecbd214e9c4c0dec0a51211bae
workflows/mouse-pilot/runs/full-mouse-cohort-20260920/transfer_configured.py	989	e0334a620315d2cd0e8d862a02a94028e5263c4fd83b184ab6fb055f505c82a6
workflows/mouse-pilot/runs/full-mouse-cohort-20260920/transfer_known_hosts	834	a06c4418713c89ece3d0bfcbd73d0fadd0146eb6f7521262ce53105254a4e598
workflows/mouse-pilot/runs/full-mouse-cohort-20260920/transfer_parallel.py	1072	afadde89f3b996d8358c5f95e72523f9a8a143214d25fd2648cf197a5763e306
workflows/mouse-pilot/runs/full-mouse-cohort-20260920/transfer_to_four.py	1080	89ad0d8c6444a627ad4da8ac17fbce51516933ddc86ca712df37257a5d9de4e1
workflows/mouse-pilot/runs/full-mouse-cohort-20260920/watchdog.json	47	cca33b33bb21447f6026d5c98bbecda3cc0425a525c5405b07cc52cb845f352e
workflows/mouse-pilot/runs/full-mouse-cohort-20260920/watchdog4.json	47	80e571e55ba2ddf8bd2711f1e2fee195ade0f0f19cc1e76457e314a45bc534ff
workflows/mouse-pilot/runs/full-mouse-cohort-20260920/watchdog8.json	47	d8c07cea3b805503080807f901fe8c1684337318d73c882bb2e09348669b5658
workflows/mouse-pilot/runs/full-mouse-cohort-20260920/worker.py	5202	9fb5cfe833cd1a4675024c223130cf7663dbe3964c64981387971de4200b9fcd
workflows/mouse-pilot/runs/intake-20260919/GSM8260870.txt	4089	ae5a3f4ca2c38506d582613b224062db4a46d2446c7af47f43df55c202761171
workflows/mouse-pilot/runs/intake-20260919/GSM8260870.txt.provenance.json	259	8c6153c972f9d11b7a5a18c2d09b7ff8fda3cf5d2f3aacad5f7ce7551a6c73fc
workflows/mouse-pilot/runs/intake-20260919/GSM8260871.txt	4102	0caa658be8a670af35502754d7f34786e749f858c96ccc709303a580f6d83950
workflows/mouse-pilot/runs/intake-20260919/GSM8260871.txt.provenance.json	259	63d2a9218a3968569ded123b9c4e4d8428f82441300181e3d5eaacf716fef4bb
workflows/mouse-pilot/runs/intake-20260919/GSM8260872.txt	4096	224478ad5e02ab52035e6dc9430f3bf93f8456a22e4ea292dc8e7886f3400699
workflows/mouse-pilot/runs/intake-20260919/GSM8260872.txt.provenance.json	259	894d0dea77934b155ae8dcb7f23f56153a74946e77644fd043d85f109b70b5c4
workflows/mouse-pilot/runs/intake-20260919/GSM8260873.txt	4096	de05754a2359657e51a0e6b797bf02715fd894e779f29fe048d8b49a8ce97908
workflows/mouse-pilot/runs/intake-20260919/GSM8260873.txt.provenance.json	259	038b2a79eddcafc83cf78f597803b4b26fef35a64f47fb668f7f2637146a1623
workflows/mouse-pilot/runs/intake-20260919/GSM8260874.txt	4096	5230edd4228ea872e141267e90a81a7f5496cc5a26ffd39bd8b2186d6a59f51a
workflows/mouse-pilot/runs/intake-20260919/GSM8260874.txt.provenance.json	259	ae2addbafe2e71e5f163821b292b92e8c314ad64f9e13dc7fc42ae197e7a2b97
workflows/mouse-pilot/runs/intake-20260919/GSM8260875.txt	4089	0ae3498c83c8909720d20ac4d6b481342a84bf40e09a57adb33182685a1117da
workflows/mouse-pilot/runs/intake-20260919/GSM8260875.txt.provenance.json	259	05ff1d3338b48d20a7a1f77b973c8f8fbf804b5ee7b788f7288bcb1857369ceb
workflows/mouse-pilot/runs/intake-20260919/GSM8260876.txt	4102	51a028d227aeab578f276e550644f761dfcd69e70b2796091dd4e9d95d7fc814
workflows/mouse-pilot/runs/intake-20260919/GSM8260876.txt.provenance.json	259	ef59b2f26fe6b0f9d5b757d5c112bbf9883f36fa25da5e9b2a7f096819b93890
workflows/mouse-pilot/runs/intake-20260919/GSM8260877.txt	4089	0b772a3af27c8ca5648c3f9523ef7f5246e40c37cce6612162c8926139c19b07
workflows/mouse-pilot/runs/intake-20260919/GSM8260877.txt.provenance.json	259	faba9e66940a1dac7dd14fc3e04fedfa42c9606d376f8aa997bf3ab0be4fb7c2
workflows/mouse-pilot/runs/intake-20260919/GSM8260878.txt	4096	7836caa8bd9227d291fcba3b1cdae20692dddbde63dda3f42a199e575c668546
workflows/mouse-pilot/runs/intake-20260919/GSM8260878.txt.provenance.json	259	25fb32b45c42b9998713eb9697dbb8affeee31be636d2ea6206b43439e38c6e8
workflows/mouse-pilot/runs/intake-20260919/GSM8260879.txt	4102	d3369e0194978d083ef27324827ebdafc87f7581982c3c15be05ac6a2e419baa
workflows/mouse-pilot/runs/intake-20260919/GSM8260879.txt.provenance.json	259	2f18a2f418d7db79c3eac15a4cf1a5fd5714420cd51bc43d06b2d4b664c8aac6
workflows/mouse-pilot/runs/intake-20260919/checkpoint.json	3818	0d3ba00b804442e8971d966501e09595c0adf6860e66a71eb34957a524467bb6
workflows/mouse-pilot/runs/intake-20260919/code_snapshot_sha256.json	2482	28b7e34e0f4dd5c7912ab15a3ea9f331f312fa207cc1a824b065636b6596d524
workflows/mouse-pilot/runs/intake-20260919/events.jsonl	177	23850422c3761f1de03b50f4593df81bd4905ab48308ec5d94c821f329eb7b4f
workflows/mouse-pilot/runs/intake-20260919/gencode_M28_MD5SUMS	2828	bc274b30e807558a1349369e11ab00c7ac597f436d7f1d7ce03d940a66740e2f
workflows/mouse-pilot/runs/intake-20260919/gencode_M28_MD5SUMS.provenance.json	245	af4e2f75c2b2651ece7ff74eba65ddb8125b3c301b021c7abf895518f9e4325a
workflows/mouse-pilot/runs/intake-20260919/geo_series.txt	3800	6184a2c9392046ac1a6f2512439f9425c6121347e91bda436f1ae6451ef43b29
workflows/mouse-pilot/runs/intake-20260919/geo_series.txt.provenance.json	258	d4237465c6d10566a7832da8ac0f35bf3d9ed52acd0f88d8fdf50b0893172192
workflows/mouse-pilot/runs/intake-20260919/reference_compatibility.json	2925	afa174365a8b9d549137496ef17555f55715a5dabbc417b14bfa15031f8bfd22
workflows/mouse-pilot/runs/intake-20260919/sra_runinfo.csv	5733	e086be8257840ec04332c3230e6345519dc4304608c8e34d3a9dc6d137109572
workflows/mouse-pilot/runs/intake-20260919/sra_runinfo.csv.provenance.json	235	f57e84133fd5d66f42bea2490a0fd3d0e8f92d2ff0f760fc6918ab439e8e7a56
workflows/mouse-pilot/runs/intake-20260919/typhon_commit.json	5401	75400c627637b600c07158ccd5e67d68290bbba9b5c1a230e8d310360046c7a6
workflows/mouse-pilot/runs/intake-20260919/typhon_commit.json.provenance.json	224	fa2477b10298510396aab020f7d8c66331eadc79d498529d0ece74e2a879e792
workflows/mouse-pilot/runs/intake-20260919/typhon_source_record.json	1166	2e79958d58d00c2d394d7edb43d463dd6c4dbe1e1370ca8b5afe5e50d3a0769e
workflows/mouse-pilot/runs/intake-20260919/verification/2026-09-19T143717.416771.snakemake.log	1687	df952f24db0e014a81ff78c5730ae743127ad6f92f3ab091893af12294d1b806
workflows/mouse-pilot/runs/intake-20260919/verification/2026-09-19T143815.845693.snakemake.log	3053	41c0d652344ee6a7b0187b13efd04176f6f85559394ab8073538647cac099669
workflows/mouse-pilot/runs/intake-20260919/verification/2026-09-19T143918.174182.snakemake.log	4495	d99012de4593e87f9bc9d12a02dd95060a764cb8c9051c2e8923a69782430cd7
workflows/mouse-pilot/runs/intake-20260919/verification/2026-09-19T144037.919418.snakemake.log	2150	6f4a2048a8b0e60a68faf00910aba17725c1955ae653ae75192d15f937753258
workflows/mouse-pilot/runs/intake-20260919/verification/prior_recovery_development.png	130927	2155e3e9cdc26f745832bbe3ec0991ab802d36210cd87e8ed49d417e67988e14
workflows/mouse-pilot/runs/k562-all-junctions-20260920/A/assessment/read_decisions.json	1551807	3faabe8aea41dda254faf7a72e418503e1165cf75744082a737198cb5b88f628
workflows/mouse-pilot/runs/k562-all-junctions-20260920/A/assessment/rna_ranking.json	287071	1c3173ccf4a8b20376e53a83fa4a1077c454305db30593ea062dabd2da1def54
workflows/mouse-pilot/runs/k562-all-junctions-20260920/A/orfs/observed_rna.fasta	361101	5c9a9f5363256532ecd00b5d43fa4711232585d125729ac7761a7521403e3c79
workflows/mouse-pilot/runs/k562-all-junctions-20260920/A/orfs/orf_summary.json	230	3ce2980ac3255d1e0a8c1c32dff6518571fa512eb039fc5ee70ba2082a3d66c6
workflows/mouse-pilot/runs/k562-all-junctions-20260920/A/orfs/protein_hypotheses.fasta	1605	4764f25de86f64e67f5844dc803c6ee0467167cd20a4e6689287485142825030
workflows/mouse-pilot/runs/k562-all-junctions-20260920/A/orfs/protein_hypotheses.json	8033	f3f0136622defccb9a99d5eb927d2cc2283f38ddfe9ec62aff8b80444dc9d29d
workflows/mouse-pilot/runs/k562-all-junctions-20260920/A/orfs/reconstructions.json	36450514	2734173b1ec12f261f7032da5f43e63d234ecd5e0c559d792e4654c6620182e2
workflows/mouse-pilot/runs/k562-all-junctions-20260920/A/orfs/reference_assisted_rna.fasta	356783	6b5baf0d8257d1d2b6097ee2a7eefd93c0dea1757798d09da2ac99c79944bbc5
workflows/mouse-pilot/runs/k562-all-junctions-20260920/A/selection.json	121703	2427c26f6f66cb9195faaecac0be63d2300a5acf45ae50d1b06a5a453d4770de
workflows/mouse-pilot/runs/k562-all-junctions-20260920/B/assessment/read_decisions.json	1405117	c3f3e3e93e538da83901f17be6517d0088183d88ddd1824a19f5502c2b36ba78
workflows/mouse-pilot/runs/k562-all-junctions-20260920/B/assessment/rna_ranking.json	259404	062c630c990a0083783931359883feeba872c2d50e2ac2e871fc0292410b5206
workflows/mouse-pilot/runs/k562-all-junctions-20260920/B/orfs/observed_rna.fasta	316535	974f44b8df9d24ea281497c86619cfbfab4f9d5a9253a96fbf6bdc09722d4cc8
workflows/mouse-pilot/runs/k562-all-junctions-20260920/B/orfs/orf_summary.json	231	0eafcb0b1cb968b7f927963cbf83ecb823517aad5dd0ca895e1ec69cf6e700c6
workflows/mouse-pilot/runs/k562-all-junctions-20260920/B/orfs/protein_hypotheses.fasta	2392	ed213a616243f383409916b93ae5fcf80ad3d9345139341cbef8fe4de320ecef
workflows/mouse-pilot/runs/k562-all-junctions-20260920/B/orfs/protein_hypotheses.json	11868	30dcd82fb4168b294a4f2827509d5ac00bfb1031213fdcaf1713d530c6b42fec
workflows/mouse-pilot/runs/k562-all-junctions-20260920/B/orfs/reconstructions.json	32858119	2b421142f960476d76d0d80d9ae0bfe97a1babf8ee486783cdc834e553019460
workflows/mouse-pilot/runs/k562-all-junctions-20260920/B/orfs/reference_assisted_rna.fasta	314511	4b8e0a2194e6dd50cd9b00e546800118ff110578f3e1eb96ad54f526b77afcbc
workflows/mouse-pilot/runs/k562-all-junctions-20260920/B/selection.json	114307	bca68c3950f887ede587c5db994f2b252bdbb2e6a44c2907753b444d832244d9
workflows/mouse-pilot/runs/k562-all-junctions-20260920/README.md	4155	1a7a2df20494492d1a1b7a0648b0f4ff50b6e502c37c8a848b05eaab9887ab38
workflows/mouse-pilot/runs/k562-all-junctions-20260920/adapter-origin-summary.json	295313	fb7d3567bbd01e604487084941e7166bde6ccd8164b8b19fca27b5a996a37b7f
workflows/mouse-pilot/runs/k562-all-junctions-20260920/adapter-read-assessment.json	313833	5c966408f635da537dc999e685dd507265b557b564c2015b97651b77cde21b74
workflows/mouse-pilot/runs/k562-all-junctions-20260920/adapter-rules.json	1038	83ceff5f05961b54644641708d3e0cf5fce21961d741fa3fe60badfc7dc945a5
workflows/mouse-pilot/runs/k562-all-junctions-20260920/artifact-hashes.json	1350	5756a6cb0ce934011e63d7df466e53af5b63b0e23ce6319578397fb7c2923da5
workflows/mouse-pilot/runs/k562-all-junctions-20260920/brev-gpu-search.json	11012	1e05498551d008778e164e4ded5b1ed546471286bd50e65638c371431a8adedb
workflows/mouse-pilot/runs/k562-all-junctions-20260920/browser-setup.log	151	266a603c8a9656fca310ec6667bc9e66499b5ccbd34cd7d16bccc99116de5063
workflows/mouse-pilot/runs/k562-all-junctions-20260920/candidate-stage-audit.tsv	62183	34104c21ebc4965abe13d0227b16370ab8ef4f1721784babab6c5e21fc914d5d
workflows/mouse-pilot/runs/k562-all-junctions-20260920/completion.json	1750	73398adff15de7c6cbb66da41436ffe15cd1c49587ff7b1a72cf0652f9addd48
workflows/mouse-pilot/runs/k562-all-junctions-20260920/dashboard-data.json	15606452	30534a7266602f6a89b3158cff02304c89e0988a23067c41caffac8d3e474291
workflows/mouse-pilot/runs/k562-all-junctions-20260920/dashboard-desktop.png	307946	67aed6d38772d61c109c1a483e09daca710bd246630a6f618e0ef77d3197c29d
workflows/mouse-pilot/runs/k562-all-junctions-20260920/dashboard-mobile.png	296279	b9d25f0d4dbd856b5034c19ecff8d74231811da2f0b984b932d964651c1b0a1e
workflows/mouse-pilot/runs/k562-all-junctions-20260920/dashboard-validation.json	845	ac87bc358f9a6f56e353b436890a1f89724da4f4ee8c41efbfd0fb3fd6eefcf7
workflows/mouse-pilot/runs/k562-all-junctions-20260920/data.json	10817582	04a95b37f4894433dac17c03837f2d760ed652a242bc77c1026048e200a466be
workflows/mouse-pilot/runs/k562-all-junctions-20260920/fold-inputs/manifest.json	5539	c8402cbc88388c96baae8dd0376f5404075a7a221b271c938503e4598c6a24a3
workflows/mouse-pilot/runs/k562-all-junctions-20260920/fold-inputs/msa-preparation.json	1057	d9ca68912fcd05c9c89204f63cf5a3ce82cac24abb1adbbd636b9fd327094604
workflows/mouse-pilot/runs/k562-all-junctions-20260920/fold-inputs/protein_05e1eedf66c7083052565c34a5bc6019a9abe863e50268602de668184e00597e.a3m	3870	d3b1e442bef5d21ba0fc020308d3211006f73d6a42d5bd72541f2f87852da27f
workflows/mouse-pilot/runs/k562-all-junctions-20260920/fold-inputs/protein_05e1eedf66c7083052565c34a5bc6019a9abe863e50268602de668184e00597e.fasta	136	f31eb3ccd8bae5de3c5e6b9f266d3d90d22814f742ec1cf688c05bda3ea22dc7
workflows/mouse-pilot/runs/k562-all-junctions-20260920/fold-inputs/protein_05e1eedf66c7083052565c34a5bc6019a9abe863e50268602de668184e00597e.json	1242	f3dd998b24465111602b13f080a51110ee9f5d8cd998ccf6e348d1302cf9c049
workflows/mouse-pilot/runs/k562-all-junctions-20260920/fold-inputs/protein_05e1eedf66c7083052565c34a5bc6019a9abe863e50268602de668184e00597e.yaml	278	013b84a629ca99947a78caaf0e569283e63704cdeb2b5bff6644d8ead0af10d6
workflows/mouse-pilot/runs/k562-all-junctions-20260920/fold-inputs/protein_0e71eb67bf1bfe9282d6df812a2db99f7489cc4241ac9071693d20ea8ad1d905.a3m	2302790	4a8a410784b26e2b7f48a5cc0194bd589ed6b840825a20d85b1e66374b4e4860
workflows/mouse-pilot/runs/k562-all-junctions-20260920/fold-inputs/protein_0e71eb67bf1bfe9282d6df812a2db99f7489cc4241ac9071693d20ea8ad1d905.fasta	150	d191134e8ef9cbb873a0811ae8a3dad8e43b0b5091f01dd681969487d6d3f088
workflows/mouse-pilot/runs/k562-all-junctions-20260920/fold-inputs/protein_0e71eb67bf1bfe9282d6df812a2db99f7489cc4241ac9071693d20ea8ad1d905.json	1553	23dfac66d8b65f2f81e61a426362c86f6c39112b0df361c35030229d16b7ff2a
workflows/mouse-pilot/runs/k562-all-junctions-20260920/fold-inputs/protein_0e71eb67bf1bfe9282d6df812a2db99f7489cc4241ac9071693d20ea8ad1d905.yaml	292	8c59084bf0596c4a8436a669922a3a53f7a27700081c7c57afc6fc671e073ba3
workflows/mouse-pilot/runs/k562-all-junctions-20260920/fold-inputs/protein_3815fad666d9f523e88e2dac0125188f41c16301d369a96f07c0b699c8be89c1.a3m	164623	89c54e2d6c5d71f29dcbaf8b3ed477d27c91983a81a71a9865dbc898121b4d01
workflows/mouse-pilot/runs/k562-all-junctions-20260920/fold-inputs/protein_3815fad666d9f523e88e2dac0125188f41c16301d369a96f07c0b699c8be89c1.fasta	163	4182fc4cbd36d6dd1682ccb711be7786e9de8b5e1e82247e1c6368731ca8ee03
workflows/mouse-pilot/runs/k562-all-junctions-20260920/fold-inputs/protein_3815fad666d9f523e88e2dac0125188f41c16301d369a96f07c0b699c8be89c1.json	1616	e45666ef507822a0aff107e011937f3616fcb326b1e991b89be659227cd47291
workflows/mouse-pilot/runs/k562-all-junctions-20260920/fold-inputs/protein_3815fad666d9f523e88e2dac0125188f41c16301d369a96f07c0b699c8be89c1.yaml	305	9ffcb6ad285a7338427dad63dc23460e7e139fe9e408ca3c29a5853363fbdbb6
workflows/mouse-pilot/runs/k562-all-junctions-20260920/fold-inputs/protein_3833150229de02b0e7924263e8a3cfcaf1ed38e0aa89510ed30231b5aecf9e49.a3m	1468468	2d7f3a151ac2af595cb355306d389f4963669623e5f78b1bd724a5e2af752e05
workflows/mouse-pilot/runs/k562-all-junctions-20260920/fold-inputs/protein_3833150229de02b0e7924263e8a3cfcaf1ed38e0aa89510ed30231b5aecf9e49.fasta	213	6e6462f55987d288508bf7476124b46e172672d6b297b864e114265ebd3999c5
workflows/mouse-pilot/runs/k562-all-junctions-20260920/fold-inputs/protein_3833150229de02b0e7924263e8a3cfcaf1ed38e0aa89510ed30231b5aecf9e49.json	2143	d2655c44487226ecf878152d4b02409d05620fd2ad8dc3977fd5b111a1c99da4
workflows/mouse-pilot/runs/k562-all-junctions-20260920/fold-inputs/protein_3833150229de02b0e7924263e8a3cfcaf1ed38e0aa89510ed30231b5aecf9e49.yaml	355	018d9ff014e68c06374c64b259ba8e10b368efb9e6097b0e4df5d8ef7d853e43
workflows/mouse-pilot/runs/k562-all-junctions-20260920/fold-inputs/protein_77c90f63d678a4f245faa1e8b1e053e80d7c9e3e61fa3f5f942f68af2d8edf5c.a3m	1252	332474ecf05e3ea21a73de62e0f20bfcfdbbf1428d320485b376ac9656d534f7
workflows/mouse-pilot/runs/k562-all-junctions-20260920/fold-inputs/protein_77c90f63d678a4f245faa1e8b1e053e80d7c9e3e61fa3f5f942f68af2d8edf5c.fasta	163	7d7e1e5734eee50644259f311f84b331107278831d2a09b54912f43cac229bb2
workflows/mouse-pilot/runs/k562-all-junctions-20260920/fold-inputs/protein_77c90f63d678a4f245faa1e8b1e053e80d7c9e3e61fa3f5f942f68af2d8edf5c.json	1384	c79d0fbde6ea8fee43d2b172925b043ddbf0ebfab5946ea5b48cca81f120f1f9
workflows/mouse-pilot/runs/k562-all-junctions-20260920/fold-inputs/protein_77c90f63d678a4f245faa1e8b1e053e80d7c9e3e61fa3f5f942f68af2d8edf5c.yaml	305	3b2a4baa025521ede3dfd245ba44325fc32a8dafa04108a779563053cc4749ab
workflows/mouse-pilot/runs/k562-all-junctions-20260920/fold-inputs/protein_d305db6529ba8b9a8f47c4a396f9990ca2cea8b4be72e57230c64b2c83412ff2.a3m	93279	81425694592786b1c816fe7d234598b33d9f3f0d8fa9bbaaa4ce4414ef3a22f5
workflows/mouse-pilot/runs/k562-all-junctions-20260920/fold-inputs/protein_d305db6529ba8b9a8f47c4a396f9990ca2cea8b4be72e57230c64b2c83412ff2.fasta	120	9eab12a8a5f4f26619183d033d8c203d921165568b7e5750060153c21b8a62a2
workflows/mouse-pilot/runs/k562-all-junctions-20260920/fold-inputs/protein_d305db6529ba8b9a8f47c4a396f9990ca2cea8b4be72e57230c64b2c83412ff2.json	1157	59b52b2f62c29b9201288ea33e9b0bb3efeda1874e38815630b7df56c7726844
workflows/mouse-pilot/runs/k562-all-junctions-20260920/fold-inputs/protein_d305db6529ba8b9a8f47c4a396f9990ca2cea8b4be72e57230c64b2c83412ff2.yaml	262	425459659683eb1d3e19203c5cfb14b263be57855367d1c11eae9ec03efb2818
workflows/mouse-pilot/runs/k562-all-junctions-20260920/folding-worker-live/actual-launch.json	365	1f6b57f024093229ecac6f78191c61926f01d0e96911b61c32b9baf506e8fd98
workflows/mouse-pilot/runs/k562-all-junctions-20260920/folding-worker-live/copy-inputs.log	3497	0c823606f1b67a637660c4cb6827bbcb906a3076fb20b046ed2e77470154ed50
workflows/mouse-pilot/runs/k562-all-junctions-20260920/folding-worker-live/create.log	659	d90635c6d0e09a666dcbbb3674c8c75f800c2c4764b830293d2020ed84cef8f4
workflows/mouse-pilot/runs/k562-all-junctions-20260920/folding-worker-live/delete-after-verification.log	25	628003813cc0805e17439c28c488636a30e555b08c866b5992e62153a014a231
workflows/mouse-pilot/runs/k562-all-junctions-20260920/folding-worker-live/delivery-deadline.json	270	0fd28ba308347dfbf5a3cc8514b6ebef3962fe258b561381e3e1724b94fff9d1
workflows/mouse-pilot/runs/k562-all-junctions-20260920/folding-worker-live/delivery-guard-process.json	19	dfb0c34f33a1f8dc582c32ef0bd39b23a305df8d9e9a47fbc6fd93d0527e586d
workflows/mouse-pilot/runs/k562-all-junctions-20260920/folding-worker-live/hardware.log	1020	18c02ab01e6cce7ceb4657721646dcbc723ade03de7109716ed2cf69471ce1bf
workflows/mouse-pilot/runs/k562-all-junctions-20260920/folding-worker-live/inference.log	667	700e9828f02a4c41301e1fc5f59e5c8ef9ce9f2e1d853e5b22716ffa0dade1bb
workflows/mouse-pilot/runs/k562-all-junctions-20260920/folding-worker-live/input-bundle.json	555	bc0b6aae86076323d7b6e918bb1f30be878c0c69c1d8d01362df6a57966c1b48
workflows/mouse-pilot/runs/k562-all-junctions-20260920/folding-worker-live/inventory-after-delete.json	4185	47ae84eda624e8dd607e30bd07dd44dcdd43e29d07a629bf740d89dccb7f6ea6
workflows/mouse-pilot/runs/k562-all-junctions-20260920/folding-worker-live/launch-budget.json	3292	64c10f155f3598d7351c0f3a71130b75a34fa76d141feeee7e3e78d764b64bce
workflows/mouse-pilot/runs/k562-all-junctions-20260920/folding-worker-live/launch-inventory.json	4226	0159ab4a82465e6bd0d65a5914e69b821bb01097576850bc1b7ddcbb94de6eec
workflows/mouse-pilot/runs/k562-all-junctions-20260920/folding-worker-live/launch-live-quotes.json	5120112	55f6409fffd335e79c4a2106b663aa49ff5870e37b8a269ae421852d5180552f
workflows/mouse-pilot/runs/k562-all-junctions-20260920/folding-worker-live/lease.json	376	a9c1bc4ba2ce63bfb4fe555d139aa4aec6ac9a016ff2aaaebe27fe93210e716f
workflows/mouse-pilot/runs/k562-all-junctions-20260920/folding-worker-live/prepare.log	168	48c7b90254b1883a52d524a4b23a4d03eaaed7fe8d68206dd00003800bceab8a
workflows/mouse-pilot/runs/k562-all-junctions-20260920/folding-worker-live/preserve-outputs.log	3463	b28449c07f3bd262163ff18942f17e56056dd09f4441244b0b3ea743d6bd7121
workflows/mouse-pilot/runs/k562-all-junctions-20260920/folding-worker-live/resume-provenance.json	90	1371597b5606392d6c6adac759603e5c2bf12833245d4dd754d89d8bc423e1f2
workflows/mouse-pilot/runs/k562-all-junctions-20260920/folding-worker-live/setup.log	260	4098486e22dda9490a4e28af36d7112f2bf9a0d7893b6895d4d679a7ae56e0be
workflows/mouse-pilot/runs/k562-all-junctions-20260920/folding-worker-live/shutdown-confirmed.json	109	78076cf88cbef91ef46f76ef208aca4151e462bde1857ec0ec4ac14c1c668cf7
workflows/mouse-pilot/runs/k562-all-junctions-20260920/folding-worker-live/ssh-probe-1.log	263	c4ce501defe6d689050f3fc2b0ab6835e2367b5ce2035e61150f5915320ad6dc
workflows/mouse-pilot/runs/k562-all-junctions-20260920/folding-worker-live/ssh-ready.json	111	a59b826c959ae09bae144b932c2bb5273dcb7ce6a3081cc4a56bd8bea184b3c3
workflows/mouse-pilot/runs/k562-all-junctions-20260920/folding-worker-live/ssh-refresh-1.log	116	55f32ebd111905bb8103eb0a53b3042e622be74d000d1b68c3e0ea4074da05fc
workflows/mouse-pilot/runs/k562-all-junctions-20260920/folding-worker-live/stop.log	473	0e7d5bab1ab1e4fb3018c704b522c0b7294892a0adcf633737577e8a351e3fc0
workflows/mouse-pilot/runs/k562-all-junctions-20260920/folding-worker-live/watchdog.json	58	0c8e22884971c26ffd3eb5e648f3b699e19b8bbe4dbbb1d9a74d33f6952ec066
workflows/mouse-pilot/runs/k562-all-junctions-20260920/folding-worker-live/worker-controller.json	178	c58b7323ce65aac7fb4efaf3b34db5f1b20e5697b0e20f8ceffacf9723aa46d1
workflows/mouse-pilot/runs/k562-all-junctions-20260920/folding-worker-live/worker-outputs/predictions/jobs.json	7789	83988c821840ee3f3a6734519c87ac092f66b8da6a88152aafcde149f59ff456
workflows/mouse-pilot/runs/k562-all-junctions-20260920/folding-worker-live/worker-outputs/predictions/protein_05e1eedf66c7083052565c34a5bc6019a9abe863e50268602de668184e00597e/boltz.log	2278	c7563fb05c01226b47d6f158a612b793a8f344f80c73b358b0b19bd854fb625f
workflows/mouse-pilot/runs/k562-all-junctions-20260920/folding-worker-live/worker-outputs/predictions/protein_05e1eedf66c7083052565c34a5bc6019a9abe863e50268602de668184e00597e/boltz_results_protein_05e1eedf66c7083052565c34a5bc6019a9abe863e50268602de668184e00597e/predictions/protein_05e1eedf66c7083052565c34a5bc6019a9abe863e50268602de668184e00597e/confidence_protein_05e1eedf66c7083052565c34a5bc6019a9abe863e50268602de668184e00597e_model_0.json	443	48ccba19ada1c81b962c78c30d5e223210292d93230b390d3b7d76afe7a2a6e1
workflows/mouse-pilot/runs/k562-all-junctions-20260920/folding-worker-live/worker-outputs/predictions/protein_05e1eedf66c7083052565c34a5bc6019a9abe863e50268602de668184e00597e/boltz_results_protein_05e1eedf66c7083052565c34a5bc6019a9abe863e50268602de668184e00597e/predictions/protein_05e1eedf66c7083052565c34a5bc6019a9abe863e50268602de668184e00597e/pae_protein_05e1eedf66c7083052565c34a5bc6019a9abe863e50268602de668184e00597e_model_0.npz	13317	e0caed18d9e670db3d1cc0d43a30778402e41f653a84f08fb5379bf7b4f8505c
workflows/mouse-pilot/runs/k562-all-junctions-20260920/folding-worker-live/worker-outputs/predictions/protein_05e1eedf66c7083052565c34a5bc6019a9abe863e50268602de668184e00597e/boltz_results_protein_05e1eedf66c7083052565c34a5bc6019a9abe863e50268602de668184e00597e/predictions/protein_05e1eedf66c7083052565c34a5bc6019a9abe863e50268602de668184e00597e/pde_protein_05e1eedf66c7083052565c34a5bc6019a9abe863e50268602de668184e00597e_model_0.npz	10978	6878ec17da4296ff44a442c93cb6fd10b23937f1f0a332d25d36a01413cb549b
workflows/mouse-pilot/runs/k562-all-junctions-20260920/folding-worker-live/worker-outputs/predictions/protein_05e1eedf66c7083052565c34a5bc6019a9abe863e50268602de668184e00597e/boltz_results_protein_05e1eedf66c7083052565c34a5bc6019a9abe863e50268602de668184e00597e/predictions/protein_05e1eedf66c7083052565c34a5bc6019a9abe863e50268602de668184e00597e/plddt_protein_05e1eedf66c7083052565c34a5bc6019a9abe863e50268602de668184e00597e_model_0.npz	456	cfefe019e172004ddad72c51a9f7c684edb115d695ae8f28a046e86436f40719
workflows/mouse-pilot/runs/k562-all-junctions-20260920/folding-worker-live/worker-outputs/predictions/protein_05e1eedf66c7083052565c34a5bc6019a9abe863e50268602de668184e00597e/boltz_results_protein_05e1eedf66c7083052565c34a5bc6019a9abe863e50268602de668184e00597e/predictions/protein_05e1eedf66c7083052565c34a5bc6019a9abe863e50268602de668184e00597e/protein_05e1eedf66c7083052565c34a5bc6019a9abe863e50268602de668184e00597e_model_0.cif	40607	6565c8c80f2dea2c299726e21bcd596793bbe22ac7f63be0460cabe4582cddcb
workflows/mouse-pilot/runs/k562-all-junctions-20260920/folding-worker-live/worker-outputs/predictions/protein_05e1eedf66c7083052565c34a5bc6019a9abe863e50268602de668184e00597e/boltz_results_protein_05e1eedf66c7083052565c34a5bc6019a9abe863e50268602de668184e00597e/processed/manifest.json	637	46f0d67606664c73c407a3d8083603139e0badfbd4db8a9ca9aaf19ad16cb22b
workflows/mouse-pilot/runs/k562-all-junctions-20260920/folding-worker-live/worker-outputs/predictions/protein_05e1eedf66c7083052565c34a5bc6019a9abe863e50268602de668184e00597e/boltz_results_protein_05e1eedf66c7083052565c34a5bc6019a9abe863e50268602de668184e00597e/processed/msa/protein_05e1eedf66c7083052565c34a5bc6019a9abe863e50268602de668184e00597e_0.npz	1394	4238e60fa3bda187698c71c26e83e64922be0749168ffdd41ab4f6e44a0da6b1
workflows/mouse-pilot/runs/k562-all-junctions-20260920/folding-worker-live/worker-outputs/predictions/protein_05e1eedf66c7083052565c34a5bc6019a9abe863e50268602de668184e00597e/boltz_results_protein_05e1eedf66c7083052565c34a5bc6019a9abe863e50268602de668184e00597e/processed/records/protein_05e1eedf66c7083052565c34a5bc6019a9abe863e50268602de668184e00597e.json	622	194ee054a1dbff2c4f74af830ad26db80edceae7e75b3bc0264acc5ab7030877
workflows/mouse-pilot/runs/k562-all-junctions-20260920/folding-worker-live/worker-outputs/predictions/protein_05e1eedf66c7083052565c34a5bc6019a9abe863e50268602de668184e00597e/boltz_results_protein_05e1eedf66c7083052565c34a5bc6019a9abe863e50268602de668184e00597e/processed/structures/protein_05e1eedf66c7083052565c34a5bc6019a9abe863e50268602de668184e00597e.npz	3332	f731e3dcf5dc04ecb548bc5a6a05a38b29ce95420370c5881ac278942a75560d
workflows/mouse-pilot/runs/k562-all-junctions-20260920/folding-worker-live/worker-outputs/predictions/protein_05e1eedf66c7083052565c34a5bc6019a9abe863e50268602de668184e00597e/validation.json	3949	f3173e0e935e2a0e8c11fba546f9c074e3002c275eb6ccfc708bc094392dfc16
workflows/mouse-pilot/runs/k562-all-junctions-20260920/folding-worker-live/worker-outputs/predictions/protein_0e71eb67bf1bfe9282d6df812a2db99f7489cc4241ac9071693d20ea8ad1d905/boltz.log	2344	f343928f33bf9e2e72104f4885162b156e57c4bae47d11adeb67f3dfb28efd6b
workflows/mouse-pilot/runs/k562-all-junctions-20260920/folding-worker-live/worker-outputs/predictions/protein_0e71eb67bf1bfe9282d6df812a2db99f7489cc4241ac9071693d20ea8ad1d905/boltz_results_protein_0e71eb67bf1bfe9282d6df812a2db99f7489cc4241ac9071693d20ea8ad1d905/predictions/protein_0e71eb67bf1bfe9282d6df812a2db99f7489cc4241ac9071693d20ea8ad1d905/confidence_protein_0e71eb67bf1bfe9282d6df812a2db99f7489cc4241ac9071693d20ea8ad1d905_model_0.json	446	de42c65fb00631282b610e100af609a16f73d738c436de21b42808cd6ec78c93
workflows/mouse-pilot/runs/k562-all-junctions-20260920/folding-worker-live/worker-outputs/predictions/protein_0e71eb67bf1bfe9282d6df812a2db99f7489cc4241ac9071693d20ea8ad1d905/boltz_results_protein_0e71eb67bf1bfe9282d6df812a2db99f7489cc4241ac9071693d20ea8ad1d905/predictions/protein_0e71eb67bf1bfe9282d6df812a2db99f7489cc4241ac9071693d20ea8ad1d905/pae_protein_0e71eb67bf1bfe9282d6df812a2db99f7489cc4241ac9071693d20ea8ad1d905_model_0.npz	20213	0fb9af95c60911ccbfac85a586431af33cc1183445bbbc035d0eb9e1ffddece8
workflows/mouse-pilot/runs/k562-all-junctions-20260920/folding-worker-live/worker-outputs/predictions/protein_0e71eb67bf1bfe9282d6df812a2db99f7489cc4241ac9071693d20ea8ad1d905/boltz_results_protein_0e71eb67bf1bfe9282d6df812a2db99f7489cc4241ac9071693d20ea8ad1d905/predictions/protein_0e71eb67bf1bfe9282d6df812a2db99f7489cc4241ac9071693d20ea8ad1d905/pde_protein_0e71eb67bf1bfe9282d6df812a2db99f7489cc4241ac9071693d20ea8ad1d905_model_0.npz	16565	64ba82c8a85370120bb7fc89d1424088fa8ae6c22a563d122be073d6e2ed104d
workflows/mouse-pilot/runs/k562-all-junctions-20260920/folding-worker-live/worker-outputs/predictions/protein_0e71eb67bf1bfe9282d6df812a2db99f7489cc4241ac9071693d20ea8ad1d905/boltz_results_protein_0e71eb67bf1bfe9282d6df812a2db99f7489cc4241ac9071693d20ea8ad1d905/predictions/protein_0e71eb67bf1bfe9282d6df812a2db99f7489cc4241ac9071693d20ea8ad1d905/plddt_protein_0e71eb67bf1bfe9282d6df812a2db99f7489cc4241ac9071693d20ea8ad1d905_model_0.npz	512	ff457458b2377a95f3966a6892b43a5afdbe9285df033b94e5614bcca1dc7d90
workflows/mouse-pilot/runs/k562-all-junctions-20260920/folding-worker-live/worker-outputs/predictions/protein_0e71eb67bf1bfe9282d6df812a2db99f7489cc4241ac9071693d20ea8ad1d905/boltz_results_protein_0e71eb67bf1bfe9282d6df812a2db99f7489cc4241ac9071693d20ea8ad1d905/predictions/protein_0e71eb67bf1bfe9282d6df812a2db99f7489cc4241ac9071693d20ea8ad1d905/protein_0e71eb67bf1bfe9282d6df812a2db99f7489cc4241ac9071693d20ea8ad1d905_model_0.cif	52440	607adc729bd6b210216622356ecb70acb72d00b2f740856a4e3830571baff8c1
workflows/mouse-pilot/runs/k562-all-junctions-20260920/folding-worker-live/worker-outputs/predictions/protein_0e71eb67bf1bfe9282d6df812a2db99f7489cc4241ac9071693d20ea8ad1d905/boltz_results_protein_0e71eb67bf1bfe9282d6df812a2db99f7489cc4241ac9071693d20ea8ad1d905/processed/manifest.json	637	7d81e09ad63f7865ddc7347885515c2876c616ddeb33ef0241c3b4013b84b4ff
workflows/mouse-pilot/runs/k562-all-junctions-20260920/folding-worker-live/worker-outputs/predictions/protein_0e71eb67bf1bfe9282d6df812a2db99f7489cc4241ac9071693d20ea8ad1d905/boltz_results_protein_0e71eb67bf1bfe9282d6df812a2db99f7489cc4241ac9071693d20ea8ad1d905/processed/msa/protein_0e71eb67bf1bfe9282d6df812a2db99f7489cc4241ac9071693d20ea8ad1d905_0.npz	248269	4858894b4e0e30cfb21cd731aa9a1d5f06db01124a77da78f874d522876d4795
workflows/mouse-pilot/runs/k562-all-junctions-20260920/folding-worker-live/worker-outputs/predictions/protein_0e71eb67bf1bfe9282d6df812a2db99f7489cc4241ac9071693d20ea8ad1d905/boltz_results_protein_0e71eb67bf1bfe9282d6df812a2db99f7489cc4241ac9071693d20ea8ad1d905/processed/records/protein_0e71eb67bf1bfe9282d6df812a2db99f7489cc4241ac9071693d20ea8ad1d905.json	622	457096e53a1d6c5ab4e4cb8a6d0411e4948803614111247e0a36e50ac79d0837
workflows/mouse-pilot/runs/k562-all-junctions-20260920/folding-worker-live/worker-outputs/predictions/protein_0e71eb67bf1bfe9282d6df812a2db99f7489cc4241ac9071693d20ea8ad1d905/boltz_results_protein_0e71eb67bf1bfe9282d6df812a2db99f7489cc4241ac9071693d20ea8ad1d905/processed/structures/protein_0e71eb67bf1bfe9282d6df812a2db99f7489cc4241ac9071693d20ea8ad1d905.npz	3625	cab0197cfc03c07f2dc637d84e7fe4149c6307b2bfef8a793898a8ca710329a7
workflows/mouse-pilot/runs/k562-all-junctions-20260920/folding-worker-live/worker-outputs/predictions/protein_0e71eb67bf1bfe9282d6df812a2db99f7489cc4241ac9071693d20ea8ad1d905/validation.json	4240	6a2fd94d201bde663a610b89793266c5d351c82217505adf7d1a91dee59d0a64
workflows/mouse-pilot/runs/k562-all-junctions-20260920/folding-worker-live/worker-outputs/predictions/protein_3815fad666d9f523e88e2dac0125188f41c16301d369a96f07c0b699c8be89c1/boltz.log	2278	8a1c117926dea671de426cc2cc6f1c67bf827a2d7e4520be39843122101f80fe
workflows/mouse-pilot/runs/k562-all-junctions-20260920/folding-worker-live/worker-outputs/predictions/protein_3815fad666d9f523e88e2dac0125188f41c16301d369a96f07c0b699c8be89c1/boltz_results_protein_3815fad666d9f523e88e2dac0125188f41c16301d369a96f07c0b699c8be89c1/predictions/protein_3815fad666d9f523e88e2dac0125188f41c16301d369a96f07c0b699c8be89c1/confidence_protein_3815fad666d9f523e88e2dac0125188f41c16301d369a96f07c0b699c8be89c1_model_0.json	442	25887e1b3ec9ba92635f4fad8f9e8c3d4dc350acb90b32c7a531f4771e3fdc49
workflows/mouse-pilot/runs/k562-all-junctions-20260920/folding-worker-live/worker-outputs/predictions/protein_3815fad666d9f523e88e2dac0125188f41c16301d369a96f07c0b699c8be89c1/boltz_results_protein_3815fad666d9f523e88e2dac0125188f41c16301d369a96f07c0b699c8be89c1/predictions/protein_3815fad666d9f523e88e2dac0125188f41c16301d369a96f07c0b699c8be89c1/pae_protein_3815fad666d9f523e88e2dac0125188f41c16301d369a96f07c0b699c8be89c1_model_0.npz	27999	090e480568c5ca6f776f4e1ff235826099b0279e2d9e35a88be680c3fa4d9f86
workflows/mouse-pilot/runs/k562-all-junctions-20260920/folding-worker-live/worker-outputs/predictions/protein_3815fad666d9f523e88e2dac0125188f41c16301d369a96f07c0b699c8be89c1/boltz_results_protein_3815fad666d9f523e88e2dac0125188f41c16301d369a96f07c0b699c8be89c1/predictions/protein_3815fad666d9f523e88e2dac0125188f41c16301d369a96f07c0b699c8be89c1/pde_protein_3815fad666d9f523e88e2dac0125188f41c16301d369a96f07c0b699c8be89c1_model_0.npz	22738	40e8159424148161a5038608ea67c05661994b689bc30cf07c6fd3bded6f3887
workflows/mouse-pilot/runs/k562-all-junctions-20260920/folding-worker-live/worker-outputs/predictions/protein_3815fad666d9f523e88e2dac0125188f41c16301d369a96f07c0b699c8be89c1/boltz_results_protein_3815fad666d9f523e88e2dac0125188f41c16301d369a96f07c0b699c8be89c1/predictions/protein_3815fad666d9f523e88e2dac0125188f41c16301d369a96f07c0b699c8be89c1/plddt_protein_3815fad666d9f523e88e2dac0125188f41c16301d369a96f07c0b699c8be89c1_model_0.npz	558	4ffd00eddbf274fc7204ec1cafc7e9424ee23b61c89662ee63a3d14a31a97a71
workflows/mouse-pilot/runs/k562-all-junctions-20260920/folding-worker-live/worker-outputs/predictions/protein_3815fad666d9f523e88e2dac0125188f41c16301d369a96f07c0b699c8be89c1/boltz_results_protein_3815fad666d9f523e88e2dac0125188f41c16301d369a96f07c0b699c8be89c1/predictions/protein_3815fad666d9f523e88e2dac0125188f41c16301d369a96f07c0b699c8be89c1/protein_3815fad666d9f523e88e2dac0125188f41c16301d369a96f07c0b699c8be89c1_model_0.cif	60493	2fcd457800a92d832174ad19e3da18d6931067e7bba3f390db73e29cbdacbefc
workflows/mouse-pilot/runs/k562-all-junctions-20260920/folding-worker-live/worker-outputs/predictions/protein_3815fad666d9f523e88e2dac0125188f41c16301d369a96f07c0b699c8be89c1/boltz_results_protein_3815fad666d9f523e88e2dac0125188f41c16301d369a96f07c0b699c8be89c1/processed/manifest.json	637	e2bf4edfa5bec17b02d5ab85bee1842e1641c08d2bbc0f336d12c0162a1a2713
workflows/mouse-pilot/runs/k562-all-junctions-20260920/folding-worker-live/worker-outputs/predictions/protein_3815fad666d9f523e88e2dac0125188f41c16301d369a96f07c0b699c8be89c1/boltz_results_protein_3815fad666d9f523e88e2dac0125188f41c16301d369a96f07c0b699c8be89c1/processed/msa/protein_3815fad666d9f523e88e2dac0125188f41c16301d369a96f07c0b699c8be89c1_0.npz	23727	a98994b3c57e80a24ef0fbb0bd5705fe52a6f39bd7b8b7b579f29c6d74fad00e
workflows/mouse-pilot/runs/k562-all-junctions-20260920/folding-worker-live/worker-outputs/predictions/protein_3815fad666d9f523e88e2dac0125188f41c16301d369a96f07c0b699c8be89c1/boltz_results_protein_3815fad666d9f523e88e2dac0125188f41c16301d369a96f07c0b699c8be89c1/processed/records/protein_3815fad666d9f523e88e2dac0125188f41c16301d369a96f07c0b699c8be89c1.json	622	948b10d5aec32842c908aecf9866dd8eb4a0dc78d5f746c16466cc3df07482a4
workflows/mouse-pilot/runs/k562-all-junctions-20260920/folding-worker-live/worker-outputs/predictions/protein_3815fad666d9f523e88e2dac0125188f41c16301d369a96f07c0b699c8be89c1/boltz_results_protein_3815fad666d9f523e88e2dac0125188f41c16301d369a96f07c0b699c8be89c1/processed/structures/protein_3815fad666d9f523e88e2dac0125188f41c16301d369a96f07c0b699c8be89c1.npz	3807	46280008968094abdf383e5328d066fb6ef442dfccb1bef07b1ceb13cfcdb6f6
workflows/mouse-pilot/runs/k562-all-junctions-20260920/folding-worker-live/worker-outputs/predictions/protein_3815fad666d9f523e88e2dac0125188f41c16301d369a96f07c0b699c8be89c1/validation.json	4546	b4aa501405b1c6e554bc113793b1ebab5267a295ea1d3acb1c39e57eb90c40c9
workflows/mouse-pilot/runs/k562-all-junctions-20260920/folding-worker-live/worker-outputs/predictions/protein_3833150229de02b0e7924263e8a3cfcaf1ed38e0aa89510ed30231b5aecf9e49/boltz.log	2344	b870424fc5d5a207243b1f8278829631a0f002277aaffd09939275c2ff376344
workflows/mouse-pilot/runs/k562-all-junctions-20260920/folding-worker-live/worker-outputs/predictions/protein_3833150229de02b0e7924263e8a3cfcaf1ed38e0aa89510ed30231b5aecf9e49/boltz_results_protein_3833150229de02b0e7924263e8a3cfcaf1ed38e0aa89510ed30231b5aecf9e49/predictions/protein_3833150229de02b0e7924263e8a3cfcaf1ed38e0aa89510ed30231b5aecf9e49/confidence_protein_3833150229de02b0e7924263e8a3cfcaf1ed38e0aa89510ed30231b5aecf9e49_model_0.json	448	f6982e12a93eb3d00aa6101bb94d27d5c1e6f38c2dd8f8f81c60311307ec7cbd
workflows/mouse-pilot/runs/k562-all-junctions-20260920/folding-worker-live/worker-outputs/predictions/protein_3833150229de02b0e7924263e8a3cfcaf1ed38e0aa89510ed30231b5aecf9e49/boltz_results_protein_3833150229de02b0e7924263e8a3cfcaf1ed38e0aa89510ed30231b5aecf9e49/predictions/protein_3833150229de02b0e7924263e8a3cfcaf1ed38e0aa89510ed30231b5aecf9e49/pae_protein_3833150229de02b0e7924263e8a3cfcaf1ed38e0aa89510ed30231b5aecf9e49_model_0.npz	65790	39f73e52e52adf7e18239d257968bf0bca8a809930c0ffaae9a46d2918017ca5
workflows/mouse-pilot/runs/k562-all-junctions-20260920/folding-worker-live/worker-outputs/predictions/protein_3833150229de02b0e7924263e8a3cfcaf1ed38e0aa89510ed30231b5aecf9e49/boltz_results_protein_3833150229de02b0e7924263e8a3cfcaf1ed38e0aa89510ed30231b5aecf9e49/predictions/protein_3833150229de02b0e7924263e8a3cfcaf1ed38e0aa89510ed30231b5aecf9e49/pde_protein_3833150229de02b0e7924263e8a3cfcaf1ed38e0aa89510ed30231b5aecf9e49_model_0.npz	60259	973cf7bd6c72ae4abb9f5feefd810c6d0f4153797c41cfb49b950f2d5587bdc1
workflows/mouse-pilot/runs/k562-all-junctions-20260920/folding-worker-live/worker-outputs/predictions/protein_3833150229de02b0e7924263e8a3cfcaf1ed38e0aa89510ed30231b5aecf9e49/boltz_results_protein_3833150229de02b0e7924263e8a3cfcaf1ed38e0aa89510ed30231b5aecf9e49/predictions/protein_3833150229de02b0e7924263e8a3cfcaf1ed38e0aa89510ed30231b5aecf9e49/plddt_protein_3833150229de02b0e7924263e8a3cfcaf1ed38e0aa89510ed30231b5aecf9e49_model_0.npz	747	a8bb94b501340ba71e02f0df76357b070a6b5382183da84492b0ca54c6e5bc0d
workflows/mouse-pilot/runs/k562-all-junctions-20260920/folding-worker-live/worker-outputs/predictions/protein_3833150229de02b0e7924263e8a3cfcaf1ed38e0aa89510ed30231b5aecf9e49/boltz_results_protein_3833150229de02b0e7924263e8a3cfcaf1ed38e0aa89510ed30231b5aecf9e49/predictions/protein_3833150229de02b0e7924263e8a3cfcaf1ed38e0aa89510ed30231b5aecf9e49/protein_3833150229de02b0e7924263e8a3cfcaf1ed38e0aa89510ed30231b5aecf9e49_model_0.cif	94400	d5c55f9e857c9b800d9f39dbcb873bfc9bb0ccebeb18033a6cfc748258821e31
workflows/mouse-pilot/runs/k562-all-junctions-20260920/folding-worker-live/worker-outputs/predictions/protein_3833150229de02b0e7924263e8a3cfcaf1ed38e0aa89510ed30231b5aecf9e49/boltz_results_protein_3833150229de02b0e7924263e8a3cfcaf1ed38e0aa89510ed30231b5aecf9e49/processed/manifest.json	638	1cafe23919c36a20489b0674921042e9cf64608b747b9c2b5090b3830b262ccd
workflows/mouse-pilot/runs/k562-all-junctions-20260920/folding-worker-live/worker-outputs/predictions/protein_3833150229de02b0e7924263e8a3cfcaf1ed38e0aa89510ed30231b5aecf9e49/boltz_results_protein_3833150229de02b0e7924263e8a3cfcaf1ed38e0aa89510ed30231b5aecf9e49/processed/msa/protein_3833150229de02b0e7924263e8a3cfcaf1ed38e0aa89510ed30231b5aecf9e49_0.npz	270088	1cbd4bf31f0657b80d9070bfd215314e17eda2b077878113c8f0b75ebc31b23d
workflows/mouse-pilot/runs/k562-all-junctions-20260920/folding-worker-live/worker-outputs/predictions/protein_3833150229de02b0e7924263e8a3cfcaf1ed38e0aa89510ed30231b5aecf9e49/boltz_results_protein_3833150229de02b0e7924263e8a3cfcaf1ed38e0aa89510ed30231b5aecf9e49/processed/records/protein_3833150229de02b0e7924263e8a3cfcaf1ed38e0aa89510ed30231b5aecf9e49.json	623	2d6b261fe9b4fbf458f420a780997eef82e98c292dfd44725fda5990a317ce65
workflows/mouse-pilot/runs/k562-all-junctions-20260920/folding-worker-live/worker-outputs/predictions/protein_3833150229de02b0e7924263e8a3cfcaf1ed38e0aa89510ed30231b5aecf9e49/boltz_results_protein_3833150229de02b0e7924263e8a3cfcaf1ed38e0aa89510ed30231b5aecf9e49/processed/structures/protein_3833150229de02b0e7924263e8a3cfcaf1ed38e0aa89510ed30231b5aecf9e49.npz	4540	ea7da429c12fb1d1ff8ade51807a51c60d2b72dc37d09d85f0ce07b4a413a3fd
workflows/mouse-pilot/runs/k562-all-junctions-20260920/folding-worker-live/worker-outputs/predictions/protein_3833150229de02b0e7924263e8a3cfcaf1ed38e0aa89510ed30231b5aecf9e49/validation.json	5735	29b3ba1ac119fae9f8f759102f51a2ecef0b733cd825140ff710c0ed651c33f7
workflows/mouse-pilot/runs/k562-all-junctions-20260920/folding-worker-live/worker-outputs/predictions/protein_77c90f63d678a4f245faa1e8b1e053e80d7c9e3e61fa3f5f942f68af2d8edf5c/boltz.log	2278	65eda6ba0a4197093ff8c2f5e8fd8cb6c77db56d1e2519778a2ab61418614bd6
workflows/mouse-pilot/runs/k562-all-junctions-20260920/folding-worker-live/worker-outputs/predictions/protein_77c90f63d678a4f245faa1e8b1e053e80d7c9e3e61fa3f5f942f68af2d8edf5c/boltz_results_protein_77c90f63d678a4f245faa1e8b1e053e80d7c9e3e61fa3f5f942f68af2d8edf5c/predictions/protein_77c90f63d678a4f245faa1e8b1e053e80d7c9e3e61fa3f5f942f68af2d8edf5c/confidence_protein_77c90f63d678a4f245faa1e8b1e053e80d7c9e3e61fa3f5f942f68af2d8edf5c_model_0.json	446	6a2072ee6f2815e21ab241f36c6ff7f1b7c751512fe80eaf68924afdb9eea9e7
workflows/mouse-pilot/runs/k562-all-junctions-20260920/folding-worker-live/worker-outputs/predictions/protein_77c90f63d678a4f245faa1e8b1e053e80d7c9e3e61fa3f5f942f68af2d8edf5c/boltz_results_protein_77c90f63d678a4f245faa1e8b1e053e80d7c9e3e61fa3f5f942f68af2d8edf5c/predictions/protein_77c90f63d678a4f245faa1e8b1e053e80d7c9e3e61fa3f5f942f68af2d8edf5c/pae_protein_77c90f63d678a4f245faa1e8b1e053e80d7c9e3e61fa3f5f942f68af2d8edf5c_model_0.npz	27013	d3eb51b91b3d7ef6f030a6e71270378a872ff321f38d39d9a8091b03fe893f5b
workflows/mouse-pilot/runs/k562-all-junctions-20260920/folding-worker-live/worker-outputs/predictions/protein_77c90f63d678a4f245faa1e8b1e053e80d7c9e3e61fa3f5f942f68af2d8edf5c/boltz_results_protein_77c90f63d678a4f245faa1e8b1e053e80d7c9e3e61fa3f5f942f68af2d8edf5c/predictions/protein_77c90f63d678a4f245faa1e8b1e053e80d7c9e3e61fa3f5f942f68af2d8edf5c/pde_protein_77c90f63d678a4f245faa1e8b1e053e80d7c9e3e61fa3f5f942f68af2d8edf5c_model_0.npz	22702	e30faaeaa70c447e9d2c26fc5d0d26d3cb9ac58ad6e1a45a676c06d1edde9ef7
workflows/mouse-pilot/runs/k562-all-junctions-20260920/folding-worker-live/worker-outputs/predictions/protein_77c90f63d678a4f245faa1e8b1e053e80d7c9e3e61fa3f5f942f68af2d8edf5c/boltz_results_protein_77c90f63d678a4f245faa1e8b1e053e80d7c9e3e61fa3f5f942f68af2d8edf5c/predictions/protein_77c90f63d678a4f245faa1e8b1e053e80d7c9e3e61fa3f5f942f68af2d8edf5c/plddt_protein_77c90f63d678a4f245faa1e8b1e053e80d7c9e3e61fa3f5f942f68af2d8edf5c_model_0.npz	563	88fc78ff16b8dc8b29d230e32590067762bf2a80b811335165782064688ee16c
workflows/mouse-pilot/runs/k562-all-junctions-20260920/folding-worker-live/worker-outputs/predictions/protein_77c90f63d678a4f245faa1e8b1e053e80d7c9e3e61fa3f5f942f68af2d8edf5c/boltz_results_protein_77c90f63d678a4f245faa1e8b1e053e80d7c9e3e61fa3f5f942f68af2d8edf5c/predictions/protein_77c90f63d678a4f245faa1e8b1e053e80d7c9e3e61fa3f5f942f68af2d8edf5c/protein_77c90f63d678a4f245faa1e8b1e053e80d7c9e3e61fa3f5f942f68af2d8edf5c_model_0.cif	60345	2a675c7292d1d0ee76491e6c65b8df4bcfbdaa3afc12f5b9f7b0e7f6c42fd4e7
workflows/mouse-pilot/runs/k562-all-junctions-20260920/folding-worker-live/worker-outputs/predictions/protein_77c90f63d678a4f245faa1e8b1e053e80d7c9e3e61fa3f5f942f68af2d8edf5c/boltz_results_protein_77c90f63d678a4f245faa1e8b1e053e80d7c9e3e61fa3f5f942f68af2d8edf5c/processed/manifest.json	637	c58ed2e19cddf9fe5770d956ba43bc4562b71fb04145ce75e2bd93376b8d984f
workflows/mouse-pilot/runs/k562-all-junctions-20260920/folding-worker-live/worker-outputs/predictions/protein_77c90f63d678a4f245faa1e8b1e053e80d7c9e3e61fa3f5f942f68af2d8edf5c/boltz_results_protein_77c90f63d678a4f245faa1e8b1e053e80d7c9e3e61fa3f5f942f68af2d8edf5c/processed/msa/protein_77c90f63d678a4f245faa1e8b1e053e80d7c9e3e61fa3f5f942f68af2d8edf5c_0.npz	874	432dd639eaec99cf537633a354a6cf59191bbb56d455a1585a07eeed933e81da
workflows/mouse-pilot/runs/k562-all-junctions-20260920/folding-worker-live/worker-outputs/predictions/protein_77c90f63d678a4f245faa1e8b1e053e80d7c9e3e61fa3f5f942f68af2d8edf5c/boltz_results_protein_77c90f63d678a4f245faa1e8b1e053e80d7c9e3e61fa3f5f942f68af2d8edf5c/processed/records/protein_77c90f63d678a4f245faa1e8b1e053e80d7c9e3e61fa3f5f942f68af2d8edf5c.json	622	b259ccd6514bf49193c73eec1f5a64d14d9fbb9a5708004bd7c33e3dc179c284
workflows/mouse-pilot/runs/k562-all-junctions-20260920/folding-worker-live/worker-outputs/predictions/protein_77c90f63d678a4f245faa1e8b1e053e80d7c9e3e61fa3f5f942f68af2d8edf5c/boltz_results_protein_77c90f63d678a4f245faa1e8b1e053e80d7c9e3e61fa3f5f942f68af2d8edf5c/processed/structures/protein_77c90f63d678a4f245faa1e8b1e053e80d7c9e3e61fa3f5f942f68af2d8edf5c.npz	3792	5d4b30e704602e22346b8236cc43c01828f8271533132a470665e627adf89e72
workflows/mouse-pilot/runs/k562-all-junctions-20260920/folding-worker-live/worker-outputs/predictions/protein_77c90f63d678a4f245faa1e8b1e053e80d7c9e3e61fa3f5f942f68af2d8edf5c/validation.json	4565	7b01fcfdd197d0f654cfbe6e4c03fcfe3dc5d02726994b8ede644bdd3164853c
workflows/mouse-pilot/runs/k562-all-junctions-20260920/folding-worker-live/worker-outputs/predictions/protein_d305db6529ba8b9a8f47c4a396f9990ca2cea8b4be72e57230c64b2c83412ff2/boltz.log	2278	b86a4a67d310c194c4169171d3f3e1aaa853a94254b8e830518179d9aa5dfd61
workflows/mouse-pilot/runs/k562-all-junctions-20260920/folding-worker-live/worker-outputs/predictions/protein_d305db6529ba8b9a8f47c4a396f9990ca2cea8b4be72e57230c64b2c83412ff2/boltz_results_protein_d305db6529ba8b9a8f47c4a396f9990ca2cea8b4be72e57230c64b2c83412ff2/predictions/protein_d305db6529ba8b9a8f47c4a396f9990ca2cea8b4be72e57230c64b2c83412ff2/confidence_protein_d305db6529ba8b9a8f47c4a396f9990ca2cea8b4be72e57230c64b2c83412ff2_model_0.json	443	c4f717e0d3004abd55342b3ec96af186ad79c783c8f8066fcf5ea5bc925de81f
workflows/mouse-pilot/runs/k562-all-junctions-20260920/folding-worker-live/worker-outputs/predictions/protein_d305db6529ba8b9a8f47c4a396f9990ca2cea8b4be72e57230c64b2c83412ff2/boltz_results_protein_d305db6529ba8b9a8f47c4a396f9990ca2cea8b4be72e57230c64b2c83412ff2/predictions/protein_d305db6529ba8b9a8f47c4a396f9990ca2cea8b4be72e57230c64b2c83412ff2/pae_protein_d305db6529ba8b9a8f47c4a396f9990ca2cea8b4be72e57230c64b2c83412ff2_model_0.npz	7489	97f512f7999f9ebe5580bc528d4bd79a51e4a9e0a8b107531a8bbc341eb7c657
workflows/mouse-pilot/runs/k562-all-junctions-20260920/folding-worker-live/worker-outputs/predictions/protein_d305db6529ba8b9a8f47c4a396f9990ca2cea8b4be72e57230c64b2c83412ff2/boltz_results_protein_d305db6529ba8b9a8f47c4a396f9990ca2cea8b4be72e57230c64b2c83412ff2/predictions/protein_d305db6529ba8b9a8f47c4a396f9990ca2cea8b4be72e57230c64b2c83412ff2/pde_protein_d305db6529ba8b9a8f47c4a396f9990ca2cea8b4be72e57230c64b2c83412ff2_model_0.npz	5956	2d0640383c72bc1d8d6ffe9f24f64c3110014f2836d1a692a70f4e6756149bf8
workflows/mouse-pilot/runs/k562-all-junctions-20260920/folding-worker-live/worker-outputs/predictions/protein_d305db6529ba8b9a8f47c4a396f9990ca2cea8b4be72e57230c64b2c83412ff2/boltz_results_protein_d305db6529ba8b9a8f47c4a396f9990ca2cea8b4be72e57230c64b2c83412ff2/predictions/protein_d305db6529ba8b9a8f47c4a396f9990ca2cea8b4be72e57230c64b2c83412ff2/plddt_protein_d305db6529ba8b9a8f47c4a396f9990ca2cea8b4be72e57230c64b2c83412ff2_model_0.npz	390	72776647cc1aac0968507f8bf761aac089e626cdf456802fb0de4b02c29715fb
workflows/mouse-pilot/runs/k562-all-junctions-20260920/folding-worker-live/worker-outputs/predictions/protein_d305db6529ba8b9a8f47c4a396f9990ca2cea8b4be72e57230c64b2c83412ff2/boltz_results_protein_d305db6529ba8b9a8f47c4a396f9990ca2cea8b4be72e57230c64b2c83412ff2/predictions/protein_d305db6529ba8b9a8f47c4a396f9990ca2cea8b4be72e57230c64b2c83412ff2/protein_d305db6529ba8b9a8f47c4a396f9990ca2cea8b4be72e57230c64b2c83412ff2_model_0.cif	34542	d9ada810bb1be4ad39669e8da8b00aedf24b446e748c2976522a25b01d7109db
workflows/mouse-pilot/runs/k562-all-junctions-20260920/folding-worker-live/worker-outputs/predictions/protein_d305db6529ba8b9a8f47c4a396f9990ca2cea8b4be72e57230c64b2c83412ff2/boltz_results_protein_d305db6529ba8b9a8f47c4a396f9990ca2cea8b4be72e57230c64b2c83412ff2/processed/manifest.json	637	47cd77d29b8ebe0dd52566c1e8c253de60fea643f77649a9cc226b03899537a3
workflows/mouse-pilot/runs/k562-all-junctions-20260920/folding-worker-live/worker-outputs/predictions/protein_d305db6529ba8b9a8f47c4a396f9990ca2cea8b4be72e57230c64b2c83412ff2/boltz_results_protein_d305db6529ba8b9a8f47c4a396f9990ca2cea8b4be72e57230c64b2c83412ff2/processed/msa/protein_d305db6529ba8b9a8f47c4a396f9990ca2cea8b4be72e57230c64b2c83412ff2_0.npz	7944	47ab71212eb0a7b704a0272c25624d871ebeeb279a6979616e80a921d4449b3f
workflows/mouse-pilot/runs/k562-all-junctions-20260920/folding-worker-live/worker-outputs/predictions/protein_d305db6529ba8b9a8f47c4a396f9990ca2cea8b4be72e57230c64b2c83412ff2/boltz_results_protein_d305db6529ba8b9a8f47c4a396f9990ca2cea8b4be72e57230c64b2c83412ff2/processed/records/protein_d305db6529ba8b9a8f47c4a396f9990ca2cea8b4be72e57230c64b2c83412ff2.json	622	4ee4cdc75fc595b0b298e27977d2fd2e998a641c1212e8c8f6609af238e05b97
workflows/mouse-pilot/runs/k562-all-junctions-20260920/folding-worker-live/worker-outputs/predictions/protein_d305db6529ba8b9a8f47c4a396f9990ca2cea8b4be72e57230c64b2c83412ff2/boltz_results_protein_d305db6529ba8b9a8f47c4a396f9990ca2cea8b4be72e57230c64b2c83412ff2/processed/structures/protein_d305db6529ba8b9a8f47c4a396f9990ca2cea8b4be72e57230c64b2c83412ff2.npz	3195	bd2c4c3aba9a5b00c151fef2f91bc2b803fa3d273b478d320294268b84d587ec
workflows/mouse-pilot/runs/k562-all-junctions-20260920/folding-worker-live/worker-outputs/predictions/protein_d305db6529ba8b9a8f47c4a396f9990ca2cea8b4be72e57230c64b2c83412ff2/validation.json	3543	0184fcd633634bb0647b031fde02c230f8f32f450f5b57b8782a174f4e67811a
workflows/mouse-pilot/runs/k562-all-junctions-20260920/folding-worker-live/worker-outputs/predictions/runtime.json	200	988e879d8093a7c2550137ff74993846754d3e0b985527852ca47d14f241ca5c
workflows/mouse-pilot/runs/k562-all-junctions-20260920/folding-worker-live/worker-outputs/predictions/summary.json	176	c1f7b8ea710df5a6f3d95927bcf30323db685e2a8722eb941ea274c999eb1f20
workflows/mouse-pilot/runs/k562-all-junctions-20260920/folding-worker-live/worker-outputs/setup.log	47117	5de0ba9073228849dcf3754385ecc83e1614a51608f82d16c67af596707286a2
workflows/mouse-pilot/runs/k562-all-junctions-20260920/folding-worker-priced/launch-inventory.json	4465	125ad47d0dd2c6dad7f872059d1cd88601e07a8478593c512066bacb4ab10ccd
workflows/mouse-pilot/runs/k562-all-junctions-20260920/folding-worker-priced/launch-live-quotes.json	5098641	36ec9a4f4e124f24d7bce5ef8332f77541aee1bae4d66213315c48be6f08bc78
workflows/mouse-pilot/runs/k562-all-junctions-20260920/folding-worker/launch-inventory.json	4508	645e081a873c23e4eb3988d8995f9639a183789d532ab94dfbf71cd43f0ffb1c
workflows/mouse-pilot/runs/k562-all-junctions-20260920/folding-worker/launch-live-quotes.json	5111792	a07f608d5445169d0c415b2bef7035067d3c820828a28bd8c7368fe2d042b5ca
workflows/mouse-pilot/runs/k562-all-junctions-20260920/git-publication.json	268	d7f1c26511ac9d626acc2664b0eb888a4e309eae32ae9810e587bcf91b69e6b1
workflows/mouse-pilot/runs/k562-all-junctions-20260920/inventory-planning.json	1798	36f0dbd459db21c329f131768ee0a6f28dfee188d8bbfac20822ffaf002027a6
workflows/mouse-pilot/runs/k562-all-junctions-20260920/latest-quote-check.json	5117913	ce01fac98f20df3af841363ed37fc92dde0b32893444889ed3fa95cb8ba6c0db
workflows/mouse-pilot/runs/k562-all-junctions-20260920/mouse-workflow-comparison.json	2134	7ee937eaf5217dc4f204f9e8378ae1fdab7e9bb3836a45f6b5f9a6c19021ed0c
workflows/mouse-pilot/runs/k562-all-junctions-20260920/msa-cache/protein_05e1eedf66c7083052565c34a5bc6019a9abe863e50268602de668184e00597e/05e1eedf66c7083052565c34a5bc6019a9abe863e50268602de668184e00597e_env/bfd.mgnify30.metaeuk30.smag30.a3m	1385	4987efc11af98b56dc888963295dcf3cfc72f9be7c5f3ac1f4fd851c7735015f
workflows/mouse-pilot/runs/k562-all-junctions-20260920/msa-cache/protein_05e1eedf66c7083052565c34a5bc6019a9abe863e50268602de668184e00597e/05e1eedf66c7083052565c34a5bc6019a9abe863e50268602de668184e00597e_env/uniref.a3m	2487	7ded9984dacea44081dd6d91915568922b895c83f8e24c7e5c0abb85f4117dc7
workflows/mouse-pilot/runs/k562-all-junctions-20260920/msa-cache/protein_05e1eedf66c7083052565c34a5bc6019a9abe863e50268602de668184e00597e/preparation.log	1528	480ee8c4ca91ac04106ddfd40fccdf2b7b9ea9992511097d899d19c7cbc25e6e
workflows/mouse-pilot/runs/k562-all-junctions-20260920/msa-cache/protein_0e71eb67bf1bfe9282d6df812a2db99f7489cc4241ac9071693d20ea8ad1d905/0e71eb67bf1bfe9282d6df812a2db99f7489cc4241ac9071693d20ea8ad1d905_env/bfd.mgnify30.metaeuk30.smag30.a3m	1052267	29c6d0805220a087161ed229c5dbda1e463c2a610730235a44bdc33919604f7d
workflows/mouse-pilot/runs/k562-all-junctions-20260920/msa-cache/protein_0e71eb67bf1bfe9282d6df812a2db99f7489cc4241ac9071693d20ea8ad1d905/0e71eb67bf1bfe9282d6df812a2db99f7489cc4241ac9071693d20ea8ad1d905_env/pdb70.m8	14656	5c76f993b7275dbed2dc0a76266ccac874b794497febcebe91646522e0ed176a
workflows/mouse-pilot/runs/k562-all-junctions-20260920/msa-cache/protein_0e71eb67bf1bfe9282d6df812a2db99f7489cc4241ac9071693d20ea8ad1d905/0e71eb67bf1bfe9282d6df812a2db99f7489cc4241ac9071693d20ea8ad1d905_env/uniref.a3m	1250525	abb4fd7b7e313bb06876a296c908464c094c1149b225e809203609d1f9126af0
workflows/mouse-pilot/runs/k562-all-junctions-20260920/msa-cache/protein_0e71eb67bf1bfe9282d6df812a2db99f7489cc4241ac9071693d20ea8ad1d905/preparation.log	1531	c71c3507f2e7ccf4fc14c096594e920fa2b93a91005438ac4d1eeca90eb40e1c
workflows/mouse-pilot/runs/k562-all-junctions-20260920/msa-cache/protein_3815fad666d9f523e88e2dac0125188f41c16301d369a96f07c0b699c8be89c1/3815fad666d9f523e88e2dac0125188f41c16301d369a96f07c0b699c8be89c1_env/bfd.mgnify30.metaeuk30.smag30.a3m	21021	be736f63352e8495817a34338811b73362e6280605e4ad045f6288720c0fae6d
workflows/mouse-pilot/runs/k562-all-junctions-20260920/msa-cache/protein_3815fad666d9f523e88e2dac0125188f41c16301d369a96f07c0b699c8be89c1/3815fad666d9f523e88e2dac0125188f41c16301d369a96f07c0b699c8be89c1_env/pdb70.m8	276	663c3c825e909508e23091d2d6650e98759a02546c63ec20e19d77a4c390c24d
workflows/mouse-pilot/runs/k562-all-junctions-20260920/msa-cache/protein_3815fad666d9f523e88e2dac0125188f41c16301d369a96f07c0b699c8be89c1/3815fad666d9f523e88e2dac0125188f41c16301d369a96f07c0b699c8be89c1_env/uniref.a3m	143604	d5fc3241eab51d9dba4274eaa3d5568d190c414fefd191d9ac80787f7d57ad2d
workflows/mouse-pilot/runs/k562-all-junctions-20260920/msa-cache/protein_3815fad666d9f523e88e2dac0125188f41c16301d369a96f07c0b699c8be89c1/preparation.log	1359	66fcf56aea3de0d2c4a4e0c5bd38e788eab14e26f91c40eece96a0116688ebd6
workflows/mouse-pilot/runs/k562-all-junctions-20260920/msa-cache/protein_3833150229de02b0e7924263e8a3cfcaf1ed38e0aa89510ed30231b5aecf9e49/3833150229de02b0e7924263e8a3cfcaf1ed38e0aa89510ed30231b5aecf9e49_env/bfd.mgnify30.metaeuk30.smag30.a3m	592652	96c588a8dcc9f6781499455c0b3244cd85f3835950af0a4ed112a6d3c913a8c0
workflows/mouse-pilot/runs/k562-all-junctions-20260920/msa-cache/protein_3833150229de02b0e7924263e8a3cfcaf1ed38e0aa89510ed30231b5aecf9e49/3833150229de02b0e7924263e8a3cfcaf1ed38e0aa89510ed30231b5aecf9e49_env/pdb70.m8	22931	cac2621845d132f8e196bd32af88020beb3c777e3bad476668288cb68678cf6a
workflows/mouse-pilot/runs/k562-all-junctions-20260920/msa-cache/protein_3833150229de02b0e7924263e8a3cfcaf1ed38e0aa89510ed30231b5aecf9e49/3833150229de02b0e7924263e8a3cfcaf1ed38e0aa89510ed30231b5aecf9e49_env/uniref.a3m	875818	22367f51f7ab81490edf36da4014a4272ae255fa86212581540c4c31cc926cbe
workflows/mouse-pilot/runs/k562-all-junctions-20260920/msa-cache/protein_3833150229de02b0e7924263e8a3cfcaf1ed38e0aa89510ed30231b5aecf9e49/preparation.log	1534	738d0171c89f9a12985b8765b5c767779b03a66a53de04e4b778cd6db7f8506d
workflows/mouse-pilot/runs/k562-all-junctions-20260920/msa-cache/protein_77c90f63d678a4f245faa1e8b1e053e80d7c9e3e61fa3f5f942f68af2d8edf5c/77c90f63d678a4f245faa1e8b1e053e80d7c9e3e61fa3f5f942f68af2d8edf5c_env/bfd.mgnify30.metaeuk30.smag30.a3m	95	f25a7559bbe99e26ccd33a721411234de808d74db398e65fcc1eb536380ecad4
workflows/mouse-pilot/runs/k562-all-junctions-20260920/msa-cache/protein_77c90f63d678a4f245faa1e8b1e053e80d7c9e3e61fa3f5f942f68af2d8edf5c/77c90f63d678a4f245faa1e8b1e053e80d7c9e3e61fa3f5f942f68af2d8edf5c_env/uniref.a3m	1159	eec69558cf91322f4c5f8d611f51f787746ef201719ee8953ae8ad1e56999d24
workflows/mouse-pilot/runs/k562-all-junctions-20260920/msa-cache/protein_77c90f63d678a4f245faa1e8b1e053e80d7c9e3e61fa3f5f942f68af2d8edf5c/preparation.log	1355	2cea37ddf374b6bfc23f779bc506db5c8126cae1749ef046a18e20e7fbc03c44
workflows/mouse-pilot/runs/k562-all-junctions-20260920/msa-cache/protein_d305db6529ba8b9a8f47c4a396f9990ca2cea8b4be72e57230c64b2c83412ff2/d305db6529ba8b9a8f47c4a396f9990ca2cea8b4be72e57230c64b2c83412ff2_env/bfd.mgnify30.metaeuk30.smag30.a3m	28268	36440a4a9210c509521f335605e14e9a600eb73f9d5641186dc39363c787a0cc
workflows/mouse-pilot/runs/k562-all-junctions-20260920/msa-cache/protein_d305db6529ba8b9a8f47c4a396f9990ca2cea8b4be72e57230c64b2c83412ff2/d305db6529ba8b9a8f47c4a396f9990ca2cea8b4be72e57230c64b2c83412ff2_env/uniref.a3m	65013	c713243b564052b8c6e27b9b11a6c04fb7ab332b90a7556cdfbba98d971dff42
workflows/mouse-pilot/runs/k562-all-junctions-20260920/msa-cache/protein_d305db6529ba8b9a8f47c4a396f9990ca2cea8b4be72e57230c64b2c83412ff2/preparation.log	1361	3f474171b1ce89bb0e79bb5b8225fcf2b0f71ad4dc247eca3406cd84d3004385
workflows/mouse-pilot/runs/k562-all-junctions-20260920/progress.json	355	817fb285dd2271e399847ababf80a15808921771d432ed226d907b8794dd8215
workflows/mouse-pilot/runs/k562-all-junctions-20260920/protein_hypotheses.json	21498	e3ea62d8c5f970f5533e70268408e04c1671a3bf7625fdfe46bd5cd4a52ff380
workflows/mouse-pilot/runs/k562-all-junctions-20260920/provenance.json	2001	f1e45bdb9abc43f8fb631af6b2d90dbb37902f9c347903f992dad86b728ba022
workflows/mouse-pilot/runs/k562-all-junctions-20260920/quotes-all-access.json	4731934	bda207065a006d72f3c0119b85b6e5ba659ad1b854763498b7043811e6146899
workflows/mouse-pilot/runs/k562-all-junctions-20260920/quotes-planning.json	4743826	6fb9c04f2e2447788630ace42e0914c7989314333e856a30c506317719405c85
workflows/mouse-pilot/runs/k562-all-junctions-20260920/read_decisions.json	2994441	88fdb03917fe542d2540c615d1dd691333b8aceb7504e93a88001e8322309d6f
workflows/mouse-pilot/runs/k562-all-junctions-20260920/reconstruction-summary.json	253559	b523f47509752255d855452420f11ec70c21886ba6f3c13741125f87bbddf8cb
workflows/mouse-pilot/runs/k562-all-junctions-20260920/reconstructions.json	69344630	8ad203e3869868c1ac64828278f20a2478ea221069fe82e431e8deb80ad704be
workflows/mouse-pilot/runs/k562-all-junctions-20260920/resource-accounting.json	512	e7f9225c59911c0c72bcac23eaebf4e8a424f33250140389690f82039c3bf364
workflows/mouse-pilot/runs/k562-all-junctions-20260920/scope-freeze.json	34940	3366c9b76911b4a7e798b0d77e09802fd323f1224d6dc5d22e434f5f46d79614
workflows/mouse-pilot/runs/k562-all-junctions-20260920/selected_proteins.fasta	1503	b8420c4b8b08534f12922299a7e666e8399e3cb97bcc71456f6af3370909c257
workflows/mouse-pilot/runs/k562-all-junctions-20260920/selection-freeze.json	479	1aac66501fcf262c0f27cfa7cc8a491e6ae48fcaf1b8f4d002923845549b2fce
workflows/mouse-pilot/runs/k562-all-junctions-20260920/selection.json	247787	6b0d537a8802ccdcc0701f8bce9f361672cc296401b3b3388ba9944e2628eee3
workflows/mouse-pilot/runs/k562-all-junctions-20260920/stoppable-search.json	4930	584913c065aa986588818980819635786a91edf9a3624f590577fb8cbd0e3b97
workflows/mouse-pilot/runs/k562-all-junctions-20260920/structure-preview.png	20295	079751b4339307c2361408d65bc404645d1632919ee574acfebc9e997a783fc2
workflows/mouse-pilot/runs/k562-all-junctions-20260920/structure-smoke-validation.json	1735	3a8b40d98aa40f8318cc377984fee03aac345e5b1da01326eccbd73612bb05a1
workflows/mouse-pilot/runs/k562-all-junctions-20260920/structures/dashboard-structures.json	364778	1f8e0eb22c0725c6133e448bd968c03ce6df515536a3e892ac82786d1153435a
workflows/mouse-pilot/runs/k562-all-junctions-20260920/structures/protein_05e1eedf66c7083052565c34a5bc6019a9abe863e50268602de668184e00597e.pdb	36612	c60d72c1ea68ff61fa480715fb47b592464bed22440039e580ad315398d19240
workflows/mouse-pilot/runs/k562-all-junctions-20260920/structures/protein_0e71eb67bf1bfe9282d6df812a2db99f7489cc4241ac9071693d20ea8ad1d905.pdb	48276	d7f9eb2cdaa02bb755d75690235137411155a1f3a65560a1e144e07c996d88a6
workflows/mouse-pilot/runs/k562-all-junctions-20260920/structures/protein_3815fad666d9f523e88e2dac0125188f41c16301d369a96f07c0b699c8be89c1.pdb	55971	abf6295ccc9cda245a2590700d04b430a53be549d91720457d515097745a3739
workflows/mouse-pilot/runs/k562-all-junctions-20260920/structures/protein_3833150229de02b0e7924263e8a3cfcaf1ed38e0aa89510ed30231b5aecf9e49.pdb	88128	8813b6335ded57f6e2bf322a7e0465bb4eed0e5f0dd1fc7598f730ba71ca8ded
workflows/mouse-pilot/runs/k562-all-junctions-20260920/structures/protein_77c90f63d678a4f245faa1e8b1e053e80d7c9e3e61fa3f5f942f68af2d8edf5c.pdb	54837	3d835d35c739abc9ebda45f0c7d4d1a787ae2a8f2f3b359e7c57bf789e7053a8
workflows/mouse-pilot/runs/k562-all-junctions-20260920/structures/protein_d305db6529ba8b9a8f47c4a396f9990ca2cea8b4be72e57230c64b2c83412ff2.pdb	30699	8aed86a47a70635672cd0665d3595c3728736bffbc28c487f21adcf326411b1c
workflows/mouse-pilot/runs/k562-all-junctions-20260920/structures/summary.json	37775	d27553de0b7b9acfad8e5b4bb649d90eb411926d40240f4324dfc6149b046b57
workflows/mouse-pilot/runs/k562-all-junctions-20260920/verify_dashboard.py	3520	0609486c0d09709af288c279dd3589dc00ae3f8565874bbb8da3d3a1065c2491
workflows/mouse-pilot/runs/k562-all-junctions-20260920/verify_structure_smoke.py	1442	ad2c73494c4fb8b2f16dc6a0970d5d85142ded929604a4b6b80e8388553482b3
workflows/mouse-pilot/runs/k562-extension-20260920/A/assessment/read_decisions.json	166285	a9a81b153c4499f9c52c5f561a0a0c7658890f0aed073c00e07bc9ec436aaff4
workflows/mouse-pilot/runs/k562-extension-20260920/A/assessment/rna_ranking.json	6484	a118af55133260fb8098607c07b955684096b1e87b4f3e8577dba1ad2eb89c61
workflows/mouse-pilot/runs/k562-extension-20260920/A/orfs/observed_rna.fasta	33316	9ad91ed82329e6f959b9a48729c70f9ab226a63c540422a1540a249bbddb11f1
workflows/mouse-pilot/runs/k562-extension-20260920/A/orfs/orf_summary.json	225	2f20250e577a5c51fa2128270529fb02a9a5244b360e1ef1fe5bffa7df85ea95
workflows/mouse-pilot/runs/k562-extension-20260920/A/orfs/reconstructions.json	3150417	9858cad9743a62715cb6681829a5d9b57dfb5cc33e7413ec1a90b3e1233fdff6
workflows/mouse-pilot/runs/k562-extension-20260920/A/orfs/reference_assisted_rna.fasta	32971	6e43e12f4959068539de9a6ae162ea6aca7bcf0b2da952628e5de1c657d485e3
workflows/mouse-pilot/runs/k562-extension-20260920/A/selection.json	3138	4d2bfe270979f7ab5c709dacfbd4cbdb80a911a6a234ccb1c7f2958e8f83ba70
workflows/mouse-pilot/runs/k562-extension-20260920/B/assessment/read_decisions.json	136775	61494c3c6ace60f490794c80352c8ef43d3edf490db67832db8d4527d776025b
workflows/mouse-pilot/runs/k562-extension-20260920/B/assessment/rna_ranking.json	6495	ce4d08fa71ed82a9154e8c15baf52bc3fdadac227b403d2ea29b4c15b74f59a4
workflows/mouse-pilot/runs/k562-extension-20260920/B/orfs/observed_rna.fasta	18698	0280d291ced82baf3d947c3d47d43c17021ff08327c9e687301d50dbe6e56ec1
workflows/mouse-pilot/runs/k562-extension-20260920/B/orfs/orf_summary.json	225	860f527a717a608d550ffa5ec438bf9ec0714b2270ec96a38838196e82ac1c2f
workflows/mouse-pilot/runs/k562-extension-20260920/B/orfs/protein_hypotheses.fasta	200	6c6515f6ca5c3f6e984f2109e26393ae4e185586df795862e2ad4d0f377ba4da
workflows/mouse-pilot/runs/k562-extension-20260920/B/orfs/protein_hypotheses.json	991	7c90a4db486c7fc035983eb6069eadcd3c52f30bb6490082766d13fc7962a490
workflows/mouse-pilot/runs/k562-extension-20260920/B/orfs/reconstructions.json	1770062	c3a41c7a60e31ad4577edf6b125ee4a4dfc044ae3203d421ed12c1da79569da1
workflows/mouse-pilot/runs/k562-extension-20260920/B/orfs/reference_assisted_rna.fasta	18574	df2172b7181e4b16af5462512d23feb27b02c0f39d9eb84b4e2f18139d6729a0
workflows/mouse-pilot/runs/k562-extension-20260920/B/selection.json	3282	434f2c74f5f04a392c3c4bcf74d12de8abd8617f02090218e951f6a81e15097b
workflows/mouse-pilot/runs/k562-extension-20260920/README.md	2983	15a2624eb70ad3fc2c59e845f01d5ecc50c72dbf890638d852bdafc167a4c800
workflows/mouse-pilot/runs/k562-extension-20260920/adapter-origin-summary.json	3708	85f68103c7f01d4cb9903cdf482eda24bd0851fd61b34bbcdb9bd17c3f0db079
workflows/mouse-pilot/runs/k562-extension-20260920/adapter-read-assessment.json	35970	f38b4a873d78422bbec7d8448a3326cb22b0f2d5a75e14b8551fb41a142da2e9
workflows/mouse-pilot/runs/k562-extension-20260920/completion.json	811	ff21777be449cc50c1b858d2cdb26de4d57a2740e82fccddc1867ac566367e96
workflows/mouse-pilot/runs/k562-extension-20260920/dashboard-data.json	943763	3679e98222f1ea604a81b02202db8656fe8677621f605dbaf668be537dbe76e7
workflows/mouse-pilot/runs/k562-extension-20260920/dashboard-validation.json	640	780d9faf89a76ef07f76a38d30d0d2eaeed46be55ae2a03285a974d9495f41a5
workflows/mouse-pilot/runs/k562-extension-20260920/protein_hypotheses.json	1071	761a288d35c6e618b60bb0b2e80a565be5568c7013b842126b1934813d9c2b2e
workflows/mouse-pilot/runs/k562-extension-20260920/read_decisions.json	307377	cfb759076b5933647da8edb23229cb52491d7ec9478767b9e1cb5bb47f515d59
workflows/mouse-pilot/runs/k562-extension-20260920/reconstruction-summary.json	3119	5743c89a6c9aa6d9509813aa13ca5dc89555bf8848e3bc7bf22de805c9d7450b
workflows/mouse-pilot/runs/k562-extension-20260920/reconstruction.log	3545	f5aa7ff35abe319a63ff8a613710f8e5dacec8fe1ed292c72cbe5e397465cdad
workflows/mouse-pilot/runs/k562-extension-20260920/reconstructions.json	4923516	6b1ac539edcb940d06b4327b95892d8e1c6c9476bfa8f382ab527c08557e0c19
workflows/mouse-pilot/runs/k562-extension-20260920/reference/genome.fa.fai	6482	a2c323ea4cff34d7123ace4578f7e122b2d2f5a22f40dc23eb8b97d17723d169
workflows/mouse-pilot/runs/k562-extension-20260920/rules.md	3540	f0ee8b5e14400ec2d9da4222932bef1f7141edadfa3215b67eebcbde18119a0e
workflows/mouse-pilot/runs/k562-extension-20260920/scope-freeze.json	812	fb7b95fa47aac72255a7312c9d1175183d7025f1652a74186cb7ac5b8b658842
workflows/mouse-pilot/runs/k562-extension-20260920/selection-freeze.json	765	de7d685f42a288548c05d533bf7d50fa4eb1340341889dde1d6651b35408d5fe
workflows/mouse-pilot/runs/k562-extension-20260920/selection.json	3275	66d5374d324c31759df82cad710c95062ab7330dc183ef503c0b9d74072bbaca
workflows/mouse-pilot/runs/k562-pilot/20260919-overnight/actual-hardware.log	1191	c4c8f0aa07a13220f44366f19713f2a23670a8268d50cc31f1e3026a3d1f2437
workflows/mouse-pilot/runs/k562-pilot/20260919-overnight/actual-launch.json	250	c95dd385b82814d4ba970917dc1ec9d1f2ca8fac51177aabfe5d8ee41548ecf1
workflows/mouse-pilot/runs/k562-pilot/20260919-overnight/approved-plan.md	14597	351a5489e8cdfb8d68fdb3afd84395eebdbab7821941c31564723300fdc33778
workflows/mouse-pilot/runs/k562-pilot/20260919-overnight/budget.json	2411	9a54c6d4a7bbbd51fad507c4f974bf0f6b13d9c591f12f615a701bf5a978539a
workflows/mouse-pilot/runs/k562-pilot/20260919-overnight/config.json	8559	ff503630979861bad6eac89413ff0320a9def3f7283a74cdac74765812e30f5d
workflows/mouse-pilot/runs/k562-pilot/20260919-overnight/controller.json	150	d157c9aead746ec09e0a715b1c4089d464bfcd678c1ba2506e3b3c56b31127b6
workflows/mouse-pilot/runs/k562-pilot/20260919-overnight/controller.log	858	f664891cd9c4cead33fcaaa256872f3c82144416037ac73988bfa4164dba6868
workflows/mouse-pilot/runs/k562-pilot/20260919-overnight/copy-bundle.log	3643	81debd3f0f7a35b22ba4d1d68098de957f0626bb39a8765d89bfdc644c574741
workflows/mouse-pilot/runs/k562-pilot/20260919-overnight/copy-result-hash.log	3946	a81901ffcd5001ffc2f30a52f82b5b29513a50a685f96bfc61da139f87f71c4a
workflows/mouse-pilot/runs/k562-pilot/20260919-overnight/copy-results.log	3650	17e903e85424c6a4e1a015eab75cd876f469dffced9194ddf989cb20765511dc
workflows/mouse-pilot/runs/k562-pilot/20260919-overnight/create.log	666	416acb6d895d13d1a68f18a7d3e6fec34e0b5322df2f4a9661dfb0178dc9ee37
workflows/mouse-pilot/runs/k562-pilot/20260919-overnight/delete-owned-after-preservation.log	123	964be73134c2d1ecb6f358e689f33ea789f0d5ad96185ce77e43d56a89d9b1a0
workflows/mouse-pilot/runs/k562-pilot/20260919-overnight/dispatch.json	219	efd02008f7a46061c6cefadac1a64193f6bd190d7786aa64355d68c9f6bc2b06
workflows/mouse-pilot/runs/k562-pilot/20260919-overnight/inventory-before.json	1258	3b6d873348dfd647c103f0f3b3d04b16b274bc5ccd0e28c7090e21d694155e84
workflows/mouse-pilot/runs/k562-pilot/20260919-overnight/lease.json	219	9b681326309a80915dc9413e186b8df68e8b2453a4ef6aa6295e8062dcc598ce
workflows/mouse-pilot/runs/k562-pilot/20260919-overnight/live-quotes.json	5121516	52aed5052084d231760d6487d324afa4d8c614715c61800d0f7ee458840bee81
workflows/mouse-pilot/runs/k562-pilot/20260919-overnight/metadata/SGNEX_README.md	12260	e2b1f07a677e49719aafddb7cfb2e42cfd85ff7e93e896893ac4385e8bfbfbc0
workflows/mouse-pilot/runs/k562-pilot/20260919-overnight/metadata/gencode43-MD5SUMS	3045	3f4b3da57117481731bfa25087ae03172aebfdc7e65e357b6b964d443b579cd6
workflows/mouse-pilot/runs/k562-pilot/20260919-overnight/metadata/genome_bam_path.header.sam	5994	45c2b5aaecc43e518b1cf5a556a90b1f047d711931a141113b9dd2c55c62d40e
workflows/mouse-pilot/runs/k562-pilot/20260919-overnight/metadata/illumina_samples.tsv	16670	d8ddfbd714b384b4f8d21e36b1a873b0643b2d0764f09ec63e1a4a8bda34158d
workflows/mouse-pilot/runs/k562-pilot/20260919-overnight/metadata/samples.tsv	173277	387bfea24f2b4df60f14b8fc20eb9f8170f62ac0050f380185723cb23daa6234
workflows/mouse-pilot/runs/k562-pilot/20260919-overnight/metadata/sgnex-commit.json	6938	10a030e469f04c5d807b3a4e6e2d1ca90b5ee98774b6c28e11b77f4b135a7daa
workflows/mouse-pilot/runs/k562-pilot/20260919-overnight/metadata/transcriptome_bam_path.header.sam	6097048	c4bfdf80bfd8cdf3fd9e181fe68d4cb54d324b96836a068bae7a1aa03b16f865
workflows/mouse-pilot/runs/k562-pilot/20260919-overnight/mkdir.log	160	c762278ad7d12fe920368ff0ca82e3304dc8fc0ca99d86ee4b20a83c54f25b70
workflows/mouse-pilot/runs/k562-pilot/20260919-overnight/outputs/SGNex_K562_directRNA_replicate4_run1/acceptance.json	1106	d498ee650ede031d78637b3c8efdba5d09c734a94b0178196f8a062ba3f4aeff
workflows/mouse-pilot/runs/k562-pilot/20260919-overnight/outputs/SGNex_K562_directRNA_replicate4_run1/assessment/assessment_summary.json	686	9dded10164366ae0e291297344ffc197db953b9e244c3c70062519392a248b56
workflows/mouse-pilot/runs/k562-pilot/20260919-overnight/outputs/SGNex_K562_directRNA_replicate4_run1/assessment/read_decisions.json	133095635	3f08cdbdc686f4b9c0a8fb96ad7fcb662894db7fab2337142f13abd8795241dc
workflows/mouse-pilot/runs/k562-pilot/20260919-overnight/outputs/SGNex_K562_directRNA_replicate4_run1/assessment/rna_ranking.json	22548082	d2ee75bc4234ef4cf2cad01353f45d87ec80d2496389335d095f98da5b59c543
workflows/mouse-pilot/runs/k562-pilot/20260919-overnight/outputs/SGNex_K562_directRNA_replicate4_run1/assessment/unassigned_segments.json	2765754	68772baf2145fb112a4378e88014413aa0c9b41c1d5fb9e57f3edbc9912b2ec2
workflows/mouse-pilot/runs/k562-pilot/20260919-overnight/outputs/SGNex_K562_directRNA_replicate4_run1/assessment/unresolved_longgf_proposals.json	48732	65931591a5e2fbc7405e9e53d8c7cd98b74ed0047cc2f3bca58c9f84a2804f85
workflows/mouse-pilot/runs/k562-pilot/20260919-overnight/outputs/SGNex_K562_directRNA_replicate4_run1/discovery/LongGF.log	100122	02a58377cf2ffdb59ce83d4cce4c9d3fb9d30bca9bc89b30167a757b7e828bc3
workflows/mouse-pilot/runs/k562-pilot/20260919-overnight/outputs/SGNex_K562_directRNA_replicate4_run1/discovery/split_genome_audit.sam	206950605	e7866d49b9d6a2b3338122739e5f85d734ab4815a1f8a21b3f8f025db8f00b93
workflows/mouse-pilot/runs/k562-pilot/20260919-overnight/outputs/SGNex_K562_directRNA_replicate4_run1/discovery/split_read_ids.txt	716801	b657277b520132aea99ee3f0db65c52eb4efdd209fc02d5956d03efd93068916
workflows/mouse-pilot/runs/k562-pilot/20260919-overnight/outputs/SGNex_K562_directRNA_replicate4_run1/discovery/split_transcript_audit.sam	326092208	ebab61060cecf9536ddd2b517ee1ccb01b9e4bc9da5bfb72c6874b90dbe65ade
workflows/mouse-pilot/runs/k562-pilot/20260919-overnight/outputs/SGNex_K562_directRNA_replicate4_run1/freeze.json	692	f2300fae9dbd4c178d25dbf1348f84a1ccb3ab4600e76f8b9845dd5b23fc0be6
workflows/mouse-pilot/runs/k562-pilot/20260919-overnight/outputs/SGNex_K562_directRNA_replicate4_run1/intake.json	468	0d416ce890c7dff043944c8cd2fd1515c9e6e617582dd3eb0a2cd38986586270
workflows/mouse-pilot/runs/k562-pilot/20260919-overnight/outputs/SGNex_K562_directRNA_replicate5_run1/acceptance.json	1106	9e554a91920dc62e7293a5da15517e4b990a1a93ca9fa076d02b579f08333c31
workflows/mouse-pilot/runs/k562-pilot/20260919-overnight/outputs/SGNex_K562_directRNA_replicate5_run1/assessment/assessment_summary.json	686	5cdeda8b4865f6ca6c8ceb8daaff4de71856d59a7de7d65965cf62692bbfce46
workflows/mouse-pilot/runs/k562-pilot/20260919-overnight/outputs/SGNex_K562_directRNA_replicate5_run1/assessment/read_decisions.json	164423270	337c3f4bc066579c1600a4d3c026474256621ffb9b7d166e09a78bbd9bf939da
workflows/mouse-pilot/runs/k562-pilot/20260919-overnight/outputs/SGNex_K562_directRNA_replicate5_run1/assessment/rna_ranking.json	27689101	6613d87172b0d3a80356f4d6df5e24b9f45b3471d907b5b5dea7af4448186ac2
workflows/mouse-pilot/runs/k562-pilot/20260919-overnight/outputs/SGNex_K562_directRNA_replicate5_run1/assessment/unassigned_segments.json	2858152	7fc7a10d83790c5c97324aa0d5f8c5e158c33bed425259eac8f7fd262fad0f07
workflows/mouse-pilot/runs/k562-pilot/20260919-overnight/outputs/SGNex_K562_directRNA_replicate5_run1/assessment/unresolved_longgf_proposals.json	49779	0488912ab2c65319486b1dcc3b24556409326bfcf6fd05c271ed0903435cd8e8
workflows/mouse-pilot/runs/k562-pilot/20260919-overnight/outputs/SGNex_K562_directRNA_replicate5_run1/discovery/LongGF.log	89869	dbcbb76273f4b4d06c6197d819bf601d6084f11803cd16353acf7333527359a1
workflows/mouse-pilot/runs/k562-pilot/20260919-overnight/outputs/SGNex_K562_directRNA_replicate5_run1/discovery/split_genome_audit.sam	247621688	3530cd51ba034b4b5d8f1524237c429984603ec1f07d62144a0555945f029dcf
workflows/mouse-pilot/runs/k562-pilot/20260919-overnight/outputs/SGNex_K562_directRNA_replicate5_run1/discovery/split_read_ids.txt	804417	5ff93354334bb023121d57251e5bcf35801ace32aef95d880bfa655d90518721
workflows/mouse-pilot/runs/k562-pilot/20260919-overnight/outputs/SGNex_K562_directRNA_replicate5_run1/discovery/split_transcript_audit.sam	381135892	1bcd7bf5da745ab63619f1b51d462084355926e343279aeb335827209b90f5d0
workflows/mouse-pilot/runs/k562-pilot/20260919-overnight/outputs/SGNex_K562_directRNA_replicate5_run1/freeze.json	692	133e5ffcbe52afa8c70cd623af9e0fbed1b967735cebd6543dd09dfdf22e6c5a
workflows/mouse-pilot/runs/k562-pilot/20260919-overnight/outputs/SGNex_K562_directRNA_replicate5_run1/intake.json	469	1d55f552f99e66176d42393817b34a6c583af36b310860151bbfdd0e8d32afac
workflows/mouse-pilot/runs/k562-pilot/20260919-overnight/outputs/bcr_abl1_trace.json	92853	94401c47f93988fa9e65d0cb938a68de7a8a00c02c41c102f4a2da1ed3a5277b
workflows/mouse-pilot/runs/k562-pilot/20260919-overnight/outputs/completion.json	1674	552a72c7205e3a5995b3d4c3b4cf3743e3d6556626ae592f9840e491ba47e935
workflows/mouse-pilot/runs/k562-pilot/20260919-overnight/outputs/corroboration.json	4243	0653e57355eacf61012c1ef48fc22b6b8c44fef6e2d7714907f0d9bb382faa22
workflows/mouse-pilot/runs/k562-pilot/20260919-overnight/outputs/cross_library_identity.json	87	87bf52e1bcb346d9fefeb801f050bebffac581f4581280d8df2d306cf11b38bc
workflows/mouse-pilot/runs/k562-pilot/20260919-overnight/outputs/environment.json	777	29fff2074f58b020a8f0f646741eddf499799e84c5d685d75b1dc525601808e0
workflows/mouse-pilot/runs/k562-pilot/20260919-overnight/outputs/illumina/Chimeric.out.junction	131558093	5275fef1eea3fb715449ed7628f9f12bbdbc970cecc1bd0d522b4b5b63eb2ff0
workflows/mouse-pilot/runs/k562-pilot/20260919-overnight/outputs/illumina/Log.final.out	2040	2c8119560abe7330260536aff9a41b40e6f1adf09bef411d2c7b8ce29b132b6d
workflows/mouse-pilot/runs/k562-pilot/20260919-overnight/outputs/illumina/Log.out	16451	cbafc3ffdb1d632dd842ca4ee49233001d8255b32a00061e2b9f13f139ff14fe
workflows/mouse-pilot/runs/k562-pilot/20260919-overnight/outputs/illumina/Log.progress.out	1898	099fe0bdb2ab8f472910a5732f6086a7cfe505107c707690b1f58c2eb0d3878d
workflows/mouse-pilot/runs/k562-pilot/20260919-overnight/outputs/illumina/SJ.out.tab	11233928	387320a3c38d5e92f0af1eded2fbe0d50345a59c9e97d5f7584cf9516ca0893e
workflows/mouse-pilot/runs/k562-pilot/20260919-overnight/outputs/illumina/complete.json	188	959a85f991e2761a9d483f0ccebd91a101789a3de1e76cb22c88ac51feae29a4
workflows/mouse-pilot/runs/k562-pilot/20260919-overnight/outputs/illumina/intake.json	128	ccee83e7d4363b8acefeb210351a7ef6e488aef3cadc2a50c394e1710e06a63a
workflows/mouse-pilot/runs/k562-pilot/20260919-overnight/outputs/illumina/parameters.json	1588	56a2009bfce29690179d3e86d94a1cd4e9d40650eae0b145a40a36d3076e9494
workflows/mouse-pilot/runs/k562-pilot/20260919-overnight/outputs/illumina/tool.json	163	c9e2f160fd25479a4ebe20b35c78aab3e93066624b981814c89f4d0d94b69a3e
workflows/mouse-pilot/runs/k562-pilot/20260919-overnight/outputs/logs/SGNex_K562_directRNA_replicate4_run1-LongGF.log	353	412f9eae82eceba1489791a35a1b811cbe403473746bbc7e52f3583b318cc0b2
workflows/mouse-pilot/runs/k562-pilot/20260919-overnight/outputs/logs/SGNex_K562_directRNA_replicate4_run1-align.log	1317	6450cd9f0329b9b9a0df621463c7da2eab282f908987a354c5175f00c21d63af
workflows/mouse-pilot/runs/k562-pilot/20260919-overnight/outputs/logs/SGNex_K562_directRNA_replicate4_run1-genome-audit.log	1282	7da3b858c2d6d05b6066e77e22bb799fc741356ce586d0e976a0d753a6729ecd
workflows/mouse-pilot/runs/k562-pilot/20260919-overnight/outputs/logs/SGNex_K562_directRNA_replicate4_run1-quickcheck.log	180	a49f9d292eb102bbae1c2f59544c31c848ad8eb6a6cf948fc13af9f9e7b75c19
workflows/mouse-pilot/runs/k562-pilot/20260919-overnight/outputs/logs/SGNex_K562_directRNA_replicate4_run1-repeat-LongGF.log	622	27dbac0ef098e8cf1cde1e3a61d16d0d488a24ebb002b73b09b77413b3b1edd0
workflows/mouse-pilot/runs/k562-pilot/20260919-overnight/outputs/logs/SGNex_K562_directRNA_replicate4_run1-repeat-align.log	2432	2d8150ff1434aaf356c7c20ace8cbbd94418af159ccbc42ac3264748aa9d7ae2
workflows/mouse-pilot/runs/k562-pilot/20260919-overnight/outputs/logs/SGNex_K562_directRNA_replicate4_run1-repeat-genome-audit.log	2384	35224dec3d04d2ae41664cd6fb7e2d45eb84152f9a8c8f0e817aa9bb5b4dc051
workflows/mouse-pilot/runs/k562-pilot/20260919-overnight/outputs/logs/SGNex_K562_directRNA_replicate4_run1-repeat-quickcheck.log	318	6155aaf1047cd99a530fc18b09f195aed562f162107464578bb833096da1fd80
workflows/mouse-pilot/runs/k562-pilot/20260919-overnight/outputs/logs/SGNex_K562_directRNA_replicate4_run1-repeat-transcript-audit.log	2556	738abf0e4fc80093785087dcec8e739d6e403b5ad8df7093a2eb6f5ef39a7f73
workflows/mouse-pilot/runs/k562-pilot/20260919-overnight/outputs/logs/SGNex_K562_directRNA_replicate4_run1-transcript-audit.log	1368	9c94ee68056feaed5e749501b3df56b09bf510ba60c76171e88d9e4d7eaeb435
workflows/mouse-pilot/runs/k562-pilot/20260919-overnight/outputs/logs/SGNex_K562_directRNA_replicate5_run1-LongGF.log	353	7580653fc6c7669f35dcd75188ca7b9f9799dc48bf6afd3bb628561af8e00003
workflows/mouse-pilot/runs/k562-pilot/20260919-overnight/outputs/logs/SGNex_K562_directRNA_replicate5_run1-align.log	1317	140100172365278c5fc814d98ef6dc7b6e8782ae15f490b90a47287a16e4f628
workflows/mouse-pilot/runs/k562-pilot/20260919-overnight/outputs/logs/SGNex_K562_directRNA_replicate5_run1-genome-audit.log	1284	6c5e08fba4ec812e928df27e577bbb13c891e6a4bbf9fab2d20cac26a97adfc5
workflows/mouse-pilot/runs/k562-pilot/20260919-overnight/outputs/logs/SGNex_K562_directRNA_replicate5_run1-quickcheck.log	180	de29bc14512bb351c7cf7e2037e0753b8f609578f1e948e1fe0e053ff55c3ac0
workflows/mouse-pilot/runs/k562-pilot/20260919-overnight/outputs/logs/SGNex_K562_directRNA_replicate5_run1-transcript-audit.log	1368	6137685657721f08c5a5810f3ae105d0cf47de12470b74da831ef11f1cf1f634
workflows/mouse-pilot/runs/k562-pilot/20260919-overnight/outputs/logs/STAR-alignment.log	1856	9aceb39fbfe89a5173bfbf042eb87c20670c70f0117fd48034ddc4ecf3df84c4
workflows/mouse-pilot/runs/k562-pilot/20260919-overnight/outputs/logs/STAR-index.log	1757	7a059b966a7f62b795ff6fc2ab96785fe15b6d1d072b610bed4a52a893435711
workflows/mouse-pilot/runs/k562-pilot/20260919-overnight/outputs/logs/STAR-unpack.log	153	16eae1c5c99bb0accfb9cdd3d0755d2d74fa740f54af7a4cfbe23b5fe74d0902
workflows/mouse-pilot/runs/k562-pilot/20260919-overnight/outputs/logs/download-GRCh38.primary_assembly.genome.fa.gz.log	19634	8a071cbb02378318e0c42baa0f83c30f33c4a809991cf9c69215cdacb79f1965
workflows/mouse-pilot/runs/k562-pilot/20260919-overnight/outputs/logs/download-SGNex_K562_Illumina_replicate4_run1_R1.fastq.gz.log	8174	14210d840e0a51fbef92c408d858b3ea2a235ea5ec24abf75097b5ae1ee3b2ea
workflows/mouse-pilot/runs/k562-pilot/20260919-overnight/outputs/logs/download-SGNex_K562_Illumina_replicate4_run1_R2.fastq.gz.log	9912	e8378fe06cbb036cd618ae799c87277c784e270aa9139a376dad5557463c36e3
workflows/mouse-pilot/runs/k562-pilot/20260919-overnight/outputs/logs/download-SGNex_K562_directRNA_replicate4_run1.fastq.gz.log	2715	f67977a28867f1d07ed81847293824acffff83c649352ffc6505116219b2b5d1
workflows/mouse-pilot/runs/k562-pilot/20260919-overnight/outputs/logs/download-SGNex_K562_directRNA_replicate5_run1.fastq.gz.log	2399	85c9c6921384938af1b13b589529d0ab05f241911e410ce78b0b555557ebb660
workflows/mouse-pilot/runs/k562-pilot/20260919-overnight/outputs/logs/download-STAR.tar.gz.log	789	d7f8f9330f3f97d10fd02d71196bbb56136516a93f7cef618128e52bdf52258c
workflows/mouse-pilot/runs/k562-pilot/20260919-overnight/outputs/logs/download-gencode.v43.annotation.gtf.gz.log	1055	c83c067a717ad258b584246c0c6a9f110c626961a346e0c37ef2bba41384b536
workflows/mouse-pilot/runs/k562-pilot/20260919-overnight/outputs/logs/download-gencode.v43.transcripts.fa.gz.log	1134	f7b62621eb406a8463c59d070fab2df7215b8762a758fa1ca80c21d84b2b7275
workflows/mouse-pilot/runs/k562-pilot/20260919-overnight/outputs/logs/download-rnasequin_decoychr_2.4.fa.log	858	d319b632904cd4ef8b75472484ecb6af108448604ece8770b62aa69ab1c64f9f
workflows/mouse-pilot/runs/k562-pilot/20260919-overnight/outputs/logs/download-rnasequin_sequences_2.4.fa.log	781	ca98b7345e8a8bb6250d06c89a733aa39672c9b01e51de9c75f9244f3c6c79d9
workflows/mouse-pilot/runs/k562-pilot/20260919-overnight/outputs/logs/fasta-index.log	125	b9796ff5cbf963e44270ca45c4818a787f3c08475a105e09a6919f43efd2eece
workflows/mouse-pilot/runs/k562-pilot/20260919-overnight/outputs/logs/minimap-index.log	861	908dcefc419db4e9d869a36866c0ec52fe6c32c2a89c9cf20e93a1e4b989618f
workflows/mouse-pilot/runs/k562-pilot/20260919-overnight/outputs/logs/tools-hash.log	408	e94eb388f60e47198ffb0f1e471d9b34124ff38675d28b4eaab8f213b0f332b3
workflows/mouse-pilot/runs/k562-pilot/20260919-overnight/outputs/primary_candidates.tsv	2897078	7b124963fcb6988e708dc1b5982f591b8ba7358c91314a264c4dce76739aa6c2
workflows/mouse-pilot/runs/k562-pilot/20260919-overnight/outputs/provenance/GRCh38.primary_assembly.genome.fa.gz.json	382	b18b8a0abea89c053942ff34a45c969c6d798b8ff0732636619da767d6fc306d
workflows/mouse-pilot/runs/k562-pilot/20260919-overnight/outputs/provenance/SGNex_K562_Illumina_replicate4_run1_R1.fastq.gz.json	427	ae200669dd9c49946c3ca116084c22be9d5d7a95ca41edfb9f9e6d6e3e22ed9a
workflows/mouse-pilot/runs/k562-pilot/20260919-overnight/outputs/provenance/SGNex_K562_Illumina_replicate4_run1_R2.fastq.gz.json	427	d0462948322dd2d236006be434c6e6b845f2984468aa2fac75e505161746fc95
workflows/mouse-pilot/runs/k562-pilot/20260919-overnight/outputs/provenance/SGNex_K562_directRNA_replicate4_run1.fastq.gz.json	419	5464f4c8f9f77630384f11692aeca7e5eb054e0a0b9af10083ac001ea93ee0f9
workflows/mouse-pilot/runs/k562-pilot/20260919-overnight/outputs/provenance/SGNex_K562_directRNA_replicate5_run1.fastq.gz.json	418	df142fa0bc3f5705aefd9629469a5b06b88eaa4822a3f7a80e7c7362017e5dba
workflows/mouse-pilot/runs/k562-pilot/20260919-overnight/outputs/provenance/STAR.tar.gz.json	308	3076fe0e0872c39a025cb1faad5496871c8940aae73cd5c114cfaed9d9fc87fb
workflows/mouse-pilot/runs/k562-pilot/20260919-overnight/outputs/provenance/gencode.v43.annotation.gtf.gz.json	367	897c06cfcfcbc914f34ecd02bd06e13a6edcd53cb23e626c82fc7bb9ff74344b
workflows/mouse-pilot/runs/k562-pilot/20260919-overnight/outputs/provenance/gencode.v43.transcripts.fa.gz.json	367	7787656e8cc9943a67ae86b78aa90ad47a2e18eabaf507aba25fcf771ded3a83
workflows/mouse-pilot/runs/k562-pilot/20260919-overnight/outputs/provenance/rnasequin_decoychr_2.4.fa.json	377	91f3e977998a40f2e683630c3891c9f1e67658eba6547b53909293b02ee22b93
workflows/mouse-pilot/runs/k562-pilot/20260919-overnight/outputs/provenance/rnasequin_sequences_2.4.fa.json	377	0aaf0b8cb3b396cf7d9e9939b0982efd851ce80468d52e8dfdbf0a936994e5e2
workflows/mouse-pilot/runs/k562-pilot/20260919-overnight/outputs/reference_audit.json	5536	d4358116490c87d5fac5c8ae86d38475f2f539625b7f8bc25c64662123f17bab
workflows/mouse-pilot/runs/k562-pilot/20260919-overnight/outputs/repeatability-1/acceptance.json	1092	768bb64ba13bf88eda6e164b99211cac21f2743932ac3401b8a77d73f5b6a1b5
workflows/mouse-pilot/runs/k562-pilot/20260919-overnight/outputs/repeatability-1/assessment/assessment_summary.json	681	5a498f9237f37b70c7637883c3ce55abe29dd317ae6a46551857fcbb93053cad
workflows/mouse-pilot/runs/k562-pilot/20260919-overnight/outputs/repeatability-1/assessment/read_decisions.json	575559	115becc62c017cea05e4a901db1e695d253b37c8a0333885808815cadec66b2c
workflows/mouse-pilot/runs/k562-pilot/20260919-overnight/outputs/repeatability-1/assessment/rna_ranking.json	105172	c62ccca3122b444cfa1c798af3366477418ff498a9ee5f0a33a971a2cd5313c7
workflows/mouse-pilot/runs/k562-pilot/20260919-overnight/outputs/repeatability-1/assessment/unassigned_segments.json	11315	5df8cd65ac8a189629b87da7768675eaf9517f3e1719a36872ce80d799275a8f
workflows/mouse-pilot/runs/k562-pilot/20260919-overnight/outputs/repeatability-1/assessment/unresolved_longgf_proposals.json	273	5333844dbd30a9e277177a659c05eccaac0f69289ad2bfdaffc33706d69d5984
workflows/mouse-pilot/runs/k562-pilot/20260919-overnight/outputs/repeatability-1/discovery/LongGF.log	1493	53da9ff5cb2323a638cbca8b0641dd9dde887166a228799098129aa91c7b37d8
workflows/mouse-pilot/runs/k562-pilot/20260919-overnight/outputs/repeatability-1/discovery/split_genome_audit.sam	788610	68c4ac3b140e024aa778fba329d59c5a15d4c9e3ea9f9ebcd3e0d9933b8cf137
workflows/mouse-pilot/runs/k562-pilot/20260919-overnight/outputs/repeatability-1/discovery/split_read_ids.txt	3034	09d3fcf98d2d9ad25b3965715763a9279bc7161e686e96821569356bdbf3929d
workflows/mouse-pilot/runs/k562-pilot/20260919-overnight/outputs/repeatability-1/discovery/split_transcript_audit.sam	34244716	d784c4cc01199c529c24134f89222034e4586cda7e72cafb6277e23f4fd3e5f5
workflows/mouse-pilot/runs/k562-pilot/20260919-overnight/outputs/repeatability-1/freeze.json	692	07fae22d7707891239c7b821e9bae01ffbab8e75ba81d7ce80461b60fe36ee13
workflows/mouse-pilot/runs/k562-pilot/20260919-overnight/outputs/repeatability-2/acceptance.json	1092	73a10b2e3428d5ea950359ae137211e60dd13eac81ecb7b65cdcf80b5972f3e0
workflows/mouse-pilot/runs/k562-pilot/20260919-overnight/outputs/repeatability-2/discovery/LongGF.log	1493	1c591d9efddce95652f602db7e16dad01930935c8157b559647eb35290c696a2
workflows/mouse-pilot/runs/k562-pilot/20260919-overnight/outputs/repeatability-2/discovery/split_genome_audit.sam	788610	ac100e44574854a9e57a073e8f16b438d9537296edf60a45e94c8d481fdc4f7e
workflows/mouse-pilot/runs/k562-pilot/20260919-overnight/outputs/repeatability-2/discovery/split_transcript_audit.sam	34244716	dbb630d3ad84a15462b71becdac256fcb029ff03ae47e2ebb914f8df8ebd6ec1
workflows/mouse-pilot/runs/k562-pilot/20260919-overnight/outputs/repeatability-2/freeze.json	692	3bbcd4b472a1783a3346e89a5abc175213b5547a242e53d6e237d9314273c3ac
workflows/mouse-pilot/runs/k562-pilot/20260919-overnight/outputs/repeatability.json	1342	63e21b542634c6782d7ce2a90e0b6caac16b45fd79cc99555b2fb3df770b943a
workflows/mouse-pilot/runs/k562-pilot/20260919-overnight/outputs/report.html	9395	44cbc75e819ef2b33a37a2c03401b9391f281e4a268360a3514d204a5ec30850
workflows/mouse-pilot/runs/k562-pilot/20260919-overnight/outputs/status.json	127	c7617d98e0f5ff2167d5c264c9270e124f4e81cd73568e4737c537545ec973a9
workflows/mouse-pilot/runs/k562-pilot/20260919-overnight/pack-results.log	284	781289ae7aaf6984e5686e4a6a91f27ff4e52520b554406ba8a12fbb26d8b18e
workflows/mouse-pilot/runs/k562-pilot/20260919-overnight/preservation.json	323	873b444ea1f5baf6cb95d90e82a797651ebc4c919fb529260b899d6e5b8b05cd
workflows/mouse-pilot/runs/k562-pilot/20260919-overnight/progress-snapshot.json	9535	87a2394e6e94e43c589a0fa0ada7f1d5d881aa729840d485785eb4281422fdd6
workflows/mouse-pilot/runs/k562-pilot/20260919-overnight/refresh.log	116	4a28ed332c026074da39ee9d096bf27c259be7fc857eb0132a7a4215dfe976d5
workflows/mouse-pilot/runs/k562-pilot/20260919-overnight/resource-accounting.json	259	a29bf0a0056263847ed969f891b5499de1e2227e5cf1561912c8d3568aa47c1d
workflows/mouse-pilot/runs/k562-pilot/20260919-overnight/results.sha256	81	f91b3c9aa22ecef184043f7941b91609bb058963b42236d44afcfc4befe36352
workflows/mouse-pilot/runs/k562-pilot/20260919-overnight/shutdown.json	138	f9f1e9ec48981f526de6018edc179c22fbe96dfe171d68be7f49db96d9c86b37
workflows/mouse-pilot/runs/k562-pilot/20260919-overnight/ssh-ready.log	262	e6e695e9b23d8608e85442361971edf15a55a0b455383e74723cd7e49f4f3f0e
workflows/mouse-pilot/runs/k562-pilot/20260919-overnight/stop-owned.log	1182	58fa55225cd75c4134d41c04cbe09ed9c18d1badef350308fd501a14e7587229
workflows/mouse-pilot/runs/k562-pilot/20260919-overnight/teardown.json	201	21316266649f5a33cd281d2d8c0b49cd7d53aa8fce757056aecea15af971ad79
workflows/mouse-pilot/runs/k562-pilot/20260919-overnight/unpack-results.log	223	67a7d56ea36b311223cf38a1a5bb278c7c3db71ba6856b5e4e8ca1acc5a3109b
workflows/mouse-pilot/runs/k562-pilot/20260919-overnight/unpack.log	704	69af3009439ceaf9d2fbfe2fb5f534119731eae459bece526cbc75fde1108099
workflows/mouse-pilot/runs/k562-pilot/20260919-overnight/watchdog.json	59	a29c2aceaadd7d4fb9006c06555dc91a5d4fde27a63880104ec6326506c2adac
workflows/mouse-pilot/runs/k562-pilot/20260919-overnight/workflow.log	845	a7130b40d7e0c0f4acef82a46c41617d6eeab4ae821fea2b19485cae0dacb2df
workflows/mouse-pilot/runs/literature-intake-20260920/filter_audit.json	1747	8ad79a87ea7dfc88c0b66eb237cbd4ce20b0b53e8324b93b78d4533591bdd383
workflows/mouse-pilot/runs/literature-intake-20260920/literature_candidates.json	3871	b21774b38752663ee8cb6ac33709ec04bd1620aa283b5a0bd83b9607034d7c33
workflows/mouse-pilot/runs/literature-intake-20260920/literature_candidates.rna.fasta	2158	e6958e18b995be654d1bcabe7a555511e4027a04f7ade945e23c980f3d3bb2ed
workflows/mouse-pilot/runs/pilot-20260919/2026-09-19T144902.525176.snakemake.log	4999	a953e6989c3a0ab30e8cc3b1dc18793027fe7bb00b059b58c80d8846cc1037c5
workflows/mouse-pilot/runs/pilot-20260919/2026-09-19T145856.727487.snakemake.log	4729	d21e9962e3b5f9854e00aa3762cb9c82271cd55eae7a196e0ba4ff60f23988b9
workflows/mouse-pilot/runs/pilot-20260919/archive-names-attempt-1/job.json	1147	1bcc57008835e0a473415f21e2feaaf383735070c21754ac47578168428265f1
workflows/mouse-pilot/runs/pilot-20260919/archive-names-attempt-1/stdout.log	165249448	82b94cd74250974dd663f1591d0de6ede486013ada75464d807f1e2e730659d3
workflows/mouse-pilot/runs/pilot-20260919/archive_names_receipt.json	174	62e2bfe37f7f6e912a4d5b157c386886212274e9459719aa78dde3b7a85ae377
workflows/mouse-pilot/runs/pilot-20260919/archive_receipt.json	256	aaa03133166372384db32905df69b83f27ed0c045b0a60d17066bce982946a00
workflows/mouse-pilot/runs/pilot-20260919/archive_validation.json	156	38ff65fabbc83fab2cc29d37bb9fa362a154802b5b32dea23bd3076973cc5e26
workflows/mouse-pilot/runs/pilot-20260919/benchmark-regression.log	897	bd57ffb01308f371714332f142702389161034a7740c38ff8d2b9c8a0593ba1a
workflows/mouse-pilot/runs/pilot-20260919/checkpoint-intake-validated.json	1367	7a6119db5de2c899478d2060c94c1b04d3efd528bb4cb5d953c76ec9255a42b8
workflows/mouse-pilot/runs/pilot-20260919/checkpoint.json	2641	fe3558cfb11da48edd048e69b4fa348c60baaa9b5fb68223af78419f23cf4282
workflows/mouse-pilot/runs/pilot-20260919/code_snapshot_sha256.json	4368	7b589be1039627a1396a97ea60760b2dc8be00c6ce03d761b6a6e012423cecc3
workflows/mouse-pilot/runs/pilot-20260919/compute-access-check.json	205	e150d792067c70a5337fbbd98d20249b83b31c13df9f7a8275f131a8d5588ef3
workflows/mouse-pilot/runs/pilot-20260919/events.jsonl	508	b87d698c5f7bb52855383092b723f9e9c232061f230c04f15fdd7d6a925a95f3
workflows/mouse-pilot/runs/pilot-20260919/extract-attempt-1/job.json	1461	608cae533368fcde2c5b649c03944ce1189c75665a2b9b7d851c956744a4e3a1
workflows/mouse-pilot/runs/pilot-20260919/extraction_receipt.json	241	b7d7f0bc22834c40182b349e990d052310beb1cbb3a254c3ad1461250b4aad2a
workflows/mouse-pilot/runs/pilot-20260919/intake_validation.json	611	89f18e2e2f1e55312bf059f7c5c702378f49364cf15488b5c78a9866a3b3449b
workflows/mouse-pilot/runs/pilot-20260919/prefetch-attempt-1/job.json	1221	8d6bebea87e43b2d495858c4468dade2540dcabd402caaead92d40fe0c9b5d21
workflows/mouse-pilot/runs/pilot-20260919/prefetch-attempt-1/stdout.log	820	9e1878b20376070182892602d9d0ba0893342cfa948a010bf0a64f32da269296
workflows/mouse-pilot/runs/pilot-20260919/qc/archive_name_validation.json	319	c97f7dd4068e64ca10a74f0069e99bd606dd8ff19323aeb6451730122f517628
workflows/mouse-pilot/runs/pilot-20260919/qc/read_id_crosswalk.tsv	388025565	94408d5e146c5bec4d1eaf532c9c432b16c628ace74bcbc62771d8c568d6be33
workflows/mouse-pilot/runs/pilot-20260919/qc/read_length_histogram.tsv	41086	11cfdf611dfefdf5c5c1000774f951a08c0d98b50194ca6725575b0c941c9c86
workflows/mouse-pilot/runs/pilot-20260919/read-qc-attempt-1/job.json	1299	36746a9adb279a8aae41fec8ca133fefad6f9c01614c76aa02a349d52dc86149
workflows/mouse-pilot/runs/pilot-20260919/restart-checkpoint.json	2466	c8736b8d7639f09b3dbe057426ac65e3f76929ca3a60405a232d1f9f5a3243a7
workflows/mouse-pilot/runs/pilot-20260919/restart-continuation.md	1920	2345451baa9c06fce1b88ef7af90bfb45ff42792ec5459161ca95dbcf282d171
workflows/mouse-pilot/runs/pilot-20260919/specs/archive-names.json	441	e783f37c920cf78810a38bc10755ece0fe00f72a749f23929ae9eff4bc63e88f
workflows/mouse-pilot/runs/pilot-20260919/specs/extract.json	734	be74e08d475c41379155fbd79c8a65365fe2c580cfbe675a6b95fc2861cfca3e
workflows/mouse-pilot/runs/pilot-20260919/specs/prefetch.json	510	695b88438bc1facd33d0ea9bbe83b339a46f50b246fa2dd78cd9b223a0bce758
workflows/mouse-pilot/runs/pilot-20260919/specs/read-qc.json	499	4e9117f5bb0db77dd2c2dd521c22f249a8f5d0d6ff9a45b0a6f423a56acde7fe
workflows/mouse-pilot/runs/pilot-20260919/specs/validate.json	330	dedcd0b8e8de92aecddc6fd2de9add5d40053ffdcecd24fe5b662fec8021edd0
workflows/mouse-pilot/runs/pilot-20260919/sratoolkit-3.2.1-install.json	323	9df853507579c3331ae24ad148c893ea3fcbe140767f7734a9b4cf608ec2b47a
workflows/mouse-pilot/runs/pilot-20260919/sratoolkit-3.2.1-md5sum.txt	721	dacfd3eab230119d3e6f618b129651b229323b87d806dba126ac110af4a0426c
workflows/mouse-pilot/runs/pilot-20260919/sratoolkit-3.2.1-md5sum.txt.provenance.json	226	13a7e20db0ba1617fd4d7a4a9f81795561f9c6a50f51d3b1d62dca77ebeafac1
workflows/mouse-pilot/runs/pilot-20260919/tests-after-ranking.xml	7748	eb266227d4107550322254fa607d82ae9b5aa2bba7b7aa1f6dc6efa8166f846b
workflows/mouse-pilot/runs/pilot-20260919/tests.xml	6214	c40255a1444aa6a3f445ad7198692e1c7fd8fae1759b157b18e7f55012be9f09
workflows/mouse-pilot/runs/pilot-20260919/validate-attempt-1/job.json	1035	5c576194eb5eb8eb42b6da8f92da85f735239b4187cb4a77614de6fc3d8df6fc
workflows/mouse-pilot/runs/pilot-20260919/validate-attempt-1/stderr.log	685	77d41f0a464d24c648eac3fd2cf224273c2f41973c76b1ef906a05754b763223
animation/trans_splicing_v4_4k_30s.mp4	240176356	3f209e1a9cf2a4c8a3a755936a4d4cb15d83ea26db3e47e5e5cd3c7cbe42095a
workflows/cross-species/comparison/candidate_pair_catalog.tsv	63093	7febe5667090cf22b9093d18fa8e818c983e703f0f1c6526b5003649b2ac719d
workflows/cross-species/comparison/conserved_chRNAs.tsv	142	1c2c7d346a222163b6973b041b36f361a50ea589e8dcf1f0e94528dcc046f05c
workflows/cross-species/logs/add_dependencies.log	3505	fd2060d49f8706fb960f20900793c552b3a1856193b6645c382f0aafb13575fd
workflows/cross-species/logs/add_genepred.log	3476	be20df9760fd0d549e0b980259a63c898747a45e109351f0693fb6e0f370a5c6
workflows/cross-species/logs/bootstrap.log	64884	c7743c940eb1ccd86534018d815d7e9f394d034aaeea4e94b7d157903f84d164
workflows/cross-species/logs/collect_metadata.log	1525	58db3f7b16fe043883c320dd1fbcef38baf2f9348c5c8ec070e6fa7230cb89e9
workflows/cross-species/logs/create_instance.log	334	d4f6f6271d0966560ad299658cd6f2bd38ab734323b7b39362e997ebd59e5033
workflows/cross-species/logs/deadline_bos_taurus_cow_longgf.log	663	2da165a09227fe1b4a3bdfe37f9cad8c9e27339eb2ebd6f6e0da36be1b2126c9
workflows/cross-species/logs/deadline_bos_taurus_genion.log	3782	c1a6f2682c1b404cefecaa6e2fd2e13166996b85c5a932643ef0ce7a2254059c
workflows/cross-species/logs/deadline_bos_taurus_jaffal.log	690	d0cbdf91f50a54090f57b6a7db072b91a1d32ae61e8b23a55476d4885ece169e
workflows/cross-species/logs/deadline_bos_taurus_reconstruct_longgf.log	15732	c40d9eec44c875dd08407f44ff7da039793abaeccee618859d424e90793ae6dc
workflows/cross-species/logs/deadline_homo_sapiens_jaffal.log	7826	e2f28fc6a4bc7025b9c5ac3352f94c9f5b4d85f458fc8bddce968551799aed4a
workflows/cross-species/logs/deadline_homo_sapiens_reconstruct_longgf.log	15839	7b25749e26dc4930d05870f7fc4975af83fe1f65f38a20ee5b2f76a62c85fa06
workflows/cross-species/logs/download_pilot.log	540	2c8aced5d7ffaa74869ea1ec73a3cfafb177cc49afc76a9a0ab5a762210da703
workflows/cross-species/logs/evidence_export_cow.log	32	4ad646483f7bfacfd62ae425434a1dc8f9c56b9fa5684763dc043abdcfef0f54
workflows/cross-species/logs/evidence_export_human.log	213	ce61ac177cb6e20c35667d8cb187b5ef5a4a44e63afc58d3c9c5a926f2f9a967
workflows/cross-species/logs/export.log	966	1835ec8ba657215fd031d3c26489c2f017708f892dc07f4aae6fb92d367fb096
workflows/cross-species/logs/jaffa_clone.log	620	67ab7d0b3a5d2bc1e05fb6f5af09971aa2e471dd3a8b10f24cd4583f710205ca
workflows/cross-species/logs/jaffal_reference_bos_taurus.log	123245	576a9e93684a2a6b603994601ac67702285a5b28b8498be57a52836e60749613
workflows/cross-species/logs/jaffal_reference_homo_sapiens.log	122849	40f8e8cfa570fe6687fd90d1249497a5b6c2acc7eb64960a2cb894a3ab705e7b
workflows/cross-species/logs/next_batch_download.log	39	7605a3172e99d327d738f3be9320d3e6083485b79280a205b365eebb1cbff8ad
workflows/cross-species/logs/normalize_genion_cow.log	211	aabf38078b617713232cc5e89e44d0f66fa3f061fdbaca169c6599a58e04784d
workflows/cross-species/logs/normalize_genion_human.log	30	6226c998cb0f3a47189e4727620231eb4e0a3a6dec983c0e310420032ca24f24
workflows/cross-species/logs/orthology_download.log	667	16f2ef00c72e708f6c0a8b5f80a5ec3d1d05cf1fe58006de889a5c0a0167fc35
workflows/cross-species/logs/parent_coverage_cow.log	36	1940f8684d70ad5cf1d708bbff938ff9fa92b35925acb7ef6b4c2c29fde535fd
workflows/cross-species/logs/parent_coverage_human.log	219	ec477eeccc353ad8f94068276e4fbd88defdc2ee14c6c12e5173ce94c8212c2d
workflows/cross-species/logs/pilot_driver.log	530	e2e0adf722b2af40201caf42969af56b1abd1e20217a9b8448017ff07ac32c14
workflows/cross-species/logs/read_id_mapping_cow.log	32	6cbbf88496d7838d2ad16fef277016359a57540b4d68771116ad3aa8a0c71115
workflows/cross-species/logs/read_id_mapping_human.log	31	8cece080a75ec66bccc030d752421fe0457ed04fd31e94951f3e5258c0fee96a
workflows/cross-species/logs/recover_exon_cow.log	6424	56b632f925e14fc4d2ba8a81c9af954c958cda702d083cb682b7d2d9240f4152
workflows/cross-species/logs/recover_exon_human.log	6604	567337710cf313e0041f726ee6f6d971fdd9a61995c05dea5c26c966e1327956
workflows/cross-species/logs/runtime_cleanup.log	424	2954d5aff88f13ef810ca79c43462db72e7040ef23ae193b89c1fd05b6da5e06
workflows/cross-species/logs/setup_genion.log	4293	655cb7024253eb2ce1fca5aa99438b2f7dc512594fac11be96c72e58e94ce728
workflows/cross-species/logs/setup_jaffal.log	627	2e9649cc42733277d01e6a1ab879f7bb345d6c8742fd586538b3b5870bc88174
workflows/cross-species/manifest/SRR31429655_ncbi.xml	8638	21d516685fec4fd4217658efb5e7b883b11be7dc638b1f7a0122fd6676986e53
workflows/cross-species/manifest/SRR31429656_ncbi.xml	8638	d53825a99005489fced696f441147722ca9e5e9617bdf0bfdf2178da618d4d01
workflows/cross-species/manifest/SRR31429672_ncbi.xml	8601	ad2c9886a1ee9f0e301f3b95c24008306f95d38117497749954e9113067c55e5
workflows/cross-species/manifest/SRR31429675_ncbi.xml	8629	cd117d23768f9f88b1d3ec745922ad5081bb9dedd8bd55df42c7d5f0d2f67fc1
workflows/cross-species/manifest/SRR31429687_ncbi.xml	8590	9323bccf3a356bd51ba1e26d5b9ddf8be9aa28315eee9e4ab127d6eed5d71ed6
workflows/cross-species/manifest/SRR31429688_ncbi.xml	8590	cc771d562100d73fc7ec4b530fe7ddd1aa92c8e7b498b97a87e54b94b2d60923
workflows/cross-species/manifest/SRR31429700_ncbi.xml	8825	706e6b0c5ae3a5cdb8497fa5f7bb7309f21bd7861a9bc7b1d6061250245e2b76
workflows/cross-species/manifest/SRR31429701_ncbi.xml	8830	0341fa21892a23ba8ad0b6d1b6f230776ff64c00deca8b49dbdb727b986c9143
workflows/cross-species/manifest/SRR31429713_ncbi.xml	8645	aeb19c41487cabf4ad2574cfbd1017e9f07ca0ab228789a331459417b6f7d5a3
workflows/cross-species/manifest/SRR31438987_ncbi.xml	8569	10b2baefa77d59a216ec40bf081881927a094cd150309914dd0f72d9b95ee9bc
workflows/cross-species/manifest/SRR31438988_ncbi.xml	8607	e7c6a67be60ff9f0e43df33ebf6f0c4118c7eaf318bf8a0594af49424ba451e1
workflows/cross-species/manifest/SRR31438989_ncbi.xml	8591	bac48aa71e8d204b43e30a113dc97d488d45ef17b0a5866d603c98e0bc69b2b7
workflows/cross-species/manifest/SRR31438990_ncbi.xml	8653	a6e2f9789b2c934b27c3daa143047872bac4c8d6a2a5a74217093fb8f55f49dc
workflows/cross-species/manifest/checksums.json	5603	730a1c2457ab9103daf4ca5dd4aa25426523c96ff6fa636276b9015e4dd90aa6
workflows/cross-species/manifest/compara_bos_taurus.html	2116	4059bf7e86241aa4b309dac2c3bf96b498589516de5dda008354ba5812134fbe
workflows/cross-species/manifest/compara_canis_lupus_familiaris.html	1584	c17f7a3875071e772d78797051499d9690b485eb6fbc0bdf8525349b9b2eb964
workflows/cross-species/manifest/compara_homo_sapiens.html	1564	bf23a2abbad8995e260dc6c542c92f9a38c4aff5dcfc1192f6cf403a1f2a7542
workflows/cross-species/manifest/compara_listing.html	54504	cad8d1e21ce1bb233c12426f7bbbc26f22c517307eeaf9cfa684eba49b8b47f0
workflows/cross-species/manifest/compara_mus_musculus.html	2108	4460f6fe5a1d142e17cd3f6335cdd19b476a5863b385544c7a11aaa3514ac6a9
workflows/cross-species/manifest/compara_rattus_norvegicus.html	2118	a93deadc4d8232609e8d2600108077963bd6bce1b83c3c5fc27fec0f06c9c1a5
workflows/cross-species/manifest/compara_urls.json	2656	2dacab8f8c318a2cd189f763c94e7198ed00bce92514f75ca2ef5b93336a598e
workflows/cross-species/manifest/ena_request.json	580	ce0becc5e7698d9cfada278428906a97461e1457a2734e00793504ae17167f2b
workflows/cross-species/manifest/ena_response.tsv	23178	825a92ad958fc84f23e27f282988ac6f2534059e29dcecab79b050fbd4fe0a5b
workflows/cross-species/manifest/ensembl115_bos_taurus_dna.html	30574	8d3a948d5ef32a5136421f970b41335a4acfd7bc022740ed56dd552da3729891
workflows/cross-species/manifest/ensembl115_bos_taurus_gtf.html	1901	ad23d17eec0349c012494d8df34ad261bd9fd5b99a4dbeaed1a105998cb6b160
workflows/cross-species/manifest/ensembl115_canis_lupus_familiaris_dna.html	41098	9f979d98c21881179f6d06d55bdb66e57c40c606a8bce1320da2447e30075b49
workflows/cross-species/manifest/ensembl115_canis_lupus_familiaris_gtf.html	2009	823988149237b0b26ec4333813f21c62c00647f1e69248c0a33ae759adac3556
workflows/cross-species/manifest/ensembl115_homo_sapiens_dna.html	24868	099f936a70f8284dfb7e40be066d9c55dbeff310f849d261d8671171dc3934e4
workflows/cross-species/manifest/ensembl115_homo_sapiens_gtf.html	2179	e50c10d23a00547b506bc4b2f0932dc6eb35266d1f543ddb76534863ee0f9b78
workflows/cross-species/manifest/ensembl115_mus_musculus_dna.html	21640	d5ede22f9c1f8d0d49fd28dee2ed19c9e27c72bf2acc5922d227197029240427
workflows/cross-species/manifest/ensembl115_mus_musculus_gtf.html	1893	f8fc17beedf6a73f9fa846f6575d7912653398aa162d1904e5d3d105d0260460
workflows/cross-species/manifest/ensembl115_rattus_norvegicus_dna.html	23065	9eb305aa24ef4b3d49f145699a4b0c2a5c6cb375e68978b81b45e140e34b3f02
workflows/cross-species/manifest/ensembl115_rattus_norvegicus_gtf.html	1927	9c3b7ff42327316e4fd11245d36e620531a5925117980afbbe097ded691dbe27
workflows/cross-species/manifest/ncbi_dog2.xml	86	970da9a1b109252edfa409c75e8f9b84d5d5a50e9b52a6564868b6204843f1e3
workflows/cross-species/manifest/paper.html	575954	f18d771a1a88ec7457ee1896bc997163a65c5e78d58422fdaa6183c7db0f543f
workflows/cross-species/manifest/rat_liver1_experiment.xml	2733	f45f65d3f4e9f594679ba8e4271a3a342ed260c040d101f1b0a537dcbf4b286d
workflows/cross-species/manifest/reference_urls.json	43040	7c0751d72f4e275a1ca3f367e7be6855c6f457dfb467df7cf8ad6aeebe8dd14b
workflows/cross-species/manifest/sheet1.tsv	382	14ef422576519985dd096866ab6e7eb544de6818ba088912da3d6a9186c9db11
workflows/cross-species/manifest/sheet2.tsv	12903	e46ea0a968c0fec4856768becb1fbcbdd17bcaf042060c0adbab4af9c51cdfa4
workflows/cross-species/manifest/supplement_dataset1.xlsx	20262	13ffbafa44fdb9dd6c12d107c9793916141e6fe0133f4e31a815a1de5093edd1
workflows/cross-species/manifest/xml/SRR31429655.xml	2112	be2ad06cfdbb2f56d2b6d952414da812e3ea97181b4106b86b2f0c1d4a092aa8
workflows/cross-species/manifest/xml/SRR31429656.xml	2112	eab898d48cb752c91353a37cc31e9824b1c411e49b99f868fa91bdc4653830e0
workflows/cross-species/manifest/xml/SRR31429672.xml	2128	ac432e1a960e7236220d9b2a99777c81291b3ee14a89dc47b59ef38afb9a8af5
workflows/cross-species/manifest/xml/SRR31429675.xml	2134	265a550b2be22d752a5c7d63b8b4acf21474efe598c4498e648a0a94e38e8e9f
workflows/cross-species/manifest/xml/SRR31429687.xml	2134	26e472c9af26e760c12e51f2d9d7db1e9c58f65997d647fd2ece0e8e81ae12d4
workflows/cross-species/manifest/xml/SRR31429688.xml	2134	95cfa2a473c457c76bf141102ab68204d7e7798921c9a9930cc6ba9d03ae2826
workflows/cross-species/manifest/xml/SRR31429700.xml	2134	84b904098fb665125a72d60e21e480a0d4c6d220f2c2e3aa3050dcbe0892f56a
workflows/cross-species/manifest/xml/SRR31429701.xml	2120	0d30199fdc801fb7768647a0f18a5a22b3ee05afab36c4594d22a0fbc3563829
workflows/cross-species/manifest/xml/SRR31429713.xml	2114	c47285c426f1941be85002abca478115089cd4de18d4e3cfc6ad270134ff650b
workflows/cross-species/manifest/xml/SRR31438987.xml	2112	25e476e0a3599c2e2adac4d011bca4e063ca48fc4e707cafb14b21394aa2a91b
workflows/cross-species/manifest/xml/SRR31438988.xml	2119	63995d25ebb081f5cd0acea5b14c9399a08c6f91fe0d32af42b152f7b51ed606
workflows/cross-species/manifest/xml/SRR31438989.xml	2115	1aae6096d5a25cc32ab730aecdd22b0a3793bbee7bae979799a03ce0dac05687
workflows/cross-species/manifest/xml/SRR31438990.xml	2135	1e4f1ae7d7170b02af7fd7141052e15d394610786d87538ba545b4db89839a50
workflows/cross-species/manifest/xml/SRS23284697.xml	3236	ee74be0ed94ac69015962d9af43b62500f60e48c661fbaeff5e52c3e4ada6099
workflows/cross-species/manifest/xml/SRS23284698.xml	3236	ef42582415e7bed3707e7e05f2a95dc2a790de70d02747834bc718d60f4d7976
workflows/cross-species/manifest/xml/SRS23284710.xml	3248	0f62b215a8d7d47e2a854ddc035abf00c3895899070b36f4dadc2ca54613af5b
workflows/cross-species/manifest/xml/SRS23284713.xml	3242	021c006227eba5055981557ac6005e1b24c606887f1f579e8e084b4f8c7db71f
workflows/cross-species/manifest/xml/SRS23293088.xml	3214	ddd120ce67453c9ca8a2828aedbf4decb231c815621cd3836896af7f9adaf4c5
workflows/cross-species/manifest/xml/SRS23293090.xml	3200	d4e660ba4927d29f563de282bfc25a82570a6387306ceb4049ee3cafdbc8cd4f
workflows/cross-species/manifest/xml/SRS23293091.xml	3204	b7ec4321db1e793f7ad647aa545a98579b7b65d5081cf1f2542be41cd1c8ba18
workflows/cross-species/manifest/xml/SRS23293092.xml	3199	afec67e776a5c50bdb5765ece0371dd31d14af8f1c59af38b6a0f8e17a41d902
workflows/cross-species/manifest/xml/SRX26798518.xml	2704	8d32f683586fca3cab494ab6d6a83ea4464b1dc7530b9d55440b1c95c9077486
workflows/cross-species/manifest/xml/SRX26798531.xml	2730	80ff2ab96ca2b5e97d475fcb50462bfa5f137c1b34e507a51f11300a7e998671
workflows/cross-species/manifest/xml/SRX26798543.xml	2620	f12b4217f9549148bdcdf4b52d3526bec22e942e8667dfab3eb6c9fb21322262
workflows/cross-species/manifest/xml/SRX26798544.xml	2620	d438525b3d381b092fca1baca6b6068ecdfc46e646309be3ec60d8417a489c8a
workflows/cross-species/manifest/xml/SRX26798556.xml	2620	e00f2e175388b42deed189b7eacb89b783361eadbfe9cbe6cd3da3077ca574c1
workflows/cross-species/manifest/xml/SRX26798559.xml	2617	ba2dce3c45f29db22f4733d030220d7d6adeaaa87040983e9b8ef114cca0e479
workflows/cross-species/manifest/xml/SRX26798575.xml	2700	9713650678c07c64ae6b24ec55f47c62296d01ef771d9efec874d7acf3b814bc
workflows/cross-species/manifest/xml/SRX26798576.xml	2701	48691c3a96efa45d07c5e1f9841af1d81d8a3e3ecd1359c774da60f30d7105d8
workflows/cross-species/manifest/xml/SRX26807786.xml	2669	2145d2d59f67ddb1f7c323ed2f9dc914a9993257a4efdb07540122625e13f4a4
workflows/cross-species/manifest/xml/SRX26807787.xml	2626	01f071981dc074e2afbd27f41988065b0e608be46b03dc5a6bae9f55a86c2a0f
workflows/cross-species/manifest/xml/SRX26807788.xml	2638	989bba1d955de1e23835cdb5977ae1c17c942e86b973a1a235f3ac1c5b1bb09c
workflows/cross-species/manifest/xml/SRX26807789.xml	2623	d64f87f7ff3644f219a1902188e3ba7aaa947a65873be89197e0f4fd60002096
workflows/cross-species/per_species/bos_taurus/SRR31429688/config.yaml	2222	3db27ef9820b2f70b8503b8f7a90e25fc4ee0d66b92b79ac0a4fdb34d742dd69
workflows/cross-species/per_species/bos_taurus/SRR31429688/default_flag_archive/Combined_LongGF_chimera_results_total.csv	27334	7a9d4e9aae68254eb5d2e62158ab85e6ebd4217ef2b4a86a3ee51e860ba19824
workflows/cross-species/per_species/bos_taurus/SRR31429688/default_flag_archive/Combined_LongGF_chimera_results_total.xlsx	22768	8ace572b1f4d8cdb198447b74ab1f71067d66dcff4f230f06566be4b97a267c2
workflows/cross-species/per_species/bos_taurus/SRR31429688/default_flag_archive/Combined_LongGF_chimera_results_with_sample_info.csv	32985	47f022375e790ad91e0cecfd73aa0ec69e6880e39c94004e630d0d28736a2b56
workflows/cross-species/per_species/bos_taurus/SRR31429688/default_flag_archive/Combined_LongGF_chimera_results_with_sample_info.xlsx	23269	334ef7f2d06d2f8f434c7bd13f038c6d31d8e4d511f6c95162c147d609c62a18
workflows/cross-species/per_species/bos_taurus/SRR31429688/default_flag_archive/SRR31429688.log	58364	9e0c52ae2d3acb6a92d34b196482dfff2d228ff9689fff4c59e8ac58a6dc8b25
workflows/cross-species/per_species/bos_taurus/SRR31429688/default_flag_archive/SRR31429688_mod.txt	44104	e11754a01a7dc771cbb0f19050306386220bdf9ba9a1d5d791bae209b32e3dac
workflows/cross-species/per_species/bos_taurus/SRR31429688/default_flag_archive/SRR31429688_mod1.txt	44104	b7cba227dacf1de666374d334f24686acf4c2440f3e029010f9bf5b3a5f4bb8e
workflows/cross-species/per_species/bos_taurus/SRR31429688/default_flag_archive/SRR31429688_mod2.txt	44104	28298229fd56b46c708db71b36f05631a7c99be7ca74bef975541021831843f5
workflows/cross-species/per_species/bos_taurus/SRR31429688/default_flag_archive/SRR31429688_mod3.txt	44632	978f4832a0ee5fe183e3f0b2bc09eebe23d4e5d77262440e51a13c41f9568dbd
workflows/cross-species/per_species/bos_taurus/SRR31429688/default_flag_archive/SRR31429688_mod4.txt	44672	8fa454cdf51d9fc77f466ba54a9034326206fa6b079a591b099653521e004fa6
workflows/cross-species/per_species/bos_taurus/SRR31429688/default_flag_archive/SRR31429688_mod5.txt	56887	fe32c8cc9d468df97495c1925ee215795ab54e2ef591ad6df6a1982fd544d350
workflows/cross-species/per_species/bos_taurus/SRR31429688/default_flag_archive/SRR31429688_modlast.txt	28690	25307bfb125d8ad9d330835e21fef7db618409f05800c4e7421f5bafdba422a8
workflows/cross-species/per_species/bos_taurus/SRR31429688/default_flag_archive/SRR31429688_results.txt	28689	9197511b97254e2041cb8952b8b7639d4b09aa0101eca0b216cd25fb349f1d5f
workflows/cross-species/per_species/bos_taurus/SRR31429688/evidence_read_export.json	302	59929f891f8adbd41a4668f363adfb330627bb613cad8bcf80e38c812b15e857
workflows/cross-species/per_species/bos_taurus/SRR31429688/execution.log	9628	08ed58af77648ae6fe5de7f35edbdd25f191f2656d67b53d40cc4110894b9ade
workflows/cross-species/per_species/bos_taurus/SRR31429688/genion_evidence.bam	1381940	bf1f5ebeea912e331df45823de75fd504b80fb7a061857c27af61e527fcfd978
workflows/cross-species/per_species/bos_taurus/SRR31429688/genion_results/SRR31429688.paf	582214344	eb10ad90033fa0e770ee796d38699e18e71baa0ccaa5c0e71965f3aa063c6883
workflows/cross-species/per_species/bos_taurus/SRR31429688/genion_results/SRR31429688_genion.tsv	1201572	dff83a14519cb81af8dddec701e9de87dadb66fb3eb8bfb67f23bfa4f0c7540f
workflows/cross-species/per_species/bos_taurus/SRR31429688/genion_results/run_genion.log	1453	a20a42e0a606a86e9f4a7eb68a2ba06f5c0a61dd6ecbff5f440050fa7421366a
workflows/cross-species/per_species/bos_taurus/SRR31429688/jaffal_deadline_status.json	240	0d1ebe3413e47ac8bfcb534d4f1fb769088ddaeb15593fe2ba3c98de81c627b2
workflows/cross-species/per_species/bos_taurus/SRR31429688/logs/longgf.log	251	960dc188a7b2f84e7401485582cea0cf41b8cba5d516b10aec87ec43a14d46ff
workflows/cross-species/per_species/bos_taurus/SRR31429688/logs/typhon_main.log	7645	63926c4d73027f532eec9dd990358526029ee53118dae3140119776ca913fc84
workflows/cross-species/per_species/bos_taurus/SRR31429688/longgf_evidence.bam	455862	fbf8403bd250b8e951cd91ea459199114d7d62e14be4841b14f8a2794651e61a
workflows/cross-species/per_species/bos_taurus/SRR31429688/longgf_results/Combined_LongGF_chimera_results_total.xlsx	22767	14a279f44bdc173a636eeff32a239f3b05a0628693976b2a696feac80051ba94
workflows/cross-species/per_species/bos_taurus/SRR31429688/longgf_results/Combined_LongGF_chimera_results_with_sample_info.xlsx	23268	c3e365ae18dcd0bc458406ad3ea6a855312866995d14627229e077b8fccf6bc0
workflows/cross-species/per_species/bos_taurus/SRR31429688/longgf_results/SRR31429688.log	58489	e713afbca482ba7a9ae92f1871f80191407347edbc8a06596ed3693656076dff
workflows/cross-species/per_species/bos_taurus/SRR31429688/reconstruction_longgf_only/exon_repair/Original_ONT_overlapping_mRNA_chimeras_fasta.fa	311257	43e9278a7334e8008a4b27a1bb18c53ffc1ffa7a44887336f553c212aafcc1f2
workflows/cross-species/per_species/bos_taurus/SRR31429688/reconstruction_longgf_only/exon_repair/all_chimera_read_ids.txt	4214	59f0570c0d36430036f3f4cff215cbcc4745f8a5f9e063d4f2be1472490cb664
workflows/cross-species/per_species/bos_taurus/SRR31429688/reconstruction_longgf_only/exon_repair/blast_result/chimera_blast_result.txt	515346	cf4a0f3618d90d928ad7d2507aa707e672071f2ff58e74303473b72d149ea432
workflows/cross-species/per_species/bos_taurus/SRR31429688/reconstruction_longgf_only/exon_repair/chimera_context.csv	14005	d27f367037f7e8322c266fa9abe39f79ec3b4de9ae49827b1572be9b99d2d760
workflows/cross-species/per_species/bos_taurus/SRR31429688/reconstruction_longgf_only/exon_repair/chimera_context.txt	14005	cf97fd0ce23a0e24d9257f9c07393ea30a0b9aca7b1557105ea3470c0ae836e9
workflows/cross-species/per_species/bos_taurus/SRR31429688/reconstruction_longgf_only/exon_repair/chimera_library.csv	24486	baf444008b46fd2b5077f2ca494e2f858519993f4109c4392fa0937c422fd137
workflows/cross-species/per_species/bos_taurus/SRR31429688/reconstruction_longgf_only/exon_repair/modified_exon_repair/transcripts_for_exon_repair.txt	8856852	f67be6677ec8e9700e780ecfe545017f7ce58b5d758f7e18f95f72f4bea247a4
workflows/cross-species/per_species/bos_taurus/SRR31429688/reconstruction_longgf_only/exon_repair/ordered_blast_results.csv	100390	a9a01f9b5dee763a96d5211e396972b39a57dd88ccae4fc61a47a63fe23101ba
workflows/cross-species/per_species/bos_taurus/SRR31429688/reconstruction_longgf_only/exon_repair/phase3_transcript_selection.txt	41380	c01dad860edbc712255a78a3b67613f06357067cb2b1dde79fde395b8d294b8d
workflows/cross-species/per_species/bos_taurus/SRR31429688/reconstruction_longgf_only/exon_repair/phase4_summary_exon_data.csv	421	693443599d31c435d6d35d7f8b59e9e16d60296d014c6f98cd1a72637555c6c6
workflows/cross-species/per_species/bos_taurus/SRR31429688/reconstruction_longgf_only/exon_repair/phase4_transcript_exon_debug.csv	417	0d962b7a78da64f16003dcfc04b546c93c115271852075a9632f4234b4a9f643
workflows/cross-species/per_species/bos_taurus/SRR31429688/reconstruction_longgf_only/exon_repair/read_chimera_pairs.txt	12460	d78759d2cc3edef06751395c3a599174fd0945eb8f4a0673773393d0a4fe184f
workflows/cross-species/per_species/bos_taurus/SRR31429688/reconstruction_longgf_only/exon_repair/sequences_final.fa	316261	0fea52ffac00da67b0c8db30c1ede93f38499d6162f4509876746951020b89ef
workflows/cross-species/per_species/bos_taurus/SRR31429688/reconstruction_longgf_only/exon_repair/sequences_unsorted.fa	311257	ed93cd13c55e18a80ac9b79aeeac5c79b0b7242487091f1296ad1e499480fe2c
workflows/cross-species/per_species/bos_taurus/SRR31429688/review_reconstruction/exon_repair/All_chRNAs_passing_blast_exon_repair.csv	25991	49069a8d996f2104601a20f96be1f02a0fd53993142c905182aaf117c4857d48
workflows/cross-species/per_species/bos_taurus/SRR31429688/review_reconstruction/exon_repair/All_chRNAs_passing_blast_exon_repair.xlsx	15757	1be9a43921488bc1998fe0b17db2338bca20094e88f15735ad0fdcacf7c11e63
workflows/cross-species/per_species/bos_taurus/SRR31429688/review_reconstruction/exon_repair/Fasta_cat_not_merged_seqs_exon_repair.fa	617028	03de9ca58276379a40f25eb6732d9da76fe2a12efbba4fa9dc1ae3c4ac92c369
workflows/cross-species/per_species/bos_taurus/SRR31429688/review_reconstruction/exon_repair/Fasta_geneA_collapse.fa	293012	b414ab33517ae0806ef45ace45da6b83c8492f7af7546a1785329aaeb8f86fc7
workflows/cross-species/per_species/bos_taurus/SRR31429688/review_reconstruction/exon_repair/Fasta_geneA_not_collapse.fa	310801	df91e5a7adc598b63a1ffa14af61689a538644b7f038361dc9e8041db46adc3d
workflows/cross-species/per_species/bos_taurus/SRR31429688/review_reconstruction/exon_repair/Fasta_geneB_collapse.fa	324016	c0297b1704e6941fdca2b09c31d14069022886068a83a3b3daf601eb436413fa
workflows/cross-species/per_species/bos_taurus/SRR31429688/review_reconstruction/exon_repair/Fasta_geneB_not_collapse.fa	332667	3b2cf2e465beb22f86e9d5527c8bf59a921d72bd063654b274ad7e9702fbbbaa
workflows/cross-species/per_species/bos_taurus/SRR31429688/review_reconstruction/exon_repair/Merged_seqs_exon_repair.fa	612745	cb6a2c56082296dc09be56e739aaf8c6481ed19db47630fb0e5150bfd782156f
workflows/cross-species/per_species/bos_taurus/SRR31429688/review_reconstruction/exon_repair/Merged_seqs_exon_repair_renamed.fa	622785	a307ee20d0e494e0032f2f381824961e0c25d47c8465c5f4961b822b9aca5bf6
workflows/cross-species/per_species/bos_taurus/SRR31429688/review_reconstruction/exon_repair/bed_file_A.bed	45545	23238c8a13583b5388b22ca9795772887eaef160655da226d288711dbb6110dc
workflows/cross-species/per_species/bos_taurus/SRR31429688/review_reconstruction/exon_repair/bed_file_B.bed	26509	94a8d80531b500669e1b6651e204ced9db75b7eb767240c79425cc9cb0e66f8a
workflows/cross-species/per_species/bos_taurus/SRR31429688/review_reconstruction/exon_repair/compatibility_fix.json	539	f3113e9ebac45127634361246042ee4afbb5266309539011d5cb652f56d09406
workflows/cross-species/per_species/bos_taurus/SRR31429688/review_reconstruction/exon_repair/independent_sequence_checks.tsv	8042	5695f00ea8201b7c53c193016c7ffa0e06e51f8c8115a276ebcef946d3fd9a46
workflows/cross-species/per_species/bos_taurus/SRR31429688/review_reconstruction/exon_repair/independent_validation.json	352	51644dfe711f24dcf5aff3eff48a8613dc23d91a876a97b9c88b4910ad2a1a63
workflows/cross-species/per_species/bos_taurus/SRR31429688/review_reconstruction/exon_repair/native_exon_segments.tsv	73748	9faabc6e3e6b3fa1b107a109f15149ffe7d45711b4bcd12906c524ef61b5ed0c
workflows/cross-species/per_species/bos_taurus/SRR31429688/review_reconstruction/exon_repair/phase4_summary_exon_data.csv	536482	a7cf6b4c2aa4154927de00cc74f733f0c6a3f20e4fb0b6951d7c9a7a7a9a289e
workflows/cross-species/per_species/bos_taurus/SRR31429688/review_reconstruction/exon_repair/phase4_transcript_exon_debug.csv	1231326	6fb70f3fed520cbb10d341538228ba187f06bf3a7517f6931349b8025aaf2d4c
workflows/cross-species/per_species/bos_taurus/SRR31429688/review_reconstruction/exon_repair/selected_exons.numeric_exon_number.bed	1443611	4a05ef5d24249beb439d01e942dd111e844158077f2e588bcd512a2d55204ef3
workflows/cross-species/per_species/bos_taurus/SRR31429688/review_reconstruction/result.json	811	c743a234571bdd3953e702ebe23736dec85a883240f9c8061e87cf4de31ab11d
workflows/cross-species/per_species/bos_taurus/SRR31429688/target_parent_coverage.tsv	2179	eefbd5c6fa65aae2c15592b8ea128ff3ef884841bf5a970739443cdea1fdf28a
workflows/cross-species/per_species/homo_sapiens/SRR31438987/config.yaml	2240	41a16d4391ff08e24563002e8b2148afd67ca07b209ed6b5897f198ea53feac7
workflows/cross-species/per_species/homo_sapiens/SRR31438987/continuation_config.yaml	2238	a49499e3165b6cdedfa5c9ad3eb317b883e593881512934b6d3af430e76a4d71
workflows/cross-species/per_species/homo_sapiens/SRR31438987/default_flag_archive/Combined_LongGF_chimera_results_total.csv	4920	9664d7e13c667a56da728d19a644b8882d08d8423beca95baeed782087662a08
workflows/cross-species/per_species/homo_sapiens/SRR31438987/default_flag_archive/Combined_LongGF_chimera_results_total.xlsx	9622	0338c8e25af3e356c1e753db8e602b807f99ccbc744ea9508e3fce8bbc941a8c
workflows/cross-species/per_species/homo_sapiens/SRR31438987/default_flag_archive/Combined_LongGF_chimera_results_with_sample_info.csv	5969	7325ce294ba35d77d94b0084822d3783d85f2beea4919b6cda34c449d302135e
workflows/cross-species/per_species/homo_sapiens/SRR31438987/default_flag_archive/Combined_LongGF_chimera_results_with_sample_info.xlsx	9724	61b511df2931c5ec35e878c6a9e81db3d02853b39d9cfad95e659fadb33c4e23
workflows/cross-species/per_species/homo_sapiens/SRR31438987/default_flag_archive/SRR31438987.log	12142	c19a55a58ce58b8816421218600597a1b8b8210e89b7fe14fbf104d9cf0a3279
workflows/cross-species/per_species/homo_sapiens/SRR31438987/default_flag_archive/SRR31438987_mod.txt	8338	7a40ddad715a2912dbc2fbb2de70df0d0cf06081cb9ade42854bcf84cdfc330a
workflows/cross-species/per_species/homo_sapiens/SRR31438987/default_flag_archive/SRR31438987_mod1.txt	8338	b07abe2a02ffacc7dfe08ed657cc0973a5b0550a5dc20fd2aa2a7a080585e28f
workflows/cross-species/per_species/homo_sapiens/SRR31438987/default_flag_archive/SRR31438987_mod2.txt	8338	15212bfda0cdbd179194c3af8278842688731c169447a4b574c77efcb46e2cc5
workflows/cross-species/per_species/homo_sapiens/SRR31438987/default_flag_archive/SRR31438987_mod3.txt	8446	f4f7a7c4e41bcfd42b5e111ccba1a02edf641c44a8597dd1b841e9ef20e27a83
workflows/cross-species/per_species/homo_sapiens/SRR31438987/default_flag_archive/SRR31438987_mod4.txt	8449	edd9ec37cf9de1c3b5ded3c11fcf311f3041803fc208c2fe8e70b660360ff217
workflows/cross-species/per_species/homo_sapiens/SRR31438987/default_flag_archive/SRR31438987_mod5.txt	10722	80ddc06e3695a672606e25a2610241fc5595f79e12fa4dd040391455c84fc3f5
workflows/cross-species/per_species/homo_sapiens/SRR31438987/default_flag_archive/SRR31438987_modlast.txt	5190	4043709a68176dc60d96919dc3b86542d0069790e9759147a39e24f5e536d54a
workflows/cross-species/per_species/homo_sapiens/SRR31438987/default_flag_archive/SRR31438987_results.txt	5189	c6c219cd07e40d4f7e446c1a24bb253ae3f3c034eecb451fe6753331266155e3
workflows/cross-species/per_species/homo_sapiens/SRR31438987/evidence_read_export.json	298	9913be7965002f061f3200075fee2e5e4515984f87639239b763df0cad1b90d2
workflows/cross-species/per_species/homo_sapiens/SRR31438987/execution.log	9222	7f442ff2c4d575f10853883303155ad1c561edcea02b6db6bdd5f7b80c63f1dd
workflows/cross-species/per_species/homo_sapiens/SRR31438987/genion_completion_review.json	339	6ee825e75242b5f869531f252d7e2ee61bf5a0ad1a1bc9a1a525e45da3459ce5
workflows/cross-species/per_species/homo_sapiens/SRR31438987/genion_evidence.bam	10629	1e9c9032a66c007effc4b4c6081ee36a798f7829a2384ba76ff298aaa3e0a384
workflows/cross-species/per_species/homo_sapiens/SRR31438987/genion_execution.log	7315	cdb771594928887e6778c596d7283a07e92c0ba5a7557bb0bd8b41d8723f246a
workflows/cross-species/per_species/homo_sapiens/SRR31438987/genion_results/SRR31438987_genion.tsv	93869	52ac63dc29ef8706f600ece0d95ac3a363691ab5f7154033ade2f222302cfeb2
workflows/cross-species/per_species/homo_sapiens/SRR31438987/genion_results/run_genion.log	1514	625d4860d321e9a95669b9ac807c30e0a302fe4cee88df096b79e36da1069aed
workflows/cross-species/per_species/homo_sapiens/SRR31438987/logs/genion.log	410	163e00cd4d5c7df45f0a8154f279c722a03cfd125d66a7f18e16cee4ba1fe9fd
workflows/cross-species/per_species/homo_sapiens/SRR31438987/logs/longgf.log	251	113c6f69d951ced6f902ce04f55cb8579bbbfafc28d937f54ec5b80a4919be17
workflows/cross-species/per_species/homo_sapiens/SRR31438987/logs/typhon_main.log	10664	c13f1314ab6a6b00ea30c1a05b921b75ac8d0d10fb68427a613324e815e88422
workflows/cross-species/per_species/homo_sapiens/SRR31438987/longgf_evidence.bam	66191	9d41bf9c09f6bfb09da9bb257661795de0e23db8a3e44aa86b507860490de916
workflows/cross-species/per_species/homo_sapiens/SRR31438987/longgf_results/Combined_LongGF_chimera_results_total.xlsx	9620	43cf4736277c658a2325b76faaf94db804ca8c15461098ee329c1ad91f04fc63
workflows/cross-species/per_species/homo_sapiens/SRR31438987/longgf_results/Combined_LongGF_chimera_results_with_sample_info.xlsx	9722	6b9167c4feb2f71217e82ef9573165df466b0cfe271aba8a481b6291099e8e5c
workflows/cross-species/per_species/homo_sapiens/SRR31438987/longgf_results/SRR31438987.log	12270	d12cc94ef8b9b6222ce43eee828ff6e034bbe486c205a3fc7b6ddcc824750f37
workflows/cross-species/per_species/homo_sapiens/SRR31438987/reconstruction_longgf_only/exon_repair/Original_ONT_overlapping_mRNA_chimeras_fasta.fa	41264	8f043d25665b61fc587eeff313d0b42a40aaa2ec0787cf7b30db5c670abb1e2b
workflows/cross-species/per_species/homo_sapiens/SRR31438987/reconstruction_longgf_only/exon_repair/all_chimera_read_ids.txt	752	ee43faae6dbc3d3533df37b9c5eb6ea5c6ebcda90c30453fb8e9070cfcfffbea
workflows/cross-species/per_species/homo_sapiens/SRR31438987/reconstruction_longgf_only/exon_repair/blast_result/chimera_blast_result.txt	382127	a1b4c983b7146afbc6ebf1ed0c3c66446cd5118551abf3892341a8533417594d
workflows/cross-species/per_species/homo_sapiens/SRR31438987/reconstruction_longgf_only/exon_repair/chimera_context.csv	2338	ba83ec3c5d7c8d8025c6594c5c5bc0633af45106bbf5662ab06e723fd29fb241
workflows/cross-species/per_species/homo_sapiens/SRR31438987/reconstruction_longgf_only/exon_repair/chimera_context.txt	2338	37e0e3cc3ca1cc2ea25a909dbcda586400856049ff4ea7c5352bfcf704700edb
workflows/cross-species/per_species/homo_sapiens/SRR31438987/reconstruction_longgf_only/exon_repair/chimera_library.csv	4041	ea00f8e80ef7c0b444c07361ec44de81f6a5646f4b9adf58aa0325a936744577
workflows/cross-species/per_species/homo_sapiens/SRR31438987/reconstruction_longgf_only/exon_repair/ordered_blast_results.csv	17372	7b2739c9251b73b18acb040e6b07bcd700fd228a5416f21c5eb30e2745572915
workflows/cross-species/per_species/homo_sapiens/SRR31438987/reconstruction_longgf_only/exon_repair/phase3_transcript_selection.txt	6826	96aecdccfb5207560641941b655c0bbdd9f06420ccf0516732e63292781ab3df
workflows/cross-species/per_species/homo_sapiens/SRR31438987/reconstruction_longgf_only/exon_repair/read_chimera_pairs.txt	2032	5e097450ddd797f9c4a4738f9d352db607b9401f65404ec0526646cc5d6351d8
workflows/cross-species/per_species/homo_sapiens/SRR31438987/reconstruction_longgf_only/exon_repair/sequences_final.fa	41918	5a1f8576d5ddada88b1bb9ebb097f7ac6dab42a6f9643c9f2492076697e60ecc
workflows/cross-species/per_species/homo_sapiens/SRR31438987/reconstruction_longgf_only/exon_repair/sequences_unsorted.fa	41264	8ea573603c572d0944ebe1213775d5734089d780661d7f248bc4ef451aa3f917
workflows/cross-species/per_species/homo_sapiens/SRR31438987/review_reconstruction/exon_repair/All_chRNAs_passing_blast_exon_repair.csv	4395	c3cccdbf8007ae831d5c849936905c58a2a76fde593957db19b74351aac00971
workflows/cross-species/per_species/homo_sapiens/SRR31438987/review_reconstruction/exon_repair/All_chRNAs_passing_blast_exon_repair.xlsx	7164	48848067868979f2ef4a69ef7373ff7775b26e99859f2cf3d44b19c424f1471c
workflows/cross-species/per_species/homo_sapiens/SRR31438987/review_reconstruction/exon_repair/Fasta_cat_not_merged_seqs_exon_repair.fa	97808	9b79133ddcafeb9bd477e8194814d29cb71dbd47a01a06f24eb6d96dbdaf45d8
workflows/cross-species/per_species/homo_sapiens/SRR31438987/review_reconstruction/exon_repair/Fasta_geneA_collapse.fa	52769	7a7c9cb728a69617923df82bac2fc1340f7bdd361d92b226ccf6f384def955a2
workflows/cross-species/per_species/homo_sapiens/SRR31438987/review_reconstruction/exon_repair/Fasta_geneA_not_collapse.fa	58004	a7b83791fe7a05cd0f4530ba43e83270361b0fc62784c926095afe73f15c5d5d
workflows/cross-species/per_species/homo_sapiens/SRR31438987/review_reconstruction/exon_repair/Fasta_geneB_collapse.fa	45039	6c4f957d3aaa7148ec9084ddf085ddb26fb45b6def7a25b319ffd9190b7db1fb
workflows/cross-species/per_species/homo_sapiens/SRR31438987/review_reconstruction/exon_repair/Fasta_geneB_not_collapse.fa	46205	84d0b0ff399ff0bc3c7de3bff8ab49f2444e0f3437d38b7a948d2f1db2e58230
workflows/cross-species/per_species/homo_sapiens/SRR31438987/review_reconstruction/exon_repair/Merged_seqs_exon_repair.fa	97039	e519ddd57ab753e386acef824096458ce1786755258e1436a6e2b9182a130b04
workflows/cross-species/per_species/homo_sapiens/SRR31438987/review_reconstruction/exon_repair/Merged_seqs_exon_repair_renamed.fa	98627	19c95958018a98b32bb2000dcacc9c703bcf68f0e3bd3eb84ed0edff09d5f894
workflows/cross-species/per_species/homo_sapiens/SRR31438987/review_reconstruction/exon_repair/bed_file_A.bed	12510	394842ffd213c30f1796d9cb5e38a1f9dc983be82e53503da93288c96e231a45
workflows/cross-species/per_species/homo_sapiens/SRR31438987/review_reconstruction/exon_repair/bed_file_B.bed	4013	f04572642691e602a3bc3b9bc614ba3dd98345f7348a8dbaed4be166b5e2f6dd
workflows/cross-species/per_species/homo_sapiens/SRR31438987/review_reconstruction/exon_repair/compatibility_fix.json	540	95a31974c54fe013563f579052a9d85b7d54e072944289eaf84afbe6160e90cf
workflows/cross-species/per_species/homo_sapiens/SRR31438987/review_reconstruction/exon_repair/independent_sequence_checks.tsv	1563	7d73ff19366d736f1087b4c85d407f8758c9db79b6409e00041a66666755792d
workflows/cross-species/per_species/homo_sapiens/SRR31438987/review_reconstruction/exon_repair/independent_validation.json	349	4939da7962c215a772e85a83726e985d1bc7213ad34882090e344ef55b238e08
workflows/cross-species/per_species/homo_sapiens/SRR31438987/review_reconstruction/exon_repair/native_exon_segments.tsv	16965	6c669a2bef8f3cc95dab58116f2765002b6ab0105398d3fa88ceae0f00db475d
workflows/cross-species/per_species/homo_sapiens/SRR31438987/review_reconstruction/exon_repair/phase4_summary_exon_data.csv	116726	c30c495b284762c40ec903879d4c0be5ef45a3a9351943a8e993ae62bd0380c9
workflows/cross-species/per_species/homo_sapiens/SRR31438987/review_reconstruction/exon_repair/phase4_transcript_exon_debug.csv	262724	81863bac34ca869db6273fe68bcdb2bbac59ad7aea75c3f4aea7abcea0788164
workflows/cross-species/per_species/homo_sapiens/SRR31438987/review_reconstruction/exon_repair/selected_exons.numeric_exon_number.bed	420119	47f13e78514709dd8c7273ccbdd3ddbf0159d1434a428f083ca743addd5a6c71
workflows/cross-species/per_species/homo_sapiens/SRR31438987/review_reconstruction/result.json	811	e9d8a68b52699076fcbf47d7422f58006947651604ef9c7cc203cd4d9148d18f
workflows/cross-species/per_species/homo_sapiens/SRR31438987/target_parent_coverage.tsv	1927	7c04dcbc12f27b5e0fa1de1ada3e765adeae0778f22d4f17d4eab6849a3ee0f6
workflows/cross-species/qc/analysis_freeze.json	275	e3142e4552e161e538b14db93f8b425e33aabc511ec4397fc80f043c7ad7a108
workflows/cross-species/qc/completed_vs_pending.tsv	959	19e862f1a07d4c6b8ad8935cfdef03d68e9768dd6c1afb38d830a0fe33f5b6a9
workflows/cross-species/qc/cpu_quotes.json	82755	197c63c5df26e1f205aeedef197eba97b06e8eb0fec09d8bad2da90031ba162b
workflows/cross-species/qc/deadline.json	562	2f464280fd18590410c93ff4b65716f0f785714e1b3ecc9e28ae64ffff679ca9
workflows/cross-species/qc/deadline/scope_frozen.txt	29	5afedcce0007f22fd8a98b594d2c088c792c7ddb402091aea54744620e69a379
workflows/cross-species/qc/deadline_jobs.json	1152	1f46f7ca9dae1e4feaee1c2f120a28c17cab1b2f1ac974587185076dd550324f
workflows/cross-species/qc/existing_instances.txt	420	30a6c42b227ebdaf1ab570658b1d8bf319b1f7e3d011497fe5841d4e63f8247f
workflows/cross-species/qc/export_pid	6	b676d64cc4dec85622948c7dc0efaf127412e516bdfe239a7846c7d6a6a9cd98
workflows/cross-species/qc/final_evidence_validation.json	1272	c57bdc3452514a06a71258da6ae1d93766a3620d51b5585350570a6508ffcca9
workflows/cross-species/qc/gpu_quotes.json	58635	09130e23b2d598daa04588479ff0b6063a22238f5d4d7d0e102695c6754279c3
workflows/cross-species/qc/install_plan.md	561	d0bcdfda01382ffc5a6ca010430fd9544a197be73eab1abdd6d920fd99aa669c
workflows/cross-species/qc/inventory_after_cleanup.txt	1417	f4b0d25407229faca3007339a2f39333e8ab0cd8861a62bdcb73f805e517350e
workflows/cross-species/qc/inventory_before_cleanup.txt	1545	a1495123d99aab52385a9c5ccf96a0016d76300358a8490a59456181dd4cccc2
workflows/cross-species/qc/longgf_controls_test.log	57	ae8f4b4cc82f4a95b173da32767cc371c2f17f0c6e269af39c144bf1f3c16217
workflows/cross-species/qc/orthology_download_pid	6	2aab8313c8256243c11d177988d81c22e68aeb30e7e1eeb36bb3c06e55d93851
workflows/cross-species/qc/package_verification.json	286	862730d3011abb0a3e36789f1fe18121a774d4265284099f09787c3badebadf8
workflows/cross-species/qc/pair_comparison_test.log	100	a6707d4eff38012da33ddc34bc6dc076a3b17151cfc9aef223c8790cbe64c3da
workflows/cross-species/qc/post_create_inventory.json	1209	45fe2a029ecd4dcbfd81734aeac2a9f24b5756206e578e380d8da709c3bcfa62
workflows/cross-species/qc/reference_adapter_test.log	712	1afe6b3be753f638321c043f18d18ad082f6a4885180076b2ce2d4437f98ef8e
workflows/cross-species/qc/remote_export_verification.json	5480	75ee3f5a2b92c5e2a0c166a6300f32f37522bcdae80f14cec0f6208f30a02185
workflows/cross-species/qc/runtime_cleanup.json	261	5c48fdbfe894985ea39df0fff6916cd9c1b6e51b4bb58c30efad0e47e6274304
workflows/cross-species/qc/spending_manifest.json	2963	06225217a2db9c6d6ea126a0431ac298ca12300c6c97be88fd882f5f4f522631
workflows/cross-species/qc/synthetic_controls/genes.gtf	940	d5e4a10db16f1ef85ee3bb2c138a81edfa55e7875590be72b4b9596a13d2c9ab
workflows/cross-species/qc/synthetic_controls/genome.fa	6026	d138abeee525c917e932762f5223238755faff0e82ae0abfee7b785c49c61856
workflows/cross-species/qc/synthetic_controls/negative.alignment.log	832	5435e93451605d5fae5ccb81b090b64a997837368ec2f532a535442da9990296
workflows/cross-species/qc/synthetic_controls/negative.longgf.log	1178	fb32c7f1371cad81c4f933550c445dee0326ac3e72fb89391fcb721cb7153e40
workflows/cross-species/qc/synthetic_controls/positive.alignment.log	832	a1de82e933a2f1c909ee8c26a00969ebe1a77eab01766a85e35ed43b6c37c092
workflows/cross-species/qc/synthetic_controls/positive.longgf.log	1708	a15550ba3329b961dd515b135ed90639a6f4804ce9952a3d8ee98c7be9497ef2
workflows/cross-species/qc/synthetic_controls/result.json	118	0e60b23dd84ee97c23a3712cbb367b71868d575b71e2d0a8daf6d7f8078027f8
workflows/cross-species/raw/SRR31429688/SRR31429688.fastq.gz.provenance.json	403	755c052035995c2dafacae36d827233e3dcad454ab37cddc168cd0d8ade1e51f
workflows/cross-species/raw/SRR31429688/filtered/SRR31429688.fastq.qc.json	674	89dbb9cd5810e1fa4c1472530aae6c28091e750c0c12b5957cb315a41096a97e
workflows/cross-species/raw/SRR31429688/read_id_map.tsv.gz	66669223	97477f1e021e981407622b95cf785363bcce1cda223c6e65676e80b81d9f83a3
workflows/cross-species/raw/SRR31429688/read_id_map.tsv.json	166	8e386b67e8e3a4365d4bb3b0ca68488e542e7d02f12f5ac86f7ad708ac7623ee
workflows/cross-species/raw/SRR31438987/SRR31438987.fastq.gz.provenance.json	402	b1c6a048d5267f5b068fc1bea16ed8c51c87fe9c05a4afc4c1e58c66e4e06350
workflows/cross-species/raw/SRR31438987/filtered/SRR31438987.fastq.qc.json	571	777e1c8cfdd384c4558804a62ad72c53d6b1d430ff6e4bd208f39b931a906e2e
workflows/cross-species/raw/SRR31438987/read_id_map.tsv.gz	17341328	b3614a36f9850580644ef6064336268332f1649dd767180d85603d2eaa6b3665
workflows/cross-species/raw/SRR31438987/read_id_map.tsv.json	164	162e792f11edfc102d545a9703080c02efedd3d00e3a948ed67fc513d2ade90a
workflows/cross-species/reference/bos_taurus/Bos_taurus.ARS-UCD2.0.115.gtf.gz.provenance.json	393	5132ea5f80d173416f5ff90d72d06248ae5cfb27931846f977bb772c412315d1
workflows/cross-species/reference/bos_taurus/Bos_taurus.ARS-UCD2.0.dna.primary_assembly.1.fa.gz.provenance.json	435	ddcfc1d8ddda3c69542e3e13475fdbaa033e0937ad1f7b763e0b4a602198bb94
workflows/cross-species/reference/bos_taurus/Bos_taurus.ARS-UCD2.0.dna.toplevel.fa.gz.provenance.json	416	5167e18a3eed862af5ea0c9da3480c207278d16da79a0ee3e0b97b66e79ecaa7
workflows/cross-species/reference/bos_taurus/adapted/adapter_qc.json	481	944cf2be9b8cfd9efee94feec3a9fb7eda1559625f3979387e5c8b11bc6ea752
workflows/cross-species/reference/bos_taurus/adapted/gene_names.tsv	1340895	13555d04c8d4c3a98019d758e1db52aebbc192ca05e0f25ea2a2987693fc0c6e
workflows/cross-species/reference/bos_taurus/adapted/transcript_names.tsv	6969274	a980bcd823af4a95ae01c8c427fe77de71c6b4734e9ee8e0b991568d136cd687
workflows/cross-species/reference/homo_sapiens/Homo_sapiens.GRCh38.115.gtf.gz.provenance.json	394	cf686d0638bfe88a9266f5af67ac0813f9583602a89fa3c44474a7d02c236d60
workflows/cross-species/reference/homo_sapiens/Homo_sapiens.GRCh38.dna.primary_assembly.fa.gz.provenance.json	432	c40206aa79b8761de1b67071a325b7f129019aa486893326539bc62eb0ab46f5
workflows/cross-species/reference/homo_sapiens/adapted/adapter_qc.json	491	6c1ede4af858fbc2485eba300a5c60d638a930480bbeb7c24c069033e3a3c71c
workflows/cross-species/reference/homo_sapiens/adapted/gene_names.tsv	2673936	afcd0f1bf81fce0e992b728329249c03bdd183510d12ef83913510bba017d1d1
workflows/cross-species/reference/homo_sapiens/adapted/transcript_names.tsv	39789983	3036a31eb4c4bf2a2991f30b7cbeeecec51f0a3ad068676489874cd9881ea1ed
workflows/cross-species/reference/orthology/bos_taurus/Compara.115.ncrna_default.homologies.tsv.gz	9656567	de5603c9c5852401f5b12b9cca22467975818dbcdede48e523c38f074ad8b82a
workflows/cross-species/reference/orthology/bos_taurus/Compara.115.ncrna_default.homologies.tsv.provenance.json	325	5fa48030d1457fa13ccd3db33c1c5172ee4f3afc4cfc08230b9b53f3bb726c73
workflows/cross-species/reference/orthology/bos_taurus/Compara.115.protein_default.homologies.tsv.gz	102073263	781804f55dd8bd5abbbe10206a8cbe235da731cb517904c3f853645a11cf7c28
workflows/cross-species/reference/orthology/bos_taurus/Compara.115.protein_default.homologies.tsv.provenance.json	328	47b3a1140e0061d440d78d7d4c71a3124499c729aa7adf140a52316d8d4aac22
workflows/cross-species/reference/orthology/canis_lupus_familiaris/Compara.115.ncrna_default.homologies.tsv.gz	14709033	a83112c48ea99ca4a644dd285523709694aefea202a2e1a79ee2ecab8c6e6022
workflows/cross-species/reference/orthology/canis_lupus_familiaris/Compara.115.ncrna_default.homologies.tsv.provenance.json	334	012c86caf47e2a993c0a72367f13c17139b5e2125235d239117e455ca5816b87
workflows/cross-species/reference/orthology/canis_lupus_familiaris/Compara.115.protein_default.homologies.tsv.gz	82695242	210f93e701aa4c0caec072b99370f31f71bba23ae7f6125b8ae4519af385e2ba
workflows/cross-species/reference/orthology/canis_lupus_familiaris/Compara.115.protein_default.homologies.tsv.provenance.json	336	4e8de934d3771daabe3a2329093510f8d1c85215a438d840f1782be80f3be237
workflows/cross-species/reference/orthology/five_species_homologies.tsv	43456682	ee2f97789b6052d6966716a9366d98595e3e6915f47e8cce5f92dbd9e64761c3
workflows/cross-species/reference/orthology/homo_sapiens/Compara.115.ncrna_default.homologies.tsv.gz	32715646	bbb91dae22210325d55b30d08c9266ff41489231a099da5ae49ccf02535dd354
workflows/cross-species/reference/orthology/homo_sapiens/Compara.115.ncrna_default.homologies.tsv.provenance.json	327	16485ec90312216a1ad73e7c39a91e5deaffb7619711de16a505c3f3dfc6190c
workflows/cross-species/reference/orthology/homo_sapiens/Compara.115.protein_default.homologies.tsv.gz	107298025	8e8243ae5c34ee62bb853f5a11b3e7488d596ac1a777c02e8eed00d1b575beb4
workflows/cross-species/reference/orthology/homo_sapiens/Compara.115.protein_default.homologies.tsv.provenance.json	330	d776280726926097f3e0cdc4a22d48947727f5332f75ea1b106075f843cabe52
workflows/cross-species/reference/orthology/mus_musculus/Compara.115.ncrna_default.homologies.tsv.gz	17394525	71b58d59c00b9cfc2cee8b0c8ba9663598025fafa42cb7f8232e7ac76d81b700
workflows/cross-species/reference/orthology/mus_musculus/Compara.115.ncrna_default.homologies.tsv.provenance.json	327	35845228da551b138396776e10fb096364c738a01bf09a827dffb388d2b21516
workflows/cross-species/reference/orthology/mus_musculus/Compara.115.protein_default.homologies.tsv.gz	110527677	ed82f17dda96df6b47d0885e07bb3adc7d274c760e10437fa3a58e7081206dd0
workflows/cross-species/reference/orthology/mus_musculus/Compara.115.protein_default.homologies.tsv.provenance.json	331	88695af9ac93ea7a08d39f81a730030fd6419acfc8382a5fb5231ee7eba8445f
workflows/cross-species/reference/orthology/rattus_norvegicus/Compara.115.ncrna_default.homologies.tsv.gz	12702177	3fa09aaaa1a3df3ab6cbce197ca067f2b9046a31c2753edf5454d8d953f07c31
workflows/cross-species/reference/orthology/rattus_norvegicus/Compara.115.ncrna_default.homologies.tsv.provenance.json	332	e1341f598de57cd93f293786121e42fba3ec02d8bf575d9548d5507c0b2817e5
workflows/cross-species/reference/orthology/rattus_norvegicus/Compara.115.protein_default.homologies.tsv.gz	111571888	f2bb7589a146ba541e83bd2798cdf1b8f32cc56edfe60a353183702079b63412
workflows/cross-species/reference/orthology/rattus_norvegicus/Compara.115.protein_default.homologies.tsv.provenance.json	335	f85db1fbca67443cc476b2f987131215270ca712d3cdfdf4a47754994a41c1ce
workflows/cross-species/review/coverage_targets.json	884	3c43b08f0206ac401d95bb171a5387305215ce351d9d8302eaf16a708d6770d7
workflows/cross-species/review/interpretation_sources.tsv	602	a66f5ccf4b025a65e0bbd619ac0d896fcc148f557dd0c7432a76a510c6a80919
workflows/cross-species/review/junction_review.tsv	61212	d20d76976b88cd938d721748fefae531e365c065fbfc25714a9d4efabf089f91
workflows/cross-species/review/junction_review_summary.json	354	fdfd40099cde03e62cd8f18cac0717f9e26d1e2f5cfd973fb949194583163713
workflows/cross-species/review/reversed_order_audit.json	164	82b05a54d761d295ddf4471312bade2958dcef1a1579f858fad76519ff0cf16a
workflows/cross-species/review/reviewed_top_cases.tsv	4642	8880a40c4ae060f8c06a3f16a794df49f6e87c552063dd7842d30a5486830676
workflows/cross-species/review/selected_cases.json	5486	fccb28dffdf6c8ab9537840f52f2fef431d0bf4724aebf75ce2ca4fb9d499115
data/raw/41586_2026_10982_MOESM1_ESM.pdf	2903878	e2a65eb8de37fc549056e6c99e739efb460937f6c724e2da37ac1a026a59e3cc
data/raw/41586_2026_10982_MOESM6_ESM.xlsx	524218	28705453eb706e553f5e69a64828967f542b774b766ff23d62a99d35589e21ba
results/compute/pilot/output/SRR37513722.bam	22477511	5c34feb40460c037ab71d58dbb4ff80f18364d63504f4e41b051651c61360180
results/compute/pilot/output/SRR37513722.bam.bai	1532224	ecb7158afe6142aa0d7e97797ed71a681c12a2b53017173e2998139714d71156
results/compute/pilot_2m/output/SRR37513722.bam	183516961	a21372719c2b25a4a4a1fefe4fb5e6d18f0a134b5b32a859ed1ab921b87ad5dc
results/compute/pilot_2m/output/SRR37513722.bam.bai	1581288	ab7d282e3ce833f070075fed8fa10da90850afe4256e8b997d5ec4e199b7a8f2
results/structure_campaign/EXECUTION.md	8476	83f5a6c46943b7e6d3dafbab3bbb322303340ebc017478576aa940a9feeb0dff
results/structure_campaign/analysis/alternative_start/disorder_summary.tsv	989687	347f5bd6bfb1da58806438a9dfd0b4083f974e26e8280d5b5769f5baecd92257
results/structure_campaign/analysis/alternative_start/profiles.json	22501221	b3a44ceb06efcf38aa76d9160f7935d6b4fd9170771ca87564ffd1c565014a2d
results/structure_campaign/analysis/alternative_start/residue_disorder.tsv.gz	9603651	4c1cce92d6960fa4a11aeede49e1178cd81c4126679ab323147399673d8ddf51
results/structure_campaign/analysis/alternative_start/segments.json	336112	4051ee714f315a88b3ae992536bca4f07fa9113a10d0b7089e8065f69ff465af
results/structure_campaign/analysis/controls/control_audit.tsv	370924	20169894837696522b05e035c666a094de245fc294577acec1ed279303d1be16
results/structure_campaign/analysis/controls/disorder_summary.tsv	480822	3cc8008853c84db8f7755727194f294d5e8444ee291dec7303d6c5d14d6115e9
results/structure_campaign/analysis/controls/links.tsv	548864	4a973f082ef96eb262063ca0eb8bf87cb11b04174e659d16eceafb1fff18bb6f
results/structure_campaign/analysis/controls/metadata.tsv	425544	12a69d48aa6f9f7a485718530ec0384946a29b5a766cf101772bdab0638b3477
results/structure_campaign/analysis/controls/profiles.json	12141638	96cc0a2f52a8bd60f67aeff5d329871a1a382cd91dc86b493c48fa21c9a57afa
results/structure_campaign/analysis/controls/residue_disorder.tsv.gz	5228321	cf5bc8255c5b6a87da7f23cae44fbdd58c1509393c898f78cd6c371fb9210e0d
results/structure_campaign/analysis/controls/segments.json	219662	690377a928d9a3901463369439f55881aa665bd1ec357b949d0d9449dfa5bdfe
results/structure_campaign/analysis/controls/selection.json	602	2984fb0b9266926cbe8123a49678fc6cc840a2e2c80548cbee2424bb8d87a6c5
results/structure_campaign/analysis/controls/sequences.fasta	277752	16290ef4d77f4cebde69146efd7e4bd002335c5e4b544980808cf9a5ed38a9e4
results/structure_campaign/analysis/profiles.json	3548169	e3a7e7dd7394f23c5d44dbbc1d8a880fd0a2f562bba30c802f9661cd4fb56290
results/structure_campaign/analysis/residue_disorder.tsv.gz	1526579	528eea46402295fb51760cb3efd877cab4d2439b8c53bd3091a997e44816192e
results/structure_campaign/cohort/GSE267147_gsm_metadata.txt	40957	7060aa0b896214914432cdf92bb54c5ab1aab52213fa9f1cb15d4917adbd8a47
results/structure_campaign/cohort/control_links.tsv	3339223	87c050ff65e56f2a21171269bb16b23e27adbdc6756c006bacb69f3f94358f4e
results/structure_campaign/cohort/orf_hypotheses.tsv	2148980	8bfe3c74d7a7a6873e6e2be41f9364e2fa36d63ffbbe1a29431478801b241582
results/structure_campaign/cohort/parent_controls.tsv	888208	61291220ca6a955d21aeb7f91914b38e15a844e6d7f41629f93594ca30462126
results/structure_campaign/cohort/regions.tsv	1832198	ce7dbbd741597b3a897185aff1a4a16de655c682cf86d863490148cd9fca9c06
results/structure_campaign/cohort/residue_map.tsv.gz	52114334	f26971c52449f8e5e1e19a061a57be75c9e42ba906d071f51a600e44a09ff569
results/structure_campaign/cohort/transcript_hypotheses.jsonl	3776390	0af37083e92cabdc22ee345082cda019091301b6f5b85abbe22f771653f0a409
results/structure_campaign/compute/STATUS.md	3846	8973cace61628c5db512962268d22b1e9c316c8371485098ba767fdbbff5d021
results/structure_campaign/compute/cached_jobs.json	3262	722a600442addbce05fd7938271a8b114667cdd457e50b02274b5b9234c47eb9
results/structure_campaign/compute/campaign_receipt.json	4821	6cc8f260a7d76024465bf3490c2e5f58f1411376626c355175e850fa5b5b2b98
results/structure_campaign/compute/cleanup_receipt.json	2382	f4e4a7f46befc2a390e390c381f2c4406db2a3b07b428ed1c08a7e878af9e17f
results/structure_campaign/compute/consensus_msa_prep/approval_review.json	800	bdaf58d63019a9596142eb7345a334aa1534a81617ab7ea02d57a0bf6d2009ea
results/structure_campaign/compute/consensus_msa_prep/inputs/manifest.json	50470	12237332c66afb3cb7043d03d2a334f9e75b4580d0d60af8d07489c8083284ce
results/structure_campaign/compute/consensus_msa_prep/inputs/protein_00fb8657255fb894315401cecb9ab9e3047ef7b3d1f0d35d357663269780201c_seed20260919.fasta	135	9f6cb4882afc0deaca6a0272dbfc413187be27ebbf6e41b627fdd5b39ebc662c
results/structure_campaign/compute/consensus_msa_prep/inputs/protein_00fb8657255fb894315401cecb9ab9e3047ef7b3d1f0d35d357663269780201c_seed20260919.yaml	196	f07fab801a89195efb8a8b0850cea3cc0bd482f959087eef0f85ce0ce015710f
results/structure_campaign/compute/consensus_msa_prep/inputs/protein_101700281cde078bee94b7382d6e603a4babf7b2c6c73ebf43d4a469d59c79f5_seed20260919.fasta	247	ed64d4f4ac143646d18df5a464216eff0d117e9d96441b9965fec90a45602137
results/structure_campaign/compute/consensus_msa_prep/inputs/protein_101700281cde078bee94b7382d6e603a4babf7b2c6c73ebf43d4a469d59c79f5_seed20260919.yaml	308	3730384e931e53b8f499907fe516a526f19db20824c7279262c5431a736ccbf2
results/structure_campaign/compute/consensus_msa_prep/inputs/protein_17d111deb4d6dc3037080cfa51b4f13d1b3e22d45fa78ccc97a0cca4c2afed7e_seed20260919.fasta	252	7c57cd84a12099ba8a5f769dddf837d0e801af5b9e8022be8c288fc248002d3a
results/structure_campaign/compute/consensus_msa_prep/inputs/protein_17d111deb4d6dc3037080cfa51b4f13d1b3e22d45fa78ccc97a0cca4c2afed7e_seed20260919.yaml	313	984e38ad87ac163cd2bd4bc8feef6258c097f718a42d5109849acd841293278a
results/structure_campaign/compute/consensus_msa_prep/inputs/protein_1bce31ef49449220635ddadc203907308fc7f2ec67e7d48732292471c9bbe3df_seed20260919.fasta	120	8dbee56d36c956b2bee9523712d72c087edbf3b2741e776dc74274e658a38014
results/structure_campaign/compute/consensus_msa_prep/inputs/protein_1bce31ef49449220635ddadc203907308fc7f2ec67e7d48732292471c9bbe3df_seed20260919.yaml	181	ace52061fba5e031883cb625a85c036812fc8e811b3f6a98cc0e8c3c79c41100
results/structure_campaign/compute/consensus_msa_prep/inputs/protein_1e8bc65243a9facc8e4feddf58cbbe693b2477dfe7a89be4bd6f1930464904dc_seed20260919.fasta	169	1a9e84c3be3b2b4dc7e2e2651e6b6fd4fe9664b4257fb9314731e09e9afe6e24
results/structure_campaign/compute/consensus_msa_prep/inputs/protein_1e8bc65243a9facc8e4feddf58cbbe693b2477dfe7a89be4bd6f1930464904dc_seed20260919.yaml	230	daf870899e72c0ee65de039ef1acd764d0efdd9d46c54070139f3eeb70395d45
results/structure_campaign/compute/consensus_msa_prep/inputs/protein_2f5ccec75975e3c6f577920bce8d2353c43c2083ced5a445cd4306874aa49f96_seed20260919.fasta	132	732dac836505899cd426038c695c6a8621482e8c02b364040d40f9d3d1727325
results/structure_campaign/compute/consensus_msa_prep/inputs/protein_2f5ccec75975e3c6f577920bce8d2353c43c2083ced5a445cd4306874aa49f96_seed20260919.yaml	193	8679bbf4f8bd130fb63e49c0777705be8d4c72a389733594fcb54a90d70b1c1c
results/structure_campaign/compute/consensus_msa_prep/inputs/protein_3538354085b81ef36c100a2816d54993d184f50f51149beb3c72110afb62890b_seed20260919.fasta	127	d7d4824cd1a2c917c875fb0c5f353df317e8760469f8bd4b07e24203d4cc066a
results/structure_campaign/compute/consensus_msa_prep/inputs/protein_3538354085b81ef36c100a2816d54993d184f50f51149beb3c72110afb62890b_seed20260919.yaml	188	da4eaa577a705dc4c110def810e4a29da38a2f6d3abc19ca74771365a9cc5110
results/structure_campaign/compute/consensus_msa_prep/inputs/protein_3868fed335582b3a056d423efc2dbae9dfa7c7350d3572a0f67798065f307d53_seed20260919.fasta	187	52a7a86fc57d150bf54aa98d76066a2815bfe8247f28e8de6ad9b2b6b8e810ee
results/structure_campaign/compute/consensus_msa_prep/inputs/protein_3868fed335582b3a056d423efc2dbae9dfa7c7350d3572a0f67798065f307d53_seed20260919.yaml	248	cb21a4cedddfb5638852f6f6a895a357c60c2bc013f79d2cb831d38de8645e76
results/structure_campaign/compute/consensus_msa_prep/inputs/protein_3efb26690c36c414062c23d0c47a34fbb57d8f10f8edf672769c2cddb8218cfa_seed20260919.fasta	295	e1236b06bcb53a18d323e62426f67f49002c8ad723f5525f4190fc6f9009c61f
results/structure_campaign/compute/consensus_msa_prep/inputs/protein_3efb26690c36c414062c23d0c47a34fbb57d8f10f8edf672769c2cddb8218cfa_seed20260919.yaml	356	8d51c9b723b166ee4994b4dd2eb0aff1aff2c71059babf043b653bec06a83738
results/structure_campaign/compute/consensus_msa_prep/inputs/protein_5e0a55ceea7aa5596a1130b2f7a693b8a52acf6bf2ac12e69951ade5c9fb2d52_seed20260919.fasta	206	f042078451661ab84ba41fb4bbc90f92370f2726e3c38830ac5a531e7d15f3c1
results/structure_campaign/compute/consensus_msa_prep/inputs/protein_5e0a55ceea7aa5596a1130b2f7a693b8a52acf6bf2ac12e69951ade5c9fb2d52_seed20260919.yaml	267	9aeef3c8b8e2723beb85c30a7524fd185c916b11701a433dd4bc550106f73434
results/structure_campaign/compute/consensus_msa_prep/inputs/protein_61dbcd41ff74ad3f3b63240c13327fee06c0feb5d06fe4cf72c1220d5d18bb06_seed20260919.fasta	255	da020289ba5e0db1361d7e0a355b1c6fe4ed918d9a1973b88556fe19656ba5ee
results/structure_campaign/compute/consensus_msa_prep/inputs/protein_61dbcd41ff74ad3f3b63240c13327fee06c0feb5d06fe4cf72c1220d5d18bb06_seed20260919.yaml	316	146c0ed84c6cd87460e87cac8a3ab5568f1d6e19d74d5a76bbfd3198d58fe55e
results/structure_campaign/compute/consensus_msa_prep/inputs/protein_6de3b695e6fb7625fb0b645afd1d9dbcedf1ea280f2faf93d7ebafbd589a09ef_seed20260919.fasta	386	8c9f5587b9eef3fa49aa12b54aef7ae2235edda22d415fa5e95990d69f7cadd5
results/structure_campaign/compute/consensus_msa_prep/inputs/protein_6de3b695e6fb7625fb0b645afd1d9dbcedf1ea280f2faf93d7ebafbd589a09ef_seed20260919.yaml	447	c6268f001bc6aa8d1fbdbd563cfdb1979e08b3fb36edf0fd4f6363e321ef7d5e
results/structure_campaign/compute/consensus_msa_prep/inputs/protein_7153a9988f10e3f16ef9401be9c3ebf0e792e0075a0738bde80362e44019b419_seed20260919.fasta	392	de60c098a4405dd933a6849247204b6f7fb117098735492871d3e894166cca38
results/structure_campaign/compute/consensus_msa_prep/inputs/protein_7153a9988f10e3f16ef9401be9c3ebf0e792e0075a0738bde80362e44019b419_seed20260919.yaml	453	40fb012413b8ebeb9b664d9c8f3a73bb4d3b0b710f2842ef6eaf9b3292ef1bfc
results/structure_campaign/compute/consensus_msa_prep/inputs/protein_74500f70e6a9f3f7e33db93e70c8610c8c7af7704f8522687bc26abc4cd3eb18_seed20260919.fasta	322	041eb7584c0c50c87b31900ee1f06d2141a476a8c4b5393c532542cba8ceb1e8
results/structure_campaign/compute/consensus_msa_prep/inputs/protein_74500f70e6a9f3f7e33db93e70c8610c8c7af7704f8522687bc26abc4cd3eb18_seed20260919.yaml	383	53555a945a5fb6823862e1b4959efc56b779e38d77f68488d3cd5c2b4b51550c
results/structure_campaign/compute/consensus_msa_prep/inputs/protein_7a9f6f4887bd814b003cf10313fd2533c1efedd27d7e63a1d4f1508167c28ace_seed20260919.fasta	127	4cd7f84ac5f81fc1ff10878e9b31288d9ed12502fe893aedd08184ff665f31ca
results/structure_campaign/compute/consensus_msa_prep/inputs/protein_7a9f6f4887bd814b003cf10313fd2533c1efedd27d7e63a1d4f1508167c28ace_seed20260919.yaml	188	45a367ac0738962f38d5937d686f6f54450717f98d16c9932ded41a599233c32
results/structure_campaign/compute/consensus_msa_prep/inputs/protein_7c620433a33c479bd09812150c15d2e0accd796c3cd40b057543080302fe009b_seed20260919.fasta	134	fc9d4cf843e29a4725cab8cbeea4fbf0781aeba3a50d6ac117e5b63a51f4648e
results/structure_campaign/compute/consensus_msa_prep/inputs/protein_7c620433a33c479bd09812150c15d2e0accd796c3cd40b057543080302fe009b_seed20260919.yaml	195	37aa9dc107c1f714db75523a31e3005a235897d72f55836654914eb0a870177e
results/structure_campaign/compute/consensus_msa_prep/inputs/protein_899325e73395c7c25bfb100e110524886b8177bae90a0ab97604b66f4b77da1e_seed20260919.fasta	183	02b55728d6285d0f3cc811515a1e3373df28562c0a9b92c8567185e31953f918
results/structure_campaign/compute/consensus_msa_prep/inputs/protein_899325e73395c7c25bfb100e110524886b8177bae90a0ab97604b66f4b77da1e_seed20260919.yaml	244	d9a9019bb9e912cdad113a3d9a31ce2bcce301dc2c7a007c0f1ae3486f1a12f7
results/structure_campaign/compute/consensus_msa_prep/inputs/protein_91b6c2354036f74992cb5f2520a3614bb2b0ecc3feab662dbb7e791accc4b3b7_seed20260919.fasta	301	02ba5d338c2f016ba0df94c8ed8b4f46353e72268743e7047efec0c8e3c50256
results/structure_campaign/compute/consensus_msa_prep/inputs/protein_91b6c2354036f74992cb5f2520a3614bb2b0ecc3feab662dbb7e791accc4b3b7_seed20260919.yaml	362	aec8f3ede3b558f9133d638773211246b865c961fabaf20f614bfa7d06786ae7
results/structure_campaign/compute/consensus_msa_prep/inputs/protein_9a99577ea77e93a51bb896132001fac6caa242ee517a62995ddef9d39a72f54a_seed20260919.fasta	799	1c5720a5d43b9f1fdb99e649a47e275201c81684dd764d2fbf0b129186b23958
results/structure_campaign/compute/consensus_msa_prep/inputs/protein_9a99577ea77e93a51bb896132001fac6caa242ee517a62995ddef9d39a72f54a_seed20260919.yaml	860	72b1265b963ca52365d2c30a009f1c1b6099bea434dfc77a77df0a0fbc0415eb
results/structure_campaign/compute/consensus_msa_prep/inputs/protein_b0d22e27937167cce8168e89f2f47683b4ada96ad48b9ebb22e347b9e99abcb8_seed20260919.fasta	229	fd6fe54e61da2f95d7b871e41494c984e17af7b1bfc91476e84b871ed8626599
results/structure_campaign/compute/consensus_msa_prep/inputs/protein_b0d22e27937167cce8168e89f2f47683b4ada96ad48b9ebb22e347b9e99abcb8_seed20260919.yaml	290	112646786e0f740293e53797ac21b72a4a717ae330ede941f785eed33a7f5929
results/structure_campaign/compute/consensus_msa_prep/inputs/protein_b537f99b45ff96dfbe025055a4ef53a4d336495d89f7355a3e01399abae3638e_seed20260919.fasta	656	28048d7b8de3a463d5b8c521cf3997290b4270214219744a21654117279c119f
results/structure_campaign/compute/consensus_msa_prep/inputs/protein_b537f99b45ff96dfbe025055a4ef53a4d336495d89f7355a3e01399abae3638e_seed20260919.yaml	717	951426c4d8528aebfd4646115844dca4b53c9247af58b815272ed5a55732db51
results/structure_campaign/compute/consensus_msa_prep/inputs/protein_ca2772f82b0e861861636ddd31697e08475ddd2b2f93467e300b85d3aa0b3c75_seed20260919.fasta	2586	64f0a3827c518eddf5d3367c302c6f16a55a49f568a208a8e111af20e667fea4
results/structure_campaign/compute/consensus_msa_prep/inputs/protein_ca2772f82b0e861861636ddd31697e08475ddd2b2f93467e300b85d3aa0b3c75_seed20260919.yaml	2647	c5edf888dd670a6a71893c780065499f2efb27bc207b65b2bc275319ae9cc0e5
results/structure_campaign/compute/consensus_msa_prep/inputs/protein_d09ba36d63b4b05b94c1787f8ea186e5b841f5920b3ffb5356533bd95afd68da_seed20260919.fasta	347	0552c690c96d1f1ecdf6dad5e0526ae121d8cf50c6d7d09be394942fc728e56d
results/structure_campaign/compute/consensus_msa_prep/inputs/protein_d09ba36d63b4b05b94c1787f8ea186e5b841f5920b3ffb5356533bd95afd68da_seed20260919.yaml	408	5c1c81e954aef3fa216678a7ee540c91237b6455e15f8bc82b7b19a115d2c800
results/structure_campaign/compute/consensus_msa_prep/inputs/protein_dba94fe4564b656dcb4c88ed9c0af05dfe78a7d6ea0ef18b1c71b29fe58fa0d9_seed20260919.fasta	183	d4ff5bb9867ba1aeb4f999538fbd389c5e8cb73f703fc473d6a59631464f7a88
results/structure_campaign/compute/consensus_msa_prep/inputs/protein_dba94fe4564b656dcb4c88ed9c0af05dfe78a7d6ea0ef18b1c71b29fe58fa0d9_seed20260919.yaml	244	82b6e827734c05f4439b5fff174750bec0f465c5435e93968be5628e73b116be
results/structure_campaign/compute/consensus_msa_prep/inputs/protein_dfb8a2ccde79614b69b3425f8cd6ffcf0f2bddaf437ae76facc8bb7ebdfacb2e_seed20260919.fasta	281	b23015b9a789b3afcb7a1afcd14e27050775a6a7daa9ff9edacb1282df009615
results/structure_campaign/compute/consensus_msa_prep/inputs/protein_dfb8a2ccde79614b69b3425f8cd6ffcf0f2bddaf437ae76facc8bb7ebdfacb2e_seed20260919.yaml	342	e5683465a75b32890d70c80bc8b2ca2a297c98c6706bd16a14ca86594d42cc53
results/structure_campaign/compute/consensus_msa_prep/inputs/protein_e5af13d33e889258c3c023a666c476f620d82348973f983e518b9779866522d1_seed20260919.fasta	263	f1ca29fac305ffd820cebd6d67d71c75d336818b2653d32b15aeae9d44f98f4e
results/structure_campaign/compute/consensus_msa_prep/inputs/protein_e5af13d33e889258c3c023a666c476f620d82348973f983e518b9779866522d1_seed20260919.yaml	324	7e50da3a067a48ccc75c44b5233cceb17490175bb2050125c3462569936c60e1
results/structure_campaign/compute/consensus_msa_prep/inputs/protein_e6bde9e98c0c71a406cda37d339a2829de1ba0ba203b851d67e4082deda858a7_seed20260919.fasta	471	4839af38ec190fcc5dd8b34827c5347f379358ac6f67ce6bd2dc0c245c062ee2
results/structure_campaign/compute/consensus_msa_prep/inputs/protein_e6bde9e98c0c71a406cda37d339a2829de1ba0ba203b851d67e4082deda858a7_seed20260919.yaml	532	801b939003551fe04443ef605faa4ac6ff0bed322bdaab70f878a173cef696b0
results/structure_campaign/compute/consensus_msa_prep/inputs/protein_eaadb81f5c70805626da52cd61e57438d32bf21d9a2d8384477f99624294a992_seed20260919.fasta	246	e1e3bfff4b0f529215106ab4bdd7e1d1cdc37cb2b6ddf07a826a2c402229363f
results/structure_campaign/compute/consensus_msa_prep/inputs/protein_eaadb81f5c70805626da52cd61e57438d32bf21d9a2d8384477f99624294a992_seed20260919.yaml	307	15f0758c7936a62d99fa3b6cf395cb53b31e4e5c770263d184625ce3689b2c97
results/structure_campaign/compute/consensus_msa_prep/inputs/protein_f3b157eea4a7b3afed59584e95a707bc05cb7cf6e128952858f1c030fdca8e9f_seed20260919.fasta	158	0ef1c7119f3b59e04d078c58d1eaed701465503911def2cd94344a8d092d03db
results/structure_campaign/compute/consensus_msa_prep/inputs/protein_f3b157eea4a7b3afed59584e95a707bc05cb7cf6e128952858f1c030fdca8e9f_seed20260919.yaml	219	d79f648b670805c04e2ba5026f6d99f65d63e5ff4f8bca214ceeaadcce7fac28
results/structure_campaign/compute/consensus_msa_prep/inputs/protein_ff641b7f66baa209ff86e50cff70775b9fc1fd0004872ad33a501711d57eaf5e_seed20260919.fasta	221	9e26f68e893a7c8ba77bdf7c8321d1eca8beaaef37de42d63948c5576af310e9
results/structure_campaign/compute/consensus_msa_prep/inputs/protein_ff641b7f66baa209ff86e50cff70775b9fc1fd0004872ad33a501711d57eaf5e_seed20260919.yaml	282	973e375fbb2833baf7268c53e0c187c9a12f9a227454f492dcf07764bee17702
results/structure_campaign/compute/consensus_msa_prep/public_sequence_provenance.json	11933	f9f0f12f62fe52f28e6f715173f1f9bc12d3b09c5762fc9ded9c838377ac8a4b
results/structure_campaign/compute/consensus_msa_prep/selection.tsv	10678	088194ead741b6f563ba0b2d4c0a7a43f92e971fb99ed433386469191dfd459d
results/structure_campaign/compute/external_allocation.json	824	4a9f2fa0d603acf77868802d47da7d90e7b2c6558efd9b8b581e833fcf828855
results/structure_campaign/compute/gallery/f0766d124b52f0061597ce4e822e9275a04152df574f9a512631a0fa6ed8a2fa.png	646580	822e16621c607d37f5724355a2753ca56815fb1991e81d31fbd2161f6638abbe
results/structure_campaign/compute/gallery/f0766d124b52f0061597ce4e822e9275a04152df574f9a512631a0fa6ed8a2fa_cartoon.png	435894	8df4f6fe58e571e617b4b07ab42780f599dad248011cd54bb27fa04149f95924
results/structure_campaign/compute/inputs/manifest.json	100379	488c780e26a9346b559ad8b23ab93953654663ea7c829139c80a05c08fe477d4
results/structure_campaign/compute/inputs/protein_00fb8657255fb894315401cecb9ab9e3047ef7b3d1f0d35d357663269780201c_precomputed_seed20260919.fasta	147	be02a60ee2da60c17d2d4b115a7767fff617f2cc07d8c1b64f49486db1699f1d
results/structure_campaign/compute/inputs/protein_06a47ea8fb14decf2e1f83ce3d7b3bc9900a29ed89cc722332a43a369472b176_precomputed_seed20260919.fasta	457	3700eb7b970191aeb83deadd96a7851e51614ff3fafba7bda27a328b5257057c
results/structure_campaign/compute/inputs/protein_06a47ea8fb14decf2e1f83ce3d7b3bc9900a29ed89cc722332a43a369472b176_precomputed_seed20260919.yaml	506	7ea8fba3709463bfc8be84d6c226c4a76e70f322af2f312728e21e91294814d6
results/structure_campaign/compute/inputs/protein_101700281cde078bee94b7382d6e603a4babf7b2c6c73ebf43d4a469d59c79f5_precomputed_seed20260919.fasta	259	91b343b08b3770b6a4203f229b0693141b84c4d511f7f67d4b3bf895d5e0ce2f
results/structure_campaign/compute/inputs/protein_1148a09617eba2312e87a99c5e199bf30521982cb6c30cc7354ca5f31aa604ee_precomputed_seed20260919.fasta	886	10ce99f78105fbb6042be5a399e3fa22144d06d851db05f6323d778ac995b2e0
results/structure_campaign/compute/inputs/protein_1148a09617eba2312e87a99c5e199bf30521982cb6c30cc7354ca5f31aa604ee_precomputed_seed20260919.yaml	935	31d1383d872405a1f8fb428b4f968579f16d175e5c7bd59f91052110121a4c85
results/structure_campaign/compute/inputs/protein_13af641587610835ccf13231157fe90ef6e91f0485fa14f7ec5a46506b5a8823_precomputed_seed20260919.fasta	168	b595dc94de25115be9e0b62d98a564ac030cd06a3b738311edeeee245d248c6d
results/structure_campaign/compute/inputs/protein_13af641587610835ccf13231157fe90ef6e91f0485fa14f7ec5a46506b5a8823_precomputed_seed20260919.yaml	217	12232abe69278c25076f883f822ee58f2d57276f80005724dc055ebe2694741d
results/structure_campaign/compute/inputs/protein_17d111deb4d6dc3037080cfa51b4f13d1b3e22d45fa78ccc97a0cca4c2afed7e_precomputed_seed20260919.fasta	264	c134896ce71e185b25d43c05da735334f880b8436379054182c085409bba20f9
results/structure_campaign/compute/inputs/protein_19394e5c359c5a82b8cb1bd0ed1fa1b68fb38f6139c5c1acdf5b19900a03299a_precomputed_seed20260919.fasta	212	ebe7134c0f3510d34b7597112fc64c628e79ae6d3f957732b70aafbd67ca0f24
results/structure_campaign/compute/inputs/protein_19394e5c359c5a82b8cb1bd0ed1fa1b68fb38f6139c5c1acdf5b19900a03299a_precomputed_seed20260919.yaml	261	e8ba670dc1da7f36f1da4e4b310bdb672efcf83ede412c4b24066a12ecc50279
results/structure_campaign/compute/inputs/protein_1bb99356d918b0fbaa9b069fdeb691f9390e078bfa32068a8186f372bbfd91a3_precomputed_seed20260919.fasta	262	7a49631365bcec54834501d9521ccc76c366774aa1211c8d28829f88e53b3511
results/structure_campaign/compute/inputs/protein_1bb99356d918b0fbaa9b069fdeb691f9390e078bfa32068a8186f372bbfd91a3_precomputed_seed20260919.yaml	311	8bfa5f13f6f56a463d4c77c6dfe7959032fdcc4669947e0f608d0268ec5d1d5a
results/structure_campaign/compute/inputs/protein_1bce31ef49449220635ddadc203907308fc7f2ec67e7d48732292471c9bbe3df_precomputed_seed20260919.fasta	132	dc8e14fc5be581bf4820bac8e54ef351a8530f0f8e72262cfafaa9e0c544c5cd
results/structure_campaign/compute/inputs/protein_1e8bc65243a9facc8e4feddf58cbbe693b2477dfe7a89be4bd6f1930464904dc_precomputed_seed20260919.fasta	181	7fe4262a876a49c534d8c5bd2fa5b5349e576e337438b0de39719e77671656a2
results/structure_campaign/compute/inputs/protein_2f5ccec75975e3c6f577920bce8d2353c43c2083ced5a445cd4306874aa49f96_precomputed_seed20260919.fasta	144	28b90d776a837641db6038ca36f03b97b27f8c88cdcb6b232d7c0a4c5ce5ddaa
results/structure_campaign/compute/inputs/protein_2fd568c243ae5fc146a0c3231fbaef7e40cf01dbf9a2cc5cea6ca2f10c9a8f54_precomputed_seed20260919.fasta	499	34a35bf93a8526365915e653d756f19fc0b30fe58724389f0332156292151b1e
results/structure_campaign/compute/inputs/protein_2fd568c243ae5fc146a0c3231fbaef7e40cf01dbf9a2cc5cea6ca2f10c9a8f54_precomputed_seed20260919.yaml	548	cab39cdfa452261a43c02c4c8d3ed662ae1c7a9aa827d35cd09432a3938a7eeb
results/structure_campaign/compute/inputs/protein_345129754ff0ccc173929ddf22b27736775c4329d5023cd85485e4a3b98d6af1_precomputed_seed20260919.fasta	256	17c2d2c931a2e64558b696fd3400a5f048e18fc832e1f7a294d031099c6daa7b
results/structure_campaign/compute/inputs/protein_345129754ff0ccc173929ddf22b27736775c4329d5023cd85485e4a3b98d6af1_precomputed_seed20260919.yaml	305	343292dc89c4b381bbb46345d26bd7b807a87b56158a27ccfbf9d8364c6bb741
results/structure_campaign/compute/inputs/protein_3538354085b81ef36c100a2816d54993d184f50f51149beb3c72110afb62890b_precomputed_seed20260919.fasta	139	bb28d1f7ea67a8bbd904439160ea0bdfa348e2f48fdb33980d2e37f6f26335b5
results/structure_campaign/compute/inputs/protein_3868fed335582b3a056d423efc2dbae9dfa7c7350d3572a0f67798065f307d53_precomputed_seed20260919.fasta	199	a6116d6f03cb753d6a0494653b923bada859da7ffedc0aa5e1d877eeae8ababd
results/structure_campaign/compute/inputs/protein_3efb26690c36c414062c23d0c47a34fbb57d8f10f8edf672769c2cddb8218cfa_precomputed_seed20260919.fasta	307	e6d50b84bcb78d503807e00471ed9829b282c61f6af24ff4dc71ae19584deb99
results/structure_campaign/compute/inputs/protein_4d8da7a249b8e2edf2d48ecc95d93eb6898532d6e07ed982fec0fc4c9c14e12a_precomputed_seed20260919.fasta	281	bfb59ec7124cb10bd7ec18f5ed500ad04b98d7dc72795cf62690072fc80ddaf9
results/structure_campaign/compute/inputs/protein_4d8da7a249b8e2edf2d48ecc95d93eb6898532d6e07ed982fec0fc4c9c14e12a_precomputed_seed20260919.yaml	330	e225dbae560e8e1d2c7a4fedf27f2febd49622850ad82ec38d69b3035bb88351
results/structure_campaign/compute/inputs/protein_5e0a55ceea7aa5596a1130b2f7a693b8a52acf6bf2ac12e69951ade5c9fb2d52_precomputed_seed20260919.fasta	218	995985a1526041fc921e2fb3aa42f459aa0e15becb240add5fd5daf5ed0ea7a5
results/structure_campaign/compute/inputs/protein_61a6c306c0a882793e9a0eb0f38e9dffb4ad15d1ae413e718969b8f43c6e86e4_precomputed_seed20260919.fasta	253	0f9c10ad6e36d4f9d6212bb96f1ed1250a3aa1f98117974d6c2d252b9e2807f5
results/structure_campaign/compute/inputs/protein_61a6c306c0a882793e9a0eb0f38e9dffb4ad15d1ae413e718969b8f43c6e86e4_precomputed_seed20260919.yaml	302	7845d317b227048eb972e20c1ebd934ce3246cb7405644dabb5e84dca1ce608d
results/structure_campaign/compute/inputs/protein_61dbcd41ff74ad3f3b63240c13327fee06c0feb5d06fe4cf72c1220d5d18bb06_precomputed_seed20260919.fasta	267	de3e30c4e724cf5909764badf52608f3aaf3dad6ae06d09c375da87a06dea604
results/structure_campaign/compute/inputs/protein_6ae36d8a89ac3ac04b43b02983f3cb8994037ee6cadc0be1d50523eaca3430e4_precomputed_seed20260919.fasta	312	fadc3f8c8221d337fd192ef6dc99c85c105dc13eaaf573e1985e7176167f69e4
results/structure_campaign/compute/inputs/protein_6ae36d8a89ac3ac04b43b02983f3cb8994037ee6cadc0be1d50523eaca3430e4_precomputed_seed20260919.yaml	361	b8684309446271c047e22451356e9f300c8832be2aaa3c324c8ef11f65133712
results/structure_campaign/compute/inputs/protein_6de3b695e6fb7625fb0b645afd1d9dbcedf1ea280f2faf93d7ebafbd589a09ef_precomputed_seed20260919.fasta	398	02ebf55036fa532c5092fb1a422f0003354203e41c6dff1a0666d74d11396a2d
results/structure_campaign/compute/inputs/protein_70b1ed4ba81a68375cfb42e68d1af3b9cf1105b34faaa49a883b93a8bfa81b6c_precomputed_seed20260919.fasta	254	451f07d8d5f3d64d8ca0861e4a7c6fb9205b0e76d888eda337cf0668a193d730
results/structure_campaign/compute/inputs/protein_70b1ed4ba81a68375cfb42e68d1af3b9cf1105b34faaa49a883b93a8bfa81b6c_precomputed_seed20260919.yaml	303	5b1c30b7de7b2bc3a8cfade9d670b70b9546446e0c1b07e143b47c7e0486f221
results/structure_campaign/compute/inputs/protein_7153a9988f10e3f16ef9401be9c3ebf0e792e0075a0738bde80362e44019b419_precomputed_seed20260919.fasta	404	637c302fca3d312117ebfdf1fa17675b7e6c925dbe47542551b48b23748e8092
results/structure_campaign/compute/inputs/protein_74500f70e6a9f3f7e33db93e70c8610c8c7af7704f8522687bc26abc4cd3eb18_precomputed_seed20260919.fasta	334	cfcce4751e787581dd32460232983795aaa8218bde44412aba44cfab18719028
results/structure_campaign/compute/inputs/protein_7a9f6f4887bd814b003cf10313fd2533c1efedd27d7e63a1d4f1508167c28ace_precomputed_seed20260919.fasta	139	ba6f2e7c7bafd99db3eb853d581430e6c7608fa562efd6042432088e31753663
results/structure_campaign/compute/inputs/protein_7b0d5d3c3a31c1168531049ad5eb4bf68c7070067b6a2cd48ed4f7d87f40e85a_precomputed_seed20260919.fasta	1769	6f4a25c4ba477bb111cac1702a4403c863bfd7196e738d9aa2075bdab660930e
results/structure_campaign/compute/inputs/protein_7b0d5d3c3a31c1168531049ad5eb4bf68c7070067b6a2cd48ed4f7d87f40e85a_precomputed_seed20260919.yaml	1818	19b86582c4444ab7e9a39a48eb45ec732568e01447b2e8de2f41600449bbb680
results/structure_campaign/compute/inputs/protein_7c620433a33c479bd09812150c15d2e0accd796c3cd40b057543080302fe009b_precomputed_seed20260919.fasta	146	db62b34697fca657a58a227355d5a69d0f4f65c618df56a595e03ca458a5d08c
results/structure_campaign/compute/inputs/protein_8500b17b3f5cc9f4deaed97ff0ad19025d5d94095c67bb9c969910558b69f1f8_precomputed_seed20260919.fasta	659	4744936f0d1eb76b4765279319f377220c3cd4a1bf34695ca7b8ff06d1d2e334
results/structure_campaign/compute/inputs/protein_8500b17b3f5cc9f4deaed97ff0ad19025d5d94095c67bb9c969910558b69f1f8_precomputed_seed20260919.yaml	708	e187d2ea0e0afb1495e71bcf098f0cf9a59ff29fdef34019e7268c84689a0c93
results/structure_campaign/compute/inputs/protein_899325e73395c7c25bfb100e110524886b8177bae90a0ab97604b66f4b77da1e_precomputed_seed20260919.fasta	195	f9fc9256b3bf19aeec6645b5563d3ead9b406c43d2f9b2027623441d5d6d991a
results/structure_campaign/compute/inputs/protein_91b6c2354036f74992cb5f2520a3614bb2b0ecc3feab662dbb7e791accc4b3b7_precomputed_seed20260919.fasta	313	22ccc13b2cebb9b394346a0acf565757674a18940b97815f9c8e78ce8df04e34
results/structure_campaign/compute/inputs/protein_9a99577ea77e93a51bb896132001fac6caa242ee517a62995ddef9d39a72f54a_precomputed_seed20260919.fasta	811	6643331c2285991bcaba2de2dcebc06e1300c07c360ed3d8be232fd9c8c40298
results/structure_campaign/compute/inputs/protein_b0d22e27937167cce8168e89f2f47683b4ada96ad48b9ebb22e347b9e99abcb8_precomputed_seed20260919.fasta	241	e64d601112cef7041d9fdbe88ba853b3f929be133124d16590f4f5e4c1d4536b
results/structure_campaign/compute/inputs/protein_b38a46e68fa112ecb3d07b06ff9f3c00cfbcb19b8f9098cd396c99a0030c80ca_precomputed_seed20260919.fasta	175	d59b850e29c3c1d470605bc73a1647b6d146e1c6b1fcfac011b4f0447f788c22
results/structure_campaign/compute/inputs/protein_b38a46e68fa112ecb3d07b06ff9f3c00cfbcb19b8f9098cd396c99a0030c80ca_precomputed_seed20260919.yaml	224	73f4f7876b2a5523d36190341dde90372017cc04dee34fe06700b046b3b65cec
results/structure_campaign/compute/inputs/protein_b537f99b45ff96dfbe025055a4ef53a4d336495d89f7355a3e01399abae3638e_precomputed_seed20260919.fasta	668	866c764d45ff265cc2ce834084a8b87c8208fd76793693181e2c13b983c72c3d
results/structure_campaign/compute/inputs/protein_bcd139b19630cb31f3a89703fedd00936138336ed28e45f87045ef3f8222c90c_precomputed_seed20260919.fasta	428	0bcb910190321413a6d2796fe8864db2f8a610cbec3625c906c3bf06bf3f5e7e
results/structure_campaign/compute/inputs/protein_bcd139b19630cb31f3a89703fedd00936138336ed28e45f87045ef3f8222c90c_precomputed_seed20260919.yaml	477	0bc95f2347dc3a77830402c4e566b5326c8d1c967dadbd695a9899adea853003
results/structure_campaign/compute/inputs/protein_c4c915da39d6ec74952059215262a9989ad6435c495f79363d36b565c91f216d_precomputed_seed20260919.fasta	145	85a65db634e698cf18e3788338745dc4ce7990393177ac5e25fc69aabd238c52
results/structure_campaign/compute/inputs/protein_c4c915da39d6ec74952059215262a9989ad6435c495f79363d36b565c91f216d_precomputed_seed20260919.yaml	194	a7d5333a4dcb78ddf96e5b10b7acef3783b9f162fb89f04833919560098262e1
results/structure_campaign/compute/inputs/protein_ca2772f82b0e861861636ddd31697e08475ddd2b2f93467e300b85d3aa0b3c75_precomputed_seed20260919.fasta	2598	868d1d405d388599e23d2d106e55a6d28a06c6a4f97826a526ef467fcfa02558
results/structure_campaign/compute/inputs/protein_d09ba36d63b4b05b94c1787f8ea186e5b841f5920b3ffb5356533bd95afd68da_precomputed_seed20260919.fasta	359	32a97974ae9ca92e860ecf5729fc35341edf53497881ae73e5f79adac5a936af
results/structure_campaign/compute/inputs/protein_d12ded276778cca561f61708455f059a1bccb3f6e5b75d6ea02f274ab7b9a20d_precomputed_seed20260919.fasta	390	4a85b1164fcca1d67972fa67f8a3a74d1a77901a43a123c172c3a34517b0f436
results/structure_campaign/compute/inputs/protein_d12ded276778cca561f61708455f059a1bccb3f6e5b75d6ea02f274ab7b9a20d_precomputed_seed20260919.yaml	439	9733bbc75429082e3dd857030a54e6d0db6c6d853cd1e1083bd33ea107bf1c44
results/structure_campaign/compute/inputs/protein_d9dadae508e1aba65519f0bec221151e33dd065734ac6bd7d657c57034b61154_precomputed_seed20260919.fasta	186	b5316908d66a144ac8df631f78141f6ef7ac659dd7d8b8a19bda40ee112f2565
results/structure_campaign/compute/inputs/protein_d9dadae508e1aba65519f0bec221151e33dd065734ac6bd7d657c57034b61154_precomputed_seed20260919.yaml	235	4177c696e9c16ebe6c5fee5068c21078be52e2363c24c80cf384bbdb8f8ebc20
results/structure_campaign/compute/inputs/protein_dba94fe4564b656dcb4c88ed9c0af05dfe78a7d6ea0ef18b1c71b29fe58fa0d9_precomputed_seed20260919.fasta	195	98eb1aedb5662e3333e27fb5ca272efd7efaba9bc99d878b584c8383a800ff3a
results/structure_campaign/compute/inputs/protein_dfb8a2ccde79614b69b3425f8cd6ffcf0f2bddaf437ae76facc8bb7ebdfacb2e_precomputed_seed20260919.fasta	293	229502c4862f5792d29e97191a490a0ea250ed2d1be8f0730fe98f2f2b9e71b8
results/structure_campaign/compute/inputs/protein_e5af13d33e889258c3c023a666c476f620d82348973f983e518b9779866522d1_precomputed_seed20260919.fasta	275	5c953d3ff50cdfcea754daacf70aaac73421777c8acc893d36f1f648d88e99c0
results/structure_campaign/compute/inputs/protein_e6bde9e98c0c71a406cda37d339a2829de1ba0ba203b851d67e4082deda858a7_precomputed_seed20260919.fasta	483	c0ce43ee200e5e0c86ecd78240a5f94a2732d0536fa761a605617aef6cc9c6db
results/structure_campaign/compute/inputs/protein_eaadb81f5c70805626da52cd61e57438d32bf21d9a2d8384477f99624294a992_precomputed_seed20260919.fasta	258	5849653579271548701be4a94a8a731e631e5f6c831221265f0943e630dc7c9f
results/structure_campaign/compute/inputs/protein_f0766d124b52f0061597ce4e822e9275a04152df574f9a512631a0fa6ed8a2fa_precomputed_seed20260919.fasta	218	4d25aaae0249831b9216d8a37507c70675a856bf7f76e64588b3440676f31195
results/structure_campaign/compute/inputs/protein_f0766d124b52f0061597ce4e822e9275a04152df574f9a512631a0fa6ed8a2fa_precomputed_seed20260919.yaml	267	cafe62a62608c2f2d00690942114c980395cea4f151af374c4ca085d70e536f9
results/structure_campaign/compute/inputs/protein_f3b157eea4a7b3afed59584e95a707bc05cb7cf6e128952858f1c030fdca8e9f_precomputed_seed20260919.fasta	170	954669aa88cf742c40f2f88149d8c164057eda554922137dfa1b5576efbf2e32
results/structure_campaign/compute/inputs/protein_fa6506540deb5226f196b5e2c3dc3fd6a10972fec505231d4d43a33b7e157c2a_precomputed_seed20260919.fasta	1015	38aa3d650ad0f1b9faf719a8d9f42e20272ddc0459559f7f937fb7a445c97e99
results/structure_campaign/compute/inputs/protein_fa6506540deb5226f196b5e2c3dc3fd6a10972fec505231d4d43a33b7e157c2a_precomputed_seed20260919.yaml	1064	2cb5fd90ae893dcf55b0c663e5db3ecc29bc0d281b7c951eaa477e7c01f309e8
results/structure_campaign/compute/inputs/protein_ff641b7f66baa209ff86e50cff70775b9fc1fd0004872ad33a501711d57eaf5e_precomputed_seed20260919.fasta	233	7b5b6a0f4c3e652a2d1c40983eb8b45e8d3ccfbfe5a419910420f4e6374721f5
results/structure_campaign/compute/inputs/protein_ff94800e922179729e86c53f89319115126e45abae0220aa9052e0fb76f532c1_precomputed_seed20260919.fasta	229	b3754304188840d44b85536e8b0694be843afe635da203c2674e50ab8bd70765
results/structure_campaign/compute/inputs/protein_ff94800e922179729e86c53f89319115126e45abae0220aa9052e0fb76f532c1_precomputed_seed20260919.yaml	278	09eefc52382cc04be168e5d01f2f3b19b567a0ae5c0b542515abc92ac994c225
results/structure_campaign/compute/inventory_during_continuation.json	1206	42f63b1b250d6cc95499b0676b9be54ff8a7cb03e9e61544374837d44489cebf
results/structure_campaign/compute/ledger_freeze.json	479	8868ac042c62ace3df455fabc395f1f0fa32f6bead0b19193a9eb990167cc7d2
results/structure_campaign/compute/models/protein_f0766d124b52f0061597ce4e822e9275a04152df574f9a512631a0fa6ed8a2fa_precomputed_seed20260919/residue_confidence.tsv	20259	8e89453d72b8212c4ce5f9c9d396a50b64abc276d46318375e1df2e984c65ed3
results/structure_campaign/compute/models/protein_f0766d124b52f0061597ce4e822e9275a04152df574f9a512631a0fa6ed8a2fa_precomputed_seed20260919/validation.json	239	86f5b4fa152079a5625f7b0e954c3b90e536df9130789fcdffd5e9d5a5dcff90
results/structure_campaign/compute/precomputed_context/jobs.json	101911	7fc615ac939ee0cda93f8d8acec8342be909a8cf6b45e171fa6443f89d26e888
results/structure_campaign/compute/precomputed_context/model_metrics.tsv	19847	8b5bd6db251034e28cf3d4607c74b74ec4fcf40678e09ca6a79d0d4a73665376
results/structure_campaign/compute/precomputed_context/structure_gallery.json	2596	a497c21a614e25d7b51693944fb9738992445f9bdc6498dcfe3e9b801a0114f9
results/structure_campaign/compute/precomputed_context/summary.json	386	1b2f7921ea946e85900becedcaaa33d21d96bf81bb6522ed6ad2ad0e667dbf64
results/structure_campaign/compute/preflight.json	5637	84ac74935d70141f27896985ea14a6fad2b56124163118edfcdf80879949faa3
results/structure_campaign/compute/single_sequence_deepdive/executed_diagnostic.sh	635	b5f109adeacb8acba4f128509cafc02e277e237d0c8ae6f88e739b37ccaf67fc
results/structure_campaign/compute/single_sequence_deepdive/export_receipt.json	5490	ac38c6b03202677a8f23569abdc1385f34b341297c81c9970f81d163503e2877
results/structure_campaign/compute/single_sequence_deepdive/firstpass_reuse_verification.json	1067	05b04be96c651543eb1597af5f071a5bfcf554390420c9e1e1424ead3e8ed89b
results/structure_campaign/compute/single_sequence_deepdive/inputs/manifest.json	47269	d2ac8649f173df2670f72cc6fd4658f8ac39009be94f4d394fa5316601c90119
results/structure_campaign/compute/single_sequence_deepdive/inputs/protein_00fb8657255fb894315401cecb9ab9e3047ef7b3d1f0d35d357663269780201c_single_sequence_seed20260919.fasta	151	832dea5540c0afa25aea2b8b1da550bb2dcdb681089a0f0dfb1dbc840850305d
results/structure_campaign/compute/single_sequence_deepdive/inputs/protein_00fb8657255fb894315401cecb9ab9e3047ef7b3d1f0d35d357663269780201c_single_sequence_seed20260919.yaml	128	0f784fb52f0aa49537a804a5726ae80a28edeb73937090b101f71750c09b97f4
results/structure_campaign/compute/single_sequence_deepdive/inputs/protein_00fb8657255fb894315401cecb9ab9e3047ef7b3d1f0d35d357663269780201c_single_sequence_seed20260920.fasta	151	4f79fd4f7404139997fe3bde65eb5ef863a208425053fed376215fbdd78129a5
results/structure_campaign/compute/single_sequence_deepdive/inputs/protein_00fb8657255fb894315401cecb9ab9e3047ef7b3d1f0d35d357663269780201c_single_sequence_seed20260921.fasta	151	893189de3602eb35fd937cfda5e81ebd0fe3875801960dedc51e861f29671e16
results/structure_campaign/compute/single_sequence_deepdive/inputs/protein_06a47ea8fb14decf2e1f83ce3d7b3bc9900a29ed89cc722332a43a369472b176_single_sequence_seed20260919.fasta	461	05f49c2b70fd0199b87e0012d2553eef950a5625e61656501cc3eb065bf7fe0d
results/structure_campaign/compute/single_sequence_deepdive/inputs/protein_06a47ea8fb14decf2e1f83ce3d7b3bc9900a29ed89cc722332a43a369472b176_single_sequence_seed20260919.yaml	438	1fdc641be9e03fc5ce315626daead19e7b8fd6bcb5bf8351094126bddc62c2aa
results/structure_campaign/compute/single_sequence_deepdive/inputs/protein_06a47ea8fb14decf2e1f83ce3d7b3bc9900a29ed89cc722332a43a369472b176_single_sequence_seed20260920.fasta	461	b3e5dd462270e741d472a9e8d282dcf8e8ddd25dda62264168813a9a4515fca8
results/structure_campaign/compute/single_sequence_deepdive/inputs/protein_06a47ea8fb14decf2e1f83ce3d7b3bc9900a29ed89cc722332a43a369472b176_single_sequence_seed20260921.fasta	461	2cc983486000df61b30b83cd1c5db4ee6375b4c5b1ea0b07e0720db093efe95d
results/structure_campaign/compute/single_sequence_deepdive/inputs/protein_17d111deb4d6dc3037080cfa51b4f13d1b3e22d45fa78ccc97a0cca4c2afed7e_single_sequence_seed20260919.fasta	268	9823dee60807d61843cc29d35fbba79029e1424b88637bc1834cef9f742f92c1
results/structure_campaign/compute/single_sequence_deepdive/inputs/protein_17d111deb4d6dc3037080cfa51b4f13d1b3e22d45fa78ccc97a0cca4c2afed7e_single_sequence_seed20260919.yaml	245	694623c9bd5ecc6d260de64fe249db3e6dcf3396ca5f014236fe9a1a0c9a2609
results/structure_campaign/compute/single_sequence_deepdive/inputs/protein_17d111deb4d6dc3037080cfa51b4f13d1b3e22d45fa78ccc97a0cca4c2afed7e_single_sequence_seed20260920.fasta	268	47965bc2602bc83be5a1676b8dab9ec809cb66ff321e5567a079e4bf08d15c8e
results/structure_campaign/compute/single_sequence_deepdive/inputs/protein_17d111deb4d6dc3037080cfa51b4f13d1b3e22d45fa78ccc97a0cca4c2afed7e_single_sequence_seed20260921.fasta	268	4413ffbf58dfa16cbea975694835309b51d566cfb23325be08554e54ad4b073c
results/structure_campaign/compute/single_sequence_deepdive/inputs/protein_1bce31ef49449220635ddadc203907308fc7f2ec67e7d48732292471c9bbe3df_single_sequence_seed20260919.fasta	136	799b9d6241e5f99087441f2c4d46b5728cbe335bb7633b742415a43aebfc3102
results/structure_campaign/compute/single_sequence_deepdive/inputs/protein_1bce31ef49449220635ddadc203907308fc7f2ec67e7d48732292471c9bbe3df_single_sequence_seed20260919.yaml	113	d798e6bb2d744a32332ab51e7622e089aa360e845f6c1bc37ed8bd15c6ef5958
results/structure_campaign/compute/single_sequence_deepdive/inputs/protein_1bce31ef49449220635ddadc203907308fc7f2ec67e7d48732292471c9bbe3df_single_sequence_seed20260920.fasta	136	2f9de8c8fd08c0a2013c304082b79e9fd1d31ce78c1b74fb5f0f57329451b6af
results/structure_campaign/compute/single_sequence_deepdive/inputs/protein_1bce31ef49449220635ddadc203907308fc7f2ec67e7d48732292471c9bbe3df_single_sequence_seed20260921.fasta	136	b12465be47abee20f067e5af407ea92d38f36530ec8e3c7d04f203963a57d476
results/structure_campaign/compute/single_sequence_deepdive/inputs/protein_1e8bc65243a9facc8e4feddf58cbbe693b2477dfe7a89be4bd6f1930464904dc_single_sequence_seed20260919.fasta	185	ab37350f9cc39ca158c6153baa8e8d04ed4716b65e2cd72c98e191aeb93812d8
results/structure_campaign/compute/single_sequence_deepdive/inputs/protein_1e8bc65243a9facc8e4feddf58cbbe693b2477dfe7a89be4bd6f1930464904dc_single_sequence_seed20260919.yaml	162	d46c32c94dd5a24be80b46578809fc15dca709c31d3271828a3ff61b4a3ef103
results/structure_campaign/compute/single_sequence_deepdive/inputs/protein_1e8bc65243a9facc8e4feddf58cbbe693b2477dfe7a89be4bd6f1930464904dc_single_sequence_seed20260920.fasta	185	0c11eaffc2b00c632132d4502e742c6562cdeb7cf6aa9a6333b486bd8886435c
results/structure_campaign/compute/single_sequence_deepdive/inputs/protein_1e8bc65243a9facc8e4feddf58cbbe693b2477dfe7a89be4bd6f1930464904dc_single_sequence_seed20260921.fasta	185	2de629439a225bc7728ce6db6201c82a231cedf614c9b33ce2f9b0bc5dfff7d9
results/structure_campaign/compute/single_sequence_deepdive/inputs/protein_2fd568c243ae5fc146a0c3231fbaef7e40cf01dbf9a2cc5cea6ca2f10c9a8f54_single_sequence_seed20260919.fasta	503	a7f092b7faa54d39979a66013409bbf8056761085d2f0c34dd9d8b84ce8f143a
results/structure_campaign/compute/single_sequence_deepdive/inputs/protein_2fd568c243ae5fc146a0c3231fbaef7e40cf01dbf9a2cc5cea6ca2f10c9a8f54_single_sequence_seed20260919.yaml	480	e878adcb5af6d77152088eebbb86756458ff3f096a46e5efc693475c5f89f6d6
results/structure_campaign/compute/single_sequence_deepdive/inputs/protein_2fd568c243ae5fc146a0c3231fbaef7e40cf01dbf9a2cc5cea6ca2f10c9a8f54_single_sequence_seed20260920.fasta	503	0161b0ee26a39be976949697889ce407cef6c1a502bc163a37182960a764c243
results/structure_campaign/compute/single_sequence_deepdive/inputs/protein_2fd568c243ae5fc146a0c3231fbaef7e40cf01dbf9a2cc5cea6ca2f10c9a8f54_single_sequence_seed20260921.fasta	503	aca173664448ba5a180ba6c98495d463747864821f0a46bf031d36f7c77e9cf2
results/structure_campaign/compute/single_sequence_deepdive/inputs/protein_7a9f6f4887bd814b003cf10313fd2533c1efedd27d7e63a1d4f1508167c28ace_single_sequence_seed20260919.fasta	143	017faad7c64512df957f1384129ad92b03a14a341fc9047b9ab1ea50553eb5ed
results/structure_campaign/compute/single_sequence_deepdive/inputs/protein_7a9f6f4887bd814b003cf10313fd2533c1efedd27d7e63a1d4f1508167c28ace_single_sequence_seed20260919.yaml	120	77e14202cd899aa96062602ae12b8aac52fedafd5a9c2c311af03b3bfed42dde
results/structure_campaign/compute/single_sequence_deepdive/inputs/protein_7a9f6f4887bd814b003cf10313fd2533c1efedd27d7e63a1d4f1508167c28ace_single_sequence_seed20260920.fasta	143	828506d487eb407def9de456d70965f9362e0b9f1222341989f8b47f5a821b85
results/structure_campaign/compute/single_sequence_deepdive/inputs/protein_7a9f6f4887bd814b003cf10313fd2533c1efedd27d7e63a1d4f1508167c28ace_single_sequence_seed20260921.fasta	143	7b52a5f44a604db7c058b7524f357369fdb636108b92d29cd1f0c3148024e4c9
results/structure_campaign/compute/single_sequence_deepdive/inputs/protein_f0766d124b52f0061597ce4e822e9275a04152df574f9a512631a0fa6ed8a2fa_single_sequence_seed20260919.fasta	222	176127ad13595fe7439e05d2e379f7542ce23772bc09030c49a04a40b78354bb
results/structure_campaign/compute/single_sequence_deepdive/inputs/protein_f0766d124b52f0061597ce4e822e9275a04152df574f9a512631a0fa6ed8a2fa_single_sequence_seed20260919.yaml	199	ce2d324312066a9e56669959de3359738c063a1ef1eb9f05c984eef6fc4e5de2
results/structure_campaign/compute/single_sequence_deepdive/inputs/protein_f0766d124b52f0061597ce4e822e9275a04152df574f9a512631a0fa6ed8a2fa_single_sequence_seed20260920.fasta	222	aa678cb595bb74471a77795554e31f4aaadfb7ef5aebad16ae29c7e99bb6813e
results/structure_campaign/compute/single_sequence_deepdive/inputs/protein_f0766d124b52f0061597ce4e822e9275a04152df574f9a512631a0fa6ed8a2fa_single_sequence_seed20260921.fasta	222	5648b54fbe4812ecd5fd73307f60a54247740716ef84ab9c32ca4205fe95896e
results/structure_campaign/compute/single_sequence_deepdive/jobs.json	120679	487d15e4bea3d05500308904a0cd9fcf204156d4814eaf3043894d865776adb5
results/structure_campaign/compute/single_sequence_deepdive/launch_receipt.json	820	f92a161e6070f082714800ca3e4980fbd752f68f529a5b3d825aa48e98c03a4f
results/structure_campaign/compute/single_sequence_deepdive/model_metrics.tsv	10802	01d28d0475419cbe7c97afd798a9698d62fa943094ca989f4aac7ed0244a1931
results/structure_campaign/compute/single_sequence_deepdive/models/protein_00fb8657255fb894315401cecb9ab9e3047ef7b3d1f0d35d357663269780201c_single_sequence_seed20260919/confidence.json	443	c0ec52d407d9bd963ef2de4a8aa97b33c806f562d4685ee444394145dbdfd6cb
results/structure_campaign/compute/single_sequence_deepdive/models/protein_00fb8657255fb894315401cecb9ab9e3047ef7b3d1f0d35d357663269780201c_single_sequence_seed20260919/model.cif	34112	2548993c9bccce6b20f3b247535badd453bbf59c336e3298ed3ca3f978fb980f
results/structure_campaign/compute/single_sequence_deepdive/models/protein_00fb8657255fb894315401cecb9ab9e3047ef7b3d1f0d35d357663269780201c_single_sequence_seed20260919/pae.npz	8095	06da0e6e3d6910d7e122ccb9e41575d5eb06abf08e1acc239763128f76d6cad9
results/structure_campaign/compute/single_sequence_deepdive/models/protein_00fb8657255fb894315401cecb9ab9e3047ef7b3d1f0d35d357663269780201c_single_sequence_seed20260919/plddt.npz	399	73d2de960b9c725a58e12e630dc1aa7227ca14fedc5216601286b1737c05de80
results/structure_campaign/compute/single_sequence_deepdive/models/protein_00fb8657255fb894315401cecb9ab9e3047ef7b3d1f0d35d357663269780201c_single_sequence_seed20260919/residue_confidence.tsv	8066	54bd36033bc1a3517d2e8631c0c227380c445bc512777f17b33f6f81b56e42fa
results/structure_campaign/compute/single_sequence_deepdive/models/protein_00fb8657255fb894315401cecb9ab9e3047ef7b3d1f0d35d357663269780201c_single_sequence_seed20260920/confidence.json	442	d66ca0279cd426afd46ff4a356eff862d5b300ab6acb5a9357458e0235fc1212
results/structure_campaign/compute/single_sequence_deepdive/models/protein_00fb8657255fb894315401cecb9ab9e3047ef7b3d1f0d35d357663269780201c_single_sequence_seed20260920/model.cif	34068	bce2f5b052a5c1862bf342fcb10fd7657feaf4bc572bfc1c89e352f8dafb723f
results/structure_campaign/compute/single_sequence_deepdive/models/protein_00fb8657255fb894315401cecb9ab9e3047ef7b3d1f0d35d357663269780201c_single_sequence_seed20260920/pae.npz	8087	d54c78a1a446a242c43f13b284b9e1606b4b224984a72a994706624975cdcff4
results/structure_campaign/compute/single_sequence_deepdive/models/protein_00fb8657255fb894315401cecb9ab9e3047ef7b3d1f0d35d357663269780201c_single_sequence_seed20260920/plddt.npz	399	b663aa3b04ccfbe643c1b43c30999faf1a956a706519c6aec4243b93ce546a06
results/structure_campaign/compute/single_sequence_deepdive/models/protein_00fb8657255fb894315401cecb9ab9e3047ef7b3d1f0d35d357663269780201c_single_sequence_seed20260920/residue_confidence.tsv	8072	f73aed756824433dca1d57dc5f8b2402b2206a70401cc3e82146d1f104fc4dc8
results/structure_campaign/compute/single_sequence_deepdive/models/protein_00fb8657255fb894315401cecb9ab9e3047ef7b3d1f0d35d357663269780201c_single_sequence_seed20260921/confidence.json	443	c1821023e4e473028f38c5350b415b4249f263e8b3c9a8f1541dc1ae5284f8d1
results/structure_campaign/compute/single_sequence_deepdive/models/protein_00fb8657255fb894315401cecb9ab9e3047ef7b3d1f0d35d357663269780201c_single_sequence_seed20260921/model.cif	34182	4176ff8149fa03e430eaeaabbd94d9b4a25413528e999c5261b9995fdcbb9830
results/structure_campaign/compute/single_sequence_deepdive/models/protein_00fb8657255fb894315401cecb9ab9e3047ef7b3d1f0d35d357663269780201c_single_sequence_seed20260921/pae.npz	8089	a9cd1e046fff4463ee062a74a81a525539b988dcab8183f1978967fa6ce00f00
results/structure_campaign/compute/single_sequence_deepdive/models/protein_00fb8657255fb894315401cecb9ab9e3047ef7b3d1f0d35d357663269780201c_single_sequence_seed20260921/plddt.npz	399	c1063a771c24d255c4ca73c3cee7621e5344fabf9a21a2cbbda2a9fbb45fb42f
results/structure_campaign/compute/single_sequence_deepdive/models/protein_00fb8657255fb894315401cecb9ab9e3047ef7b3d1f0d35d357663269780201c_single_sequence_seed20260921/residue_confidence.tsv	8074	31dda4888fbfc93ddeee86d68ff68306fdfe3ded65f46ef444547ee5101012b6
results/structure_campaign/compute/single_sequence_deepdive/models/protein_06a47ea8fb14decf2e1f83ce3d7b3bc9900a29ed89cc722332a43a369472b176_single_sequence_seed20260919/confidence.json	447	ecb314a54a589e187b2470969f8e7fcbe03c7a1a4786f44b8c03b9e6b5283493
results/structure_campaign/compute/single_sequence_deepdive/models/protein_06a47ea8fb14decf2e1f83ce3d7b3bc9900a29ed89cc722332a43a369472b176_single_sequence_seed20260919/model.cif	248557	4bb11f01d285e3160ba66e566159988df59bf5c379517b2e13df7d0adc99fced
results/structure_campaign/compute/single_sequence_deepdive/models/protein_06a47ea8fb14decf2e1f83ce3d7b3bc9900a29ed89cc722332a43a369472b176_single_sequence_seed20260919/pae.npz	434325	521b44dac155883f103f1c5f4e8762e93b1c6789790dce61f67f588fc249f281
results/structure_campaign/compute/single_sequence_deepdive/models/protein_06a47ea8fb14decf2e1f83ce3d7b3bc9900a29ed89cc722332a43a369472b176_single_sequence_seed20260919/plddt.npz	1520	0708b96bfd49fca15bdff751a75b4eee01d5768b56174a8a2a69a64f1f011e91
results/structure_campaign/compute/single_sequence_deepdive/models/protein_06a47ea8fb14decf2e1f83ce3d7b3bc9900a29ed89cc722332a43a369472b176_single_sequence_seed20260919/residue_confidence.tsv	61462	bd09c39fb92c08d389c1cdb5fb575e52c55b2fbcde046d82f47e8e0e458fd726
results/structure_campaign/compute/single_sequence_deepdive/models/protein_06a47ea8fb14decf2e1f83ce3d7b3bc9900a29ed89cc722332a43a369472b176_single_sequence_seed20260920/confidence.json	444	aa6a24fb667f0992861c26ad4d79ee9fd4c41a7649627b7952ab971e9b1b1512
results/structure_campaign/compute/single_sequence_deepdive/models/protein_06a47ea8fb14decf2e1f83ce3d7b3bc9900a29ed89cc722332a43a369472b176_single_sequence_seed20260920/model.cif	248325	9cf078138997b230d3d7ff5d3feb7b6313053d0e6cd2663e6ee5cdbcf35ffb67
results/structure_campaign/compute/single_sequence_deepdive/models/protein_06a47ea8fb14decf2e1f83ce3d7b3bc9900a29ed89cc722332a43a369472b176_single_sequence_seed20260920/pae.npz	434818	5418e9ef9121d41826365b95e778216ce30119bd27b4495206f6b37e9c86b7ae
results/structure_campaign/compute/single_sequence_deepdive/models/protein_06a47ea8fb14decf2e1f83ce3d7b3bc9900a29ed89cc722332a43a369472b176_single_sequence_seed20260920/plddt.npz	1522	b1b1a6fa78c0d8ed5bc9cd186cc62fbb89d5839051c3edd27efccdbdd211a3b1
results/structure_campaign/compute/single_sequence_deepdive/models/protein_06a47ea8fb14decf2e1f83ce3d7b3bc9900a29ed89cc722332a43a369472b176_single_sequence_seed20260920/residue_confidence.tsv	61470	bb82a2e859d45662785970807ddaf304ae5471320de080befcc50ab5cc54f670
results/structure_campaign/compute/single_sequence_deepdive/models/protein_06a47ea8fb14decf2e1f83ce3d7b3bc9900a29ed89cc722332a43a369472b176_single_sequence_seed20260921/confidence.json	444	d8c32e7125cf6382073c823381a2f59b09088a31e943c2959381dfcd54050fcc
results/structure_campaign/compute/single_sequence_deepdive/models/protein_06a47ea8fb14decf2e1f83ce3d7b3bc9900a29ed89cc722332a43a369472b176_single_sequence_seed20260921/model.cif	248630	46a8cbe366eda46d2ddc18f2dc066cffd287fb7be8d093d181c7c35737e3447b
results/structure_campaign/compute/single_sequence_deepdive/models/protein_06a47ea8fb14decf2e1f83ce3d7b3bc9900a29ed89cc722332a43a369472b176_single_sequence_seed20260921/pae.npz	434935	c4ea136291a1835689ce1094d6eacb8f2c82f356d55658bd7d4f1ccfeee89c99
results/structure_campaign/compute/single_sequence_deepdive/models/protein_06a47ea8fb14decf2e1f83ce3d7b3bc9900a29ed89cc722332a43a369472b176_single_sequence_seed20260921/plddt.npz	1524	03da7e1fab19b147c8da32fc7eb8e869ddbed57df73cf4cee5d89e152cd31e56
results/structure_campaign/compute/single_sequence_deepdive/models/protein_06a47ea8fb14decf2e1f83ce3d7b3bc9900a29ed89cc722332a43a369472b176_single_sequence_seed20260921/residue_confidence.tsv	61451	6c34c01db50b917c7f3c7d38a2f4c82f5d1a74eb8d84fe9ef1ad73693fb0869c
results/structure_campaign/compute/single_sequence_deepdive/models/protein_17d111deb4d6dc3037080cfa51b4f13d1b3e22d45fa78ccc97a0cca4c2afed7e_single_sequence_seed20260919/confidence.json	446	23393a929f2df59e5378a9638dc4c180c9c7bdba70daece91c42fc6c938a316f
results/structure_campaign/compute/single_sequence_deepdive/models/protein_17d111deb4d6dc3037080cfa51b4f13d1b3e22d45fa78ccc97a0cca4c2afed7e_single_sequence_seed20260919/model.cif	114526	27f8ca01247c5df794bf2b78341a072003d7324ac8cf9b04890d0d71cd079dfa
results/structure_campaign/compute/single_sequence_deepdive/models/protein_17d111deb4d6dc3037080cfa51b4f13d1b3e22d45fa78ccc97a0cca4c2afed7e_single_sequence_seed20260919/pae.npz	92404	c379249fe03e3a6049d3cf8e58c7beb748dc767096fc44549c5f8e8d9d747957
results/structure_campaign/compute/single_sequence_deepdive/models/protein_17d111deb4d6dc3037080cfa51b4f13d1b3e22d45fa78ccc97a0cca4c2afed7e_single_sequence_seed20260919/plddt.npz	842	21ea0e7fb1a79de53990113409c10fdd00fec92b6a54bcdcda43736fbe583928
results/structure_campaign/compute/single_sequence_deepdive/models/protein_17d111deb4d6dc3037080cfa51b4f13d1b3e22d45fa78ccc97a0cca4c2afed7e_single_sequence_seed20260919/residue_confidence.tsv	28170	6509e8878d691ca24fe1a7e6e25b6ea3b95b0f37c2992d816332c2f246c9c75d
results/structure_campaign/compute/single_sequence_deepdive/models/protein_17d111deb4d6dc3037080cfa51b4f13d1b3e22d45fa78ccc97a0cca4c2afed7e_single_sequence_seed20260920/confidence.json	442	3df83fa791fa4b56ac9dd31a02b6079db779d66647401539e13630c15999260d
results/structure_campaign/compute/single_sequence_deepdive/models/protein_17d111deb4d6dc3037080cfa51b4f13d1b3e22d45fa78ccc97a0cca4c2afed7e_single_sequence_seed20260920/model.cif	114642	24504e3855bb652f1e8ff1171349244cda1341f04180b34fc9a7293e2acffe09
results/structure_campaign/compute/single_sequence_deepdive/models/protein_17d111deb4d6dc3037080cfa51b4f13d1b3e22d45fa78ccc97a0cca4c2afed7e_single_sequence_seed20260920/pae.npz	92278	83e9283f69ed063efcd0bf61582a8bd8f62a4d69a7f39680b87f895d309afd69
results/structure_campaign/compute/single_sequence_deepdive/models/protein_17d111deb4d6dc3037080cfa51b4f13d1b3e22d45fa78ccc97a0cca4c2afed7e_single_sequence_seed20260920/plddt.npz	837	297ea4b5f0a25d30b5bba0991cf23e5fdbe4df518d19cc67e3c5374681803e98
results/structure_campaign/compute/single_sequence_deepdive/models/protein_17d111deb4d6dc3037080cfa51b4f13d1b3e22d45fa78ccc97a0cca4c2afed7e_single_sequence_seed20260920/residue_confidence.tsv	28189	9a5c07b1cc6b301e534233acdadf1fa92751a279dab5ab54a93f72a784612f03
results/structure_campaign/compute/single_sequence_deepdive/models/protein_17d111deb4d6dc3037080cfa51b4f13d1b3e22d45fa78ccc97a0cca4c2afed7e_single_sequence_seed20260921/confidence.json	446	c04f27e31f6cc603beb65af8b6bfd406ffb31ffc3a9a7df927bebcf01a7dc3d0
results/structure_campaign/compute/single_sequence_deepdive/models/protein_17d111deb4d6dc3037080cfa51b4f13d1b3e22d45fa78ccc97a0cca4c2afed7e_single_sequence_seed20260921/model.cif	114520	a0b5af81193bd6000fbdfe7c5edcb88f4638821b943b83470928745ca9e33bdd
results/structure_campaign/compute/single_sequence_deepdive/models/protein_17d111deb4d6dc3037080cfa51b4f13d1b3e22d45fa78ccc97a0cca4c2afed7e_single_sequence_seed20260921/pae.npz	92401	fe9a0d73635cb499409ee2b7889200aa8192e313d293cc3ed9f178cb2c221dda
results/structure_campaign/compute/single_sequence_deepdive/models/protein_17d111deb4d6dc3037080cfa51b4f13d1b3e22d45fa78ccc97a0cca4c2afed7e_single_sequence_seed20260921/plddt.npz	841	5d79235128d43af03475c6c9b3f99298c99bc7aad456bf83c26fd0cde9101283
results/structure_campaign/compute/single_sequence_deepdive/models/protein_17d111deb4d6dc3037080cfa51b4f13d1b3e22d45fa78ccc97a0cca4c2afed7e_single_sequence_seed20260921/residue_confidence.tsv	28178	432dcf25c9d031b36b19d3e31f229bd2fafbf035557c50c5c7f84e0c277534cb
results/structure_campaign/compute/single_sequence_deepdive/models/protein_1bce31ef49449220635ddadc203907308fc7f2ec67e7d48732292471c9bbe3df_single_sequence_seed20260919/confidence.json	444	4d0b470ae9c40ec3b8e1484ef09da9fa54f42c00ae31d797894db72b11307403
results/structure_campaign/compute/single_sequence_deepdive/models/protein_1bce31ef49449220635ddadc203907308fc7f2ec67e7d48732292471c9bbe3df_single_sequence_seed20260919/model.cif	25298	adbfee01b912da33061985b6c44b6bfdf5e4428aef5db74e125319ce781c2540
results/structure_campaign/compute/single_sequence_deepdive/models/protein_1bce31ef49449220635ddadc203907308fc7f2ec67e7d48732292471c9bbe3df_single_sequence_seed20260919/pae.npz	3887	6c5b2bf836228d0830b684f2b3c5ca3361db85de2943e437b5cc32c8c5925dc6
results/structure_campaign/compute/single_sequence_deepdive/models/protein_1bce31ef49449220635ddadc203907308fc7f2ec67e7d48732292471c9bbe3df_single_sequence_seed20260919/plddt.npz	336	4f7fcd97a13f22fedabe05c341af125ec44c8c84012b28b962fe46e3b482aaf5
results/structure_campaign/compute/single_sequence_deepdive/models/protein_1bce31ef49449220635ddadc203907308fc7f2ec67e7d48732292471c9bbe3df_single_sequence_seed20260919/residue_confidence.tsv	5504	5cca0246977bada534b420264696459aa55ab152a4d7c86611b8aaaafb51b49e
results/structure_campaign/compute/single_sequence_deepdive/models/protein_1bce31ef49449220635ddadc203907308fc7f2ec67e7d48732292471c9bbe3df_single_sequence_seed20260920/confidence.json	443	6d271a07d64c135ffc10b91b5a17994b7c35d73e16f4500939420402500506a1
results/structure_campaign/compute/single_sequence_deepdive/models/protein_1bce31ef49449220635ddadc203907308fc7f2ec67e7d48732292471c9bbe3df_single_sequence_seed20260920/model.cif	25352	22f37a456336051c6aa9cf81c2949debdb32c2d726947f1ceb5769cac705ff73
results/structure_campaign/compute/single_sequence_deepdive/models/protein_1bce31ef49449220635ddadc203907308fc7f2ec67e7d48732292471c9bbe3df_single_sequence_seed20260920/pae.npz	3888	ab91510e8ef013594310cf4e0242ddc87eec4ad1792efe39b70b30c47fd73a4e
results/structure_campaign/compute/single_sequence_deepdive/models/protein_1bce31ef49449220635ddadc203907308fc7f2ec67e7d48732292471c9bbe3df_single_sequence_seed20260920/plddt.npz	337	5b221f0f5b0b319370e3024548c08adba0ca2fbaa641c19a135d07ec639ec0a8
results/structure_campaign/compute/single_sequence_deepdive/models/protein_1bce31ef49449220635ddadc203907308fc7f2ec67e7d48732292471c9bbe3df_single_sequence_seed20260920/residue_confidence.tsv	5506	a7cf3ecb9ad78862d6df09399a51b9a8e89317b725613e837509964576b9f732
results/structure_campaign/compute/single_sequence_deepdive/models/protein_1bce31ef49449220635ddadc203907308fc7f2ec67e7d48732292471c9bbe3df_single_sequence_seed20260921/confidence.json	444	2c60dccf50043521b889efc5cbd7e1f226fa7e37aca90c930eab61b295f50a89
results/structure_campaign/compute/single_sequence_deepdive/models/protein_1bce31ef49449220635ddadc203907308fc7f2ec67e7d48732292471c9bbe3df_single_sequence_seed20260921/model.cif	25336	2e10741fa7eba227db50125f5e93e2df59df7c2ea7f0b556b93f78889753eb83
results/structure_campaign/compute/single_sequence_deepdive/models/protein_1bce31ef49449220635ddadc203907308fc7f2ec67e7d48732292471c9bbe3df_single_sequence_seed20260921/pae.npz	3890	51fc0cd2c1d668dec0b2efcf065e903a7ed1482c1b4d07b927537d62b08971c3
results/structure_campaign/compute/single_sequence_deepdive/models/protein_1bce31ef49449220635ddadc203907308fc7f2ec67e7d48732292471c9bbe3df_single_sequence_seed20260921/plddt.npz	337	97c03272313cf216569380082d32f5d081d7356094a96312ed138a17fcce1065
results/structure_campaign/compute/single_sequence_deepdive/models/protein_1bce31ef49449220635ddadc203907308fc7f2ec67e7d48732292471c9bbe3df_single_sequence_seed20260921/residue_confidence.tsv	5513	302cdb26161a81c391262e50863d4d1f72edf3c8b834bea6ef5de54f7a960255
results/structure_campaign/compute/single_sequence_deepdive/models/protein_1e8bc65243a9facc8e4feddf58cbbe693b2477dfe7a89be4bd6f1930464904dc_single_sequence_seed20260919/confidence.json	442	db2f6813f390f44dac4df74fe815e2e01ae6fa277ec94b367eab9f12e0992408
results/structure_campaign/compute/single_sequence_deepdive/models/protein_1e8bc65243a9facc8e4feddf58cbbe693b2477dfe7a89be4bd6f1930464904dc_single_sequence_seed20260919/model.cif	57003	225f676e465c42ef868702bad0eac24686544788e823f8c12cfb4bd85c93cba7
results/structure_campaign/compute/single_sequence_deepdive/models/protein_1e8bc65243a9facc8e4feddf58cbbe693b2477dfe7a89be4bd6f1930464904dc_single_sequence_seed20260919/pae.npz	23659	17333995d23e0b5e604930085289d96aa673c6676af1a77584580b3e58b6caa2
results/structure_campaign/compute/single_sequence_deepdive/models/protein_1e8bc65243a9facc8e4feddf58cbbe693b2477dfe7a89be4bd6f1930464904dc_single_sequence_seed20260919/plddt.npz	539	1eea84a9d7c8a2a6b708329c0611a9caf679199a153ee15c43ba23e8fc509cd6
results/structure_campaign/compute/single_sequence_deepdive/models/protein_1e8bc65243a9facc8e4feddf58cbbe693b2477dfe7a89be4bd6f1930464904dc_single_sequence_seed20260919/residue_confidence.tsv	13882	09a7bee1c681890eb7df5ee4e7cbc0a848f67ff6bb52cb305bd5197e636c5dc9
results/structure_campaign/compute/single_sequence_deepdive/models/protein_1e8bc65243a9facc8e4feddf58cbbe693b2477dfe7a89be4bd6f1930464904dc_single_sequence_seed20260920/confidence.json	441	3aeeaa896bd69b24b0ffa7d3e4197d6bb11f7958764167ee87f75afaced67d6e
results/structure_campaign/compute/single_sequence_deepdive/models/protein_1e8bc65243a9facc8e4feddf58cbbe693b2477dfe7a89be4bd6f1930464904dc_single_sequence_seed20260920/model.cif	57026	f8a568a725814924251a4c9b9ceb74e69285fdfe8017fef9c152c87f74d2f0af
results/structure_campaign/compute/single_sequence_deepdive/models/protein_1e8bc65243a9facc8e4feddf58cbbe693b2477dfe7a89be4bd6f1930464904dc_single_sequence_seed20260920/pae.npz	23608	4338d186d5f1aba1396912b2b807652f5c09d31b0e71e3f22237b962034bba8f
results/structure_campaign/compute/single_sequence_deepdive/models/protein_1e8bc65243a9facc8e4feddf58cbbe693b2477dfe7a89be4bd6f1930464904dc_single_sequence_seed20260920/plddt.npz	536	abc5dd32e9b218084aa3f871f727d79f09d1ecc5034a3e7801355210e9a71640
results/structure_campaign/compute/single_sequence_deepdive/models/protein_1e8bc65243a9facc8e4feddf58cbbe693b2477dfe7a89be4bd6f1930464904dc_single_sequence_seed20260920/residue_confidence.tsv	13894	ef1c036656a9628eb702179e418a72addd29b2ad48d21fb006eb87e9765e63ba
results/structure_campaign/compute/single_sequence_deepdive/models/protein_1e8bc65243a9facc8e4feddf58cbbe693b2477dfe7a89be4bd6f1930464904dc_single_sequence_seed20260921/confidence.json	442	98431e742af67c43e49c1dd683bff02b2c88d71b03a12ba5ad459409d8d8037b
results/structure_campaign/compute/single_sequence_deepdive/models/protein_1e8bc65243a9facc8e4feddf58cbbe693b2477dfe7a89be4bd6f1930464904dc_single_sequence_seed20260921/model.cif	57068	590f663a4618fd23635deee991f38ec617bb5d9020d65a8b33d99ff1bf6f7894
results/structure_campaign/compute/single_sequence_deepdive/models/protein_1e8bc65243a9facc8e4feddf58cbbe693b2477dfe7a89be4bd6f1930464904dc_single_sequence_seed20260921/pae.npz	23624	6c2505829e8cbe3835b8601a89b8b2ef8396689fc05c554cd8d199c3bb2ec507
results/structure_campaign/compute/single_sequence_deepdive/models/protein_1e8bc65243a9facc8e4feddf58cbbe693b2477dfe7a89be4bd6f1930464904dc_single_sequence_seed20260921/plddt.npz	541	57ba53aec8be8b6422e86a942ee5447dacdb1c34fd7f321780f08557988338bc
results/structure_campaign/compute/single_sequence_deepdive/models/protein_1e8bc65243a9facc8e4feddf58cbbe693b2477dfe7a89be4bd6f1930464904dc_single_sequence_seed20260921/residue_confidence.tsv	13866	18ec907762da2b9bc5d6ff683c629b57bad5d6b648f130eee5f7a28f06f0a837
results/structure_campaign/compute/single_sequence_deepdive/models/protein_2fd568c243ae5fc146a0c3231fbaef7e40cf01dbf9a2cc5cea6ca2f10c9a8f54_single_sequence_seed20260919/confidence.json	446	cbe7a2075260a1a6053ad41017c56e63b3c5ef262c28b7440b13ffcb76674601
results/structure_campaign/compute/single_sequence_deepdive/models/protein_2fd568c243ae5fc146a0c3231fbaef7e40cf01dbf9a2cc5cea6ca2f10c9a8f54_single_sequence_seed20260919/model.cif	272975	5c0dd4bd6626e6099157b35a84aa2248ac4dac4928512acd75216e3534021de8
results/structure_campaign/compute/single_sequence_deepdive/models/protein_2fd568c243ae5fc146a0c3231fbaef7e40cf01dbf9a2cc5cea6ca2f10c9a8f54_single_sequence_seed20260919/pae.npz	517361	7fd700f1f9356720db49437a942df0c56cabe8f54c4158307d6277fdeda2267d
results/structure_campaign/compute/single_sequence_deepdive/models/protein_2fd568c243ae5fc146a0c3231fbaef7e40cf01dbf9a2cc5cea6ca2f10c9a8f54_single_sequence_seed20260919/plddt.npz	1611	caa9a3d5518aeabaa43bc42ed79b7042bd158661ecccf7d68ac0a137bb4913da
results/structure_campaign/compute/single_sequence_deepdive/models/protein_2fd568c243ae5fc146a0c3231fbaef7e40cf01dbf9a2cc5cea6ca2f10c9a8f54_single_sequence_seed20260919/residue_confidence.tsv	68748	561c67a2959da2557dead24603ae2503bb3941d7a0a530a838f3b66a9269cb50
results/structure_campaign/compute/single_sequence_deepdive/models/protein_2fd568c243ae5fc146a0c3231fbaef7e40cf01dbf9a2cc5cea6ca2f10c9a8f54_single_sequence_seed20260920/confidence.json	440	55d774f5249427f4de7b8d4670cb49a2553313dc470efedab1fc773535b05f73
results/structure_campaign/compute/single_sequence_deepdive/models/protein_2fd568c243ae5fc146a0c3231fbaef7e40cf01dbf9a2cc5cea6ca2f10c9a8f54_single_sequence_seed20260920/model.cif	272780	f8b2b9cc0f98c799a8ad3c227650c93f6673edf8e512e749b1da32c5fbb4761c
results/structure_campaign/compute/single_sequence_deepdive/models/protein_2fd568c243ae5fc146a0c3231fbaef7e40cf01dbf9a2cc5cea6ca2f10c9a8f54_single_sequence_seed20260920/pae.npz	518791	8358ab282ed0727819d308ed52683f7abba1f0c7ca6ddccf7728244545586b62
results/structure_campaign/compute/single_sequence_deepdive/models/protein_2fd568c243ae5fc146a0c3231fbaef7e40cf01dbf9a2cc5cea6ca2f10c9a8f54_single_sequence_seed20260920/plddt.npz	1614	5376507c92b343ea77b00203228009b901ff57262c8fecd2df5bf2e9637146de
results/structure_campaign/compute/single_sequence_deepdive/models/protein_2fd568c243ae5fc146a0c3231fbaef7e40cf01dbf9a2cc5cea6ca2f10c9a8f54_single_sequence_seed20260920/residue_confidence.tsv	68727	fba2c2c95ce3a0b129cc184e88300b0ddfb3740061981668dca5bd7262088ec2
results/structure_campaign/compute/single_sequence_deepdive/models/protein_2fd568c243ae5fc146a0c3231fbaef7e40cf01dbf9a2cc5cea6ca2f10c9a8f54_single_sequence_seed20260921/confidence.json	445	37364b5219061a1dd72a96483eaea8ccc585996ebdb3598d8b9817c8cd0de448
results/structure_campaign/compute/single_sequence_deepdive/models/protein_2fd568c243ae5fc146a0c3231fbaef7e40cf01dbf9a2cc5cea6ca2f10c9a8f54_single_sequence_seed20260921/model.cif	273174	05c0a91897e6a7ba5ed08fb7225d4dbe3425dc84d242548da9fde5230df46999
results/structure_campaign/compute/single_sequence_deepdive/models/protein_2fd568c243ae5fc146a0c3231fbaef7e40cf01dbf9a2cc5cea6ca2f10c9a8f54_single_sequence_seed20260921/pae.npz	517796	23c437a722fb789875019b84a2ff11e8a28d645b226b0b6de3e4b687a8897410
results/structure_campaign/compute/single_sequence_deepdive/models/protein_2fd568c243ae5fc146a0c3231fbaef7e40cf01dbf9a2cc5cea6ca2f10c9a8f54_single_sequence_seed20260921/plddt.npz	1616	686d8a8a7c37cb6d32d99d48b2c2059e210644b34abfe2748a3400c6bdec09b7
results/structure_campaign/compute/single_sequence_deepdive/models/protein_2fd568c243ae5fc146a0c3231fbaef7e40cf01dbf9a2cc5cea6ca2f10c9a8f54_single_sequence_seed20260921/residue_confidence.tsv	68728	cab5409b51c50c05b554b5ec9dcc351ae8de51f51613fc3da54d5c4bf7e1c001
results/structure_campaign/compute/single_sequence_deepdive/models/protein_7a9f6f4887bd814b003cf10313fd2533c1efedd27d7e63a1d4f1508167c28ace_single_sequence_seed20260919/confidence.json	437	d2d5b647034c6309d583ba45068658fd51c10eddf7f8604f4e42ec072ada0542
results/structure_campaign/compute/single_sequence_deepdive/models/protein_7a9f6f4887bd814b003cf10313fd2533c1efedd27d7e63a1d4f1508167c28ace_single_sequence_seed20260919/model.cif	29503	40823ab5134396d1377740e862ce8787fffb38447451a6aa9b545343decd658f
results/structure_campaign/compute/single_sequence_deepdive/models/protein_7a9f6f4887bd814b003cf10313fd2533c1efedd27d7e63a1d4f1508167c28ace_single_sequence_seed20260919/pae.npz	5681	796548dd5787a9d1bed2d4688d512cc457911683b5cb4872dc7113e1cb1372a3
results/structure_campaign/compute/single_sequence_deepdive/models/protein_7a9f6f4887bd814b003cf10313fd2533c1efedd27d7e63a1d4f1508167c28ace_single_sequence_seed20260919/plddt.npz	365	3401886fa09a3899d450a4be908f64e8750ada21c55044031b157442b925eb95
results/structure_campaign/compute/single_sequence_deepdive/models/protein_7a9f6f4887bd814b003cf10313fd2533c1efedd27d7e63a1d4f1508167c28ace_single_sequence_seed20260919/residue_confidence.tsv	6697	465644674e5edcef7f75fbb25ceafb6d0896b6bbc3d94e888949d922112fd166
results/structure_campaign/compute/single_sequence_deepdive/models/protein_7a9f6f4887bd814b003cf10313fd2533c1efedd27d7e63a1d4f1508167c28ace_single_sequence_seed20260920/confidence.json	443	eb6591146aa625968c3fd368d45aececb8df8245656ac4b7ac7cb11c44bf6260
results/structure_campaign/compute/single_sequence_deepdive/models/protein_7a9f6f4887bd814b003cf10313fd2533c1efedd27d7e63a1d4f1508167c28ace_single_sequence_seed20260920/model.cif	29497	6e26272c970b3c9b0d89e12bc0c25eb2f5a3dcf5b18ccb5a1bce25d438fd6b68
results/structure_campaign/compute/single_sequence_deepdive/models/protein_7a9f6f4887bd814b003cf10313fd2533c1efedd27d7e63a1d4f1508167c28ace_single_sequence_seed20260920/pae.npz	5685	70730979482bf217598cbf6203d0eea49f8967e3b7f7b5220f2b7c3aa1c14be2
results/structure_campaign/compute/single_sequence_deepdive/models/protein_7a9f6f4887bd814b003cf10313fd2533c1efedd27d7e63a1d4f1508167c28ace_single_sequence_seed20260920/plddt.npz	365	02630bd256c68030a5edef7adcc26cae757b6553147c2aae30932a5263796377
results/structure_campaign/compute/single_sequence_deepdive/models/protein_7a9f6f4887bd814b003cf10313fd2533c1efedd27d7e63a1d4f1508167c28ace_single_sequence_seed20260920/residue_confidence.tsv	6702	7c96e07c2e9ddbfaa6e6e66c27c2ce09ea4d095ffd8b397bc3d8dffd795c7e67
results/structure_campaign/compute/single_sequence_deepdive/models/protein_7a9f6f4887bd814b003cf10313fd2533c1efedd27d7e63a1d4f1508167c28ace_single_sequence_seed20260921/confidence.json	440	51974e856584bdcd4168dd440cb14d34561759ea0cbb3a614fbc34243b60ae5a
results/structure_campaign/compute/single_sequence_deepdive/models/protein_7a9f6f4887bd814b003cf10313fd2533c1efedd27d7e63a1d4f1508167c28ace_single_sequence_seed20260921/model.cif	29611	3db1c539e8d69c61f9f162d82db0008e015e388c34d2d124eac5a68b8de04fc8
results/structure_campaign/compute/single_sequence_deepdive/models/protein_7a9f6f4887bd814b003cf10313fd2533c1efedd27d7e63a1d4f1508167c28ace_single_sequence_seed20260921/pae.npz	5674	3c103e42911706ccce8af1e0f1761c0c89190369127503374d3128cfd4af9cd6
results/structure_campaign/compute/single_sequence_deepdive/models/protein_7a9f6f4887bd814b003cf10313fd2533c1efedd27d7e63a1d4f1508167c28ace_single_sequence_seed20260921/plddt.npz	365	17260313332e26ef06240d66d4e298bbe405e235c5ea756d6b6ba2e57afd6c00
results/structure_campaign/compute/single_sequence_deepdive/models/protein_7a9f6f4887bd814b003cf10313fd2533c1efedd27d7e63a1d4f1508167c28ace_single_sequence_seed20260921/residue_confidence.tsv	6706	e4948f4c876ec6c517e8e806242dc58064665e95c3c4232781853a259f478992
results/structure_campaign/compute/single_sequence_deepdive/models/protein_f0766d124b52f0061597ce4e822e9275a04152df574f9a512631a0fa6ed8a2fa_single_sequence_seed20260919/confidence.json	449	b2d6539b5078fe474f39c1d21046cd3e0e2c9f845de58bf5439a51138a889985
results/structure_campaign/compute/single_sequence_deepdive/models/protein_f0766d124b52f0061597ce4e822e9275a04152df574f9a512631a0fa6ed8a2fa_single_sequence_seed20260919/model.cif	80939	a0d605c70053a20e3c02077184f41f17cd185bda2756113c53811565a0b98eac
results/structure_campaign/compute/single_sequence_deepdive/models/protein_f0766d124b52f0061597ce4e822e9275a04152df574f9a512631a0fa6ed8a2fa_single_sequence_seed20260919/pae.npz	48137	5421e0c420a863e9af9e1095f5b66129953e2ad25bdd5ef7b0cac1824cd8f269
results/structure_campaign/compute/single_sequence_deepdive/models/protein_f0766d124b52f0061597ce4e822e9275a04152df574f9a512631a0fa6ed8a2fa_single_sequence_seed20260919/plddt.npz	669	39990ca566419e30433e26fa31c5c6bec307abe7088a253dae78f2b008ef6e22
results/structure_campaign/compute/single_sequence_deepdive/models/protein_f0766d124b52f0061597ce4e822e9275a04152df574f9a512631a0fa6ed8a2fa_single_sequence_seed20260919/residue_confidence.tsv	20264	6c9e0dca685d1e620cadb3ca60299bed2ddaadc1d808cdc0634f7190a8dc87c7
results/structure_campaign/compute/single_sequence_deepdive/models/protein_f0766d124b52f0061597ce4e822e9275a04152df574f9a512631a0fa6ed8a2fa_single_sequence_seed20260920/confidence.json	445	e009b004778b37bb9e555ce535122fce2b8a798a97b49fd5df389d2af2298b2b
results/structure_campaign/compute/single_sequence_deepdive/models/protein_f0766d124b52f0061597ce4e822e9275a04152df574f9a512631a0fa6ed8a2fa_single_sequence_seed20260920/model.cif	80885	80f2ed0ebfde05acc63e3fd5d3fa38f3024df58bb4815ee1dde2a9f940a21627
results/structure_campaign/compute/single_sequence_deepdive/models/protein_f0766d124b52f0061597ce4e822e9275a04152df574f9a512631a0fa6ed8a2fa_single_sequence_seed20260920/pae.npz	48154	93c7f5d2be30f055ef3cb70a8d8da410af036c4e526f088485fd14915ca95460
results/structure_campaign/compute/single_sequence_deepdive/models/protein_f0766d124b52f0061597ce4e822e9275a04152df574f9a512631a0fa6ed8a2fa_single_sequence_seed20260920/plddt.npz	673	0d72c186ccc5f9bbd4d4af339d58bdde1cf27dcf2c43b15cc8f69c5c2e7a97a6
results/structure_campaign/compute/single_sequence_deepdive/models/protein_f0766d124b52f0061597ce4e822e9275a04152df574f9a512631a0fa6ed8a2fa_single_sequence_seed20260920/residue_confidence.tsv	20279	0a8a2623f2eb092e1d0e06f66b93e7c2650b090a5004b598e88a9bb99727b4b0
results/structure_campaign/compute/single_sequence_deepdive/models/protein_f0766d124b52f0061597ce4e822e9275a04152df574f9a512631a0fa6ed8a2fa_single_sequence_seed20260921/confidence.json	446	fa93da62438aade6eefb79530f1ed9945aacb965a904033eef3d5bd4e3725090
results/structure_campaign/compute/single_sequence_deepdive/models/protein_f0766d124b52f0061597ce4e822e9275a04152df574f9a512631a0fa6ed8a2fa_single_sequence_seed20260921/model.cif	81156	34d1faf6ecd27c3ff99cadefb0361c9c56020ff809f5e6925ea427a4449403bd
results/structure_campaign/compute/single_sequence_deepdive/models/protein_f0766d124b52f0061597ce4e822e9275a04152df574f9a512631a0fa6ed8a2fa_single_sequence_seed20260921/pae.npz	48192	2e30e0ec8bcaa704abdc5dbe48326e9bda6144e5bd49d9e4e1b058cbc519bcac
results/structure_campaign/compute/single_sequence_deepdive/models/protein_f0766d124b52f0061597ce4e822e9275a04152df574f9a512631a0fa6ed8a2fa_single_sequence_seed20260921/plddt.npz	673	5a4dec4c4e17e65ce5558994498f99b52aa73f00369423807aa8db9c5c2dfb12
results/structure_campaign/compute/single_sequence_deepdive/models/protein_f0766d124b52f0061597ce4e822e9275a04152df574f9a512631a0fa6ed8a2fa_single_sequence_seed20260921/residue_confidence.tsv	20254	b80d45e25fddbdb11be4e31161fd1c387b07519de6ddee5ea00006e5fb242d53
results/structure_campaign/compute/single_sequence_deepdive/remote/environment_validation.json	700	794f2e9de2b6848b5dcec632a5fb802fd0942798ae4d81f44f13030397686847
results/structure_campaign/compute/single_sequence_deepdive/remote/gpu_utilization.csv	117938	20e81f2c5f860a6e1705d781d97e83ca8d1c6454cf00e296361f7d2f8a0508ec
results/structure_campaign/compute/single_sequence_deepdive/remote/jobs.json	113761	264d222c82c7320efe2986fb4c0c8efa230cc325ebdc38a4bbbf2523eb572117
results/structure_campaign/compute/single_sequence_deepdive/remote/models/protein_00fb8657255fb894315401cecb9ab9e3047ef7b3d1f0d35d357663269780201c_single_sequence_seed20260919/attempt_1/boltz.log	2437	7a17f83aacf4c38b891663116822a04564326c844c81b48725b0077c21db65f3
results/structure_campaign/compute/single_sequence_deepdive/remote/models/protein_00fb8657255fb894315401cecb9ab9e3047ef7b3d1f0d35d357663269780201c_single_sequence_seed20260919/validation.json	251	b000193f67caaeed84b22f99318f22ca2bc57231d498a2b79a150feda2b15b06
results/structure_campaign/compute/single_sequence_deepdive/remote/models/protein_00fb8657255fb894315401cecb9ab9e3047ef7b3d1f0d35d357663269780201c_single_sequence_seed20260920/attempt_1/boltz.log	2437	18b79084e74546f7a98895abfd21107394bcc325baab72c65f53b6fbe34fdfd0
results/structure_campaign/compute/single_sequence_deepdive/remote/models/protein_00fb8657255fb894315401cecb9ab9e3047ef7b3d1f0d35d357663269780201c_single_sequence_seed20260920/validation.json	252	5553d24affebea3f8800e0b7bf6307e7189dc4c9062c6dcf2d95d7ff3e4020ac
results/structure_campaign/compute/single_sequence_deepdive/remote/models/protein_00fb8657255fb894315401cecb9ab9e3047ef7b3d1f0d35d357663269780201c_single_sequence_seed20260921/attempt_1/boltz.log	2437	4055bb63abeef74746649344ea7e96a7f4a76fdca24e03209c616b8326d40059
results/structure_campaign/compute/single_sequence_deepdive/remote/models/protein_00fb8657255fb894315401cecb9ab9e3047ef7b3d1f0d35d357663269780201c_single_sequence_seed20260921/validation.json	253	3b830535b910a96e5ec84b5b1df633e85dea581a09711a681c842874a178d952
results/structure_campaign/compute/single_sequence_deepdive/remote/models/protein_06a47ea8fb14decf2e1f83ce3d7b3bc9900a29ed89cc722332a43a369472b176_single_sequence_seed20260919/attempt_1/boltz.log	2437	6d3457e59cab58b92542e81ca209252dbb37e70096e1f8309efee2014c1ba870
results/structure_campaign/compute/single_sequence_deepdive/remote/models/protein_06a47ea8fb14decf2e1f83ce3d7b3bc9900a29ed89cc722332a43a369472b176_single_sequence_seed20260919/validation.json	238	f246c99c0d740fc94211bafc4d17ab9a89c47580f168debc259cfb751bf22c42
results/structure_campaign/compute/single_sequence_deepdive/remote/models/protein_06a47ea8fb14decf2e1f83ce3d7b3bc9900a29ed89cc722332a43a369472b176_single_sequence_seed20260920/attempt_1/boltz.log	2437	dc2b353cfa91416e9d1347380c68c254b531c66cb786f3b0fcfdab9ef4d4442c
results/structure_campaign/compute/single_sequence_deepdive/remote/models/protein_06a47ea8fb14decf2e1f83ce3d7b3bc9900a29ed89cc722332a43a369472b176_single_sequence_seed20260920/validation.json	255	c567dd40da76060b80638e4e94328056cd618cdf8426e54b6f00f19e24055e92
results/structure_campaign/compute/single_sequence_deepdive/remote/models/protein_06a47ea8fb14decf2e1f83ce3d7b3bc9900a29ed89cc722332a43a369472b176_single_sequence_seed20260921/attempt_1/boltz.log	2437	ac291a1d939ee0718935cfa7dd327ad1bfced5be7b0392f7e58dfd05900b3f70
results/structure_campaign/compute/single_sequence_deepdive/remote/models/protein_06a47ea8fb14decf2e1f83ce3d7b3bc9900a29ed89cc722332a43a369472b176_single_sequence_seed20260921/validation.json	253	41ab8fa1603b497b02063873f480df51662fab63ecd813cf296022ec66780447
results/structure_campaign/compute/single_sequence_deepdive/remote/models/protein_17d111deb4d6dc3037080cfa51b4f13d1b3e22d45fa78ccc97a0cca4c2afed7e_single_sequence_seed20260919/attempt_1/boltz.log	2437	e7017f2602b63818abe3f061adce84f38dd4e9eb4852830a938e495b2bbe68e4
results/structure_campaign/compute/single_sequence_deepdive/remote/models/protein_17d111deb4d6dc3037080cfa51b4f13d1b3e22d45fa78ccc97a0cca4c2afed7e_single_sequence_seed20260919/validation.json	256	dacd689e5dc45f6966b3913b0824628c2bf87858e68e0d0a75fbf548539e9408
results/structure_campaign/compute/single_sequence_deepdive/remote/models/protein_17d111deb4d6dc3037080cfa51b4f13d1b3e22d45fa78ccc97a0cca4c2afed7e_single_sequence_seed20260920/attempt_1/boltz.log	2437	d8c823ad09ce5aceef6bd44569e93a4040ab56f3a9e6bd5795d8141b6e9a8daa
results/structure_campaign/compute/single_sequence_deepdive/remote/models/protein_17d111deb4d6dc3037080cfa51b4f13d1b3e22d45fa78ccc97a0cca4c2afed7e_single_sequence_seed20260920/validation.json	255	b5b006b3019e617961a5351ee669dbcb95e0c46cac86934aa88d75c47cea3299
results/structure_campaign/compute/single_sequence_deepdive/remote/models/protein_17d111deb4d6dc3037080cfa51b4f13d1b3e22d45fa78ccc97a0cca4c2afed7e_single_sequence_seed20260921/attempt_1/boltz.log	2437	1c5051a7a32832c7d27cc3b36eac49780498f7f2045701c27c44bf98c150c228
results/structure_campaign/compute/single_sequence_deepdive/remote/models/protein_17d111deb4d6dc3037080cfa51b4f13d1b3e22d45fa78ccc97a0cca4c2afed7e_single_sequence_seed20260921/validation.json	256	9fd921cf187d86203653b7cd89e821e7ff8e752d1722c34f6b3a18db3fff0776
results/structure_campaign/compute/single_sequence_deepdive/remote/models/protein_1bce31ef49449220635ddadc203907308fc7f2ec67e7d48732292471c9bbe3df_single_sequence_seed20260919/attempt_1/boltz.log	2437	335c30fa39365bfc77a082c57ca047b43d509d596c8850f552682b77f7758fec
results/structure_campaign/compute/single_sequence_deepdive/remote/models/protein_1bce31ef49449220635ddadc203907308fc7f2ec67e7d48732292471c9bbe3df_single_sequence_seed20260919/validation.json	230	21f102183cbf8c58dea3a8b9b4de5fb492763afceefa4829403990a4a923748d
results/structure_campaign/compute/single_sequence_deepdive/remote/models/protein_1bce31ef49449220635ddadc203907308fc7f2ec67e7d48732292471c9bbe3df_single_sequence_seed20260920/attempt_1/boltz.log	2437	da0c1eeb013b61a89c4bc9589cd0969842260c00e0ba9422432a0a2617e0ed2d
results/structure_campaign/compute/single_sequence_deepdive/remote/models/protein_1bce31ef49449220635ddadc203907308fc7f2ec67e7d48732292471c9bbe3df_single_sequence_seed20260920/validation.json	228	5465179012d626aaef7ae8993bcab3a7bf81bc4a2f3b06fec95fff280ce11bfa
results/structure_campaign/compute/single_sequence_deepdive/remote/models/protein_1bce31ef49449220635ddadc203907308fc7f2ec67e7d48732292471c9bbe3df_single_sequence_seed20260921/attempt_1/boltz.log	2437	c963ba8a76a08c3f0268b6f2564771976a2ac87b41afe54c24bf493be4e0f9e9
results/structure_campaign/compute/single_sequence_deepdive/remote/models/protein_1bce31ef49449220635ddadc203907308fc7f2ec67e7d48732292471c9bbe3df_single_sequence_seed20260921/validation.json	227	c038f8bb58be76b71c15934c9b5cf3d923b54d6727dd66f5e467a692bd2e1bab
results/structure_campaign/compute/single_sequence_deepdive/remote/models/protein_1e8bc65243a9facc8e4feddf58cbbe693b2477dfe7a89be4bd6f1930464904dc_single_sequence_seed20260919/attempt_1/boltz.log	2437	987822deffcd5c3dd1c94c68dda22d2dd580a94fb7f629a99e7286684cdd7470
results/structure_campaign/compute/single_sequence_deepdive/remote/models/protein_1e8bc65243a9facc8e4feddf58cbbe693b2477dfe7a89be4bd6f1930464904dc_single_sequence_seed20260919/validation.json	252	1564f80c19f3781c9abdfa91b91d0ca93608d26ec59cd3c3296c24254e382c43
results/structure_campaign/compute/single_sequence_deepdive/remote/models/protein_1e8bc65243a9facc8e4feddf58cbbe693b2477dfe7a89be4bd6f1930464904dc_single_sequence_seed20260920/attempt_1/boltz.log	2437	04afac6833c5809b5bb4ccada6162caf208eb5b4fc1ea570afb748a05a2db16d
results/structure_campaign/compute/single_sequence_deepdive/remote/models/protein_1e8bc65243a9facc8e4feddf58cbbe693b2477dfe7a89be4bd6f1930464904dc_single_sequence_seed20260920/validation.json	252	3d820d373012be2c2b580151b214d0a5d011824aa4f0386967d448d475582a91
results/structure_campaign/compute/single_sequence_deepdive/remote/models/protein_1e8bc65243a9facc8e4feddf58cbbe693b2477dfe7a89be4bd6f1930464904dc_single_sequence_seed20260921/attempt_1/boltz.log	2437	db7160a8b160199593c5000577f9d9013a94556e1299c91c7e977d8c7dd29d88
results/structure_campaign/compute/single_sequence_deepdive/remote/models/protein_1e8bc65243a9facc8e4feddf58cbbe693b2477dfe7a89be4bd6f1930464904dc_single_sequence_seed20260921/validation.json	253	16aad1275d3e5ef76ffb922640cad53e3ba88165b07269e4911a967d3833e085
results/structure_campaign/compute/single_sequence_deepdive/remote/models/protein_2fd568c243ae5fc146a0c3231fbaef7e40cf01dbf9a2cc5cea6ca2f10c9a8f54_single_sequence_seed20260919/attempt_1/boltz.log	2503	aaeb8710940ce2ca0c5f2849351118b3113e48dfbf4723c2edc422dfd4ac313e
results/structure_campaign/compute/single_sequence_deepdive/remote/models/protein_2fd568c243ae5fc146a0c3231fbaef7e40cf01dbf9a2cc5cea6ca2f10c9a8f54_single_sequence_seed20260919/validation.json	223	e5d06a00762b57abe99c919bafe1e577bcc41216d2037dec984a684b2736d03b
results/structure_campaign/compute/single_sequence_deepdive/remote/models/protein_2fd568c243ae5fc146a0c3231fbaef7e40cf01dbf9a2cc5cea6ca2f10c9a8f54_single_sequence_seed20260920/attempt_1/boltz.log	2503	d0ca58054b255cf0866da3c1707a337180c39c47cca9f757ff8089f9ce6153c1
results/structure_campaign/compute/single_sequence_deepdive/remote/models/protein_2fd568c243ae5fc146a0c3231fbaef7e40cf01dbf9a2cc5cea6ca2f10c9a8f54_single_sequence_seed20260920/validation.json	222	a55dedecc8fe05cb34385775e833acd70e46082f1805eef02858274ae7efbd1d
results/structure_campaign/compute/single_sequence_deepdive/remote/models/protein_2fd568c243ae5fc146a0c3231fbaef7e40cf01dbf9a2cc5cea6ca2f10c9a8f54_single_sequence_seed20260921/attempt_1/boltz.log	2437	1b40554aac476ba9de4c7834c6b78302809cef6ae4d4eb883d603a84040941db
results/structure_campaign/compute/single_sequence_deepdive/remote/models/protein_2fd568c243ae5fc146a0c3231fbaef7e40cf01dbf9a2cc5cea6ca2f10c9a8f54_single_sequence_seed20260921/validation.json	237	2172e45e07a4dbf37667668755de2d3399aed26fe23092d70e3f3c7001b14f43
results/structure_campaign/compute/single_sequence_deepdive/remote/models/protein_7a9f6f4887bd814b003cf10313fd2533c1efedd27d7e63a1d4f1508167c28ace_single_sequence_seed20260919/attempt_1/boltz.log	2437	3d79d7087d20aadaaa53137597af98485f09b1d0c4308f3e68bc97867ca60fd6
results/structure_campaign/compute/single_sequence_deepdive/remote/models/protein_7a9f6f4887bd814b003cf10313fd2533c1efedd27d7e63a1d4f1508167c28ace_single_sequence_seed20260919/validation.json	252	23d6be4db439ae634ac58d2592f9ebdfd1cd62a62b86296cd7efcddf72ba2c0e
results/structure_campaign/compute/single_sequence_deepdive/remote/models/protein_7a9f6f4887bd814b003cf10313fd2533c1efedd27d7e63a1d4f1508167c28ace_single_sequence_seed20260920/attempt_1/boltz.log	2437	429f1ed259621c7377171868517d77861add42c4746d1859dbc0851e69e1ce8d
results/structure_campaign/compute/single_sequence_deepdive/remote/models/protein_7a9f6f4887bd814b003cf10313fd2533c1efedd27d7e63a1d4f1508167c28ace_single_sequence_seed20260920/validation.json	251	6c5e6b26087996179bd17b50bd4dfef921d9588582618410dc4364f6f04aa0cb
results/structure_campaign/compute/single_sequence_deepdive/remote/models/protein_7a9f6f4887bd814b003cf10313fd2533c1efedd27d7e63a1d4f1508167c28ace_single_sequence_seed20260921/attempt_1/boltz.log	2437	528dc52024a011135c024a2a0b668f29c1717070cdbaad3e737549983010de5e
results/structure_campaign/compute/single_sequence_deepdive/remote/models/protein_7a9f6f4887bd814b003cf10313fd2533c1efedd27d7e63a1d4f1508167c28ace_single_sequence_seed20260921/validation.json	249	fd6663e1667d1326681efc1e8187c1086ef5d8a36765b671637fa18cd3e370ee
results/structure_campaign/compute/single_sequence_deepdive/remote/models/protein_f0766d124b52f0061597ce4e822e9275a04152df574f9a512631a0fa6ed8a2fa_single_sequence_seed20260919/attempt_1/boltz.log	2437	05d9e29c7e89e98da9e4c2e4df8cead052d5d6fa16f3198e839cc03a6a2896fe
results/structure_campaign/compute/single_sequence_deepdive/remote/models/protein_f0766d124b52f0061597ce4e822e9275a04152df574f9a512631a0fa6ed8a2fa_single_sequence_seed20260919/validation.json	239	07d88d10eb21898aafcf12bcb85e9207eb6c503e5a9cf23db850f7873fd48d40
results/structure_campaign/compute/single_sequence_deepdive/remote/models/protein_f0766d124b52f0061597ce4e822e9275a04152df574f9a512631a0fa6ed8a2fa_single_sequence_seed20260920/attempt_1/boltz.log	2437	25f9849ac03d7816f4cc0af1725993c50f3478559e3364c4ebeee80d5cc97a10
results/structure_campaign/compute/single_sequence_deepdive/remote/models/protein_f0766d124b52f0061597ce4e822e9275a04152df574f9a512631a0fa6ed8a2fa_single_sequence_seed20260920/validation.json	237	399ba31f53e1ce8a733ed55bb6e4439025c2fd18a226738b290b9225aa8c0b4a
results/structure_campaign/compute/single_sequence_deepdive/remote/models/protein_f0766d124b52f0061597ce4e822e9275a04152df574f9a512631a0fa6ed8a2fa_single_sequence_seed20260921/attempt_1/boltz.log	2437	6bbd941bf2072872717aa2c377057abdd005d3dc7712a709ef5c6d2d92c71cf7
results/structure_campaign/compute/single_sequence_deepdive/remote/models/protein_f0766d124b52f0061597ce4e822e9275a04152df574f9a512631a0fa6ed8a2fa_single_sequence_seed20260921/validation.json	237	d6801bbd494423dd7b7ec5f212c080e3c9711086f87c4404eaefbd7590b9107f
results/structure_campaign/compute/single_sequence_deepdive/remote/runtime.json	387	a4d4d60f14b239984522e6d416bf36ab543e0c0ed812e8c21715d35bea255450
results/structure_campaign/compute/single_sequence_deepdive/remote/summary.json	517	08323c0f623be35e7af7ca239d94368dbca19548d874c719d303325c14c656cd
results/structure_campaign/compute/single_sequence_deepdive/remote/worker.log	1011	ba1dfe1e3e409e2bead1ebe362a493b31b966aa33a84fe66e544df20daba78ec
results/structure_campaign/compute/single_sequence_deepdive/summary.json	388	f068de29369390e3e90009d3ba53d4adb62799b5fdb3d3a4fcd74d7453189ec4
results/structure_campaign/compute/single_sequence_full/calibration_reuse_verification.json	11295	f27671b0f2430ce99e166e89da37c0737af51aa678495f2c2632ab41061ff441
results/structure_campaign/compute/single_sequence_full/continuation_protocol.md	1383	34d6d96be0d13ea9be9b00546c17c9e275b0f175ee7f882793d73e78d83058b2
results/structure_campaign/compute/single_sequence_full/executed_continuation.sh	630	5ea6f076bfef233872e163ba7df933d0d330ea829beba904aec40c007b8ddae9
results/structure_campaign/compute/single_sequence_full/export_receipt.json	11511	911aab4bea9657edf19aa7c77358263fdc86f24cab04ae41ea4a3321ed11f755
results/structure_campaign/compute/single_sequence_full/firstpass_freeze.json	827	8b6ced1a6049279a337d7ea13b307a936b89b2edc9bd2333f2c08318a39810f0
results/structure_campaign/compute/single_sequence_full/inputs/manifest.json	97939	f6a65966c9f73e8b440c4c66bfdf072bec0ca17720a84ac06ccfdfd7b5f267ac
results/structure_campaign/compute/single_sequence_full/inputs/protein_101700281cde078bee94b7382d6e603a4babf7b2c6c73ebf43d4a469d59c79f5_single_sequence_seed20260919.fasta	263	a62b5a523e7e39d241f80eb57b6ac1efd57cc5ef3bd437d82def2681dd30fea2
results/structure_campaign/compute/single_sequence_full/inputs/protein_101700281cde078bee94b7382d6e603a4babf7b2c6c73ebf43d4a469d59c79f5_single_sequence_seed20260919.yaml	240	a451a3264f243350d6dded411d9057aead2bf47f45827f36b29e4fec7828a9ca
results/structure_campaign/compute/single_sequence_full/inputs/protein_1148a09617eba2312e87a99c5e199bf30521982cb6c30cc7354ca5f31aa604ee_single_sequence_seed20260919.fasta	890	536e288c654ea57be6bf9e02c562cadee7aee386b4e8787dc95c3cb992cd3ef0
results/structure_campaign/compute/single_sequence_full/inputs/protein_1148a09617eba2312e87a99c5e199bf30521982cb6c30cc7354ca5f31aa604ee_single_sequence_seed20260919.yaml	867	4de165017b5e474b727b66c6161bba9a77bcb93430e0c6d1a168f9e6e34a6134
results/structure_campaign/compute/single_sequence_full/inputs/protein_13af641587610835ccf13231157fe90ef6e91f0485fa14f7ec5a46506b5a8823_single_sequence_seed20260919.fasta	172	44127c5c1e1d0ab8dcb2470143fcbd651bee34c61f4ccf7299250edd5a3e8305
results/structure_campaign/compute/single_sequence_full/inputs/protein_13af641587610835ccf13231157fe90ef6e91f0485fa14f7ec5a46506b5a8823_single_sequence_seed20260919.yaml	149	21108acd6f35754ddc18dcc49700d6cba7bc49b2bac284471ecc3e3febbcec99
results/structure_campaign/compute/single_sequence_full/inputs/protein_19394e5c359c5a82b8cb1bd0ed1fa1b68fb38f6139c5c1acdf5b19900a03299a_single_sequence_seed20260919.fasta	216	9a6f260d5dd56e9ac0fdabf24689221599284c5ae85575e4afd3d9b8631d9bbd
results/structure_campaign/compute/single_sequence_full/inputs/protein_19394e5c359c5a82b8cb1bd0ed1fa1b68fb38f6139c5c1acdf5b19900a03299a_single_sequence_seed20260919.yaml	193	4eed58175d73c64578a1380eff1720bcb32f81670c85252bcaea2f90c74efa33
results/structure_campaign/compute/single_sequence_full/inputs/protein_1bb99356d918b0fbaa9b069fdeb691f9390e078bfa32068a8186f372bbfd91a3_single_sequence_seed20260919.fasta	266	ca86d048266ec800f1216dc2697c3f2cd22b91a5e44183051d2991792882bb04
results/structure_campaign/compute/single_sequence_full/inputs/protein_1bb99356d918b0fbaa9b069fdeb691f9390e078bfa32068a8186f372bbfd91a3_single_sequence_seed20260919.yaml	243	30f82fed1e4135181ef620a2655118c0e9f44ff7898eeaaaca5758e57370a73e
results/structure_campaign/compute/single_sequence_full/inputs/protein_2f5ccec75975e3c6f577920bce8d2353c43c2083ced5a445cd4306874aa49f96_single_sequence_seed20260919.fasta	148	feff339126993a362c8961593edc72141ad76d06f79c8c406e5ad0aa4f51649d
results/structure_campaign/compute/single_sequence_full/inputs/protein_2f5ccec75975e3c6f577920bce8d2353c43c2083ced5a445cd4306874aa49f96_single_sequence_seed20260919.yaml	125	5d07fc93729abb4190f19329be82f8f1b59a2452bb8558b75a124a87ddc0b49f
results/structure_campaign/compute/single_sequence_full/inputs/protein_345129754ff0ccc173929ddf22b27736775c4329d5023cd85485e4a3b98d6af1_single_sequence_seed20260919.fasta	260	86e69a795b5468acaffe248d21e5966a6d2960d65a307f00127287fd8d3d451b
results/structure_campaign/compute/single_sequence_full/inputs/protein_345129754ff0ccc173929ddf22b27736775c4329d5023cd85485e4a3b98d6af1_single_sequence_seed20260919.yaml	237	a8929df55655758f17ad4d403e3e4fae82666affe1cd528c43f2643ce8d5be16
results/structure_campaign/compute/single_sequence_full/inputs/protein_3538354085b81ef36c100a2816d54993d184f50f51149beb3c72110afb62890b_single_sequence_seed20260919.fasta	143	29c00da5785991c54a697f7bfc37810b7eec0e6074dbeab68d7f45d21f47a587
results/structure_campaign/compute/single_sequence_full/inputs/protein_3538354085b81ef36c100a2816d54993d184f50f51149beb3c72110afb62890b_single_sequence_seed20260919.yaml	120	359f1bbaa8d7ee81818378ac28c3261236a50ecda2d20aecc5bbd64c08e1fbc4
results/structure_campaign/compute/single_sequence_full/inputs/protein_3868fed335582b3a056d423efc2dbae9dfa7c7350d3572a0f67798065f307d53_single_sequence_seed20260919.fasta	203	db0dab23c056c2a3403fe669ca3dfde00398f01c2115894002f53e58809e777b
results/structure_campaign/compute/single_sequence_full/inputs/protein_3868fed335582b3a056d423efc2dbae9dfa7c7350d3572a0f67798065f307d53_single_sequence_seed20260919.yaml	180	b6ee7f7af5f29136cbab6ef7144fada658af90f90b4719dc2ab8e7e34d04ffbf
results/structure_campaign/compute/single_sequence_full/inputs/protein_3efb26690c36c414062c23d0c47a34fbb57d8f10f8edf672769c2cddb8218cfa_single_sequence_seed20260919.fasta	311	6a9522e33bf6ab0f76b4c12cce1c5a062892307becc0165e8f163da7654a200c
results/structure_campaign/compute/single_sequence_full/inputs/protein_3efb26690c36c414062c23d0c47a34fbb57d8f10f8edf672769c2cddb8218cfa_single_sequence_seed20260919.yaml	288	062581bfdf88da3048a9b3bccd1244222aae9f6365ba8aa13453f05aea049dc3
results/structure_campaign/compute/single_sequence_full/inputs/protein_4d8da7a249b8e2edf2d48ecc95d93eb6898532d6e07ed982fec0fc4c9c14e12a_single_sequence_seed20260919.fasta	285	ef75d7a0a3d3c40668d540cbe4a9221289833b7d69765140f4421f7147c89220
results/structure_campaign/compute/single_sequence_full/inputs/protein_4d8da7a249b8e2edf2d48ecc95d93eb6898532d6e07ed982fec0fc4c9c14e12a_single_sequence_seed20260919.yaml	262	042c1d9e4ea429bce738b1090b75af1cb58dabf0e3950682d536f6f38d84a154
results/structure_campaign/compute/single_sequence_full/inputs/protein_5e0a55ceea7aa5596a1130b2f7a693b8a52acf6bf2ac12e69951ade5c9fb2d52_single_sequence_seed20260919.fasta	222	f6b401dd395d31d89f072635bdeffb8544df58b5612963f1b96558926f17aea3
results/structure_campaign/compute/single_sequence_full/inputs/protein_5e0a55ceea7aa5596a1130b2f7a693b8a52acf6bf2ac12e69951ade5c9fb2d52_single_sequence_seed20260919.yaml	199	51eafa4f87379ee96879f2292dd40163de6656cec133dccaf87178ac22f3f24c
results/structure_campaign/compute/single_sequence_full/inputs/protein_61a6c306c0a882793e9a0eb0f38e9dffb4ad15d1ae413e718969b8f43c6e86e4_single_sequence_seed20260919.fasta	257	7faabb8763870c6d9b89f439625285ad7bc99544fad47891f16b96f18aa00a77
results/structure_campaign/compute/single_sequence_full/inputs/protein_61a6c306c0a882793e9a0eb0f38e9dffb4ad15d1ae413e718969b8f43c6e86e4_single_sequence_seed20260919.yaml	234	60584315b3d85bd1b08e426c8909ef39e57f8a8cd3d0566195aa4aaca73a046e
results/structure_campaign/compute/single_sequence_full/inputs/protein_61dbcd41ff74ad3f3b63240c13327fee06c0feb5d06fe4cf72c1220d5d18bb06_single_sequence_seed20260919.fasta	271	f4b5cf23776a9f03bf0ba92c1d9389abf603a58e654b9a52a3366e79c94be78b
results/structure_campaign/compute/single_sequence_full/inputs/protein_61dbcd41ff74ad3f3b63240c13327fee06c0feb5d06fe4cf72c1220d5d18bb06_single_sequence_seed20260919.yaml	248	bb67653a53d160e7b7b2751043f6b8bb551f1eb3285eeef436fb89c83250a09e
results/structure_campaign/compute/single_sequence_full/inputs/protein_6ae36d8a89ac3ac04b43b02983f3cb8994037ee6cadc0be1d50523eaca3430e4_single_sequence_seed20260919.fasta	316	fbca63dc0e322d191d1529376f3686b506e271a427b5b19904bc37032c84880e
results/structure_campaign/compute/single_sequence_full/inputs/protein_6ae36d8a89ac3ac04b43b02983f3cb8994037ee6cadc0be1d50523eaca3430e4_single_sequence_seed20260919.yaml	293	87bdda3b6b91d2edf415396989e263eb6e38b7a4761ad2be618bd08cd8fe5a21
results/structure_campaign/compute/single_sequence_full/inputs/protein_6de3b695e6fb7625fb0b645afd1d9dbcedf1ea280f2faf93d7ebafbd589a09ef_single_sequence_seed20260919.fasta	402	d8fd0c40b1e4e347d3753870e1e1fe01ae5dfe864e8a24c980f1d3a9ee501dfc
results/structure_campaign/compute/single_sequence_full/inputs/protein_6de3b695e6fb7625fb0b645afd1d9dbcedf1ea280f2faf93d7ebafbd589a09ef_single_sequence_seed20260919.yaml	379	5f6eb27b4196c1a5ecbd5ddca1e0e947b4b27d4bfb73b0bc0c3c894c534982e4
results/structure_campaign/compute/single_sequence_full/inputs/protein_70b1ed4ba81a68375cfb42e68d1af3b9cf1105b34faaa49a883b93a8bfa81b6c_single_sequence_seed20260919.fasta	258	eb49bedf2e61b65759694abf58daf84886aad6fc82af3675b9ffea4754b0fc24
results/structure_campaign/compute/single_sequence_full/inputs/protein_70b1ed4ba81a68375cfb42e68d1af3b9cf1105b34faaa49a883b93a8bfa81b6c_single_sequence_seed20260919.yaml	235	a839c6eddce464fba844a76f51907d48cf499d227ed77bbb992bf5a68c61fab8
results/structure_campaign/compute/single_sequence_full/inputs/protein_7153a9988f10e3f16ef9401be9c3ebf0e792e0075a0738bde80362e44019b419_single_sequence_seed20260919.fasta	408	b4e5a561a7b74e04817aa1bee9fae937c97ba131ffe6c2379b54849ebc1d6c5a
results/structure_campaign/compute/single_sequence_full/inputs/protein_7153a9988f10e3f16ef9401be9c3ebf0e792e0075a0738bde80362e44019b419_single_sequence_seed20260919.yaml	385	57f901098f13ae8a4f2741f8e46c38126e9faf3f7f69a9959b061a7722fb6b66
results/structure_campaign/compute/single_sequence_full/inputs/protein_74500f70e6a9f3f7e33db93e70c8610c8c7af7704f8522687bc26abc4cd3eb18_single_sequence_seed20260919.fasta	338	3ee1e54db4dfda3e83c99536ffc07684f1d42bc85ac869220136c31169a4d6f7
results/structure_campaign/compute/single_sequence_full/inputs/protein_74500f70e6a9f3f7e33db93e70c8610c8c7af7704f8522687bc26abc4cd3eb18_single_sequence_seed20260919.yaml	315	c6f9851221003e5476a8c52f4587cfb973619b7d6f483e8494630b143f5d114c
results/structure_campaign/compute/single_sequence_full/inputs/protein_7b0d5d3c3a31c1168531049ad5eb4bf68c7070067b6a2cd48ed4f7d87f40e85a_single_sequence_seed20260919.fasta	1773	0a60cc28bd253da4f315ab9974b9161ae751c65f47cc84e03fd151750ee448b9
results/structure_campaign/compute/single_sequence_full/inputs/protein_7b0d5d3c3a31c1168531049ad5eb4bf68c7070067b6a2cd48ed4f7d87f40e85a_single_sequence_seed20260919.yaml	1750	1a462b8c59dd69692db9495286b29c25f9faa7245c8256990e180c877e1dbcc0
results/structure_campaign/compute/single_sequence_full/inputs/protein_7c620433a33c479bd09812150c15d2e0accd796c3cd40b057543080302fe009b_single_sequence_seed20260919.fasta	150	31af3c2ad22ca3ea6581de48ab2ec9c9a8285e8c20ebe03fb16dbc89443a938c
results/structure_campaign/compute/single_sequence_full/inputs/protein_7c620433a33c479bd09812150c15d2e0accd796c3cd40b057543080302fe009b_single_sequence_seed20260919.yaml	127	48eb02a4f2733fd7d68fe11c918349476960c6f7f51603acf1dc89279f08065c
results/structure_campaign/compute/single_sequence_full/inputs/protein_8500b17b3f5cc9f4deaed97ff0ad19025d5d94095c67bb9c969910558b69f1f8_single_sequence_seed20260919.fasta	663	324cbd2b1034ddb54d4ee3080dc9f2e0343181b899a56f3196cda7fd5bf030d5
results/structure_campaign/compute/single_sequence_full/inputs/protein_8500b17b3f5cc9f4deaed97ff0ad19025d5d94095c67bb9c969910558b69f1f8_single_sequence_seed20260919.yaml	640	b72dd41b9faa0958c980fec6c10c4072bb3f97fe2c0fd54aaf960b20a13a2590
results/structure_campaign/compute/single_sequence_full/inputs/protein_899325e73395c7c25bfb100e110524886b8177bae90a0ab97604b66f4b77da1e_single_sequence_seed20260919.fasta	199	7a62baca2dc67d25ba36d6df84f530b5be847fe13053c78af318898e888e0739
results/structure_campaign/compute/single_sequence_full/inputs/protein_899325e73395c7c25bfb100e110524886b8177bae90a0ab97604b66f4b77da1e_single_sequence_seed20260919.yaml	176	bcf0b16383b757300698f905b57be1ea50355788fe474566ea9047289b8ae6cd
results/structure_campaign/compute/single_sequence_full/inputs/protein_91b6c2354036f74992cb5f2520a3614bb2b0ecc3feab662dbb7e791accc4b3b7_single_sequence_seed20260919.fasta	317	642e9ed49ac55e5102094458022d61fdaa24a9a2c30246c81879112f6418dc2c
results/structure_campaign/compute/single_sequence_full/inputs/protein_91b6c2354036f74992cb5f2520a3614bb2b0ecc3feab662dbb7e791accc4b3b7_single_sequence_seed20260919.yaml	294	6d711171950fbb6eeb6bc2313d36fdf89a380841f5ac5c426b1adab06fcbb742
results/structure_campaign/compute/single_sequence_full/inputs/protein_9a99577ea77e93a51bb896132001fac6caa242ee517a62995ddef9d39a72f54a_single_sequence_seed20260919.fasta	815	9eaead1c9baf86e9a096d6046de3974cb4872396d9ab89e780c9b21130ecfc71
results/structure_campaign/compute/single_sequence_full/inputs/protein_9a99577ea77e93a51bb896132001fac6caa242ee517a62995ddef9d39a72f54a_single_sequence_seed20260919.yaml	792	aec423892465f155fb3e8edadb88e1e64aacd4ef9b1afab2fa3898902d8c1269
results/structure_campaign/compute/single_sequence_full/inputs/protein_b0d22e27937167cce8168e89f2f47683b4ada96ad48b9ebb22e347b9e99abcb8_single_sequence_seed20260919.fasta	245	07fdd01a72fe54daeb8e62f55fdb8def2d57a65e22efa99045204228942f7b81
results/structure_campaign/compute/single_sequence_full/inputs/protein_b0d22e27937167cce8168e89f2f47683b4ada96ad48b9ebb22e347b9e99abcb8_single_sequence_seed20260919.yaml	222	5babcef134ebb6eb54664670c067c6574791bb936d0441ae65b72f344159e538
results/structure_campaign/compute/single_sequence_full/inputs/protein_b38a46e68fa112ecb3d07b06ff9f3c00cfbcb19b8f9098cd396c99a0030c80ca_single_sequence_seed20260919.fasta	179	8c730b12317aca7538f8598b6da8647057e93368d463f89929d04b2ca7b91154
results/structure_campaign/compute/single_sequence_full/inputs/protein_b38a46e68fa112ecb3d07b06ff9f3c00cfbcb19b8f9098cd396c99a0030c80ca_single_sequence_seed20260919.yaml	156	7a57b0283d4df6e52df7a425994212c070b60a34651c6d63712a8ca0d54390c2
results/structure_campaign/compute/single_sequence_full/inputs/protein_b537f99b45ff96dfbe025055a4ef53a4d336495d89f7355a3e01399abae3638e_single_sequence_seed20260919.fasta	672	e7ee5f773d4c9aecbc3e601f294eeabfe825b159113b988c8b684ca2f7c6bd1e
results/structure_campaign/compute/single_sequence_full/inputs/protein_b537f99b45ff96dfbe025055a4ef53a4d336495d89f7355a3e01399abae3638e_single_sequence_seed20260919.yaml	649	eb95394c453defee87ae06576226a69460f252f83f94d46cf119d22feae40f1e
results/structure_campaign/compute/single_sequence_full/inputs/protein_bcd139b19630cb31f3a89703fedd00936138336ed28e45f87045ef3f8222c90c_single_sequence_seed20260919.fasta	432	cfb24164e0332876c233b96e6dc72aafde7474f8c08991cc0927898a43dfe923
results/structure_campaign/compute/single_sequence_full/inputs/protein_bcd139b19630cb31f3a89703fedd00936138336ed28e45f87045ef3f8222c90c_single_sequence_seed20260919.yaml	409	4e7ff9ad0ba8507ed38d4b51837a737f0c56d83f8265942848843115fc171cf0
results/structure_campaign/compute/single_sequence_full/inputs/protein_c4c915da39d6ec74952059215262a9989ad6435c495f79363d36b565c91f216d_single_sequence_seed20260919.fasta	149	b0f77cb7412344f374337fb0a6dc705c13dc1fdb060ae9883ce40c869c20713e
results/structure_campaign/compute/single_sequence_full/inputs/protein_c4c915da39d6ec74952059215262a9989ad6435c495f79363d36b565c91f216d_single_sequence_seed20260919.yaml	126	f89456c9921615390da3a2a9ed623ffc66f544c483a4dcf0c46d42ec1a1fd7b4
results/structure_campaign/compute/single_sequence_full/inputs/protein_ca2772f82b0e861861636ddd31697e08475ddd2b2f93467e300b85d3aa0b3c75_single_sequence_seed20260919.fasta	2602	6bdd08290f3c48310206559c4b9dd7c29e3d3add224b67b1f9e362fea18f4ebf
results/structure_campaign/compute/single_sequence_full/inputs/protein_ca2772f82b0e861861636ddd31697e08475ddd2b2f93467e300b85d3aa0b3c75_single_sequence_seed20260919.yaml	2579	bd3362f147a2f3e8d9f8bef00ecfa3b317b7e21dd436d9cd1c9243382a7063d8
results/structure_campaign/compute/single_sequence_full/inputs/protein_d09ba36d63b4b05b94c1787f8ea186e5b841f5920b3ffb5356533bd95afd68da_single_sequence_seed20260919.fasta	363	250f5d6c60dd6dd40190bb2fcad1341dc44339802020ccd499a4d503795e43cd
results/structure_campaign/compute/single_sequence_full/inputs/protein_d09ba36d63b4b05b94c1787f8ea186e5b841f5920b3ffb5356533bd95afd68da_single_sequence_seed20260919.yaml	340	bd2ba006454153771a57da6f8da37c6440c22556464c1f785dbe77b5a99d917a
results/structure_campaign/compute/single_sequence_full/inputs/protein_d12ded276778cca561f61708455f059a1bccb3f6e5b75d6ea02f274ab7b9a20d_single_sequence_seed20260919.fasta	394	e057687a5484aa39cceacdd6f33afe83698578a2dddc78be33eb3b3a895dbcdf
results/structure_campaign/compute/single_sequence_full/inputs/protein_d12ded276778cca561f61708455f059a1bccb3f6e5b75d6ea02f274ab7b9a20d_single_sequence_seed20260919.yaml	371	7b9c82411f704901b3842c6d2b6e024ab22b099c5bf9d96985cfa7575ab26e38
results/structure_campaign/compute/single_sequence_full/inputs/protein_d9dadae508e1aba65519f0bec221151e33dd065734ac6bd7d657c57034b61154_single_sequence_seed20260919.fasta	190	623f1efcf38541164568ac2a7853558fdece7b22cf38e3dbfb45efb9d2cab691
results/structure_campaign/compute/single_sequence_full/inputs/protein_d9dadae508e1aba65519f0bec221151e33dd065734ac6bd7d657c57034b61154_single_sequence_seed20260919.yaml	167	97cd2ede1203c48ff3c13aedd4575c531cea906e9c7adfe120a22460271017d0
results/structure_campaign/compute/single_sequence_full/inputs/protein_dba94fe4564b656dcb4c88ed9c0af05dfe78a7d6ea0ef18b1c71b29fe58fa0d9_single_sequence_seed20260919.fasta	199	da2b509bd4ebdf4dfa5fed14db0c83fb40d78c3c3ec41b819d475f43c9363e78
results/structure_campaign/compute/single_sequence_full/inputs/protein_dba94fe4564b656dcb4c88ed9c0af05dfe78a7d6ea0ef18b1c71b29fe58fa0d9_single_sequence_seed20260919.yaml	176	4261b09171c1585e1e25bb772da6aea951450f8f49b5a4f3f83b65668aed8476
results/structure_campaign/compute/single_sequence_full/inputs/protein_dfb8a2ccde79614b69b3425f8cd6ffcf0f2bddaf437ae76facc8bb7ebdfacb2e_single_sequence_seed20260919.fasta	297	a12d0ddd530dd172eba33740b5cf8bc64483bc38decaf804260f8fe54a5cc507
results/structure_campaign/compute/single_sequence_full/inputs/protein_dfb8a2ccde79614b69b3425f8cd6ffcf0f2bddaf437ae76facc8bb7ebdfacb2e_single_sequence_seed20260919.yaml	274	fe007bcdff17ebaa6987e8d67725b959b416b77be4f3dd3d2d7b2dd12ff0c927
results/structure_campaign/compute/single_sequence_full/inputs/protein_e5af13d33e889258c3c023a666c476f620d82348973f983e518b9779866522d1_single_sequence_seed20260919.fasta	279	939e7caa0442ecd691d8dd9407026225f630012bd8956a44a1afe3afc7607e49
results/structure_campaign/compute/single_sequence_full/inputs/protein_e5af13d33e889258c3c023a666c476f620d82348973f983e518b9779866522d1_single_sequence_seed20260919.yaml	256	f5d0506fee5476afc3d90b1f1cfdee5a5bd51165f367d40529410edc3cb744f1
results/structure_campaign/compute/single_sequence_full/inputs/protein_e6bde9e98c0c71a406cda37d339a2829de1ba0ba203b851d67e4082deda858a7_single_sequence_seed20260919.fasta	487	d59ea7ae66a084a18ec9cac68350a6a65af74f9fcd031385d87aa83fdfa13ce4
results/structure_campaign/compute/single_sequence_full/inputs/protein_e6bde9e98c0c71a406cda37d339a2829de1ba0ba203b851d67e4082deda858a7_single_sequence_seed20260919.yaml	464	bc5a34f2931ad08dc69effc4d60277449e8cb18c04848abaf85ca71f912ffc63
results/structure_campaign/compute/single_sequence_full/inputs/protein_eaadb81f5c70805626da52cd61e57438d32bf21d9a2d8384477f99624294a992_single_sequence_seed20260919.fasta	262	158cf34f2f1a67827a487a8da99fcd374eed2b78ef81435fdb9b0cf7eed67f85
results/structure_campaign/compute/single_sequence_full/inputs/protein_eaadb81f5c70805626da52cd61e57438d32bf21d9a2d8384477f99624294a992_single_sequence_seed20260919.yaml	239	ac0b8f3be662476c2cd446af4345c914f7be8ed54046a4ae12c3fc45dc4f8230
results/structure_campaign/compute/single_sequence_full/inputs/protein_f3b157eea4a7b3afed59584e95a707bc05cb7cf6e128952858f1c030fdca8e9f_single_sequence_seed20260919.fasta	174	af59741507f9abc8652a4e25b51aeac72095f5c589f22fa422e4383e5f1cc35f
results/structure_campaign/compute/single_sequence_full/inputs/protein_f3b157eea4a7b3afed59584e95a707bc05cb7cf6e128952858f1c030fdca8e9f_single_sequence_seed20260919.yaml	151	a9c01d389d0d896edbe2dec183bf80b0723266513a2f2ad028e89807ee8d01bd
results/structure_campaign/compute/single_sequence_full/inputs/protein_fa6506540deb5226f196b5e2c3dc3fd6a10972fec505231d4d43a33b7e157c2a_single_sequence_seed20260919.fasta	1019	65168f6f50c8f6b92d1eca3b3157d0885c4b3988b41f3d7ca6dad25b9bcd3238
results/structure_campaign/compute/single_sequence_full/inputs/protein_fa6506540deb5226f196b5e2c3dc3fd6a10972fec505231d4d43a33b7e157c2a_single_sequence_seed20260919.yaml	996	7e0d4f8241b4c000f2ed0d1697c5daf6022be8ac72dea773ab1fdc47170ad526
results/structure_campaign/compute/single_sequence_full/inputs/protein_ff641b7f66baa209ff86e50cff70775b9fc1fd0004872ad33a501711d57eaf5e_single_sequence_seed20260919.fasta	237	e9f4c2caa0fa806ca274c5993d83805006f23263be6e999d282d7dfad7a2fa26
results/structure_campaign/compute/single_sequence_full/inputs/protein_ff641b7f66baa209ff86e50cff70775b9fc1fd0004872ad33a501711d57eaf5e_single_sequence_seed20260919.yaml	214	54abdd599b0865d2ad2363a84f8a7ab6b676c023402a2d0a8f4f34a007806da3
results/structure_campaign/compute/single_sequence_full/inputs/protein_ff94800e922179729e86c53f89319115126e45abae0220aa9052e0fb76f532c1_single_sequence_seed20260919.fasta	233	c172844495677ff4ede3c0fbc9866f176d4381d4c8962455765bd1e013a644f5
results/structure_campaign/compute/single_sequence_full/inputs/protein_ff94800e922179729e86c53f89319115126e45abae0220aa9052e0fb76f532c1_single_sequence_seed20260919.yaml	210	fcde8d8101ca7fba391e7f2fd359daa621a86638972703f3236458bceb44593f
results/structure_campaign/compute/single_sequence_full/jobs.json	256696	9d71817c9ab041df296fd00c04b7e3227303a76f909316ebca9784dd113c9db2
results/structure_campaign/compute/single_sequence_full/launch_receipt.json	668	911f7e7a96719da4d11aa252b8e280d652c806e9f61984052e2effa49a974fa3
results/structure_campaign/compute/single_sequence_full/model_metrics.tsv	22817	c724b5ff3c48d8873e7cf8613fd47db3523a6edbb6e821e13a0c70884db3edfc
results/structure_campaign/compute/single_sequence_full/models/protein_101700281cde078bee94b7382d6e603a4babf7b2c6c73ebf43d4a469d59c79f5_single_sequence_seed20260919/confidence.json	447	8ff60ad30ccab50e098553655d4596f2e4a2698ed4657ea718e21ea28bdaa9e6
results/structure_campaign/compute/single_sequence_full/models/protein_101700281cde078bee94b7382d6e603a4babf7b2c6c73ebf43d4a469d59c79f5_single_sequence_seed20260919/model.cif	113526	6be1b8be24c5c6e4f451d2aef4de37e3b7a705dae1f290d96a5cc7ad32c1d983
results/structure_campaign/compute/single_sequence_full/models/protein_101700281cde078bee94b7382d6e603a4babf7b2c6c73ebf43d4a469d59c79f5_single_sequence_seed20260919/pae.npz	87453	64e7c3d5f7a54e6d3bc916dbd5823d9dc49c5b03df3880ebcb23cbd34426a46e
results/structure_campaign/compute/single_sequence_full/models/protein_101700281cde078bee94b7382d6e603a4babf7b2c6c73ebf43d4a469d59c79f5_single_sequence_seed20260919/plddt.npz	814	67e58f838366ef0b54905b2833f30f1d38b6752460d04ad7aadff2df90da5355
results/structure_campaign/compute/single_sequence_full/models/protein_101700281cde078bee94b7382d6e603a4babf7b2c6c73ebf43d4a469d59c79f5_single_sequence_seed20260919/residue_confidence.tsv	27339	13e60249d6a429227651528fa6411abce6fca1090fefd306c3e7a94ad0a1a78f
results/structure_campaign/compute/single_sequence_full/models/protein_1148a09617eba2312e87a99c5e199bf30521982cb6c30cc7354ca5f31aa604ee_single_sequence_seed20260919/confidence.json	449	79f6ecb5d8eea71d05fd94bc2ee368ec16d06023901ca86a590ee586aea51545
results/structure_campaign/compute/single_sequence_full/models/protein_1148a09617eba2312e87a99c5e199bf30521982cb6c30cc7354ca5f31aa604ee_single_sequence_seed20260919/model.cif	560844	1fed87a7f406f3ef12107358c2bdeacc90f9a608b7196b222c97940e51d9de8e
results/structure_campaign/compute/single_sequence_full/models/protein_1148a09617eba2312e87a99c5e199bf30521982cb6c30cc7354ca5f31aa604ee_single_sequence_seed20260919/pae.npz	2043713	ddf7244e5ca68e9f64323faeb7bc7efcd1169a69ade5390add2d8dc28bc13948
results/structure_campaign/compute/single_sequence_full/models/protein_1148a09617eba2312e87a99c5e199bf30521982cb6c30cc7354ca5f31aa604ee_single_sequence_seed20260919/plddt.npz	2962	342512ba4ebc58fe109b7258aa6754dd4071afe467740ea02d06d047fc1b1f6f
results/structure_campaign/compute/single_sequence_full/models/protein_1148a09617eba2312e87a99c5e199bf30521982cb6c30cc7354ca5f31aa604ee_single_sequence_seed20260919/residue_confidence.tsv	135408	2e27ec8702e64ea87ac8d263dd59493f40f64cfb620adb06cdf875c914aa48b6
results/structure_campaign/compute/single_sequence_full/models/protein_13af641587610835ccf13231157fe90ef6e91f0485fa14f7ec5a46506b5a8823_single_sequence_seed20260919/confidence.json	445	662f1934e135edeaaaf857615bee16068297268b87cc3fc78e2ceb24da1c3019
results/structure_campaign/compute/single_sequence_full/models/protein_13af641587610835ccf13231157fe90ef6e91f0485fa14f7ec5a46506b5a8823_single_sequence_seed20260919/model.cif	48333	fb613c19ac94448374513dcea1b86a247ab59ef0222030d1fb87b8dffa381da7
results/structure_campaign/compute/single_sequence_full/models/protein_13af641587610835ccf13231157fe90ef6e91f0485fa14f7ec5a46506b5a8823_single_sequence_seed20260919/pae.npz	16617	67e0be3ed10b0ffd7c8b5be4e495f0391046e74207e9373327375138ded51c6d
results/structure_campaign/compute/single_sequence_full/models/protein_13af641587610835ccf13231157fe90ef6e91f0485fa14f7ec5a46506b5a8823_single_sequence_seed20260919/plddt.npz	487	117d9a09d1b0b92a1396805bdecec6df49403c1ddd2e421a401d6f432b344f43
results/structure_campaign/compute/single_sequence_full/models/protein_13af641587610835ccf13231157fe90ef6e91f0485fa14f7ec5a46506b5a8823_single_sequence_seed20260919/residue_confidence.tsv	11676	358c9231fcf66838762cb945f1080665e3156ce4f6ccb2bc4ad8d01d0bfe359f
results/structure_campaign/compute/single_sequence_full/models/protein_19394e5c359c5a82b8cb1bd0ed1fa1b68fb38f6139c5c1acdf5b19900a03299a_single_sequence_seed20260919/confidence.json	447	4663ed15670141ec70cd05d15494bd6f57e14d48a77ee350c6a5bae34e4c93f7
results/structure_campaign/compute/single_sequence_full/models/protein_19394e5c359c5a82b8cb1bd0ed1fa1b68fb38f6139c5c1acdf5b19900a03299a_single_sequence_seed20260919/model.cif	75878	7058e2312efef53f076d9077add5f9e225f0ffeb8b362eb29be0dd7f92240831
results/structure_campaign/compute/single_sequence_full/models/protein_19394e5c359c5a82b8cb1bd0ed1fa1b68fb38f6139c5c1acdf5b19900a03299a_single_sequence_seed20260919/pae.npz	43627	59a2849355a8ef74b734592ef5c8acb1f4c94c76fa36932ddeb83487832b8f59
results/structure_campaign/compute/single_sequence_full/models/protein_19394e5c359c5a82b8cb1bd0ed1fa1b68fb38f6139c5c1acdf5b19900a03299a_single_sequence_seed20260919/plddt.npz	653	c51d7ad0aeeb08d093a6303d1510c8a8df25775a35b2bfc660c71ff32804c3cb
results/structure_campaign/compute/single_sequence_full/models/protein_19394e5c359c5a82b8cb1bd0ed1fa1b68fb38f6139c5c1acdf5b19900a03299a_single_sequence_seed20260919/residue_confidence.tsv	19238	07e592175858a236389a3b7290376e66691f3d34c1e9c0ead05bf61261e875d5
results/structure_campaign/compute/single_sequence_full/models/protein_1bb99356d918b0fbaa9b069fdeb691f9390e078bfa32068a8186f372bbfd91a3_single_sequence_seed20260919/confidence.json	443	1188beb507e355c746bdb7e421eed8ea59b140f24e2f45905539164932e61883
results/structure_campaign/compute/single_sequence_full/models/protein_1bb99356d918b0fbaa9b069fdeb691f9390e078bfa32068a8186f372bbfd91a3_single_sequence_seed20260919/model.cif	109868	1eefb35a221e9df501fef7663e16b1f8740402867c75ba2372c51e4afccee56c
results/structure_campaign/compute/single_sequence_full/models/protein_1bb99356d918b0fbaa9b069fdeb691f9390e078bfa32068a8186f372bbfd91a3_single_sequence_seed20260919/pae.npz	91533	4da73e0c5c6f7695d4ea1a577aa0fa8c95971c7c00bf7be42c7e9274610d0b03
results/structure_campaign/compute/single_sequence_full/models/protein_1bb99356d918b0fbaa9b069fdeb691f9390e078bfa32068a8186f372bbfd91a3_single_sequence_seed20260919/plddt.npz	831	34967ea59ee99387245a28919dd206fe8b1c04176e1d5734c321504b67742725
results/structure_campaign/compute/single_sequence_full/models/protein_1bb99356d918b0fbaa9b069fdeb691f9390e078bfa32068a8186f372bbfd91a3_single_sequence_seed20260919/residue_confidence.tsv	27825	7fad839579981a138d9a549818df67e28989c3a7b698acbc23b66266df1c0170
results/structure_campaign/compute/single_sequence_full/models/protein_2f5ccec75975e3c6f577920bce8d2353c43c2083ced5a445cd4306874aa49f96_single_sequence_seed20260919/confidence.json	443	e08196a15b6b9ffede3813b41413fbc58248e55ceb6142bca8b0521d039193e0
results/structure_campaign/compute/single_sequence_full/models/protein_2f5ccec75975e3c6f577920bce8d2353c43c2083ced5a445cd4306874aa49f96_single_sequence_seed20260919/model.cif	32375	440cb3bc9f2958a2ec69612493976873f2a4e9df5606b165093f5f5da3068224
results/structure_campaign/compute/single_sequence_full/models/protein_2f5ccec75975e3c6f577920bce8d2353c43c2083ced5a445cd4306874aa49f96_single_sequence_seed20260919/pae.npz	7107	6f9728799c7f6c657380f43ede68c2bb66650f5cd9512d499e1832872bbf2ff7
results/structure_campaign/compute/single_sequence_full/models/protein_2f5ccec75975e3c6f577920bce8d2353c43c2083ced5a445cd4306874aa49f96_single_sequence_seed20260919/plddt.npz	388	f1c754066b0a1b735dc47e53fe768f3bf29e0307b4db108da55f59e066e2373f
results/structure_campaign/compute/single_sequence_full/models/protein_2f5ccec75975e3c6f577920bce8d2353c43c2083ced5a445cd4306874aa49f96_single_sequence_seed20260919/residue_confidence.tsv	7568	fb9e6dd8fd06565391f64e9512397d458ec0427b392bc079fdf9f55797109949
results/structure_campaign/compute/single_sequence_full/models/protein_345129754ff0ccc173929ddf22b27736775c4329d5023cd85485e4a3b98d6af1_single_sequence_seed20260919/confidence.json	449	c38a8fed71c6a73baf7f0d8afa0277d6412ab865a0c1b449650b68537455bdfd
results/structure_campaign/compute/single_sequence_full/models/protein_345129754ff0ccc173929ddf22b27736775c4329d5023cd85485e4a3b98d6af1_single_sequence_seed20260919/model.cif	106143	77a168ed221ae2e13b5e05579a88094a479698f84759d32d4fa3eb237aa6a315
results/structure_campaign/compute/single_sequence_full/models/protein_345129754ff0ccc173929ddf22b27736775c4329d5023cd85485e4a3b98d6af1_single_sequence_seed20260919/pae.npz	83698	2b392b00ace0acf3e09fb99fc0b5167a2d594849efdc6f069248bee728da50e9
results/structure_campaign/compute/single_sequence_full/models/protein_345129754ff0ccc173929ddf22b27736775c4329d5023cd85485e4a3b98d6af1_single_sequence_seed20260919/plddt.npz	790	89d80163a6340cae9fa1e2663dd6aae6d30ee026256bdc3b276e0baa7a92b5ee
results/structure_campaign/compute/single_sequence_full/models/protein_345129754ff0ccc173929ddf22b27736775c4329d5023cd85485e4a3b98d6af1_single_sequence_seed20260919/residue_confidence.tsv	26827	c7b7451c84c08bb7831895189190adb171204e2bb4ae323c429b7180021d8cd1
results/structure_campaign/compute/single_sequence_full/models/protein_3538354085b81ef36c100a2816d54993d184f50f51149beb3c72110afb62890b_single_sequence_seed20260919/confidence.json	444	ab64bce06aab6dff018f0a1271445542d88e0521f840c280ec05249219c40ff2
results/structure_campaign/compute/single_sequence_full/models/protein_3538354085b81ef36c100a2816d54993d184f50f51149beb3c72110afb62890b_single_sequence_seed20260919/model.cif	28431	193af7c3d486a502568c63ec28025957bc87513707885960fa5e15bba04113de
results/structure_campaign/compute/single_sequence_full/models/protein_3538354085b81ef36c100a2816d54993d184f50f51149beb3c72110afb62890b_single_sequence_seed20260919/pae.npz	5610	28efe917cf7f3ba0564ad1a24775035fb7b14b599b554bf2f7b72a49da5f1213
results/structure_campaign/compute/single_sequence_full/models/protein_3538354085b81ef36c100a2816d54993d184f50f51149beb3c72110afb62890b_single_sequence_seed20260919/plddt.npz	366	6205ffedbd38377796c0e48f967a44f30ffec8f57f98e890323dd0eb5bbf8a49
results/structure_campaign/compute/single_sequence_full/models/protein_3538354085b81ef36c100a2816d54993d184f50f51149beb3c72110afb62890b_single_sequence_seed20260919/residue_confidence.tsv	6724	4d63ab3a39c6002be0962ac0f487737ff4f76ac4c8765a012af14e119b38d5b4
results/structure_campaign/compute/single_sequence_full/models/protein_3868fed335582b3a056d423efc2dbae9dfa7c7350d3572a0f67798065f307d53_single_sequence_seed20260919/confidence.json	444	3d60b2ac6d36f0d2f04fb3fc6a9e765e1f467e54aa2c6993ab368a7ffb8dba8d
results/structure_campaign/compute/single_sequence_full/models/protein_3868fed335582b3a056d423efc2dbae9dfa7c7350d3572a0f67798065f307d53_single_sequence_seed20260919/model.cif	69859	59be28e84ae5a3fa7849a9d91220c8aae97366ad47429416478b65d51d9972ac
results/structure_campaign/compute/single_sequence_full/models/protein_3868fed335582b3a056d423efc2dbae9dfa7c7350d3572a0f67798065f307d53_single_sequence_seed20260919/pae.npz	34376	b385bbc8e3f815200e3a156dddd7101826252fc863eb358066acf06e1b27df57
results/structure_campaign/compute/single_sequence_full/models/protein_3868fed335582b3a056d423efc2dbae9dfa7c7350d3572a0f67798065f307d53_single_sequence_seed20260919/plddt.npz	611	6d9ead3b10f8aa4f7f0d009e5cf156edcfca46ef5ddaabed5dab5c1cf7366a49
results/structure_campaign/compute/single_sequence_full/models/protein_3868fed335582b3a056d423efc2dbae9dfa7c7350d3572a0f67798065f307d53_single_sequence_seed20260919/residue_confidence.tsv	16971	aefb343103501f256475a81edc7a819e56be9eeff4aae26b0d74ba82a2e5b004
results/structure_campaign/compute/single_sequence_full/models/protein_3efb26690c36c414062c23d0c47a34fbb57d8f10f8edf672769c2cddb8218cfa_single_sequence_seed20260919/confidence.json	445	8f1cef9e4e0df88616103e9f7ed792721b95ac4f264af93617cdc826bc9ccdaf
results/structure_campaign/compute/single_sequence_full/models/protein_3efb26690c36c414062c23d0c47a34fbb57d8f10f8edf672769c2cddb8218cfa_single_sequence_seed20260919/model.cif	147214	406aa7cc6704ea80ab5d205f9ac6509a9c251cae2bda9c921d2f2f0f99e0b833
results/structure_campaign/compute/single_sequence_full/models/protein_3efb26690c36c414062c23d0c47a34fbb57d8f10f8edf672769c2cddb8218cfa_single_sequence_seed20260919/pae.npz	146097	da0c4162b155174552d1926ff362d73514de15e1326d521223c81dc2070eccb3
results/structure_campaign/compute/single_sequence_full/models/protein_3efb26690c36c414062c23d0c47a34fbb57d8f10f8edf672769c2cddb8218cfa_single_sequence_seed20260919/plddt.npz	978	4539fb686ada7f63933ae1ad1f804a7e8050c72d7521fc61b415cc195c7525fc
results/structure_campaign/compute/single_sequence_full/models/protein_3efb26690c36c414062c23d0c47a34fbb57d8f10f8edf672769c2cddb8218cfa_single_sequence_seed20260919/residue_confidence.tsv	35622	bf458daeeb3bb954d5ecc4f2493ef272b09dd399e0973fc5ad58b471fde08751
results/structure_campaign/compute/single_sequence_full/models/protein_4d8da7a249b8e2edf2d48ecc95d93eb6898532d6e07ed982fec0fc4c9c14e12a_single_sequence_seed20260919/confidence.json	441	a98e872d3f428df56f1a0853fef6466223b35425b8d030be120b5a791f5f527b
results/structure_campaign/compute/single_sequence_full/models/protein_4d8da7a249b8e2edf2d48ecc95d93eb6898532d6e07ed982fec0fc4c9c14e12a_single_sequence_seed20260919/model.cif	128171	3b316b96ff5023dd74671c36c2fe3e68e8b19222066aa319811e555234179339
results/structure_campaign/compute/single_sequence_full/models/protein_4d8da7a249b8e2edf2d48ecc95d93eb6898532d6e07ed982fec0fc4c9c14e12a_single_sequence_seed20260919/pae.npz	116799	38751a3c7a243f1350f3cd7bdda99b415bbf2e12fe4d0d8988ef76fc95135efd
results/structure_campaign/compute/single_sequence_full/models/protein_4d8da7a249b8e2edf2d48ecc95d93eb6898532d6e07ed982fec0fc4c9c14e12a_single_sequence_seed20260919/plddt.npz	887	9af521bcd3208be7359ab381019226bb5282b51f75731c9d1969d149ae5822fe
results/structure_campaign/compute/single_sequence_full/models/protein_4d8da7a249b8e2edf2d48ecc95d93eb6898532d6e07ed982fec0fc4c9c14e12a_single_sequence_seed20260919/residue_confidence.tsv	31055	416a8556e388edb9827efbb954c3cf1986956d26080e89f04e26dfc07c76a532
results/structure_campaign/compute/single_sequence_full/models/protein_5e0a55ceea7aa5596a1130b2f7a693b8a52acf6bf2ac12e69951ade5c9fb2d52_single_sequence_seed20260919/confidence.json	446	3cdab694799f7568cd08defbe22af9b9dfc17d31bda3c976e49057d1c19a2bb5
results/structure_campaign/compute/single_sequence_full/models/protein_5e0a55ceea7aa5596a1130b2f7a693b8a52acf6bf2ac12e69951ade5c9fb2d52_single_sequence_seed20260919/model.cif	81885	53855436930b5d4160507470b1ef2fb825dbaffac42ad8bc4866b68cff5bb547
results/structure_campaign/compute/single_sequence_full/models/protein_5e0a55ceea7aa5596a1130b2f7a693b8a52acf6bf2ac12e69951ade5c9fb2d52_single_sequence_seed20260919/pae.npz	48198	ecb8a0a739438d2911425f15a6f7be98579be3b42869baf76f3ecaef2ab41f14
results/structure_campaign/compute/single_sequence_full/models/protein_5e0a55ceea7aa5596a1130b2f7a693b8a52acf6bf2ac12e69951ade5c9fb2d52_single_sequence_seed20260919/plddt.npz	659	cf56f20973079c415d430cd029b4bedfba5504ddb1f66f38f7b24c81e2b6eb30
results/structure_campaign/compute/single_sequence_full/models/protein_5e0a55ceea7aa5596a1130b2f7a693b8a52acf6bf2ac12e69951ade5c9fb2d52_single_sequence_seed20260919/residue_confidence.tsv	20252	42f8d4bfe3531aa8179bfa734c34ae3e64af7ee675964a36cab62db35ae40a05
results/structure_campaign/compute/single_sequence_full/models/protein_61a6c306c0a882793e9a0eb0f38e9dffb4ad15d1ae413e718969b8f43c6e86e4_single_sequence_seed20260919/confidence.json	446	726f80327dce12e830d2112ccf1f9d766d95f716c13fee6b6141a117290e2cbc
results/structure_campaign/compute/single_sequence_full/models/protein_61a6c306c0a882793e9a0eb0f38e9dffb4ad15d1ae413e718969b8f43c6e86e4_single_sequence_seed20260919/model.cif	101914	605278496be89e0416ee49eadaa437abe127b4110c141f553cb7ffd3744f8554
results/structure_campaign/compute/single_sequence_full/models/protein_61a6c306c0a882793e9a0eb0f38e9dffb4ad15d1ae413e718969b8f43c6e86e4_single_sequence_seed20260919/pae.npz	80699	7eb22f7f8c7f6bc88b8d6795416a1a048b6fa855f865a105e3786bf93777034b
results/structure_campaign/compute/single_sequence_full/models/protein_61a6c306c0a882793e9a0eb0f38e9dffb4ad15d1ae413e718969b8f43c6e86e4_single_sequence_seed20260919/plddt.npz	789	0e91826622a805694511b39ac47cd56eb137f9d4dcac38efb488e5106a6e3126
results/structure_campaign/compute/single_sequence_full/models/protein_61a6c306c0a882793e9a0eb0f38e9dffb4ad15d1ae413e718969b8f43c6e86e4_single_sequence_seed20260919/residue_confidence.tsv	26297	ae1f2c43ef00df6639767fa8c6f6e1ff54892f89acac3fd236ba61ede14d039b
results/structure_campaign/compute/single_sequence_full/models/protein_61dbcd41ff74ad3f3b63240c13327fee06c0feb5d06fe4cf72c1220d5d18bb06_single_sequence_seed20260919/confidence.json	446	8b8ccdde9a11475e682e7a44241285b44cd306548860af6fbc9fc605d47c987b
results/structure_campaign/compute/single_sequence_full/models/protein_61dbcd41ff74ad3f3b63240c13327fee06c0feb5d06fe4cf72c1220d5d18bb06_single_sequence_seed20260919/model.cif	112364	371b3ec216039813611c629c68731e81d9253f21259d1a511f1683eb0039efaa
results/structure_campaign/compute/single_sequence_full/models/protein_61dbcd41ff74ad3f3b63240c13327fee06c0feb5d06fe4cf72c1220d5d18bb06_single_sequence_seed20260919/pae.npz	96614	2b1652f67561bdbe0670cf1fa574090c2063960d8e350e6ba129a66b254376fd
results/structure_campaign/compute/single_sequence_full/models/protein_61dbcd41ff74ad3f3b63240c13327fee06c0feb5d06fe4cf72c1220d5d18bb06_single_sequence_seed20260919/plddt.npz	856	e398cf3ce1d541ffe661bfa6a3615b31b73a126d10cabf0356266bb4ced0001a
results/structure_campaign/compute/single_sequence_full/models/protein_61dbcd41ff74ad3f3b63240c13327fee06c0feb5d06fe4cf72c1220d5d18bb06_single_sequence_seed20260919/residue_confidence.tsv	28672	ae5e4ebb9d372bbd6b317f5915a3c982bb017650fba01e9610172015db25827e
results/structure_campaign/compute/single_sequence_full/models/protein_6ae36d8a89ac3ac04b43b02983f3cb8994037ee6cadc0be1d50523eaca3430e4_single_sequence_seed20260919/confidence.json	449	ae5f9e8271088d848a2d3f1a1836cbd618b2f91704a1def9c62e6585478dbf91
results/structure_campaign/compute/single_sequence_full/models/protein_6ae36d8a89ac3ac04b43b02983f3cb8994037ee6cadc0be1d50523eaca3430e4_single_sequence_seed20260919/model.cif	147910	8f9a49d9f516dfc8b69388467a7961d2a337ef212939ef2023b31bc5f8be43fa
results/structure_campaign/compute/single_sequence_full/models/protein_6ae36d8a89ac3ac04b43b02983f3cb8994037ee6cadc0be1d50523eaca3430e4_single_sequence_seed20260919/pae.npz	154201	0bae95f7e836082c59df8c95bfe590dd45c208736be90e3568625cde9eadb2c0
results/structure_campaign/compute/single_sequence_full/models/protein_6ae36d8a89ac3ac04b43b02983f3cb8994037ee6cadc0be1d50523eaca3430e4_single_sequence_seed20260919/plddt.npz	1004	0404c9a25632f52897c96661d78adcc267bbb42a55eb5b2cc20d129100a339b0
results/structure_campaign/compute/single_sequence_full/models/protein_6ae36d8a89ac3ac04b43b02983f3cb8994037ee6cadc0be1d50523eaca3430e4_single_sequence_seed20260919/residue_confidence.tsv	36484	585e6475b11f4b27b4ad6148a5d04ece3055ad4eaa0039be069f781bfe360b84
results/structure_campaign/compute/single_sequence_full/models/protein_6de3b695e6fb7625fb0b645afd1d9dbcedf1ea280f2faf93d7ebafbd589a09ef_single_sequence_seed20260919/confidence.json	449	01f1cb54dd4a8cb9d3f43f47b27e57b6b23a8c76d5fcc7d5452fe94125f2439c
results/structure_campaign/compute/single_sequence_full/models/protein_6de3b695e6fb7625fb0b645afd1d9dbcedf1ea280f2faf93d7ebafbd589a09ef_single_sequence_seed20260919/model.cif	203965	ae96a15e0324c69bdef9f4295c282cd717d429dddc252ccd71754924ab3bc843
results/structure_campaign/compute/single_sequence_full/models/protein_6de3b695e6fb7625fb0b645afd1d9dbcedf1ea280f2faf93d7ebafbd589a09ef_single_sequence_seed20260919/pae.npz	303889	d0be6e1b1263fa5ecb4e716ed49c6abd119fc6aff00ecc008d5fd031e1227c6f
results/structure_campaign/compute/single_sequence_full/models/protein_6de3b695e6fb7625fb0b645afd1d9dbcedf1ea280f2faf93d7ebafbd589a09ef_single_sequence_seed20260919/plddt.npz	1315	224d41b54a60e4962d0e916835d3d4035bbc42cef0035d28cff267b2dedaa728
results/structure_campaign/compute/single_sequence_full/models/protein_6de3b695e6fb7625fb0b645afd1d9dbcedf1ea280f2faf93d7ebafbd589a09ef_single_sequence_seed20260919/residue_confidence.tsv	51269	4a83d4a018beead8a34e4ab2ff4c2a07d13f9186a5db05e96e2d8e4c12c2c492
results/structure_campaign/compute/single_sequence_full/models/protein_70b1ed4ba81a68375cfb42e68d1af3b9cf1105b34faaa49a883b93a8bfa81b6c_single_sequence_seed20260919/confidence.json	445	dce649038b1b5cdd5e1179ae4712aa1454f23e14c164fb35f16787bc4fd5409f
results/structure_campaign/compute/single_sequence_full/models/protein_70b1ed4ba81a68375cfb42e68d1af3b9cf1105b34faaa49a883b93a8bfa81b6c_single_sequence_seed20260919/model.cif	107313	c6313f04bc82f3440fd1903c6dd87618b622bb5a26e1b30bdc80e4c7066ad1e4
results/structure_campaign/compute/single_sequence_full/models/protein_70b1ed4ba81a68375cfb42e68d1af3b9cf1105b34faaa49a883b93a8bfa81b6c_single_sequence_seed20260919/pae.npz	82132	40585332d2623a6be9d1931446656d8cec669fcb3aae55e7093731c0585f965b
results/structure_campaign/compute/single_sequence_full/models/protein_70b1ed4ba81a68375cfb42e68d1af3b9cf1105b34faaa49a883b93a8bfa81b6c_single_sequence_seed20260919/plddt.npz	800	922b219655d0b805f6f79ae65a255bc2f60cdefd82db2fd43f4523cd1aa8bfea
results/structure_campaign/compute/single_sequence_full/models/protein_70b1ed4ba81a68375cfb42e68d1af3b9cf1105b34faaa49a883b93a8bfa81b6c_single_sequence_seed20260919/residue_confidence.tsv	26472	af613d4aad283e4a67e2318588f9a31bfe55e30d5943f8265e636d00b25266ca
results/structure_campaign/compute/single_sequence_full/models/protein_7153a9988f10e3f16ef9401be9c3ebf0e792e0075a0738bde80362e44019b419_single_sequence_seed20260919/confidence.json	448	97780c5fb495e89f388479301f52a46354890cdb877bd1a1812626c26fa643a0
results/structure_campaign/compute/single_sequence_full/models/protein_7153a9988f10e3f16ef9401be9c3ebf0e792e0075a0738bde80362e44019b419_single_sequence_seed20260919/model.cif	203676	641b78d548c3f8a8579187318fada550be9845d0e55e53e39984640db774a9d2
results/structure_campaign/compute/single_sequence_full/models/protein_7153a9988f10e3f16ef9401be9c3ebf0e792e0075a0738bde80362e44019b419_single_sequence_seed20260919/pae.npz	313386	89759950c80231551cbf3313e20ec6a1235c5d12bb81e01ca6f48f9c61d09f2e
results/structure_campaign/compute/single_sequence_full/models/protein_7153a9988f10e3f16ef9401be9c3ebf0e792e0075a0738bde80362e44019b419_single_sequence_seed20260919/plddt.npz	1317	98be83cc4e81dfcd95401406d075d0fd5f33da3ce8bc1a004c1b683b0d029d93
results/structure_campaign/compute/single_sequence_full/models/protein_7153a9988f10e3f16ef9401be9c3ebf0e792e0075a0738bde80362e44019b419_single_sequence_seed20260919/residue_confidence.tsv	52314	26e5b4324f7cc64c6c231c69e84181a623e9b3c5f2b11252bc068017345b6cab
results/structure_campaign/compute/single_sequence_full/models/protein_74500f70e6a9f3f7e33db93e70c8610c8c7af7704f8522687bc26abc4cd3eb18_single_sequence_seed20260919/confidence.json	438	542ef3ace686d8b2c1b3daf9914ddefd0fc88951082e6a15f51e4d7f05ebf8ac
results/structure_campaign/compute/single_sequence_full/models/protein_74500f70e6a9f3f7e33db93e70c8610c8c7af7704f8522687bc26abc4cd3eb18_single_sequence_seed20260919/model.cif	166147	877ff198e18f7193f78b250eee30ac8545aa0331264428721f9aa48a90c8ef16
results/structure_campaign/compute/single_sequence_full/models/protein_74500f70e6a9f3f7e33db93e70c8610c8c7af7704f8522687bc26abc4cd3eb18_single_sequence_seed20260919/pae.npz	192352	f8f8928e97bfbaf44e377491f4c2f20ae7ae5d6a94bef4f5d041b9bce94ee118
results/structure_campaign/compute/single_sequence_full/models/protein_74500f70e6a9f3f7e33db93e70c8610c8c7af7704f8522687bc26abc4cd3eb18_single_sequence_seed20260919/plddt.npz	1087	e38b41ad676a2c31b37905935f7a668ba71f1aa9ad847b438a0d304441817d31
results/structure_campaign/compute/single_sequence_full/models/protein_74500f70e6a9f3f7e33db93e70c8610c8c7af7704f8522687bc26abc4cd3eb18_single_sequence_seed20260919/residue_confidence.tsv	40175	6ebd1c51f5e6047b64b9cf9219a7e747e1420397e00a8e1bc79510ddf4663f3e
results/structure_campaign/compute/single_sequence_full/models/protein_7b0d5d3c3a31c1168531049ad5eb4bf68c7070067b6a2cd48ed4f7d87f40e85a_single_sequence_seed20260919/confidence.json	443	f0a79f0d1cd5fbfc90b31950013dc56081e768495b59b3baad660de517ccb74c
results/structure_campaign/compute/single_sequence_full/models/protein_7b0d5d3c3a31c1168531049ad5eb4bf68c7070067b6a2cd48ed4f7d87f40e85a_single_sequence_seed20260919/model.cif	1202041	a108693b9c357d670a8e04cabf73776b47335f3e791d0d2cf9584b8ee16ad40c
results/structure_campaign/compute/single_sequence_full/models/protein_7b0d5d3c3a31c1168531049ad5eb4bf68c7070067b6a2cd48ed4f7d87f40e85a_single_sequence_seed20260919/pae.npz	9441745	55cb392a287ad1987c51e6d408f52b2caa81d4f723c2a795e5cb1253e25a2222
results/structure_campaign/compute/single_sequence_full/models/protein_7b0d5d3c3a31c1168531049ad5eb4bf68c7070067b6a2cd48ed4f7d87f40e85a_single_sequence_seed20260919/plddt.npz	6086	b7dfc0887ba6377ca75aabb61e5474419e94c3491c990611df77471319a0e684
results/structure_campaign/compute/single_sequence_full/models/protein_7b0d5d3c3a31c1168531049ad5eb4bf68c7070067b6a2cd48ed4f7d87f40e85a_single_sequence_seed20260919/residue_confidence.tsv	287512	8694a9e29cedcc62d1e446aaae0daf7513ec675c5d534bb289370c98f7c3a91c
results/structure_campaign/compute/single_sequence_full/models/protein_7c620433a33c479bd09812150c15d2e0accd796c3cd40b057543080302fe009b_single_sequence_seed20260919/confidence.json	441	19eb3e0f56b3aefc82d21a72a50807b9885e4bd945695581d0e4b63d883bfaa6
results/structure_campaign/compute/single_sequence_full/models/protein_7c620433a33c479bd09812150c15d2e0accd796c3cd40b057543080302fe009b_single_sequence_seed20260919/model.cif	34042	5ca58c82122f44231f6f9a917f7738516b374f2174de9ece91d781129e1afeb6
results/structure_campaign/compute/single_sequence_full/models/protein_7c620433a33c479bd09812150c15d2e0accd796c3cd40b057543080302fe009b_single_sequence_seed20260919/pae.npz	7828	d435520010d6eef5e416b3a78cdfc5c8a89c3604f37e19e52bc8a086e14eca7c
results/structure_campaign/compute/single_sequence_full/models/protein_7c620433a33c479bd09812150c15d2e0accd796c3cd40b057543080302fe009b_single_sequence_seed20260919/plddt.npz	395	94a1db5c6bb71c23456265f86dd292665077b04d2095d9b178ecaaf8960e991a
results/structure_campaign/compute/single_sequence_full/models/protein_7c620433a33c479bd09812150c15d2e0accd796c3cd40b057543080302fe009b_single_sequence_seed20260919/residue_confidence.tsv	7894	a70724a29ff3145d7a1c6d7cbdef07d0b929db83dcfad134029e41e6ddfc5aae
results/structure_campaign/compute/single_sequence_full/models/protein_8500b17b3f5cc9f4deaed97ff0ad19025d5d94095c67bb9c969910558b69f1f8_single_sequence_seed20260919/confidence.json	446	590b71bb8ad14a6525585c8eeee6713cfcbc91da4c385d107bb0fb217df7d35b
results/structure_campaign/compute/single_sequence_full/models/protein_8500b17b3f5cc9f4deaed97ff0ad19025d5d94095c67bb9c969910558b69f1f8_single_sequence_seed20260919/model.cif	398655	b24180d900efe1108188533080c92c906ee6f12d4eef2071734770b1b82ea223
results/structure_campaign/compute/single_sequence_full/models/protein_8500b17b3f5cc9f4deaed97ff0ad19025d5d94095c67bb9c969910558b69f1f8_single_sequence_seed20260919/pae.npz	1047728	836569c52075f6f3b813ff6bf18108771b1e201b56941e3a8a1ab3f253120058
results/structure_campaign/compute/single_sequence_full/models/protein_8500b17b3f5cc9f4deaed97ff0ad19025d5d94095c67bb9c969910558b69f1f8_single_sequence_seed20260919/plddt.npz	2193	f0a821a6cbe34a5d8395ab95f0f239848ec7bc4bbcabba70d101923f34b2ebe9
results/structure_campaign/compute/single_sequence_full/models/protein_8500b17b3f5cc9f4deaed97ff0ad19025d5d94095c67bb9c969910558b69f1f8_single_sequence_seed20260919/residue_confidence.tsv	96244	68613eee1f167a1d755dbaeceea8ed40132e002f34e3e335efe4a308388845bf
results/structure_campaign/compute/single_sequence_full/models/protein_899325e73395c7c25bfb100e110524886b8177bae90a0ab97604b66f4b77da1e_single_sequence_seed20260919/confidence.json	444	01b7cb9708b943300eb141f92af484991e7e83193abb8695af9490e53fe77d7c
results/structure_campaign/compute/single_sequence_full/models/protein_899325e73395c7c25bfb100e110524886b8177bae90a0ab97604b66f4b77da1e_single_sequence_seed20260919/model.cif	66204	8aab175055508ef43fd2b01aceeec345e6764cadb930ff7bd091d7e2c69e2c4b
results/structure_campaign/compute/single_sequence_full/models/protein_899325e73395c7c25bfb100e110524886b8177bae90a0ab97604b66f4b77da1e_single_sequence_seed20260919/pae.npz	31461	0db465ebf27a7a8d88f4a19488440c8a76c201586dac96784325ad4242f916af
results/structure_campaign/compute/single_sequence_full/models/protein_899325e73395c7c25bfb100e110524886b8177bae90a0ab97604b66f4b77da1e_single_sequence_seed20260919/plddt.npz	596	1a526e55341feee6a9f4f0f747b476ac36ad2ff4d2b1c5e504a2498c02096d6d
results/structure_campaign/compute/single_sequence_full/models/protein_899325e73395c7c25bfb100e110524886b8177bae90a0ab97604b66f4b77da1e_single_sequence_seed20260919/residue_confidence.tsv	16294	1726a4f1d07863375e4fd43749e7c2534febcf2e66c85b35e8be2eab918215a3
results/structure_campaign/compute/single_sequence_full/models/protein_91b6c2354036f74992cb5f2520a3614bb2b0ecc3feab662dbb7e791accc4b3b7_single_sequence_seed20260919/confidence.json	444	c9f1111cb4aadc6238ce7e52fbfe10d36979e736e7a8eb0c1575e8192b21d39f
results/structure_campaign/compute/single_sequence_full/models/protein_91b6c2354036f74992cb5f2520a3614bb2b0ecc3feab662dbb7e791accc4b3b7_single_sequence_seed20260919/model.cif	151925	22c0c2d1d7a0c01b138f9c88f5090f2361eba3f2ad9c826af21d489560e22e4e
results/structure_campaign/compute/single_sequence_full/models/protein_91b6c2354036f74992cb5f2520a3614bb2b0ecc3feab662dbb7e791accc4b3b7_single_sequence_seed20260919/pae.npz	154068	9ddb9b6ac08f0a2edc8895f22d99fc236852a5f55b6f38d5c42cc6f584fa4cf3
results/structure_campaign/compute/single_sequence_full/models/protein_91b6c2354036f74992cb5f2520a3614bb2b0ecc3feab662dbb7e791accc4b3b7_single_sequence_seed20260919/plddt.npz	1002	7d4b70423a563a8c967412a8fb222295702f03ccac86cc7c4597c4e17da2246d
results/structure_campaign/compute/single_sequence_full/models/protein_91b6c2354036f74992cb5f2520a3614bb2b0ecc3feab662dbb7e791accc4b3b7_single_sequence_seed20260919/residue_confidence.tsv	36681	87b200a769182c6472c2d21faf1ad44da7f293f575b3160cf09f8286fcee4a05
results/structure_campaign/compute/single_sequence_full/models/protein_9a99577ea77e93a51bb896132001fac6caa242ee517a62995ddef9d39a72f54a_single_sequence_seed20260919/confidence.json	445	1bc3e7452c7dddc03f7df267833e9629be79fe5f23cd578e2ab383e464d55e9b
results/structure_campaign/compute/single_sequence_full/models/protein_9a99577ea77e93a51bb896132001fac6caa242ee517a62995ddef9d39a72f54a_single_sequence_seed20260919/model.cif	496162	84deb6e3bc2d291f8052f44487a10677637b47f01c014b56c8557bb83edfe664
results/structure_campaign/compute/single_sequence_full/models/protein_9a99577ea77e93a51bb896132001fac6caa242ee517a62995ddef9d39a72f54a_single_sequence_seed20260919/pae.npz	1678225	edff7b89f32fc63916edcb41da3ab36c0408580d3d853133a41e532788c5de1d
results/structure_campaign/compute/single_sequence_full/models/protein_9a99577ea77e93a51bb896132001fac6caa242ee517a62995ddef9d39a72f54a_single_sequence_seed20260919/plddt.npz	2760	591bb5256e5d053cb5fd21c84e5aa4791565567dc8bd1bac0a44a279738bb467
results/structure_campaign/compute/single_sequence_full/models/protein_9a99577ea77e93a51bb896132001fac6caa242ee517a62995ddef9d39a72f54a_single_sequence_seed20260919/residue_confidence.tsv	122405	b266b54095abf8832a42dccf4e100b763f4f511d9767cce4f14285e50f758212
results/structure_campaign/compute/single_sequence_full/models/protein_b0d22e27937167cce8168e89f2f47683b4ada96ad48b9ebb22e347b9e99abcb8_single_sequence_seed20260919/confidence.json	442	692e56563c92f4e8e40fa725d19d58951e2efaefc2e20b2e292f42c5a1243a30
results/structure_campaign/compute/single_sequence_full/models/protein_b0d22e27937167cce8168e89f2f47683b4ada96ad48b9ebb22e347b9e99abcb8_single_sequence_seed20260919/model.cif	97340	63ac5ff80fa107cbff05de1f0065225c162c9aa61e1d8eced18d697d0fe86458
results/structure_campaign/compute/single_sequence_full/models/protein_b0d22e27937167cce8168e89f2f47683b4ada96ad48b9ebb22e347b9e99abcb8_single_sequence_seed20260919/pae.npz	69198	6977d78d53b975275e564b4b00e66b6d0ec083f9b15042b22ec8a25849916826
results/structure_campaign/compute/single_sequence_full/models/protein_b0d22e27937167cce8168e89f2f47683b4ada96ad48b9ebb22e347b9e99abcb8_single_sequence_seed20260919/plddt.npz	750	9422e5410c05dcce651e9f23ffa959ddacb4ffbe52f8c37495bb77239be07528
results/structure_campaign/compute/single_sequence_full/models/protein_b0d22e27937167cce8168e89f2f47683b4ada96ad48b9ebb22e347b9e99abcb8_single_sequence_seed20260919/residue_confidence.tsv	24214	a6521059cbd7dadf8e8e706142c0f896d7bfac9e913178ee6edd41994ba9b13c
results/structure_campaign/compute/single_sequence_full/models/protein_b38a46e68fa112ecb3d07b06ff9f3c00cfbcb19b8f9098cd396c99a0030c80ca_single_sequence_seed20260919/confidence.json	447	381ae955469bd1377f288a6e8fd3c71883bdf0e1bc3f0ed8dd852ddec556a08e
results/structure_campaign/compute/single_sequence_full/models/protein_b38a46e68fa112ecb3d07b06ff9f3c00cfbcb19b8f9098cd396c99a0030c80ca_single_sequence_seed20260919/model.cif	51563	7b409d6246d0c1aabbf69697303df2f20e945931c708e4329d813af563e2d5d6
results/structure_campaign/compute/single_sequence_full/models/protein_b38a46e68fa112ecb3d07b06ff9f3c00cfbcb19b8f9098cd396c99a0030c80ca_single_sequence_seed20260919/pae.npz	19672	a0c7e60ce2fa31e9f194026855d4903e2de6b902df8b8d28dda848cd8f23be7d
results/structure_campaign/compute/single_sequence_full/models/protein_b38a46e68fa112ecb3d07b06ff9f3c00cfbcb19b8f9098cd396c99a0030c80ca_single_sequence_seed20260919/plddt.npz	521	a49762a4172e9d4fd303b3eebd5e213da0e8f888179ed6df58df8feb0b68a9ae
results/structure_campaign/compute/single_sequence_full/models/protein_b38a46e68fa112ecb3d07b06ff9f3c00cfbcb19b8f9098cd396c99a0030c80ca_single_sequence_seed20260919/residue_confidence.tsv	12886	0388ae71650ef6d50fc7566995e0a269b882e3775aff5adaa3d635f36a570bb7
results/structure_campaign/compute/single_sequence_full/models/protein_b537f99b45ff96dfbe025055a4ef53a4d336495d89f7355a3e01399abae3638e_single_sequence_seed20260919/confidence.json	443	d279f75df94db1a518a9d52848843669efac58498da4880c7030919bb4a34f12
results/structure_campaign/compute/single_sequence_full/models/protein_b537f99b45ff96dfbe025055a4ef53a4d336495d89f7355a3e01399abae3638e_single_sequence_seed20260919/model.cif	401854	40bbc0673b821895f45d8f1fb086de7b922f5ed1104b6fe4e3c8eee5823aa969
results/structure_campaign/compute/single_sequence_full/models/protein_b537f99b45ff96dfbe025055a4ef53a4d336495d89f7355a3e01399abae3638e_single_sequence_seed20260919/pae.npz	1061481	87139e748264a68e8b9648fffb5ed30c647207a9a4ee47c8df1b66b4e7ba49cd
results/structure_campaign/compute/single_sequence_full/models/protein_b537f99b45ff96dfbe025055a4ef53a4d336495d89f7355a3e01399abae3638e_single_sequence_seed20260919/plddt.npz	2252	b7fff58a0e5142bd3d5fa0de821b6f407b2d878b3b5999ba09e5b98c0aff6936
results/structure_campaign/compute/single_sequence_full/models/protein_b537f99b45ff96dfbe025055a4ef53a4d336495d89f7355a3e01399abae3638e_single_sequence_seed20260919/residue_confidence.tsv	97731	2f6e045faabb4f4aa50683a65c433c4905f3ae34e41ddb97a932b8650bb28737
results/structure_campaign/compute/single_sequence_full/models/protein_bcd139b19630cb31f3a89703fedd00936138336ed28e45f87045ef3f8222c90c_single_sequence_seed20260919/confidence.json	445	c78491b4dbee8fb172c486f0cb7569bdda32550b4a1997ca47100d5cca85d8a8
results/structure_campaign/compute/single_sequence_full/models/protein_bcd139b19630cb31f3a89703fedd00936138336ed28e45f87045ef3f8222c90c_single_sequence_seed20260919/model.cif	219606	50d60936e1292fdd579e2faebd64634c5a0fcf0230a9b91ad4025e4611d4bd10
results/structure_campaign/compute/single_sequence_full/models/protein_bcd139b19630cb31f3a89703fedd00936138336ed28e45f87045ef3f8222c90c_single_sequence_seed20260919/pae.npz	365829	4e196a19bc0a2766d684e00166b4486126b89ccdf66874fad7c02b80097d16b1
results/structure_campaign/compute/single_sequence_full/models/protein_bcd139b19630cb31f3a89703fedd00936138336ed28e45f87045ef3f8222c90c_single_sequence_seed20260919/plddt.npz	1413	3d73e7328fd1d4991b78dcd3ef6924818335f605f44e9e175ea2cf3b6789ff5e
results/structure_campaign/compute/single_sequence_full/models/protein_bcd139b19630cb31f3a89703fedd00936138336ed28e45f87045ef3f8222c90c_single_sequence_seed20260919/residue_confidence.tsv	56415	0e335f59b028a90d5eff5b8fe96642a7b9d53f025c3d5c58aa8c513a48f48130
results/structure_campaign/compute/single_sequence_full/models/protein_c4c915da39d6ec74952059215262a9989ad6435c495f79363d36b565c91f216d_single_sequence_seed20260919/confidence.json	446	408b052b4cec86c2ec943de8e3ddbe9da3794a8536f4d28d9e04f02932c8f978
results/structure_campaign/compute/single_sequence_full/models/protein_c4c915da39d6ec74952059215262a9989ad6435c495f79363d36b565c91f216d_single_sequence_seed20260919/model.cif	35231	1ee36212bf09ea3803b39f75b7b4181a2baa304d95a2398b298893bb6aaa6475
results/structure_campaign/compute/single_sequence_full/models/protein_c4c915da39d6ec74952059215262a9989ad6435c495f79363d36b565c91f216d_single_sequence_seed20260919/pae.npz	7306	28dcab4b8efb6dfaea05f8a7cbff18b8b87c9a3ded35c96e3e38114913e95e72
results/structure_campaign/compute/single_sequence_full/models/protein_c4c915da39d6ec74952059215262a9989ad6435c495f79363d36b565c91f216d_single_sequence_seed20260919/plddt.npz	393	5812952a9c22b93bcc97ed77d2a36e7ecac878deba2a88356f8603f66b42d2f3
results/structure_campaign/compute/single_sequence_full/models/protein_c4c915da39d6ec74952059215262a9989ad6435c495f79363d36b565c91f216d_single_sequence_seed20260919/residue_confidence.tsv	7750	3a95a6600bfd3e01214ee3fc882f3a828dc157284ef47a8c11dc5c9ea844cd51
results/structure_campaign/compute/single_sequence_full/models/protein_ca2772f82b0e861861636ddd31697e08475ddd2b2f93467e300b85d3aa0b3c75_single_sequence_seed20260919/confidence.json	443	b7b4d3f9b3bd4158fdc44455319bf5738432c4b5b524cfd86eec9c5e659ab35b
results/structure_campaign/compute/single_sequence_full/models/protein_ca2772f82b0e861861636ddd31697e08475ddd2b2f93467e300b85d3aa0b3c75_single_sequence_seed20260919/model.cif	1831553	ce51940925bd21f8378bb5649523d1e3b84bd7ca0919f0b12e79bdb30bac2f29
results/structure_campaign/compute/single_sequence_full/models/protein_ca2772f82b0e861861636ddd31697e08475ddd2b2f93467e300b85d3aa0b3c75_single_sequence_seed20260919/pae.npz	19746170	b2e014707fbaef01140d68f38ad8b5172d67363cb98fe82859b78751bddcdbf9
results/structure_campaign/compute/single_sequence_full/models/protein_ca2772f82b0e861861636ddd31697e08475ddd2b2f93467e300b85d3aa0b3c75_single_sequence_seed20260919/plddt.npz	8665	0fde4417a92333adbd76532d94d9658d44994e56e94dc907360b6004fabf9801
results/structure_campaign/compute/single_sequence_full/models/protein_ca2772f82b0e861861636ddd31697e08475ddd2b2f93467e300b85d3aa0b3c75_single_sequence_seed20260919/residue_confidence.tsv	430765	da02f7ec12f7d01798d0d560b509ffd991eb182e7ae8475d4b3619f1d860419b
results/structure_campaign/compute/single_sequence_full/models/protein_d09ba36d63b4b05b94c1787f8ea186e5b841f5920b3ffb5356533bd95afd68da_single_sequence_seed20260919/confidence.json	440	b77a25229aaccfcf9a9b0a8adc77a64f74c614e3c766e46b656b86ed33262065
results/structure_campaign/compute/single_sequence_full/models/protein_d09ba36d63b4b05b94c1787f8ea186e5b841f5920b3ffb5356533bd95afd68da_single_sequence_seed20260919/model.cif	179525	dd32065905c1eac77dda09f62df0b1f886a2d6a3935e17731ba04b57aa7f7773
results/structure_campaign/compute/single_sequence_full/models/protein_d09ba36d63b4b05b94c1787f8ea186e5b841f5920b3ffb5356533bd95afd68da_single_sequence_seed20260919/pae.npz	233683	43130b9f884b581c6630702d86c85fe8b9188d75524603edae647b5b33e8c352
results/structure_campaign/compute/single_sequence_full/models/protein_d09ba36d63b4b05b94c1787f8ea186e5b841f5920b3ffb5356533bd95afd68da_single_sequence_seed20260919/plddt.npz	1176	4b420e80bf9999f48afd0006455a0d82d57c8870052e9da3e57959f684baa842
results/structure_campaign/compute/single_sequence_full/models/protein_d09ba36d63b4b05b94c1787f8ea186e5b841f5920b3ffb5356533bd95afd68da_single_sequence_seed20260919/residue_confidence.tsv	44502	79efa93d0b2ac302995080ab43264e31a92fabb5bb1a64d4233be8490f5abada
results/structure_campaign/compute/single_sequence_full/models/protein_d12ded276778cca561f61708455f059a1bccb3f6e5b75d6ea02f274ab7b9a20d_single_sequence_seed20260919/confidence.json	446	7cfef50b1eab590babe5839c52685986a9a92e86420cb9b7d33facfc05d7f400
results/structure_campaign/compute/single_sequence_full/models/protein_d12ded276778cca561f61708455f059a1bccb3f6e5b75d6ea02f274ab7b9a20d_single_sequence_seed20260919/model.cif	193025	d51f0261207585457939e531b91c50a3b79f3aff2347e0192b75bc2a67487d81
results/structure_campaign/compute/single_sequence_full/models/protein_d12ded276778cca561f61708455f059a1bccb3f6e5b75d6ea02f274ab7b9a20d_single_sequence_seed20260919/pae.npz	284359	1aba926b36d70ee6b55dc7651389c6b906f5fb7d84b6db843f9663e4a2a70348
results/structure_campaign/compute/single_sequence_full/models/protein_d12ded276778cca561f61708455f059a1bccb3f6e5b75d6ea02f274ab7b9a20d_single_sequence_seed20260919/plddt.npz	1281	3566680e712cf64c90efe83a260f50d5cf58d81c648aea655f3351ec608b671b
results/structure_campaign/compute/single_sequence_full/models/protein_d12ded276778cca561f61708455f059a1bccb3f6e5b75d6ea02f274ab7b9a20d_single_sequence_seed20260919/residue_confidence.tsv	49903	b4583658b09438d5e89fb20a4065c35757c8dc69b6171632707dc666eaa4ade6
results/structure_campaign/compute/single_sequence_full/models/protein_d9dadae508e1aba65519f0bec221151e33dd065734ac6bd7d657c57034b61154_single_sequence_seed20260919/confidence.json	442	b475e0d52ecf708fd4ddfd288bb296ee69a2ed999fcf500c682467ba38f4043c
results/structure_campaign/compute/single_sequence_full/models/protein_d9dadae508e1aba65519f0bec221151e33dd065734ac6bd7d657c57034b61154_single_sequence_seed20260919/model.cif	61289	157f2f3f78eae5dafb5cc94921367202dbb5afc0cb72901842e25c6ef70b6eb3
results/structure_campaign/compute/single_sequence_full/models/protein_d9dadae508e1aba65519f0bec221151e33dd065734ac6bd7d657c57034b61154_single_sequence_seed20260919/pae.npz	25907	a411651e1747bb58285132043e844c353b0ac56188e47ef3d40601cccc07d8b0
results/structure_campaign/compute/single_sequence_full/models/protein_d9dadae508e1aba65519f0bec221151e33dd065734ac6bd7d657c57034b61154_single_sequence_seed20260919/plddt.npz	561	3e20d0edef238b43906d25c25fbe4266d59a1bfb1f55f2675a9910aee91510ec
results/structure_campaign/compute/single_sequence_full/models/protein_d9dadae508e1aba65519f0bec221151e33dd065734ac6bd7d657c57034b61154_single_sequence_seed20260919/residue_confidence.tsv	14749	d23c759ed5bc58dc7189b477423c9afb33bee4941a6a7c16dff25344cfa5b95e
results/structure_campaign/compute/single_sequence_full/models/protein_dba94fe4564b656dcb4c88ed9c0af05dfe78a7d6ea0ef18b1c71b29fe58fa0d9_single_sequence_seed20260919/confidence.json	440	f4c3406c18fbb21540b2deabb7b5419ba38cd64943099581b377908ef145e3ff
results/structure_campaign/compute/single_sequence_full/models/protein_dba94fe4564b656dcb4c88ed9c0af05dfe78a7d6ea0ef18b1c71b29fe58fa0d9_single_sequence_seed20260919/model.cif	65681	2dbef20d4497674785da3fda6e08c6832fcf099832512880b58aa9ed33feadb6
results/structure_campaign/compute/single_sequence_full/models/protein_dba94fe4564b656dcb4c88ed9c0af05dfe78a7d6ea0ef18b1c71b29fe58fa0d9_single_sequence_seed20260919/pae.npz	32224	38d12d073198f427a31bf543ebb6c73f5c6641ccc59cd622c9ab8f48fb8ac121
results/structure_campaign/compute/single_sequence_full/models/protein_dba94fe4564b656dcb4c88ed9c0af05dfe78a7d6ea0ef18b1c71b29fe58fa0d9_single_sequence_seed20260919/plddt.npz	594	821caaefb7aeb451a867982a9c5c23d28a6b2931fa83327a182d605492734123
results/structure_campaign/compute/single_sequence_full/models/protein_dba94fe4564b656dcb4c88ed9c0af05dfe78a7d6ea0ef18b1c71b29fe58fa0d9_single_sequence_seed20260919/residue_confidence.tsv	16284	c73db746e57eaee8439c7d84c344b4b855bc6b6de2ca2e3b2d827374acccb753
results/structure_campaign/compute/single_sequence_full/models/protein_dfb8a2ccde79614b69b3425f8cd6ffcf0f2bddaf437ae76facc8bb7ebdfacb2e_single_sequence_seed20260919/confidence.json	448	9ee5341003e1a8628ebb9bb1d6be3c98c94541847938a15129d6ebe5f2bdda20
results/structure_campaign/compute/single_sequence_full/models/protein_dfb8a2ccde79614b69b3425f8cd6ffcf0f2bddaf437ae76facc8bb7ebdfacb2e_single_sequence_seed20260919/model.cif	131419	25709e31b33320a031e428acaa0de82f17bade5d54a33aa5a3bb783f7bfa23e3
results/structure_campaign/compute/single_sequence_full/models/protein_dfb8a2ccde79614b69b3425f8cd6ffcf0f2bddaf437ae76facc8bb7ebdfacb2e_single_sequence_seed20260919/pae.npz	127122	d559071efd4bb48475f57b72497d3bc6c78aa2bb0a70d22577578609607bd52d
results/structure_campaign/compute/single_sequence_full/models/protein_dfb8a2ccde79614b69b3425f8cd6ffcf0f2bddaf437ae76facc8bb7ebdfacb2e_single_sequence_seed20260919/plddt.npz	924	2c3fbe9a2cc290bb237302dd7355b6e981997e60050f522371ddec8501b4731e
results/structure_campaign/compute/single_sequence_full/models/protein_dfb8a2ccde79614b69b3425f8cd6ffcf0f2bddaf437ae76facc8bb7ebdfacb2e_single_sequence_seed20260919/residue_confidence.tsv	33200	07d86c669829ef3f8ed012ed49899985321fa1d57b35b94cd2e5ff26b0b089b7
results/structure_campaign/compute/single_sequence_full/models/protein_e5af13d33e889258c3c023a666c476f620d82348973f983e518b9779866522d1_single_sequence_seed20260919/confidence.json	445	978e60f3a7957bccab746aed42ecc4e302e4d8908d54245c7db2204e697355d7
results/structure_campaign/compute/single_sequence_full/models/protein_e5af13d33e889258c3c023a666c476f620d82348973f983e518b9779866522d1_single_sequence_seed20260919/model.cif	124299	781895cc7585f2a092c65a454942c338cdcd025ce1823456595f7d2ed02dc918
results/structure_campaign/compute/single_sequence_full/models/protein_e5af13d33e889258c3c023a666c476f620d82348973f983e518b9779866522d1_single_sequence_seed20260919/pae.npz	107512	f0493d069c960b69dd2e88e7dc90b7fcf0a401095a13e3af202592b9e1dcf51b
results/structure_campaign/compute/single_sequence_full/models/protein_e5af13d33e889258c3c023a666c476f620d82348973f983e518b9779866522d1_single_sequence_seed20260919/plddt.npz	878	74597202374d3cb4d9cc34e257ada91396d04c0609f8c137837deb8555cd51b9
results/structure_campaign/compute/single_sequence_full/models/protein_e5af13d33e889258c3c023a666c476f620d82348973f983e518b9779866522d1_single_sequence_seed20260919/residue_confidence.tsv	30036	38b643ba60b452e060d07e6fc967d97910c748c1d2b219e4adfb40eb60f54928
results/structure_campaign/compute/single_sequence_full/models/protein_e6bde9e98c0c71a406cda37d339a2829de1ba0ba203b851d67e4082deda858a7_single_sequence_seed20260919/confidence.json	444	6369fa723afc2fa44c3088c324a210cf8f0bf245d83ece875d6e893bdf4db3c7
results/structure_campaign/compute/single_sequence_full/models/protein_e6bde9e98c0c71a406cda37d339a2829de1ba0ba203b851d67e4082deda858a7_single_sequence_seed20260919/model.cif	263450	1c7c11a18b22d08d556e52ed0223c7da6fa9d6bdd0841e46a0961a0089133d68
results/structure_campaign/compute/single_sequence_full/models/protein_e6bde9e98c0c71a406cda37d339a2829de1ba0ba203b851d67e4082deda858a7_single_sequence_seed20260919/pae.npz	492889	88fb711fe1d99f8aabdc8abf302478364a03eb5d69bd9b44ec33220b4cdb17d8
results/structure_campaign/compute/single_sequence_full/models/protein_e6bde9e98c0c71a406cda37d339a2829de1ba0ba203b851d67e4082deda858a7_single_sequence_seed20260919/plddt.npz	1597	643aedeb0d55d367f2df6f0016516751710cd703d41ad2066a8d0b9e5ed4dc5a
results/structure_campaign/compute/single_sequence_full/models/protein_e6bde9e98c0c71a406cda37d339a2829de1ba0ba203b851d67e4082deda858a7_single_sequence_seed20260919/residue_confidence.tsv	65945	d7670e1c0ce24029ac7faed01df85579f08e0afe4233e087b90dc65a49256959
results/structure_campaign/compute/single_sequence_full/models/protein_eaadb81f5c70805626da52cd61e57438d32bf21d9a2d8384477f99624294a992_single_sequence_seed20260919/confidence.json	445	7f1ad9629c7c571ebbf62d8257953aef7ac973a2f632ebf85a659af412fbb21b
results/structure_campaign/compute/single_sequence_full/models/protein_eaadb81f5c70805626da52cd61e57438d32bf21d9a2d8384477f99624294a992_single_sequence_seed20260919/model.cif	108868	d3e2fcf356a8d15369380edd48f7931874d1acafe1ecad441fb9e225a3d75389
results/structure_campaign/compute/single_sequence_full/models/protein_eaadb81f5c70805626da52cd61e57438d32bf21d9a2d8384477f99624294a992_single_sequence_seed20260919/pae.npz	85213	b4b3c88e53a3f67d07d35588505207a37f740d7ac406d57028aebeceb1be0a90
results/structure_campaign/compute/single_sequence_full/models/protein_eaadb81f5c70805626da52cd61e57438d32bf21d9a2d8384477f99624294a992_single_sequence_seed20260919/plddt.npz	805	0e84149d62d7917d1226bbbb43805ad53868f42e474a0a42e28c5e8afdf31062
results/structure_campaign/compute/single_sequence_full/models/protein_eaadb81f5c70805626da52cd61e57438d32bf21d9a2d8384477f99624294a992_single_sequence_seed20260919/residue_confidence.tsv	27144	8487177f3a458e0549c8b38e4613942904f48aa8ffe537bed5b51b74811d342d
results/structure_campaign/compute/single_sequence_full/models/protein_f3b157eea4a7b3afed59584e95a707bc05cb7cf6e128952858f1c030fdca8e9f_single_sequence_seed20260919/confidence.json	447	a1cef9cd854c75a2d47ba77103ba326aa761b37020e88117608376dc4be0a9a3
results/structure_campaign/compute/single_sequence_full/models/protein_f3b157eea4a7b3afed59584e95a707bc05cb7cf6e128952858f1c030fdca8e9f_single_sequence_seed20260919/model.cif	50178	1e52ef38d6252ccf2c85e817b6a772579a9f613f4e26616ff5b5c6cbc17af3e5
results/structure_campaign/compute/single_sequence_full/models/protein_f3b157eea4a7b3afed59584e95a707bc05cb7cf6e128952858f1c030fdca8e9f_single_sequence_seed20260919/pae.npz	17554	c499dba8a05d1ce18ec9fc49a7185c1913e1a584db823a32dbeeb8eb079f30a2
results/structure_campaign/compute/single_sequence_full/models/protein_f3b157eea4a7b3afed59584e95a707bc05cb7cf6e128952858f1c030fdca8e9f_single_sequence_seed20260919/plddt.npz	496	0ebcb236e72d7034ccc210283fb8bae9a101ff6a6fbc2876a8cbc5d35a3e0a76
results/structure_campaign/compute/single_sequence_full/models/protein_f3b157eea4a7b3afed59584e95a707bc05cb7cf6e128952858f1c030fdca8e9f_single_sequence_seed20260919/residue_confidence.tsv	12018	5f6366c62e89a2167e94d4d7b9ccded8db011877b8ec4ba35cc4eaa8af391c0b
results/structure_campaign/compute/single_sequence_full/models/protein_fa6506540deb5226f196b5e2c3dc3fd6a10972fec505231d4d43a33b7e157c2a_single_sequence_seed20260919/confidence.json	447	776321e1ba2f848fbb9c7ba5f56435dbd61e38bd953fa2c478eb99a17d6cb6ca
results/structure_campaign/compute/single_sequence_full/models/protein_fa6506540deb5226f196b5e2c3dc3fd6a10972fec505231d4d43a33b7e157c2a_single_sequence_seed20260919/model.cif	642054	480b66cf4088cbac0c16ed0e1eb2bcd48a5a54b043ae908d48f9878ac8525013
results/structure_campaign/compute/single_sequence_full/models/protein_fa6506540deb5226f196b5e2c3dc3fd6a10972fec505231d4d43a33b7e157c2a_single_sequence_seed20260919/pae.npz	2713510	e7a617b18850e9b64cd0c0c47b6af7239edec141321e18e4e6efc8defebf9242
results/structure_campaign/compute/single_sequence_full/models/protein_fa6506540deb5226f196b5e2c3dc3fd6a10972fec505231d4d43a33b7e157c2a_single_sequence_seed20260919/plddt.npz	3384	d3992eb9ae44f5f8ddbcdeeb17909120ef829dd33495d519c7975b2aa2913d69
results/structure_campaign/compute/single_sequence_full/models/protein_fa6506540deb5226f196b5e2c3dc3fd6a10972fec505231d4d43a33b7e157c2a_single_sequence_seed20260919/residue_confidence.tsv	157747	a448d1f897c723dba4193e3795c76383437cbe8101975c5620f3b8838ab10417
results/structure_campaign/compute/single_sequence_full/models/protein_ff641b7f66baa209ff86e50cff70775b9fc1fd0004872ad33a501711d57eaf5e_single_sequence_seed20260919/confidence.json	444	a82fa9df23e2b512df9dfded2c2a51fcd0c156a4d1b236708ee2dd3d5c443882
results/structure_campaign/compute/single_sequence_full/models/protein_ff641b7f66baa209ff86e50cff70775b9fc1fd0004872ad33a501711d57eaf5e_single_sequence_seed20260919/model.cif	95423	2991b90b0b1204a00627e96d781bbc88f1242e90111b43f8720cadcb712a8897
results/structure_campaign/compute/single_sequence_full/models/protein_ff641b7f66baa209ff86e50cff70775b9fc1fd0004872ad33a501711d57eaf5e_single_sequence_seed20260919/pae.npz	61537	e3e933362c9202d92933c547726facf3393f6b27f80c6b19c7657e102b0914ef
results/structure_campaign/compute/single_sequence_full/models/protein_ff641b7f66baa209ff86e50cff70775b9fc1fd0004872ad33a501711d57eaf5e_single_sequence_seed20260919/plddt.npz	728	7770e9eb3bc1d310eab5ed167ace6666b225f34b97d2def7475b546ce27f670c
results/structure_campaign/compute/single_sequence_full/models/protein_ff641b7f66baa209ff86e50cff70775b9fc1fd0004872ad33a501711d57eaf5e_single_sequence_seed20260919/residue_confidence.tsv	22841	80c3bbd69fce5372143ec3b91062ea2548a2b85248e8dd108f05c1cf9d182eb0
results/structure_campaign/compute/single_sequence_full/models/protein_ff94800e922179729e86c53f89319115126e45abae0220aa9052e0fb76f532c1_single_sequence_seed20260919/confidence.json	440	74e18eb4724448c6ee826f914b2785678913d5beb6bf79a18bc01c437d40cc66
results/structure_campaign/compute/single_sequence_full/models/protein_ff94800e922179729e86c53f89319115126e45abae0220aa9052e0fb76f532c1_single_sequence_seed20260919/model.cif	88736	ea1177cef01fb00c50527115ccaf9ae3761b24b4ad0f4cf6815ebe4934ce032f
results/structure_campaign/compute/single_sequence_full/models/protein_ff94800e922179729e86c53f89319115126e45abae0220aa9052e0fb76f532c1_single_sequence_seed20260919/pae.npz	58214	79e92ba4a51256276c6afcb4a9bfb809e68b39a00f768bd30c94c684caf849ae
results/structure_campaign/compute/single_sequence_full/models/protein_ff94800e922179729e86c53f89319115126e45abae0220aa9052e0fb76f532c1_single_sequence_seed20260919/plddt.npz	714	6adb3742fbd562a3fb94804e30a2388081700f0b7edd96fb475859050e7bae0d
results/structure_campaign/compute/single_sequence_full/models/protein_ff94800e922179729e86c53f89319115126e45abae0220aa9052e0fb76f532c1_single_sequence_seed20260919/residue_confidence.tsv	22147	c45bcc701040909dd6085ac3fa1833aabf4a514336e4e8a1713b3bba5e174ca7
results/structure_campaign/compute/single_sequence_full/remote/gpu_utilization.csv	92248	d718ef0cae6ccdd315e45f6ba70072a40c40478c52c96fb5e153945d41c41ed2
results/structure_campaign/compute/single_sequence_full/remote/jobs.json	243000	25661f13f518644da09b51f9fd3252fd51f506be6e75cc16cbf5ce60d880b9c1
results/structure_campaign/compute/single_sequence_full/remote/models/protein_101700281cde078bee94b7382d6e603a4babf7b2c6c73ebf43d4a469d59c79f5_single_sequence_seed20260919/attempt_1/boltz.log	2437	1de86de7b54b272d203c75e1de607a0be065d207f01bc237c011269a200f46f7
results/structure_campaign/compute/single_sequence_full/remote/models/protein_101700281cde078bee94b7382d6e603a4babf7b2c6c73ebf43d4a469d59c79f5_single_sequence_seed20260919/validation.json	238	295caca87b63003359a179d0489c50db6d4afe40a10b714fc86d298a66b841a3
results/structure_campaign/compute/single_sequence_full/remote/models/protein_1148a09617eba2312e87a99c5e199bf30521982cb6c30cc7354ca5f31aa604ee_single_sequence_seed20260919/attempt_1/boltz.log	2503	56947b3695d6d656c6056d790e1333b9aaaa6120e9e334f45ee00bf1ab6157c1
results/structure_campaign/compute/single_sequence_full/remote/models/protein_1148a09617eba2312e87a99c5e199bf30521982cb6c30cc7354ca5f31aa604ee_single_sequence_seed20260919/validation.json	239	c8d5b62624cbe2f4dc85572b3f15833c7f2125319f28405919f007fd2d3cfc5c
results/structure_campaign/compute/single_sequence_full/remote/models/protein_13af641587610835ccf13231157fe90ef6e91f0485fa14f7ec5a46506b5a8823_single_sequence_seed20260919/attempt_1/boltz.log	2437	d2f003a8c3980396f10ad860786d96659f61f708ad593db1f8f459f06bfeb633
results/structure_campaign/compute/single_sequence_full/remote/models/protein_13af641587610835ccf13231157fe90ef6e91f0485fa14f7ec5a46506b5a8823_single_sequence_seed20260919/validation.json	223	bcf0ed07d4128c7b1fc7bcb3c0798c2376842d3f0a31ab896f16f8700c7f3356
results/structure_campaign/compute/single_sequence_full/remote/models/protein_19394e5c359c5a82b8cb1bd0ed1fa1b68fb38f6139c5c1acdf5b19900a03299a_single_sequence_seed20260919/attempt_1/boltz.log	2437	d7de47c891843fd2fa6d8dd39d8ea544a62a38c03e7acb6c4d9283ab8fcd65a2
results/structure_campaign/compute/single_sequence_full/remote/models/protein_19394e5c359c5a82b8cb1bd0ed1fa1b68fb38f6139c5c1acdf5b19900a03299a_single_sequence_seed20260919/validation.json	224	0b4b6cc88cd6385af8d3c18371c225b79ffbafef68a7e227a8448a7043dda919
results/structure_campaign/compute/single_sequence_full/remote/models/protein_1bb99356d918b0fbaa9b069fdeb691f9390e078bfa32068a8186f372bbfd91a3_single_sequence_seed20260919/attempt_1/boltz.log	2437	a66e38cd9f3685eeedc632064757e46ce71589605b648c66784abc4d9195199f
results/structure_campaign/compute/single_sequence_full/remote/models/protein_1bb99356d918b0fbaa9b069fdeb691f9390e078bfa32068a8186f372bbfd91a3_single_sequence_seed20260919/validation.json	255	962967367d6b4b608857225cab3fbff288ec1fc16158cec2ee42b91f28bc5fb4
results/structure_campaign/compute/single_sequence_full/remote/models/protein_2f5ccec75975e3c6f577920bce8d2353c43c2083ced5a445cd4306874aa49f96_single_sequence_seed20260919/attempt_1/boltz.log	2437	d455108f6976a3cd6b3532d528e160d48dc7067fa89e82c68c41c4602e97ad68
results/structure_campaign/compute/single_sequence_full/remote/models/protein_2f5ccec75975e3c6f577920bce8d2353c43c2083ced5a445cd4306874aa49f96_single_sequence_seed20260919/validation.json	239	686564f6d795fe2805b2c21e9df5ac6ed6495e39baa8a796e38a2400dded3eef
results/structure_campaign/compute/single_sequence_full/remote/models/protein_345129754ff0ccc173929ddf22b27736775c4329d5023cd85485e4a3b98d6af1_single_sequence_seed20260919/attempt_1/boltz.log	2437	17767c45570d37a6fc1fc45621eb75fca7e99ebcaca50887f6d4f66841a4e18b
results/structure_campaign/compute/single_sequence_full/remote/models/protein_345129754ff0ccc173929ddf22b27736775c4329d5023cd85485e4a3b98d6af1_single_sequence_seed20260919/validation.json	237	0194a25b9bc2257d54dee5465d14c1b3e096b9c730eec62b2128b2ddee418600
results/structure_campaign/compute/single_sequence_full/remote/models/protein_3538354085b81ef36c100a2816d54993d184f50f51149beb3c72110afb62890b_single_sequence_seed20260919/attempt_1/boltz.log	2437	d8dcec87c05c0d69f10c5ebd1037aba5eda4f2171173d24a111f234f8007c94b
results/structure_campaign/compute/single_sequence_full/remote/models/protein_3538354085b81ef36c100a2816d54993d184f50f51149beb3c72110afb62890b_single_sequence_seed20260919/validation.json	236	8d2f27675c33cb3ddd4702007a645ded63bea4e2a6cb8b5332744c606a72f08d
results/structure_campaign/compute/single_sequence_full/remote/models/protein_3868fed335582b3a056d423efc2dbae9dfa7c7350d3572a0f67798065f307d53_single_sequence_seed20260919/attempt_1/boltz.log	2437	80678c827752fa9524921ff41b72fa85d8f048344a4d4733e5b994817e9b3433
results/structure_campaign/compute/single_sequence_full/remote/models/protein_3868fed335582b3a056d423efc2dbae9dfa7c7350d3572a0f67798065f307d53_single_sequence_seed20260919/validation.json	254	6c7484663ab71387365da6da3728f933a640dc10453331e4827a1db91a52115a
results/structure_campaign/compute/single_sequence_full/remote/models/protein_3efb26690c36c414062c23d0c47a34fbb57d8f10f8edf672769c2cddb8218cfa_single_sequence_seed20260919/attempt_1/boltz.log	2437	0492a0dc8907de3cd83766227b7d984a325c4427862dbdec60887970ca14aaa7
results/structure_campaign/compute/single_sequence_full/remote/models/protein_3efb26690c36c414062c23d0c47a34fbb57d8f10f8edf672769c2cddb8218cfa_single_sequence_seed20260919/validation.json	237	d8f26768fcc76bfe45f51c9e14199cf37e40a110f14735d47dc4025ea4ea8e3a
results/structure_campaign/compute/single_sequence_full/remote/models/protein_4d8da7a249b8e2edf2d48ecc95d93eb6898532d6e07ed982fec0fc4c9c14e12a_single_sequence_seed20260919/attempt_1/boltz.log	2437	79a31e3ea902260d861360d95c78c78202b6911c52e5b1b883383b39a6037cee
results/structure_campaign/compute/single_sequence_full/remote/models/protein_4d8da7a249b8e2edf2d48ecc95d93eb6898532d6e07ed982fec0fc4c9c14e12a_single_sequence_seed20260919/validation.json	267	674a2d06899f71ae5de34ac25d840c91c004a291764b568832d30d7e4390ae44
results/structure_campaign/compute/single_sequence_full/remote/models/protein_5e0a55ceea7aa5596a1130b2f7a693b8a52acf6bf2ac12e69951ade5c9fb2d52_single_sequence_seed20260919/attempt_1/boltz.log	2437	c82ea38205421c23b61360c4e42faf59b8cc72f530e41efc91f5557f26bf8067
results/structure_campaign/compute/single_sequence_full/remote/models/protein_5e0a55ceea7aa5596a1130b2f7a693b8a52acf6bf2ac12e69951ade5c9fb2d52_single_sequence_seed20260919/validation.json	222	fec04e84fa214834786405cd30178c3bf10a5f067b24f6a0fa6c06dacf71d867
results/structure_campaign/compute/single_sequence_full/remote/models/protein_61a6c306c0a882793e9a0eb0f38e9dffb4ad15d1ae413e718969b8f43c6e86e4_single_sequence_seed20260919/attempt_1/boltz.log	2437	6ed5325a8709d95d9da6f7dd0f4875752ebc64ccd4ccbbf04d551540465f544d
results/structure_campaign/compute/single_sequence_full/remote/models/protein_61a6c306c0a882793e9a0eb0f38e9dffb4ad15d1ae413e718969b8f43c6e86e4_single_sequence_seed20260919/validation.json	239	d302126660173db7702f7f910e8528e11358e3b3608c2274ee7ccfe1544d67e5
results/structure_campaign/compute/single_sequence_full/remote/models/protein_61dbcd41ff74ad3f3b63240c13327fee06c0feb5d06fe4cf72c1220d5d18bb06_single_sequence_seed20260919/attempt_1/boltz.log	2437	c55ef01f04ef00260b7a4b011aa9a051c44ebe33ed3aa6261443ef0e81457063
results/structure_campaign/compute/single_sequence_full/remote/models/protein_61dbcd41ff74ad3f3b63240c13327fee06c0feb5d06fe4cf72c1220d5d18bb06_single_sequence_seed20260919/validation.json	253	b39d376fead6e7d32f41a1012d5666fdcb1ae92ee00d692d9740706d02f52859
results/structure_campaign/compute/single_sequence_full/remote/models/protein_6ae36d8a89ac3ac04b43b02983f3cb8994037ee6cadc0be1d50523eaca3430e4_single_sequence_seed20260919/attempt_1/boltz.log	2437	f1b615405e29150857cb9ec6c0cdd45ae66812d1458a18e417ff03a525b74e24
results/structure_campaign/compute/single_sequence_full/remote/models/protein_6ae36d8a89ac3ac04b43b02983f3cb8994037ee6cadc0be1d50523eaca3430e4_single_sequence_seed20260919/validation.json	254	d34c8f97cac6958467c25545c684e37edccf60587acea3d0de21ecf2a57f8f96
results/structure_campaign/compute/single_sequence_full/remote/models/protein_6de3b695e6fb7625fb0b645afd1d9dbcedf1ea280f2faf93d7ebafbd589a09ef_single_sequence_seed20260919/attempt_1/boltz.log	2437	c1b83ce5f47088e50eb270ff08e25520926732d2f5105e56d35775b1a3c6e9b6
results/structure_campaign/compute/single_sequence_full/remote/models/protein_6de3b695e6fb7625fb0b645afd1d9dbcedf1ea280f2faf93d7ebafbd589a09ef_single_sequence_seed20260919/validation.json	256	2753530e944fe0bc51f988664fcde0bfdadc88bff1a81a1784d8b1bc1fdccf58
results/structure_campaign/compute/single_sequence_full/remote/models/protein_70b1ed4ba81a68375cfb42e68d1af3b9cf1105b34faaa49a883b93a8bfa81b6c_single_sequence_seed20260919/attempt_1/boltz.log	2437	71e05333fae094d8145a8d2426d73c568132d6bfa6f909b491dc5405cbbc1d6e
results/structure_campaign/compute/single_sequence_full/remote/models/protein_70b1ed4ba81a68375cfb42e68d1af3b9cf1105b34faaa49a883b93a8bfa81b6c_single_sequence_seed20260919/validation.json	237	e3c1af673ea7e3db9b7811c36baadb9be368c4e573e0744bb595a8e47b6f3817
results/structure_campaign/compute/single_sequence_full/remote/models/protein_7153a9988f10e3f16ef9401be9c3ebf0e792e0075a0738bde80362e44019b419_single_sequence_seed20260919/attempt_1/boltz.log	2437	89652def7a30cda7fcb3f3e6a623c27e716f9f77f8261eae57920b1e251ed519
results/structure_campaign/compute/single_sequence_full/remote/models/protein_7153a9988f10e3f16ef9401be9c3ebf0e792e0075a0738bde80362e44019b419_single_sequence_seed20260919/validation.json	239	bca1adb67f6f4455b5234ebe6e1f90a2d21f5b994351046bf296ee507c5da0bb
results/structure_campaign/compute/single_sequence_full/remote/models/protein_74500f70e6a9f3f7e33db93e70c8610c8c7af7704f8522687bc26abc4cd3eb18_single_sequence_seed20260919/attempt_1/boltz.log	2437	6dc4c7e4d41294c58fcdb102d1e08527afcf420adfc8999c1a83c3bc97ff7cac
results/structure_campaign/compute/single_sequence_full/remote/models/protein_74500f70e6a9f3f7e33db93e70c8610c8c7af7704f8522687bc26abc4cd3eb18_single_sequence_seed20260919/validation.json	270	2ec98e49120359555037045213a493d2722e53432b626f62e6037b8385874263
results/structure_campaign/compute/single_sequence_full/remote/models/protein_7b0d5d3c3a31c1168531049ad5eb4bf68c7070067b6a2cd48ed4f7d87f40e85a_single_sequence_seed20260919/attempt_1/boltz.log	2503	37af48c0aead5b3781e144a1b39bead9db469f26dc9d81fa8d2659e39aade1f2
results/structure_campaign/compute/single_sequence_full/remote/models/protein_7b0d5d3c3a31c1168531049ad5eb4bf68c7070067b6a2cd48ed4f7d87f40e85a_single_sequence_seed20260919/validation.json	269	aa04d661593f17e32a0d97cbeea55b9444bdba8476038888e59c3fdc0d041a6f
results/structure_campaign/compute/single_sequence_full/remote/models/protein_7c620433a33c479bd09812150c15d2e0accd796c3cd40b057543080302fe009b_single_sequence_seed20260919/attempt_1/boltz.log	2437	4585b5dffb65c1605236e0e2c9f5c9d9ab4734f174eec0cffe38c6290c679d7c
results/structure_campaign/compute/single_sequence_full/remote/models/protein_7c620433a33c479bd09812150c15d2e0accd796c3cd40b057543080302fe009b_single_sequence_seed20260919/validation.json	251	897bb16d7b4cf265f1bff3ba07941741f1131419ce701649ecd411db445714e0
results/structure_campaign/compute/single_sequence_full/remote/models/protein_8500b17b3f5cc9f4deaed97ff0ad19025d5d94095c67bb9c969910558b69f1f8_single_sequence_seed20260919/attempt_1/boltz.log	2503	4472cda75bb9817a32e82447ac38be4cf4662a4569c4d1dad9723bf147c56b33
results/structure_campaign/compute/single_sequence_full/remote/models/protein_8500b17b3f5cc9f4deaed97ff0ad19025d5d94095c67bb9c969910558b69f1f8_single_sequence_seed20260919/validation.json	236	60442e9651d53c8c3643126ba807ad572404db652f2f98314489c14c117b43f9
results/structure_campaign/compute/single_sequence_full/remote/models/protein_899325e73395c7c25bfb100e110524886b8177bae90a0ab97604b66f4b77da1e_single_sequence_seed20260919/attempt_1/boltz.log	2437	4150fef048849a7983187691c4329b28812e881a4566bee0e2ede231161beb66
results/structure_campaign/compute/single_sequence_full/remote/models/protein_899325e73395c7c25bfb100e110524886b8177bae90a0ab97604b66f4b77da1e_single_sequence_seed20260919/validation.json	238	ea8d8df1d68904ebdd216c5d9d7838c8cb23f464932f93b08774bf462d444308
results/structure_campaign/compute/single_sequence_full/remote/models/protein_91b6c2354036f74992cb5f2520a3614bb2b0ecc3feab662dbb7e791accc4b3b7_single_sequence_seed20260919/attempt_1/boltz.log	2437	ae23ef3ba0242c721c386a24e4996a11784682a0ddbeeba7516a312a71c6a213
results/structure_campaign/compute/single_sequence_full/remote/models/protein_91b6c2354036f74992cb5f2520a3614bb2b0ecc3feab662dbb7e791accc4b3b7_single_sequence_seed20260919/validation.json	236	c234e2883e771b57faf9a8fadea31b636f35e0941d27757fad556af93945f34a
results/structure_campaign/compute/single_sequence_full/remote/models/protein_9a99577ea77e93a51bb896132001fac6caa242ee517a62995ddef9d39a72f54a_single_sequence_seed20260919/attempt_1/boltz.log	2503	39c35ddff88000dd50a5d1e854e6a56564783b58e596926730b482f7dfc28490
results/structure_campaign/compute/single_sequence_full/remote/models/protein_9a99577ea77e93a51bb896132001fac6caa242ee517a62995ddef9d39a72f54a_single_sequence_seed20260919/validation.json	254	7ad9005f6e2ef222931cd2136f4af8750ae323b2fb5b293fd576a9ba4e5b3f06
results/structure_campaign/compute/single_sequence_full/remote/models/protein_b0d22e27937167cce8168e89f2f47683b4ada96ad48b9ebb22e347b9e99abcb8_single_sequence_seed20260919/attempt_1/boltz.log	2437	38db483061224377df12eca358d130cdebf09bd2b9ca798b34c3d9cdee5be316
results/structure_campaign/compute/single_sequence_full/remote/models/protein_b0d22e27937167cce8168e89f2f47683b4ada96ad48b9ebb22e347b9e99abcb8_single_sequence_seed20260919/validation.json	253	ddf9d1e76cc894aa79163b864b1d026f979eceb0aeb29d93708f92ec3ca2ba62
results/structure_campaign/compute/single_sequence_full/remote/models/protein_b38a46e68fa112ecb3d07b06ff9f3c00cfbcb19b8f9098cd396c99a0030c80ca_single_sequence_seed20260919/attempt_1/boltz.log	2437	d409aa43ba63ae5e7e7693131a0488fdeae18805e912301700e8f3afa1559d89
results/structure_campaign/compute/single_sequence_full/remote/models/protein_b38a46e68fa112ecb3d07b06ff9f3c00cfbcb19b8f9098cd396c99a0030c80ca_single_sequence_seed20260919/validation.json	236	bd21e5da138f59db2e11464a4b1e0604f00fc1c9160edbe97904eeda6f2a3ae2
results/structure_campaign/compute/single_sequence_full/remote/models/protein_b537f99b45ff96dfbe025055a4ef53a4d336495d89f7355a3e01399abae3638e_single_sequence_seed20260919/attempt_1/boltz.log	2503	2aeb24238325ff89c7b3cac0c784ecb64700665831ee30ff17f1458be75184cd
results/structure_campaign/compute/single_sequence_full/remote/models/protein_b537f99b45ff96dfbe025055a4ef53a4d336495d89f7355a3e01399abae3638e_single_sequence_seed20260919/validation.json	255	ceb263d6dc26ee3ef7bc99d6399d14556c6c44d2f6c3adeabb4c080e2e0cff41
results/structure_campaign/compute/single_sequence_full/remote/models/protein_bcd139b19630cb31f3a89703fedd00936138336ed28e45f87045ef3f8222c90c_single_sequence_seed20260919/attempt_1/boltz.log	2437	120ec15d872aa38c211b9e60db46b232696395cbf29fe106452968113620fa01
results/structure_campaign/compute/single_sequence_full/remote/models/protein_bcd139b19630cb31f3a89703fedd00936138336ed28e45f87045ef3f8222c90c_single_sequence_seed20260919/validation.json	254	de8fd68a53d1a9b7ac97b815ba90c6e8a9faf2e9c618792335cce0b83a94fca1
results/structure_campaign/compute/single_sequence_full/remote/models/protein_c4c915da39d6ec74952059215262a9989ad6435c495f79363d36b565c91f216d_single_sequence_seed20260919/attempt_1/boltz.log	2437	02fca0be9d526a68be8891dea08d33c08ad09d3f982a9ea211a8b752b7490ef3
results/structure_campaign/compute/single_sequence_full/remote/models/protein_c4c915da39d6ec74952059215262a9989ad6435c495f79363d36b565c91f216d_single_sequence_seed20260919/validation.json	238	a5b8e2c7cf7fcde39fa1b000ac16173b485b282e27a2906af88ec730176cff20
results/structure_campaign/compute/single_sequence_full/remote/models/protein_ca2772f82b0e861861636ddd31697e08475ddd2b2f93467e300b85d3aa0b3c75_single_sequence_seed20260919/attempt_1/boltz.log	2503	cc49e4e04cac14800c6a95f8af55cd69409b553e7fe04a9d9633a25c2dd963e3
results/structure_campaign/compute/single_sequence_full/remote/models/protein_ca2772f82b0e861861636ddd31697e08475ddd2b2f93467e300b85d3aa0b3c75_single_sequence_seed20260919/validation.json	254	7ed2d2cbfe4884a6e131915aa27c2500fb0efc7287192416c89c50ae906c6b70
results/structure_campaign/compute/single_sequence_full/remote/models/protein_d09ba36d63b4b05b94c1787f8ea186e5b841f5920b3ffb5356533bd95afd68da_single_sequence_seed20260919/attempt_1/boltz.log	2437	501af37b4406105fb8d883f8cdd8d395260949d0c83b5908b99f7104793edf65
results/structure_campaign/compute/single_sequence_full/remote/models/protein_d09ba36d63b4b05b94c1787f8ea186e5b841f5920b3ffb5356533bd95afd68da_single_sequence_seed20260919/validation.json	269	a8572977e5502212d09b4cd3b64b80e6a3129c1e168ea19b1bfb08ca32f50ef3
results/structure_campaign/compute/single_sequence_full/remote/models/protein_d12ded276778cca561f61708455f059a1bccb3f6e5b75d6ea02f274ab7b9a20d_single_sequence_seed20260919/attempt_1/boltz.log	2437	a2185c4cd47e3754880a55a5b241a6dc83a4463a1d0e1869e5041d84ed22811d
results/structure_campaign/compute/single_sequence_full/remote/models/protein_d12ded276778cca561f61708455f059a1bccb3f6e5b75d6ea02f274ab7b9a20d_single_sequence_seed20260919/validation.json	237	96082eb74f5355f4c01f9fe62b30f794f13585e6283833aad94a8348bafa645b
results/structure_campaign/compute/single_sequence_full/remote/models/protein_d9dadae508e1aba65519f0bec221151e33dd065734ac6bd7d657c57034b61154_single_sequence_seed20260919/attempt_1/boltz.log	2437	8cde6e98bfef48b098ac09be5e3b72169dd060048c697021b674e46846542afd
results/structure_campaign/compute/single_sequence_full/remote/models/protein_d9dadae508e1aba65519f0bec221151e33dd065734ac6bd7d657c57034b61154_single_sequence_seed20260919/validation.json	252	2fa211beb1a0011d315062513e771d212cb77e6b67c064ebab1e48121b66a88e
results/structure_campaign/compute/single_sequence_full/remote/models/protein_dba94fe4564b656dcb4c88ed9c0af05dfe78a7d6ea0ef18b1c71b29fe58fa0d9_single_sequence_seed20260919/attempt_1/boltz.log	2437	30658a3b230257d2ac55fac4c914cb6abcca6d2bcb745d6e731690bb2319c137
results/structure_campaign/compute/single_sequence_full/remote/models/protein_dba94fe4564b656dcb4c88ed9c0af05dfe78a7d6ea0ef18b1c71b29fe58fa0d9_single_sequence_seed20260919/validation.json	253	0815ca4ecd4ad104fdbd62f8fb4144c02429323c701129cf7cb41a313fee5ede
results/structure_campaign/compute/single_sequence_full/remote/models/protein_dfb8a2ccde79614b69b3425f8cd6ffcf0f2bddaf437ae76facc8bb7ebdfacb2e_single_sequence_seed20260919/attempt_1/boltz.log	2437	ddc65cdf65ed6be519828855012da2e35cabaa9d0ffe94302ff52440676fb792
results/structure_campaign/compute/single_sequence_full/remote/models/protein_dfb8a2ccde79614b69b3425f8cd6ffcf0f2bddaf437ae76facc8bb7ebdfacb2e_single_sequence_seed20260919/validation.json	239	b6647e6d10902de34ea22b23fb349dff88e8d788570c0b56312536fd9abd1cf4
results/structure_campaign/compute/single_sequence_full/remote/models/protein_e5af13d33e889258c3c023a666c476f620d82348973f983e518b9779866522d1_single_sequence_seed20260919/attempt_1/boltz.log	2437	e83003198bcc7c1bb6bbbebe05a75b652bd949361f80e42b68b35aef27f0827d
results/structure_campaign/compute/single_sequence_full/remote/models/protein_e5af13d33e889258c3c023a666c476f620d82348973f983e518b9779866522d1_single_sequence_seed20260919/validation.json	254	3c2b49a128d85c1b3a660d1c9056b980dae3155c50d23376b03f5640e1e1053a
results/structure_campaign/compute/single_sequence_full/remote/models/protein_e6bde9e98c0c71a406cda37d339a2829de1ba0ba203b851d67e4082deda858a7_single_sequence_seed20260919/attempt_1/boltz.log	2437	8ec43cea1c1fdd6e0531b393452d2616839edd2d5c7cc9099c174f15101379eb
results/structure_campaign/compute/single_sequence_full/remote/models/protein_e6bde9e98c0c71a406cda37d339a2829de1ba0ba203b851d67e4082deda858a7_single_sequence_seed20260919/validation.json	252	2d607e5f8c90355289cb5ef66d1172f88332d3c994ebd7569b43d10f31c05afc
results/structure_campaign/compute/single_sequence_full/remote/models/protein_eaadb81f5c70805626da52cd61e57438d32bf21d9a2d8384477f99624294a992_single_sequence_seed20260919/attempt_1/boltz.log	2437	ceda83032a1b5c2bbc976b814df662155ab1f911ad3cc1561067748020cadd86
results/structure_campaign/compute/single_sequence_full/remote/models/protein_eaadb81f5c70805626da52cd61e57438d32bf21d9a2d8384477f99624294a992_single_sequence_seed20260919/validation.json	237	266d77bda99c70da8e6a71ff8af3f3c14042d06af2f1d640252f0095e0244d18
results/structure_campaign/compute/single_sequence_full/remote/models/protein_f3b157eea4a7b3afed59584e95a707bc05cb7cf6e128952858f1c030fdca8e9f_single_sequence_seed20260919/attempt_1/boltz.log	2437	d894da8c2e1c0aec3cda96677b5da8d7805153ba392419d58b11ba2bbc5d896f
results/structure_campaign/compute/single_sequence_full/remote/models/protein_f3b157eea4a7b3afed59584e95a707bc05cb7cf6e128952858f1c030fdca8e9f_single_sequence_seed20260919/validation.json	254	d194c512ed6506f0ccba987994f3f9dc8eb91f0470d5bc9aaecdb8ccb5c8bbab
results/structure_campaign/compute/single_sequence_full/remote/models/protein_fa6506540deb5226f196b5e2c3dc3fd6a10972fec505231d4d43a33b7e157c2a_single_sequence_seed20260919/attempt_1/boltz.log	2503	aba9178597c152306e03d270c1404ce445f0af58eeb29ce6234c5cf990fbab77
results/structure_campaign/compute/single_sequence_full/remote/models/protein_fa6506540deb5226f196b5e2c3dc3fd6a10972fec505231d4d43a33b7e157c2a_single_sequence_seed20260919/validation.json	238	b71d58ddce3b4cd9e42cc4550969c9931f9ddcd77b3187eba10222d39dab734a
results/structure_campaign/compute/single_sequence_full/remote/models/protein_ff641b7f66baa209ff86e50cff70775b9fc1fd0004872ad33a501711d57eaf5e_single_sequence_seed20260919/attempt_1/boltz.log	2437	87f255f6d164addf53d685812062424413a822c1d1882928f1f81d42f7200e52
results/structure_campaign/compute/single_sequence_full/remote/models/protein_ff641b7f66baa209ff86e50cff70775b9fc1fd0004872ad33a501711d57eaf5e_single_sequence_seed20260919/validation.json	240	af6663ad39d0661b4342bfeba80156338a5752c97823ecaa51d32c704c625dcc
results/structure_campaign/compute/single_sequence_full/remote/models/protein_ff94800e922179729e86c53f89319115126e45abae0220aa9052e0fb76f532c1_single_sequence_seed20260919/attempt_1/boltz.log	2437	5376ae99db8858ab8600887572d8a5894c7349f4c8f1c4571e379a1b53456bfd
results/structure_campaign/compute/single_sequence_full/remote/models/protein_ff94800e922179729e86c53f89319115126e45abae0220aa9052e0fb76f532c1_single_sequence_seed20260919/validation.json	254	053e2c197bb4ec731d078eada1f321546f4dc5c67dea69a7d07cb5ab582685a3
results/structure_campaign/compute/single_sequence_full/remote/runtime.json	386	ca5723da8a9303e1b3d827c99c42e27ff69fa562df1e417588e2a8755aa3b85c
results/structure_campaign/compute/single_sequence_full/remote/summary.json	906	4e663560cbafa8dfa8d029cb655c343cdd1f9f41493ed76bea32c31bb1956612
results/structure_campaign/compute/single_sequence_full/remote/worker.log	674	4ca3197393aa0c309d82426c16e00d868fe05bbab2f68fbcf25aa241ca14a61d
results/structure_campaign/compute/single_sequence_full/runtime_by_job.tsv	10208	8cb7776bfda9c95ff57aec84c4b8d7b0f839f758533463f60bb02313fb0ae87d
results/structure_campaign/compute/single_sequence_full/runtime_report.json	3103	40b35a3f33b48f40b52dffdea644fda6f4782597d113a8204acc64e7febdc5e9
results/structure_campaign/compute/single_sequence_full/staging_receipt.json	380	89ca1f1b4e8b3dbcbe8550f140ed04a17098aec20f459760fb7c296a86fc8a53
results/structure_campaign/compute/single_sequence_full/summary.json	389	02af254cc24fb2f703d48cab88c55dba213e46eb360640abcc85eb9a85724c06
results/structure_campaign/compute/single_sequence_pilot/cleanup_inventory_after.json	1924	964a4b868efc5a901982792f696e4232b9b6b42a8801c823dd309fab62552d32
results/structure_campaign/compute/single_sequence_pilot/cleanup_inventory_before.json	1920	ad5348c782ef02f5eeb492c0fb9646342eb09e7c46d2f09e69fbcb5d64889870
results/structure_campaign/compute/single_sequence_pilot/cleanup_stop.log	10	dcb55cb7b4680f780e956762a692dfa3285742f88da1949eff81e9d5e19327dc
results/structure_campaign/compute/single_sequence_pilot/executed_remote_setup.sh	1085	6b271d9e71fdcd3cc57547cd317c8941b45314fb5ec721d6e928ccf1790fd184
results/structure_campaign/compute/single_sequence_pilot/export_receipt.json	4599	178cfde15d47852ad880034339944ecd10707a03e030587d7d845142a85c92cf
results/structure_campaign/compute/single_sequence_pilot/gallery/06a47ea8fb14decf2e1f83ce3d7b3bc9900a29ed89cc722332a43a369472b176.png	1179140	4add29ece74e3d96263cbd66b9e81df267450ee8db63f2ea884b935b1f663baa
results/structure_campaign/compute/single_sequence_pilot/gallery/06a47ea8fb14decf2e1f83ce3d7b3bc9900a29ed89cc722332a43a369472b176_cartoon.png	856370	6fd712feaac50a19ef2e7e47a7f8afe33c1e71b6b70a916efda95369b150752a
results/structure_campaign/compute/single_sequence_pilot/gallery/1bce31ef49449220635ddadc203907308fc7f2ec67e7d48732292471c9bbe3df.png	508180	6aac0421ead4314757a65ab0c7e13e61b1bae727eba8867d1bf55bc77d576a35
results/structure_campaign/compute/single_sequence_pilot/gallery/1bce31ef49449220635ddadc203907308fc7f2ec67e7d48732292471c9bbe3df_cartoon.png	309517	4afd5642057ef35fdbf68601386a8e10ecff27f67c6c253a08a13566dade0839
results/structure_campaign/compute/single_sequence_pilot/gallery/1e8bc65243a9facc8e4feddf58cbbe693b2477dfe7a89be4bd6f1930464904dc.png	511154	6ea25f431378f87c11793a9866b6c39c8203b8ef883d4d9073126448415d461e
results/structure_campaign/compute/single_sequence_pilot/gallery/1e8bc65243a9facc8e4feddf58cbbe693b2477dfe7a89be4bd6f1930464904dc_cartoon.png	314276	d465f06ccf4139ef33a26a574af15649e01465bd00eff937eeb9147be1ed0030
results/structure_campaign/compute/single_sequence_pilot/gallery/6de3b695e6fb7625fb0b645afd1d9dbcedf1ea280f2faf93d7ebafbd589a09ef.png	1130384	82fb730ebf4b60930eada85966583c4cbc59b2975b921c3f805b4bdfcfe25f7c
results/structure_campaign/compute/single_sequence_pilot/gallery/6de3b695e6fb7625fb0b645afd1d9dbcedf1ea280f2faf93d7ebafbd589a09ef_cartoon.png	844914	589c848ce78aa859adacd5238f7d5385321a758c14c01c68486ba8d89c06d05e
results/structure_campaign/compute/single_sequence_pilot/gallery/7c620433a33c479bd09812150c15d2e0accd796c3cd40b057543080302fe009b.png	419398	098dbfa35ca95f24bb455ef4d0a2473d481c430fad866f0b3541567f52b04ae6
results/structure_campaign/compute/single_sequence_pilot/gallery/7c620433a33c479bd09812150c15d2e0accd796c3cd40b057543080302fe009b_cartoon.png	249310	8dd4a86fcda64958b312b75231150f803142ba4af79edaa78e2f7420d412f05b
results/structure_campaign/compute/single_sequence_pilot/gallery/91b6c2354036f74992cb5f2520a3614bb2b0ecc3feab662dbb7e791accc4b3b7.png	811650	0ea9197dc172c5f8cee3d83269038a17bf64ebd68954ec17053749ead38c93bd
results/structure_campaign/compute/single_sequence_pilot/gallery/91b6c2354036f74992cb5f2520a3614bb2b0ecc3feab662dbb7e791accc4b3b7_cartoon.png	552744	e02f8fbd7243ea33ff1889c8bb6771ccf7966959221a1cf43f1422e990addb60
results/structure_campaign/compute/single_sequence_pilot/gallery/9a99577ea77e93a51bb896132001fac6caa242ee517a62995ddef9d39a72f54a.png	883678	f5f28f33f0df6ac13742745291a610528c414b317457b830aa91787ddba249b1
results/structure_campaign/compute/single_sequence_pilot/gallery/9a99577ea77e93a51bb896132001fac6caa242ee517a62995ddef9d39a72f54a_cartoon.png	639644	f4cf0239ef3bd91fbec1b373f947820c501c1b956a3e0bb9f60c5bb8e5c3ac0a
results/structure_campaign/compute/single_sequence_pilot/gallery/ca2772f82b0e861861636ddd31697e08475ddd2b2f93467e300b85d3aa0b3c75.png	948966	d4a1c6d6a6eb3c50b16f60888445d3957363c0d039e59cf1d5728aa960f3c6c9
results/structure_campaign/compute/single_sequence_pilot/gallery/ca2772f82b0e861861636ddd31697e08475ddd2b2f93467e300b85d3aa0b3c75_cartoon.png	711143	9c5efa40fa8283b850c015008bc6aa1bc4fe8f56302d803039fcfd354e672ad3
results/structure_campaign/compute/single_sequence_pilot/gallery/dba94fe4564b656dcb4c88ed9c0af05dfe78a7d6ea0ef18b1c71b29fe58fa0d9.png	782806	33b4ac5dee98006abba16c42a1410a8aab876617c11a130a51b079685996139f
results/structure_campaign/compute/single_sequence_pilot/gallery/dba94fe4564b656dcb4c88ed9c0af05dfe78a7d6ea0ef18b1c71b29fe58fa0d9_cartoon.png	517740	f6437d12ae4fc420fbebd8fc31d610a5ddb20e11ba2ca726524c9080f6ae97a1
results/structure_campaign/compute/single_sequence_pilot/gallery/e5af13d33e889258c3c023a666c476f620d82348973f983e518b9779866522d1.png	906233	9efbe2b744201e6d7f7fdff61179e1cbae66c74ae088c6e7113ef4a33613ea3f
results/structure_campaign/compute/single_sequence_pilot/gallery/e5af13d33e889258c3c023a666c476f620d82348973f983e518b9779866522d1_cartoon.png	670946	bf8cc3b81b1a070e9bf5d41d154a65ba81285d70ca644356b08f57440a162938
results/structure_campaign/compute/single_sequence_pilot/gallery/eaadb81f5c70805626da52cd61e57438d32bf21d9a2d8384477f99624294a992.png	777676	af75e4c71408d0c60830398a149522f6d833c8d9988c5936a05d9c3dfd799ef3
results/structure_campaign/compute/single_sequence_pilot/gallery/eaadb81f5c70805626da52cd61e57438d32bf21d9a2d8384477f99624294a992_cartoon.png	528575	afbb05b213b3077651cbe3dd258bc0b9430cd7c349bbf67b8aa4fb69f95892a2
results/structure_campaign/compute/single_sequence_pilot/gallery/f0766d124b52f0061597ce4e822e9275a04152df574f9a512631a0fa6ed8a2fa.png	610683	2f814b0e63d0ad5ae15164c1aeeaaa119e95cd52a714469854fe7040d6ef6641
results/structure_campaign/compute/single_sequence_pilot/gallery/f0766d124b52f0061597ce4e822e9275a04152df574f9a512631a0fa6ed8a2fa_cartoon.png	413824	6e36f71dcfb0e432adb2719a983a6df579637561483215f1d0d2df4ba965de08
results/structure_campaign/compute/single_sequence_pilot/inputs/manifest.json	38950	386fab9a87e0976331314fc062293b3b6f37eb200ec49a25fa1912ead6456438
results/structure_campaign/compute/single_sequence_pilot/jobs.json	100778	3d12437cabdad88f0a5f9d5fb421b1d35cfcff3381af46f362d337b0af295ad5
results/structure_campaign/compute/single_sequence_pilot/lease.json	1091	326e50a7e4c80fbb7b63b03931cda07bd31b7cbd47c0fd69e6ccb1b0b94ad08f
results/structure_campaign/compute/single_sequence_pilot/model_metrics.tsv	9115	8268b36c27481efa2ea2f4138e1d82bb1030ae3c5b1c6eb2481cbdad44fcf4c8
results/structure_campaign/compute/single_sequence_pilot/protocol_deviation.json	697	ca18b7bfc29f17b28df6945b184d254201e6e8d6618518d4cfaa054590e57147
results/structure_campaign/compute/single_sequence_pilot/remote/gpu_utilization.csv	41070	eea59c995c08c19c5b61c0a33e2ec991603843844060ff5965fc9e552dd1d8f8
results/structure_campaign/compute/single_sequence_pilot/remote/jobs.json	95302	163bd90616220a5d33c0cee058bfb961e153ad4fea7727de1e4a4bb9661b2cd6
results/structure_campaign/compute/single_sequence_pilot/remote/runtime.json	388	df5ae1cca452b48adc6b74d53f8ade583156a5132fa6e44508dbf0681694f00e
results/structure_campaign/compute/single_sequence_pilot/remote/summary.json	304	8c49865f733a296b447f8ae68ef85a7d44f16e3b9e2e455882153b8de48a40d7
results/structure_campaign/compute/single_sequence_pilot/remote/worker.log	337	27f2bf2022fa6dd0daf46f80529addd686a68ddb2813d98411e6677b88431725
results/structure_campaign/compute/single_sequence_pilot/remote_setup.log	492	43b7fce778799878537f6d37852993f8cce488b8fb240b5d4d695e1a4e535654
results/structure_campaign/compute/single_sequence_pilot/runtime_by_job.tsv	4060	3e0adf0fb97e9bc6d307e66546517af43c62bc0bc3718574c1fede89497f81d4
results/structure_campaign/compute/single_sequence_pilot/runtime_report.json	3102	f5ca5fea66dec700835913fdbdd834bef025b337bb201732879fab751edae854
results/structure_campaign/compute/single_sequence_pilot/selection.tsv	7558	02a3f79d2bcc2e98a1bd262cb84ae5bcb6bae0405ef31930d22e9d6dcdd6dc95
results/structure_campaign/compute/single_sequence_pilot/start.log	8145	0ec3f380ccb21fd2f9aa587f3c1b8c0539775de723cf0514f1a829e80803b822
results/structure_campaign/compute/single_sequence_pilot/start_process.json	20	3551680f3e27742199ff90d6517b6e7a828fa7e253554e10f3bb515b1e245284
results/structure_campaign/compute/single_sequence_pilot/structure_gallery.json	25536	8f39f947a4cd80a3884a0b4d09705eb202095cdf1641b4fd3a43d50e3cc330b2
results/structure_campaign/compute/single_sequence_pilot/summary.json	389	2d155855462514c389c19b5493337f28207bf96637baae7701e2cda7ccab6736
results/structure_campaign/compute/single_sequence_pilot/watchdog.json	60	98b014e2cfbc6c8d5f1263b9af00966ec5b7dc605d5a84bb0310ffb99022d619
results/structure_campaign/compute/structure_gallery.json	27940	0e642ab0ffd24476c272f57cd570c05a6301c7ae11e6ab9f03c8e02daaf37f6a
results/structure_campaign/cross_model_gsdmd/PLAN.md	2222	5e22740a26ae4a7b202a11e6df5687b84f5f4eda437c638edbd2bd810b22174e
results/structure_campaign/cross_model_gsdmd/RESULTS.md	4123	eef1080d0535dd1ada247edcae404979cd1fe9fc41fe06d6ffb22a21018c7f88
results/structure_campaign/cross_model_gsdmd/STATUS.md	976	4d03d015623bfee4d30ced5dfbe123763bb7894cebba6c378f670e4e2ac59f6a
results/structure_campaign/cross_model_gsdmd/analysis/AF2_INDEPENDENT_VALIDATION.json	925	ceb7e2aa7a53c39d1a58afb94a238491c7c54587bd9e27207dbe18e96dda2cef
results/structure_campaign/cross_model_gsdmd/analysis/AGGREGATE_AUDIT.json	2596	f2604ee2207bbb06867a67b517ad56538647ce0cf799236f0d6121529ed0166c
results/structure_campaign/cross_model_gsdmd/analysis/FINAL_MODEL_VALIDATION.json	1837	0d7a9b9f078241ae2a55d0686bf594365ada47862dd6a9dde805b9182a7367c7
results/structure_campaign/cross_model_gsdmd/analysis/METHODS.md	1683	feabaa9b2bbb89596dc94a5c6d01b743ccb1b8a054721a1333ed9ad75a06e6b3
results/structure_campaign/cross_model_gsdmd/analysis/manifest.json	6083	292154bbedf56b0e379d0ca2ac77b449f7b856d1cae160e21fe9f82a572e79cd
results/structure_campaign/cross_model_gsdmd/analysis/model_audit.tsv	3353	d753ef70cb6cbd27d31e07469491545712e0fb9b1f422f031d2ae460d56df47a
results/structure_campaign/cross_model_gsdmd/analysis/model_region_confidence.tsv	3389	ab315f7d644256541d29e32ba983ada9a9ec3266a420d9bcb30dc5f9820041f8
results/structure_campaign/cross_model_gsdmd/analysis/pairwise_CA_rmsd.tsv	14630	71b22f65fb3f632fbd8c6827ede691e9b39d11b2daee1ecb1bc7ada4a6b94c63
results/structure_campaign/cross_model_gsdmd/analysis/residue_confidence.tsv	114924	02f61aad0f688df138b88a1b1b00a45e65596bb2f68f9c8163cb5ad59328a02d
results/structure_campaign/cross_model_gsdmd/baseline_models.json	8059	6f18ff10cecc58735c54cdc0293a6e12be3aed9fbfa33f64d545bbf596701327
results/structure_campaign/cross_model_gsdmd/comparison.json	22315	b91a04be9919af57e67b168f25af084e900e3a488e2d32fca5a8275c5234a2a4
results/structure_campaign/cross_model_gsdmd/compute/METHODS.md	6092	2affb175e5d0de6870cd5e69b543cd8e561a29d3167a09786787b464538bf018
results/structure_campaign/cross_model_gsdmd/compute/STATUS.md	1390	1b8a4627109c47e6e87fffd2f2abe1a39faa92bc8068dc219d513691f4dd151d
results/structure_campaign/cross_model_gsdmd/compute/af2_cpu/raw/cite.bibtex	2696	e7a700949b57d86b804f63abda492679b5711262fc5d7e9f81835bd95fa8cf94
results/structure_campaign/cross_model_gsdmd/compute/af2_cpu/raw/config.json	927	d7b67508d749f5d599371299354859030ff4762214420097d896df55e059f60e
results/structure_campaign/cross_model_gsdmd/compute/af2_cpu/raw/gsdmd_tmem106a.a3m	164950	ecc1891c482ac0ede1e9c081b31a1cc57857263d7f49b374fe1e6a4f37c91809
results/structure_campaign/cross_model_gsdmd/compute/af2_cpu/raw/gsdmd_tmem106a_coverage.png	102275	76a56e7207feacbc927526a82b5c742c94905d5aa13b687d60803ab7459e96e6
results/structure_campaign/cross_model_gsdmd/compute/af2_cpu/raw/gsdmd_tmem106a_pae.png	116889	df40962b4291a51f48d8467d2d707fbb61d2e98263948e6f9b03e0a2b79eb383
results/structure_campaign/cross_model_gsdmd/compute/af2_cpu/raw/gsdmd_tmem106a_plddt.png	79791	8f2619d85de523bea1a787658c2a8cbb2debe2914d61ea11e4ac51ddafa724bb
results/structure_campaign/cross_model_gsdmd/compute/af2_cpu/raw/gsdmd_tmem106a_predicted_aligned_error_v1.json	92469	a9ec66b0928625502a2223a610498bf0792434df8b16e34e507b0888a05473c0
results/structure_campaign/cross_model_gsdmd/compute/af2_cpu/raw/gsdmd_tmem106a_scores_rank_001_alphafold2_ptm_model_1_seed_20260919.json	93271	f2c1cf8644d3507904e278949acc8dee9a36da0fb69cd5753eba671e4814d86a
results/structure_campaign/cross_model_gsdmd/compute/af2_cpu/raw/gsdmd_tmem106a_unrelaxed_rank_001_alphafold2_ptm_model_1_seed_20260919.pdb	74763	70cfc5a29450b96af0698b303433d408d99591cb8e42dab25037c36cbf4bd7f9
results/structure_campaign/cross_model_gsdmd/compute/af2_cpu/raw/log.txt	966	a361f41f99aab3c80a2f75e5d82b0563a850c95f9ea5a53a2e910644aa19d657
results/structure_campaign/cross_model_gsdmd/compute/af2_cpu/run.json	1395	a8e4e64664d0f56f8ad6669cf5da68400ba6f80a4a415c0addfd0380ed48f451
results/structure_campaign/cross_model_gsdmd/compute/af2_cpu/run.log	1702	0133d4a4ad448d11202e3363e1f51cc6cacc081a8cd0c818482d548db61ddaba
results/structure_campaign/cross_model_gsdmd/compute/af2_cpu/verified/cartoon.png	141356	13df9b5f6cc645c30d63d670f04f8d6fd5766529694a8965bbc5f589d4b9ee4a
results/structure_campaign/cross_model_gsdmd/compute/af2_cpu/verified/model.cif	63072	3441da1c86dbab07975f4edbe1cc483104c6a085540d94718ce3b9bc361df772
results/structure_campaign/cross_model_gsdmd/compute/af2_cpu/verified/model.pdb	74682	389796b691c7646f7509df3763f050a5240c77a4db959c4d91458b0b65198787
results/structure_campaign/cross_model_gsdmd/compute/af2_cpu/verified/pae.npz	32124	4f545950b3e9b62b1ef2a344f04dc0ef0e7e492075adebd42917ef4c34b5a51e
results/structure_campaign/cross_model_gsdmd/compute/af2_cpu/verified/residue_confidence.tsv	1436	c93b0b118740edbc1ce0395eeb5269a5f02f8979306261da6f2aeb9fbedcb13e
results/structure_campaign/cross_model_gsdmd/compute/af2_cpu_setup_failure_01/raw/log.txt	166	c8b34c6c1a148a3a9827a62f4403057fc102096fbde31061f872d9f798421917
results/structure_campaign/cross_model_gsdmd/compute/af2_cpu_setup_failure_01/run.json	1383	9a9ecc63a10b68f384316f6afd8389c36dbb03f500be7205eeee4fdb7ab99984
results/structure_campaign/cross_model_gsdmd/compute/af2_cpu_setup_failure_01/run.log	1998	4f821c3fd7aaa9162627d7d3b43a136599aa913c0dec55270e19ea31625c22ec
results/structure_campaign/cross_model_gsdmd/compute/af2_cpu_setup_failure_02/raw/log.txt	116	7fb5eabae8dedcd71d3095af56c7fe2c9da82473091d70908cbfeac26f6c3892
results/structure_campaign/cross_model_gsdmd/compute/af2_cpu_setup_failure_02/run.json	1376	0cebee43d83e278b34f7567f45115ff53b13e82ef46cbe59c37f664242454d19
results/structure_campaign/cross_model_gsdmd/compute/af2_cpu_setup_failure_02/run.log	1903	689ad3b39e6447616d0d5280d150c683437c231a5ee0534ddc3828bb9a590dcb
results/structure_campaign/cross_model_gsdmd/compute/esmfold_cpu/model.pdb	74481	f8ad58c137fe15580036692464909a54f22f29dcc886bc3b6dcc9010ca4572e1
results/structure_campaign/cross_model_gsdmd/compute/esmfold_cpu/pae.npz	48731	f6ca2cfd5e213afd0210e6301890b549a2c5c926c4780c623675a1dc039fd269
results/structure_campaign/cross_model_gsdmd/compute/esmfold_cpu/residue_confidence.tsv	2890	ffcb0b1f9c4cb1a15b3bc33177320d9fb4a45763813174c6053de10c9cffdb8a
results/structure_campaign/cross_model_gsdmd/compute/esmfold_cpu/run.json	1120	861d42da5b315359e88e9b72ef3b77bb32726714b8f3bc9f192a5096fc10aba1
results/structure_campaign/cross_model_gsdmd/compute/esmfold_cpu/run.log	31	2bc39aed9809b87116c093065e4d9a1a929d7e067225e9aba8a379b6f72785fb
results/structure_campaign/cross_model_gsdmd/compute/esmfold_cpu/verified/cartoon.png	268464	f08597f2b5d6c769b3c00aa413ce58eed59ac835b83881e75b983b9f6d622e56
results/structure_campaign/cross_model_gsdmd/compute/esmfold_cpu/verified/model.cif	64002	2cbf6b64bb321c04a86d7c8784f34ec14ed8556ffb3931a962a48e9f68ec319b
results/structure_campaign/cross_model_gsdmd/compute/esmfold_cpu/verified/model.pdb	74682	52649519603c459d56e22e467ac2fcd930d4725571fb993f7350826bebc25bf6
results/structure_campaign/cross_model_gsdmd/compute/esmfold_cpu_supervisor.json	883	4590d7eebbe6ef8f2031de4032c1e5e444b29acdca19fdb907abd31634256067
results/structure_campaign/cross_model_gsdmd/compute/esmfold_initialization.json	937	eb2d376bb4333004ea80c7882418588cd911b0b6787046aae7e5dacc42d6ac5e
results/structure_campaign/cross_model_gsdmd/compute/esmfold_setup_failure_01/run.json	947	e7bbc916ef20f0c09e65cc266483ee6b37fdcb593cd2c144869f5b85cff6674d
results/structure_campaign/cross_model_gsdmd/compute/esmfold_setup_failure_02/run.json	941	95cc692b111f51998fbe49cfd8cf061784d1f4a8d0d8fe6bdb27fdf255aa7d81
results/structure_campaign/cross_model_gsdmd/compute/execution_receipt.json	3389	9c507d10ac7abd6536f4b429cc36df360747f28d92ff235e14583da67d1aad9e
results/structure_campaign/cross_model_gsdmd/compute/inputs/manifest.json	513	c49140feb9d8de188c2d129d83a72fd6d236d510cb92342f37c53154a83e10aa
results/structure_campaign/cross_model_gsdmd/compute/model_index.json	4872	6aef643d01c96507a87eb646c2c4360ddff25fd34c28f163fef735bad28b88b6
results/structure_campaign/cross_model_gsdmd/compute/post_run_integrity.json	286	8351e954fee7aef1ddc4cf48872b640579bdf58e655a8a481201300254f8fb21
results/structure_campaign/cross_model_gsdmd/compute/setup/a100_quotes.json	14023	9ae996749cc972bd08f47486da69686e778587e7e53cf8f8a116c34b420f887d
results/structure_campaign/cross_model_gsdmd/compute/setup/af2_compat_install.log	253	06ca6e3efe51ba32e0582c404c3400a39467b1f79143b5c23136654d0411e8af
results/structure_campaign/cross_model_gsdmd/compute/setup/af2_environment.txt	1253	de90a7a110fd0b6ac28774b4897ce542c5644adf8026c51292a83fa623b74f82
results/structure_campaign/cross_model_gsdmd/compute/setup/af2_flax_install.log	483	05e5711bb428b2b1da490d34d27f3f2bc43ac58b994ac4ff6ed53438e976d649
results/structure_campaign/cross_model_gsdmd/compute/setup/af2_help.txt	12351	12bfe7b15562bd5cd47bbdfc37494aff3938957883460c73292876883c03fdbb
results/structure_campaign/cross_model_gsdmd/compute/setup/af2_install.log	2238	d2c344f334ecb2ace17e0e49405a93dd7f6b2f9fec447d6ec83ddc3b4a9905de
results/structure_campaign/cross_model_gsdmd/compute/setup/af2_weights.json	503	5aa0e03f94533adb98029a587392bbb40237bb21967b66b66a750ddfd77860b6
results/structure_campaign/cross_model_gsdmd/compute/setup/budget_audit.json	3556	7c3965ceec6d04c09b699f0974a90102c192767465811b23fa0166a77af4db5d
results/structure_campaign/cross_model_gsdmd/compute/setup/colabfold_v1.5.5_download.py	5308	b39c12d434c5a0d3ddaf1df9735d7531c6b13345d3ff035ba17160fe160aabbb
results/structure_campaign/cross_model_gsdmd/compute/setup/download.log	54	7b376eade4c56d70d7c346c718a7f2efd5bb475be5bd82f716d08fd7d188af47
results/structure_campaign/cross_model_gsdmd/compute/setup/esm_install.log	470	f6f034f25a967292092865bc162ff9e87716d428c739559b57fc9a8c6d228e6d
results/structure_campaign/cross_model_gsdmd/compute/setup/esm_requirements.txt	181	4319f3f2426a4297cceacf51d79d8628cf973a0e2b62aa0be1e05a6967e58b67
results/structure_campaign/cross_model_gsdmd/compute/setup/esmfold_hf_repository.json	2782	d4901b97c2d24b46e68d66e98e7e117e1778626b246b6030dd70afa402de02ba
results/structure_campaign/cross_model_gsdmd/compute/setup/final_inventory_check.json	396	ec7693c0487091ef479d44c7bcaa17aa8c262ea9172d9819e8a8c1ef4c3a0f3f
results/structure_campaign/cross_model_gsdmd/compute/setup/inventory.json	4480	86d5abb1aaa3e9c2bab57cfb29d981bcba15c000df4e6928ac08f75570e95171
results/structure_campaign/cross_model_gsdmd/compute/setup/weight_download.json	2065	7573e194757df0a06335f0e03e2ffee657766d308cc24c975191a368531ab779
results/structure_campaign/cross_model_gsdmd/inputs/disorder_profiles.tsv	37265	8844767c62672bae607ddb2bbad885a753e2d309029ba162fd4ba20f2dcb1fef
results/structure_campaign/cross_model_gsdmd/method_audit/METHODS.md	3170	89400a4c63f4f5387deec9baa1480c892ab28eb5ac95ab2582a229e283643fc5
results/structure_campaign/cross_model_gsdmd/method_audit/aiupred_license_snapshot.txt	2954	834675ffbf2b4a579ab4db9b52abfdfdf34504d0ebb08cc5f08a8efadbaba20a
results/structure_campaign/cross_model_gsdmd/method_audit/aiupred_readme_snapshot.md	14974	e98a8d81705eac3614cf80f130138bccbb2ec0003bf18ad55a07ec95f253b757
results/structure_campaign/cross_model_gsdmd/method_audit/compile_command.json	699	24ca49fec5b8b2ad5acb72262ebb4008b67202632a4c884e18c2e2aceb6529ab
results/structure_campaign/cross_model_gsdmd/method_audit/moreRONN	85064	5bae95bd0e0714592d142c2f67a9d7cc0acb40c7d8e0c217916a05562fce84cc
results/structure_campaign/cross_model_gsdmd/method_audit/moreronn_raw.txt	1360	9eb16c2a8af43111b6687ea54f72a237437119094fc6bc4066b88f7832f79f91
results/structure_campaign/cross_model_gsdmd/method_audit/moreronn_residues.tsv	12824	fbda2bfe0e3a974bd94e1c31c15ab16749ab231dfb91fa58625194bb14d3e3f3
results/structure_campaign/cross_model_gsdmd/method_audit/moreronn_source/LICENSE	35147	8ceb4b9ee5adedde47b31e975c1d90c73ad27b6b165a1dcd80c7c545eb65b903
results/structure_campaign/cross_model_gsdmd/method_audit/moreronn_source/README	165	c49389e4c1297c97ca50bf462ba5e45b50b31db8a4dcdc5b00b173665e8afb70
results/structure_campaign/cross_model_gsdmd/method_audit/moreronn_source/configure.ac	294	c25c99a27d802bfab6fd4fee1e35d2aa66e7ae9f9fb49ec252b171fa62e5053e
results/structure_campaign/cross_model_gsdmd/method_audit/moreronn_source/data/moreronn_master_data.dat	1883758	9974b5dda0045dbc9ab294e64ea6a0ce0d4e5c5b02432742fb164181428cba5f
results/structure_campaign/cross_model_gsdmd/method_audit/moreronn_source/source_manifest.json	917	c018ccc9d06f279c659cc1f4e2eed90a7b9ac5710d181796ae9b508dd0f22d38
results/structure_campaign/cross_model_gsdmd/method_audit/moreronn_source/src/Makefile.am	362	ff2a1246d66cab64efc19dff6435394ab7abf5bb3c84242dd5fba4d887338950
results/structure_campaign/cross_model_gsdmd/method_audit/moreronn_source/src/MoreRONN.cpp	6264	d014680ecd6b6eb10f0c132cc241b2f28e7a3dfa612b299b31dc65a397633ca2
results/structure_campaign/cross_model_gsdmd/method_audit/moreronn_source/src/include/mclBBF.h	1393	4745f4faa0c364dfdd3ae1513eb408264f600941d61f8fe00f1ad16a48fed8c0
results/structure_campaign/cross_model_gsdmd/method_audit/moreronn_source/src/mclBBF.cpp	19689	a213bfae11e17b9f7805e66de9396ab8ce6fa17512bb7780db0a61a331bd484d
results/structure_campaign/cross_model_gsdmd/method_audit/moreronn_stderr.txt	6802	56b65b40fbe0b3e9e82d0eb5ae46beea91c80e264920849141971e2955e6b53e
results/structure_campaign/cross_model_gsdmd/method_audit/moreronn_summary.json	2964	c5942694a5074ffcc55b19f06ded6059242caef1ff1f338e69c146e5bf6b2af5
results/structure_campaign/cross_model_gsdmd/method_audit/provider_audit.json	3214	e1356d60252e9bcde4ae7f442ca1dee05575444f47d5ad5c8882b5fa48740279
results/structure_campaign/cross_model_gsdmd/method_audit/query.fasta	141	226a686d355cfd9f88650c91cb719d9085de5e4a6c8e4e85fcb01f6ddbb81bb5
results/structure_campaign/cross_model_gsdmd/method_audit/validation.json	391	560afde5b1ecc33b3198772bcd847d245cc62eabc0f17a36997fd01fc44044df
results/structure_campaign/cross_model_gsdmd/nim/alphafold2/request.json	262	0cf6a1f41f52d37abf30d04b95bc8cc1d3e317f12d5bbdd9bfa971f8bba4ea4f
results/structure_campaign/cross_model_gsdmd/nim/alphafold2/status.json	257	f8125796cbacf90d5bbc1e1ba8ebb2ff73dbdcdddf76a3b0fe24265af0e03907
results/structure_campaign/cross_model_gsdmd/nim/discovery.json	975	e66d55a0420a2217100798f39b79fcb87096bf211aeaaee3d413f5de8d2f08e8
results/structure_campaign/cross_model_gsdmd/nim/openfold2/request.json	175384	7865092b381868cf8ffaa59f38013c16396aedf8eacf34e32ecf6f724d96f7a0
results/structure_campaign/cross_model_gsdmd/nim/openfold2/status.json	256	75f21b914731b77b8846c7104495ccc232a581faecdf6ebb4c7650339924e0ec
results/structure_campaign/cross_model_gsdmd/nim/openfold3/request.json	175529	41ce21b348248a097603e8e71453e4f9cc8a742ccbfa68812f2cff1f33e4fcfc
results/structure_campaign/cross_model_gsdmd/nim/openfold3/status.json	256	ce1e13d53f311e0642a2565dc989047a2a834306f09497c6770742590b684035
results/structure_campaign/cross_model_gsdmd/nim/preflight.json	831	ce7b3e0f29985db0e6c6fb85199998cf3230dfdfad89460661fe70594564d3f8
results/structure_campaign/cross_model_gsdmd/report/10_cross_model_gsdmd.pdf	454680	6f2e692a9d85a335ba5ec02f5e378b57f8b67305d5524046b043933d9c634f5c
results/structure_campaign/cross_model_gsdmd/report/10_cross_model_gsdmd.png	585449	edefac7ab7f76128240c0b28a0969edc992ffbec2e152346bb053b3ac4667221
results/structure_campaign/cross_model_gsdmd/report/10_cross_model_gsdmd.slide.png	605808	c4aef8361a2800e396fe4ea5ed1164f108fef8b2b87dd8840df97ebff56743a2
results/structure_campaign/cross_model_gsdmd/report/10_cross_model_gsdmd.svg	565872	b622e32b9c2cbc8c2d686e716173ad84210af71b2ba6bd7d921c4f8db792d865
results/structure_campaign/cross_model_gsdmd/report/BUILD.md	3177	730cc87afce39a89c02d14b95286f53a4566ca5f758439342fb7c57a0cfc5141
results/structure_campaign/cross_model_gsdmd/report/DESIGN.md	2314	a73a04bf1dfc56c8b85b6e3aa7117dfe4e642666fb12b37372012f34cdbedc54
results/structure_campaign/cross_model_gsdmd/report/DRAFT_comparison_snapshot.json	6585	7b0de733d0b3c559ebf767906d0c6f49d72f10909b94137d850d62bf18326d2f
results/structure_campaign/cross_model_gsdmd/report/DRAFT_cross_model_layout.pdf	165457	3e5132aa718e040f927e4950a24e0a0c36813015c1550d2e2e004ea25dc86db8
results/structure_campaign/cross_model_gsdmd/report/DRAFT_cross_model_layout.png	315901	6f7d2ca32774a2957649a0c3d4aca74270a546ce9d4099ad6a8bbafe933db02c
results/structure_campaign/cross_model_gsdmd/report/DRAFT_cross_model_layout.slide.png	310799	c20f00002aa0cb40be86e59b0a7fa6279fe22c1aa7eff7daf175338207a49702
results/structure_campaign/cross_model_gsdmd/report/DRAFT_cross_model_layout.svg	201183	897b6036564ac2e7a647206895cbaf7ab726126afd4e302d0a2e67daae5c6df7
results/structure_campaign/cross_model_gsdmd/report/DRAFT_figure_record.json	1183	000eb763047802fb25f44f21cefab58b0ffda4f9d12069d61e2049b47af77ce5
results/structure_campaign/cross_model_gsdmd/report/STATUS.md	1846	d07e072dce2620ae329819c4601f7cd9caf85616cd87b75047e1eee935cbb968
results/structure_campaign/cross_model_gsdmd/report/browser_validation.json	283	b0723566056f602847770c0a5a7e83ff1ee140f6c796e0a49ce83849e804ff73
results/structure_campaign/cross_model_gsdmd/report/comparison_desktop.png	465621	fe879022818ea32b0bab2bf5cddce9340f4b425211a5472abbbbcc6a1a2d9f43
results/structure_campaign/cross_model_gsdmd/report/comparison_mobile.png	266024	b6f0c2dfba39616a50b7b169a24b86972ce62ee89a3fa1a701757856191d1fe8
results/structure_campaign/cross_model_gsdmd/report/comparison_snapshot.json	23615	3c47340ee5afc3a096c471da482c1c48a5c0d55dce6e613a3113722a59d53c2b
results/structure_campaign/cross_model_gsdmd/report/figure_record.json	1664	184f3b8d32dbeda3f652129669c99f0979cd3891c79a956e330081e35bdf5de9
results/structure_campaign/cross_model_gsdmd/report/final_validation.json	570	38c94362af38d5b2753503eee26b5f360f81c0d667dc807145799fd3f981dfda
results/structure_campaign/cross_model_gsdmd/report/index.html	4460	f8f8a2b9d61cd9770e61d477112a9260154cc678b2b8156ecde126c573dc107a
results/structure_campaign/cross_model_gsdmd/report/render_manifest.json	15955	807a510cec52658e7f4a6530c7272d7a02bcc203659c6149e12f44be58eebdbb
results/structure_campaign/cross_model_gsdmd/report/structures/af2_model1_ptm_seed20260919.json	2169	47344a3b01448adc8f27ccc31684defd3e9fa7a11a4c298fc7eeb81c4f383630
results/structure_campaign/cross_model_gsdmd/report/structures/af2_model1_ptm_seed20260919.png	124420	3f2ab701e72ea0ace27ddcab2cbbc7d00cf037df1439d51c3a9da02492445584
results/structure_campaign/cross_model_gsdmd/report/structures/esmfold_v1_seed20260919.json	2178	9613d2fc937c735f2208d2279a874e802ec3ff00e149c904328e0104429cc7d6
results/structure_campaign/cross_model_gsdmd/report/structures/esmfold_v1_seed20260919.png	240602	31f4995b66910493252c835dd59fc705267916b7c8937d2609581394ff3f4906
results/structure_campaign/cross_model_gsdmd/report/structures/manifest.json	17632	f7852b4a4ee256c627778bbf0f97df3833a323f6b2a09b8430b27de1e2391530
results/structure_campaign/cross_model_gsdmd/report/structures/protein_f0766d124b52f0061597ce4e822e9275a04152df574f9a512631a0fa6ed8a2fa_precomputed_seed20260919.json	2319	ff1d17b2e6695af331fa403f6b2253cfc6852f46764fa26682226494a51e4499
results/structure_campaign/cross_model_gsdmd/report/structures/protein_f0766d124b52f0061597ce4e822e9275a04152df574f9a512631a0fa6ed8a2fa_precomputed_seed20260919.png	308948	c9b20037d7aadcda0cde822553ee2536eb6f4151aae4f114f9fe4dd180739724
results/structure_campaign/cross_model_gsdmd/report/structures/protein_f0766d124b52f0061597ce4e822e9275a04152df574f9a512631a0fa6ed8a2fa_single_sequence_seed20260919.json	2354	6e664df429a3ba9761694765273527cc1fe4fc20185e84c16ec1da7bcca91f97
results/structure_campaign/cross_model_gsdmd/report/structures/protein_f0766d124b52f0061597ce4e822e9275a04152df574f9a512631a0fa6ed8a2fa_single_sequence_seed20260919.png	295768	6d11a6ece44d5d46d9739ded0daf0db9e59fa25da05fbf6add99a6e6523c8426
results/structure_campaign/cross_model_gsdmd/report/structures/protein_f0766d124b52f0061597ce4e822e9275a04152df574f9a512631a0fa6ed8a2fa_single_sequence_seed20260920.json	2351	498786517f3f8d2fd2d46e96a624240c6edf742e8bd7ccabec538c574c60c3e5
results/structure_campaign/cross_model_gsdmd/report/structures/protein_f0766d124b52f0061597ce4e822e9275a04152df574f9a512631a0fa6ed8a2fa_single_sequence_seed20260920.png	350356	066942ed76c6c2a3adae8bc74fe9b7f9f09f02f186daf95e51fee2342eb7553d
results/structure_campaign/cross_model_gsdmd/report/structures/protein_f0766d124b52f0061597ce4e822e9275a04152df574f9a512631a0fa6ed8a2fa_single_sequence_seed20260921.json	2348	e344718cc462431ba9728d95d0d0952dec9c1d2156774638ed9e1b312b55f118
results/structure_campaign/cross_model_gsdmd/report/structures/protein_f0766d124b52f0061597ce4e822e9275a04152df574f9a512631a0fa6ed8a2fa_single_sequence_seed20260921.png	255081	967c14577f1608e15b973d337da497a343ee4ae2c5660446afcd1200f1a208f7
results/structure_campaign/cross_model_gsdmd/validation.json	772	27bbe561fe7abd17d5a24616182034384702de55f1bfda28d0801167abfafc06
results/structure_campaign/diversity/foldseek_easy_search_help.txt	14704	e3d86da0ec201d2bd34523ee81c7b4debb2cc5936b55b4f796b6986c062fe00f
results/structure_campaign/diversity/snapshots/007cc9f94b7134f0/jobs.json	168639	eadf82483cd1da262ad26b52918074faade77700554bf6c1ab8ade0293564f09
results/structure_campaign/diversity/snapshots/33797876a56ac902/jobs.json	149476	7cc2ecd40423b43cb0fdffe3bbc92a19a8229283f72753df5ca78089e8b51f61
results/structure_campaign/diversity/snapshots/5debfbb4bfb52b21/72950160dea7/domains/domain_1a42dd46f636ed90ba8e4bc2.pdb	80271	e0e26020c82014055d0eec9086dc5bd7e066b888c2e94d5f5232b5c5b9674ea2
results/structure_campaign/diversity/snapshots/5debfbb4bfb52b21/72950160dea7/domains/domain_50432456cbfbc364d5ce67e0.pdb	97767	94e8808006690e690af6a13073bd4cb498d9da66ccfcd67503bb90697f15170b
results/structure_campaign/diversity/snapshots/5debfbb4bfb52b21/72950160dea7/foldseek/alignments.tsv	1470	95a34e163fe659dfb55bd96f47a8be7211d7e60d4f6d72a124c0c54a2bb14748
results/structure_campaign/diversity/snapshots/5debfbb4bfb52b21/72950160dea7/foldseek/command.json	1072	6c928efab29c07e665386369735221761e4b6be9dd423e6be2722324aa0ca48c
results/structure_campaign/diversity/snapshots/5debfbb4bfb52b21/72950160dea7/foldseek/foldseek.log	15260	508572a60de0520a8f6a75c309b7acc3be0968ad046dfa346184fb17ae08300e
results/structure_campaign/diversity/snapshots/5debfbb4bfb52b21/jobs.json	200643	d81c20437d562e354267b6511e856a17293c8bc2e46ee78fa7f840dd4da0e767
results/structure_campaign/diversity/snapshots/81560e6031e91058/72950160dea7/domains/domain_012aae784d9c2f9afa567302.pdb	61155	f573c07857b04f991dc4147d5066f1dece4c24dd09db0306ef258c81028d82d9
results/structure_campaign/diversity/snapshots/81560e6031e91058/72950160dea7/domains/domain_5697e02af99c262488197d03.pdb	65367	cb164399e77a05aaf135cd9a124f60e154a355570141a430540611585ccf64b7
results/structure_campaign/diversity/snapshots/81560e6031e91058/72950160dea7/domains/domain_99e642c07a95d216ea3f5faa.pdb	70470	72bb37435cbc7f6d99d9f965b3c9fdf800c0851d0af1546be5fe6e6aa9703025
results/structure_campaign/diversity/snapshots/81560e6031e91058/72950160dea7/foldseek/alignments.tsv	4210	d1e74e0d7bc2f59840963ccf59c1e285c71eedcdc26dc043d0b636c33f670dce
results/structure_campaign/diversity/snapshots/81560e6031e91058/72950160dea7/foldseek/command.json	1072	a77259980be5c4315ca562f826728766e077777937aeca1e3ab02d2aa8a8abcd
results/structure_campaign/diversity/snapshots/81560e6031e91058/72950160dea7/foldseek/foldseek.log	15289	764711d08e6d2019ac93b0af170bff698e208487ffddabc37e683907d16849f7
results/structure_campaign/diversity/snapshots/81560e6031e91058/jobs.json	202686	786be49fef0af37fa527f7176a3a8911840c7911a70652394759ba9b4b5ceafd
results/structure_campaign/diversity/snapshots/8a5ae8c8c9cbc370/72950160dea7/domains/domain_43775318fbb82962611b9708.pdb	167508	6b74faf5f3b74383296599bee7cee7cd7dc69542120544f8c7d1ea86d33b34ee
results/structure_campaign/diversity/snapshots/8a5ae8c8c9cbc370/72950160dea7/domains/domain_521f9dd61764eae434b7c54a.pdb	180711	0a8ef19a975c00732f3845b520da796f176689d26b86cf4d0bf1518386093de9
results/structure_campaign/diversity/snapshots/8a5ae8c8c9cbc370/72950160dea7/domains/domain_c52505ed6597f48577200e77.pdb	184923	0137cf0f097e2e869c21af3ca1be45c01d0b075ee5a775102e43b8645874f438
results/structure_campaign/diversity/snapshots/8a5ae8c8c9cbc370/72950160dea7/domains/domain_f4ba46069a4655e235980e23.pdb	152523	383fe3ae62aafa9f76f0dc346ca7c884e7ba0be695a5465061ea0f5323afec74
results/structure_campaign/diversity/snapshots/8a5ae8c8c9cbc370/72950160dea7/foldseek/alignments.tsv	15046	a1e6f8eb60083fb8cfd2e2764113c504834c99f71d1cd87da47f5df22b2072bf
results/structure_campaign/diversity/snapshots/8a5ae8c8c9cbc370/72950160dea7/foldseek/command.json	1072	52001fb3cbb3a21270bfb1d9147173c489fa89eee7694bef66dc6f485129744b
results/structure_campaign/diversity/snapshots/8a5ae8c8c9cbc370/72950160dea7/foldseek/foldseek.log	15304	e5b8afaa267740ee93c9e4cf7c776458bf0cc4d7fe83764840e049edf0011adc
results/structure_campaign/diversity/snapshots/943ecc283a80a128/72950160dea7/foldseek/alignments.tsv	15046	147f2be6e56875f42292d167d4f39f1e9091d959374e65d660a3ef1f3c9ca5c3
results/structure_campaign/diversity/snapshots/943ecc283a80a128/72950160dea7/foldseek/command.json	1072	e7d4f354801ea991ef6e222cf3f1cc29d33c68408ede2ff2e7f9a9a6521838e9
results/structure_campaign/diversity/snapshots/943ecc283a80a128/72950160dea7/foldseek/foldseek.log	15261	2a0b1acf83232f7b7a0a7b41f574cd1c078205d18f1d5ce5cdd663430bdf900a
results/structure_campaign/diversity/snapshots/943ecc283a80a128/jobs.json	358604	873fa7dac7672a9556e6f7804e8ddf875e5b58b5a067099ba8c64d875b14a75b
results/structure_campaign/diversity/snapshots/e1b062d946f1a04a/72950160dea7/foldseek/command.json	1072	6a44d75aec0c72f9de256811ebe93b187dfd1480e1897720d7d960ab38145c54
results/structure_campaign/diversity/snapshots/e1b062d946f1a04a/72950160dea7/foldseek/foldseek.log	15258	4a79be0b3265e3f16b1855d79ee33f0e7b95854bc1f6748b1ca83438e543e16c
results/structure_campaign/diversity/snapshots/e1b062d946f1a04a/jobs.json	396150	0739a9b575de87ddf3102b437e88aa534715c23aebf08c78cc4015f7ec01d10c
results/structure_campaign/domains/alignments.jsonl	825708	076e632bfa15297cadd6902a5a4cca24536d71c3566d46ee99c4ac8207300b1c
results/structure_campaign/figures/01_eligibility_funnel.pdf	29622	8b1687f935a53d860c9d1283b16b1f8efe5577e609dce69df3248a0a05b192e6
results/structure_campaign/figures/01_eligibility_funnel.png	136928	74587ce8268ec3de203b938fd29bebcec7996fa1b7208aaa7568725f9eef3a0a
results/structure_campaign/figures/01_eligibility_funnel.slide.png	125079	647cae47dd5d7790b016322d73913be2fe136960aa22da92f0ef847d9022eaef
results/structure_campaign/figures/01_eligibility_funnel.svg	12488	16a387f938534b273cce699453cf378844fbc538240fadb0a067b8795544f162
results/structure_campaign/figures/02_disorder_census.pdf	41314	2b8e7a1bbcec839a83fa399d2119719da31cd83222aaf2a9e469af8f4401132f
results/structure_campaign/figures/02_disorder_census.png	223191	b190ddc8ac12e7456470837034346c925366bedcc83b69015ca7fd4c89a30ce8
results/structure_campaign/figures/02_disorder_census.slide.png	213594	45b15f8bdc21edadb77c9ba863d991573dd6c76d4bac61585e7132f9d10ec570
results/structure_campaign/figures/02_disorder_census.svg	66275	193b1d47713c1f620a66b7324a78d450fc2a8697542fd794257295cf14ac9cc5
results/structure_campaign/figures/03_disorder_confidence.pdf	39602	a76f0f57e4f2c0d5ca51ecac28864968522e51cceef27d895b13ecf9ea0f8e65
results/structure_campaign/figures/03_disorder_confidence.png	220123	23fbc1fc2bc4150bd51a5fd6210352604c54bec00d029bedf170b4f341195ffe
results/structure_campaign/figures/03_disorder_confidence.slide.png	208298	b2882b02cfef2d6e82467b7940a641b631553494a076eaf74d150baf41b3cded
results/structure_campaign/figures/03_disorder_confidence.svg	27875	3f62f9ce34018ffd7d42ac96d7bd1c1205a981df253d0bd2b44799a38873f40b
results/structure_campaign/figures/04_junction_profiles.pdf	160328	76d0e0d7e1bc358e6a7ba653a89e2094e66cba3af2bc1bbfedc55f0ef1849670
results/structure_campaign/figures/04_junction_profiles.png	305022	c702dd87c39725c41cc8d2f2e005633b5ff41f2b01c945a45b231a22f6e9c358
results/structure_campaign/figures/04_junction_profiles.slide.png	297643	25fd9911730af34c17f6dcc23d8d51c5342d0665359ac7a7c903eb711fdc863d
results/structure_campaign/figures/04_junction_profiles.svg	207689	b0f7751e1f3a97e3dc698921fd3910c29855dc1e488647ae09c4ba3893c27b1b
results/structure_campaign/figures/05_diversity_coverage.pdf	35610	f5186be69e8bd5f8aca19e1a8cd533942c4fe92ae8ae436059764cd07d305c5a
results/structure_campaign/figures/05_diversity_coverage.png	154278	2717f455356debf6d55c298cce01d68e25504d1a2246456167ca2101b6eb5384
results/structure_campaign/figures/05_diversity_coverage.slide.png	140722	d93700431fa00440ddc1b3cc3f04fc6cc2fb3e76895b6c59dfb1593acb2f90f8
results/structure_campaign/figures/05_diversity_coverage.svg	24249	c2268b6ed32f5d8d13303dc42d47230c823f79706a5ab2d1083a5b47f03c7769
results/structure_campaign/figures/06_region_context_appendix.pdf	40956	ee49834fe63c5e4bf374e8d48db131354372446145bedb9495680f0e17475ea2
results/structure_campaign/figures/06_region_context_appendix.png	258265	4643fc067a223006a81ef6354ae59e3e998aa724f68a739ebf3e169c873fcdf7
results/structure_campaign/figures/06_region_context_appendix.slide.png	249141	7671ad3cd3c1ba0b67dfcbfe83e7f51077fa23648e40c5648f7a31e95941151e
results/structure_campaign/figures/06_region_context_appendix.svg	129072	d147a9241485adc5a8270e80957e194498f9a4a301f29b4f69bab038934bae66
results/structure_campaign/figures/07_experimental_parent_context.pdf	306410	db9a8a254a9740e5ff488c0f29660470c284785030e22007fcfe0fb57b57705f
results/structure_campaign/figures/07_experimental_parent_context.png	341584	9739930792ffee065419bbe0972c96e481762f166b051aa44ef8f434284feba1
results/structure_campaign/figures/07_experimental_parent_context.slide.png	329323	08831de77f8ad9d3695544076329bcd9dc048294fa7ef83f080be417934f3d0f
results/structure_campaign/figures/07_experimental_parent_context.svg	365504	1bd91d9b14df51c899d1798ef4d80281125cf893d3afc8815349584eec75ea71
results/structure_campaign/figures/08_single_sequence_structure_gallery.pdf	438243	b9dfd50a328a06014263d4dd6bfbdc71134b974797d45b4081a2ae433c56658a
results/structure_campaign/figures/08_single_sequence_structure_gallery.png	500835	b82887fcf2b0a26c2544995993181a5a0e8837ccdfdfe3d9ff493d5967f25379
results/structure_campaign/figures/08_single_sequence_structure_gallery.slide.png	526839	d8f594ccfc78b772b2cbcfd16277adbfcd37fedb8aa23c4afd68914ac985ada5
results/structure_campaign/figures/08_single_sequence_structure_gallery.svg	631012	95fa47afc9f3fece6856801e2a3546957ced3ae1e12fb3448831fbb9340e651c
results/structure_campaign/figures/09_single_sequence_structure_gallery.pdf	503729	b9574a48806c3acae61e76f2cec35749356c288c4d98ab297709ca9ed71d295e
results/structure_campaign/figures/09_single_sequence_structure_gallery.png	575595	c620d48c6f860915eaebcfcb3895bae0c5d7a6762ea93d4339dae230484c749b
results/structure_campaign/figures/09_single_sequence_structure_gallery.slide.png	610042	18c41f3c42415f45d7b58c9e2d2bee9cd60a43d38004f1f7305360409fd3b4c0
results/structure_campaign/figures/09_single_sequence_structure_gallery.svg	730210	e282b3e74f4292be230ed5a0e0c8868703b5e942be43ba3f58b189e00d3b7ef0
results/structure_campaign/reference/pfam/relnotes.txt	25592	f84c96d00633adaae19227bd15625cfad87929b1b6c18fcc981050896c6b7d34
results/structure_campaign/report/BUILD.md	3177	bd43b731dada5b0e424bc897841d94c15052687d2b04725efbe5fc9dd118cbef
results/structure_campaign/report/FIGURE_GUIDE.md	7377	c97b309b7b62e9a1dc8e2786f6d44615cff90f2819b3e2167ce8219117320e6b
results/structure_campaign/report/PRESENTATION_NOTES.md	4444	969503d7fdd5def8b227941229093e03036c6597d3a6bb8dd8e4144d3b3bd978
results/structure_campaign/report/STATUS.md	1774	c0469b085112c046817555a6b3ce59d2ea66847bd3b25239cedc3451e42a15ff
results/structure_campaign/report/assets/gsdmd_rna_example.json	19994	40e6055cd602a20daf30e8610624b782ccbac1bbd9176deef3d101d560c696a7
results/structure_campaign/report/atlas_desktop.png	3084265	accd80d4a36393e4734b3d14af38f8ca31f7a020a0f8a67992f2b4c5c8562b7b
results/structure_campaign/report/atlas_mobile.png	1871084	fd0469b4592f9410d8ec818dac7e2a8f8180e1f38a7c6d32279474d2848d6954
results/structure_campaign/report/browser_validation.json	541	dd65e36997e1e74a33aaf19d0bbfe7b7e79d2dd389ab51d21efe34c655a00a8b
results/structure_campaign/report/gallery_contact_sheet.png	587448	ff0bed55e4f337300ca026b7d5ad68db662b135c499d275c743cddce9bab1938
results/structure_campaign/report/index.html	118135	199e60e6358dc2094400d79f6832873ea9ab05e5ce234ad359318d26ad0874b5
results/structure_campaign/report/input_snapshot.json	485052	1d267327e4d4169695a9de828bb9e55a9945609dd3771fd913d346e47883aa17
results/structure_campaign/report/manifest.json	26075	d81020f54d8ea47fc8466eed01bd58b034303d6b842a08764702681d75caf3e8
results/structure_campaign/report/model_ledger.json	159760	bbbff442f2d808d842ec6685ec2c3f43edd3578266e4cf816c235132872ad2c3
results/structure_campaign/report/peptide_atlas.json	62241	b22bf238049730dcd553254e357f67c76caf413ba8fcee77b599c04046feb7d2
results/structure_campaign/report/pptx_render/slide-01.png	118433	26023ed9c40b09e1610a01efe9c72246de96730dea6658cdf0a19949b8aca94a
results/structure_campaign/report/pptx_render/slide-02.png	101406	fd49d7a4f8c4fa1a474a01571de83ca87350a424ae67ea2c6744bd2d108286c3
results/structure_campaign/report/pptx_render/slide-03.png	265344	67fa86742d979aca2d4adce7242d65e9b08ceb2ffcf8baa3f8173a4fe357303f
results/structure_campaign/report/pptx_render/slide-04.png	277674	a9115390f9e84beb5a29e9d6bb3636de1ae0b222b4e40353f4121a00793c878f
results/structure_campaign/report/pptx_render/slide-05.png	271759	31050d6914f24b366dfb0c2992272f1efa7a1084fdb16fccb9b4fcb188134301
results/structure_campaign/report/pptx_render/slide-06.png	184780	dc78d0200643320aac07f5db1df1cd6a8fbb9c96830e85aed2f3ca1d63d82a61
results/structure_campaign/report/pptx_render/slide-07.png	294216	c34af35d4add54b82f6337195dd9c4c24d3d27b4dd68bb6b212f7428c147fad7
results/structure_campaign/report/pptx_render/slide-08.png	262719	e8c12a6bc0fe0b9be294a850c4b5f25df4d09955e1f49219110f9731fbfe7631
results/structure_campaign/report/pptx_render/slide-09.png	334614	70c7db6ad5aaa246833dee700188ff6f2ad14e2b44de22a44df43d0aedd9e26d
results/structure_campaign/report/pptx_render/slide-10.png	381012	34e769f53e0fe011175f6908d42d98febd413e172090d0f8218fd2b84e66916d
results/structure_campaign/report/pptx_render/slide-11.png	458112	846afbe997e47caf48f1c3d518afad6b992a883ff1b5fd5fadf47676dcb93b5c
results/structure_campaign/report/quantitative_summary.json	329	adca3ae69f927ed0cc97da2531fc4e71016f07fb0e47cd5b74a658d250d5ab21
results/structure_campaign/report/render_validation.json	304	11eecb311013d77ecb81a0618dbc520ae337c03136b87d6f81089868e7f9646e
results/structure_campaign/report/structure_campaign_gallery.pdf	1940069	ea9e90c46a8c8b5b8ae39735474b546bccbc6aa01eb2d78cc7adb89da173bda4
results/structure_campaign/report/structure_campaign_gallery.pptx	3186894	07c9efc416c6dc10de775d943bf88899364af028d4be7bd5f4cfa5b2d6bc99cf
results/structure_campaign/selection/control_links.tsv	8883	4d43c870913373d103bc946d58883334d27bd71a4b0484c85f278628f9ac7616
results/structure_campaign/selection/seed_repeats/source_snapshot/model_metrics.tsv	42436	e9f75b6f162411d85941c7fbb0a7f60d13e4ee765a0d62fa567c293921f8599c
results/structure_campaign/selection/source_snapshot/control_links.tsv	1403107	06ddc7905532743a9f2d52b91fbbb6e8c2bd6d442450bf6efea503b2615bd113
workflows/mouse-pilot/runs/k562-pilot/20260919-overnight/source.sha256	1735	80bc194b33e8b393cd9d694d668da250cd8779a9c3cb6af1d08691be8a614ad6
workflows/mouse-pilot/data/references/gencode_M28/GRCm39.primary_assembly.genome.fa.gz.lock	0	e3b0c44298fc1c149afbf4c8996fb92427ae41e4649b934ca495991b7852b855
workflows/mouse-pilot/data/references/gencode_M28/gencode.vM28.annotation.gtf.gz.lock	0	e3b0c44298fc1c149afbf4c8996fb92427ae41e4649b934ca495991b7852b855
workflows/mouse-pilot/data/references/gencode_M28/gencode.vM28.transcripts.fa.gz.lock	0	e3b0c44298fc1c149afbf4c8996fb92427ae41e4649b934ca495991b7852b855
workflows/mouse-pilot/reports/exon_annotations_20260920.json	635948	e068eeea842be76677634da45930f731e3b60b6f14eb03cce358cc426e237abf
workflows/mouse-pilot/runs/anonymous-rna-test-20260920/assessment/unresolved_longgf_proposals.json	3	37517e5f3dc66819f61f5a7bb8ace1921282415f10551d2defa5c3eb0985b570
workflows/mouse-pilot/runs/anonymous-rna-test-20260920/audit_bam.stderr.log	0	e3b0c44298fc1c149afbf4c8996fb92427ae41e4649b934ca495991b7852b855
workflows/mouse-pilot/runs/anonymous-rna-test-20260920/audit_bam.stdout.log	0	e3b0c44298fc1c149afbf4c8996fb92427ae41e4649b934ca495991b7852b855
workflows/mouse-pilot/runs/anonymous-rna-test-20260920/audit_md.stderr.log	0	e3b0c44298fc1c149afbf4c8996fb92427ae41e4649b934ca495991b7852b855
workflows/mouse-pilot/runs/anonymous-rna-test-20260920/data-build.log	1788	75452403cb86b4418b9a0045de2ff635a9ba1416af452b7f806b76a77dbb43ac
workflows/mouse-pilot/runs/anonymous-rna-test-20260920/development-benchmark.log	902	3e23c563c2124e028fc4f52f0e0455292e42091b76a016bb93df924723589b98
workflows/mouse-pilot/runs/anonymous-rna-test-20260920/discovery.stdout.log	0	e3b0c44298fc1c149afbf4c8996fb92427ae41e4649b934ca495991b7852b855
workflows/mouse-pilot/runs/anonymous-rna-test-20260920/genome_audit.stdout.log	0	e3b0c44298fc1c149afbf4c8996fb92427ae41e4649b934ca495991b7852b855
workflows/mouse-pilot/runs/anonymous-rna-test-20260920/index.stdout.log	0	e3b0c44298fc1c149afbf4c8996fb92427ae41e4649b934ca495991b7852b855
workflows/mouse-pilot/runs/anonymous-rna-test-20260920/longgf.stderr.log	0	e3b0c44298fc1c149afbf4c8996fb92427ae41e4649b934ca495991b7852b855
workflows/mouse-pilot/runs/anonymous-rna-test-20260920/sort.stderr.log	0	e3b0c44298fc1c149afbf4c8996fb92427ae41e4649b934ca495991b7852b855
workflows/mouse-pilot/runs/anonymous-rna-test-20260920/sort.stdout.log	0	e3b0c44298fc1c149afbf4c8996fb92427ae41e4649b934ca495991b7852b855
workflows/mouse-pilot/runs/anonymous-rna-test-20260920/transcript_audit.stdout.log	0	e3b0c44298fc1c149afbf4c8996fb92427ae41e4649b934ca495991b7852b855
workflows/mouse-pilot/runs/focused-pilot-20260919/connectivity-debug/watchdog.log	0	e3b0c44298fc1c149afbf4c8996fb92427ae41e4649b934ca495991b7852b855
workflows/mouse-pilot/runs/focused-pilot-20260919/fold-inputs/msas/protein_f0766d124b52f0061597ce4e822e9275a04152df574f9a512631a0fa6ed8a2fa.a3m	164944	aadfebaead3d1d41de13f19d09e1f942ee099ede4c34f015e356cfa715250fbb
workflows/mouse-pilot/runs/focused-pilot-20260919/fold-inputs/msas/protein_f0766d124b52f0061597ce4e822e9275a04152df574f9a512631a0fa6ed8a2fa.json	1729	5da8933fa1f6bd71125b87e3a3684e7a142d7860f1b8b57211fda897bde72298
workflows/mouse-pilot/runs/focused-pilot-20260919/fold-inputs/protein_f0766d124b52f0061597ce4e822e9275a04152df574f9a512631a0fa6ed8a2fa.fasta	193	56f5da707fd28dcc342bbc318924ef3a47bdef4f566fd4f5c154db588dd636fd
workflows/mouse-pilot/runs/focused-pilot-20260919/fold-inputs/protein_f0766d124b52f0061597ce4e822e9275a04152df574f9a512631a0fa6ed8a2fa.yaml	340	18e8be24263b4e0a29f9e972204d82571c89e4f5d212aaaa8355c93c24aa7d29
workflows/mouse-pilot/runs/focused-pilot-20260919/folding-worker-retry-1/watchdog.log	0	e3b0c44298fc1c149afbf4c8996fb92427ae41e4649b934ca495991b7852b855
workflows/mouse-pilot/runs/focused-pilot-20260919/folding-worker-retry-1/worker-outputs/predictions/protein_ab0acc0f95e51a7894c0c41ef7081728b8aa1ad064443d42f81776ea20c77194/boltz_results_protein_ab0acc0f95e51a7894c0c41ef7081728b8aa1ad064443d42f81776ea20c77194/lightning_logs/version_0/hparams.yaml	4147	9531cffbf7c410cbabe15d351a985176e5de923a6e31fffb0bb90cdd49bd5643
workflows/mouse-pilot/runs/focused-pilot-20260919/folding-worker-retry-1/worker-outputs/predictions/protein_ab0acc0f95e51a7894c0c41ef7081728b8aa1ad064443d42f81776ea20c77194/boltz_results_protein_ab0acc0f95e51a7894c0c41ef7081728b8aa1ad064443d42f81776ea20c77194/processed/constraints/protein_ab0acc0f95e51a7894c0c41ef7081728b8aa1ad064443d42f81776ea20c77194.npz	1555	16c178184ffab4a9c488e0e8a5bd6157216ad19beab0184ec75a19087d549df9
workflows/mouse-pilot/runs/focused-pilot-20260919/folding-worker-retry-1/worker-outputs/predictions/protein_ab0acc0f95e51a7894c0c41ef7081728b8aa1ad064443d42f81776ea20c77194/boltz_results_protein_ab0acc0f95e51a7894c0c41ef7081728b8aa1ad064443d42f81776ea20c77194/processed/mols/protein_ab0acc0f95e51a7894c0c41ef7081728b8aa1ad064443d42f81776ea20c77194.pkl	5	926248e52d1fa532c317e37da24ed652ae64110f8219cb5e061668bd3091f048
workflows/mouse-pilot/runs/focused-pilot-20260919/folding-worker-retry-1/worker-outputs/predictions/protein_f0766d124b52f0061597ce4e822e9275a04152df574f9a512631a0fa6ed8a2fa/boltz_results_protein_f0766d124b52f0061597ce4e822e9275a04152df574f9a512631a0fa6ed8a2fa/lightning_logs/version_0/hparams.yaml	4147	9531cffbf7c410cbabe15d351a985176e5de923a6e31fffb0bb90cdd49bd5643
workflows/mouse-pilot/runs/focused-pilot-20260919/folding-worker-retry-1/worker-outputs/predictions/protein_f0766d124b52f0061597ce4e822e9275a04152df574f9a512631a0fa6ed8a2fa/boltz_results_protein_f0766d124b52f0061597ce4e822e9275a04152df574f9a512631a0fa6ed8a2fa/processed/constraints/protein_f0766d124b52f0061597ce4e822e9275a04152df574f9a512631a0fa6ed8a2fa.npz	1555	16c178184ffab4a9c488e0e8a5bd6157216ad19beab0184ec75a19087d549df9
workflows/mouse-pilot/runs/focused-pilot-20260919/folding-worker-retry-1/worker-outputs/predictions/protein_f0766d124b52f0061597ce4e822e9275a04152df574f9a512631a0fa6ed8a2fa/boltz_results_protein_f0766d124b52f0061597ce4e822e9275a04152df574f9a512631a0fa6ed8a2fa/processed/mols/protein_f0766d124b52f0061597ce4e822e9275a04152df574f9a512631a0fa6ed8a2fa.pkl	5	926248e52d1fa532c317e37da24ed652ae64110f8219cb5e061668bd3091f048
workflows/mouse-pilot/runs/focused-pilot-20260919/folding-worker-retry-2/watchdog.log	0	e3b0c44298fc1c149afbf4c8996fb92427ae41e4649b934ca495991b7852b855
workflows/mouse-pilot/runs/focused-pilot-20260919/folding-worker-retry-2/worker-outputs/boltz-predict-help.txt	5735	8383550a8dfceb7cb96045a29a5cf069f8ecc85da992444b80f89fe9398a5354
workflows/mouse-pilot/runs/focused-pilot-20260919/folding-worker-retry-2/worker-outputs/predictions/protein_8b7defedc00075b2ff44d12850e30a2ba564a5a4d5b67b01aa17dbdc2b39a03b/boltz_results_protein_8b7defedc00075b2ff44d12850e30a2ba564a5a4d5b67b01aa17dbdc2b39a03b/lightning_logs/version_0/hparams.yaml	4147	9531cffbf7c410cbabe15d351a985176e5de923a6e31fffb0bb90cdd49bd5643
workflows/mouse-pilot/runs/focused-pilot-20260919/folding-worker-retry-2/worker-outputs/predictions/protein_8b7defedc00075b2ff44d12850e30a2ba564a5a4d5b67b01aa17dbdc2b39a03b/boltz_results_protein_8b7defedc00075b2ff44d12850e30a2ba564a5a4d5b67b01aa17dbdc2b39a03b/lightning_logs/version_1/hparams.yaml	4147	9531cffbf7c410cbabe15d351a985176e5de923a6e31fffb0bb90cdd49bd5643
workflows/mouse-pilot/runs/focused-pilot-20260919/folding-worker-retry-2/worker-outputs/predictions/protein_8b7defedc00075b2ff44d12850e30a2ba564a5a4d5b67b01aa17dbdc2b39a03b/boltz_results_protein_8b7defedc00075b2ff44d12850e30a2ba564a5a4d5b67b01aa17dbdc2b39a03b/processed/constraints/protein_8b7defedc00075b2ff44d12850e30a2ba564a5a4d5b67b01aa17dbdc2b39a03b.npz	1555	16c178184ffab4a9c488e0e8a5bd6157216ad19beab0184ec75a19087d549df9
workflows/mouse-pilot/runs/focused-pilot-20260919/folding-worker-retry-2/worker-outputs/predictions/protein_8b7defedc00075b2ff44d12850e30a2ba564a5a4d5b67b01aa17dbdc2b39a03b/boltz_results_protein_8b7defedc00075b2ff44d12850e30a2ba564a5a4d5b67b01aa17dbdc2b39a03b/processed/manifest.json	638	81fc0f65d90454378ab4b64a938d2ed60b4f927786e202a697c96da0827bc86f
workflows/mouse-pilot/runs/focused-pilot-20260919/folding-worker-retry-2/worker-outputs/predictions/protein_8b7defedc00075b2ff44d12850e30a2ba564a5a4d5b67b01aa17dbdc2b39a03b/boltz_results_protein_8b7defedc00075b2ff44d12850e30a2ba564a5a4d5b67b01aa17dbdc2b39a03b/processed/mols/protein_8b7defedc00075b2ff44d12850e30a2ba564a5a4d5b67b01aa17dbdc2b39a03b.pkl	5	926248e52d1fa532c317e37da24ed652ae64110f8219cb5e061668bd3091f048
workflows/mouse-pilot/runs/focused-pilot-20260919/folding-worker-retry-2/worker-outputs/predictions/protein_8b7defedc00075b2ff44d12850e30a2ba564a5a4d5b67b01aa17dbdc2b39a03b/boltz_results_protein_8b7defedc00075b2ff44d12850e30a2ba564a5a4d5b67b01aa17dbdc2b39a03b/processed/msa/protein_8b7defedc00075b2ff44d12850e30a2ba564a5a4d5b67b01aa17dbdc2b39a03b_0.npz	134060	6ea0996e9c7c9162473b4ab7a65c4852b5e0f4a637c42c5299ed57873d5be571
workflows/mouse-pilot/runs/focused-pilot-20260919/folding-worker-retry-2/worker-outputs/predictions/protein_8b7defedc00075b2ff44d12850e30a2ba564a5a4d5b67b01aa17dbdc2b39a03b/boltz_results_protein_8b7defedc00075b2ff44d12850e30a2ba564a5a4d5b67b01aa17dbdc2b39a03b/processed/records/protein_8b7defedc00075b2ff44d12850e30a2ba564a5a4d5b67b01aa17dbdc2b39a03b.json	623	758733d869a96f130b9d2bd9b02ad2d7d8926440a715590b039522bd73038491
workflows/mouse-pilot/runs/focused-pilot-20260919/folding-worker-retry-2/worker-outputs/predictions/protein_8b7defedc00075b2ff44d12850e30a2ba564a5a4d5b67b01aa17dbdc2b39a03b/boltz_results_protein_8b7defedc00075b2ff44d12850e30a2ba564a5a4d5b67b01aa17dbdc2b39a03b/processed/structures/protein_8b7defedc00075b2ff44d12850e30a2ba564a5a4d5b67b01aa17dbdc2b39a03b.npz	11715	c4d8fa4ee6a7f8640119a0c8880c87f13420552a4a8ed9269eaff23a37f433a8
workflows/mouse-pilot/runs/focused-pilot-20260919/folding-worker-retry-2/worker-outputs/predictions/protein_ab0acc0f95e51a7894c0c41ef7081728b8aa1ad064443d42f81776ea20c77194/boltz_results_protein_ab0acc0f95e51a7894c0c41ef7081728b8aa1ad064443d42f81776ea20c77194/lightning_logs/version_0/hparams.yaml	4147	9531cffbf7c410cbabe15d351a985176e5de923a6e31fffb0bb90cdd49bd5643
workflows/mouse-pilot/runs/focused-pilot-20260919/folding-worker-retry-2/worker-outputs/predictions/protein_ab0acc0f95e51a7894c0c41ef7081728b8aa1ad064443d42f81776ea20c77194/boltz_results_protein_ab0acc0f95e51a7894c0c41ef7081728b8aa1ad064443d42f81776ea20c77194/lightning_logs/version_1/hparams.yaml	4147	9531cffbf7c410cbabe15d351a985176e5de923a6e31fffb0bb90cdd49bd5643
workflows/mouse-pilot/runs/focused-pilot-20260919/folding-worker-retry-2/worker-outputs/predictions/protein_ab0acc0f95e51a7894c0c41ef7081728b8aa1ad064443d42f81776ea20c77194/boltz_results_protein_ab0acc0f95e51a7894c0c41ef7081728b8aa1ad064443d42f81776ea20c77194/processed/constraints/protein_ab0acc0f95e51a7894c0c41ef7081728b8aa1ad064443d42f81776ea20c77194.npz	1555	16c178184ffab4a9c488e0e8a5bd6157216ad19beab0184ec75a19087d549df9
workflows/mouse-pilot/runs/focused-pilot-20260919/folding-worker-retry-2/worker-outputs/predictions/protein_ab0acc0f95e51a7894c0c41ef7081728b8aa1ad064443d42f81776ea20c77194/boltz_results_protein_ab0acc0f95e51a7894c0c41ef7081728b8aa1ad064443d42f81776ea20c77194/processed/manifest.json	638	d7a3d54cdfd98ae4fc20d6a6f7b78565c3644b047787d62c61d2efb6eee68362
workflows/mouse-pilot/runs/focused-pilot-20260919/folding-worker-retry-2/worker-outputs/predictions/protein_ab0acc0f95e51a7894c0c41ef7081728b8aa1ad064443d42f81776ea20c77194/boltz_results_protein_ab0acc0f95e51a7894c0c41ef7081728b8aa1ad064443d42f81776ea20c77194/processed/mols/protein_ab0acc0f95e51a7894c0c41ef7081728b8aa1ad064443d42f81776ea20c77194.pkl	5	926248e52d1fa532c317e37da24ed652ae64110f8219cb5e061668bd3091f048
workflows/mouse-pilot/runs/focused-pilot-20260919/folding-worker-retry-2/worker-outputs/predictions/protein_ab0acc0f95e51a7894c0c41ef7081728b8aa1ad064443d42f81776ea20c77194/boltz_results_protein_ab0acc0f95e51a7894c0c41ef7081728b8aa1ad064443d42f81776ea20c77194/processed/msa/protein_ab0acc0f95e51a7894c0c41ef7081728b8aa1ad064443d42f81776ea20c77194_0.npz	61838	4ec1f8e902a14a68a5a35406cda19025d1dba8ed9c657612407659f034b8a705
workflows/mouse-pilot/runs/focused-pilot-20260919/folding-worker-retry-2/worker-outputs/predictions/protein_ab0acc0f95e51a7894c0c41ef7081728b8aa1ad064443d42f81776ea20c77194/boltz_results_protein_ab0acc0f95e51a7894c0c41ef7081728b8aa1ad064443d42f81776ea20c77194/processed/records/protein_ab0acc0f95e51a7894c0c41ef7081728b8aa1ad064443d42f81776ea20c77194.json	623	9ae99274f38cf643b9abe773ddb4a1268d578fdf7f85860993b6b842a6224685
workflows/mouse-pilot/runs/focused-pilot-20260919/folding-worker-retry-2/worker-outputs/predictions/protein_ab0acc0f95e51a7894c0c41ef7081728b8aa1ad064443d42f81776ea20c77194/boltz_results_protein_ab0acc0f95e51a7894c0c41ef7081728b8aa1ad064443d42f81776ea20c77194/processed/structures/protein_ab0acc0f95e51a7894c0c41ef7081728b8aa1ad064443d42f81776ea20c77194.npz	5502	260ec9d065698e91ffacf8dc27c0246a8b521c7790c1a5aa3d3f09a380444390
workflows/mouse-pilot/runs/focused-pilot-20260919/folding-worker-retry-2/worker-outputs/predictions/protein_f0766d124b52f0061597ce4e822e9275a04152df574f9a512631a0fa6ed8a2fa/boltz_results_protein_f0766d124b52f0061597ce4e822e9275a04152df574f9a512631a0fa6ed8a2fa/lightning_logs/version_0/hparams.yaml	4147	9531cffbf7c410cbabe15d351a985176e5de923a6e31fffb0bb90cdd49bd5643
workflows/mouse-pilot/runs/focused-pilot-20260919/folding-worker-retry-2/worker-outputs/predictions/protein_f0766d124b52f0061597ce4e822e9275a04152df574f9a512631a0fa6ed8a2fa/boltz_results_protein_f0766d124b52f0061597ce4e822e9275a04152df574f9a512631a0fa6ed8a2fa/lightning_logs/version_1/hparams.yaml	4147	9531cffbf7c410cbabe15d351a985176e5de923a6e31fffb0bb90cdd49bd5643
workflows/mouse-pilot/runs/focused-pilot-20260919/folding-worker-retry-2/worker-outputs/predictions/protein_f0766d124b52f0061597ce4e822e9275a04152df574f9a512631a0fa6ed8a2fa/boltz_results_protein_f0766d124b52f0061597ce4e822e9275a04152df574f9a512631a0fa6ed8a2fa/processed/constraints/protein_f0766d124b52f0061597ce4e822e9275a04152df574f9a512631a0fa6ed8a2fa.npz	1555	16c178184ffab4a9c488e0e8a5bd6157216ad19beab0184ec75a19087d549df9
workflows/mouse-pilot/runs/focused-pilot-20260919/folding-worker-retry-2/worker-outputs/predictions/protein_f0766d124b52f0061597ce4e822e9275a04152df574f9a512631a0fa6ed8a2fa/boltz_results_protein_f0766d124b52f0061597ce4e822e9275a04152df574f9a512631a0fa6ed8a2fa/processed/manifest.json	638	50c7513c59a43714d529ee8a33175237a1d9ae326694337116c79f6174ba6982
workflows/mouse-pilot/runs/focused-pilot-20260919/folding-worker-retry-2/worker-outputs/predictions/protein_f0766d124b52f0061597ce4e822e9275a04152df574f9a512631a0fa6ed8a2fa/boltz_results_protein_f0766d124b52f0061597ce4e822e9275a04152df574f9a512631a0fa6ed8a2fa/processed/mols/protein_f0766d124b52f0061597ce4e822e9275a04152df574f9a512631a0fa6ed8a2fa.pkl	5	926248e52d1fa532c317e37da24ed652ae64110f8219cb5e061668bd3091f048
workflows/mouse-pilot/runs/focused-pilot-20260919/folding-worker-retry-2/worker-outputs/predictions/protein_f0766d124b52f0061597ce4e822e9275a04152df574f9a512631a0fa6ed8a2fa/boltz_results_protein_f0766d124b52f0061597ce4e822e9275a04152df574f9a512631a0fa6ed8a2fa/processed/msa/protein_f0766d124b52f0061597ce4e822e9275a04152df574f9a512631a0fa6ed8a2fa_0.npz	31175	a0e109e6b42c68e312c4dcb38ca8cb91e1456a29bf72add645e395a31770c07e
workflows/mouse-pilot/runs/focused-pilot-20260919/folding-worker-retry-2/worker-outputs/predictions/protein_f0766d124b52f0061597ce4e822e9275a04152df574f9a512631a0fa6ed8a2fa/boltz_results_protein_f0766d124b52f0061597ce4e822e9275a04152df574f9a512631a0fa6ed8a2fa/processed/records/protein_f0766d124b52f0061597ce4e822e9275a04152df574f9a512631a0fa6ed8a2fa.json	623	ee5f826d751a039b7f5ee64ea6a70378f6fa7fd7f0b7a601b6782afa0dc38324
workflows/mouse-pilot/runs/focused-pilot-20260919/folding-worker-retry-2/worker-outputs/predictions/protein_f0766d124b52f0061597ce4e822e9275a04152df574f9a512631a0fa6ed8a2fa/boltz_results_protein_f0766d124b52f0061597ce4e822e9275a04152df574f9a512631a0fa6ed8a2fa/processed/structures/protein_f0766d124b52f0061597ce4e822e9275a04152df574f9a512631a0fa6ed8a2fa.npz	4269	0ac92fde884fbd7a8b3a256be1d0b6dd03599547302651c6c59c8f804f258514
workflows/mouse-pilot/runs/focused-pilot-20260919/folding-worker-retry-2/worker-outputs/predictions/weights.json	447	5f00c42a966065653b1feeca041016b2d6e11814686839bad65b57647f3b0d20
workflows/mouse-pilot/runs/focused-pilot-20260919/folding-worker-retry-3/watchdog.log	0	e3b0c44298fc1c149afbf4c8996fb92427ae41e4649b934ca495991b7852b855
workflows/mouse-pilot/runs/focused-pilot-20260919/folding-worker-retry-3/worker-outputs/boltz-predict-help.txt	5735	8383550a8dfceb7cb96045a29a5cf069f8ecc85da992444b80f89fe9398a5354
workflows/mouse-pilot/runs/focused-pilot-20260919/folding-worker-retry-3/worker-outputs/predictions/protein_010cea6b9aec4fe107d0d322bcf87e247a1dae50e8e1f8a0c2ccf4331ba2c509/boltz_results_protein_010cea6b9aec4fe107d0d322bcf87e247a1dae50e8e1f8a0c2ccf4331ba2c509/lightning_logs/version_0/hparams.yaml	4147	9531cffbf7c410cbabe15d351a985176e5de923a6e31fffb0bb90cdd49bd5643
workflows/mouse-pilot/runs/focused-pilot-20260919/folding-worker-retry-3/worker-outputs/predictions/protein_010cea6b9aec4fe107d0d322bcf87e247a1dae50e8e1f8a0c2ccf4331ba2c509/boltz_results_protein_010cea6b9aec4fe107d0d322bcf87e247a1dae50e8e1f8a0c2ccf4331ba2c509/processed/constraints/protein_010cea6b9aec4fe107d0d322bcf87e247a1dae50e8e1f8a0c2ccf4331ba2c509.npz	1555	16c178184ffab4a9c488e0e8a5bd6157216ad19beab0184ec75a19087d549df9
workflows/mouse-pilot/runs/focused-pilot-20260919/folding-worker-retry-3/worker-outputs/predictions/protein_010cea6b9aec4fe107d0d322bcf87e247a1dae50e8e1f8a0c2ccf4331ba2c509/boltz_results_protein_010cea6b9aec4fe107d0d322bcf87e247a1dae50e8e1f8a0c2ccf4331ba2c509/processed/mols/protein_010cea6b9aec4fe107d0d322bcf87e247a1dae50e8e1f8a0c2ccf4331ba2c509.pkl	5	926248e52d1fa532c317e37da24ed652ae64110f8219cb5e061668bd3091f048
workflows/mouse-pilot/runs/focused-pilot-20260919/folding-worker-retry-3/worker-outputs/predictions/protein_1be097e6870c1cf0730492a3b988a24d343956ed810eb5ba6021075fddda67d4/boltz_results_protein_1be097e6870c1cf0730492a3b988a24d343956ed810eb5ba6021075fddda67d4/lightning_logs/version_0/hparams.yaml	4147	9531cffbf7c410cbabe15d351a985176e5de923a6e31fffb0bb90cdd49bd5643
workflows/mouse-pilot/runs/focused-pilot-20260919/folding-worker-retry-3/worker-outputs/predictions/protein_1be097e6870c1cf0730492a3b988a24d343956ed810eb5ba6021075fddda67d4/boltz_results_protein_1be097e6870c1cf0730492a3b988a24d343956ed810eb5ba6021075fddda67d4/processed/constraints/protein_1be097e6870c1cf0730492a3b988a24d343956ed810eb5ba6021075fddda67d4.npz	1555	16c178184ffab4a9c488e0e8a5bd6157216ad19beab0184ec75a19087d549df9
workflows/mouse-pilot/runs/focused-pilot-20260919/folding-worker-retry-3/worker-outputs/predictions/protein_1be097e6870c1cf0730492a3b988a24d343956ed810eb5ba6021075fddda67d4/boltz_results_protein_1be097e6870c1cf0730492a3b988a24d343956ed810eb5ba6021075fddda67d4/processed/mols/protein_1be097e6870c1cf0730492a3b988a24d343956ed810eb5ba6021075fddda67d4.pkl	5	926248e52d1fa532c317e37da24ed652ae64110f8219cb5e061668bd3091f048
workflows/mouse-pilot/runs/focused-pilot-20260919/folding-worker-retry-3/worker-outputs/predictions/protein_40886b971ab3b58c192c7f4474815a21bcb8aee631c6987185eda3775ef2bcf3/boltz_results_protein_40886b971ab3b58c192c7f4474815a21bcb8aee631c6987185eda3775ef2bcf3/lightning_logs/version_0/hparams.yaml	4147	9531cffbf7c410cbabe15d351a985176e5de923a6e31fffb0bb90cdd49bd5643
workflows/mouse-pilot/runs/focused-pilot-20260919/folding-worker-retry-3/worker-outputs/predictions/protein_40886b971ab3b58c192c7f4474815a21bcb8aee631c6987185eda3775ef2bcf3/boltz_results_protein_40886b971ab3b58c192c7f4474815a21bcb8aee631c6987185eda3775ef2bcf3/processed/constraints/protein_40886b971ab3b58c192c7f4474815a21bcb8aee631c6987185eda3775ef2bcf3.npz	1555	16c178184ffab4a9c488e0e8a5bd6157216ad19beab0184ec75a19087d549df9
workflows/mouse-pilot/runs/focused-pilot-20260919/folding-worker-retry-3/worker-outputs/predictions/protein_40886b971ab3b58c192c7f4474815a21bcb8aee631c6987185eda3775ef2bcf3/boltz_results_protein_40886b971ab3b58c192c7f4474815a21bcb8aee631c6987185eda3775ef2bcf3/processed/mols/protein_40886b971ab3b58c192c7f4474815a21bcb8aee631c6987185eda3775ef2bcf3.pkl	5	926248e52d1fa532c317e37da24ed652ae64110f8219cb5e061668bd3091f048
workflows/mouse-pilot/runs/focused-pilot-20260919/folding-worker-retry-3/worker-outputs/predictions/protein_5fbb65263d2cee8b90549b93739189a4d923d56399dd9965cb39df5b591bf18d/boltz_results_protein_5fbb65263d2cee8b90549b93739189a4d923d56399dd9965cb39df5b591bf18d/lightning_logs/version_0/hparams.yaml	4147	9531cffbf7c410cbabe15d351a985176e5de923a6e31fffb0bb90cdd49bd5643
workflows/mouse-pilot/runs/focused-pilot-20260919/folding-worker-retry-3/worker-outputs/predictions/protein_5fbb65263d2cee8b90549b93739189a4d923d56399dd9965cb39df5b591bf18d/boltz_results_protein_5fbb65263d2cee8b90549b93739189a4d923d56399dd9965cb39df5b591bf18d/processed/constraints/protein_5fbb65263d2cee8b90549b93739189a4d923d56399dd9965cb39df5b591bf18d.npz	1555	16c178184ffab4a9c488e0e8a5bd6157216ad19beab0184ec75a19087d549df9
workflows/mouse-pilot/runs/focused-pilot-20260919/folding-worker-retry-3/worker-outputs/predictions/protein_5fbb65263d2cee8b90549b93739189a4d923d56399dd9965cb39df5b591bf18d/boltz_results_protein_5fbb65263d2cee8b90549b93739189a4d923d56399dd9965cb39df5b591bf18d/processed/mols/protein_5fbb65263d2cee8b90549b93739189a4d923d56399dd9965cb39df5b591bf18d.pkl	5	926248e52d1fa532c317e37da24ed652ae64110f8219cb5e061668bd3091f048
workflows/mouse-pilot/runs/focused-pilot-20260919/folding-worker-retry-3/worker-outputs/predictions/protein_6d61d8abd6143152e0b025884fd296ee504410576909a6b35e3b7931719d0211/boltz_results_protein_6d61d8abd6143152e0b025884fd296ee504410576909a6b35e3b7931719d0211/lightning_logs/version_0/hparams.yaml	4147	9531cffbf7c410cbabe15d351a985176e5de923a6e31fffb0bb90cdd49bd5643
workflows/mouse-pilot/runs/focused-pilot-20260919/folding-worker-retry-3/worker-outputs/predictions/protein_6d61d8abd6143152e0b025884fd296ee504410576909a6b35e3b7931719d0211/boltz_results_protein_6d61d8abd6143152e0b025884fd296ee504410576909a6b35e3b7931719d0211/processed/constraints/protein_6d61d8abd6143152e0b025884fd296ee504410576909a6b35e3b7931719d0211.npz	1555	16c178184ffab4a9c488e0e8a5bd6157216ad19beab0184ec75a19087d549df9
workflows/mouse-pilot/runs/focused-pilot-20260919/folding-worker-retry-3/worker-outputs/predictions/protein_6d61d8abd6143152e0b025884fd296ee504410576909a6b35e3b7931719d0211/boltz_results_protein_6d61d8abd6143152e0b025884fd296ee504410576909a6b35e3b7931719d0211/processed/mols/protein_6d61d8abd6143152e0b025884fd296ee504410576909a6b35e3b7931719d0211.pkl	5	926248e52d1fa532c317e37da24ed652ae64110f8219cb5e061668bd3091f048
workflows/mouse-pilot/runs/focused-pilot-20260919/folding-worker-retry-3/worker-outputs/predictions/protein_829397420b49a412cf07f60151864bb984e43c3ffee13a777cc6be8d1ad441bc/boltz_results_protein_829397420b49a412cf07f60151864bb984e43c3ffee13a777cc6be8d1ad441bc/lightning_logs/version_0/hparams.yaml	4147	9531cffbf7c410cbabe15d351a985176e5de923a6e31fffb0bb90cdd49bd5643
workflows/mouse-pilot/runs/focused-pilot-20260919/folding-worker-retry-3/worker-outputs/predictions/protein_829397420b49a412cf07f60151864bb984e43c3ffee13a777cc6be8d1ad441bc/boltz_results_protein_829397420b49a412cf07f60151864bb984e43c3ffee13a777cc6be8d1ad441bc/processed/constraints/protein_829397420b49a412cf07f60151864bb984e43c3ffee13a777cc6be8d1ad441bc.npz	1555	16c178184ffab4a9c488e0e8a5bd6157216ad19beab0184ec75a19087d549df9
workflows/mouse-pilot/runs/focused-pilot-20260919/folding-worker-retry-3/worker-outputs/predictions/protein_829397420b49a412cf07f60151864bb984e43c3ffee13a777cc6be8d1ad441bc/boltz_results_protein_829397420b49a412cf07f60151864bb984e43c3ffee13a777cc6be8d1ad441bc/processed/mols/protein_829397420b49a412cf07f60151864bb984e43c3ffee13a777cc6be8d1ad441bc.pkl	5	926248e52d1fa532c317e37da24ed652ae64110f8219cb5e061668bd3091f048
workflows/mouse-pilot/runs/focused-pilot-20260919/folding-worker-retry-3/worker-outputs/predictions/protein_8b7defedc00075b2ff44d12850e30a2ba564a5a4d5b67b01aa17dbdc2b39a03b/boltz_results_protein_8b7defedc00075b2ff44d12850e30a2ba564a5a4d5b67b01aa17dbdc2b39a03b/lightning_logs/version_0/hparams.yaml	4147	9531cffbf7c410cbabe15d351a985176e5de923a6e31fffb0bb90cdd49bd5643
workflows/mouse-pilot/runs/focused-pilot-20260919/folding-worker-retry-3/worker-outputs/predictions/protein_8b7defedc00075b2ff44d12850e30a2ba564a5a4d5b67b01aa17dbdc2b39a03b/boltz_results_protein_8b7defedc00075b2ff44d12850e30a2ba564a5a4d5b67b01aa17dbdc2b39a03b/lightning_logs/version_1/hparams.yaml	4147	9531cffbf7c410cbabe15d351a985176e5de923a6e31fffb0bb90cdd49bd5643
workflows/mouse-pilot/runs/focused-pilot-20260919/folding-worker-retry-3/worker-outputs/predictions/protein_8b7defedc00075b2ff44d12850e30a2ba564a5a4d5b67b01aa17dbdc2b39a03b/boltz_results_protein_8b7defedc00075b2ff44d12850e30a2ba564a5a4d5b67b01aa17dbdc2b39a03b/lightning_logs/version_2/hparams.yaml	4147	9531cffbf7c410cbabe15d351a985176e5de923a6e31fffb0bb90cdd49bd5643
workflows/mouse-pilot/runs/focused-pilot-20260919/folding-worker-retry-3/worker-outputs/predictions/protein_8b7defedc00075b2ff44d12850e30a2ba564a5a4d5b67b01aa17dbdc2b39a03b/boltz_results_protein_8b7defedc00075b2ff44d12850e30a2ba564a5a4d5b67b01aa17dbdc2b39a03b/processed/constraints/protein_8b7defedc00075b2ff44d12850e30a2ba564a5a4d5b67b01aa17dbdc2b39a03b.npz	1555	16c178184ffab4a9c488e0e8a5bd6157216ad19beab0184ec75a19087d549df9
workflows/mouse-pilot/runs/focused-pilot-20260919/folding-worker-retry-3/worker-outputs/predictions/protein_8b7defedc00075b2ff44d12850e30a2ba564a5a4d5b67b01aa17dbdc2b39a03b/boltz_results_protein_8b7defedc00075b2ff44d12850e30a2ba564a5a4d5b67b01aa17dbdc2b39a03b/processed/manifest.json	638	81fc0f65d90454378ab4b64a938d2ed60b4f927786e202a697c96da0827bc86f
workflows/mouse-pilot/runs/focused-pilot-20260919/folding-worker-retry-3/worker-outputs/predictions/protein_8b7defedc00075b2ff44d12850e30a2ba564a5a4d5b67b01aa17dbdc2b39a03b/boltz_results_protein_8b7defedc00075b2ff44d12850e30a2ba564a5a4d5b67b01aa17dbdc2b39a03b/processed/mols/protein_8b7defedc00075b2ff44d12850e30a2ba564a5a4d5b67b01aa17dbdc2b39a03b.pkl	5	926248e52d1fa532c317e37da24ed652ae64110f8219cb5e061668bd3091f048
workflows/mouse-pilot/runs/focused-pilot-20260919/folding-worker-retry-3/worker-outputs/predictions/protein_8b7defedc00075b2ff44d12850e30a2ba564a5a4d5b67b01aa17dbdc2b39a03b/boltz_results_protein_8b7defedc00075b2ff44d12850e30a2ba564a5a4d5b67b01aa17dbdc2b39a03b/processed/msa/protein_8b7defedc00075b2ff44d12850e30a2ba564a5a4d5b67b01aa17dbdc2b39a03b_0.npz	134060	6ea0996e9c7c9162473b4ab7a65c4852b5e0f4a637c42c5299ed57873d5be571
workflows/mouse-pilot/runs/focused-pilot-20260919/folding-worker-retry-3/worker-outputs/predictions/protein_8b7defedc00075b2ff44d12850e30a2ba564a5a4d5b67b01aa17dbdc2b39a03b/boltz_results_protein_8b7defedc00075b2ff44d12850e30a2ba564a5a4d5b67b01aa17dbdc2b39a03b/processed/records/protein_8b7defedc00075b2ff44d12850e30a2ba564a5a4d5b67b01aa17dbdc2b39a03b.json	623	758733d869a96f130b9d2bd9b02ad2d7d8926440a715590b039522bd73038491
workflows/mouse-pilot/runs/focused-pilot-20260919/folding-worker-retry-3/worker-outputs/predictions/protein_8b7defedc00075b2ff44d12850e30a2ba564a5a4d5b67b01aa17dbdc2b39a03b/boltz_results_protein_8b7defedc00075b2ff44d12850e30a2ba564a5a4d5b67b01aa17dbdc2b39a03b/processed/structures/protein_8b7defedc00075b2ff44d12850e30a2ba564a5a4d5b67b01aa17dbdc2b39a03b.npz	11715	c4d8fa4ee6a7f8640119a0c8880c87f13420552a4a8ed9269eaff23a37f433a8
workflows/mouse-pilot/runs/focused-pilot-20260919/folding-worker-retry-3/worker-outputs/predictions/protein_ab0acc0f95e51a7894c0c41ef7081728b8aa1ad064443d42f81776ea20c77194/boltz_results_protein_ab0acc0f95e51a7894c0c41ef7081728b8aa1ad064443d42f81776ea20c77194/lightning_logs/version_0/hparams.yaml	4147	9531cffbf7c410cbabe15d351a985176e5de923a6e31fffb0bb90cdd49bd5643
workflows/mouse-pilot/runs/focused-pilot-20260919/folding-worker-retry-3/worker-outputs/predictions/protein_ab0acc0f95e51a7894c0c41ef7081728b8aa1ad064443d42f81776ea20c77194/boltz_results_protein_ab0acc0f95e51a7894c0c41ef7081728b8aa1ad064443d42f81776ea20c77194/lightning_logs/version_1/hparams.yaml	4147	9531cffbf7c410cbabe15d351a985176e5de923a6e31fffb0bb90cdd49bd5643
workflows/mouse-pilot/runs/focused-pilot-20260919/folding-worker-retry-3/worker-outputs/predictions/protein_ab0acc0f95e51a7894c0c41ef7081728b8aa1ad064443d42f81776ea20c77194/boltz_results_protein_ab0acc0f95e51a7894c0c41ef7081728b8aa1ad064443d42f81776ea20c77194/lightning_logs/version_2/hparams.yaml	4147	9531cffbf7c410cbabe15d351a985176e5de923a6e31fffb0bb90cdd49bd5643
workflows/mouse-pilot/runs/focused-pilot-20260919/folding-worker-retry-3/worker-outputs/predictions/protein_ab0acc0f95e51a7894c0c41ef7081728b8aa1ad064443d42f81776ea20c77194/boltz_results_protein_ab0acc0f95e51a7894c0c41ef7081728b8aa1ad064443d42f81776ea20c77194/processed/constraints/protein_ab0acc0f95e51a7894c0c41ef7081728b8aa1ad064443d42f81776ea20c77194.npz	1555	16c178184ffab4a9c488e0e8a5bd6157216ad19beab0184ec75a19087d549df9
workflows/mouse-pilot/runs/focused-pilot-20260919/folding-worker-retry-3/worker-outputs/predictions/protein_ab0acc0f95e51a7894c0c41ef7081728b8aa1ad064443d42f81776ea20c77194/boltz_results_protein_ab0acc0f95e51a7894c0c41ef7081728b8aa1ad064443d42f81776ea20c77194/processed/manifest.json	638	d7a3d54cdfd98ae4fc20d6a6f7b78565c3644b047787d62c61d2efb6eee68362
workflows/mouse-pilot/runs/focused-pilot-20260919/folding-worker-retry-3/worker-outputs/predictions/protein_ab0acc0f95e51a7894c0c41ef7081728b8aa1ad064443d42f81776ea20c77194/boltz_results_protein_ab0acc0f95e51a7894c0c41ef7081728b8aa1ad064443d42f81776ea20c77194/processed/mols/protein_ab0acc0f95e51a7894c0c41ef7081728b8aa1ad064443d42f81776ea20c77194.pkl	5	926248e52d1fa532c317e37da24ed652ae64110f8219cb5e061668bd3091f048
workflows/mouse-pilot/runs/focused-pilot-20260919/folding-worker-retry-3/worker-outputs/predictions/protein_ab0acc0f95e51a7894c0c41ef7081728b8aa1ad064443d42f81776ea20c77194/boltz_results_protein_ab0acc0f95e51a7894c0c41ef7081728b8aa1ad064443d42f81776ea20c77194/processed/msa/protein_ab0acc0f95e51a7894c0c41ef7081728b8aa1ad064443d42f81776ea20c77194_0.npz	61838	4ec1f8e902a14a68a5a35406cda19025d1dba8ed9c657612407659f034b8a705
workflows/mouse-pilot/runs/focused-pilot-20260919/folding-worker-retry-3/worker-outputs/predictions/protein_ab0acc0f95e51a7894c0c41ef7081728b8aa1ad064443d42f81776ea20c77194/boltz_results_protein_ab0acc0f95e51a7894c0c41ef7081728b8aa1ad064443d42f81776ea20c77194/processed/records/protein_ab0acc0f95e51a7894c0c41ef7081728b8aa1ad064443d42f81776ea20c77194.json	623	9ae99274f38cf643b9abe773ddb4a1268d578fdf7f85860993b6b842a6224685
workflows/mouse-pilot/runs/focused-pilot-20260919/folding-worker-retry-3/worker-outputs/predictions/protein_ab0acc0f95e51a7894c0c41ef7081728b8aa1ad064443d42f81776ea20c77194/boltz_results_protein_ab0acc0f95e51a7894c0c41ef7081728b8aa1ad064443d42f81776ea20c77194/processed/structures/protein_ab0acc0f95e51a7894c0c41ef7081728b8aa1ad064443d42f81776ea20c77194.npz	5502	260ec9d065698e91ffacf8dc27c0246a8b521c7790c1a5aa3d3f09a380444390
workflows/mouse-pilot/runs/focused-pilot-20260919/folding-worker-retry-3/worker-outputs/predictions/protein_ba9e33a93c212f326346c5d15a338f66591107785bb384386e0f27d26b2b64c4/boltz_results_protein_ba9e33a93c212f326346c5d15a338f66591107785bb384386e0f27d26b2b64c4/lightning_logs/version_0/hparams.yaml	4147	9531cffbf7c410cbabe15d351a985176e5de923a6e31fffb0bb90cdd49bd5643
workflows/mouse-pilot/runs/focused-pilot-20260919/folding-worker-retry-3/worker-outputs/predictions/protein_ba9e33a93c212f326346c5d15a338f66591107785bb384386e0f27d26b2b64c4/boltz_results_protein_ba9e33a93c212f326346c5d15a338f66591107785bb384386e0f27d26b2b64c4/processed/constraints/protein_ba9e33a93c212f326346c5d15a338f66591107785bb384386e0f27d26b2b64c4.npz	1555	16c178184ffab4a9c488e0e8a5bd6157216ad19beab0184ec75a19087d549df9
workflows/mouse-pilot/runs/focused-pilot-20260919/folding-worker-retry-3/worker-outputs/predictions/protein_ba9e33a93c212f326346c5d15a338f66591107785bb384386e0f27d26b2b64c4/boltz_results_protein_ba9e33a93c212f326346c5d15a338f66591107785bb384386e0f27d26b2b64c4/processed/mols/protein_ba9e33a93c212f326346c5d15a338f66591107785bb384386e0f27d26b2b64c4.pkl	5	926248e52d1fa532c317e37da24ed652ae64110f8219cb5e061668bd3091f048
workflows/mouse-pilot/runs/focused-pilot-20260919/folding-worker-retry-3/worker-outputs/predictions/protein_d67cdd2ab407509e4583ddcfdf76d41c3a0c37af2f70a6280c6b1d0f893e1c73/boltz_results_protein_d67cdd2ab407509e4583ddcfdf76d41c3a0c37af2f70a6280c6b1d0f893e1c73/lightning_logs/version_0/hparams.yaml	4147	9531cffbf7c410cbabe15d351a985176e5de923a6e31fffb0bb90cdd49bd5643
workflows/mouse-pilot/runs/focused-pilot-20260919/folding-worker-retry-3/worker-outputs/predictions/protein_d67cdd2ab407509e4583ddcfdf76d41c3a0c37af2f70a6280c6b1d0f893e1c73/boltz_results_protein_d67cdd2ab407509e4583ddcfdf76d41c3a0c37af2f70a6280c6b1d0f893e1c73/processed/constraints/protein_d67cdd2ab407509e4583ddcfdf76d41c3a0c37af2f70a6280c6b1d0f893e1c73.npz	1555	16c178184ffab4a9c488e0e8a5bd6157216ad19beab0184ec75a19087d549df9
workflows/mouse-pilot/runs/focused-pilot-20260919/folding-worker-retry-3/worker-outputs/predictions/protein_d67cdd2ab407509e4583ddcfdf76d41c3a0c37af2f70a6280c6b1d0f893e1c73/boltz_results_protein_d67cdd2ab407509e4583ddcfdf76d41c3a0c37af2f70a6280c6b1d0f893e1c73/processed/mols/protein_d67cdd2ab407509e4583ddcfdf76d41c3a0c37af2f70a6280c6b1d0f893e1c73.pkl	5	926248e52d1fa532c317e37da24ed652ae64110f8219cb5e061668bd3091f048
workflows/mouse-pilot/runs/focused-pilot-20260919/folding-worker-retry-3/worker-outputs/predictions/protein_f0766d124b52f0061597ce4e822e9275a04152df574f9a512631a0fa6ed8a2fa/boltz_results_protein_f0766d124b52f0061597ce4e822e9275a04152df574f9a512631a0fa6ed8a2fa/lightning_logs/version_0/hparams.yaml	4147	9531cffbf7c410cbabe15d351a985176e5de923a6e31fffb0bb90cdd49bd5643
workflows/mouse-pilot/runs/focused-pilot-20260919/folding-worker-retry-3/worker-outputs/predictions/protein_f0766d124b52f0061597ce4e822e9275a04152df574f9a512631a0fa6ed8a2fa/boltz_results_protein_f0766d124b52f0061597ce4e822e9275a04152df574f9a512631a0fa6ed8a2fa/lightning_logs/version_1/hparams.yaml	4147	9531cffbf7c410cbabe15d351a985176e5de923a6e31fffb0bb90cdd49bd5643
workflows/mouse-pilot/runs/focused-pilot-20260919/folding-worker-retry-3/worker-outputs/predictions/protein_f0766d124b52f0061597ce4e822e9275a04152df574f9a512631a0fa6ed8a2fa/boltz_results_protein_f0766d124b52f0061597ce4e822e9275a04152df574f9a512631a0fa6ed8a2fa/lightning_logs/version_2/hparams.yaml	4147	9531cffbf7c410cbabe15d351a985176e5de923a6e31fffb0bb90cdd49bd5643
workflows/mouse-pilot/runs/focused-pilot-20260919/folding-worker-retry-3/worker-outputs/predictions/protein_f0766d124b52f0061597ce4e822e9275a04152df574f9a512631a0fa6ed8a2fa/boltz_results_protein_f0766d124b52f0061597ce4e822e9275a04152df574f9a512631a0fa6ed8a2fa/predictions/protein_f0766d124b52f0061597ce4e822e9275a04152df574f9a512631a0fa6ed8a2fa/confidence_protein_f0766d124b52f0061597ce4e822e9275a04152df574f9a512631a0fa6ed8a2fa_model_0.json	445	1d2a89be29784eebe094054b71e82a7638c27f966d3d3bfc9430766a80fb0214
workflows/mouse-pilot/runs/focused-pilot-20260919/folding-worker-retry-3/worker-outputs/predictions/protein_f0766d124b52f0061597ce4e822e9275a04152df574f9a512631a0fa6ed8a2fa/boltz_results_protein_f0766d124b52f0061597ce4e822e9275a04152df574f9a512631a0fa6ed8a2fa/predictions/protein_f0766d124b52f0061597ce4e822e9275a04152df574f9a512631a0fa6ed8a2fa/pae_protein_f0766d124b52f0061597ce4e822e9275a04152df574f9a512631a0fa6ed8a2fa_model_0.npz	48578	a865ccdce7f4992d3e2e57efa6e4f09dd00a7b98171c3b94812d5857a53d6135
workflows/mouse-pilot/runs/focused-pilot-20260919/folding-worker-retry-3/worker-outputs/predictions/protein_f0766d124b52f0061597ce4e822e9275a04152df574f9a512631a0fa6ed8a2fa/boltz_results_protein_f0766d124b52f0061597ce4e822e9275a04152df574f9a512631a0fa6ed8a2fa/predictions/protein_f0766d124b52f0061597ce4e822e9275a04152df574f9a512631a0fa6ed8a2fa/pde_protein_f0766d124b52f0061597ce4e822e9275a04152df574f9a512631a0fa6ed8a2fa_model_0.npz	42792	b5468f57e935d626e16ed8734e6641121b8d9e82df4f530ee9a34dc5056b44de
workflows/mouse-pilot/runs/focused-pilot-20260919/folding-worker-retry-3/worker-outputs/predictions/protein_f0766d124b52f0061597ce4e822e9275a04152df574f9a512631a0fa6ed8a2fa/boltz_results_protein_f0766d124b52f0061597ce4e822e9275a04152df574f9a512631a0fa6ed8a2fa/predictions/protein_f0766d124b52f0061597ce4e822e9275a04152df574f9a512631a0fa6ed8a2fa/plddt_protein_f0766d124b52f0061597ce4e822e9275a04152df574f9a512631a0fa6ed8a2fa_model_0.npz	678	6027851f17082ff92387312ce4c41b9809eac73bf1264edbb713363815ac0a17
workflows/mouse-pilot/runs/focused-pilot-20260919/folding-worker-retry-3/worker-outputs/predictions/protein_f0766d124b52f0061597ce4e822e9275a04152df574f9a512631a0fa6ed8a2fa/boltz_results_protein_f0766d124b52f0061597ce4e822e9275a04152df574f9a512631a0fa6ed8a2fa/predictions/protein_f0766d124b52f0061597ce4e822e9275a04152df574f9a512631a0fa6ed8a2fa/protein_f0766d124b52f0061597ce4e822e9275a04152df574f9a512631a0fa6ed8a2fa_model_0.cif	80964	d2b318e1f2ab28d8ef75df7e336b7022b583a608a9ca452685df7765a4421049
workflows/mouse-pilot/runs/focused-pilot-20260919/folding-worker-retry-3/worker-outputs/predictions/protein_f0766d124b52f0061597ce4e822e9275a04152df574f9a512631a0fa6ed8a2fa/boltz_results_protein_f0766d124b52f0061597ce4e822e9275a04152df574f9a512631a0fa6ed8a2fa/processed/constraints/protein_f0766d124b52f0061597ce4e822e9275a04152df574f9a512631a0fa6ed8a2fa.npz	1555	16c178184ffab4a9c488e0e8a5bd6157216ad19beab0184ec75a19087d549df9
workflows/mouse-pilot/runs/focused-pilot-20260919/folding-worker-retry-3/worker-outputs/predictions/protein_f0766d124b52f0061597ce4e822e9275a04152df574f9a512631a0fa6ed8a2fa/boltz_results_protein_f0766d124b52f0061597ce4e822e9275a04152df574f9a512631a0fa6ed8a2fa/processed/manifest.json	638	50c7513c59a43714d529ee8a33175237a1d9ae326694337116c79f6174ba6982
workflows/mouse-pilot/runs/focused-pilot-20260919/folding-worker-retry-3/worker-outputs/predictions/protein_f0766d124b52f0061597ce4e822e9275a04152df574f9a512631a0fa6ed8a2fa/boltz_results_protein_f0766d124b52f0061597ce4e822e9275a04152df574f9a512631a0fa6ed8a2fa/processed/mols/protein_f0766d124b52f0061597ce4e822e9275a04152df574f9a512631a0fa6ed8a2fa.pkl	5	926248e52d1fa532c317e37da24ed652ae64110f8219cb5e061668bd3091f048
workflows/mouse-pilot/runs/focused-pilot-20260919/folding-worker-retry-3/worker-outputs/predictions/protein_f0766d124b52f0061597ce4e822e9275a04152df574f9a512631a0fa6ed8a2fa/boltz_results_protein_f0766d124b52f0061597ce4e822e9275a04152df574f9a512631a0fa6ed8a2fa/processed/msa/protein_f0766d124b52f0061597ce4e822e9275a04152df574f9a512631a0fa6ed8a2fa_0.npz	31175	a0e109e6b42c68e312c4dcb38ca8cb91e1456a29bf72add645e395a31770c07e
workflows/mouse-pilot/runs/focused-pilot-20260919/folding-worker-retry-3/worker-outputs/predictions/protein_f0766d124b52f0061597ce4e822e9275a04152df574f9a512631a0fa6ed8a2fa/boltz_results_protein_f0766d124b52f0061597ce4e822e9275a04152df574f9a512631a0fa6ed8a2fa/processed/records/protein_f0766d124b52f0061597ce4e822e9275a04152df574f9a512631a0fa6ed8a2fa.json	623	ee5f826d751a039b7f5ee64ea6a70378f6fa7fd7f0b7a601b6782afa0dc38324
workflows/mouse-pilot/runs/focused-pilot-20260919/folding-worker-retry-3/worker-outputs/predictions/protein_f0766d124b52f0061597ce4e822e9275a04152df574f9a512631a0fa6ed8a2fa/boltz_results_protein_f0766d124b52f0061597ce4e822e9275a04152df574f9a512631a0fa6ed8a2fa/processed/structures/protein_f0766d124b52f0061597ce4e822e9275a04152df574f9a512631a0fa6ed8a2fa.npz	4269	0ac92fde884fbd7a8b3a256be1d0b6dd03599547302651c6c59c8f804f258514
workflows/mouse-pilot/runs/focused-pilot-20260919/folding-worker-retry-3/worker-outputs/predictions/weights.json	447	5f00c42a966065653b1feeca041016b2d6e11814686839bad65b57647f3b0d20
workflows/mouse-pilot/runs/focused-pilot-20260919/folding-worker-retry-3/worker-outputs/requirements-lock.txt	1898	70ea7ed3315e76f3d3a2eb4eaa6c27c5c3356d30587e9e1b48be13828a940575
workflows/mouse-pilot/runs/focused-pilot-20260919/folding-worker/watchdog.log	0	e3b0c44298fc1c149afbf4c8996fb92427ae41e4649b934ca495991b7852b855
workflows/mouse-pilot/runs/focused-pilot-20260919/msa-cache/protein_010cea6b9aec4fe107d0d322bcf87e247a1dae50e8e1f8a0c2ccf4331ba2c509/010cea6b9aec4fe107d0d322bcf87e247a1dae50e8e1f8a0c2ccf4331ba2c509_env/msa.sh	6616	02f30b6496d754cf132c4c74f7ecf5c0c133e46d393b1b8e0b4cdae32e96356b
workflows/mouse-pilot/runs/focused-pilot-20260919/msa-cache/protein_010cea6b9aec4fe107d0d322bcf87e247a1dae50e8e1f8a0c2ccf4331ba2c509/alignment.a3m	2174911	a1f3baa8c9878e72e1593e8265a6f7b32c6b4a87154eaa57b8659e4b6c5b468b
workflows/mouse-pilot/runs/focused-pilot-20260919/msa-cache/protein_010cea6b9aec4fe107d0d322bcf87e247a1dae50e8e1f8a0c2ccf4331ba2c509/msa.json	2542	897e368764332c90c613dfce99f61d7e8fb4f9ec631028726212c7b3d934d668
workflows/mouse-pilot/runs/focused-pilot-20260919/msa-cache/protein_1be097e6870c1cf0730492a3b988a24d343956ed810eb5ba6021075fddda67d4/1be097e6870c1cf0730492a3b988a24d343956ed810eb5ba6021075fddda67d4_env/msa.sh	6616	02f30b6496d754cf132c4c74f7ecf5c0c133e46d393b1b8e0b4cdae32e96356b
workflows/mouse-pilot/runs/focused-pilot-20260919/msa-cache/protein_1be097e6870c1cf0730492a3b988a24d343956ed810eb5ba6021075fddda67d4/alignment.a3m	1236131	bc1dfaa8541f9e0d4d2f35ca1e50751db2c120836a71573019e36948d27c7ea5
workflows/mouse-pilot/runs/focused-pilot-20260919/msa-cache/protein_1be097e6870c1cf0730492a3b988a24d343956ed810eb5ba6021075fddda67d4/msa.json	2372	eda6c7696e32acaddbbcefe9721689bbd87c5ce31e59febc3a0722ab185bee93
workflows/mouse-pilot/runs/focused-pilot-20260919/msa-cache/protein_40886b971ab3b58c192c7f4474815a21bcb8aee631c6987185eda3775ef2bcf3/40886b971ab3b58c192c7f4474815a21bcb8aee631c6987185eda3775ef2bcf3_env/msa.sh	6616	02f30b6496d754cf132c4c74f7ecf5c0c133e46d393b1b8e0b4cdae32e96356b
workflows/mouse-pilot/runs/focused-pilot-20260919/msa-cache/protein_40886b971ab3b58c192c7f4474815a21bcb8aee631c6987185eda3775ef2bcf3/alignment.a3m	890692	aa88766ebeb0ff3c6a0830871eec62f164e5c34cc6143c84e4d55538ccfac6a5
workflows/mouse-pilot/runs/focused-pilot-20260919/msa-cache/protein_40886b971ab3b58c192c7f4474815a21bcb8aee631c6987185eda3775ef2bcf3/msa.json	3375	25d9108a8f339a64a711c1bc43ef33d21cf8cbb186381a405e44767a55bfc5e3
workflows/mouse-pilot/runs/focused-pilot-20260919/msa-cache/protein_5fbb65263d2cee8b90549b93739189a4d923d56399dd9965cb39df5b591bf18d/5fbb65263d2cee8b90549b93739189a4d923d56399dd9965cb39df5b591bf18d_env/msa.sh	6616	02f30b6496d754cf132c4c74f7ecf5c0c133e46d393b1b8e0b4cdae32e96356b
workflows/mouse-pilot/runs/focused-pilot-20260919/msa-cache/protein_5fbb65263d2cee8b90549b93739189a4d923d56399dd9965cb39df5b591bf18d/alignment.a3m	419356	fa8a9589bf0473cd4e1b99c712768eb779afe43a61b863654589b5b9e6c0e846
workflows/mouse-pilot/runs/focused-pilot-20260919/msa-cache/protein_5fbb65263d2cee8b90549b93739189a4d923d56399dd9965cb39df5b591bf18d/msa.json	2561	7694f8db128857d2b7a493aa9e5a439b3e76c4fde9e4dde92c407483b152021d
workflows/mouse-pilot/runs/focused-pilot-20260919/msa-cache/protein_6d61d8abd6143152e0b025884fd296ee504410576909a6b35e3b7931719d0211/6d61d8abd6143152e0b025884fd296ee504410576909a6b35e3b7931719d0211_env/msa.sh	6616	02f30b6496d754cf132c4c74f7ecf5c0c133e46d393b1b8e0b4cdae32e96356b
workflows/mouse-pilot/runs/focused-pilot-20260919/msa-cache/protein_6d61d8abd6143152e0b025884fd296ee504410576909a6b35e3b7931719d0211/alignment.a3m	984795	194e6b8bbd73d4dd3efb90c7d7b82e24ec6b338f768583cbff51c45bf701feb1
workflows/mouse-pilot/runs/focused-pilot-20260919/msa-cache/protein_6d61d8abd6143152e0b025884fd296ee504410576909a6b35e3b7931719d0211/msa.json	2362	f6473da4b2d5f64673f2ec2bf0ad27595e4c8afc29b733e79a38914a61093513
workflows/mouse-pilot/runs/focused-pilot-20260919/msa-cache/protein_829397420b49a412cf07f60151864bb984e43c3ffee13a777cc6be8d1ad441bc/829397420b49a412cf07f60151864bb984e43c3ffee13a777cc6be8d1ad441bc_env/msa.sh	6616	02f30b6496d754cf132c4c74f7ecf5c0c133e46d393b1b8e0b4cdae32e96356b
workflows/mouse-pilot/runs/focused-pilot-20260919/msa-cache/protein_829397420b49a412cf07f60151864bb984e43c3ffee13a777cc6be8d1ad441bc/alignment.a3m	438355	be777978457f2812cd435ccd20f93acf4b428201a93545be0ce11a4086ded0ed
workflows/mouse-pilot/runs/focused-pilot-20260919/msa-cache/protein_829397420b49a412cf07f60151864bb984e43c3ffee13a777cc6be8d1ad441bc/msa.json	3539	4787b1b172631ac682598e3c81e0fe789a5ce4b4f050c4775fb91fe2c745bf52
workflows/mouse-pilot/runs/focused-pilot-20260919/msa-cache/protein_8b7defedc00075b2ff44d12850e30a2ba564a5a4d5b67b01aa17dbdc2b39a03b/8b7defedc00075b2ff44d12850e30a2ba564a5a4d5b67b01aa17dbdc2b39a03b_env/msa.sh	6616	02f30b6496d754cf132c4c74f7ecf5c0c133e46d393b1b8e0b4cdae32e96356b
workflows/mouse-pilot/runs/focused-pilot-20260919/msa-cache/protein_8b7defedc00075b2ff44d12850e30a2ba564a5a4d5b67b01aa17dbdc2b39a03b/alignment.a3m	1312308	ccda125567d4100d8abbb126a902109058cfa64e771a2b0eeec327f122289cd0
workflows/mouse-pilot/runs/focused-pilot-20260919/msa-cache/protein_8b7defedc00075b2ff44d12850e30a2ba564a5a4d5b67b01aa17dbdc2b39a03b/msa.json	6273	f972a0a5f71513379cb8687e837cd5485171ce2e011caedaefae300edc373537
workflows/mouse-pilot/runs/focused-pilot-20260919/msa-cache/protein_ab0acc0f95e51a7894c0c41ef7081728b8aa1ad064443d42f81776ea20c77194/ab0acc0f95e51a7894c0c41ef7081728b8aa1ad064443d42f81776ea20c77194_env/msa.sh	6616	02f30b6496d754cf132c4c74f7ecf5c0c133e46d393b1b8e0b4cdae32e96356b
workflows/mouse-pilot/runs/focused-pilot-20260919/msa-cache/protein_ab0acc0f95e51a7894c0c41ef7081728b8aa1ad064443d42f81776ea20c77194/ab0acc0f95e51a7894c0c41ef7081728b8aa1ad064443d42f81776ea20c77194_env/pdb70.m8	0	e3b0c44298fc1c149afbf4c8996fb92427ae41e4649b934ca495991b7852b855
workflows/mouse-pilot/runs/focused-pilot-20260919/msa-cache/protein_ab0acc0f95e51a7894c0c41ef7081728b8aa1ad064443d42f81776ea20c77194/alignment.a3m	651318	1651ca5fdfe302718d0b20eafee1bf5e5ab619488cc128d0ece81943538cd5b6
workflows/mouse-pilot/runs/focused-pilot-20260919/msa-cache/protein_ab0acc0f95e51a7894c0c41ef7081728b8aa1ad064443d42f81776ea20c77194/msa.json	2664	da6540e075e5583228da57677f0e59ad406eda51c074ab6504cec2b9d180a06f
workflows/mouse-pilot/runs/focused-pilot-20260919/msa-cache/protein_ba9e33a93c212f326346c5d15a338f66591107785bb384386e0f27d26b2b64c4/alignment.a3m	1526901	232d3c4eed85e7bdb069ce9ab5bccbc6fffdebb06c20a299b05f6e6dec30f965
workflows/mouse-pilot/runs/focused-pilot-20260919/msa-cache/protein_ba9e33a93c212f326346c5d15a338f66591107785bb384386e0f27d26b2b64c4/ba9e33a93c212f326346c5d15a338f66591107785bb384386e0f27d26b2b64c4_env/msa.sh	6616	02f30b6496d754cf132c4c74f7ecf5c0c133e46d393b1b8e0b4cdae32e96356b
workflows/mouse-pilot/runs/focused-pilot-20260919/msa-cache/protein_ba9e33a93c212f326346c5d15a338f66591107785bb384386e0f27d26b2b64c4/msa.json	3720	f073a970dee30ebb897016df38e2979e66388e869407095d3bb6dc481d5e0e40
workflows/mouse-pilot/runs/focused-pilot-20260919/msa-cache/protein_d67cdd2ab407509e4583ddcfdf76d41c3a0c37af2f70a6280c6b1d0f893e1c73/alignment.a3m	4508493	c96856dfe05cb3fb6f9459401f7ed2677f2ad1ce4d175711c705ae40c0e1c039
workflows/mouse-pilot/runs/focused-pilot-20260919/msa-cache/protein_d67cdd2ab407509e4583ddcfdf76d41c3a0c37af2f70a6280c6b1d0f893e1c73/d67cdd2ab407509e4583ddcfdf76d41c3a0c37af2f70a6280c6b1d0f893e1c73_env/msa.sh	6616	02f30b6496d754cf132c4c74f7ecf5c0c133e46d393b1b8e0b4cdae32e96356b
workflows/mouse-pilot/runs/focused-pilot-20260919/msa-cache/protein_d67cdd2ab407509e4583ddcfdf76d41c3a0c37af2f70a6280c6b1d0f893e1c73/msa.json	3161	8acaaa71f81a6ecdfbf63b2bc39b02f599cb56f56408f32921868336f2685ace
workflows/mouse-pilot/runs/focused-pilot-20260919/retry-1/watchdog.log	0	e3b0c44298fc1c149afbf4c8996fb92427ae41e4649b934ca495991b7852b855
workflows/mouse-pilot/runs/focused-pilot-20260919/retry-2/watchdog.log	0	e3b0c44298fc1c149afbf4c8996fb92427ae41e4649b934ca495991b7852b855
workflows/mouse-pilot/runs/focused-pilot-20260919/retry-2/worker-outputs/exit_code.txt	2	9a271f2a916b0b6ee6cecb2426f0b3206ef074578be55d9bc94f6f3fe3ab86aa
workflows/mouse-pilot/runs/focused-pilot-20260919/retry-2/worker-outputs/worker.stderr.log	0	e3b0c44298fc1c149afbf4c8996fb92427ae41e4649b934ca495991b7852b855
workflows/mouse-pilot/runs/focused-pilot-20260919/retry-2/worker-outputs/worker.stdout.log	0	e3b0c44298fc1c149afbf4c8996fb92427ae41e4649b934ca495991b7852b855
workflows/mouse-pilot/runs/focused-pilot-20260919/selection-preview-1/read_decisions.json	62575780	11882b767da9dec07430832e9c0e70329296d036c68c5f2941236242e2b3032c
workflows/mouse-pilot/runs/focused-pilot-20260919/selection-preview-1/rna_ranking.json	7004054	7be3b88f0e5a1d50094bb5d7cdcdd4b830c3bdb1bdc5fe51c3196d604cf5c45b
workflows/mouse-pilot/runs/focused-pilot-20260919/selection-preview-1/selected_proteins.fasta	4461	2d92cf8412d1dddde6e930c5003eb04f16b38061c50574c4456cfe738e180006
workflows/mouse-pilot/runs/focused-pilot-20260919/selection-preview-1/selection_rules.md	6895	cd0a2e02656866cbaac957d1b837f9eb081e8867cbfbc66569ee2795a81fd252
workflows/mouse-pilot/runs/focused-pilot-20260919/synthetic-discovery/LongGF.stderr.log	0	e3b0c44298fc1c149afbf4c8996fb92427ae41e4649b934ca495991b7852b855
workflows/mouse-pilot/runs/focused-pilot-20260919/technical-controls/LongGF.stderr.log	0	e3b0c44298fc1c149afbf4c8996fb92427ae41e4649b934ca495991b7852b855
workflows/mouse-pilot/runs/focused-pilot-20260919/technical-controls/annotation.gtf	690	3734bade50cc7bb5235b2241ebef8a4eab7c840944af66a3651e3fae050b5135
workflows/mouse-pilot/runs/focused-pilot-20260919/technical-controls/genome.fa	10014	c7ea2dadad265cd0420b00669f62bdade9906f81919b21ffb48a99f57124a401
workflows/mouse-pilot/runs/focused-pilot-20260919/technical-controls/known_noncoding_explanation/unassigned_segments.json	3	37517e5f3dc66819f61f5a7bb8ace1921282415f10551d2defa5c3eb0985b570
workflows/mouse-pilot/runs/focused-pilot-20260919/technical-controls/known_noncoding_explanation/unresolved_longgf_proposals.json	3	37517e5f3dc66819f61f5a7bb8ace1921282415f10551d2defa5c3eb0985b570
workflows/mouse-pilot/runs/focused-pilot-20260919/technical-controls/sort.log	0	e3b0c44298fc1c149afbf4c8996fb92427ae41e4649b934ca495991b7852b855
workflows/mouse-pilot/runs/focused-pilot-20260919/technical-controls/split_transcript_audit.sam	3665	3ea3872bf50a394ddf8b22e737c940bfde9fc28cda554bc6e768c6b7fea4e8e7
workflows/mouse-pilot/runs/focused-pilot-20260919/technical-controls/two_gene_supported/unassigned_segments.json	3	37517e5f3dc66819f61f5a7bb8ace1921282415f10551d2defa5c3eb0985b570
workflows/mouse-pilot/runs/focused-pilot-20260919/technical-controls/two_gene_supported/unresolved_longgf_proposals.json	3	37517e5f3dc66819f61f5a7bb8ace1921282415f10551d2defa5c3eb0985b570
workflows/mouse-pilot/runs/full-mouse-cohort-20260920/current_inventory.json	0	e3b0c44298fc1c149afbf4c8996fb92427ae41e4649b934ca495991b7852b855
workflows/mouse-pilot/runs/full-mouse-cohort-20260920/preserve.log	0	e3b0c44298fc1c149afbf4c8996fb92427ae41e4649b934ca495991b7852b855
workflows/mouse-pilot/runs/full-mouse-cohort-20260920/preserved/ont/SRR28984803.log	0	e3b0c44298fc1c149afbf4c8996fb92427ae41e4649b934ca495991b7852b855
workflows/mouse-pilot/runs/full-mouse-cohort-20260920/preserved/ont/SRR28984804.log	0	e3b0c44298fc1c149afbf4c8996fb92427ae41e4649b934ca495991b7852b855
workflows/mouse-pilot/runs/full-mouse-cohort-20260920/preserved/ont/inputs.sha256	312	d276fe65e1239d714953925e10f6cbe45aeaae07f11f02e835ab48da233641c9
workflows/mouse-pilot/runs/full-mouse-cohort-20260920/preserved/ont/samples/SRR28984805/assessment/read_decisions.json	62575780	11882b767da9dec07430832e9c0e70329296d036c68c5f2941236242e2b3032c
workflows/mouse-pilot/runs/full-mouse-cohort-20260920/preserved/ont/samples/SRR28984805/assessment/rna_ranking.json	7004054	7be3b88f0e5a1d50094bb5d7cdcdd4b830c3bdb1bdc5fe51c3196d604cf5c45b
workflows/mouse-pilot/runs/full-mouse-cohort-20260920/preserved/ont/samples/SRR28984805/assessment/unassigned_segments.json	528445	81c3b231df285a72ac5925d9d035da828ae4370dc6fb9f880f5f544a1c0478fe
workflows/mouse-pilot/runs/full-mouse-cohort-20260920/preserved/ont/samples/SRR28984805/assessment/unresolved_longgf_proposals.json	15828	9bb66a77dd22abf35f0c582532611d0a24371b84990bf9e2f53fbb6cfba3134b
workflows/mouse-pilot/runs/full-mouse-cohort-20260920/preserved/ont/samples/SRR28984805/discovery/split_read_ids.txt	196705	8c557b6186b8aa3f6e54d37c9e8f674a6ac4d1365afa339dad2472c1c3f9dbe7
workflows/mouse-pilot/runs/full-mouse-cohort-20260920/preserved/ont/samples/SRR28984805/split.log	0	e3b0c44298fc1c149afbf4c8996fb92427ae41e4649b934ca495991b7852b855
workflows/mouse-pilot/runs/full-mouse-cohort-20260920/preserved/ont/samples/SRR28984806/split.log	0	e3b0c44298fc1c149afbf4c8996fb92427ae41e4649b934ca495991b7852b855
workflows/mouse-pilot/runs/full-mouse-cohort-20260920/preserved/ont/samples/SRR28984808/alignment_pipeline.log	63	4b0286a7d15b8bdcfd4ee34f5cfc5abaaf2f26b356511a93d10f9d1db0d22091
workflows/mouse-pilot/runs/full-mouse-cohort-20260920/preserved/ont/samples/SRR28984808/split.log	0	e3b0c44298fc1c149afbf4c8996fb92427ae41e4649b934ca495991b7852b855
workflows/mouse-pilot/runs/full-mouse-cohort-20260920/preserved/ont/samples/SRR28984809/split.log	0	e3b0c44298fc1c149afbf4c8996fb92427ae41e4649b934ca495991b7852b855
workflows/mouse-pilot/runs/full-mouse-cohort-20260920/preserved/ont/samples/SRR28984810/alignment_pipeline.log	0	e3b0c44298fc1c149afbf4c8996fb92427ae41e4649b934ca495991b7852b855
workflows/mouse-pilot/runs/full-mouse-cohort-20260920/preserved/ont/samples/SRR28984811/alignment_pipeline.log	63	6cbcdf79aa0b327268ea9280d2a5e9000460106222e32049e45101073bf73990
workflows/mouse-pilot/runs/full-mouse-cohort-20260920/preserved/ont/samples/SRR28984811/split.log	0	e3b0c44298fc1c149afbf4c8996fb92427ae41e4649b934ca495991b7852b855
workflows/mouse-pilot/runs/full-mouse-cohort-20260920/preserved/ont/samples/SRR28984812/alignment_pipeline.log	0	e3b0c44298fc1c149afbf4c8996fb92427ae41e4649b934ca495991b7852b855
workflows/mouse-pilot/runs/full-mouse-cohort-20260920/preserved/short-full-run/logs/driver4.log	0	e3b0c44298fc1c149afbf4c8996fb92427ae41e4649b934ca495991b7852b855
workflows/mouse-pilot/runs/full-mouse-cohort-20260920/preserved/short-full-run/output/SRR37513722/Chimeric.out.junction	0	e3b0c44298fc1c149afbf4c8996fb92427ae41e4649b934ca495991b7852b855
workflows/mouse-pilot/runs/full-mouse-cohort-20260920/preserved/short-preparation/logs/container_digest.json	114	1da4470bec9eccfc4e728cb9599661f9b0834c894e45b7ea4edcfbb3c8c59d43
workflows/mouse-pilot/runs/full-mouse-cohort-20260920/preserved/short-preparation/logs/download-restart.log	0	e3b0c44298fc1c149afbf4c8996fb92427ae41e4649b934ca495991b7852b855
workflows/mouse-pilot/runs/full-mouse-cohort-20260920/preserved/short-preparation/logs/download.log	0	e3b0c44298fc1c149afbf4c8996fb92427ae41e4649b934ca495991b7852b855
workflows/mouse-pilot/runs/full-mouse-cohort-20260920/preserved/short-preparation/logs/resume_exit_code.txt	2	9a271f2a916b0b6ee6cecb2426f0b3206ef074578be55d9bc94f6f3fe3ab86aa
workflows/mouse-pilot/runs/full-mouse-cohort-20260920/preserved/short-preparation/logs/resume_startup.log	0	e3b0c44298fc1c149afbf4c8996fb92427ae41e4649b934ca495991b7852b855
workflows/mouse-pilot/runs/full-mouse-cohort-20260920/preserved/short-preparation/logs/star_version.txt	7	69d4e2d7211cfc59490d45829cefa92324764e2751c9d95c75806f749adcc6cc
workflows/mouse-pilot/runs/full-mouse-cohort-20260920/preserved/short-preparation/logs/transfer.log	0	e3b0c44298fc1c149afbf4c8996fb92427ae41e4649b934ca495991b7852b855
workflows/mouse-pilot/runs/full-mouse-cohort-20260920/preserved/short-preparation/startup.log	0	e3b0c44298fc1c149afbf4c8996fb92427ae41e4649b934ca495991b7852b855
workflows/mouse-pilot/runs/full-mouse-cohort-20260920/watchdog.log	0	e3b0c44298fc1c149afbf4c8996fb92427ae41e4649b934ca495991b7852b855
workflows/mouse-pilot/runs/full-mouse-cohort-20260920/watchdog4.log	0	e3b0c44298fc1c149afbf4c8996fb92427ae41e4649b934ca495991b7852b855
workflows/mouse-pilot/runs/full-mouse-cohort-20260920/watchdog8.log	0	e3b0c44298fc1c149afbf4c8996fb92427ae41e4649b934ca495991b7852b855
workflows/mouse-pilot/runs/intake-20260919/cohort_manifest.json	12592	b3a4f1c97dc1610d40e655609218d321de4d383e9e6f1219af4e1ae12f80f8a9
workflows/mouse-pilot/runs/intake-20260919/verification/GRCm39.primary_assembly.genome.fa.gz.provenance.json	350	37bc866f33c5927981222fb2979be16a8a381272ef07c4e9b9e141e2f7008760
workflows/mouse-pilot/runs/intake-20260919/verification/gencode.vM28.annotation.gtf.gz.provenance.json	343	73d8a520c5b32b8c831183654ec38f397f0bb3959365d4e2db21a7cedd43c1d7
workflows/mouse-pilot/runs/intake-20260919/verification/gencode.vM28.transcripts.fa.gz.provenance.json	343	48dc75bf17f00ea2bbabecc2055c257ee8c571d3502b96d8be1d73391dc47502
workflows/mouse-pilot/runs/intake-20260919/verification/prior_benchmark_development.json	4818	84a7e21ae75681afb54ab9d40a1aae110062a2f9c19fc479f0b449c869e7f709
workflows/mouse-pilot/runs/k562-all-junctions-20260920/benchmark-check.log	902	3e23c563c2124e028fc4f52f0e0455292e42091b76a016bb93df924723589b98
workflows/mouse-pilot/runs/k562-all-junctions-20260920/build-check.log	1788	75452403cb86b4418b9a0045de2ff635a9ba1416af452b7f806b76a77dbb43ac
workflows/mouse-pilot/runs/k562-all-junctions-20260920/folding-worker-live/delivery-guard.log	0	e3b0c44298fc1c149afbf4c8996fb92427ae41e4649b934ca495991b7852b855
workflows/mouse-pilot/runs/k562-all-junctions-20260920/folding-worker-live/watchdog.log	0	e3b0c44298fc1c149afbf4c8996fb92427ae41e4649b934ca495991b7852b855
workflows/mouse-pilot/runs/k562-all-junctions-20260920/folding-worker-live/worker-outputs/boltz-predict-help.txt	5735	8383550a8dfceb7cb96045a29a5cf069f8ecc85da992444b80f89fe9398a5354
workflows/mouse-pilot/runs/k562-all-junctions-20260920/folding-worker-live/worker-outputs/cuda-kernel-check.json	204	ac0c8aa9fe860aa55d141ef2d689c5aade95c97bd0a9c879f3e90cf1963531ad
workflows/mouse-pilot/runs/k562-all-junctions-20260920/folding-worker-live/worker-outputs/predictions/protein_05e1eedf66c7083052565c34a5bc6019a9abe863e50268602de668184e00597e/boltz_results_protein_05e1eedf66c7083052565c34a5bc6019a9abe863e50268602de668184e00597e/lightning_logs/version_0/hparams.yaml	4147	9531cffbf7c410cbabe15d351a985176e5de923a6e31fffb0bb90cdd49bd5643
workflows/mouse-pilot/runs/k562-all-junctions-20260920/folding-worker-live/worker-outputs/predictions/protein_05e1eedf66c7083052565c34a5bc6019a9abe863e50268602de668184e00597e/boltz_results_protein_05e1eedf66c7083052565c34a5bc6019a9abe863e50268602de668184e00597e/processed/constraints/protein_05e1eedf66c7083052565c34a5bc6019a9abe863e50268602de668184e00597e.npz	1555	16c178184ffab4a9c488e0e8a5bd6157216ad19beab0184ec75a19087d549df9
workflows/mouse-pilot/runs/k562-all-junctions-20260920/folding-worker-live/worker-outputs/predictions/protein_05e1eedf66c7083052565c34a5bc6019a9abe863e50268602de668184e00597e/boltz_results_protein_05e1eedf66c7083052565c34a5bc6019a9abe863e50268602de668184e00597e/processed/mols/protein_05e1eedf66c7083052565c34a5bc6019a9abe863e50268602de668184e00597e.pkl	5	926248e52d1fa532c317e37da24ed652ae64110f8219cb5e061668bd3091f048
workflows/mouse-pilot/runs/k562-all-junctions-20260920/folding-worker-live/worker-outputs/predictions/protein_0e71eb67bf1bfe9282d6df812a2db99f7489cc4241ac9071693d20ea8ad1d905/boltz_results_protein_0e71eb67bf1bfe9282d6df812a2db99f7489cc4241ac9071693d20ea8ad1d905/lightning_logs/version_0/hparams.yaml	4147	9531cffbf7c410cbabe15d351a985176e5de923a6e31fffb0bb90cdd49bd5643
workflows/mouse-pilot/runs/k562-all-junctions-20260920/folding-worker-live/worker-outputs/predictions/protein_0e71eb67bf1bfe9282d6df812a2db99f7489cc4241ac9071693d20ea8ad1d905/boltz_results_protein_0e71eb67bf1bfe9282d6df812a2db99f7489cc4241ac9071693d20ea8ad1d905/processed/constraints/protein_0e71eb67bf1bfe9282d6df812a2db99f7489cc4241ac9071693d20ea8ad1d905.npz	1555	16c178184ffab4a9c488e0e8a5bd6157216ad19beab0184ec75a19087d549df9
workflows/mouse-pilot/runs/k562-all-junctions-20260920/folding-worker-live/worker-outputs/predictions/protein_0e71eb67bf1bfe9282d6df812a2db99f7489cc4241ac9071693d20ea8ad1d905/boltz_results_protein_0e71eb67bf1bfe9282d6df812a2db99f7489cc4241ac9071693d20ea8ad1d905/processed/mols/protein_0e71eb67bf1bfe9282d6df812a2db99f7489cc4241ac9071693d20ea8ad1d905.pkl	5	926248e52d1fa532c317e37da24ed652ae64110f8219cb5e061668bd3091f048
workflows/mouse-pilot/runs/k562-all-junctions-20260920/folding-worker-live/worker-outputs/predictions/protein_3815fad666d9f523e88e2dac0125188f41c16301d369a96f07c0b699c8be89c1/boltz_results_protein_3815fad666d9f523e88e2dac0125188f41c16301d369a96f07c0b699c8be89c1/lightning_logs/version_0/hparams.yaml	4147	9531cffbf7c410cbabe15d351a985176e5de923a6e31fffb0bb90cdd49bd5643
workflows/mouse-pilot/runs/k562-all-junctions-20260920/folding-worker-live/worker-outputs/predictions/protein_3815fad666d9f523e88e2dac0125188f41c16301d369a96f07c0b699c8be89c1/boltz_results_protein_3815fad666d9f523e88e2dac0125188f41c16301d369a96f07c0b699c8be89c1/processed/constraints/protein_3815fad666d9f523e88e2dac0125188f41c16301d369a96f07c0b699c8be89c1.npz	1555	16c178184ffab4a9c488e0e8a5bd6157216ad19beab0184ec75a19087d549df9
workflows/mouse-pilot/runs/k562-all-junctions-20260920/folding-worker-live/worker-outputs/predictions/protein_3815fad666d9f523e88e2dac0125188f41c16301d369a96f07c0b699c8be89c1/boltz_results_protein_3815fad666d9f523e88e2dac0125188f41c16301d369a96f07c0b699c8be89c1/processed/mols/protein_3815fad666d9f523e88e2dac0125188f41c16301d369a96f07c0b699c8be89c1.pkl	5	926248e52d1fa532c317e37da24ed652ae64110f8219cb5e061668bd3091f048
workflows/mouse-pilot/runs/k562-all-junctions-20260920/folding-worker-live/worker-outputs/predictions/protein_3833150229de02b0e7924263e8a3cfcaf1ed38e0aa89510ed30231b5aecf9e49/boltz_results_protein_3833150229de02b0e7924263e8a3cfcaf1ed38e0aa89510ed30231b5aecf9e49/lightning_logs/version_0/hparams.yaml	4147	9531cffbf7c410cbabe15d351a985176e5de923a6e31fffb0bb90cdd49bd5643
workflows/mouse-pilot/runs/k562-all-junctions-20260920/folding-worker-live/worker-outputs/predictions/protein_3833150229de02b0e7924263e8a3cfcaf1ed38e0aa89510ed30231b5aecf9e49/boltz_results_protein_3833150229de02b0e7924263e8a3cfcaf1ed38e0aa89510ed30231b5aecf9e49/processed/constraints/protein_3833150229de02b0e7924263e8a3cfcaf1ed38e0aa89510ed30231b5aecf9e49.npz	1555	16c178184ffab4a9c488e0e8a5bd6157216ad19beab0184ec75a19087d549df9
workflows/mouse-pilot/runs/k562-all-junctions-20260920/folding-worker-live/worker-outputs/predictions/protein_3833150229de02b0e7924263e8a3cfcaf1ed38e0aa89510ed30231b5aecf9e49/boltz_results_protein_3833150229de02b0e7924263e8a3cfcaf1ed38e0aa89510ed30231b5aecf9e49/processed/mols/protein_3833150229de02b0e7924263e8a3cfcaf1ed38e0aa89510ed30231b5aecf9e49.pkl	5	926248e52d1fa532c317e37da24ed652ae64110f8219cb5e061668bd3091f048
workflows/mouse-pilot/runs/k562-all-junctions-20260920/folding-worker-live/worker-outputs/predictions/protein_77c90f63d678a4f245faa1e8b1e053e80d7c9e3e61fa3f5f942f68af2d8edf5c/boltz_results_protein_77c90f63d678a4f245faa1e8b1e053e80d7c9e3e61fa3f5f942f68af2d8edf5c/lightning_logs/version_0/hparams.yaml	4147	9531cffbf7c410cbabe15d351a985176e5de923a6e31fffb0bb90cdd49bd5643
workflows/mouse-pilot/runs/k562-all-junctions-20260920/folding-worker-live/worker-outputs/predictions/protein_77c90f63d678a4f245faa1e8b1e053e80d7c9e3e61fa3f5f942f68af2d8edf5c/boltz_results_protein_77c90f63d678a4f245faa1e8b1e053e80d7c9e3e61fa3f5f942f68af2d8edf5c/processed/constraints/protein_77c90f63d678a4f245faa1e8b1e053e80d7c9e3e61fa3f5f942f68af2d8edf5c.npz	1555	16c178184ffab4a9c488e0e8a5bd6157216ad19beab0184ec75a19087d549df9
workflows/mouse-pilot/runs/k562-all-junctions-20260920/folding-worker-live/worker-outputs/predictions/protein_77c90f63d678a4f245faa1e8b1e053e80d7c9e3e61fa3f5f942f68af2d8edf5c/boltz_results_protein_77c90f63d678a4f245faa1e8b1e053e80d7c9e3e61fa3f5f942f68af2d8edf5c/processed/mols/protein_77c90f63d678a4f245faa1e8b1e053e80d7c9e3e61fa3f5f942f68af2d8edf5c.pkl	5	926248e52d1fa532c317e37da24ed652ae64110f8219cb5e061668bd3091f048
workflows/mouse-pilot/runs/k562-all-junctions-20260920/folding-worker-live/worker-outputs/predictions/protein_d305db6529ba8b9a8f47c4a396f9990ca2cea8b4be72e57230c64b2c83412ff2/boltz_results_protein_d305db6529ba8b9a8f47c4a396f9990ca2cea8b4be72e57230c64b2c83412ff2/lightning_logs/version_0/hparams.yaml	4147	9531cffbf7c410cbabe15d351a985176e5de923a6e31fffb0bb90cdd49bd5643
workflows/mouse-pilot/runs/k562-all-junctions-20260920/folding-worker-live/worker-outputs/predictions/protein_d305db6529ba8b9a8f47c4a396f9990ca2cea8b4be72e57230c64b2c83412ff2/boltz_results_protein_d305db6529ba8b9a8f47c4a396f9990ca2cea8b4be72e57230c64b2c83412ff2/processed/constraints/protein_d305db6529ba8b9a8f47c4a396f9990ca2cea8b4be72e57230c64b2c83412ff2.npz	1555	16c178184ffab4a9c488e0e8a5bd6157216ad19beab0184ec75a19087d549df9
workflows/mouse-pilot/runs/k562-all-junctions-20260920/folding-worker-live/worker-outputs/predictions/protein_d305db6529ba8b9a8f47c4a396f9990ca2cea8b4be72e57230c64b2c83412ff2/boltz_results_protein_d305db6529ba8b9a8f47c4a396f9990ca2cea8b4be72e57230c64b2c83412ff2/processed/mols/protein_d305db6529ba8b9a8f47c4a396f9990ca2cea8b4be72e57230c64b2c83412ff2.pkl	5	926248e52d1fa532c317e37da24ed652ae64110f8219cb5e061668bd3091f048
workflows/mouse-pilot/runs/k562-all-junctions-20260920/folding-worker-live/worker-outputs/predictions/weights.json	447	5f00c42a966065653b1feeca041016b2d6e11814686839bad65b57647f3b0d20
workflows/mouse-pilot/runs/k562-all-junctions-20260920/folding-worker-live/worker-outputs/requirements-lock.txt	1898	70ea7ed3315e76f3d3a2eb4eaa6c27c5c3356d30587e9e1b48be13828a940575
workflows/mouse-pilot/runs/k562-all-junctions-20260920/msa-cache/protein_05e1eedf66c7083052565c34a5bc6019a9abe863e50268602de668184e00597e/05e1eedf66c7083052565c34a5bc6019a9abe863e50268602de668184e00597e_env/msa.sh	6616	02f30b6496d754cf132c4c74f7ecf5c0c133e46d393b1b8e0b4cdae32e96356b
workflows/mouse-pilot/runs/k562-all-junctions-20260920/msa-cache/protein_05e1eedf66c7083052565c34a5bc6019a9abe863e50268602de668184e00597e/05e1eedf66c7083052565c34a5bc6019a9abe863e50268602de668184e00597e_env/pdb70.m8	0	e3b0c44298fc1c149afbf4c8996fb92427ae41e4649b934ca495991b7852b855
workflows/mouse-pilot/runs/k562-all-junctions-20260920/msa-cache/protein_05e1eedf66c7083052565c34a5bc6019a9abe863e50268602de668184e00597e/alignment.a3m	3870	d3b1e442bef5d21ba0fc020308d3211006f73d6a42d5bd72541f2f87852da27f
workflows/mouse-pilot/runs/k562-all-junctions-20260920/msa-cache/protein_05e1eedf66c7083052565c34a5bc6019a9abe863e50268602de668184e00597e/msa.json	1242	f3dd998b24465111602b13f080a51110ee9f5d8cd998ccf6e348d1302cf9c049
workflows/mouse-pilot/runs/k562-all-junctions-20260920/msa-cache/protein_0e71eb67bf1bfe9282d6df812a2db99f7489cc4241ac9071693d20ea8ad1d905/0e71eb67bf1bfe9282d6df812a2db99f7489cc4241ac9071693d20ea8ad1d905_env/msa.sh	6616	02f30b6496d754cf132c4c74f7ecf5c0c133e46d393b1b8e0b4cdae32e96356b
workflows/mouse-pilot/runs/k562-all-junctions-20260920/msa-cache/protein_0e71eb67bf1bfe9282d6df812a2db99f7489cc4241ac9071693d20ea8ad1d905/alignment.a3m	2302790	4a8a410784b26e2b7f48a5cc0194bd589ed6b840825a20d85b1e66374b4e4860
workflows/mouse-pilot/runs/k562-all-junctions-20260920/msa-cache/protein_0e71eb67bf1bfe9282d6df812a2db99f7489cc4241ac9071693d20ea8ad1d905/msa.json	1553	23dfac66d8b65f2f81e61a426362c86f6c39112b0df361c35030229d16b7ff2a
workflows/mouse-pilot/runs/k562-all-junctions-20260920/msa-cache/protein_3815fad666d9f523e88e2dac0125188f41c16301d369a96f07c0b699c8be89c1/3815fad666d9f523e88e2dac0125188f41c16301d369a96f07c0b699c8be89c1_env/msa.sh	6616	02f30b6496d754cf132c4c74f7ecf5c0c133e46d393b1b8e0b4cdae32e96356b
workflows/mouse-pilot/runs/k562-all-junctions-20260920/msa-cache/protein_3815fad666d9f523e88e2dac0125188f41c16301d369a96f07c0b699c8be89c1/alignment.a3m	164623	89c54e2d6c5d71f29dcbaf8b3ed477d27c91983a81a71a9865dbc898121b4d01
workflows/mouse-pilot/runs/k562-all-junctions-20260920/msa-cache/protein_3815fad666d9f523e88e2dac0125188f41c16301d369a96f07c0b699c8be89c1/msa.json	1616	e45666ef507822a0aff107e011937f3616fcb326b1e991b89be659227cd47291
workflows/mouse-pilot/runs/k562-all-junctions-20260920/msa-cache/protein_3833150229de02b0e7924263e8a3cfcaf1ed38e0aa89510ed30231b5aecf9e49/3833150229de02b0e7924263e8a3cfcaf1ed38e0aa89510ed30231b5aecf9e49_env/msa.sh	6616	02f30b6496d754cf132c4c74f7ecf5c0c133e46d393b1b8e0b4cdae32e96356b
workflows/mouse-pilot/runs/k562-all-junctions-20260920/msa-cache/protein_3833150229de02b0e7924263e8a3cfcaf1ed38e0aa89510ed30231b5aecf9e49/alignment.a3m	1468468	2d7f3a151ac2af595cb355306d389f4963669623e5f78b1bd724a5e2af752e05
workflows/mouse-pilot/runs/k562-all-junctions-20260920/msa-cache/protein_3833150229de02b0e7924263e8a3cfcaf1ed38e0aa89510ed30231b5aecf9e49/msa.json	2143	d2655c44487226ecf878152d4b02409d05620fd2ad8dc3977fd5b111a1c99da4
workflows/mouse-pilot/runs/k562-all-junctions-20260920/msa-cache/protein_77c90f63d678a4f245faa1e8b1e053e80d7c9e3e61fa3f5f942f68af2d8edf5c/77c90f63d678a4f245faa1e8b1e053e80d7c9e3e61fa3f5f942f68af2d8edf5c_env/msa.sh	6616	02f30b6496d754cf132c4c74f7ecf5c0c133e46d393b1b8e0b4cdae32e96356b
workflows/mouse-pilot/runs/k562-all-junctions-20260920/msa-cache/protein_77c90f63d678a4f245faa1e8b1e053e80d7c9e3e61fa3f5f942f68af2d8edf5c/77c90f63d678a4f245faa1e8b1e053e80d7c9e3e61fa3f5f942f68af2d8edf5c_env/pdb70.m8	0	e3b0c44298fc1c149afbf4c8996fb92427ae41e4649b934ca495991b7852b855
workflows/mouse-pilot/runs/k562-all-junctions-20260920/msa-cache/protein_77c90f63d678a4f245faa1e8b1e053e80d7c9e3e61fa3f5f942f68af2d8edf5c/alignment.a3m	1252	332474ecf05e3ea21a73de62e0f20bfcfdbbf1428d320485b376ac9656d534f7
workflows/mouse-pilot/runs/k562-all-junctions-20260920/msa-cache/protein_77c90f63d678a4f245faa1e8b1e053e80d7c9e3e61fa3f5f942f68af2d8edf5c/msa.json	1384	c79d0fbde6ea8fee43d2b172925b043ddbf0ebfab5946ea5b48cca81f120f1f9
workflows/mouse-pilot/runs/k562-all-junctions-20260920/msa-cache/protein_d305db6529ba8b9a8f47c4a396f9990ca2cea8b4be72e57230c64b2c83412ff2/alignment.a3m	93279	81425694592786b1c816fe7d234598b33d9f3f0d8fa9bbaaa4ce4414ef3a22f5
workflows/mouse-pilot/runs/k562-all-junctions-20260920/msa-cache/protein_d305db6529ba8b9a8f47c4a396f9990ca2cea8b4be72e57230c64b2c83412ff2/d305db6529ba8b9a8f47c4a396f9990ca2cea8b4be72e57230c64b2c83412ff2_env/msa.sh	6616	02f30b6496d754cf132c4c74f7ecf5c0c133e46d393b1b8e0b4cdae32e96356b
workflows/mouse-pilot/runs/k562-all-junctions-20260920/msa-cache/protein_d305db6529ba8b9a8f47c4a396f9990ca2cea8b4be72e57230c64b2c83412ff2/d305db6529ba8b9a8f47c4a396f9990ca2cea8b4be72e57230c64b2c83412ff2_env/pdb70.m8	0	e3b0c44298fc1c149afbf4c8996fb92427ae41e4649b934ca495991b7852b855
workflows/mouse-pilot/runs/k562-all-junctions-20260920/msa-cache/protein_d305db6529ba8b9a8f47c4a396f9990ca2cea8b4be72e57230c64b2c83412ff2/msa.json	1157	59b52b2f62c29b9201288ea33e9b0bb3efeda1874e38815630b7df56c7726844
workflows/mouse-pilot/runs/k562-extension-20260920/A/orfs/protein_hypotheses.fasta	0	e3b0c44298fc1c149afbf4c8996fb92427ae41e4649b934ca495991b7852b855
workflows/mouse-pilot/runs/k562-extension-20260920/A/orfs/protein_hypotheses.json	3	37517e5f3dc66819f61f5a7bb8ace1921282415f10551d2defa5c3eb0985b570
workflows/mouse-pilot/runs/k562-extension-20260920/adapter-origin.log	3708	85f68103c7f01d4cb9903cdf482eda24bd0851fd61b34bbcdb9bd17c3f0db079
workflows/mouse-pilot/runs/k562-extension-20260920/adapter-rules.json	1038	83ceff5f05961b54644641708d3e0cf5fce21961d741fa3fe60badfc7dc945a5
workflows/mouse-pilot/runs/k562-extension-20260920/benchmark-check.log	902	3e23c563c2124e028fc4f52f0e0455292e42091b76a016bb93df924723589b98
workflows/mouse-pilot/runs/k562-extension-20260920/build-check.log	1788	75452403cb86b4418b9a0045de2ff635a9ba1416af452b7f806b76a77dbb43ac
workflows/mouse-pilot/runs/k562-pilot/20260919-overnight/benchmark-check.log	902	3e23c563c2124e028fc4f52f0e0455292e42091b76a016bb93df924723589b98
workflows/mouse-pilot/runs/k562-pilot/20260919-overnight/build-check.log	1788	75452403cb86b4418b9a0045de2ff635a9ba1416af452b7f806b76a77dbb43ac
workflows/mouse-pilot/runs/k562-pilot/20260919-overnight/outputs/primary_freeze.json	692	f2300fae9dbd4c178d25dbf1348f84a1ccb3ab4600e76f8b9845dd5b23fc0be6
workflows/mouse-pilot/runs/k562-pilot/20260919-overnight/outputs/repeatability-2/assessment/assessment_summary.json	681	5a498f9237f37b70c7637883c3ce55abe29dd317ae6a46551857fcbb93053cad
workflows/mouse-pilot/runs/k562-pilot/20260919-overnight/outputs/repeatability-2/assessment/read_decisions.json	575559	115becc62c017cea05e4a901db1e695d253b37c8a0333885808815cadec66b2c
workflows/mouse-pilot/runs/k562-pilot/20260919-overnight/outputs/repeatability-2/assessment/rna_ranking.json	105172	c62ccca3122b444cfa1c798af3366477418ff498a9ee5f0a33a971a2cd5313c7
workflows/mouse-pilot/runs/k562-pilot/20260919-overnight/outputs/repeatability-2/assessment/unassigned_segments.json	11315	5df8cd65ac8a189629b87da7768675eaf9517f3e1719a36872ce80d799275a8f
workflows/mouse-pilot/runs/k562-pilot/20260919-overnight/outputs/repeatability-2/assessment/unresolved_longgf_proposals.json	273	5333844dbd30a9e277177a659c05eccaac0f69289ad2bfdaffc33706d69d5984
workflows/mouse-pilot/runs/k562-pilot/20260919-overnight/outputs/repeatability-2/discovery/split_read_ids.txt	3034	09d3fcf98d2d9ad25b3965715763a9279bc7161e686e96821569356bdbf3929d
workflows/mouse-pilot/runs/k562-pilot/20260919-overnight/progress-monitor.log	0	e3b0c44298fc1c149afbf4c8996fb92427ae41e4649b934ca495991b7852b855
workflows/mouse-pilot/runs/k562-pilot/20260919-overnight/watchdog.log	0	e3b0c44298fc1c149afbf4c8996fb92427ae41e4649b934ca495991b7852b855
workflows/mouse-pilot/runs/pilot-20260919/archive-names-attempt-1/stderr.log	0	e3b0c44298fc1c149afbf4c8996fb92427ae41e4649b934ca495991b7852b855
workflows/mouse-pilot/runs/pilot-20260919/benchmark-regression-build.json	1788	75452403cb86b4418b9a0045de2ff635a9ba1416af452b7f806b76a77dbb43ac
workflows/mouse-pilot/runs/pilot-20260919/extract-attempt-1/stderr.log	84	26f1473e83db679d3d39c0256d2eaa882b0c08c8564c7dc0a06def2ea0f52f12
workflows/mouse-pilot/runs/pilot-20260919/extract-attempt-1/stdout.log	0	e3b0c44298fc1c149afbf4c8996fb92427ae41e4649b934ca495991b7852b855
workflows/mouse-pilot/runs/pilot-20260919/prefetch-attempt-1/stderr.log	0	e3b0c44298fc1c149afbf4c8996fb92427ae41e4649b934ca495991b7852b855
workflows/mouse-pilot/runs/pilot-20260919/qc/qc.json	791	61c00c17d174a453f44d02329a1b65a10537aa6c2542fc7b70c29a12918deca5
workflows/mouse-pilot/runs/pilot-20260919/read-qc-attempt-1/stderr.log	0	e3b0c44298fc1c149afbf4c8996fb92427ae41e4649b934ca495991b7852b855
workflows/mouse-pilot/runs/pilot-20260919/read-qc-attempt-1/stdout.log	791	61c00c17d174a453f44d02329a1b65a10537aa6c2542fc7b70c29a12918deca5
workflows/mouse-pilot/runs/pilot-20260919/validate-attempt-1/stdout.log	0	e3b0c44298fc1c149afbf4c8996fb92427ae41e4649b934ca495991b7852b855
workflows/cross-species/logs/continuation_driver.log	0	e3b0c44298fc1c149afbf4c8996fb92427ae41e4649b934ca495991b7852b855
workflows/cross-species/logs/deadline_scheduler.log	0	e3b0c44298fc1c149afbf4c8996fb92427ae41e4649b934ca495991b7852b855
workflows/cross-species/logs/export_daemon.log	0	e3b0c44298fc1c149afbf4c8996fb92427ae41e4649b934ca495991b7852b855
workflows/cross-species/logs/install_jaffal_isolated.log	0	e3b0c44298fc1c149afbf4c8996fb92427ae41e4649b934ca495991b7852b855
workflows/cross-species/logs/reference_driver.log	0	e3b0c44298fc1c149afbf4c8996fb92427ae41e4649b934ca495991b7852b855
workflows/cross-species/logs/watchdog.log	0	e3b0c44298fc1c149afbf4c8996fb92427ae41e4649b934ca495991b7852b855
workflows/cross-species/manifest/ncbi_dog1.xml	8629	cd117d23768f9f88b1d3ec745922ad5081bb9dedd8bd55df42c7d5f0d2f67fc1
workflows/cross-species/manifest/ncbi_rat1.xml	8830	0341fa21892a23ba8ad0b6d1b6f230776ff64c00deca8b49dbdb727b986c9143
workflows/cross-species/manifest/ncbi_rat2.xml	8825	706e6b0c5ae3a5cdb8497fa5f7bb7309f21bd7861a9bc7b1d6061250245e2b76
workflows/cross-species/manifest/xml/SRX26798530.xml	2733	f45f65d3f4e9f594679ba8e4271a3a342ed260c040d101f1b0a537dcbf4b286d
workflows/cross-species/per_species/bos_taurus/SRR31429688/genion_results/genomicSuperDups.txt	0	e3b0c44298fc1c149afbf4c8996fb92427ae41e4649b934ca495991b7852b855
workflows/cross-species/per_species/bos_taurus/SRR31429688/longgf_results/Combined_LongGF_chimera_results_total.csv	27334	7a9d4e9aae68254eb5d2e62158ab85e6ebd4217ef2b4a86a3ee51e860ba19824
workflows/cross-species/per_species/bos_taurus/SRR31429688/longgf_results/Combined_LongGF_chimera_results_with_sample_info.csv	32985	47f022375e790ad91e0cecfd73aa0ec69e6880e39c94004e630d0d28736a2b56
workflows/cross-species/per_species/bos_taurus/SRR31429688/longgf_results/SRR31429688_mod.txt	44104	e11754a01a7dc771cbb0f19050306386220bdf9ba9a1d5d791bae209b32e3dac
workflows/cross-species/per_species/bos_taurus/SRR31429688/longgf_results/SRR31429688_mod1.txt	44104	b7cba227dacf1de666374d334f24686acf4c2440f3e029010f9bf5b3a5f4bb8e
workflows/cross-species/per_species/bos_taurus/SRR31429688/longgf_results/SRR31429688_mod2.txt	44104	28298229fd56b46c708db71b36f05631a7c99be7ca74bef975541021831843f5
workflows/cross-species/per_species/bos_taurus/SRR31429688/longgf_results/SRR31429688_mod3.txt	44632	978f4832a0ee5fe183e3f0b2bc09eebe23d4e5d77262440e51a13c41f9568dbd
workflows/cross-species/per_species/bos_taurus/SRR31429688/longgf_results/SRR31429688_mod4.txt	44672	8fa454cdf51d9fc77f466ba54a9034326206fa6b079a591b099653521e004fa6
workflows/cross-species/per_species/bos_taurus/SRR31429688/longgf_results/SRR31429688_mod5.txt	56887	fe32c8cc9d468df97495c1925ee215795ab54e2ef591ad6df6a1982fd544d350
workflows/cross-species/per_species/bos_taurus/SRR31429688/longgf_results/SRR31429688_modlast.txt	28690	25307bfb125d8ad9d330835e21fef7db618409f05800c4e7421f5bafdba422a8
workflows/cross-species/per_species/bos_taurus/SRR31429688/longgf_results/SRR31429688_results.txt	28689	9197511b97254e2041cb8952b8b7639d4b09aa0101eca0b216cd25fb349f1d5f
workflows/cross-species/per_species/bos_taurus/SRR31429688/reconstruction_longgf_only/exon_repair/Fasta_geneA_not_collapse.fa	0	e3b0c44298fc1c149afbf4c8996fb92427ae41e4649b934ca495991b7852b855
workflows/cross-species/per_species/bos_taurus/SRR31429688/reconstruction_longgf_only/exon_repair/Fasta_geneB_not_collapse.fa	0	e3b0c44298fc1c149afbf4c8996fb92427ae41e4649b934ca495991b7852b855
workflows/cross-species/per_species/bos_taurus/SRR31429688/reconstruction_longgf_only/exon_repair/bed_file_A.bed	0	e3b0c44298fc1c149afbf4c8996fb92427ae41e4649b934ca495991b7852b855
workflows/cross-species/per_species/bos_taurus/SRR31429688/reconstruction_longgf_only/exon_repair/bed_file_B.bed	0	e3b0c44298fc1c149afbf4c8996fb92427ae41e4649b934ca495991b7852b855
workflows/cross-species/per_species/bos_taurus/SRR31429688/reconstruction_longgf_only/exon_repair/sequences_sorted.fa	316261	0fea52ffac00da67b0c8db30c1ede93f38499d6162f4509876746951020b89ef
workflows/cross-species/per_species/homo_sapiens/SRR31438987/genion_results/genomicSuperDups.txt	0	e3b0c44298fc1c149afbf4c8996fb92427ae41e4649b934ca495991b7852b855
workflows/cross-species/per_species/homo_sapiens/SRR31438987/longgf_results/Combined_LongGF_chimera_results_total.csv	4920	9664d7e13c667a56da728d19a644b8882d08d8423beca95baeed782087662a08
workflows/cross-species/per_species/homo_sapiens/SRR31438987/longgf_results/Combined_LongGF_chimera_results_with_sample_info.csv	5969	7325ce294ba35d77d94b0084822d3783d85f2beea4919b6cda34c449d302135e
workflows/cross-species/per_species/homo_sapiens/SRR31438987/longgf_results/SRR31438987_mod.txt	8338	7a40ddad715a2912dbc2fbb2de70df0d0cf06081cb9ade42854bcf84cdfc330a
workflows/cross-species/per_species/homo_sapiens/SRR31438987/longgf_results/SRR31438987_mod1.txt	8338	b07abe2a02ffacc7dfe08ed657cc0973a5b0550a5dc20fd2aa2a7a080585e28f
workflows/cross-species/per_species/homo_sapiens/SRR31438987/longgf_results/SRR31438987_mod2.txt	8338	15212bfda0cdbd179194c3af8278842688731c169447a4b574c77efcb46e2cc5
workflows/cross-species/per_species/homo_sapiens/SRR31438987/longgf_results/SRR31438987_mod3.txt	8446	f4f7a7c4e41bcfd42b5e111ccba1a02edf641c44a8597dd1b841e9ef20e27a83
workflows/cross-species/per_species/homo_sapiens/SRR31438987/longgf_results/SRR31438987_mod4.txt	8449	edd9ec37cf9de1c3b5ded3c11fcf311f3041803fc208c2fe8e70b660360ff217
workflows/cross-species/per_species/homo_sapiens/SRR31438987/longgf_results/SRR31438987_mod5.txt	10722	80ddc06e3695a672606e25a2610241fc5595f79e12fa4dd040391455c84fc3f5
workflows/cross-species/per_species/homo_sapiens/SRR31438987/longgf_results/SRR31438987_modlast.txt	5190	4043709a68176dc60d96919dc3b86542d0069790e9759147a39e24f5e536d54a
workflows/cross-species/per_species/homo_sapiens/SRR31438987/longgf_results/SRR31438987_results.txt	5189	c6c219cd07e40d4f7e446c1a24bb253ae3f3c034eecb451fe6753331266155e3
workflows/cross-species/per_species/homo_sapiens/SRR31438987/reconstruction_longgf_only/exon_repair/Fasta_geneA_not_collapse.fa	0	e3b0c44298fc1c149afbf4c8996fb92427ae41e4649b934ca495991b7852b855
workflows/cross-species/per_species/homo_sapiens/SRR31438987/reconstruction_longgf_only/exon_repair/Fasta_geneB_not_collapse.fa	0	e3b0c44298fc1c149afbf4c8996fb92427ae41e4649b934ca495991b7852b855
workflows/cross-species/per_species/homo_sapiens/SRR31438987/reconstruction_longgf_only/exon_repair/bed_file_A.bed	0	e3b0c44298fc1c149afbf4c8996fb92427ae41e4649b934ca495991b7852b855
workflows/cross-species/per_species/homo_sapiens/SRR31438987/reconstruction_longgf_only/exon_repair/bed_file_B.bed	0	e3b0c44298fc1c149afbf4c8996fb92427ae41e4649b934ca495991b7852b855
workflows/cross-species/per_species/homo_sapiens/SRR31438987/reconstruction_longgf_only/exon_repair/phase4_summary_exon_data.csv	421	693443599d31c435d6d35d7f8b59e9e16d60296d014c6f98cd1a72637555c6c6
workflows/cross-species/per_species/homo_sapiens/SRR31438987/reconstruction_longgf_only/exon_repair/phase4_transcript_exon_debug.csv	417	0d962b7a78da64f16003dcfc04b546c93c115271852075a9632f4234b4a9f643
workflows/cross-species/per_species/homo_sapiens/SRR31438987/reconstruction_longgf_only/exon_repair/sequences_sorted.fa	41918	5a1f8576d5ddada88b1bb9ebb097f7ac6dab42a6f9643c9f2492076697e60ecc
workflows/cross-species/qc/environment_ready	0	e3b0c44298fc1c149afbf4c8996fb92427ae41e4649b934ca495991b7852b855
workflows/cross-species/qc/pilot_downloads_ready	0	e3b0c44298fc1c149afbf4c8996fb92427ae41e4649b934ca495991b7852b855
workflows/cross-species/review/orthology_ambiguity_sensitivity.json	2	4f53cda18c2baa0c0354bb5f9a3ecbe5ed12ab4d8e11ba873c2f11161202b945
data/raw/41586_2026_10982_MOESM10_ESM.xlsx	52808	601adceec614d56f70f7ecd636278e8df13f2bf9c8dc96c6de0991ce5230cc00
data/raw/41586_2026_10982_MOESM3_ESM.xlsx	17652	bdc728d03edb59ccab315d371e46088ae52ab2944d770d39aa3561be49b2ecca
data/raw/41586_2026_10982_MOESM5_ESM.xlsx	3225461	26188b51627c0c804fd102b605e81c083866ae4253d845f2f3bbc45fcf3d71ce
data/raw/41586_2026_10982_MOESM9_ESM.xlsx	23585	6edb01e329d622100da30c47cd8eeaf7589a325d2ab94fb06f27c0f088a7f131
data/reference/gencode.vM28.annotation.gtf.gz	28349951	ac3a1ecbc9c6e4eb332cc37fa98338d15e13185426ceb9c98d11e5f4e0e4341f
data/reference/gencode.vM28.transcripts.fa.gz	54548377	4e187c0e7d7e9020294c3012c0f4486409962238b8ad2db260b9048005358254
results/structure_campaign/analysis/alternative_start/METHODS.md	1434	8746721ff92ace963b5b3bc948600e1bab933f47a22926106a35684a76ebbaa7
results/structure_campaign/cohort/GSE267147_self_metadata.txt	3800	6184a2c9392046ac1a6f2512439f9425c6121347e91bda436f1ae6451ef43b29
results/structure_campaign/compute/consensus_msa_prep/sequences.fasta	10102	cd98427cc7d898754bb392d06270e707b3b1e2ffcc2c31aa2949d675a33e5ffd
results/structure_campaign/compute/inputs/protein_00fb8657255fb894315401cecb9ab9e3047ef7b3d1f0d35d357663269780201c_precomputed_seed20260919.yaml	196	f07fab801a89195efb8a8b0850cea3cc0bd482f959087eef0f85ce0ce015710f
results/structure_campaign/compute/inputs/protein_101700281cde078bee94b7382d6e603a4babf7b2c6c73ebf43d4a469d59c79f5_precomputed_seed20260919.yaml	308	3730384e931e53b8f499907fe516a526f19db20824c7279262c5431a736ccbf2
results/structure_campaign/compute/inputs/protein_17d111deb4d6dc3037080cfa51b4f13d1b3e22d45fa78ccc97a0cca4c2afed7e_precomputed_seed20260919.yaml	313	984e38ad87ac163cd2bd4bc8feef6258c097f718a42d5109849acd841293278a
results/structure_campaign/compute/inputs/protein_1bce31ef49449220635ddadc203907308fc7f2ec67e7d48732292471c9bbe3df_precomputed_seed20260919.yaml	181	ace52061fba5e031883cb625a85c036812fc8e811b3f6a98cc0e8c3c79c41100
results/structure_campaign/compute/inputs/protein_1e8bc65243a9facc8e4feddf58cbbe693b2477dfe7a89be4bd6f1930464904dc_precomputed_seed20260919.yaml	230	daf870899e72c0ee65de039ef1acd764d0efdd9d46c54070139f3eeb70395d45
results/structure_campaign/compute/inputs/protein_2f5ccec75975e3c6f577920bce8d2353c43c2083ced5a445cd4306874aa49f96_precomputed_seed20260919.yaml	193	8679bbf4f8bd130fb63e49c0777705be8d4c72a389733594fcb54a90d70b1c1c
results/structure_campaign/compute/inputs/protein_3538354085b81ef36c100a2816d54993d184f50f51149beb3c72110afb62890b_precomputed_seed20260919.yaml	188	da4eaa577a705dc4c110def810e4a29da38a2f6d3abc19ca74771365a9cc5110
results/structure_campaign/compute/inputs/protein_3868fed335582b3a056d423efc2dbae9dfa7c7350d3572a0f67798065f307d53_precomputed_seed20260919.yaml	248	cb21a4cedddfb5638852f6f6a895a357c60c2bc013f79d2cb831d38de8645e76
results/structure_campaign/compute/inputs/protein_3efb26690c36c414062c23d0c47a34fbb57d8f10f8edf672769c2cddb8218cfa_precomputed_seed20260919.yaml	356	8d51c9b723b166ee4994b4dd2eb0aff1aff2c71059babf043b653bec06a83738
results/structure_campaign/compute/inputs/protein_5e0a55ceea7aa5596a1130b2f7a693b8a52acf6bf2ac12e69951ade5c9fb2d52_precomputed_seed20260919.yaml	267	9aeef3c8b8e2723beb85c30a7524fd185c916b11701a433dd4bc550106f73434
results/structure_campaign/compute/inputs/protein_61dbcd41ff74ad3f3b63240c13327fee06c0feb5d06fe4cf72c1220d5d18bb06_precomputed_seed20260919.yaml	316	146c0ed84c6cd87460e87cac8a3ab5568f1d6e19d74d5a76bbfd3198d58fe55e
results/structure_campaign/compute/inputs/protein_6de3b695e6fb7625fb0b645afd1d9dbcedf1ea280f2faf93d7ebafbd589a09ef_precomputed_seed20260919.yaml	447	c6268f001bc6aa8d1fbdbd563cfdb1979e08b3fb36edf0fd4f6363e321ef7d5e
results/structure_campaign/compute/inputs/protein_7153a9988f10e3f16ef9401be9c3ebf0e792e0075a0738bde80362e44019b419_precomputed_seed20260919.yaml	453	40fb012413b8ebeb9b664d9c8f3a73bb4d3b0b710f2842ef6eaf9b3292ef1bfc
results/structure_campaign/compute/inputs/protein_74500f70e6a9f3f7e33db93e70c8610c8c7af7704f8522687bc26abc4cd3eb18_precomputed_seed20260919.yaml	383	53555a945a5fb6823862e1b4959efc56b779e38d77f68488d3cd5c2b4b51550c
results/structure_campaign/compute/inputs/protein_7a9f6f4887bd814b003cf10313fd2533c1efedd27d7e63a1d4f1508167c28ace_precomputed_seed20260919.yaml	188	45a367ac0738962f38d5937d686f6f54450717f98d16c9932ded41a599233c32
results/structure_campaign/compute/inputs/protein_7c620433a33c479bd09812150c15d2e0accd796c3cd40b057543080302fe009b_precomputed_seed20260919.yaml	195	37aa9dc107c1f714db75523a31e3005a235897d72f55836654914eb0a870177e
results/structure_campaign/compute/inputs/protein_899325e73395c7c25bfb100e110524886b8177bae90a0ab97604b66f4b77da1e_precomputed_seed20260919.yaml	244	d9a9019bb9e912cdad113a3d9a31ce2bcce301dc2c7a007c0f1ae3486f1a12f7
results/structure_campaign/compute/inputs/protein_91b6c2354036f74992cb5f2520a3614bb2b0ecc3feab662dbb7e791accc4b3b7_precomputed_seed20260919.yaml	362	aec8f3ede3b558f9133d638773211246b865c961fabaf20f614bfa7d06786ae7
results/structure_campaign/compute/inputs/protein_9a99577ea77e93a51bb896132001fac6caa242ee517a62995ddef9d39a72f54a_precomputed_seed20260919.yaml	860	72b1265b963ca52365d2c30a009f1c1b6099bea434dfc77a77df0a0fbc0415eb
results/structure_campaign/compute/inputs/protein_b0d22e27937167cce8168e89f2f47683b4ada96ad48b9ebb22e347b9e99abcb8_precomputed_seed20260919.yaml	290	112646786e0f740293e53797ac21b72a4a717ae330ede941f785eed33a7f5929
results/structure_campaign/compute/inputs/protein_b537f99b45ff96dfbe025055a4ef53a4d336495d89f7355a3e01399abae3638e_precomputed_seed20260919.yaml	717	951426c4d8528aebfd4646115844dca4b53c9247af58b815272ed5a55732db51
results/structure_campaign/compute/inputs/protein_ca2772f82b0e861861636ddd31697e08475ddd2b2f93467e300b85d3aa0b3c75_precomputed_seed20260919.yaml	2647	c5edf888dd670a6a71893c780065499f2efb27bc207b65b2bc275319ae9cc0e5
results/structure_campaign/compute/inputs/protein_d09ba36d63b4b05b94c1787f8ea186e5b841f5920b3ffb5356533bd95afd68da_precomputed_seed20260919.yaml	408	5c1c81e954aef3fa216678a7ee540c91237b6455e15f8bc82b7b19a115d2c800
results/structure_campaign/compute/inputs/protein_dba94fe4564b656dcb4c88ed9c0af05dfe78a7d6ea0ef18b1c71b29fe58fa0d9_precomputed_seed20260919.yaml	244	82b6e827734c05f4439b5fff174750bec0f465c5435e93968be5628e73b116be
results/structure_campaign/compute/inputs/protein_dfb8a2ccde79614b69b3425f8cd6ffcf0f2bddaf437ae76facc8bb7ebdfacb2e_precomputed_seed20260919.yaml	342	e5683465a75b32890d70c80bc8b2ca2a297c98c6706bd16a14ca86594d42cc53
results/structure_campaign/compute/inputs/protein_e5af13d33e889258c3c023a666c476f620d82348973f983e518b9779866522d1_precomputed_seed20260919.yaml	324	7e50da3a067a48ccc75c44b5233cceb17490175bb2050125c3462569936c60e1
results/structure_campaign/compute/inputs/protein_e6bde9e98c0c71a406cda37d339a2829de1ba0ba203b851d67e4082deda858a7_precomputed_seed20260919.yaml	532	801b939003551fe04443ef605faa4ac6ff0bed322bdaab70f878a173cef696b0
results/structure_campaign/compute/inputs/protein_eaadb81f5c70805626da52cd61e57438d32bf21d9a2d8384477f99624294a992_precomputed_seed20260919.yaml	307	15f0758c7936a62d99fa3b6cf395cb53b31e4e5c770263d184625ce3689b2c97
results/structure_campaign/compute/inputs/protein_f3b157eea4a7b3afed59584e95a707bc05cb7cf6e128952858f1c030fdca8e9f_precomputed_seed20260919.yaml	219	d79f648b670805c04e2ba5026f6d99f65d63e5ff4f8bca214ceeaadcce7fac28
results/structure_campaign/compute/inputs/protein_ff641b7f66baa209ff86e50cff70775b9fc1fd0004872ad33a501711d57eaf5e_precomputed_seed20260919.yaml	282	973e375fbb2833baf7268c53e0c187c9a12f9a227454f492dcf07764bee17702
results/structure_campaign/compute/models/protein_f0766d124b52f0061597ce4e822e9275a04152df574f9a512631a0fa6ed8a2fa_precomputed_seed20260919/confidence.json	445	1d2a89be29784eebe094054b71e82a7638c27f966d3d3bfc9430766a80fb0214
results/structure_campaign/compute/models/protein_f0766d124b52f0061597ce4e822e9275a04152df574f9a512631a0fa6ed8a2fa_precomputed_seed20260919/model.cif	80964	d2b318e1f2ab28d8ef75df7e336b7022b583a608a9ca452685df7765a4421049
results/structure_campaign/compute/models/protein_f0766d124b52f0061597ce4e822e9275a04152df574f9a512631a0fa6ed8a2fa_precomputed_seed20260919/pae.npz	48578	a865ccdce7f4992d3e2e57efa6e4f09dd00a7b98171c3b94812d5857a53d6135
results/structure_campaign/compute/models/protein_f0766d124b52f0061597ce4e822e9275a04152df574f9a512631a0fa6ed8a2fa_precomputed_seed20260919/pde.npz	42792	b5468f57e935d626e16ed8734e6641121b8d9e82df4f530ee9a34dc5056b44de
results/structure_campaign/compute/models/protein_f0766d124b52f0061597ce4e822e9275a04152df574f9a512631a0fa6ed8a2fa_precomputed_seed20260919/plddt.npz	678	6027851f17082ff92387312ce4c41b9809eac73bf1264edbb713363815ac0a17
results/structure_campaign/compute/models/protein_f0766d124b52f0061597ce4e822e9275a04152df574f9a512631a0fa6ed8a2fa_precomputed_seed20260919/prior_provenance.json	7293	77da8c89bcc862db088dbd9adf1c5c74a877804e1cab4be1b0c3e4d921b1f5ed
results/structure_campaign/compute/single_sequence_deepdive/export_ssh.log	0	e3b0c44298fc1c149afbf4c8996fb92427ae41e4649b934ca495991b7852b855
results/structure_campaign/compute/single_sequence_deepdive/inputs/protein_00fb8657255fb894315401cecb9ab9e3047ef7b3d1f0d35d357663269780201c_single_sequence_seed20260920.yaml	128	0f784fb52f0aa49537a804a5726ae80a28edeb73937090b101f71750c09b97f4
results/structure_campaign/compute/single_sequence_deepdive/inputs/protein_00fb8657255fb894315401cecb9ab9e3047ef7b3d1f0d35d357663269780201c_single_sequence_seed20260921.yaml	128	0f784fb52f0aa49537a804a5726ae80a28edeb73937090b101f71750c09b97f4
results/structure_campaign/compute/single_sequence_deepdive/inputs/protein_06a47ea8fb14decf2e1f83ce3d7b3bc9900a29ed89cc722332a43a369472b176_single_sequence_seed20260920.yaml	438	1fdc641be9e03fc5ce315626daead19e7b8fd6bcb5bf8351094126bddc62c2aa
results/structure_campaign/compute/single_sequence_deepdive/inputs/protein_06a47ea8fb14decf2e1f83ce3d7b3bc9900a29ed89cc722332a43a369472b176_single_sequence_seed20260921.yaml	438	1fdc641be9e03fc5ce315626daead19e7b8fd6bcb5bf8351094126bddc62c2aa
results/structure_campaign/compute/single_sequence_deepdive/inputs/protein_17d111deb4d6dc3037080cfa51b4f13d1b3e22d45fa78ccc97a0cca4c2afed7e_single_sequence_seed20260920.yaml	245	694623c9bd5ecc6d260de64fe249db3e6dcf3396ca5f014236fe9a1a0c9a2609
results/structure_campaign/compute/single_sequence_deepdive/inputs/protein_17d111deb4d6dc3037080cfa51b4f13d1b3e22d45fa78ccc97a0cca4c2afed7e_single_sequence_seed20260921.yaml	245	694623c9bd5ecc6d260de64fe249db3e6dcf3396ca5f014236fe9a1a0c9a2609
results/structure_campaign/compute/single_sequence_deepdive/inputs/protein_1bce31ef49449220635ddadc203907308fc7f2ec67e7d48732292471c9bbe3df_single_sequence_seed20260920.yaml	113	d798e6bb2d744a32332ab51e7622e089aa360e845f6c1bc37ed8bd15c6ef5958
results/structure_campaign/compute/single_sequence_deepdive/inputs/protein_1bce31ef49449220635ddadc203907308fc7f2ec67e7d48732292471c9bbe3df_single_sequence_seed20260921.yaml	113	d798e6bb2d744a32332ab51e7622e089aa360e845f6c1bc37ed8bd15c6ef5958
results/structure_campaign/compute/single_sequence_deepdive/inputs/protein_1e8bc65243a9facc8e4feddf58cbbe693b2477dfe7a89be4bd6f1930464904dc_single_sequence_seed20260920.yaml	162	d46c32c94dd5a24be80b46578809fc15dca709c31d3271828a3ff61b4a3ef103
results/structure_campaign/compute/single_sequence_deepdive/inputs/protein_1e8bc65243a9facc8e4feddf58cbbe693b2477dfe7a89be4bd6f1930464904dc_single_sequence_seed20260921.yaml	162	d46c32c94dd5a24be80b46578809fc15dca709c31d3271828a3ff61b4a3ef103
results/structure_campaign/compute/single_sequence_deepdive/inputs/protein_2fd568c243ae5fc146a0c3231fbaef7e40cf01dbf9a2cc5cea6ca2f10c9a8f54_single_sequence_seed20260920.yaml	480	e878adcb5af6d77152088eebbb86756458ff3f096a46e5efc693475c5f89f6d6
results/structure_campaign/compute/single_sequence_deepdive/inputs/protein_2fd568c243ae5fc146a0c3231fbaef7e40cf01dbf9a2cc5cea6ca2f10c9a8f54_single_sequence_seed20260921.yaml	480	e878adcb5af6d77152088eebbb86756458ff3f096a46e5efc693475c5f89f6d6
results/structure_campaign/compute/single_sequence_deepdive/inputs/protein_7a9f6f4887bd814b003cf10313fd2533c1efedd27d7e63a1d4f1508167c28ace_single_sequence_seed20260920.yaml	120	77e14202cd899aa96062602ae12b8aac52fedafd5a9c2c311af03b3bfed42dde
results/structure_campaign/compute/single_sequence_deepdive/inputs/protein_7a9f6f4887bd814b003cf10313fd2533c1efedd27d7e63a1d4f1508167c28ace_single_sequence_seed20260921.yaml	120	77e14202cd899aa96062602ae12b8aac52fedafd5a9c2c311af03b3bfed42dde
results/structure_campaign/compute/single_sequence_deepdive/inputs/protein_f0766d124b52f0061597ce4e822e9275a04152df574f9a512631a0fa6ed8a2fa_single_sequence_seed20260920.yaml	199	ce2d324312066a9e56669959de3359738c063a1ef1eb9f05c984eef6fc4e5de2
results/structure_campaign/compute/single_sequence_deepdive/inputs/protein_f0766d124b52f0061597ce4e822e9275a04152df574f9a512631a0fa6ed8a2fa_single_sequence_seed20260921.yaml	199	ce2d324312066a9e56669959de3359738c063a1ef1eb9f05c984eef6fc4e5de2
results/structure_campaign/compute/single_sequence_deepdive/remote/models/protein_00fb8657255fb894315401cecb9ab9e3047ef7b3d1f0d35d357663269780201c_single_sequence_seed20260919/confidence.json	443	c0ec52d407d9bd963ef2de4a8aa97b33c806f562d4685ee444394145dbdfd6cb
results/structure_campaign/compute/single_sequence_deepdive/remote/models/protein_00fb8657255fb894315401cecb9ab9e3047ef7b3d1f0d35d357663269780201c_single_sequence_seed20260919/model.cif	34112	2548993c9bccce6b20f3b247535badd453bbf59c336e3298ed3ca3f978fb980f
results/structure_campaign/compute/single_sequence_deepdive/remote/models/protein_00fb8657255fb894315401cecb9ab9e3047ef7b3d1f0d35d357663269780201c_single_sequence_seed20260919/pae.npz	8095	06da0e6e3d6910d7e122ccb9e41575d5eb06abf08e1acc239763128f76d6cad9
results/structure_campaign/compute/single_sequence_deepdive/remote/models/protein_00fb8657255fb894315401cecb9ab9e3047ef7b3d1f0d35d357663269780201c_single_sequence_seed20260919/plddt.npz	399	73d2de960b9c725a58e12e630dc1aa7227ca14fedc5216601286b1737c05de80
results/structure_campaign/compute/single_sequence_deepdive/remote/models/protein_00fb8657255fb894315401cecb9ab9e3047ef7b3d1f0d35d357663269780201c_single_sequence_seed20260920/confidence.json	442	d66ca0279cd426afd46ff4a356eff862d5b300ab6acb5a9357458e0235fc1212
results/structure_campaign/compute/single_sequence_deepdive/remote/models/protein_00fb8657255fb894315401cecb9ab9e3047ef7b3d1f0d35d357663269780201c_single_sequence_seed20260920/model.cif	34068	bce2f5b052a5c1862bf342fcb10fd7657feaf4bc572bfc1c89e352f8dafb723f
results/structure_campaign/compute/single_sequence_deepdive/remote/models/protein_00fb8657255fb894315401cecb9ab9e3047ef7b3d1f0d35d357663269780201c_single_sequence_seed20260920/pae.npz	8087	d54c78a1a446a242c43f13b284b9e1606b4b224984a72a994706624975cdcff4
results/structure_campaign/compute/single_sequence_deepdive/remote/models/protein_00fb8657255fb894315401cecb9ab9e3047ef7b3d1f0d35d357663269780201c_single_sequence_seed20260920/plddt.npz	399	b663aa3b04ccfbe643c1b43c30999faf1a956a706519c6aec4243b93ce546a06
results/structure_campaign/compute/single_sequence_deepdive/remote/models/protein_00fb8657255fb894315401cecb9ab9e3047ef7b3d1f0d35d357663269780201c_single_sequence_seed20260921/confidence.json	443	c1821023e4e473028f38c5350b415b4249f263e8b3c9a8f1541dc1ae5284f8d1
results/structure_campaign/compute/single_sequence_deepdive/remote/models/protein_00fb8657255fb894315401cecb9ab9e3047ef7b3d1f0d35d357663269780201c_single_sequence_seed20260921/model.cif	34182	4176ff8149fa03e430eaeaabbd94d9b4a25413528e999c5261b9995fdcbb9830
results/structure_campaign/compute/single_sequence_deepdive/remote/models/protein_00fb8657255fb894315401cecb9ab9e3047ef7b3d1f0d35d357663269780201c_single_sequence_seed20260921/pae.npz	8089	a9cd1e046fff4463ee062a74a81a525539b988dcab8183f1978967fa6ce00f00
results/structure_campaign/compute/single_sequence_deepdive/remote/models/protein_00fb8657255fb894315401cecb9ab9e3047ef7b3d1f0d35d357663269780201c_single_sequence_seed20260921/plddt.npz	399	c1063a771c24d255c4ca73c3cee7621e5344fabf9a21a2cbbda2a9fbb45fb42f
results/structure_campaign/compute/single_sequence_deepdive/remote/models/protein_06a47ea8fb14decf2e1f83ce3d7b3bc9900a29ed89cc722332a43a369472b176_single_sequence_seed20260919/confidence.json	447	ecb314a54a589e187b2470969f8e7fcbe03c7a1a4786f44b8c03b9e6b5283493
results/structure_campaign/compute/single_sequence_deepdive/remote/models/protein_06a47ea8fb14decf2e1f83ce3d7b3bc9900a29ed89cc722332a43a369472b176_single_sequence_seed20260919/model.cif	248557	4bb11f01d285e3160ba66e566159988df59bf5c379517b2e13df7d0adc99fced
results/structure_campaign/compute/single_sequence_deepdive/remote/models/protein_06a47ea8fb14decf2e1f83ce3d7b3bc9900a29ed89cc722332a43a369472b176_single_sequence_seed20260919/pae.npz	434325	521b44dac155883f103f1c5f4e8762e93b1c6789790dce61f67f588fc249f281
results/structure_campaign/compute/single_sequence_deepdive/remote/models/protein_06a47ea8fb14decf2e1f83ce3d7b3bc9900a29ed89cc722332a43a369472b176_single_sequence_seed20260919/plddt.npz	1520	0708b96bfd49fca15bdff751a75b4eee01d5768b56174a8a2a69a64f1f011e91
results/structure_campaign/compute/single_sequence_deepdive/remote/models/protein_06a47ea8fb14decf2e1f83ce3d7b3bc9900a29ed89cc722332a43a369472b176_single_sequence_seed20260920/confidence.json	444	aa6a24fb667f0992861c26ad4d79ee9fd4c41a7649627b7952ab971e9b1b1512
results/structure_campaign/compute/single_sequence_deepdive/remote/models/protein_06a47ea8fb14decf2e1f83ce3d7b3bc9900a29ed89cc722332a43a369472b176_single_sequence_seed20260920/model.cif	248325	9cf078138997b230d3d7ff5d3feb7b6313053d0e6cd2663e6ee5cdbcf35ffb67
results/structure_campaign/compute/single_sequence_deepdive/remote/models/protein_06a47ea8fb14decf2e1f83ce3d7b3bc9900a29ed89cc722332a43a369472b176_single_sequence_seed20260920/pae.npz	434818	5418e9ef9121d41826365b95e778216ce30119bd27b4495206f6b37e9c86b7ae
results/structure_campaign/compute/single_sequence_deepdive/remote/models/protein_06a47ea8fb14decf2e1f83ce3d7b3bc9900a29ed89cc722332a43a369472b176_single_sequence_seed20260920/plddt.npz	1522	b1b1a6fa78c0d8ed5bc9cd186cc62fbb89d5839051c3edd27efccdbdd211a3b1
results/structure_campaign/compute/single_sequence_deepdive/remote/models/protein_06a47ea8fb14decf2e1f83ce3d7b3bc9900a29ed89cc722332a43a369472b176_single_sequence_seed20260921/confidence.json	444	d8c32e7125cf6382073c823381a2f59b09088a31e943c2959381dfcd54050fcc
results/structure_campaign/compute/single_sequence_deepdive/remote/models/protein_06a47ea8fb14decf2e1f83ce3d7b3bc9900a29ed89cc722332a43a369472b176_single_sequence_seed20260921/model.cif	248630	46a8cbe366eda46d2ddc18f2dc066cffd287fb7be8d093d181c7c35737e3447b
results/structure_campaign/compute/single_sequence_deepdive/remote/models/protein_06a47ea8fb14decf2e1f83ce3d7b3bc9900a29ed89cc722332a43a369472b176_single_sequence_seed20260921/pae.npz	434935	c4ea136291a1835689ce1094d6eacb8f2c82f356d55658bd7d4f1ccfeee89c99
results/structure_campaign/compute/single_sequence_deepdive/remote/models/protein_06a47ea8fb14decf2e1f83ce3d7b3bc9900a29ed89cc722332a43a369472b176_single_sequence_seed20260921/plddt.npz	1524	03da7e1fab19b147c8da32fc7eb8e869ddbed57df73cf4cee5d89e152cd31e56
results/structure_campaign/compute/single_sequence_deepdive/remote/models/protein_17d111deb4d6dc3037080cfa51b4f13d1b3e22d45fa78ccc97a0cca4c2afed7e_single_sequence_seed20260919/confidence.json	446	23393a929f2df59e5378a9638dc4c180c9c7bdba70daece91c42fc6c938a316f
results/structure_campaign/compute/single_sequence_deepdive/remote/models/protein_17d111deb4d6dc3037080cfa51b4f13d1b3e22d45fa78ccc97a0cca4c2afed7e_single_sequence_seed20260919/model.cif	114526	27f8ca01247c5df794bf2b78341a072003d7324ac8cf9b04890d0d71cd079dfa
results/structure_campaign/compute/single_sequence_deepdive/remote/models/protein_17d111deb4d6dc3037080cfa51b4f13d1b3e22d45fa78ccc97a0cca4c2afed7e_single_sequence_seed20260919/pae.npz	92404	c379249fe03e3a6049d3cf8e58c7beb748dc767096fc44549c5f8e8d9d747957
results/structure_campaign/compute/single_sequence_deepdive/remote/models/protein_17d111deb4d6dc3037080cfa51b4f13d1b3e22d45fa78ccc97a0cca4c2afed7e_single_sequence_seed20260919/plddt.npz	842	21ea0e7fb1a79de53990113409c10fdd00fec92b6a54bcdcda43736fbe583928
results/structure_campaign/compute/single_sequence_deepdive/remote/models/protein_17d111deb4d6dc3037080cfa51b4f13d1b3e22d45fa78ccc97a0cca4c2afed7e_single_sequence_seed20260920/confidence.json	442	3df83fa791fa4b56ac9dd31a02b6079db779d66647401539e13630c15999260d
results/structure_campaign/compute/single_sequence_deepdive/remote/models/protein_17d111deb4d6dc3037080cfa51b4f13d1b3e22d45fa78ccc97a0cca4c2afed7e_single_sequence_seed20260920/model.cif	114642	24504e3855bb652f1e8ff1171349244cda1341f04180b34fc9a7293e2acffe09
results/structure_campaign/compute/single_sequence_deepdive/remote/models/protein_17d111deb4d6dc3037080cfa51b4f13d1b3e22d45fa78ccc97a0cca4c2afed7e_single_sequence_seed20260920/pae.npz	92278	83e9283f69ed063efcd0bf61582a8bd8f62a4d69a7f39680b87f895d309afd69
results/structure_campaign/compute/single_sequence_deepdive/remote/models/protein_17d111deb4d6dc3037080cfa51b4f13d1b3e22d45fa78ccc97a0cca4c2afed7e_single_sequence_seed20260920/plddt.npz	837	297ea4b5f0a25d30b5bba0991cf23e5fdbe4df518d19cc67e3c5374681803e98
results/structure_campaign/compute/single_sequence_deepdive/remote/models/protein_17d111deb4d6dc3037080cfa51b4f13d1b3e22d45fa78ccc97a0cca4c2afed7e_single_sequence_seed20260921/confidence.json	446	c04f27e31f6cc603beb65af8b6bfd406ffb31ffc3a9a7df927bebcf01a7dc3d0
results/structure_campaign/compute/single_sequence_deepdive/remote/models/protein_17d111deb4d6dc3037080cfa51b4f13d1b3e22d45fa78ccc97a0cca4c2afed7e_single_sequence_seed20260921/model.cif	114520	a0b5af81193bd6000fbdfe7c5edcb88f4638821b943b83470928745ca9e33bdd
results/structure_campaign/compute/single_sequence_deepdive/remote/models/protein_17d111deb4d6dc3037080cfa51b4f13d1b3e22d45fa78ccc97a0cca4c2afed7e_single_sequence_seed20260921/pae.npz	92401	fe9a0d73635cb499409ee2b7889200aa8192e313d293cc3ed9f178cb2c221dda
results/structure_campaign/compute/single_sequence_deepdive/remote/models/protein_17d111deb4d6dc3037080cfa51b4f13d1b3e22d45fa78ccc97a0cca4c2afed7e_single_sequence_seed20260921/plddt.npz	841	5d79235128d43af03475c6c9b3f99298c99bc7aad456bf83c26fd0cde9101283
results/structure_campaign/compute/single_sequence_deepdive/remote/models/protein_1bce31ef49449220635ddadc203907308fc7f2ec67e7d48732292471c9bbe3df_single_sequence_seed20260919/confidence.json	444	4d0b470ae9c40ec3b8e1484ef09da9fa54f42c00ae31d797894db72b11307403
results/structure_campaign/compute/single_sequence_deepdive/remote/models/protein_1bce31ef49449220635ddadc203907308fc7f2ec67e7d48732292471c9bbe3df_single_sequence_seed20260919/model.cif	25298	adbfee01b912da33061985b6c44b6bfdf5e4428aef5db74e125319ce781c2540
results/structure_campaign/compute/single_sequence_deepdive/remote/models/protein_1bce31ef49449220635ddadc203907308fc7f2ec67e7d48732292471c9bbe3df_single_sequence_seed20260919/pae.npz	3887	6c5b2bf836228d0830b684f2b3c5ca3361db85de2943e437b5cc32c8c5925dc6
results/structure_campaign/compute/single_sequence_deepdive/remote/models/protein_1bce31ef49449220635ddadc203907308fc7f2ec67e7d48732292471c9bbe3df_single_sequence_seed20260919/plddt.npz	336	4f7fcd97a13f22fedabe05c341af125ec44c8c84012b28b962fe46e3b482aaf5
results/structure_campaign/compute/single_sequence_deepdive/remote/models/protein_1bce31ef49449220635ddadc203907308fc7f2ec67e7d48732292471c9bbe3df_single_sequence_seed20260920/confidence.json	443	6d271a07d64c135ffc10b91b5a17994b7c35d73e16f4500939420402500506a1
results/structure_campaign/compute/single_sequence_deepdive/remote/models/protein_1bce31ef49449220635ddadc203907308fc7f2ec67e7d48732292471c9bbe3df_single_sequence_seed20260920/model.cif	25352	22f37a456336051c6aa9cf81c2949debdb32c2d726947f1ceb5769cac705ff73
results/structure_campaign/compute/single_sequence_deepdive/remote/models/protein_1bce31ef49449220635ddadc203907308fc7f2ec67e7d48732292471c9bbe3df_single_sequence_seed20260920/pae.npz	3888	ab91510e8ef013594310cf4e0242ddc87eec4ad1792efe39b70b30c47fd73a4e
results/structure_campaign/compute/single_sequence_deepdive/remote/models/protein_1bce31ef49449220635ddadc203907308fc7f2ec67e7d48732292471c9bbe3df_single_sequence_seed20260920/plddt.npz	337	5b221f0f5b0b319370e3024548c08adba0ca2fbaa641c19a135d07ec639ec0a8
results/structure_campaign/compute/single_sequence_deepdive/remote/models/protein_1bce31ef49449220635ddadc203907308fc7f2ec67e7d48732292471c9bbe3df_single_sequence_seed20260921/confidence.json	444	2c60dccf50043521b889efc5cbd7e1f226fa7e37aca90c930eab61b295f50a89
results/structure_campaign/compute/single_sequence_deepdive/remote/models/protein_1bce31ef49449220635ddadc203907308fc7f2ec67e7d48732292471c9bbe3df_single_sequence_seed20260921/model.cif	25336	2e10741fa7eba227db50125f5e93e2df59df7c2ea7f0b556b93f78889753eb83
results/structure_campaign/compute/single_sequence_deepdive/remote/models/protein_1bce31ef49449220635ddadc203907308fc7f2ec67e7d48732292471c9bbe3df_single_sequence_seed20260921/pae.npz	3890	51fc0cd2c1d668dec0b2efcf065e903a7ed1482c1b4d07b927537d62b08971c3
results/structure_campaign/compute/single_sequence_deepdive/remote/models/protein_1bce31ef49449220635ddadc203907308fc7f2ec67e7d48732292471c9bbe3df_single_sequence_seed20260921/plddt.npz	337	97c03272313cf216569380082d32f5d081d7356094a96312ed138a17fcce1065
results/structure_campaign/compute/single_sequence_deepdive/remote/models/protein_1e8bc65243a9facc8e4feddf58cbbe693b2477dfe7a89be4bd6f1930464904dc_single_sequence_seed20260919/confidence.json	442	db2f6813f390f44dac4df74fe815e2e01ae6fa277ec94b367eab9f12e0992408
results/structure_campaign/compute/single_sequence_deepdive/remote/models/protein_1e8bc65243a9facc8e4feddf58cbbe693b2477dfe7a89be4bd6f1930464904dc_single_sequence_seed20260919/model.cif	57003	225f676e465c42ef868702bad0eac24686544788e823f8c12cfb4bd85c93cba7
results/structure_campaign/compute/single_sequence_deepdive/remote/models/protein_1e8bc65243a9facc8e4feddf58cbbe693b2477dfe7a89be4bd6f1930464904dc_single_sequence_seed20260919/pae.npz	23659	17333995d23e0b5e604930085289d96aa673c6676af1a77584580b3e58b6caa2
results/structure_campaign/compute/single_sequence_deepdive/remote/models/protein_1e8bc65243a9facc8e4feddf58cbbe693b2477dfe7a89be4bd6f1930464904dc_single_sequence_seed20260919/plddt.npz	539	1eea84a9d7c8a2a6b708329c0611a9caf679199a153ee15c43ba23e8fc509cd6
results/structure_campaign/compute/single_sequence_deepdive/remote/models/protein_1e8bc65243a9facc8e4feddf58cbbe693b2477dfe7a89be4bd6f1930464904dc_single_sequence_seed20260920/confidence.json	441	3aeeaa896bd69b24b0ffa7d3e4197d6bb11f7958764167ee87f75afaced67d6e
results/structure_campaign/compute/single_sequence_deepdive/remote/models/protein_1e8bc65243a9facc8e4feddf58cbbe693b2477dfe7a89be4bd6f1930464904dc_single_sequence_seed20260920/model.cif	57026	f8a568a725814924251a4c9b9ceb74e69285fdfe8017fef9c152c87f74d2f0af
results/structure_campaign/compute/single_sequence_deepdive/remote/models/protein_1e8bc65243a9facc8e4feddf58cbbe693b2477dfe7a89be4bd6f1930464904dc_single_sequence_seed20260920/pae.npz	23608	4338d186d5f1aba1396912b2b807652f5c09d31b0e71e3f22237b962034bba8f
results/structure_campaign/compute/single_sequence_deepdive/remote/models/protein_1e8bc65243a9facc8e4feddf58cbbe693b2477dfe7a89be4bd6f1930464904dc_single_sequence_seed20260920/plddt.npz	536	abc5dd32e9b218084aa3f871f727d79f09d1ecc5034a3e7801355210e9a71640
results/structure_campaign/compute/single_sequence_deepdive/remote/models/protein_1e8bc65243a9facc8e4feddf58cbbe693b2477dfe7a89be4bd6f1930464904dc_single_sequence_seed20260921/confidence.json	442	98431e742af67c43e49c1dd683bff02b2c88d71b03a12ba5ad459409d8d8037b
results/structure_campaign/compute/single_sequence_deepdive/remote/models/protein_1e8bc65243a9facc8e4feddf58cbbe693b2477dfe7a89be4bd6f1930464904dc_single_sequence_seed20260921/model.cif	57068	590f663a4618fd23635deee991f38ec617bb5d9020d65a8b33d99ff1bf6f7894
results/structure_campaign/compute/single_sequence_deepdive/remote/models/protein_1e8bc65243a9facc8e4feddf58cbbe693b2477dfe7a89be4bd6f1930464904dc_single_sequence_seed20260921/pae.npz	23624	6c2505829e8cbe3835b8601a89b8b2ef8396689fc05c554cd8d199c3bb2ec507
results/structure_campaign/compute/single_sequence_deepdive/remote/models/protein_1e8bc65243a9facc8e4feddf58cbbe693b2477dfe7a89be4bd6f1930464904dc_single_sequence_seed20260921/plddt.npz	541	57ba53aec8be8b6422e86a942ee5447dacdb1c34fd7f321780f08557988338bc
results/structure_campaign/compute/single_sequence_deepdive/remote/models/protein_2fd568c243ae5fc146a0c3231fbaef7e40cf01dbf9a2cc5cea6ca2f10c9a8f54_single_sequence_seed20260919/confidence.json	446	cbe7a2075260a1a6053ad41017c56e63b3c5ef262c28b7440b13ffcb76674601
results/structure_campaign/compute/single_sequence_deepdive/remote/models/protein_2fd568c243ae5fc146a0c3231fbaef7e40cf01dbf9a2cc5cea6ca2f10c9a8f54_single_sequence_seed20260919/model.cif	272975	5c0dd4bd6626e6099157b35a84aa2248ac4dac4928512acd75216e3534021de8
results/structure_campaign/compute/single_sequence_deepdive/remote/models/protein_2fd568c243ae5fc146a0c3231fbaef7e40cf01dbf9a2cc5cea6ca2f10c9a8f54_single_sequence_seed20260919/pae.npz	517361	7fd700f1f9356720db49437a942df0c56cabe8f54c4158307d6277fdeda2267d
results/structure_campaign/compute/single_sequence_deepdive/remote/models/protein_2fd568c243ae5fc146a0c3231fbaef7e40cf01dbf9a2cc5cea6ca2f10c9a8f54_single_sequence_seed20260919/plddt.npz	1611	caa9a3d5518aeabaa43bc42ed79b7042bd158661ecccf7d68ac0a137bb4913da
results/structure_campaign/compute/single_sequence_deepdive/remote/models/protein_2fd568c243ae5fc146a0c3231fbaef7e40cf01dbf9a2cc5cea6ca2f10c9a8f54_single_sequence_seed20260920/confidence.json	440	55d774f5249427f4de7b8d4670cb49a2553313dc470efedab1fc773535b05f73
results/structure_campaign/compute/single_sequence_deepdive/remote/models/protein_2fd568c243ae5fc146a0c3231fbaef7e40cf01dbf9a2cc5cea6ca2f10c9a8f54_single_sequence_seed20260920/model.cif	272780	f8b2b9cc0f98c799a8ad3c227650c93f6673edf8e512e749b1da32c5fbb4761c
results/structure_campaign/compute/single_sequence_deepdive/remote/models/protein_2fd568c243ae5fc146a0c3231fbaef7e40cf01dbf9a2cc5cea6ca2f10c9a8f54_single_sequence_seed20260920/pae.npz	518791	8358ab282ed0727819d308ed52683f7abba1f0c7ca6ddccf7728244545586b62
results/structure_campaign/compute/single_sequence_deepdive/remote/models/protein_2fd568c243ae5fc146a0c3231fbaef7e40cf01dbf9a2cc5cea6ca2f10c9a8f54_single_sequence_seed20260920/plddt.npz	1614	5376507c92b343ea77b00203228009b901ff57262c8fecd2df5bf2e9637146de
results/structure_campaign/compute/single_sequence_deepdive/remote/models/protein_2fd568c243ae5fc146a0c3231fbaef7e40cf01dbf9a2cc5cea6ca2f10c9a8f54_single_sequence_seed20260921/confidence.json	445	37364b5219061a1dd72a96483eaea8ccc585996ebdb3598d8b9817c8cd0de448
results/structure_campaign/compute/single_sequence_deepdive/remote/models/protein_2fd568c243ae5fc146a0c3231fbaef7e40cf01dbf9a2cc5cea6ca2f10c9a8f54_single_sequence_seed20260921/model.cif	273174	05c0a91897e6a7ba5ed08fb7225d4dbe3425dc84d242548da9fde5230df46999
results/structure_campaign/compute/single_sequence_deepdive/remote/models/protein_2fd568c243ae5fc146a0c3231fbaef7e40cf01dbf9a2cc5cea6ca2f10c9a8f54_single_sequence_seed20260921/pae.npz	517796	23c437a722fb789875019b84a2ff11e8a28d645b226b0b6de3e4b687a8897410
results/structure_campaign/compute/single_sequence_deepdive/remote/models/protein_2fd568c243ae5fc146a0c3231fbaef7e40cf01dbf9a2cc5cea6ca2f10c9a8f54_single_sequence_seed20260921/plddt.npz	1616	686d8a8a7c37cb6d32d99d48b2c2059e210644b34abfe2748a3400c6bdec09b7
results/structure_campaign/compute/single_sequence_deepdive/remote/models/protein_7a9f6f4887bd814b003cf10313fd2533c1efedd27d7e63a1d4f1508167c28ace_single_sequence_seed20260919/confidence.json	437	d2d5b647034c6309d583ba45068658fd51c10eddf7f8604f4e42ec072ada0542
results/structure_campaign/compute/single_sequence_deepdive/remote/models/protein_7a9f6f4887bd814b003cf10313fd2533c1efedd27d7e63a1d4f1508167c28ace_single_sequence_seed20260919/model.cif	29503	40823ab5134396d1377740e862ce8787fffb38447451a6aa9b545343decd658f
results/structure_campaign/compute/single_sequence_deepdive/remote/models/protein_7a9f6f4887bd814b003cf10313fd2533c1efedd27d7e63a1d4f1508167c28ace_single_sequence_seed20260919/pae.npz	5681	796548dd5787a9d1bed2d4688d512cc457911683b5cb4872dc7113e1cb1372a3
results/structure_campaign/compute/single_sequence_deepdive/remote/models/protein_7a9f6f4887bd814b003cf10313fd2533c1efedd27d7e63a1d4f1508167c28ace_single_sequence_seed20260919/plddt.npz	365	3401886fa09a3899d450a4be908f64e8750ada21c55044031b157442b925eb95
results/structure_campaign/compute/single_sequence_deepdive/remote/models/protein_7a9f6f4887bd814b003cf10313fd2533c1efedd27d7e63a1d4f1508167c28ace_single_sequence_seed20260920/confidence.json	443	eb6591146aa625968c3fd368d45aececb8df8245656ac4b7ac7cb11c44bf6260
results/structure_campaign/compute/single_sequence_deepdive/remote/models/protein_7a9f6f4887bd814b003cf10313fd2533c1efedd27d7e63a1d4f1508167c28ace_single_sequence_seed20260920/model.cif	29497	6e26272c970b3c9b0d89e12bc0c25eb2f5a3dcf5b18ccb5a1bce25d438fd6b68
results/structure_campaign/compute/single_sequence_deepdive/remote/models/protein_7a9f6f4887bd814b003cf10313fd2533c1efedd27d7e63a1d4f1508167c28ace_single_sequence_seed20260920/pae.npz	5685	70730979482bf217598cbf6203d0eea49f8967e3b7f7b5220f2b7c3aa1c14be2
results/structure_campaign/compute/single_sequence_deepdive/remote/models/protein_7a9f6f4887bd814b003cf10313fd2533c1efedd27d7e63a1d4f1508167c28ace_single_sequence_seed20260920/plddt.npz	365	02630bd256c68030a5edef7adcc26cae757b6553147c2aae30932a5263796377
results/structure_campaign/compute/single_sequence_deepdive/remote/models/protein_7a9f6f4887bd814b003cf10313fd2533c1efedd27d7e63a1d4f1508167c28ace_single_sequence_seed20260921/confidence.json	440	51974e856584bdcd4168dd440cb14d34561759ea0cbb3a614fbc34243b60ae5a
results/structure_campaign/compute/single_sequence_deepdive/remote/models/protein_7a9f6f4887bd814b003cf10313fd2533c1efedd27d7e63a1d4f1508167c28ace_single_sequence_seed20260921/model.cif	29611	3db1c539e8d69c61f9f162d82db0008e015e388c34d2d124eac5a68b8de04fc8
results/structure_campaign/compute/single_sequence_deepdive/remote/models/protein_7a9f6f4887bd814b003cf10313fd2533c1efedd27d7e63a1d4f1508167c28ace_single_sequence_seed20260921/pae.npz	5674	3c103e42911706ccce8af1e0f1761c0c89190369127503374d3128cfd4af9cd6
results/structure_campaign/compute/single_sequence_deepdive/remote/models/protein_7a9f6f4887bd814b003cf10313fd2533c1efedd27d7e63a1d4f1508167c28ace_single_sequence_seed20260921/plddt.npz	365	17260313332e26ef06240d66d4e298bbe405e235c5ea756d6b6ba2e57afd6c00
results/structure_campaign/compute/single_sequence_deepdive/remote/models/protein_f0766d124b52f0061597ce4e822e9275a04152df574f9a512631a0fa6ed8a2fa_single_sequence_seed20260919/confidence.json	449	b2d6539b5078fe474f39c1d21046cd3e0e2c9f845de58bf5439a51138a889985
results/structure_campaign/compute/single_sequence_deepdive/remote/models/protein_f0766d124b52f0061597ce4e822e9275a04152df574f9a512631a0fa6ed8a2fa_single_sequence_seed20260919/model.cif	80939	a0d605c70053a20e3c02077184f41f17cd185bda2756113c53811565a0b98eac
results/structure_campaign/compute/single_sequence_deepdive/remote/models/protein_f0766d124b52f0061597ce4e822e9275a04152df574f9a512631a0fa6ed8a2fa_single_sequence_seed20260919/pae.npz	48137	5421e0c420a863e9af9e1095f5b66129953e2ad25bdd5ef7b0cac1824cd8f269
results/structure_campaign/compute/single_sequence_deepdive/remote/models/protein_f0766d124b52f0061597ce4e822e9275a04152df574f9a512631a0fa6ed8a2fa_single_sequence_seed20260919/plddt.npz	669	39990ca566419e30433e26fa31c5c6bec307abe7088a253dae78f2b008ef6e22
results/structure_campaign/compute/single_sequence_deepdive/remote/models/protein_f0766d124b52f0061597ce4e822e9275a04152df574f9a512631a0fa6ed8a2fa_single_sequence_seed20260920/confidence.json	445	e009b004778b37bb9e555ce535122fce2b8a798a97b49fd5df389d2af2298b2b
results/structure_campaign/compute/single_sequence_deepdive/remote/models/protein_f0766d124b52f0061597ce4e822e9275a04152df574f9a512631a0fa6ed8a2fa_single_sequence_seed20260920/model.cif	80885	80f2ed0ebfde05acc63e3fd5d3fa38f3024df58bb4815ee1dde2a9f940a21627
results/structure_campaign/compute/single_sequence_deepdive/remote/models/protein_f0766d124b52f0061597ce4e822e9275a04152df574f9a512631a0fa6ed8a2fa_single_sequence_seed20260920/pae.npz	48154	93c7f5d2be30f055ef3cb70a8d8da410af036c4e526f088485fd14915ca95460
results/structure_campaign/compute/single_sequence_deepdive/remote/models/protein_f0766d124b52f0061597ce4e822e9275a04152df574f9a512631a0fa6ed8a2fa_single_sequence_seed20260920/plddt.npz	673	0d72c186ccc5f9bbd4d4af339d58bdde1cf27dcf2c43b15cc8f69c5c2e7a97a6
results/structure_campaign/compute/single_sequence_deepdive/remote/models/protein_f0766d124b52f0061597ce4e822e9275a04152df574f9a512631a0fa6ed8a2fa_single_sequence_seed20260921/confidence.json	446	fa93da62438aade6eefb79530f1ed9945aacb965a904033eef3d5bd4e3725090
results/structure_campaign/compute/single_sequence_deepdive/remote/models/protein_f0766d124b52f0061597ce4e822e9275a04152df574f9a512631a0fa6ed8a2fa_single_sequence_seed20260921/model.cif	81156	34d1faf6ecd27c3ff99cadefb0361c9c56020ff809f5e6925ea427a4449403bd
results/structure_campaign/compute/single_sequence_deepdive/remote/models/protein_f0766d124b52f0061597ce4e822e9275a04152df574f9a512631a0fa6ed8a2fa_single_sequence_seed20260921/pae.npz	48192	2e30e0ec8bcaa704abdc5dbe48326e9bda6144e5bd49d9e4e1b058cbc519bcac
results/structure_campaign/compute/single_sequence_deepdive/remote/models/protein_f0766d124b52f0061597ce4e822e9275a04152df574f9a512631a0fa6ed8a2fa_single_sequence_seed20260921/plddt.npz	673	5a4dec4c4e17e65ce5558994498f99b52aa73f00369423807aa8db9c5c2dfb12
results/structure_campaign/compute/single_sequence_deepdive/remote/monitor.log	0	e3b0c44298fc1c149afbf4c8996fb92427ae41e4649b934ca495991b7852b855
results/structure_campaign/compute/single_sequence_deepdive/remote/requirements-lock.txt	1898	70ea7ed3315e76f3d3a2eb4eaa6c27c5c3356d30587e9e1b48be13828a940575
results/structure_campaign/compute/single_sequence_full/export_ssh.log	0	e3b0c44298fc1c149afbf4c8996fb92427ae41e4649b934ca495991b7852b855
results/structure_campaign/compute/single_sequence_full/inputs/protein_00fb8657255fb894315401cecb9ab9e3047ef7b3d1f0d35d357663269780201c_single_sequence_seed20260919.fasta	151	832dea5540c0afa25aea2b8b1da550bb2dcdb681089a0f0dfb1dbc840850305d
results/structure_campaign/compute/single_sequence_full/inputs/protein_00fb8657255fb894315401cecb9ab9e3047ef7b3d1f0d35d357663269780201c_single_sequence_seed20260919.yaml	128	0f784fb52f0aa49537a804a5726ae80a28edeb73937090b101f71750c09b97f4
results/structure_campaign/compute/single_sequence_full/inputs/protein_06a47ea8fb14decf2e1f83ce3d7b3bc9900a29ed89cc722332a43a369472b176_single_sequence_seed20260919.fasta	461	05f49c2b70fd0199b87e0012d2553eef950a5625e61656501cc3eb065bf7fe0d
results/structure_campaign/compute/single_sequence_full/inputs/protein_06a47ea8fb14decf2e1f83ce3d7b3bc9900a29ed89cc722332a43a369472b176_single_sequence_seed20260919.yaml	438	1fdc641be9e03fc5ce315626daead19e7b8fd6bcb5bf8351094126bddc62c2aa
results/structure_campaign/compute/single_sequence_full/inputs/protein_17d111deb4d6dc3037080cfa51b4f13d1b3e22d45fa78ccc97a0cca4c2afed7e_single_sequence_seed20260919.fasta	268	9823dee60807d61843cc29d35fbba79029e1424b88637bc1834cef9f742f92c1
results/structure_campaign/compute/single_sequence_full/inputs/protein_17d111deb4d6dc3037080cfa51b4f13d1b3e22d45fa78ccc97a0cca4c2afed7e_single_sequence_seed20260919.yaml	245	694623c9bd5ecc6d260de64fe249db3e6dcf3396ca5f014236fe9a1a0c9a2609
results/structure_campaign/compute/single_sequence_full/inputs/protein_1bce31ef49449220635ddadc203907308fc7f2ec67e7d48732292471c9bbe3df_single_sequence_seed20260919.fasta	136	799b9d6241e5f99087441f2c4d46b5728cbe335bb7633b742415a43aebfc3102
results/structure_campaign/compute/single_sequence_full/inputs/protein_1bce31ef49449220635ddadc203907308fc7f2ec67e7d48732292471c9bbe3df_single_sequence_seed20260919.yaml	113	d798e6bb2d744a32332ab51e7622e089aa360e845f6c1bc37ed8bd15c6ef5958
results/structure_campaign/compute/single_sequence_full/inputs/protein_1e8bc65243a9facc8e4feddf58cbbe693b2477dfe7a89be4bd6f1930464904dc_single_sequence_seed20260919.fasta	185	ab37350f9cc39ca158c6153baa8e8d04ed4716b65e2cd72c98e191aeb93812d8
results/structure_campaign/compute/single_sequence_full/inputs/protein_1e8bc65243a9facc8e4feddf58cbbe693b2477dfe7a89be4bd6f1930464904dc_single_sequence_seed20260919.yaml	162	d46c32c94dd5a24be80b46578809fc15dca709c31d3271828a3ff61b4a3ef103
results/structure_campaign/compute/single_sequence_full/inputs/protein_2fd568c243ae5fc146a0c3231fbaef7e40cf01dbf9a2cc5cea6ca2f10c9a8f54_single_sequence_seed20260919.fasta	503	a7f092b7faa54d39979a66013409bbf8056761085d2f0c34dd9d8b84ce8f143a
results/structure_campaign/compute/single_sequence_full/inputs/protein_2fd568c243ae5fc146a0c3231fbaef7e40cf01dbf9a2cc5cea6ca2f10c9a8f54_single_sequence_seed20260919.yaml	480	e878adcb5af6d77152088eebbb86756458ff3f096a46e5efc693475c5f89f6d6
results/structure_campaign/compute/single_sequence_full/inputs/protein_7a9f6f4887bd814b003cf10313fd2533c1efedd27d7e63a1d4f1508167c28ace_single_sequence_seed20260919.fasta	143	017faad7c64512df957f1384129ad92b03a14a341fc9047b9ab1ea50553eb5ed
results/structure_campaign/compute/single_sequence_full/inputs/protein_7a9f6f4887bd814b003cf10313fd2533c1efedd27d7e63a1d4f1508167c28ace_single_sequence_seed20260919.yaml	120	77e14202cd899aa96062602ae12b8aac52fedafd5a9c2c311af03b3bfed42dde
results/structure_campaign/compute/single_sequence_full/inputs/protein_f0766d124b52f0061597ce4e822e9275a04152df574f9a512631a0fa6ed8a2fa_single_sequence_seed20260919.fasta	222	176127ad13595fe7439e05d2e379f7542ce23772bc09030c49a04a40b78354bb
results/structure_campaign/compute/single_sequence_full/inputs/protein_f0766d124b52f0061597ce4e822e9275a04152df574f9a512631a0fa6ed8a2fa_single_sequence_seed20260919.yaml	199	ce2d324312066a9e56669959de3359738c063a1ef1eb9f05c984eef6fc4e5de2
results/structure_campaign/compute/single_sequence_full/models/protein_00fb8657255fb894315401cecb9ab9e3047ef7b3d1f0d35d357663269780201c_single_sequence_seed20260919/confidence.json	443	c0ec52d407d9bd963ef2de4a8aa97b33c806f562d4685ee444394145dbdfd6cb
results/structure_campaign/compute/single_sequence_full/models/protein_00fb8657255fb894315401cecb9ab9e3047ef7b3d1f0d35d357663269780201c_single_sequence_seed20260919/model.cif	34112	2548993c9bccce6b20f3b247535badd453bbf59c336e3298ed3ca3f978fb980f
results/structure_campaign/compute/single_sequence_full/models/protein_00fb8657255fb894315401cecb9ab9e3047ef7b3d1f0d35d357663269780201c_single_sequence_seed20260919/pae.npz	8095	06da0e6e3d6910d7e122ccb9e41575d5eb06abf08e1acc239763128f76d6cad9
results/structure_campaign/compute/single_sequence_full/models/protein_00fb8657255fb894315401cecb9ab9e3047ef7b3d1f0d35d357663269780201c_single_sequence_seed20260919/plddt.npz	399	73d2de960b9c725a58e12e630dc1aa7227ca14fedc5216601286b1737c05de80
results/structure_campaign/compute/single_sequence_full/models/protein_00fb8657255fb894315401cecb9ab9e3047ef7b3d1f0d35d357663269780201c_single_sequence_seed20260919/residue_confidence.tsv	8066	54bd36033bc1a3517d2e8631c0c227380c445bc512777f17b33f6f81b56e42fa
results/structure_campaign/compute/single_sequence_full/models/protein_06a47ea8fb14decf2e1f83ce3d7b3bc9900a29ed89cc722332a43a369472b176_single_sequence_seed20260919/confidence.json	447	ecb314a54a589e187b2470969f8e7fcbe03c7a1a4786f44b8c03b9e6b5283493
results/structure_campaign/compute/single_sequence_full/models/protein_06a47ea8fb14decf2e1f83ce3d7b3bc9900a29ed89cc722332a43a369472b176_single_sequence_seed20260919/model.cif	248557	4bb11f01d285e3160ba66e566159988df59bf5c379517b2e13df7d0adc99fced
results/structure_campaign/compute/single_sequence_full/models/protein_06a47ea8fb14decf2e1f83ce3d7b3bc9900a29ed89cc722332a43a369472b176_single_sequence_seed20260919/pae.npz	434325	521b44dac155883f103f1c5f4e8762e93b1c6789790dce61f67f588fc249f281
results/structure_campaign/compute/single_sequence_full/models/protein_06a47ea8fb14decf2e1f83ce3d7b3bc9900a29ed89cc722332a43a369472b176_single_sequence_seed20260919/plddt.npz	1520	0708b96bfd49fca15bdff751a75b4eee01d5768b56174a8a2a69a64f1f011e91
results/structure_campaign/compute/single_sequence_full/models/protein_06a47ea8fb14decf2e1f83ce3d7b3bc9900a29ed89cc722332a43a369472b176_single_sequence_seed20260919/residue_confidence.tsv	61462	bd09c39fb92c08d389c1cdb5fb575e52c55b2fbcde046d82f47e8e0e458fd726
results/structure_campaign/compute/single_sequence_full/models/protein_17d111deb4d6dc3037080cfa51b4f13d1b3e22d45fa78ccc97a0cca4c2afed7e_single_sequence_seed20260919/confidence.json	446	23393a929f2df59e5378a9638dc4c180c9c7bdba70daece91c42fc6c938a316f
results/structure_campaign/compute/single_sequence_full/models/protein_17d111deb4d6dc3037080cfa51b4f13d1b3e22d45fa78ccc97a0cca4c2afed7e_single_sequence_seed20260919/model.cif	114526	27f8ca01247c5df794bf2b78341a072003d7324ac8cf9b04890d0d71cd079dfa
results/structure_campaign/compute/single_sequence_full/models/protein_17d111deb4d6dc3037080cfa51b4f13d1b3e22d45fa78ccc97a0cca4c2afed7e_single_sequence_seed20260919/pae.npz	92404	c379249fe03e3a6049d3cf8e58c7beb748dc767096fc44549c5f8e8d9d747957
results/structure_campaign/compute/single_sequence_full/models/protein_17d111deb4d6dc3037080cfa51b4f13d1b3e22d45fa78ccc97a0cca4c2afed7e_single_sequence_seed20260919/plddt.npz	842	21ea0e7fb1a79de53990113409c10fdd00fec92b6a54bcdcda43736fbe583928
results/structure_campaign/compute/single_sequence_full/models/protein_17d111deb4d6dc3037080cfa51b4f13d1b3e22d45fa78ccc97a0cca4c2afed7e_single_sequence_seed20260919/residue_confidence.tsv	28170	6509e8878d691ca24fe1a7e6e25b6ea3b95b0f37c2992d816332c2f246c9c75d
results/structure_campaign/compute/single_sequence_full/models/protein_1bce31ef49449220635ddadc203907308fc7f2ec67e7d48732292471c9bbe3df_single_sequence_seed20260919/confidence.json	444	4d0b470ae9c40ec3b8e1484ef09da9fa54f42c00ae31d797894db72b11307403
results/structure_campaign/compute/single_sequence_full/models/protein_1bce31ef49449220635ddadc203907308fc7f2ec67e7d48732292471c9bbe3df_single_sequence_seed20260919/model.cif	25298	adbfee01b912da33061985b6c44b6bfdf5e4428aef5db74e125319ce781c2540
results/structure_campaign/compute/single_sequence_full/models/protein_1bce31ef49449220635ddadc203907308fc7f2ec67e7d48732292471c9bbe3df_single_sequence_seed20260919/pae.npz	3887	6c5b2bf836228d0830b684f2b3c5ca3361db85de2943e437b5cc32c8c5925dc6
results/structure_campaign/compute/single_sequence_full/models/protein_1bce31ef49449220635ddadc203907308fc7f2ec67e7d48732292471c9bbe3df_single_sequence_seed20260919/plddt.npz	336	4f7fcd97a13f22fedabe05c341af125ec44c8c84012b28b962fe46e3b482aaf5
results/structure_campaign/compute/single_sequence_full/models/protein_1bce31ef49449220635ddadc203907308fc7f2ec67e7d48732292471c9bbe3df_single_sequence_seed20260919/residue_confidence.tsv	5504	5cca0246977bada534b420264696459aa55ab152a4d7c86611b8aaaafb51b49e
results/structure_campaign/compute/single_sequence_full/models/protein_1e8bc65243a9facc8e4feddf58cbbe693b2477dfe7a89be4bd6f1930464904dc_single_sequence_seed20260919/confidence.json	442	db2f6813f390f44dac4df74fe815e2e01ae6fa277ec94b367eab9f12e0992408
results/structure_campaign/compute/single_sequence_full/models/protein_1e8bc65243a9facc8e4feddf58cbbe693b2477dfe7a89be4bd6f1930464904dc_single_sequence_seed20260919/model.cif	57003	225f676e465c42ef868702bad0eac24686544788e823f8c12cfb4bd85c93cba7
results/structure_campaign/compute/single_sequence_full/models/protein_1e8bc65243a9facc8e4feddf58cbbe693b2477dfe7a89be4bd6f1930464904dc_single_sequence_seed20260919/pae.npz	23659	17333995d23e0b5e604930085289d96aa673c6676af1a77584580b3e58b6caa2
results/structure_campaign/compute/single_sequence_full/models/protein_1e8bc65243a9facc8e4feddf58cbbe693b2477dfe7a89be4bd6f1930464904dc_single_sequence_seed20260919/plddt.npz	539	1eea84a9d7c8a2a6b708329c0611a9caf679199a153ee15c43ba23e8fc509cd6
results/structure_campaign/compute/single_sequence_full/models/protein_1e8bc65243a9facc8e4feddf58cbbe693b2477dfe7a89be4bd6f1930464904dc_single_sequence_seed20260919/residue_confidence.tsv	13882	09a7bee1c681890eb7df5ee4e7cbc0a848f67ff6bb52cb305bd5197e636c5dc9
results/structure_campaign/compute/single_sequence_full/models/protein_2fd568c243ae5fc146a0c3231fbaef7e40cf01dbf9a2cc5cea6ca2f10c9a8f54_single_sequence_seed20260919/confidence.json	446	cbe7a2075260a1a6053ad41017c56e63b3c5ef262c28b7440b13ffcb76674601
results/structure_campaign/compute/single_sequence_full/models/protein_2fd568c243ae5fc146a0c3231fbaef7e40cf01dbf9a2cc5cea6ca2f10c9a8f54_single_sequence_seed20260919/model.cif	272975	5c0dd4bd6626e6099157b35a84aa2248ac4dac4928512acd75216e3534021de8
results/structure_campaign/compute/single_sequence_full/models/protein_2fd568c243ae5fc146a0c3231fbaef7e40cf01dbf9a2cc5cea6ca2f10c9a8f54_single_sequence_seed20260919/pae.npz	517361	7fd700f1f9356720db49437a942df0c56cabe8f54c4158307d6277fdeda2267d
results/structure_campaign/compute/single_sequence_full/models/protein_2fd568c243ae5fc146a0c3231fbaef7e40cf01dbf9a2cc5cea6ca2f10c9a8f54_single_sequence_seed20260919/plddt.npz	1611	caa9a3d5518aeabaa43bc42ed79b7042bd158661ecccf7d68ac0a137bb4913da
results/structure_campaign/compute/single_sequence_full/models/protein_2fd568c243ae5fc146a0c3231fbaef7e40cf01dbf9a2cc5cea6ca2f10c9a8f54_single_sequence_seed20260919/residue_confidence.tsv	68748	561c67a2959da2557dead24603ae2503bb3941d7a0a530a838f3b66a9269cb50
results/structure_campaign/compute/single_sequence_full/models/protein_7a9f6f4887bd814b003cf10313fd2533c1efedd27d7e63a1d4f1508167c28ace_single_sequence_seed20260919/confidence.json	437	d2d5b647034c6309d583ba45068658fd51c10eddf7f8604f4e42ec072ada0542
results/structure_campaign/compute/single_sequence_full/models/protein_7a9f6f4887bd814b003cf10313fd2533c1efedd27d7e63a1d4f1508167c28ace_single_sequence_seed20260919/model.cif	29503	40823ab5134396d1377740e862ce8787fffb38447451a6aa9b545343decd658f
results/structure_campaign/compute/single_sequence_full/models/protein_7a9f6f4887bd814b003cf10313fd2533c1efedd27d7e63a1d4f1508167c28ace_single_sequence_seed20260919/pae.npz	5681	796548dd5787a9d1bed2d4688d512cc457911683b5cb4872dc7113e1cb1372a3
results/structure_campaign/compute/single_sequence_full/models/protein_7a9f6f4887bd814b003cf10313fd2533c1efedd27d7e63a1d4f1508167c28ace_single_sequence_seed20260919/plddt.npz	365	3401886fa09a3899d450a4be908f64e8750ada21c55044031b157442b925eb95
results/structure_campaign/compute/single_sequence_full/models/protein_7a9f6f4887bd814b003cf10313fd2533c1efedd27d7e63a1d4f1508167c28ace_single_sequence_seed20260919/residue_confidence.tsv	6697	465644674e5edcef7f75fbb25ceafb6d0896b6bbc3d94e888949d922112fd166
results/structure_campaign/compute/single_sequence_full/models/protein_f0766d124b52f0061597ce4e822e9275a04152df574f9a512631a0fa6ed8a2fa_single_sequence_seed20260919/confidence.json	449	b2d6539b5078fe474f39c1d21046cd3e0e2c9f845de58bf5439a51138a889985
results/structure_campaign/compute/single_sequence_full/models/protein_f0766d124b52f0061597ce4e822e9275a04152df574f9a512631a0fa6ed8a2fa_single_sequence_seed20260919/model.cif	80939	a0d605c70053a20e3c02077184f41f17cd185bda2756113c53811565a0b98eac
results/structure_campaign/compute/single_sequence_full/models/protein_f0766d124b52f0061597ce4e822e9275a04152df574f9a512631a0fa6ed8a2fa_single_sequence_seed20260919/pae.npz	48137	5421e0c420a863e9af9e1095f5b66129953e2ad25bdd5ef7b0cac1824cd8f269
results/structure_campaign/compute/single_sequence_full/models/protein_f0766d124b52f0061597ce4e822e9275a04152df574f9a512631a0fa6ed8a2fa_single_sequence_seed20260919/plddt.npz	669	39990ca566419e30433e26fa31c5c6bec307abe7088a253dae78f2b008ef6e22
results/structure_campaign/compute/single_sequence_full/models/protein_f0766d124b52f0061597ce4e822e9275a04152df574f9a512631a0fa6ed8a2fa_single_sequence_seed20260919/residue_confidence.tsv	20264	6c9e0dca685d1e620cadb3ca60299bed2ddaadc1d808cdc0634f7190a8dc87c7
results/structure_campaign/compute/single_sequence_full/remote/environment_validation.json	700	794f2e9de2b6848b5dcec632a5fb802fd0942798ae4d81f44f13030397686847
results/structure_campaign/compute/single_sequence_full/remote/models/protein_00fb8657255fb894315401cecb9ab9e3047ef7b3d1f0d35d357663269780201c_single_sequence_seed20260919/attempt_1/boltz.log	2437	7a17f83aacf4c38b891663116822a04564326c844c81b48725b0077c21db65f3
results/structure_campaign/compute/single_sequence_full/remote/models/protein_00fb8657255fb894315401cecb9ab9e3047ef7b3d1f0d35d357663269780201c_single_sequence_seed20260919/confidence.json	443	c0ec52d407d9bd963ef2de4a8aa97b33c806f562d4685ee444394145dbdfd6cb
results/structure_campaign/compute/single_sequence_full/remote/models/protein_00fb8657255fb894315401cecb9ab9e3047ef7b3d1f0d35d357663269780201c_single_sequence_seed20260919/model.cif	34112	2548993c9bccce6b20f3b247535badd453bbf59c336e3298ed3ca3f978fb980f
results/structure_campaign/compute/single_sequence_full/remote/models/protein_00fb8657255fb894315401cecb9ab9e3047ef7b3d1f0d35d357663269780201c_single_sequence_seed20260919/pae.npz	8095	06da0e6e3d6910d7e122ccb9e41575d5eb06abf08e1acc239763128f76d6cad9
results/structure_campaign/compute/single_sequence_full/remote/models/protein_00fb8657255fb894315401cecb9ab9e3047ef7b3d1f0d35d357663269780201c_single_sequence_seed20260919/plddt.npz	399	73d2de960b9c725a58e12e630dc1aa7227ca14fedc5216601286b1737c05de80
results/structure_campaign/compute/single_sequence_full/remote/models/protein_00fb8657255fb894315401cecb9ab9e3047ef7b3d1f0d35d357663269780201c_single_sequence_seed20260919/validation.json	251	b000193f67caaeed84b22f99318f22ca2bc57231d498a2b79a150feda2b15b06
results/structure_campaign/compute/single_sequence_full/remote/models/protein_06a47ea8fb14decf2e1f83ce3d7b3bc9900a29ed89cc722332a43a369472b176_single_sequence_seed20260919/attempt_1/boltz.log	2437	6d3457e59cab58b92542e81ca209252dbb37e70096e1f8309efee2014c1ba870
results/structure_campaign/compute/single_sequence_full/remote/models/protein_06a47ea8fb14decf2e1f83ce3d7b3bc9900a29ed89cc722332a43a369472b176_single_sequence_seed20260919/confidence.json	447	ecb314a54a589e187b2470969f8e7fcbe03c7a1a4786f44b8c03b9e6b5283493
results/structure_campaign/compute/single_sequence_full/remote/models/protein_06a47ea8fb14decf2e1f83ce3d7b3bc9900a29ed89cc722332a43a369472b176_single_sequence_seed20260919/model.cif	248557	4bb11f01d285e3160ba66e566159988df59bf5c379517b2e13df7d0adc99fced
results/structure_campaign/compute/single_sequence_full/remote/models/protein_06a47ea8fb14decf2e1f83ce3d7b3bc9900a29ed89cc722332a43a369472b176_single_sequence_seed20260919/pae.npz	434325	521b44dac155883f103f1c5f4e8762e93b1c6789790dce61f67f588fc249f281
results/structure_campaign/compute/single_sequence_full/remote/models/protein_06a47ea8fb14decf2e1f83ce3d7b3bc9900a29ed89cc722332a43a369472b176_single_sequence_seed20260919/plddt.npz	1520	0708b96bfd49fca15bdff751a75b4eee01d5768b56174a8a2a69a64f1f011e91
results/structure_campaign/compute/single_sequence_full/remote/models/protein_06a47ea8fb14decf2e1f83ce3d7b3bc9900a29ed89cc722332a43a369472b176_single_sequence_seed20260919/validation.json	238	f246c99c0d740fc94211bafc4d17ab9a89c47580f168debc259cfb751bf22c42
results/structure_campaign/compute/single_sequence_full/remote/models/protein_101700281cde078bee94b7382d6e603a4babf7b2c6c73ebf43d4a469d59c79f5_single_sequence_seed20260919/confidence.json	447	8ff60ad30ccab50e098553655d4596f2e4a2698ed4657ea718e21ea28bdaa9e6
results/structure_campaign/compute/single_sequence_full/remote/models/protein_101700281cde078bee94b7382d6e603a4babf7b2c6c73ebf43d4a469d59c79f5_single_sequence_seed20260919/model.cif	113526	6be1b8be24c5c6e4f451d2aef4de37e3b7a705dae1f290d96a5cc7ad32c1d983
results/structure_campaign/compute/single_sequence_full/remote/models/protein_101700281cde078bee94b7382d6e603a4babf7b2c6c73ebf43d4a469d59c79f5_single_sequence_seed20260919/pae.npz	87453	64e7c3d5f7a54e6d3bc916dbd5823d9dc49c5b03df3880ebcb23cbd34426a46e
results/structure_campaign/compute/single_sequence_full/remote/models/protein_101700281cde078bee94b7382d6e603a4babf7b2c6c73ebf43d4a469d59c79f5_single_sequence_seed20260919/plddt.npz	814	67e58f838366ef0b54905b2833f30f1d38b6752460d04ad7aadff2df90da5355
results/structure_campaign/compute/single_sequence_full/remote/models/protein_1148a09617eba2312e87a99c5e199bf30521982cb6c30cc7354ca5f31aa604ee_single_sequence_seed20260919/confidence.json	449	79f6ecb5d8eea71d05fd94bc2ee368ec16d06023901ca86a590ee586aea51545
results/structure_campaign/compute/single_sequence_full/remote/models/protein_1148a09617eba2312e87a99c5e199bf30521982cb6c30cc7354ca5f31aa604ee_single_sequence_seed20260919/model.cif	560844	1fed87a7f406f3ef12107358c2bdeacc90f9a608b7196b222c97940e51d9de8e
results/structure_campaign/compute/single_sequence_full/remote/models/protein_1148a09617eba2312e87a99c5e199bf30521982cb6c30cc7354ca5f31aa604ee_single_sequence_seed20260919/pae.npz	2043713	ddf7244e5ca68e9f64323faeb7bc7efcd1169a69ade5390add2d8dc28bc13948
results/structure_campaign/compute/single_sequence_full/remote/models/protein_1148a09617eba2312e87a99c5e199bf30521982cb6c30cc7354ca5f31aa604ee_single_sequence_seed20260919/plddt.npz	2962	342512ba4ebc58fe109b7258aa6754dd4071afe467740ea02d06d047fc1b1f6f
results/structure_campaign/compute/single_sequence_full/remote/models/protein_13af641587610835ccf13231157fe90ef6e91f0485fa14f7ec5a46506b5a8823_single_sequence_seed20260919/confidence.json	445	662f1934e135edeaaaf857615bee16068297268b87cc3fc78e2ceb24da1c3019
results/structure_campaign/compute/single_sequence_full/remote/models/protein_13af641587610835ccf13231157fe90ef6e91f0485fa14f7ec5a46506b5a8823_single_sequence_seed20260919/model.cif	48333	fb613c19ac94448374513dcea1b86a247ab59ef0222030d1fb87b8dffa381da7
results/structure_campaign/compute/single_sequence_full/remote/models/protein_13af641587610835ccf13231157fe90ef6e91f0485fa14f7ec5a46506b5a8823_single_sequence_seed20260919/pae.npz	16617	67e0be3ed10b0ffd7c8b5be4e495f0391046e74207e9373327375138ded51c6d
results/structure_campaign/compute/single_sequence_full/remote/models/protein_13af641587610835ccf13231157fe90ef6e91f0485fa14f7ec5a46506b5a8823_single_sequence_seed20260919/plddt.npz	487	117d9a09d1b0b92a1396805bdecec6df49403c1ddd2e421a401d6f432b344f43
results/structure_campaign/compute/single_sequence_full/remote/models/protein_17d111deb4d6dc3037080cfa51b4f13d1b3e22d45fa78ccc97a0cca4c2afed7e_single_sequence_seed20260919/attempt_1/boltz.log	2437	e7017f2602b63818abe3f061adce84f38dd4e9eb4852830a938e495b2bbe68e4
results/structure_campaign/compute/single_sequence_full/remote/models/protein_17d111deb4d6dc3037080cfa51b4f13d1b3e22d45fa78ccc97a0cca4c2afed7e_single_sequence_seed20260919/confidence.json	446	23393a929f2df59e5378a9638dc4c180c9c7bdba70daece91c42fc6c938a316f
results/structure_campaign/compute/single_sequence_full/remote/models/protein_17d111deb4d6dc3037080cfa51b4f13d1b3e22d45fa78ccc97a0cca4c2afed7e_single_sequence_seed20260919/model.cif	114526	27f8ca01247c5df794bf2b78341a072003d7324ac8cf9b04890d0d71cd079dfa
results/structure_campaign/compute/single_sequence_full/remote/models/protein_17d111deb4d6dc3037080cfa51b4f13d1b3e22d45fa78ccc97a0cca4c2afed7e_single_sequence_seed20260919/pae.npz	92404	c379249fe03e3a6049d3cf8e58c7beb748dc767096fc44549c5f8e8d9d747957
results/structure_campaign/compute/single_sequence_full/remote/models/protein_17d111deb4d6dc3037080cfa51b4f13d1b3e22d45fa78ccc97a0cca4c2afed7e_single_sequence_seed20260919/plddt.npz	842	21ea0e7fb1a79de53990113409c10fdd00fec92b6a54bcdcda43736fbe583928
results/structure_campaign/compute/single_sequence_full/remote/models/protein_17d111deb4d6dc3037080cfa51b4f13d1b3e22d45fa78ccc97a0cca4c2afed7e_single_sequence_seed20260919/validation.json	256	dacd689e5dc45f6966b3913b0824628c2bf87858e68e0d0a75fbf548539e9408
results/structure_campaign/compute/single_sequence_full/remote/models/protein_19394e5c359c5a82b8cb1bd0ed1fa1b68fb38f6139c5c1acdf5b19900a03299a_single_sequence_seed20260919/confidence.json	447	4663ed15670141ec70cd05d15494bd6f57e14d48a77ee350c6a5bae34e4c93f7
results/structure_campaign/compute/single_sequence_full/remote/models/protein_19394e5c359c5a82b8cb1bd0ed1fa1b68fb38f6139c5c1acdf5b19900a03299a_single_sequence_seed20260919/model.cif	75878	7058e2312efef53f076d9077add5f9e225f0ffeb8b362eb29be0dd7f92240831
results/structure_campaign/compute/single_sequence_full/remote/models/protein_19394e5c359c5a82b8cb1bd0ed1fa1b68fb38f6139c5c1acdf5b19900a03299a_single_sequence_seed20260919/pae.npz	43627	59a2849355a8ef74b734592ef5c8acb1f4c94c76fa36932ddeb83487832b8f59
results/structure_campaign/compute/single_sequence_full/remote/models/protein_19394e5c359c5a82b8cb1bd0ed1fa1b68fb38f6139c5c1acdf5b19900a03299a_single_sequence_seed20260919/plddt.npz	653	c51d7ad0aeeb08d093a6303d1510c8a8df25775a35b2bfc660c71ff32804c3cb
results/structure_campaign/compute/single_sequence_full/remote/models/protein_1bb99356d918b0fbaa9b069fdeb691f9390e078bfa32068a8186f372bbfd91a3_single_sequence_seed20260919/confidence.json	443	1188beb507e355c746bdb7e421eed8ea59b140f24e2f45905539164932e61883
results/structure_campaign/compute/single_sequence_full/remote/models/protein_1bb99356d918b0fbaa9b069fdeb691f9390e078bfa32068a8186f372bbfd91a3_single_sequence_seed20260919/model.cif	109868	1eefb35a221e9df501fef7663e16b1f8740402867c75ba2372c51e4afccee56c
results/structure_campaign/compute/single_sequence_full/remote/models/protein_1bb99356d918b0fbaa9b069fdeb691f9390e078bfa32068a8186f372bbfd91a3_single_sequence_seed20260919/pae.npz	91533	4da73e0c5c6f7695d4ea1a577aa0fa8c95971c7c00bf7be42c7e9274610d0b03
results/structure_campaign/compute/single_sequence_full/remote/models/protein_1bb99356d918b0fbaa9b069fdeb691f9390e078bfa32068a8186f372bbfd91a3_single_sequence_seed20260919/plddt.npz	831	34967ea59ee99387245a28919dd206fe8b1c04176e1d5734c321504b67742725
results/structure_campaign/compute/single_sequence_full/remote/models/protein_1bce31ef49449220635ddadc203907308fc7f2ec67e7d48732292471c9bbe3df_single_sequence_seed20260919/attempt_1/boltz.log	2437	335c30fa39365bfc77a082c57ca047b43d509d596c8850f552682b77f7758fec
results/structure_campaign/compute/single_sequence_full/remote/models/protein_1bce31ef49449220635ddadc203907308fc7f2ec67e7d48732292471c9bbe3df_single_sequence_seed20260919/confidence.json	444	4d0b470ae9c40ec3b8e1484ef09da9fa54f42c00ae31d797894db72b11307403
results/structure_campaign/compute/single_sequence_full/remote/models/protein_1bce31ef49449220635ddadc203907308fc7f2ec67e7d48732292471c9bbe3df_single_sequence_seed20260919/model.cif	25298	adbfee01b912da33061985b6c44b6bfdf5e4428aef5db74e125319ce781c2540
results/structure_campaign/compute/single_sequence_full/remote/models/protein_1bce31ef49449220635ddadc203907308fc7f2ec67e7d48732292471c9bbe3df_single_sequence_seed20260919/pae.npz	3887	6c5b2bf836228d0830b684f2b3c5ca3361db85de2943e437b5cc32c8c5925dc6
results/structure_campaign/compute/single_sequence_full/remote/models/protein_1bce31ef49449220635ddadc203907308fc7f2ec67e7d48732292471c9bbe3df_single_sequence_seed20260919/plddt.npz	336	4f7fcd97a13f22fedabe05c341af125ec44c8c84012b28b962fe46e3b482aaf5
results/structure_campaign/compute/single_sequence_full/remote/models/protein_1bce31ef49449220635ddadc203907308fc7f2ec67e7d48732292471c9bbe3df_single_sequence_seed20260919/validation.json	230	21f102183cbf8c58dea3a8b9b4de5fb492763afceefa4829403990a4a923748d
results/structure_campaign/compute/single_sequence_full/remote/models/protein_1e8bc65243a9facc8e4feddf58cbbe693b2477dfe7a89be4bd6f1930464904dc_single_sequence_seed20260919/attempt_1/boltz.log	2437	987822deffcd5c3dd1c94c68dda22d2dd580a94fb7f629a99e7286684cdd7470
results/structure_campaign/compute/single_sequence_full/remote/models/protein_1e8bc65243a9facc8e4feddf58cbbe693b2477dfe7a89be4bd6f1930464904dc_single_sequence_seed20260919/confidence.json	442	db2f6813f390f44dac4df74fe815e2e01ae6fa277ec94b367eab9f12e0992408
results/structure_campaign/compute/single_sequence_full/remote/models/protein_1e8bc65243a9facc8e4feddf58cbbe693b2477dfe7a89be4bd6f1930464904dc_single_sequence_seed20260919/model.cif	57003	225f676e465c42ef868702bad0eac24686544788e823f8c12cfb4bd85c93cba7
results/structure_campaign/compute/single_sequence_full/remote/models/protein_1e8bc65243a9facc8e4feddf58cbbe693b2477dfe7a89be4bd6f1930464904dc_single_sequence_seed20260919/pae.npz	23659	17333995d23e0b5e604930085289d96aa673c6676af1a77584580b3e58b6caa2
results/structure_campaign/compute/single_sequence_full/remote/models/protein_1e8bc65243a9facc8e4feddf58cbbe693b2477dfe7a89be4bd6f1930464904dc_single_sequence_seed20260919/plddt.npz	539	1eea84a9d7c8a2a6b708329c0611a9caf679199a153ee15c43ba23e8fc509cd6
results/structure_campaign/compute/single_sequence_full/remote/models/protein_1e8bc65243a9facc8e4feddf58cbbe693b2477dfe7a89be4bd6f1930464904dc_single_sequence_seed20260919/validation.json	252	1564f80c19f3781c9abdfa91b91d0ca93608d26ec59cd3c3296c24254e382c43
results/structure_campaign/compute/single_sequence_full/remote/models/protein_2f5ccec75975e3c6f577920bce8d2353c43c2083ced5a445cd4306874aa49f96_single_sequence_seed20260919/confidence.json	443	e08196a15b6b9ffede3813b41413fbc58248e55ceb6142bca8b0521d039193e0
results/structure_campaign/compute/single_sequence_full/remote/models/protein_2f5ccec75975e3c6f577920bce8d2353c43c2083ced5a445cd4306874aa49f96_single_sequence_seed20260919/model.cif	32375	440cb3bc9f2958a2ec69612493976873f2a4e9df5606b165093f5f5da3068224
results/structure_campaign/compute/single_sequence_full/remote/models/protein_2f5ccec75975e3c6f577920bce8d2353c43c2083ced5a445cd4306874aa49f96_single_sequence_seed20260919/pae.npz	7107	6f9728799c7f6c657380f43ede68c2bb66650f5cd9512d499e1832872bbf2ff7
results/structure_campaign/compute/single_sequence_full/remote/models/protein_2f5ccec75975e3c6f577920bce8d2353c43c2083ced5a445cd4306874aa49f96_single_sequence_seed20260919/plddt.npz	388	f1c754066b0a1b735dc47e53fe768f3bf29e0307b4db108da55f59e066e2373f
results/structure_campaign/compute/single_sequence_full/remote/models/protein_2fd568c243ae5fc146a0c3231fbaef7e40cf01dbf9a2cc5cea6ca2f10c9a8f54_single_sequence_seed20260919/attempt_1/boltz.log	2503	aaeb8710940ce2ca0c5f2849351118b3113e48dfbf4723c2edc422dfd4ac313e
results/structure_campaign/compute/single_sequence_full/remote/models/protein_2fd568c243ae5fc146a0c3231fbaef7e40cf01dbf9a2cc5cea6ca2f10c9a8f54_single_sequence_seed20260919/confidence.json	446	cbe7a2075260a1a6053ad41017c56e63b3c5ef262c28b7440b13ffcb76674601
results/structure_campaign/compute/single_sequence_full/remote/models/protein_2fd568c243ae5fc146a0c3231fbaef7e40cf01dbf9a2cc5cea6ca2f10c9a8f54_single_sequence_seed20260919/model.cif	272975	5c0dd4bd6626e6099157b35a84aa2248ac4dac4928512acd75216e3534021de8
results/structure_campaign/compute/single_sequence_full/remote/models/protein_2fd568c243ae5fc146a0c3231fbaef7e40cf01dbf9a2cc5cea6ca2f10c9a8f54_single_sequence_seed20260919/pae.npz	517361	7fd700f1f9356720db49437a942df0c56cabe8f54c4158307d6277fdeda2267d
results/structure_campaign/compute/single_sequence_full/remote/models/protein_2fd568c243ae5fc146a0c3231fbaef7e40cf01dbf9a2cc5cea6ca2f10c9a8f54_single_sequence_seed20260919/plddt.npz	1611	caa9a3d5518aeabaa43bc42ed79b7042bd158661ecccf7d68ac0a137bb4913da
results/structure_campaign/compute/single_sequence_full/remote/models/protein_2fd568c243ae5fc146a0c3231fbaef7e40cf01dbf9a2cc5cea6ca2f10c9a8f54_single_sequence_seed20260919/validation.json	223	e5d06a00762b57abe99c919bafe1e577bcc41216d2037dec984a684b2736d03b
results/structure_campaign/compute/single_sequence_full/remote/models/protein_345129754ff0ccc173929ddf22b27736775c4329d5023cd85485e4a3b98d6af1_single_sequence_seed20260919/confidence.json	449	c38a8fed71c6a73baf7f0d8afa0277d6412ab865a0c1b449650b68537455bdfd
results/structure_campaign/compute/single_sequence_full/remote/models/protein_345129754ff0ccc173929ddf22b27736775c4329d5023cd85485e4a3b98d6af1_single_sequence_seed20260919/model.cif	106143	77a168ed221ae2e13b5e05579a88094a479698f84759d32d4fa3eb237aa6a315
results/structure_campaign/compute/single_sequence_full/remote/models/protein_345129754ff0ccc173929ddf22b27736775c4329d5023cd85485e4a3b98d6af1_single_sequence_seed20260919/pae.npz	83698	2b392b00ace0acf3e09fb99fc0b5167a2d594849efdc6f069248bee728da50e9
results/structure_campaign/compute/single_sequence_full/remote/models/protein_345129754ff0ccc173929ddf22b27736775c4329d5023cd85485e4a3b98d6af1_single_sequence_seed20260919/plddt.npz	790	89d80163a6340cae9fa1e2663dd6aae6d30ee026256bdc3b276e0baa7a92b5ee
results/structure_campaign/compute/single_sequence_full/remote/models/protein_3538354085b81ef36c100a2816d54993d184f50f51149beb3c72110afb62890b_single_sequence_seed20260919/confidence.json	444	ab64bce06aab6dff018f0a1271445542d88e0521f840c280ec05249219c40ff2
results/structure_campaign/compute/single_sequence_full/remote/models/protein_3538354085b81ef36c100a2816d54993d184f50f51149beb3c72110afb62890b_single_sequence_seed20260919/model.cif	28431	193af7c3d486a502568c63ec28025957bc87513707885960fa5e15bba04113de
results/structure_campaign/compute/single_sequence_full/remote/models/protein_3538354085b81ef36c100a2816d54993d184f50f51149beb3c72110afb62890b_single_sequence_seed20260919/pae.npz	5610	28efe917cf7f3ba0564ad1a24775035fb7b14b599b554bf2f7b72a49da5f1213
results/structure_campaign/compute/single_sequence_full/remote/models/protein_3538354085b81ef36c100a2816d54993d184f50f51149beb3c72110afb62890b_single_sequence_seed20260919/plddt.npz	366	6205ffedbd38377796c0e48f967a44f30ffec8f57f98e890323dd0eb5bbf8a49
results/structure_campaign/compute/single_sequence_full/remote/models/protein_3868fed335582b3a056d423efc2dbae9dfa7c7350d3572a0f67798065f307d53_single_sequence_seed20260919/confidence.json	444	3d60b2ac6d36f0d2f04fb3fc6a9e765e1f467e54aa2c6993ab368a7ffb8dba8d
results/structure_campaign/compute/single_sequence_full/remote/models/protein_3868fed335582b3a056d423efc2dbae9dfa7c7350d3572a0f67798065f307d53_single_sequence_seed20260919/model.cif	69859	59be28e84ae5a3fa7849a9d91220c8aae97366ad47429416478b65d51d9972ac
results/structure_campaign/compute/single_sequence_full/remote/models/protein_3868fed335582b3a056d423efc2dbae9dfa7c7350d3572a0f67798065f307d53_single_sequence_seed20260919/pae.npz	34376	b385bbc8e3f815200e3a156dddd7101826252fc863eb358066acf06e1b27df57
results/structure_campaign/compute/single_sequence_full/remote/models/protein_3868fed335582b3a056d423efc2dbae9dfa7c7350d3572a0f67798065f307d53_single_sequence_seed20260919/plddt.npz	611	6d9ead3b10f8aa4f7f0d009e5cf156edcfca46ef5ddaabed5dab5c1cf7366a49
results/structure_campaign/compute/single_sequence_full/remote/models/protein_3efb26690c36c414062c23d0c47a34fbb57d8f10f8edf672769c2cddb8218cfa_single_sequence_seed20260919/confidence.json	445	8f1cef9e4e0df88616103e9f7ed792721b95ac4f264af93617cdc826bc9ccdaf
results/structure_campaign/compute/single_sequence_full/remote/models/protein_3efb26690c36c414062c23d0c47a34fbb57d8f10f8edf672769c2cddb8218cfa_single_sequence_seed20260919/model.cif	147214	406aa7cc6704ea80ab5d205f9ac6509a9c251cae2bda9c921d2f2f0f99e0b833
results/structure_campaign/compute/single_sequence_full/remote/models/protein_3efb26690c36c414062c23d0c47a34fbb57d8f10f8edf672769c2cddb8218cfa_single_sequence_seed20260919/pae.npz	146097	da0c4162b155174552d1926ff362d73514de15e1326d521223c81dc2070eccb3
results/structure_campaign/compute/single_sequence_full/remote/models/protein_3efb26690c36c414062c23d0c47a34fbb57d8f10f8edf672769c2cddb8218cfa_single_sequence_seed20260919/plddt.npz	978	4539fb686ada7f63933ae1ad1f804a7e8050c72d7521fc61b415cc195c7525fc
results/structure_campaign/compute/single_sequence_full/remote/models/protein_4d8da7a249b8e2edf2d48ecc95d93eb6898532d6e07ed982fec0fc4c9c14e12a_single_sequence_seed20260919/confidence.json	441	a98e872d3f428df56f1a0853fef6466223b35425b8d030be120b5a791f5f527b
results/structure_campaign/compute/single_sequence_full/remote/models/protein_4d8da7a249b8e2edf2d48ecc95d93eb6898532d6e07ed982fec0fc4c9c14e12a_single_sequence_seed20260919/model.cif	128171	3b316b96ff5023dd74671c36c2fe3e68e8b19222066aa319811e555234179339
results/structure_campaign/compute/single_sequence_full/remote/models/protein_4d8da7a249b8e2edf2d48ecc95d93eb6898532d6e07ed982fec0fc4c9c14e12a_single_sequence_seed20260919/pae.npz	116799	38751a3c7a243f1350f3cd7bdda99b415bbf2e12fe4d0d8988ef76fc95135efd
results/structure_campaign/compute/single_sequence_full/remote/models/protein_4d8da7a249b8e2edf2d48ecc95d93eb6898532d6e07ed982fec0fc4c9c14e12a_single_sequence_seed20260919/plddt.npz	887	9af521bcd3208be7359ab381019226bb5282b51f75731c9d1969d149ae5822fe
results/structure_campaign/compute/single_sequence_full/remote/models/protein_5e0a55ceea7aa5596a1130b2f7a693b8a52acf6bf2ac12e69951ade5c9fb2d52_single_sequence_seed20260919/confidence.json	446	3cdab694799f7568cd08defbe22af9b9dfc17d31bda3c976e49057d1c19a2bb5
results/structure_campaign/compute/single_sequence_full/remote/models/protein_5e0a55ceea7aa5596a1130b2f7a693b8a52acf6bf2ac12e69951ade5c9fb2d52_single_sequence_seed20260919/model.cif	81885	53855436930b5d4160507470b1ef2fb825dbaffac42ad8bc4866b68cff5bb547
results/structure_campaign/compute/single_sequence_full/remote/models/protein_5e0a55ceea7aa5596a1130b2f7a693b8a52acf6bf2ac12e69951ade5c9fb2d52_single_sequence_seed20260919/pae.npz	48198	ecb8a0a739438d2911425f15a6f7be98579be3b42869baf76f3ecaef2ab41f14
results/structure_campaign/compute/single_sequence_full/remote/models/protein_5e0a55ceea7aa5596a1130b2f7a693b8a52acf6bf2ac12e69951ade5c9fb2d52_single_sequence_seed20260919/plddt.npz	659	cf56f20973079c415d430cd029b4bedfba5504ddb1f66f38f7b24c81e2b6eb30
results/structure_campaign/compute/single_sequence_full/remote/models/protein_61a6c306c0a882793e9a0eb0f38e9dffb4ad15d1ae413e718969b8f43c6e86e4_single_sequence_seed20260919/confidence.json	446	726f80327dce12e830d2112ccf1f9d766d95f716c13fee6b6141a117290e2cbc
results/structure_campaign/compute/single_sequence_full/remote/models/protein_61a6c306c0a882793e9a0eb0f38e9dffb4ad15d1ae413e718969b8f43c6e86e4_single_sequence_seed20260919/model.cif	101914	605278496be89e0416ee49eadaa437abe127b4110c141f553cb7ffd3744f8554
results/structure_campaign/compute/single_sequence_full/remote/models/protein_61a6c306c0a882793e9a0eb0f38e9dffb4ad15d1ae413e718969b8f43c6e86e4_single_sequence_seed20260919/pae.npz	80699	7eb22f7f8c7f6bc88b8d6795416a1a048b6fa855f865a105e3786bf93777034b
results/structure_campaign/compute/single_sequence_full/remote/models/protein_61a6c306c0a882793e9a0eb0f38e9dffb4ad15d1ae413e718969b8f43c6e86e4_single_sequence_seed20260919/plddt.npz	789	0e91826622a805694511b39ac47cd56eb137f9d4dcac38efb488e5106a6e3126
results/structure_campaign/compute/single_sequence_full/remote/models/protein_61dbcd41ff74ad3f3b63240c13327fee06c0feb5d06fe4cf72c1220d5d18bb06_single_sequence_seed20260919/confidence.json	446	8b8ccdde9a11475e682e7a44241285b44cd306548860af6fbc9fc605d47c987b
results/structure_campaign/compute/single_sequence_full/remote/models/protein_61dbcd41ff74ad3f3b63240c13327fee06c0feb5d06fe4cf72c1220d5d18bb06_single_sequence_seed20260919/model.cif	112364	371b3ec216039813611c629c68731e81d9253f21259d1a511f1683eb0039efaa
results/structure_campaign/compute/single_sequence_full/remote/models/protein_61dbcd41ff74ad3f3b63240c13327fee06c0feb5d06fe4cf72c1220d5d18bb06_single_sequence_seed20260919/pae.npz	96614	2b1652f67561bdbe0670cf1fa574090c2063960d8e350e6ba129a66b254376fd
results/structure_campaign/compute/single_sequence_full/remote/models/protein_61dbcd41ff74ad3f3b63240c13327fee06c0feb5d06fe4cf72c1220d5d18bb06_single_sequence_seed20260919/plddt.npz	856	e398cf3ce1d541ffe661bfa6a3615b31b73a126d10cabf0356266bb4ced0001a
results/structure_campaign/compute/single_sequence_full/remote/models/protein_6ae36d8a89ac3ac04b43b02983f3cb8994037ee6cadc0be1d50523eaca3430e4_single_sequence_seed20260919/confidence.json	449	ae5f9e8271088d848a2d3f1a1836cbd618b2f91704a1def9c62e6585478dbf91
results/structure_campaign/compute/single_sequence_full/remote/models/protein_6ae36d8a89ac3ac04b43b02983f3cb8994037ee6cadc0be1d50523eaca3430e4_single_sequence_seed20260919/model.cif	147910	8f9a49d9f516dfc8b69388467a7961d2a337ef212939ef2023b31bc5f8be43fa
results/structure_campaign/compute/single_sequence_full/remote/models/protein_6ae36d8a89ac3ac04b43b02983f3cb8994037ee6cadc0be1d50523eaca3430e4_single_sequence_seed20260919/pae.npz	154201	0bae95f7e836082c59df8c95bfe590dd45c208736be90e3568625cde9eadb2c0
results/structure_campaign/compute/single_sequence_full/remote/models/protein_6ae36d8a89ac3ac04b43b02983f3cb8994037ee6cadc0be1d50523eaca3430e4_single_sequence_seed20260919/plddt.npz	1004	0404c9a25632f52897c96661d78adcc267bbb42a55eb5b2cc20d129100a339b0
results/structure_campaign/compute/single_sequence_full/remote/models/protein_6de3b695e6fb7625fb0b645afd1d9dbcedf1ea280f2faf93d7ebafbd589a09ef_single_sequence_seed20260919/confidence.json	449	01f1cb54dd4a8cb9d3f43f47b27e57b6b23a8c76d5fcc7d5452fe94125f2439c
results/structure_campaign/compute/single_sequence_full/remote/models/protein_6de3b695e6fb7625fb0b645afd1d9dbcedf1ea280f2faf93d7ebafbd589a09ef_single_sequence_seed20260919/model.cif	203965	ae96a15e0324c69bdef9f4295c282cd717d429dddc252ccd71754924ab3bc843
results/structure_campaign/compute/single_sequence_full/remote/models/protein_6de3b695e6fb7625fb0b645afd1d9dbcedf1ea280f2faf93d7ebafbd589a09ef_single_sequence_seed20260919/pae.npz	303889	d0be6e1b1263fa5ecb4e716ed49c6abd119fc6aff00ecc008d5fd031e1227c6f
results/structure_campaign/compute/single_sequence_full/remote/models/protein_6de3b695e6fb7625fb0b645afd1d9dbcedf1ea280f2faf93d7ebafbd589a09ef_single_sequence_seed20260919/plddt.npz	1315	224d41b54a60e4962d0e916835d3d4035bbc42cef0035d28cff267b2dedaa728
results/structure_campaign/compute/single_sequence_full/remote/models/protein_70b1ed4ba81a68375cfb42e68d1af3b9cf1105b34faaa49a883b93a8bfa81b6c_single_sequence_seed20260919/confidence.json	445	dce649038b1b5cdd5e1179ae4712aa1454f23e14c164fb35f16787bc4fd5409f
results/structure_campaign/compute/single_sequence_full/remote/models/protein_70b1ed4ba81a68375cfb42e68d1af3b9cf1105b34faaa49a883b93a8bfa81b6c_single_sequence_seed20260919/model.cif	107313	c6313f04bc82f3440fd1903c6dd87618b622bb5a26e1b30bdc80e4c7066ad1e4
results/structure_campaign/compute/single_sequence_full/remote/models/protein_70b1ed4ba81a68375cfb42e68d1af3b9cf1105b34faaa49a883b93a8bfa81b6c_single_sequence_seed20260919/pae.npz	82132	40585332d2623a6be9d1931446656d8cec669fcb3aae55e7093731c0585f965b
results/structure_campaign/compute/single_sequence_full/remote/models/protein_70b1ed4ba81a68375cfb42e68d1af3b9cf1105b34faaa49a883b93a8bfa81b6c_single_sequence_seed20260919/plddt.npz	800	922b219655d0b805f6f79ae65a255bc2f60cdefd82db2fd43f4523cd1aa8bfea
results/structure_campaign/compute/single_sequence_full/remote/models/protein_7153a9988f10e3f16ef9401be9c3ebf0e792e0075a0738bde80362e44019b419_single_sequence_seed20260919/confidence.json	448	97780c5fb495e89f388479301f52a46354890cdb877bd1a1812626c26fa643a0
results/structure_campaign/compute/single_sequence_full/remote/models/protein_7153a9988f10e3f16ef9401be9c3ebf0e792e0075a0738bde80362e44019b419_single_sequence_seed20260919/model.cif	203676	641b78d548c3f8a8579187318fada550be9845d0e55e53e39984640db774a9d2
results/structure_campaign/compute/single_sequence_full/remote/models/protein_7153a9988f10e3f16ef9401be9c3ebf0e792e0075a0738bde80362e44019b419_single_sequence_seed20260919/pae.npz	313386	89759950c80231551cbf3313e20ec6a1235c5d12bb81e01ca6f48f9c61d09f2e
results/structure_campaign/compute/single_sequence_full/remote/models/protein_7153a9988f10e3f16ef9401be9c3ebf0e792e0075a0738bde80362e44019b419_single_sequence_seed20260919/plddt.npz	1317	98be83cc4e81dfcd95401406d075d0fd5f33da3ce8bc1a004c1b683b0d029d93
results/structure_campaign/compute/single_sequence_full/remote/models/protein_74500f70e6a9f3f7e33db93e70c8610c8c7af7704f8522687bc26abc4cd3eb18_single_sequence_seed20260919/confidence.json	438	542ef3ace686d8b2c1b3daf9914ddefd0fc88951082e6a15f51e4d7f05ebf8ac
results/structure_campaign/compute/single_sequence_full/remote/models/protein_74500f70e6a9f3f7e33db93e70c8610c8c7af7704f8522687bc26abc4cd3eb18_single_sequence_seed20260919/model.cif	166147	877ff198e18f7193f78b250eee30ac8545aa0331264428721f9aa48a90c8ef16
results/structure_campaign/compute/single_sequence_full/remote/models/protein_74500f70e6a9f3f7e33db93e70c8610c8c7af7704f8522687bc26abc4cd3eb18_single_sequence_seed20260919/pae.npz	192352	f8f8928e97bfbaf44e377491f4c2f20ae7ae5d6a94bef4f5d041b9bce94ee118
results/structure_campaign/compute/single_sequence_full/remote/models/protein_74500f70e6a9f3f7e33db93e70c8610c8c7af7704f8522687bc26abc4cd3eb18_single_sequence_seed20260919/plddt.npz	1087	e38b41ad676a2c31b37905935f7a668ba71f1aa9ad847b438a0d304441817d31
results/structure_campaign/compute/single_sequence_full/remote/models/protein_7a9f6f4887bd814b003cf10313fd2533c1efedd27d7e63a1d4f1508167c28ace_single_sequence_seed20260919/attempt_1/boltz.log	2437	3d79d7087d20aadaaa53137597af98485f09b1d0c4308f3e68bc97867ca60fd6
results/structure_campaign/compute/single_sequence_full/remote/models/protein_7a9f6f4887bd814b003cf10313fd2533c1efedd27d7e63a1d4f1508167c28ace_single_sequence_seed20260919/confidence.json	437	d2d5b647034c6309d583ba45068658fd51c10eddf7f8604f4e42ec072ada0542
results/structure_campaign/compute/single_sequence_full/remote/models/protein_7a9f6f4887bd814b003cf10313fd2533c1efedd27d7e63a1d4f1508167c28ace_single_sequence_seed20260919/model.cif	29503	40823ab5134396d1377740e862ce8787fffb38447451a6aa9b545343decd658f
results/structure_campaign/compute/single_sequence_full/remote/models/protein_7a9f6f4887bd814b003cf10313fd2533c1efedd27d7e63a1d4f1508167c28ace_single_sequence_seed20260919/pae.npz	5681	796548dd5787a9d1bed2d4688d512cc457911683b5cb4872dc7113e1cb1372a3
results/structure_campaign/compute/single_sequence_full/remote/models/protein_7a9f6f4887bd814b003cf10313fd2533c1efedd27d7e63a1d4f1508167c28ace_single_sequence_seed20260919/plddt.npz	365	3401886fa09a3899d450a4be908f64e8750ada21c55044031b157442b925eb95
results/structure_campaign/compute/single_sequence_full/remote/models/protein_7a9f6f4887bd814b003cf10313fd2533c1efedd27d7e63a1d4f1508167c28ace_single_sequence_seed20260919/validation.json	252	23d6be4db439ae634ac58d2592f9ebdfd1cd62a62b86296cd7efcddf72ba2c0e
results/structure_campaign/compute/single_sequence_full/remote/models/protein_7b0d5d3c3a31c1168531049ad5eb4bf68c7070067b6a2cd48ed4f7d87f40e85a_single_sequence_seed20260919/confidence.json	443	f0a79f0d1cd5fbfc90b31950013dc56081e768495b59b3baad660de517ccb74c
results/structure_campaign/compute/single_sequence_full/remote/models/protein_7b0d5d3c3a31c1168531049ad5eb4bf68c7070067b6a2cd48ed4f7d87f40e85a_single_sequence_seed20260919/model.cif	1202041	a108693b9c357d670a8e04cabf73776b47335f3e791d0d2cf9584b8ee16ad40c
results/structure_campaign/compute/single_sequence_full/remote/models/protein_7b0d5d3c3a31c1168531049ad5eb4bf68c7070067b6a2cd48ed4f7d87f40e85a_single_sequence_seed20260919/pae.npz	9441745	55cb392a287ad1987c51e6d408f52b2caa81d4f723c2a795e5cb1253e25a2222
results/structure_campaign/compute/single_sequence_full/remote/models/protein_7b0d5d3c3a31c1168531049ad5eb4bf68c7070067b6a2cd48ed4f7d87f40e85a_single_sequence_seed20260919/plddt.npz	6086	b7dfc0887ba6377ca75aabb61e5474419e94c3491c990611df77471319a0e684
results/structure_campaign/compute/single_sequence_full/remote/models/protein_7c620433a33c479bd09812150c15d2e0accd796c3cd40b057543080302fe009b_single_sequence_seed20260919/confidence.json	441	19eb3e0f56b3aefc82d21a72a50807b9885e4bd945695581d0e4b63d883bfaa6
results/structure_campaign/compute/single_sequence_full/remote/models/protein_7c620433a33c479bd09812150c15d2e0accd796c3cd40b057543080302fe009b_single_sequence_seed20260919/model.cif	34042	5ca58c82122f44231f6f9a917f7738516b374f2174de9ece91d781129e1afeb6
results/structure_campaign/compute/single_sequence_full/remote/models/protein_7c620433a33c479bd09812150c15d2e0accd796c3cd40b057543080302fe009b_single_sequence_seed20260919/pae.npz	7828	d435520010d6eef5e416b3a78cdfc5c8a89c3604f37e19e52bc8a086e14eca7c
results/structure_campaign/compute/single_sequence_full/remote/models/protein_7c620433a33c479bd09812150c15d2e0accd796c3cd40b057543080302fe009b_single_sequence_seed20260919/plddt.npz	395	94a1db5c6bb71c23456265f86dd292665077b04d2095d9b178ecaaf8960e991a
results/structure_campaign/compute/single_sequence_full/remote/models/protein_8500b17b3f5cc9f4deaed97ff0ad19025d5d94095c67bb9c969910558b69f1f8_single_sequence_seed20260919/confidence.json	446	590b71bb8ad14a6525585c8eeee6713cfcbc91da4c385d107bb0fb217df7d35b
results/structure_campaign/compute/single_sequence_full/remote/models/protein_8500b17b3f5cc9f4deaed97ff0ad19025d5d94095c67bb9c969910558b69f1f8_single_sequence_seed20260919/model.cif	398655	b24180d900efe1108188533080c92c906ee6f12d4eef2071734770b1b82ea223
results/structure_campaign/compute/single_sequence_full/remote/models/protein_8500b17b3f5cc9f4deaed97ff0ad19025d5d94095c67bb9c969910558b69f1f8_single_sequence_seed20260919/pae.npz	1047728	836569c52075f6f3b813ff6bf18108771b1e201b56941e3a8a1ab3f253120058
results/structure_campaign/compute/single_sequence_full/remote/models/protein_8500b17b3f5cc9f4deaed97ff0ad19025d5d94095c67bb9c969910558b69f1f8_single_sequence_seed20260919/plddt.npz	2193	f0a821a6cbe34a5d8395ab95f0f239848ec7bc4bbcabba70d101923f34b2ebe9
results/structure_campaign/compute/single_sequence_full/remote/models/protein_899325e73395c7c25bfb100e110524886b8177bae90a0ab97604b66f4b77da1e_single_sequence_seed20260919/confidence.json	444	01b7cb9708b943300eb141f92af484991e7e83193abb8695af9490e53fe77d7c
results/structure_campaign/compute/single_sequence_full/remote/models/protein_899325e73395c7c25bfb100e110524886b8177bae90a0ab97604b66f4b77da1e_single_sequence_seed20260919/model.cif	66204	8aab175055508ef43fd2b01aceeec345e6764cadb930ff7bd091d7e2c69e2c4b
results/structure_campaign/compute/single_sequence_full/remote/models/protein_899325e73395c7c25bfb100e110524886b8177bae90a0ab97604b66f4b77da1e_single_sequence_seed20260919/pae.npz	31461	0db465ebf27a7a8d88f4a19488440c8a76c201586dac96784325ad4242f916af
results/structure_campaign/compute/single_sequence_full/remote/models/protein_899325e73395c7c25bfb100e110524886b8177bae90a0ab97604b66f4b77da1e_single_sequence_seed20260919/plddt.npz	596	1a526e55341feee6a9f4f0f747b476ac36ad2ff4d2b1c5e504a2498c02096d6d
results/structure_campaign/compute/single_sequence_full/remote/models/protein_91b6c2354036f74992cb5f2520a3614bb2b0ecc3feab662dbb7e791accc4b3b7_single_sequence_seed20260919/confidence.json	444	c9f1111cb4aadc6238ce7e52fbfe10d36979e736e7a8eb0c1575e8192b21d39f
results/structure_campaign/compute/single_sequence_full/remote/models/protein_91b6c2354036f74992cb5f2520a3614bb2b0ecc3feab662dbb7e791accc4b3b7_single_sequence_seed20260919/model.cif	151925	22c0c2d1d7a0c01b138f9c88f5090f2361eba3f2ad9c826af21d489560e22e4e
results/structure_campaign/compute/single_sequence_full/remote/models/protein_91b6c2354036f74992cb5f2520a3614bb2b0ecc3feab662dbb7e791accc4b3b7_single_sequence_seed20260919/pae.npz	154068	9ddb9b6ac08f0a2edc8895f22d99fc236852a5f55b6f38d5c42cc6f584fa4cf3
results/structure_campaign/compute/single_sequence_full/remote/models/protein_91b6c2354036f74992cb5f2520a3614bb2b0ecc3feab662dbb7e791accc4b3b7_single_sequence_seed20260919/plddt.npz	1002	7d4b70423a563a8c967412a8fb222295702f03ccac86cc7c4597c4e17da2246d
results/structure_campaign/compute/single_sequence_full/remote/models/protein_9a99577ea77e93a51bb896132001fac6caa242ee517a62995ddef9d39a72f54a_single_sequence_seed20260919/confidence.json	445	1bc3e7452c7dddc03f7df267833e9629be79fe5f23cd578e2ab383e464d55e9b
results/structure_campaign/compute/single_sequence_full/remote/models/protein_9a99577ea77e93a51bb896132001fac6caa242ee517a62995ddef9d39a72f54a_single_sequence_seed20260919/model.cif	496162	84deb6e3bc2d291f8052f44487a10677637b47f01c014b56c8557bb83edfe664
results/structure_campaign/compute/single_sequence_full/remote/models/protein_9a99577ea77e93a51bb896132001fac6caa242ee517a62995ddef9d39a72f54a_single_sequence_seed20260919/pae.npz	1678225	edff7b89f32fc63916edcb41da3ab36c0408580d3d853133a41e532788c5de1d
results/structure_campaign/compute/single_sequence_full/remote/models/protein_9a99577ea77e93a51bb896132001fac6caa242ee517a62995ddef9d39a72f54a_single_sequence_seed20260919/plddt.npz	2760	591bb5256e5d053cb5fd21c84e5aa4791565567dc8bd1bac0a44a279738bb467
results/structure_campaign/compute/single_sequence_full/remote/models/protein_b0d22e27937167cce8168e89f2f47683b4ada96ad48b9ebb22e347b9e99abcb8_single_sequence_seed20260919/confidence.json	442	692e56563c92f4e8e40fa725d19d58951e2efaefc2e20b2e292f42c5a1243a30
results/structure_campaign/compute/single_sequence_full/remote/models/protein_b0d22e27937167cce8168e89f2f47683b4ada96ad48b9ebb22e347b9e99abcb8_single_sequence_seed20260919/model.cif	97340	63ac5ff80fa107cbff05de1f0065225c162c9aa61e1d8eced18d697d0fe86458
results/structure_campaign/compute/single_sequence_full/remote/models/protein_b0d22e27937167cce8168e89f2f47683b4ada96ad48b9ebb22e347b9e99abcb8_single_sequence_seed20260919/pae.npz	69198	6977d78d53b975275e564b4b00e66b6d0ec083f9b15042b22ec8a25849916826
results/structure_campaign/compute/single_sequence_full/remote/models/protein_b0d22e27937167cce8168e89f2f47683b4ada96ad48b9ebb22e347b9e99abcb8_single_sequence_seed20260919/plddt.npz	750	9422e5410c05dcce651e9f23ffa959ddacb4ffbe52f8c37495bb77239be07528
results/structure_campaign/compute/single_sequence_full/remote/models/protein_b38a46e68fa112ecb3d07b06ff9f3c00cfbcb19b8f9098cd396c99a0030c80ca_single_sequence_seed20260919/confidence.json	447	381ae955469bd1377f288a6e8fd3c71883bdf0e1bc3f0ed8dd852ddec556a08e
results/structure_campaign/compute/single_sequence_full/remote/models/protein_b38a46e68fa112ecb3d07b06ff9f3c00cfbcb19b8f9098cd396c99a0030c80ca_single_sequence_seed20260919/model.cif	51563	7b409d6246d0c1aabbf69697303df2f20e945931c708e4329d813af563e2d5d6
results/structure_campaign/compute/single_sequence_full/remote/models/protein_b38a46e68fa112ecb3d07b06ff9f3c00cfbcb19b8f9098cd396c99a0030c80ca_single_sequence_seed20260919/pae.npz	19672	a0c7e60ce2fa31e9f194026855d4903e2de6b902df8b8d28dda848cd8f23be7d
results/structure_campaign/compute/single_sequence_full/remote/models/protein_b38a46e68fa112ecb3d07b06ff9f3c00cfbcb19b8f9098cd396c99a0030c80ca_single_sequence_seed20260919/plddt.npz	521	a49762a4172e9d4fd303b3eebd5e213da0e8f888179ed6df58df8feb0b68a9ae
results/structure_campaign/compute/single_sequence_full/remote/models/protein_b537f99b45ff96dfbe025055a4ef53a4d336495d89f7355a3e01399abae3638e_single_sequence_seed20260919/confidence.json	443	d279f75df94db1a518a9d52848843669efac58498da4880c7030919bb4a34f12
results/structure_campaign/compute/single_sequence_full/remote/models/protein_b537f99b45ff96dfbe025055a4ef53a4d336495d89f7355a3e01399abae3638e_single_sequence_seed20260919/model.cif	401854	40bbc0673b821895f45d8f1fb086de7b922f5ed1104b6fe4e3c8eee5823aa969
results/structure_campaign/compute/single_sequence_full/remote/models/protein_b537f99b45ff96dfbe025055a4ef53a4d336495d89f7355a3e01399abae3638e_single_sequence_seed20260919/pae.npz	1061481	87139e748264a68e8b9648fffb5ed30c647207a9a4ee47c8df1b66b4e7ba49cd
results/structure_campaign/compute/single_sequence_full/remote/models/protein_b537f99b45ff96dfbe025055a4ef53a4d336495d89f7355a3e01399abae3638e_single_sequence_seed20260919/plddt.npz	2252	b7fff58a0e5142bd3d5fa0de821b6f407b2d878b3b5999ba09e5b98c0aff6936
results/structure_campaign/compute/single_sequence_full/remote/models/protein_bcd139b19630cb31f3a89703fedd00936138336ed28e45f87045ef3f8222c90c_single_sequence_seed20260919/confidence.json	445	c78491b4dbee8fb172c486f0cb7569bdda32550b4a1997ca47100d5cca85d8a8
results/structure_campaign/compute/single_sequence_full/remote/models/protein_bcd139b19630cb31f3a89703fedd00936138336ed28e45f87045ef3f8222c90c_single_sequence_seed20260919/model.cif	219606	50d60936e1292fdd579e2faebd64634c5a0fcf0230a9b91ad4025e4611d4bd10
results/structure_campaign/compute/single_sequence_full/remote/models/protein_bcd139b19630cb31f3a89703fedd00936138336ed28e45f87045ef3f8222c90c_single_sequence_seed20260919/pae.npz	365829	4e196a19bc0a2766d684e00166b4486126b89ccdf66874fad7c02b80097d16b1
results/structure_campaign/compute/single_sequence_full/remote/models/protein_bcd139b19630cb31f3a89703fedd00936138336ed28e45f87045ef3f8222c90c_single_sequence_seed20260919/plddt.npz	1413	3d73e7328fd1d4991b78dcd3ef6924818335f605f44e9e175ea2cf3b6789ff5e
results/structure_campaign/compute/single_sequence_full/remote/models/protein_c4c915da39d6ec74952059215262a9989ad6435c495f79363d36b565c91f216d_single_sequence_seed20260919/confidence.json	446	408b052b4cec86c2ec943de8e3ddbe9da3794a8536f4d28d9e04f02932c8f978
results/structure_campaign/compute/single_sequence_full/remote/models/protein_c4c915da39d6ec74952059215262a9989ad6435c495f79363d36b565c91f216d_single_sequence_seed20260919/model.cif	35231	1ee36212bf09ea3803b39f75b7b4181a2baa304d95a2398b298893bb6aaa6475
results/structure_campaign/compute/single_sequence_full/remote/models/protein_c4c915da39d6ec74952059215262a9989ad6435c495f79363d36b565c91f216d_single_sequence_seed20260919/pae.npz	7306	28dcab4b8efb6dfaea05f8a7cbff18b8b87c9a3ded35c96e3e38114913e95e72
results/structure_campaign/compute/single_sequence_full/remote/models/protein_c4c915da39d6ec74952059215262a9989ad6435c495f79363d36b565c91f216d_single_sequence_seed20260919/plddt.npz	393	5812952a9c22b93bcc97ed77d2a36e7ecac878deba2a88356f8603f66b42d2f3
results/structure_campaign/compute/single_sequence_full/remote/models/protein_ca2772f82b0e861861636ddd31697e08475ddd2b2f93467e300b85d3aa0b3c75_single_sequence_seed20260919/confidence.json	443	b7b4d3f9b3bd4158fdc44455319bf5738432c4b5b524cfd86eec9c5e659ab35b
results/structure_campaign/compute/single_sequence_full/remote/models/protein_ca2772f82b0e861861636ddd31697e08475ddd2b2f93467e300b85d3aa0b3c75_single_sequence_seed20260919/model.cif	1831553	ce51940925bd21f8378bb5649523d1e3b84bd7ca0919f0b12e79bdb30bac2f29
results/structure_campaign/compute/single_sequence_full/remote/models/protein_ca2772f82b0e861861636ddd31697e08475ddd2b2f93467e300b85d3aa0b3c75_single_sequence_seed20260919/pae.npz	19746170	b2e014707fbaef01140d68f38ad8b5172d67363cb98fe82859b78751bddcdbf9
results/structure_campaign/compute/single_sequence_full/remote/models/protein_ca2772f82b0e861861636ddd31697e08475ddd2b2f93467e300b85d3aa0b3c75_single_sequence_seed20260919/plddt.npz	8665	0fde4417a92333adbd76532d94d9658d44994e56e94dc907360b6004fabf9801
results/structure_campaign/compute/single_sequence_full/remote/models/protein_d09ba36d63b4b05b94c1787f8ea186e5b841f5920b3ffb5356533bd95afd68da_single_sequence_seed20260919/confidence.json	440	b77a25229aaccfcf9a9b0a8adc77a64f74c614e3c766e46b656b86ed33262065
results/structure_campaign/compute/single_sequence_full/remote/models/protein_d09ba36d63b4b05b94c1787f8ea186e5b841f5920b3ffb5356533bd95afd68da_single_sequence_seed20260919/model.cif	179525	dd32065905c1eac77dda09f62df0b1f886a2d6a3935e17731ba04b57aa7f7773
results/structure_campaign/compute/single_sequence_full/remote/models/protein_d09ba36d63b4b05b94c1787f8ea186e5b841f5920b3ffb5356533bd95afd68da_single_sequence_seed20260919/pae.npz	233683	43130b9f884b581c6630702d86c85fe8b9188d75524603edae647b5b33e8c352
results/structure_campaign/compute/single_sequence_full/remote/models/protein_d09ba36d63b4b05b94c1787f8ea186e5b841f5920b3ffb5356533bd95afd68da_single_sequence_seed20260919/plddt.npz	1176	4b420e80bf9999f48afd0006455a0d82d57c8870052e9da3e57959f684baa842
results/structure_campaign/compute/single_sequence_full/remote/models/protein_d12ded276778cca561f61708455f059a1bccb3f6e5b75d6ea02f274ab7b9a20d_single_sequence_seed20260919/confidence.json	446	7cfef50b1eab590babe5839c52685986a9a92e86420cb9b7d33facfc05d7f400
results/structure_campaign/compute/single_sequence_full/remote/models/protein_d12ded276778cca561f61708455f059a1bccb3f6e5b75d6ea02f274ab7b9a20d_single_sequence_seed20260919/model.cif	193025	d51f0261207585457939e531b91c50a3b79f3aff2347e0192b75bc2a67487d81
results/structure_campaign/compute/single_sequence_full/remote/models/protein_d12ded276778cca561f61708455f059a1bccb3f6e5b75d6ea02f274ab7b9a20d_single_sequence_seed20260919/pae.npz	284359	1aba926b36d70ee6b55dc7651389c6b906f5fb7d84b6db843f9663e4a2a70348
results/structure_campaign/compute/single_sequence_full/remote/models/protein_d12ded276778cca561f61708455f059a1bccb3f6e5b75d6ea02f274ab7b9a20d_single_sequence_seed20260919/plddt.npz	1281	3566680e712cf64c90efe83a260f50d5cf58d81c648aea655f3351ec608b671b
results/structure_campaign/compute/single_sequence_full/remote/models/protein_d9dadae508e1aba65519f0bec221151e33dd065734ac6bd7d657c57034b61154_single_sequence_seed20260919/confidence.json	442	b475e0d52ecf708fd4ddfd288bb296ee69a2ed999fcf500c682467ba38f4043c
results/structure_campaign/compute/single_sequence_full/remote/models/protein_d9dadae508e1aba65519f0bec221151e33dd065734ac6bd7d657c57034b61154_single_sequence_seed20260919/model.cif	61289	157f2f3f78eae5dafb5cc94921367202dbb5afc0cb72901842e25c6ef70b6eb3
results/structure_campaign/compute/single_sequence_full/remote/models/protein_d9dadae508e1aba65519f0bec221151e33dd065734ac6bd7d657c57034b61154_single_sequence_seed20260919/pae.npz	25907	a411651e1747bb58285132043e844c353b0ac56188e47ef3d40601cccc07d8b0
results/structure_campaign/compute/single_sequence_full/remote/models/protein_d9dadae508e1aba65519f0bec221151e33dd065734ac6bd7d657c57034b61154_single_sequence_seed20260919/plddt.npz	561	3e20d0edef238b43906d25c25fbe4266d59a1bfb1f55f2675a9910aee91510ec
results/structure_campaign/compute/single_sequence_full/remote/models/protein_dba94fe4564b656dcb4c88ed9c0af05dfe78a7d6ea0ef18b1c71b29fe58fa0d9_single_sequence_seed20260919/confidence.json	440	f4c3406c18fbb21540b2deabb7b5419ba38cd64943099581b377908ef145e3ff
results/structure_campaign/compute/single_sequence_full/remote/models/protein_dba94fe4564b656dcb4c88ed9c0af05dfe78a7d6ea0ef18b1c71b29fe58fa0d9_single_sequence_seed20260919/model.cif	65681	2dbef20d4497674785da3fda6e08c6832fcf099832512880b58aa9ed33feadb6
results/structure_campaign/compute/single_sequence_full/remote/models/protein_dba94fe4564b656dcb4c88ed9c0af05dfe78a7d6ea0ef18b1c71b29fe58fa0d9_single_sequence_seed20260919/pae.npz	32224	38d12d073198f427a31bf543ebb6c73f5c6641ccc59cd622c9ab8f48fb8ac121
results/structure_campaign/compute/single_sequence_full/remote/models/protein_dba94fe4564b656dcb4c88ed9c0af05dfe78a7d6ea0ef18b1c71b29fe58fa0d9_single_sequence_seed20260919/plddt.npz	594	821caaefb7aeb451a867982a9c5c23d28a6b2931fa83327a182d605492734123
results/structure_campaign/compute/single_sequence_full/remote/models/protein_dfb8a2ccde79614b69b3425f8cd6ffcf0f2bddaf437ae76facc8bb7ebdfacb2e_single_sequence_seed20260919/confidence.json	448	9ee5341003e1a8628ebb9bb1d6be3c98c94541847938a15129d6ebe5f2bdda20
results/structure_campaign/compute/single_sequence_full/remote/models/protein_dfb8a2ccde79614b69b3425f8cd6ffcf0f2bddaf437ae76facc8bb7ebdfacb2e_single_sequence_seed20260919/model.cif	131419	25709e31b33320a031e428acaa0de82f17bade5d54a33aa5a3bb783f7bfa23e3
results/structure_campaign/compute/single_sequence_full/remote/models/protein_dfb8a2ccde79614b69b3425f8cd6ffcf0f2bddaf437ae76facc8bb7ebdfacb2e_single_sequence_seed20260919/pae.npz	127122	d559071efd4bb48475f57b72497d3bc6c78aa2bb0a70d22577578609607bd52d
results/structure_campaign/compute/single_sequence_full/remote/models/protein_dfb8a2ccde79614b69b3425f8cd6ffcf0f2bddaf437ae76facc8bb7ebdfacb2e_single_sequence_seed20260919/plddt.npz	924	2c3fbe9a2cc290bb237302dd7355b6e981997e60050f522371ddec8501b4731e
results/structure_campaign/compute/single_sequence_full/remote/models/protein_e5af13d33e889258c3c023a666c476f620d82348973f983e518b9779866522d1_single_sequence_seed20260919/confidence.json	445	978e60f3a7957bccab746aed42ecc4e302e4d8908d54245c7db2204e697355d7
results/structure_campaign/compute/single_sequence_full/remote/models/protein_e5af13d33e889258c3c023a666c476f620d82348973f983e518b9779866522d1_single_sequence_seed20260919/model.cif	124299	781895cc7585f2a092c65a454942c338cdcd025ce1823456595f7d2ed02dc918
results/structure_campaign/compute/single_sequence_full/remote/models/protein_e5af13d33e889258c3c023a666c476f620d82348973f983e518b9779866522d1_single_sequence_seed20260919/pae.npz	107512	f0493d069c960b69dd2e88e7dc90b7fcf0a401095a13e3af202592b9e1dcf51b
results/structure_campaign/compute/single_sequence_full/remote/models/protein_e5af13d33e889258c3c023a666c476f620d82348973f983e518b9779866522d1_single_sequence_seed20260919/plddt.npz	878	74597202374d3cb4d9cc34e257ada91396d04c0609f8c137837deb8555cd51b9
results/structure_campaign/compute/single_sequence_full/remote/models/protein_e6bde9e98c0c71a406cda37d339a2829de1ba0ba203b851d67e4082deda858a7_single_sequence_seed20260919/confidence.json	444	6369fa723afc2fa44c3088c324a210cf8f0bf245d83ece875d6e893bdf4db3c7
results/structure_campaign/compute/single_sequence_full/remote/models/protein_e6bde9e98c0c71a406cda37d339a2829de1ba0ba203b851d67e4082deda858a7_single_sequence_seed20260919/model.cif	263450	1c7c11a18b22d08d556e52ed0223c7da6fa9d6bdd0841e46a0961a0089133d68
results/structure_campaign/compute/single_sequence_full/remote/models/protein_e6bde9e98c0c71a406cda37d339a2829de1ba0ba203b851d67e4082deda858a7_single_sequence_seed20260919/pae.npz	492889	88fb711fe1d99f8aabdc8abf302478364a03eb5d69bd9b44ec33220b4cdb17d8
results/structure_campaign/compute/single_sequence_full/remote/models/protein_e6bde9e98c0c71a406cda37d339a2829de1ba0ba203b851d67e4082deda858a7_single_sequence_seed20260919/plddt.npz	1597	643aedeb0d55d367f2df6f0016516751710cd703d41ad2066a8d0b9e5ed4dc5a
results/structure_campaign/compute/single_sequence_full/remote/models/protein_eaadb81f5c70805626da52cd61e57438d32bf21d9a2d8384477f99624294a992_single_sequence_seed20260919/confidence.json	445	7f1ad9629c7c571ebbf62d8257953aef7ac973a2f632ebf85a659af412fbb21b
results/structure_campaign/compute/single_sequence_full/remote/models/protein_eaadb81f5c70805626da52cd61e57438d32bf21d9a2d8384477f99624294a992_single_sequence_seed20260919/model.cif	108868	d3e2fcf356a8d15369380edd48f7931874d1acafe1ecad441fb9e225a3d75389
results/structure_campaign/compute/single_sequence_full/remote/models/protein_eaadb81f5c70805626da52cd61e57438d32bf21d9a2d8384477f99624294a992_single_sequence_seed20260919/pae.npz	85213	b4b3c88e53a3f67d07d35588505207a37f740d7ac406d57028aebeceb1be0a90
results/structure_campaign/compute/single_sequence_full/remote/models/protein_eaadb81f5c70805626da52cd61e57438d32bf21d9a2d8384477f99624294a992_single_sequence_seed20260919/plddt.npz	805	0e84149d62d7917d1226bbbb43805ad53868f42e474a0a42e28c5e8afdf31062
results/structure_campaign/compute/single_sequence_full/remote/models/protein_f0766d124b52f0061597ce4e822e9275a04152df574f9a512631a0fa6ed8a2fa_single_sequence_seed20260919/attempt_1/boltz.log	2437	05d9e29c7e89e98da9e4c2e4df8cead052d5d6fa16f3198e839cc03a6a2896fe
results/structure_campaign/compute/single_sequence_full/remote/models/protein_f0766d124b52f0061597ce4e822e9275a04152df574f9a512631a0fa6ed8a2fa_single_sequence_seed20260919/confidence.json	449	b2d6539b5078fe474f39c1d21046cd3e0e2c9f845de58bf5439a51138a889985
results/structure_campaign/compute/single_sequence_full/remote/models/protein_f0766d124b52f0061597ce4e822e9275a04152df574f9a512631a0fa6ed8a2fa_single_sequence_seed20260919/model.cif	80939	a0d605c70053a20e3c02077184f41f17cd185bda2756113c53811565a0b98eac
results/structure_campaign/compute/single_sequence_full/remote/models/protein_f0766d124b52f0061597ce4e822e9275a04152df574f9a512631a0fa6ed8a2fa_single_sequence_seed20260919/pae.npz	48137	5421e0c420a863e9af9e1095f5b66129953e2ad25bdd5ef7b0cac1824cd8f269
results/structure_campaign/compute/single_sequence_full/remote/models/protein_f0766d124b52f0061597ce4e822e9275a04152df574f9a512631a0fa6ed8a2fa_single_sequence_seed20260919/plddt.npz	669	39990ca566419e30433e26fa31c5c6bec307abe7088a253dae78f2b008ef6e22
results/structure_campaign/compute/single_sequence_full/remote/models/protein_f0766d124b52f0061597ce4e822e9275a04152df574f9a512631a0fa6ed8a2fa_single_sequence_seed20260919/validation.json	239	07d88d10eb21898aafcf12bcb85e9207eb6c503e5a9cf23db850f7873fd48d40
results/structure_campaign/compute/single_sequence_full/remote/models/protein_f3b157eea4a7b3afed59584e95a707bc05cb7cf6e128952858f1c030fdca8e9f_single_sequence_seed20260919/confidence.json	447	a1cef9cd854c75a2d47ba77103ba326aa761b37020e88117608376dc4be0a9a3
results/structure_campaign/compute/single_sequence_full/remote/models/protein_f3b157eea4a7b3afed59584e95a707bc05cb7cf6e128952858f1c030fdca8e9f_single_sequence_seed20260919/model.cif	50178	1e52ef38d6252ccf2c85e817b6a772579a9f613f4e26616ff5b5c6cbc17af3e5
results/structure_campaign/compute/single_sequence_full/remote/models/protein_f3b157eea4a7b3afed59584e95a707bc05cb7cf6e128952858f1c030fdca8e9f_single_sequence_seed20260919/pae.npz	17554	c499dba8a05d1ce18ec9fc49a7185c1913e1a584db823a32dbeeb8eb079f30a2
results/structure_campaign/compute/single_sequence_full/remote/models/protein_f3b157eea4a7b3afed59584e95a707bc05cb7cf6e128952858f1c030fdca8e9f_single_sequence_seed20260919/plddt.npz	496	0ebcb236e72d7034ccc210283fb8bae9a101ff6a6fbc2876a8cbc5d35a3e0a76
results/structure_campaign/compute/single_sequence_full/remote/models/protein_fa6506540deb5226f196b5e2c3dc3fd6a10972fec505231d4d43a33b7e157c2a_single_sequence_seed20260919/confidence.json	447	776321e1ba2f848fbb9c7ba5f56435dbd61e38bd953fa2c478eb99a17d6cb6ca
results/structure_campaign/compute/single_sequence_full/remote/models/protein_fa6506540deb5226f196b5e2c3dc3fd6a10972fec505231d4d43a33b7e157c2a_single_sequence_seed20260919/model.cif	642054	480b66cf4088cbac0c16ed0e1eb2bcd48a5a54b043ae908d48f9878ac8525013
results/structure_campaign/compute/single_sequence_full/remote/models/protein_fa6506540deb5226f196b5e2c3dc3fd6a10972fec505231d4d43a33b7e157c2a_single_sequence_seed20260919/pae.npz	2713510	e7a617b18850e9b64cd0c0c47b6af7239edec141321e18e4e6efc8defebf9242
results/structure_campaign/compute/single_sequence_full/remote/models/protein_fa6506540deb5226f196b5e2c3dc3fd6a10972fec505231d4d43a33b7e157c2a_single_sequence_seed20260919/plddt.npz	3384	d3992eb9ae44f5f8ddbcdeeb17909120ef829dd33495d519c7975b2aa2913d69
results/structure_campaign/compute/single_sequence_full/remote/models/protein_ff641b7f66baa209ff86e50cff70775b9fc1fd0004872ad33a501711d57eaf5e_single_sequence_seed20260919/confidence.json	444	a82fa9df23e2b512df9dfded2c2a51fcd0c156a4d1b236708ee2dd3d5c443882
results/structure_campaign/compute/single_sequence_full/remote/models/protein_ff641b7f66baa209ff86e50cff70775b9fc1fd0004872ad33a501711d57eaf5e_single_sequence_seed20260919/model.cif	95423	2991b90b0b1204a00627e96d781bbc88f1242e90111b43f8720cadcb712a8897
results/structure_campaign/compute/single_sequence_full/remote/models/protein_ff641b7f66baa209ff86e50cff70775b9fc1fd0004872ad33a501711d57eaf5e_single_sequence_seed20260919/pae.npz	61537	e3e933362c9202d92933c547726facf3393f6b27f80c6b19c7657e102b0914ef
results/structure_campaign/compute/single_sequence_full/remote/models/protein_ff641b7f66baa209ff86e50cff70775b9fc1fd0004872ad33a501711d57eaf5e_single_sequence_seed20260919/plddt.npz	728	7770e9eb3bc1d310eab5ed167ace6666b225f34b97d2def7475b546ce27f670c
results/structure_campaign/compute/single_sequence_full/remote/models/protein_ff94800e922179729e86c53f89319115126e45abae0220aa9052e0fb76f532c1_single_sequence_seed20260919/confidence.json	440	74e18eb4724448c6ee826f914b2785678913d5beb6bf79a18bc01c437d40cc66
results/structure_campaign/compute/single_sequence_full/remote/models/protein_ff94800e922179729e86c53f89319115126e45abae0220aa9052e0fb76f532c1_single_sequence_seed20260919/model.cif	88736	ea1177cef01fb00c50527115ccaf9ae3761b24b4ad0f4cf6815ebe4934ce032f
results/structure_campaign/compute/single_sequence_full/remote/models/protein_ff94800e922179729e86c53f89319115126e45abae0220aa9052e0fb76f532c1_single_sequence_seed20260919/pae.npz	58214	79e92ba4a51256276c6afcb4a9bfb809e68b39a00f768bd30c94c684caf849ae
results/structure_campaign/compute/single_sequence_full/remote/models/protein_ff94800e922179729e86c53f89319115126e45abae0220aa9052e0fb76f532c1_single_sequence_seed20260919/plddt.npz	714	6adb3742fbd562a3fb94804e30a2388081700f0b7edd96fb475859050e7bae0d
results/structure_campaign/compute/single_sequence_full/remote/monitor.log	0	e3b0c44298fc1c149afbf4c8996fb92427ae41e4649b934ca495991b7852b855
results/structure_campaign/compute/single_sequence_full/remote/requirements-lock.txt	1898	70ea7ed3315e76f3d3a2eb4eaa6c27c5c3356d30587e9e1b48be13828a940575
results/structure_campaign/compute/single_sequence_pilot/cleanup_receipt.json	2382	f4e4a7f46befc2a390e390c381f2c4406db2a3b07b428ed1c08a7e878af9e17f
results/structure_campaign/compute/single_sequence_pilot/export_ssh.log	0	e3b0c44298fc1c149afbf4c8996fb92427ae41e4649b934ca495991b7852b855
results/structure_campaign/compute/single_sequence_pilot/inputs/protein_06a47ea8fb14decf2e1f83ce3d7b3bc9900a29ed89cc722332a43a369472b176_single_sequence_seed20260919.fasta	461	05f49c2b70fd0199b87e0012d2553eef950a5625e61656501cc3eb065bf7fe0d
results/structure_campaign/compute/single_sequence_pilot/inputs/protein_06a47ea8fb14decf2e1f83ce3d7b3bc9900a29ed89cc722332a43a369472b176_single_sequence_seed20260919.yaml	438	1fdc641be9e03fc5ce315626daead19e7b8fd6bcb5bf8351094126bddc62c2aa
results/structure_campaign/compute/single_sequence_pilot/inputs/protein_13af641587610835ccf13231157fe90ef6e91f0485fa14f7ec5a46506b5a8823_single_sequence_seed20260919.fasta	172	44127c5c1e1d0ab8dcb2470143fcbd651bee34c61f4ccf7299250edd5a3e8305
results/structure_campaign/compute/single_sequence_pilot/inputs/protein_13af641587610835ccf13231157fe90ef6e91f0485fa14f7ec5a46506b5a8823_single_sequence_seed20260919.yaml	149	21108acd6f35754ddc18dcc49700d6cba7bc49b2bac284471ecc3e3febbcec99
results/structure_campaign/compute/single_sequence_pilot/inputs/protein_1bb99356d918b0fbaa9b069fdeb691f9390e078bfa32068a8186f372bbfd91a3_single_sequence_seed20260919.fasta	266	ca86d048266ec800f1216dc2697c3f2cd22b91a5e44183051d2991792882bb04
results/structure_campaign/compute/single_sequence_pilot/inputs/protein_1bb99356d918b0fbaa9b069fdeb691f9390e078bfa32068a8186f372bbfd91a3_single_sequence_seed20260919.yaml	243	30f82fed1e4135181ef620a2655118c0e9f44ff7898eeaaaca5758e57370a73e
results/structure_campaign/compute/single_sequence_pilot/inputs/protein_1bce31ef49449220635ddadc203907308fc7f2ec67e7d48732292471c9bbe3df_single_sequence_seed20260919.fasta	136	799b9d6241e5f99087441f2c4d46b5728cbe335bb7633b742415a43aebfc3102
results/structure_campaign/compute/single_sequence_pilot/inputs/protein_1bce31ef49449220635ddadc203907308fc7f2ec67e7d48732292471c9bbe3df_single_sequence_seed20260919.yaml	113	d798e6bb2d744a32332ab51e7622e089aa360e845f6c1bc37ed8bd15c6ef5958
results/structure_campaign/compute/single_sequence_pilot/inputs/protein_1e8bc65243a9facc8e4feddf58cbbe693b2477dfe7a89be4bd6f1930464904dc_single_sequence_seed20260919.fasta	185	ab37350f9cc39ca158c6153baa8e8d04ed4716b65e2cd72c98e191aeb93812d8
results/structure_campaign/compute/single_sequence_pilot/inputs/protein_1e8bc65243a9facc8e4feddf58cbbe693b2477dfe7a89be4bd6f1930464904dc_single_sequence_seed20260919.yaml	162	d46c32c94dd5a24be80b46578809fc15dca709c31d3271828a3ff61b4a3ef103
results/structure_campaign/compute/single_sequence_pilot/inputs/protein_345129754ff0ccc173929ddf22b27736775c4329d5023cd85485e4a3b98d6af1_single_sequence_seed20260919.fasta	260	86e69a795b5468acaffe248d21e5966a6d2960d65a307f00127287fd8d3d451b
results/structure_campaign/compute/single_sequence_pilot/inputs/protein_345129754ff0ccc173929ddf22b27736775c4329d5023cd85485e4a3b98d6af1_single_sequence_seed20260919.yaml	237	a8929df55655758f17ad4d403e3e4fae82666affe1cd528c43f2643ce8d5be16
results/structure_campaign/compute/single_sequence_pilot/inputs/protein_4d8da7a249b8e2edf2d48ecc95d93eb6898532d6e07ed982fec0fc4c9c14e12a_single_sequence_seed20260919.fasta	285	ef75d7a0a3d3c40668d540cbe4a9221289833b7d69765140f4421f7147c89220
results/structure_campaign/compute/single_sequence_pilot/inputs/protein_4d8da7a249b8e2edf2d48ecc95d93eb6898532d6e07ed982fec0fc4c9c14e12a_single_sequence_seed20260919.yaml	262	042c1d9e4ea429bce738b1090b75af1cb58dabf0e3950682d536f6f38d84a154
results/structure_campaign/compute/single_sequence_pilot/inputs/protein_61a6c306c0a882793e9a0eb0f38e9dffb4ad15d1ae413e718969b8f43c6e86e4_single_sequence_seed20260919.fasta	257	7faabb8763870c6d9b89f439625285ad7bc99544fad47891f16b96f18aa00a77
results/structure_campaign/compute/single_sequence_pilot/inputs/protein_61a6c306c0a882793e9a0eb0f38e9dffb4ad15d1ae413e718969b8f43c6e86e4_single_sequence_seed20260919.yaml	234	60584315b3d85bd1b08e426c8909ef39e57f8a8cd3d0566195aa4aaca73a046e
results/structure_campaign/compute/single_sequence_pilot/inputs/protein_6de3b695e6fb7625fb0b645afd1d9dbcedf1ea280f2faf93d7ebafbd589a09ef_single_sequence_seed20260919.fasta	402	d8fd0c40b1e4e347d3753870e1e1fe01ae5dfe864e8a24c980f1d3a9ee501dfc
results/structure_campaign/compute/single_sequence_pilot/inputs/protein_6de3b695e6fb7625fb0b645afd1d9dbcedf1ea280f2faf93d7ebafbd589a09ef_single_sequence_seed20260919.yaml	379	5f6eb27b4196c1a5ecbd5ddca1e0e947b4b27d4bfb73b0bc0c3c894c534982e4
results/structure_campaign/compute/single_sequence_pilot/inputs/protein_7c620433a33c479bd09812150c15d2e0accd796c3cd40b057543080302fe009b_single_sequence_seed20260919.fasta	150	31af3c2ad22ca3ea6581de48ab2ec9c9a8285e8c20ebe03fb16dbc89443a938c
results/structure_campaign/compute/single_sequence_pilot/inputs/protein_7c620433a33c479bd09812150c15d2e0accd796c3cd40b057543080302fe009b_single_sequence_seed20260919.yaml	127	48eb02a4f2733fd7d68fe11c918349476960c6f7f51603acf1dc89279f08065c
results/structure_campaign/compute/single_sequence_pilot/inputs/protein_8500b17b3f5cc9f4deaed97ff0ad19025d5d94095c67bb9c969910558b69f1f8_single_sequence_seed20260919.fasta	663	324cbd2b1034ddb54d4ee3080dc9f2e0343181b899a56f3196cda7fd5bf030d5
results/structure_campaign/compute/single_sequence_pilot/inputs/protein_8500b17b3f5cc9f4deaed97ff0ad19025d5d94095c67bb9c969910558b69f1f8_single_sequence_seed20260919.yaml	640	b72dd41b9faa0958c980fec6c10c4072bb3f97fe2c0fd54aaf960b20a13a2590
results/structure_campaign/compute/single_sequence_pilot/inputs/protein_91b6c2354036f74992cb5f2520a3614bb2b0ecc3feab662dbb7e791accc4b3b7_single_sequence_seed20260919.fasta	317	642e9ed49ac55e5102094458022d61fdaa24a9a2c30246c81879112f6418dc2c
results/structure_campaign/compute/single_sequence_pilot/inputs/protein_91b6c2354036f74992cb5f2520a3614bb2b0ecc3feab662dbb7e791accc4b3b7_single_sequence_seed20260919.yaml	294	6d711171950fbb6eeb6bc2313d36fdf89a380841f5ac5c426b1adab06fcbb742
results/structure_campaign/compute/single_sequence_pilot/inputs/protein_9a99577ea77e93a51bb896132001fac6caa242ee517a62995ddef9d39a72f54a_single_sequence_seed20260919.fasta	815	9eaead1c9baf86e9a096d6046de3974cb4872396d9ab89e780c9b21130ecfc71
results/structure_campaign/compute/single_sequence_pilot/inputs/protein_9a99577ea77e93a51bb896132001fac6caa242ee517a62995ddef9d39a72f54a_single_sequence_seed20260919.yaml	792	aec423892465f155fb3e8edadb88e1e64aacd4ef9b1afab2fa3898902d8c1269
results/structure_campaign/compute/single_sequence_pilot/inputs/protein_c4c915da39d6ec74952059215262a9989ad6435c495f79363d36b565c91f216d_single_sequence_seed20260919.fasta	149	b0f77cb7412344f374337fb0a6dc705c13dc1fdb060ae9883ce40c869c20713e
results/structure_campaign/compute/single_sequence_pilot/inputs/protein_c4c915da39d6ec74952059215262a9989ad6435c495f79363d36b565c91f216d_single_sequence_seed20260919.yaml	126	f89456c9921615390da3a2a9ed623ffc66f544c483a4dcf0c46d42ec1a1fd7b4
results/structure_campaign/compute/single_sequence_pilot/inputs/protein_ca2772f82b0e861861636ddd31697e08475ddd2b2f93467e300b85d3aa0b3c75_single_sequence_seed20260919.fasta	2602	6bdd08290f3c48310206559c4b9dd7c29e3d3add224b67b1f9e362fea18f4ebf
results/structure_campaign/compute/single_sequence_pilot/inputs/protein_ca2772f82b0e861861636ddd31697e08475ddd2b2f93467e300b85d3aa0b3c75_single_sequence_seed20260919.yaml	2579	bd3362f147a2f3e8d9f8bef00ecfa3b317b7e21dd436d9cd1c9243382a7063d8
results/structure_campaign/compute/single_sequence_pilot/inputs/protein_dba94fe4564b656dcb4c88ed9c0af05dfe78a7d6ea0ef18b1c71b29fe58fa0d9_single_sequence_seed20260919.fasta	199	da2b509bd4ebdf4dfa5fed14db0c83fb40d78c3c3ec41b819d475f43c9363e78
results/structure_campaign/compute/single_sequence_pilot/inputs/protein_dba94fe4564b656dcb4c88ed9c0af05dfe78a7d6ea0ef18b1c71b29fe58fa0d9_single_sequence_seed20260919.yaml	176	4261b09171c1585e1e25bb772da6aea951450f8f49b5a4f3f83b65668aed8476
results/structure_campaign/compute/single_sequence_pilot/inputs/protein_e5af13d33e889258c3c023a666c476f620d82348973f983e518b9779866522d1_single_sequence_seed20260919.fasta	279	939e7caa0442ecd691d8dd9407026225f630012bd8956a44a1afe3afc7607e49
results/structure_campaign/compute/single_sequence_pilot/inputs/protein_e5af13d33e889258c3c023a666c476f620d82348973f983e518b9779866522d1_single_sequence_seed20260919.yaml	256	f5d0506fee5476afc3d90b1f1cfdee5a5bd51165f367d40529410edc3cb744f1
results/structure_campaign/compute/single_sequence_pilot/inputs/protein_eaadb81f5c70805626da52cd61e57438d32bf21d9a2d8384477f99624294a992_single_sequence_seed20260919.fasta	262	158cf34f2f1a67827a487a8da99fcd374eed2b78ef81435fdb9b0cf7eed67f85
results/structure_campaign/compute/single_sequence_pilot/inputs/protein_eaadb81f5c70805626da52cd61e57438d32bf21d9a2d8384477f99624294a992_single_sequence_seed20260919.yaml	239	ac0b8f3be662476c2cd446af4345c914f7be8ed54046a4ae12c3fc45dc4f8230
results/structure_campaign/compute/single_sequence_pilot/inputs/protein_f0766d124b52f0061597ce4e822e9275a04152df574f9a512631a0fa6ed8a2fa_single_sequence_seed20260919.fasta	222	176127ad13595fe7439e05d2e379f7542ce23772bc09030c49a04a40b78354bb
results/structure_campaign/compute/single_sequence_pilot/inputs/protein_f0766d124b52f0061597ce4e822e9275a04152df574f9a512631a0fa6ed8a2fa_single_sequence_seed20260919.yaml	199	ce2d324312066a9e56669959de3359738c063a1ef1eb9f05c984eef6fc4e5de2
results/structure_campaign/compute/single_sequence_pilot/inputs/protein_ff94800e922179729e86c53f89319115126e45abae0220aa9052e0fb76f532c1_single_sequence_seed20260919.fasta	233	c172844495677ff4ede3c0fbc9866f176d4381d4c8962455765bd1e013a644f5
results/structure_campaign/compute/single_sequence_pilot/inputs/protein_ff94800e922179729e86c53f89319115126e45abae0220aa9052e0fb76f532c1_single_sequence_seed20260919.yaml	210	fcde8d8101ca7fba391e7f2fd359daa621a86638972703f3236458bceb44593f
results/structure_campaign/compute/single_sequence_pilot/inputs/weights-manifest.json	1063	596cd546b26b7a6756ca1e4cf6a7b9a121c2e6d7be52b2281e8d9318c89155b0
results/structure_campaign/compute/single_sequence_pilot/models/protein_06a47ea8fb14decf2e1f83ce3d7b3bc9900a29ed89cc722332a43a369472b176_single_sequence_seed20260919/confidence.json	447	ecb314a54a589e187b2470969f8e7fcbe03c7a1a4786f44b8c03b9e6b5283493
results/structure_campaign/compute/single_sequence_pilot/models/protein_06a47ea8fb14decf2e1f83ce3d7b3bc9900a29ed89cc722332a43a369472b176_single_sequence_seed20260919/model.cif	248557	4bb11f01d285e3160ba66e566159988df59bf5c379517b2e13df7d0adc99fced
results/structure_campaign/compute/single_sequence_pilot/models/protein_06a47ea8fb14decf2e1f83ce3d7b3bc9900a29ed89cc722332a43a369472b176_single_sequence_seed20260919/pae.npz	434325	521b44dac155883f103f1c5f4e8762e93b1c6789790dce61f67f588fc249f281
results/structure_campaign/compute/single_sequence_pilot/models/protein_06a47ea8fb14decf2e1f83ce3d7b3bc9900a29ed89cc722332a43a369472b176_single_sequence_seed20260919/plddt.npz	1520	0708b96bfd49fca15bdff751a75b4eee01d5768b56174a8a2a69a64f1f011e91
results/structure_campaign/compute/single_sequence_pilot/models/protein_06a47ea8fb14decf2e1f83ce3d7b3bc9900a29ed89cc722332a43a369472b176_single_sequence_seed20260919/residue_confidence.tsv	61462	bd09c39fb92c08d389c1cdb5fb575e52c55b2fbcde046d82f47e8e0e458fd726
results/structure_campaign/compute/single_sequence_pilot/models/protein_13af641587610835ccf13231157fe90ef6e91f0485fa14f7ec5a46506b5a8823_single_sequence_seed20260919/confidence.json	445	662f1934e135edeaaaf857615bee16068297268b87cc3fc78e2ceb24da1c3019
results/structure_campaign/compute/single_sequence_pilot/models/protein_13af641587610835ccf13231157fe90ef6e91f0485fa14f7ec5a46506b5a8823_single_sequence_seed20260919/model.cif	48333	fb613c19ac94448374513dcea1b86a247ab59ef0222030d1fb87b8dffa381da7
results/structure_campaign/compute/single_sequence_pilot/models/protein_13af641587610835ccf13231157fe90ef6e91f0485fa14f7ec5a46506b5a8823_single_sequence_seed20260919/pae.npz	16617	67e0be3ed10b0ffd7c8b5be4e495f0391046e74207e9373327375138ded51c6d
results/structure_campaign/compute/single_sequence_pilot/models/protein_13af641587610835ccf13231157fe90ef6e91f0485fa14f7ec5a46506b5a8823_single_sequence_seed20260919/plddt.npz	487	117d9a09d1b0b92a1396805bdecec6df49403c1ddd2e421a401d6f432b344f43
results/structure_campaign/compute/single_sequence_pilot/models/protein_13af641587610835ccf13231157fe90ef6e91f0485fa14f7ec5a46506b5a8823_single_sequence_seed20260919/residue_confidence.tsv	11676	358c9231fcf66838762cb945f1080665e3156ce4f6ccb2bc4ad8d01d0bfe359f
results/structure_campaign/compute/single_sequence_pilot/models/protein_1bb99356d918b0fbaa9b069fdeb691f9390e078bfa32068a8186f372bbfd91a3_single_sequence_seed20260919/confidence.json	443	1188beb507e355c746bdb7e421eed8ea59b140f24e2f45905539164932e61883
results/structure_campaign/compute/single_sequence_pilot/models/protein_1bb99356d918b0fbaa9b069fdeb691f9390e078bfa32068a8186f372bbfd91a3_single_sequence_seed20260919/model.cif	109868	1eefb35a221e9df501fef7663e16b1f8740402867c75ba2372c51e4afccee56c
results/structure_campaign/compute/single_sequence_pilot/models/protein_1bb99356d918b0fbaa9b069fdeb691f9390e078bfa32068a8186f372bbfd91a3_single_sequence_seed20260919/pae.npz	91533	4da73e0c5c6f7695d4ea1a577aa0fa8c95971c7c00bf7be42c7e9274610d0b03
results/structure_campaign/compute/single_sequence_pilot/models/protein_1bb99356d918b0fbaa9b069fdeb691f9390e078bfa32068a8186f372bbfd91a3_single_sequence_seed20260919/plddt.npz	831	34967ea59ee99387245a28919dd206fe8b1c04176e1d5734c321504b67742725
results/structure_campaign/compute/single_sequence_pilot/models/protein_1bb99356d918b0fbaa9b069fdeb691f9390e078bfa32068a8186f372bbfd91a3_single_sequence_seed20260919/residue_confidence.tsv	27825	7fad839579981a138d9a549818df67e28989c3a7b698acbc23b66266df1c0170
results/structure_campaign/compute/single_sequence_pilot/models/protein_1bce31ef49449220635ddadc203907308fc7f2ec67e7d48732292471c9bbe3df_single_sequence_seed20260919/confidence.json	444	4d0b470ae9c40ec3b8e1484ef09da9fa54f42c00ae31d797894db72b11307403
results/structure_campaign/compute/single_sequence_pilot/models/protein_1bce31ef49449220635ddadc203907308fc7f2ec67e7d48732292471c9bbe3df_single_sequence_seed20260919/model.cif	25298	adbfee01b912da33061985b6c44b6bfdf5e4428aef5db74e125319ce781c2540
results/structure_campaign/compute/single_sequence_pilot/models/protein_1bce31ef49449220635ddadc203907308fc7f2ec67e7d48732292471c9bbe3df_single_sequence_seed20260919/pae.npz	3887	6c5b2bf836228d0830b684f2b3c5ca3361db85de2943e437b5cc32c8c5925dc6
results/structure_campaign/compute/single_sequence_pilot/models/protein_1bce31ef49449220635ddadc203907308fc7f2ec67e7d48732292471c9bbe3df_single_sequence_seed20260919/plddt.npz	336	4f7fcd97a13f22fedabe05c341af125ec44c8c84012b28b962fe46e3b482aaf5
results/structure_campaign/compute/single_sequence_pilot/models/protein_1bce31ef49449220635ddadc203907308fc7f2ec67e7d48732292471c9bbe3df_single_sequence_seed20260919/residue_confidence.tsv	5504	5cca0246977bada534b420264696459aa55ab152a4d7c86611b8aaaafb51b49e
results/structure_campaign/compute/single_sequence_pilot/models/protein_1e8bc65243a9facc8e4feddf58cbbe693b2477dfe7a89be4bd6f1930464904dc_single_sequence_seed20260919/confidence.json	442	db2f6813f390f44dac4df74fe815e2e01ae6fa277ec94b367eab9f12e0992408
results/structure_campaign/compute/single_sequence_pilot/models/protein_1e8bc65243a9facc8e4feddf58cbbe693b2477dfe7a89be4bd6f1930464904dc_single_sequence_seed20260919/model.cif	57003	225f676e465c42ef868702bad0eac24686544788e823f8c12cfb4bd85c93cba7
results/structure_campaign/compute/single_sequence_pilot/models/protein_1e8bc65243a9facc8e4feddf58cbbe693b2477dfe7a89be4bd6f1930464904dc_single_sequence_seed20260919/pae.npz	23659	17333995d23e0b5e604930085289d96aa673c6676af1a77584580b3e58b6caa2
results/structure_campaign/compute/single_sequence_pilot/models/protein_1e8bc65243a9facc8e4feddf58cbbe693b2477dfe7a89be4bd6f1930464904dc_single_sequence_seed20260919/plddt.npz	539	1eea84a9d7c8a2a6b708329c0611a9caf679199a153ee15c43ba23e8fc509cd6
results/structure_campaign/compute/single_sequence_pilot/models/protein_1e8bc65243a9facc8e4feddf58cbbe693b2477dfe7a89be4bd6f1930464904dc_single_sequence_seed20260919/residue_confidence.tsv	13882	09a7bee1c681890eb7df5ee4e7cbc0a848f67ff6bb52cb305bd5197e636c5dc9
results/structure_campaign/compute/single_sequence_pilot/models/protein_345129754ff0ccc173929ddf22b27736775c4329d5023cd85485e4a3b98d6af1_single_sequence_seed20260919/confidence.json	449	c38a8fed71c6a73baf7f0d8afa0277d6412ab865a0c1b449650b68537455bdfd
results/structure_campaign/compute/single_sequence_pilot/models/protein_345129754ff0ccc173929ddf22b27736775c4329d5023cd85485e4a3b98d6af1_single_sequence_seed20260919/model.cif	106143	77a168ed221ae2e13b5e05579a88094a479698f84759d32d4fa3eb237aa6a315
results/structure_campaign/compute/single_sequence_pilot/models/protein_345129754ff0ccc173929ddf22b27736775c4329d5023cd85485e4a3b98d6af1_single_sequence_seed20260919/pae.npz	83698	2b392b00ace0acf3e09fb99fc0b5167a2d594849efdc6f069248bee728da50e9
results/structure_campaign/compute/single_sequence_pilot/models/protein_345129754ff0ccc173929ddf22b27736775c4329d5023cd85485e4a3b98d6af1_single_sequence_seed20260919/plddt.npz	790	89d80163a6340cae9fa1e2663dd6aae6d30ee026256bdc3b276e0baa7a92b5ee
results/structure_campaign/compute/single_sequence_pilot/models/protein_345129754ff0ccc173929ddf22b27736775c4329d5023cd85485e4a3b98d6af1_single_sequence_seed20260919/residue_confidence.tsv	26827	c7b7451c84c08bb7831895189190adb171204e2bb4ae323c429b7180021d8cd1
results/structure_campaign/compute/single_sequence_pilot/models/protein_4d8da7a249b8e2edf2d48ecc95d93eb6898532d6e07ed982fec0fc4c9c14e12a_single_sequence_seed20260919/confidence.json	441	a98e872d3f428df56f1a0853fef6466223b35425b8d030be120b5a791f5f527b
results/structure_campaign/compute/single_sequence_pilot/models/protein_4d8da7a249b8e2edf2d48ecc95d93eb6898532d6e07ed982fec0fc4c9c14e12a_single_sequence_seed20260919/model.cif	128171	3b316b96ff5023dd74671c36c2fe3e68e8b19222066aa319811e555234179339
results/structure_campaign/compute/single_sequence_pilot/models/protein_4d8da7a249b8e2edf2d48ecc95d93eb6898532d6e07ed982fec0fc4c9c14e12a_single_sequence_seed20260919/pae.npz	116799	38751a3c7a243f1350f3cd7bdda99b415bbf2e12fe4d0d8988ef76fc95135efd
results/structure_campaign/compute/single_sequence_pilot/models/protein_4d8da7a249b8e2edf2d48ecc95d93eb6898532d6e07ed982fec0fc4c9c14e12a_single_sequence_seed20260919/plddt.npz	887	9af521bcd3208be7359ab381019226bb5282b51f75731c9d1969d149ae5822fe
results/structure_campaign/compute/single_sequence_pilot/models/protein_4d8da7a249b8e2edf2d48ecc95d93eb6898532d6e07ed982fec0fc4c9c14e12a_single_sequence_seed20260919/residue_confidence.tsv	31055	416a8556e388edb9827efbb954c3cf1986956d26080e89f04e26dfc07c76a532
results/structure_campaign/compute/single_sequence_pilot/models/protein_61a6c306c0a882793e9a0eb0f38e9dffb4ad15d1ae413e718969b8f43c6e86e4_single_sequence_seed20260919/confidence.json	446	726f80327dce12e830d2112ccf1f9d766d95f716c13fee6b6141a117290e2cbc
results/structure_campaign/compute/single_sequence_pilot/models/protein_61a6c306c0a882793e9a0eb0f38e9dffb4ad15d1ae413e718969b8f43c6e86e4_single_sequence_seed20260919/model.cif	101914	605278496be89e0416ee49eadaa437abe127b4110c141f553cb7ffd3744f8554
results/structure_campaign/compute/single_sequence_pilot/models/protein_61a6c306c0a882793e9a0eb0f38e9dffb4ad15d1ae413e718969b8f43c6e86e4_single_sequence_seed20260919/pae.npz	80699	7eb22f7f8c7f6bc88b8d6795416a1a048b6fa855f865a105e3786bf93777034b
results/structure_campaign/compute/single_sequence_pilot/models/protein_61a6c306c0a882793e9a0eb0f38e9dffb4ad15d1ae413e718969b8f43c6e86e4_single_sequence_seed20260919/plddt.npz	789	0e91826622a805694511b39ac47cd56eb137f9d4dcac38efb488e5106a6e3126
results/structure_campaign/compute/single_sequence_pilot/models/protein_61a6c306c0a882793e9a0eb0f38e9dffb4ad15d1ae413e718969b8f43c6e86e4_single_sequence_seed20260919/residue_confidence.tsv	26297	ae1f2c43ef00df6639767fa8c6f6e1ff54892f89acac3fd236ba61ede14d039b
results/structure_campaign/compute/single_sequence_pilot/models/protein_6de3b695e6fb7625fb0b645afd1d9dbcedf1ea280f2faf93d7ebafbd589a09ef_single_sequence_seed20260919/confidence.json	449	01f1cb54dd4a8cb9d3f43f47b27e57b6b23a8c76d5fcc7d5452fe94125f2439c
results/structure_campaign/compute/single_sequence_pilot/models/protein_6de3b695e6fb7625fb0b645afd1d9dbcedf1ea280f2faf93d7ebafbd589a09ef_single_sequence_seed20260919/model.cif	203965	ae96a15e0324c69bdef9f4295c282cd717d429dddc252ccd71754924ab3bc843
results/structure_campaign/compute/single_sequence_pilot/models/protein_6de3b695e6fb7625fb0b645afd1d9dbcedf1ea280f2faf93d7ebafbd589a09ef_single_sequence_seed20260919/pae.npz	303889	d0be6e1b1263fa5ecb4e716ed49c6abd119fc6aff00ecc008d5fd031e1227c6f
results/structure_campaign/compute/single_sequence_pilot/models/protein_6de3b695e6fb7625fb0b645afd1d9dbcedf1ea280f2faf93d7ebafbd589a09ef_single_sequence_seed20260919/plddt.npz	1315	224d41b54a60e4962d0e916835d3d4035bbc42cef0035d28cff267b2dedaa728
results/structure_campaign/compute/single_sequence_pilot/models/protein_6de3b695e6fb7625fb0b645afd1d9dbcedf1ea280f2faf93d7ebafbd589a09ef_single_sequence_seed20260919/residue_confidence.tsv	51269	4a83d4a018beead8a34e4ab2ff4c2a07d13f9186a5db05e96e2d8e4c12c2c492
results/structure_campaign/compute/single_sequence_pilot/models/protein_7c620433a33c479bd09812150c15d2e0accd796c3cd40b057543080302fe009b_single_sequence_seed20260919/confidence.json	441	19eb3e0f56b3aefc82d21a72a50807b9885e4bd945695581d0e4b63d883bfaa6
results/structure_campaign/compute/single_sequence_pilot/models/protein_7c620433a33c479bd09812150c15d2e0accd796c3cd40b057543080302fe009b_single_sequence_seed20260919/model.cif	34042	5ca58c82122f44231f6f9a917f7738516b374f2174de9ece91d781129e1afeb6
results/structure_campaign/compute/single_sequence_pilot/models/protein_7c620433a33c479bd09812150c15d2e0accd796c3cd40b057543080302fe009b_single_sequence_seed20260919/pae.npz	7828	d435520010d6eef5e416b3a78cdfc5c8a89c3604f37e19e52bc8a086e14eca7c
results/structure_campaign/compute/single_sequence_pilot/models/protein_7c620433a33c479bd09812150c15d2e0accd796c3cd40b057543080302fe009b_single_sequence_seed20260919/plddt.npz	395	94a1db5c6bb71c23456265f86dd292665077b04d2095d9b178ecaaf8960e991a
results/structure_campaign/compute/single_sequence_pilot/models/protein_7c620433a33c479bd09812150c15d2e0accd796c3cd40b057543080302fe009b_single_sequence_seed20260919/residue_confidence.tsv	7894	a70724a29ff3145d7a1c6d7cbdef07d0b929db83dcfad134029e41e6ddfc5aae
results/structure_campaign/compute/single_sequence_pilot/models/protein_8500b17b3f5cc9f4deaed97ff0ad19025d5d94095c67bb9c969910558b69f1f8_single_sequence_seed20260919/confidence.json	446	590b71bb8ad14a6525585c8eeee6713cfcbc91da4c385d107bb0fb217df7d35b
results/structure_campaign/compute/single_sequence_pilot/models/protein_8500b17b3f5cc9f4deaed97ff0ad19025d5d94095c67bb9c969910558b69f1f8_single_sequence_seed20260919/model.cif	398655	b24180d900efe1108188533080c92c906ee6f12d4eef2071734770b1b82ea223
results/structure_campaign/compute/single_sequence_pilot/models/protein_8500b17b3f5cc9f4deaed97ff0ad19025d5d94095c67bb9c969910558b69f1f8_single_sequence_seed20260919/pae.npz	1047728	836569c52075f6f3b813ff6bf18108771b1e201b56941e3a8a1ab3f253120058
results/structure_campaign/compute/single_sequence_pilot/models/protein_8500b17b3f5cc9f4deaed97ff0ad19025d5d94095c67bb9c969910558b69f1f8_single_sequence_seed20260919/plddt.npz	2193	f0a821a6cbe34a5d8395ab95f0f239848ec7bc4bbcabba70d101923f34b2ebe9
results/structure_campaign/compute/single_sequence_pilot/models/protein_8500b17b3f5cc9f4deaed97ff0ad19025d5d94095c67bb9c969910558b69f1f8_single_sequence_seed20260919/residue_confidence.tsv	96244	68613eee1f167a1d755dbaeceea8ed40132e002f34e3e335efe4a308388845bf
results/structure_campaign/compute/single_sequence_pilot/models/protein_91b6c2354036f74992cb5f2520a3614bb2b0ecc3feab662dbb7e791accc4b3b7_single_sequence_seed20260919/confidence.json	444	c9f1111cb4aadc6238ce7e52fbfe10d36979e736e7a8eb0c1575e8192b21d39f
results/structure_campaign/compute/single_sequence_pilot/models/protein_91b6c2354036f74992cb5f2520a3614bb2b0ecc3feab662dbb7e791accc4b3b7_single_sequence_seed20260919/model.cif	151925	22c0c2d1d7a0c01b138f9c88f5090f2361eba3f2ad9c826af21d489560e22e4e
results/structure_campaign/compute/single_sequence_pilot/models/protein_91b6c2354036f74992cb5f2520a3614bb2b0ecc3feab662dbb7e791accc4b3b7_single_sequence_seed20260919/pae.npz	154068	9ddb9b6ac08f0a2edc8895f22d99fc236852a5f55b6f38d5c42cc6f584fa4cf3
results/structure_campaign/compute/single_sequence_pilot/models/protein_91b6c2354036f74992cb5f2520a3614bb2b0ecc3feab662dbb7e791accc4b3b7_single_sequence_seed20260919/plddt.npz	1002	7d4b70423a563a8c967412a8fb222295702f03ccac86cc7c4597c4e17da2246d
results/structure_campaign/compute/single_sequence_pilot/models/protein_91b6c2354036f74992cb5f2520a3614bb2b0ecc3feab662dbb7e791accc4b3b7_single_sequence_seed20260919/residue_confidence.tsv	36681	87b200a769182c6472c2d21faf1ad44da7f293f575b3160cf09f8286fcee4a05
results/structure_campaign/compute/single_sequence_pilot/models/protein_9a99577ea77e93a51bb896132001fac6caa242ee517a62995ddef9d39a72f54a_single_sequence_seed20260919/confidence.json	445	1bc3e7452c7dddc03f7df267833e9629be79fe5f23cd578e2ab383e464d55e9b
results/structure_campaign/compute/single_sequence_pilot/models/protein_9a99577ea77e93a51bb896132001fac6caa242ee517a62995ddef9d39a72f54a_single_sequence_seed20260919/model.cif	496162	84deb6e3bc2d291f8052f44487a10677637b47f01c014b56c8557bb83edfe664
results/structure_campaign/compute/single_sequence_pilot/models/protein_9a99577ea77e93a51bb896132001fac6caa242ee517a62995ddef9d39a72f54a_single_sequence_seed20260919/pae.npz	1678225	edff7b89f32fc63916edcb41da3ab36c0408580d3d853133a41e532788c5de1d
results/structure_campaign/compute/single_sequence_pilot/models/protein_9a99577ea77e93a51bb896132001fac6caa242ee517a62995ddef9d39a72f54a_single_sequence_seed20260919/plddt.npz	2760	591bb5256e5d053cb5fd21c84e5aa4791565567dc8bd1bac0a44a279738bb467
results/structure_campaign/compute/single_sequence_pilot/models/protein_9a99577ea77e93a51bb896132001fac6caa242ee517a62995ddef9d39a72f54a_single_sequence_seed20260919/residue_confidence.tsv	122405	b266b54095abf8832a42dccf4e100b763f4f511d9767cce4f14285e50f758212
results/structure_campaign/compute/single_sequence_pilot/models/protein_c4c915da39d6ec74952059215262a9989ad6435c495f79363d36b565c91f216d_single_sequence_seed20260919/confidence.json	446	408b052b4cec86c2ec943de8e3ddbe9da3794a8536f4d28d9e04f02932c8f978
results/structure_campaign/compute/single_sequence_pilot/models/protein_c4c915da39d6ec74952059215262a9989ad6435c495f79363d36b565c91f216d_single_sequence_seed20260919/model.cif	35231	1ee36212bf09ea3803b39f75b7b4181a2baa304d95a2398b298893bb6aaa6475
results/structure_campaign/compute/single_sequence_pilot/models/protein_c4c915da39d6ec74952059215262a9989ad6435c495f79363d36b565c91f216d_single_sequence_seed20260919/pae.npz	7306	28dcab4b8efb6dfaea05f8a7cbff18b8b87c9a3ded35c96e3e38114913e95e72
results/structure_campaign/compute/single_sequence_pilot/models/protein_c4c915da39d6ec74952059215262a9989ad6435c495f79363d36b565c91f216d_single_sequence_seed20260919/plddt.npz	393	5812952a9c22b93bcc97ed77d2a36e7ecac878deba2a88356f8603f66b42d2f3
results/structure_campaign/compute/single_sequence_pilot/models/protein_c4c915da39d6ec74952059215262a9989ad6435c495f79363d36b565c91f216d_single_sequence_seed20260919/residue_confidence.tsv	7750	3a95a6600bfd3e01214ee3fc882f3a828dc157284ef47a8c11dc5c9ea844cd51
results/structure_campaign/compute/single_sequence_pilot/models/protein_ca2772f82b0e861861636ddd31697e08475ddd2b2f93467e300b85d3aa0b3c75_single_sequence_seed20260919/confidence.json	443	b7b4d3f9b3bd4158fdc44455319bf5738432c4b5b524cfd86eec9c5e659ab35b
results/structure_campaign/compute/single_sequence_pilot/models/protein_ca2772f82b0e861861636ddd31697e08475ddd2b2f93467e300b85d3aa0b3c75_single_sequence_seed20260919/model.cif	1831553	ce51940925bd21f8378bb5649523d1e3b84bd7ca0919f0b12e79bdb30bac2f29
results/structure_campaign/compute/single_sequence_pilot/models/protein_ca2772f82b0e861861636ddd31697e08475ddd2b2f93467e300b85d3aa0b3c75_single_sequence_seed20260919/pae.npz	19746170	b2e014707fbaef01140d68f38ad8b5172d67363cb98fe82859b78751bddcdbf9
results/structure_campaign/compute/single_sequence_pilot/models/protein_ca2772f82b0e861861636ddd31697e08475ddd2b2f93467e300b85d3aa0b3c75_single_sequence_seed20260919/plddt.npz	8665	0fde4417a92333adbd76532d94d9658d44994e56e94dc907360b6004fabf9801
results/structure_campaign/compute/single_sequence_pilot/models/protein_ca2772f82b0e861861636ddd31697e08475ddd2b2f93467e300b85d3aa0b3c75_single_sequence_seed20260919/residue_confidence.tsv	430765	da02f7ec12f7d01798d0d560b509ffd991eb182e7ae8475d4b3619f1d860419b
results/structure_campaign/compute/single_sequence_pilot/models/protein_dba94fe4564b656dcb4c88ed9c0af05dfe78a7d6ea0ef18b1c71b29fe58fa0d9_single_sequence_seed20260919/confidence.json	440	f4c3406c18fbb21540b2deabb7b5419ba38cd64943099581b377908ef145e3ff
results/structure_campaign/compute/single_sequence_pilot/models/protein_dba94fe4564b656dcb4c88ed9c0af05dfe78a7d6ea0ef18b1c71b29fe58fa0d9_single_sequence_seed20260919/model.cif	65681	2dbef20d4497674785da3fda6e08c6832fcf099832512880b58aa9ed33feadb6
results/structure_campaign/compute/single_sequence_pilot/models/protein_dba94fe4564b656dcb4c88ed9c0af05dfe78a7d6ea0ef18b1c71b29fe58fa0d9_single_sequence_seed20260919/pae.npz	32224	38d12d073198f427a31bf543ebb6c73f5c6641ccc59cd622c9ab8f48fb8ac121
results/structure_campaign/compute/single_sequence_pilot/models/protein_dba94fe4564b656dcb4c88ed9c0af05dfe78a7d6ea0ef18b1c71b29fe58fa0d9_single_sequence_seed20260919/plddt.npz	594	821caaefb7aeb451a867982a9c5c23d28a6b2931fa83327a182d605492734123
results/structure_campaign/compute/single_sequence_pilot/models/protein_dba94fe4564b656dcb4c88ed9c0af05dfe78a7d6ea0ef18b1c71b29fe58fa0d9_single_sequence_seed20260919/residue_confidence.tsv	16284	c73db746e57eaee8439c7d84c344b4b855bc6b6de2ca2e3b2d827374acccb753
results/structure_campaign/compute/single_sequence_pilot/models/protein_e5af13d33e889258c3c023a666c476f620d82348973f983e518b9779866522d1_single_sequence_seed20260919/confidence.json	445	978e60f3a7957bccab746aed42ecc4e302e4d8908d54245c7db2204e697355d7
results/structure_campaign/compute/single_sequence_pilot/models/protein_e5af13d33e889258c3c023a666c476f620d82348973f983e518b9779866522d1_single_sequence_seed20260919/model.cif	124299	781895cc7585f2a092c65a454942c338cdcd025ce1823456595f7d2ed02dc918
results/structure_campaign/compute/single_sequence_pilot/models/protein_e5af13d33e889258c3c023a666c476f620d82348973f983e518b9779866522d1_single_sequence_seed20260919/pae.npz	107512	f0493d069c960b69dd2e88e7dc90b7fcf0a401095a13e3af202592b9e1dcf51b
results/structure_campaign/compute/single_sequence_pilot/models/protein_e5af13d33e889258c3c023a666c476f620d82348973f983e518b9779866522d1_single_sequence_seed20260919/plddt.npz	878	74597202374d3cb4d9cc34e257ada91396d04c0609f8c137837deb8555cd51b9
results/structure_campaign/compute/single_sequence_pilot/models/protein_e5af13d33e889258c3c023a666c476f620d82348973f983e518b9779866522d1_single_sequence_seed20260919/residue_confidence.tsv	30036	38b643ba60b452e060d07e6fc967d97910c748c1d2b219e4adfb40eb60f54928
results/structure_campaign/compute/single_sequence_pilot/models/protein_eaadb81f5c70805626da52cd61e57438d32bf21d9a2d8384477f99624294a992_single_sequence_seed20260919/confidence.json	445	7f1ad9629c7c571ebbf62d8257953aef7ac973a2f632ebf85a659af412fbb21b
results/structure_campaign/compute/single_sequence_pilot/models/protein_eaadb81f5c70805626da52cd61e57438d32bf21d9a2d8384477f99624294a992_single_sequence_seed20260919/model.cif	108868	d3e2fcf356a8d15369380edd48f7931874d1acafe1ecad441fb9e225a3d75389
results/structure_campaign/compute/single_sequence_pilot/models/protein_eaadb81f5c70805626da52cd61e57438d32bf21d9a2d8384477f99624294a992_single_sequence_seed20260919/pae.npz	85213	b4b3c88e53a3f67d07d35588505207a37f740d7ac406d57028aebeceb1be0a90
results/structure_campaign/compute/single_sequence_pilot/models/protein_eaadb81f5c70805626da52cd61e57438d32bf21d9a2d8384477f99624294a992_single_sequence_seed20260919/plddt.npz	805	0e84149d62d7917d1226bbbb43805ad53868f42e474a0a42e28c5e8afdf31062
results/structure_campaign/compute/single_sequence_pilot/models/protein_eaadb81f5c70805626da52cd61e57438d32bf21d9a2d8384477f99624294a992_single_sequence_seed20260919/residue_confidence.tsv	27144	8487177f3a458e0549c8b38e4613942904f48aa8ffe537bed5b51b74811d342d
results/structure_campaign/compute/single_sequence_pilot/models/protein_f0766d124b52f0061597ce4e822e9275a04152df574f9a512631a0fa6ed8a2fa_single_sequence_seed20260919/confidence.json	449	b2d6539b5078fe474f39c1d21046cd3e0e2c9f845de58bf5439a51138a889985
results/structure_campaign/compute/single_sequence_pilot/models/protein_f0766d124b52f0061597ce4e822e9275a04152df574f9a512631a0fa6ed8a2fa_single_sequence_seed20260919/model.cif	80939	a0d605c70053a20e3c02077184f41f17cd185bda2756113c53811565a0b98eac
results/structure_campaign/compute/single_sequence_pilot/models/protein_f0766d124b52f0061597ce4e822e9275a04152df574f9a512631a0fa6ed8a2fa_single_sequence_seed20260919/pae.npz	48137	5421e0c420a863e9af9e1095f5b66129953e2ad25bdd5ef7b0cac1824cd8f269
results/structure_campaign/compute/single_sequence_pilot/models/protein_f0766d124b52f0061597ce4e822e9275a04152df574f9a512631a0fa6ed8a2fa_single_sequence_seed20260919/plddt.npz	669	39990ca566419e30433e26fa31c5c6bec307abe7088a253dae78f2b008ef6e22
results/structure_campaign/compute/single_sequence_pilot/models/protein_f0766d124b52f0061597ce4e822e9275a04152df574f9a512631a0fa6ed8a2fa_single_sequence_seed20260919/residue_confidence.tsv	20264	6c9e0dca685d1e620cadb3ca60299bed2ddaadc1d808cdc0634f7190a8dc87c7
results/structure_campaign/compute/single_sequence_pilot/models/protein_ff94800e922179729e86c53f89319115126e45abae0220aa9052e0fb76f532c1_single_sequence_seed20260919/confidence.json	440	74e18eb4724448c6ee826f914b2785678913d5beb6bf79a18bc01c437d40cc66
results/structure_campaign/compute/single_sequence_pilot/models/protein_ff94800e922179729e86c53f89319115126e45abae0220aa9052e0fb76f532c1_single_sequence_seed20260919/model.cif	88736	ea1177cef01fb00c50527115ccaf9ae3761b24b4ad0f4cf6815ebe4934ce032f
results/structure_campaign/compute/single_sequence_pilot/models/protein_ff94800e922179729e86c53f89319115126e45abae0220aa9052e0fb76f532c1_single_sequence_seed20260919/pae.npz	58214	79e92ba4a51256276c6afcb4a9bfb809e68b39a00f768bd30c94c684caf849ae
results/structure_campaign/compute/single_sequence_pilot/models/protein_ff94800e922179729e86c53f89319115126e45abae0220aa9052e0fb76f532c1_single_sequence_seed20260919/plddt.npz	714	6adb3742fbd562a3fb94804e30a2388081700f0b7edd96fb475859050e7bae0d
results/structure_campaign/compute/single_sequence_pilot/models/protein_ff94800e922179729e86c53f89319115126e45abae0220aa9052e0fb76f532c1_single_sequence_seed20260919/residue_confidence.tsv	22147	c45bcc701040909dd6085ac3fa1833aabf4a514336e4e8a1713b3bba5e174ca7
results/structure_campaign/compute/single_sequence_pilot/remote/environment_validation.json	700	794f2e9de2b6848b5dcec632a5fb802fd0942798ae4d81f44f13030397686847
results/structure_campaign/compute/single_sequence_pilot/remote/models/protein_06a47ea8fb14decf2e1f83ce3d7b3bc9900a29ed89cc722332a43a369472b176_single_sequence_seed20260919/attempt_1/boltz.log	2437	6d3457e59cab58b92542e81ca209252dbb37e70096e1f8309efee2014c1ba870
results/structure_campaign/compute/single_sequence_pilot/remote/models/protein_06a47ea8fb14decf2e1f83ce3d7b3bc9900a29ed89cc722332a43a369472b176_single_sequence_seed20260919/confidence.json	447	ecb314a54a589e187b2470969f8e7fcbe03c7a1a4786f44b8c03b9e6b5283493
results/structure_campaign/compute/single_sequence_pilot/remote/models/protein_06a47ea8fb14decf2e1f83ce3d7b3bc9900a29ed89cc722332a43a369472b176_single_sequence_seed20260919/model.cif	248557	4bb11f01d285e3160ba66e566159988df59bf5c379517b2e13df7d0adc99fced
results/structure_campaign/compute/single_sequence_pilot/remote/models/protein_06a47ea8fb14decf2e1f83ce3d7b3bc9900a29ed89cc722332a43a369472b176_single_sequence_seed20260919/pae.npz	434325	521b44dac155883f103f1c5f4e8762e93b1c6789790dce61f67f588fc249f281
results/structure_campaign/compute/single_sequence_pilot/remote/models/protein_06a47ea8fb14decf2e1f83ce3d7b3bc9900a29ed89cc722332a43a369472b176_single_sequence_seed20260919/plddt.npz	1520	0708b96bfd49fca15bdff751a75b4eee01d5768b56174a8a2a69a64f1f011e91
results/structure_campaign/compute/single_sequence_pilot/remote/models/protein_06a47ea8fb14decf2e1f83ce3d7b3bc9900a29ed89cc722332a43a369472b176_single_sequence_seed20260919/validation.json	238	f246c99c0d740fc94211bafc4d17ab9a89c47580f168debc259cfb751bf22c42
results/structure_campaign/compute/single_sequence_pilot/remote/models/protein_13af641587610835ccf13231157fe90ef6e91f0485fa14f7ec5a46506b5a8823_single_sequence_seed20260919/attempt_1/boltz.log	2437	d2f003a8c3980396f10ad860786d96659f61f708ad593db1f8f459f06bfeb633
results/structure_campaign/compute/single_sequence_pilot/remote/models/protein_13af641587610835ccf13231157fe90ef6e91f0485fa14f7ec5a46506b5a8823_single_sequence_seed20260919/confidence.json	445	662f1934e135edeaaaf857615bee16068297268b87cc3fc78e2ceb24da1c3019
results/structure_campaign/compute/single_sequence_pilot/remote/models/protein_13af641587610835ccf13231157fe90ef6e91f0485fa14f7ec5a46506b5a8823_single_sequence_seed20260919/model.cif	48333	fb613c19ac94448374513dcea1b86a247ab59ef0222030d1fb87b8dffa381da7
results/structure_campaign/compute/single_sequence_pilot/remote/models/protein_13af641587610835ccf13231157fe90ef6e91f0485fa14f7ec5a46506b5a8823_single_sequence_seed20260919/pae.npz	16617	67e0be3ed10b0ffd7c8b5be4e495f0391046e74207e9373327375138ded51c6d
results/structure_campaign/compute/single_sequence_pilot/remote/models/protein_13af641587610835ccf13231157fe90ef6e91f0485fa14f7ec5a46506b5a8823_single_sequence_seed20260919/plddt.npz	487	117d9a09d1b0b92a1396805bdecec6df49403c1ddd2e421a401d6f432b344f43
results/structure_campaign/compute/single_sequence_pilot/remote/models/protein_13af641587610835ccf13231157fe90ef6e91f0485fa14f7ec5a46506b5a8823_single_sequence_seed20260919/validation.json	223	bcf0ed07d4128c7b1fc7bcb3c0798c2376842d3f0a31ab896f16f8700c7f3356
results/structure_campaign/compute/single_sequence_pilot/remote/models/protein_1bb99356d918b0fbaa9b069fdeb691f9390e078bfa32068a8186f372bbfd91a3_single_sequence_seed20260919/attempt_1/boltz.log	2437	a66e38cd9f3685eeedc632064757e46ce71589605b648c66784abc4d9195199f
results/structure_campaign/compute/single_sequence_pilot/remote/models/protein_1bb99356d918b0fbaa9b069fdeb691f9390e078bfa32068a8186f372bbfd91a3_single_sequence_seed20260919/confidence.json	443	1188beb507e355c746bdb7e421eed8ea59b140f24e2f45905539164932e61883
results/structure_campaign/compute/single_sequence_pilot/remote/models/protein_1bb99356d918b0fbaa9b069fdeb691f9390e078bfa32068a8186f372bbfd91a3_single_sequence_seed20260919/model.cif	109868	1eefb35a221e9df501fef7663e16b1f8740402867c75ba2372c51e4afccee56c
results/structure_campaign/compute/single_sequence_pilot/remote/models/protein_1bb99356d918b0fbaa9b069fdeb691f9390e078bfa32068a8186f372bbfd91a3_single_sequence_seed20260919/pae.npz	91533	4da73e0c5c6f7695d4ea1a577aa0fa8c95971c7c00bf7be42c7e9274610d0b03
results/structure_campaign/compute/single_sequence_pilot/remote/models/protein_1bb99356d918b0fbaa9b069fdeb691f9390e078bfa32068a8186f372bbfd91a3_single_sequence_seed20260919/plddt.npz	831	34967ea59ee99387245a28919dd206fe8b1c04176e1d5734c321504b67742725
results/structure_campaign/compute/single_sequence_pilot/remote/models/protein_1bb99356d918b0fbaa9b069fdeb691f9390e078bfa32068a8186f372bbfd91a3_single_sequence_seed20260919/validation.json	255	962967367d6b4b608857225cab3fbff288ec1fc16158cec2ee42b91f28bc5fb4
results/structure_campaign/compute/single_sequence_pilot/remote/models/protein_1bce31ef49449220635ddadc203907308fc7f2ec67e7d48732292471c9bbe3df_single_sequence_seed20260919/attempt_1/boltz.log	2437	335c30fa39365bfc77a082c57ca047b43d509d596c8850f552682b77f7758fec
results/structure_campaign/compute/single_sequence_pilot/remote/models/protein_1bce31ef49449220635ddadc203907308fc7f2ec67e7d48732292471c9bbe3df_single_sequence_seed20260919/confidence.json	444	4d0b470ae9c40ec3b8e1484ef09da9fa54f42c00ae31d797894db72b11307403
results/structure_campaign/compute/single_sequence_pilot/remote/models/protein_1bce31ef49449220635ddadc203907308fc7f2ec67e7d48732292471c9bbe3df_single_sequence_seed20260919/model.cif	25298	adbfee01b912da33061985b6c44b6bfdf5e4428aef5db74e125319ce781c2540
results/structure_campaign/compute/single_sequence_pilot/remote/models/protein_1bce31ef49449220635ddadc203907308fc7f2ec67e7d48732292471c9bbe3df_single_sequence_seed20260919/pae.npz	3887	6c5b2bf836228d0830b684f2b3c5ca3361db85de2943e437b5cc32c8c5925dc6
results/structure_campaign/compute/single_sequence_pilot/remote/models/protein_1bce31ef49449220635ddadc203907308fc7f2ec67e7d48732292471c9bbe3df_single_sequence_seed20260919/plddt.npz	336	4f7fcd97a13f22fedabe05c341af125ec44c8c84012b28b962fe46e3b482aaf5
results/structure_campaign/compute/single_sequence_pilot/remote/models/protein_1bce31ef49449220635ddadc203907308fc7f2ec67e7d48732292471c9bbe3df_single_sequence_seed20260919/validation.json	230	21f102183cbf8c58dea3a8b9b4de5fb492763afceefa4829403990a4a923748d
results/structure_campaign/compute/single_sequence_pilot/remote/models/protein_1e8bc65243a9facc8e4feddf58cbbe693b2477dfe7a89be4bd6f1930464904dc_single_sequence_seed20260919/attempt_1/boltz.log	2437	987822deffcd5c3dd1c94c68dda22d2dd580a94fb7f629a99e7286684cdd7470
results/structure_campaign/compute/single_sequence_pilot/remote/models/protein_1e8bc65243a9facc8e4feddf58cbbe693b2477dfe7a89be4bd6f1930464904dc_single_sequence_seed20260919/confidence.json	442	db2f6813f390f44dac4df74fe815e2e01ae6fa277ec94b367eab9f12e0992408
results/structure_campaign/compute/single_sequence_pilot/remote/models/protein_1e8bc65243a9facc8e4feddf58cbbe693b2477dfe7a89be4bd6f1930464904dc_single_sequence_seed20260919/model.cif	57003	225f676e465c42ef868702bad0eac24686544788e823f8c12cfb4bd85c93cba7
results/structure_campaign/compute/single_sequence_pilot/remote/models/protein_1e8bc65243a9facc8e4feddf58cbbe693b2477dfe7a89be4bd6f1930464904dc_single_sequence_seed20260919/pae.npz	23659	17333995d23e0b5e604930085289d96aa673c6676af1a77584580b3e58b6caa2
results/structure_campaign/compute/single_sequence_pilot/remote/models/protein_1e8bc65243a9facc8e4feddf58cbbe693b2477dfe7a89be4bd6f1930464904dc_single_sequence_seed20260919/plddt.npz	539	1eea84a9d7c8a2a6b708329c0611a9caf679199a153ee15c43ba23e8fc509cd6
results/structure_campaign/compute/single_sequence_pilot/remote/models/protein_1e8bc65243a9facc8e4feddf58cbbe693b2477dfe7a89be4bd6f1930464904dc_single_sequence_seed20260919/validation.json	252	1564f80c19f3781c9abdfa91b91d0ca93608d26ec59cd3c3296c24254e382c43
results/structure_campaign/compute/single_sequence_pilot/remote/models/protein_345129754ff0ccc173929ddf22b27736775c4329d5023cd85485e4a3b98d6af1_single_sequence_seed20260919/attempt_1/boltz.log	2437	17767c45570d37a6fc1fc45621eb75fca7e99ebcaca50887f6d4f66841a4e18b
results/structure_campaign/compute/single_sequence_pilot/remote/models/protein_345129754ff0ccc173929ddf22b27736775c4329d5023cd85485e4a3b98d6af1_single_sequence_seed20260919/confidence.json	449	c38a8fed71c6a73baf7f0d8afa0277d6412ab865a0c1b449650b68537455bdfd
results/structure_campaign/compute/single_sequence_pilot/remote/models/protein_345129754ff0ccc173929ddf22b27736775c4329d5023cd85485e4a3b98d6af1_single_sequence_seed20260919/model.cif	106143	77a168ed221ae2e13b5e05579a88094a479698f84759d32d4fa3eb237aa6a315
results/structure_campaign/compute/single_sequence_pilot/remote/models/protein_345129754ff0ccc173929ddf22b27736775c4329d5023cd85485e4a3b98d6af1_single_sequence_seed20260919/pae.npz	83698	2b392b00ace0acf3e09fb99fc0b5167a2d594849efdc6f069248bee728da50e9
results/structure_campaign/compute/single_sequence_pilot/remote/models/protein_345129754ff0ccc173929ddf22b27736775c4329d5023cd85485e4a3b98d6af1_single_sequence_seed20260919/plddt.npz	790	89d80163a6340cae9fa1e2663dd6aae6d30ee026256bdc3b276e0baa7a92b5ee
results/structure_campaign/compute/single_sequence_pilot/remote/models/protein_345129754ff0ccc173929ddf22b27736775c4329d5023cd85485e4a3b98d6af1_single_sequence_seed20260919/validation.json	237	0194a25b9bc2257d54dee5465d14c1b3e096b9c730eec62b2128b2ddee418600
results/structure_campaign/compute/single_sequence_pilot/remote/models/protein_4d8da7a249b8e2edf2d48ecc95d93eb6898532d6e07ed982fec0fc4c9c14e12a_single_sequence_seed20260919/attempt_1/boltz.log	2437	79a31e3ea902260d861360d95c78c78202b6911c52e5b1b883383b39a6037cee
results/structure_campaign/compute/single_sequence_pilot/remote/models/protein_4d8da7a249b8e2edf2d48ecc95d93eb6898532d6e07ed982fec0fc4c9c14e12a_single_sequence_seed20260919/confidence.json	441	a98e872d3f428df56f1a0853fef6466223b35425b8d030be120b5a791f5f527b
results/structure_campaign/compute/single_sequence_pilot/remote/models/protein_4d8da7a249b8e2edf2d48ecc95d93eb6898532d6e07ed982fec0fc4c9c14e12a_single_sequence_seed20260919/model.cif	128171	3b316b96ff5023dd74671c36c2fe3e68e8b19222066aa319811e555234179339
results/structure_campaign/compute/single_sequence_pilot/remote/models/protein_4d8da7a249b8e2edf2d48ecc95d93eb6898532d6e07ed982fec0fc4c9c14e12a_single_sequence_seed20260919/pae.npz	116799	38751a3c7a243f1350f3cd7bdda99b415bbf2e12fe4d0d8988ef76fc95135efd
results/structure_campaign/compute/single_sequence_pilot/remote/models/protein_4d8da7a249b8e2edf2d48ecc95d93eb6898532d6e07ed982fec0fc4c9c14e12a_single_sequence_seed20260919/plddt.npz	887	9af521bcd3208be7359ab381019226bb5282b51f75731c9d1969d149ae5822fe
results/structure_campaign/compute/single_sequence_pilot/remote/models/protein_4d8da7a249b8e2edf2d48ecc95d93eb6898532d6e07ed982fec0fc4c9c14e12a_single_sequence_seed20260919/validation.json	267	674a2d06899f71ae5de34ac25d840c91c004a291764b568832d30d7e4390ae44
results/structure_campaign/compute/single_sequence_pilot/remote/models/protein_61a6c306c0a882793e9a0eb0f38e9dffb4ad15d1ae413e718969b8f43c6e86e4_single_sequence_seed20260919/attempt_1/boltz.log	2437	6ed5325a8709d95d9da6f7dd0f4875752ebc64ccd4ccbbf04d551540465f544d
results/structure_campaign/compute/single_sequence_pilot/remote/models/protein_61a6c306c0a882793e9a0eb0f38e9dffb4ad15d1ae413e718969b8f43c6e86e4_single_sequence_seed20260919/confidence.json	446	726f80327dce12e830d2112ccf1f9d766d95f716c13fee6b6141a117290e2cbc
results/structure_campaign/compute/single_sequence_pilot/remote/models/protein_61a6c306c0a882793e9a0eb0f38e9dffb4ad15d1ae413e718969b8f43c6e86e4_single_sequence_seed20260919/model.cif	101914	605278496be89e0416ee49eadaa437abe127b4110c141f553cb7ffd3744f8554
results/structure_campaign/compute/single_sequence_pilot/remote/models/protein_61a6c306c0a882793e9a0eb0f38e9dffb4ad15d1ae413e718969b8f43c6e86e4_single_sequence_seed20260919/pae.npz	80699	7eb22f7f8c7f6bc88b8d6795416a1a048b6fa855f865a105e3786bf93777034b
results/structure_campaign/compute/single_sequence_pilot/remote/models/protein_61a6c306c0a882793e9a0eb0f38e9dffb4ad15d1ae413e718969b8f43c6e86e4_single_sequence_seed20260919/plddt.npz	789	0e91826622a805694511b39ac47cd56eb137f9d4dcac38efb488e5106a6e3126
results/structure_campaign/compute/single_sequence_pilot/remote/models/protein_61a6c306c0a882793e9a0eb0f38e9dffb4ad15d1ae413e718969b8f43c6e86e4_single_sequence_seed20260919/validation.json	239	d302126660173db7702f7f910e8528e11358e3b3608c2274ee7ccfe1544d67e5
results/structure_campaign/compute/single_sequence_pilot/remote/models/protein_6de3b695e6fb7625fb0b645afd1d9dbcedf1ea280f2faf93d7ebafbd589a09ef_single_sequence_seed20260919/attempt_1/boltz.log	2437	c1b83ce5f47088e50eb270ff08e25520926732d2f5105e56d35775b1a3c6e9b6
results/structure_campaign/compute/single_sequence_pilot/remote/models/protein_6de3b695e6fb7625fb0b645afd1d9dbcedf1ea280f2faf93d7ebafbd589a09ef_single_sequence_seed20260919/confidence.json	449	01f1cb54dd4a8cb9d3f43f47b27e57b6b23a8c76d5fcc7d5452fe94125f2439c
results/structure_campaign/compute/single_sequence_pilot/remote/models/protein_6de3b695e6fb7625fb0b645afd1d9dbcedf1ea280f2faf93d7ebafbd589a09ef_single_sequence_seed20260919/model.cif	203965	ae96a15e0324c69bdef9f4295c282cd717d429dddc252ccd71754924ab3bc843
results/structure_campaign/compute/single_sequence_pilot/remote/models/protein_6de3b695e6fb7625fb0b645afd1d9dbcedf1ea280f2faf93d7ebafbd589a09ef_single_sequence_seed20260919/pae.npz	303889	d0be6e1b1263fa5ecb4e716ed49c6abd119fc6aff00ecc008d5fd031e1227c6f
results/structure_campaign/compute/single_sequence_pilot/remote/models/protein_6de3b695e6fb7625fb0b645afd1d9dbcedf1ea280f2faf93d7ebafbd589a09ef_single_sequence_seed20260919/plddt.npz	1315	224d41b54a60e4962d0e916835d3d4035bbc42cef0035d28cff267b2dedaa728
results/structure_campaign/compute/single_sequence_pilot/remote/models/protein_6de3b695e6fb7625fb0b645afd1d9dbcedf1ea280f2faf93d7ebafbd589a09ef_single_sequence_seed20260919/validation.json	256	2753530e944fe0bc51f988664fcde0bfdadc88bff1a81a1784d8b1bc1fdccf58
results/structure_campaign/compute/single_sequence_pilot/remote/models/protein_7c620433a33c479bd09812150c15d2e0accd796c3cd40b057543080302fe009b_single_sequence_seed20260919/attempt_1/boltz.log	2437	4585b5dffb65c1605236e0e2c9f5c9d9ab4734f174eec0cffe38c6290c679d7c
results/structure_campaign/compute/single_sequence_pilot/remote/models/protein_7c620433a33c479bd09812150c15d2e0accd796c3cd40b057543080302fe009b_single_sequence_seed20260919/confidence.json	441	19eb3e0f56b3aefc82d21a72a50807b9885e4bd945695581d0e4b63d883bfaa6
results/structure_campaign/compute/single_sequence_pilot/remote/models/protein_7c620433a33c479bd09812150c15d2e0accd796c3cd40b057543080302fe009b_single_sequence_seed20260919/model.cif	34042	5ca58c82122f44231f6f9a917f7738516b374f2174de9ece91d781129e1afeb6
results/structure_campaign/compute/single_sequence_pilot/remote/models/protein_7c620433a33c479bd09812150c15d2e0accd796c3cd40b057543080302fe009b_single_sequence_seed20260919/pae.npz	7828	d435520010d6eef5e416b3a78cdfc5c8a89c3604f37e19e52bc8a086e14eca7c
results/structure_campaign/compute/single_sequence_pilot/remote/models/protein_7c620433a33c479bd09812150c15d2e0accd796c3cd40b057543080302fe009b_single_sequence_seed20260919/plddt.npz	395	94a1db5c6bb71c23456265f86dd292665077b04d2095d9b178ecaaf8960e991a
results/structure_campaign/compute/single_sequence_pilot/remote/models/protein_7c620433a33c479bd09812150c15d2e0accd796c3cd40b057543080302fe009b_single_sequence_seed20260919/validation.json	251	897bb16d7b4cf265f1bff3ba07941741f1131419ce701649ecd411db445714e0
results/structure_campaign/compute/single_sequence_pilot/remote/models/protein_8500b17b3f5cc9f4deaed97ff0ad19025d5d94095c67bb9c969910558b69f1f8_single_sequence_seed20260919/attempt_1/boltz.log	2503	4472cda75bb9817a32e82447ac38be4cf4662a4569c4d1dad9723bf147c56b33
results/structure_campaign/compute/single_sequence_pilot/remote/models/protein_8500b17b3f5cc9f4deaed97ff0ad19025d5d94095c67bb9c969910558b69f1f8_single_sequence_seed20260919/confidence.json	446	590b71bb8ad14a6525585c8eeee6713cfcbc91da4c385d107bb0fb217df7d35b
results/structure_campaign/compute/single_sequence_pilot/remote/models/protein_8500b17b3f5cc9f4deaed97ff0ad19025d5d94095c67bb9c969910558b69f1f8_single_sequence_seed20260919/model.cif	398655	b24180d900efe1108188533080c92c906ee6f12d4eef2071734770b1b82ea223
results/structure_campaign/compute/single_sequence_pilot/remote/models/protein_8500b17b3f5cc9f4deaed97ff0ad19025d5d94095c67bb9c969910558b69f1f8_single_sequence_seed20260919/pae.npz	1047728	836569c52075f6f3b813ff6bf18108771b1e201b56941e3a8a1ab3f253120058
results/structure_campaign/compute/single_sequence_pilot/remote/models/protein_8500b17b3f5cc9f4deaed97ff0ad19025d5d94095c67bb9c969910558b69f1f8_single_sequence_seed20260919/plddt.npz	2193	f0a821a6cbe34a5d8395ab95f0f239848ec7bc4bbcabba70d101923f34b2ebe9
results/structure_campaign/compute/single_sequence_pilot/remote/models/protein_8500b17b3f5cc9f4deaed97ff0ad19025d5d94095c67bb9c969910558b69f1f8_single_sequence_seed20260919/validation.json	236	60442e9651d53c8c3643126ba807ad572404db652f2f98314489c14c117b43f9
results/structure_campaign/compute/single_sequence_pilot/remote/models/protein_91b6c2354036f74992cb5f2520a3614bb2b0ecc3feab662dbb7e791accc4b3b7_single_sequence_seed20260919/attempt_1/boltz.log	2437	ae23ef3ba0242c721c386a24e4996a11784682a0ddbeeba7516a312a71c6a213
results/structure_campaign/compute/single_sequence_pilot/remote/models/protein_91b6c2354036f74992cb5f2520a3614bb2b0ecc3feab662dbb7e791accc4b3b7_single_sequence_seed20260919/confidence.json	444	c9f1111cb4aadc6238ce7e52fbfe10d36979e736e7a8eb0c1575e8192b21d39f
results/structure_campaign/compute/single_sequence_pilot/remote/models/protein_91b6c2354036f74992cb5f2520a3614bb2b0ecc3feab662dbb7e791accc4b3b7_single_sequence_seed20260919/model.cif	151925	22c0c2d1d7a0c01b138f9c88f5090f2361eba3f2ad9c826af21d489560e22e4e
results/structure_campaign/compute/single_sequence_pilot/remote/models/protein_91b6c2354036f74992cb5f2520a3614bb2b0ecc3feab662dbb7e791accc4b3b7_single_sequence_seed20260919/pae.npz	154068	9ddb9b6ac08f0a2edc8895f22d99fc236852a5f55b6f38d5c42cc6f584fa4cf3
results/structure_campaign/compute/single_sequence_pilot/remote/models/protein_91b6c2354036f74992cb5f2520a3614bb2b0ecc3feab662dbb7e791accc4b3b7_single_sequence_seed20260919/plddt.npz	1002	7d4b70423a563a8c967412a8fb222295702f03ccac86cc7c4597c4e17da2246d
results/structure_campaign/compute/single_sequence_pilot/remote/models/protein_91b6c2354036f74992cb5f2520a3614bb2b0ecc3feab662dbb7e791accc4b3b7_single_sequence_seed20260919/validation.json	236	c234e2883e771b57faf9a8fadea31b636f35e0941d27757fad556af93945f34a
results/structure_campaign/compute/single_sequence_pilot/remote/models/protein_9a99577ea77e93a51bb896132001fac6caa242ee517a62995ddef9d39a72f54a_single_sequence_seed20260919/attempt_1/boltz.log	2503	39c35ddff88000dd50a5d1e854e6a56564783b58e596926730b482f7dfc28490
results/structure_campaign/compute/single_sequence_pilot/remote/models/protein_9a99577ea77e93a51bb896132001fac6caa242ee517a62995ddef9d39a72f54a_single_sequence_seed20260919/confidence.json	445	1bc3e7452c7dddc03f7df267833e9629be79fe5f23cd578e2ab383e464d55e9b
results/structure_campaign/compute/single_sequence_pilot/remote/models/protein_9a99577ea77e93a51bb896132001fac6caa242ee517a62995ddef9d39a72f54a_single_sequence_seed20260919/model.cif	496162	84deb6e3bc2d291f8052f44487a10677637b47f01c014b56c8557bb83edfe664
results/structure_campaign/compute/single_sequence_pilot/remote/models/protein_9a99577ea77e93a51bb896132001fac6caa242ee517a62995ddef9d39a72f54a_single_sequence_seed20260919/pae.npz	1678225	edff7b89f32fc63916edcb41da3ab36c0408580d3d853133a41e532788c5de1d
results/structure_campaign/compute/single_sequence_pilot/remote/models/protein_9a99577ea77e93a51bb896132001fac6caa242ee517a62995ddef9d39a72f54a_single_sequence_seed20260919/plddt.npz	2760	591bb5256e5d053cb5fd21c84e5aa4791565567dc8bd1bac0a44a279738bb467
results/structure_campaign/compute/single_sequence_pilot/remote/models/protein_9a99577ea77e93a51bb896132001fac6caa242ee517a62995ddef9d39a72f54a_single_sequence_seed20260919/validation.json	254	7ad9005f6e2ef222931cd2136f4af8750ae323b2fb5b293fd576a9ba4e5b3f06
results/structure_campaign/compute/single_sequence_pilot/remote/models/protein_c4c915da39d6ec74952059215262a9989ad6435c495f79363d36b565c91f216d_single_sequence_seed20260919/attempt_1/boltz.log	2437	02fca0be9d526a68be8891dea08d33c08ad09d3f982a9ea211a8b752b7490ef3
results/structure_campaign/compute/single_sequence_pilot/remote/models/protein_c4c915da39d6ec74952059215262a9989ad6435c495f79363d36b565c91f216d_single_sequence_seed20260919/confidence.json	446	408b052b4cec86c2ec943de8e3ddbe9da3794a8536f4d28d9e04f02932c8f978
results/structure_campaign/compute/single_sequence_pilot/remote/models/protein_c4c915da39d6ec74952059215262a9989ad6435c495f79363d36b565c91f216d_single_sequence_seed20260919/model.cif	35231	1ee36212bf09ea3803b39f75b7b4181a2baa304d95a2398b298893bb6aaa6475
results/structure_campaign/compute/single_sequence_pilot/remote/models/protein_c4c915da39d6ec74952059215262a9989ad6435c495f79363d36b565c91f216d_single_sequence_seed20260919/pae.npz	7306	28dcab4b8efb6dfaea05f8a7cbff18b8b87c9a3ded35c96e3e38114913e95e72
results/structure_campaign/compute/single_sequence_pilot/remote/models/protein_c4c915da39d6ec74952059215262a9989ad6435c495f79363d36b565c91f216d_single_sequence_seed20260919/plddt.npz	393	5812952a9c22b93bcc97ed77d2a36e7ecac878deba2a88356f8603f66b42d2f3
results/structure_campaign/compute/single_sequence_pilot/remote/models/protein_c4c915da39d6ec74952059215262a9989ad6435c495f79363d36b565c91f216d_single_sequence_seed20260919/validation.json	238	a5b8e2c7cf7fcde39fa1b000ac16173b485b282e27a2906af88ec730176cff20
results/structure_campaign/compute/single_sequence_pilot/remote/models/protein_ca2772f82b0e861861636ddd31697e08475ddd2b2f93467e300b85d3aa0b3c75_single_sequence_seed20260919/attempt_1/boltz.log	2503	cc49e4e04cac14800c6a95f8af55cd69409b553e7fe04a9d9633a25c2dd963e3
results/structure_campaign/compute/single_sequence_pilot/remote/models/protein_ca2772f82b0e861861636ddd31697e08475ddd2b2f93467e300b85d3aa0b3c75_single_sequence_seed20260919/confidence.json	443	b7b4d3f9b3bd4158fdc44455319bf5738432c4b5b524cfd86eec9c5e659ab35b
results/structure_campaign/compute/single_sequence_pilot/remote/models/protein_ca2772f82b0e861861636ddd31697e08475ddd2b2f93467e300b85d3aa0b3c75_single_sequence_seed20260919/model.cif	1831553	ce51940925bd21f8378bb5649523d1e3b84bd7ca0919f0b12e79bdb30bac2f29
results/structure_campaign/compute/single_sequence_pilot/remote/models/protein_ca2772f82b0e861861636ddd31697e08475ddd2b2f93467e300b85d3aa0b3c75_single_sequence_seed20260919/pae.npz	19746170	b2e014707fbaef01140d68f38ad8b5172d67363cb98fe82859b78751bddcdbf9
results/structure_campaign/compute/single_sequence_pilot/remote/models/protein_ca2772f82b0e861861636ddd31697e08475ddd2b2f93467e300b85d3aa0b3c75_single_sequence_seed20260919/plddt.npz	8665	0fde4417a92333adbd76532d94d9658d44994e56e94dc907360b6004fabf9801
results/structure_campaign/compute/single_sequence_pilot/remote/models/protein_ca2772f82b0e861861636ddd31697e08475ddd2b2f93467e300b85d3aa0b3c75_single_sequence_seed20260919/validation.json	254	7ed2d2cbfe4884a6e131915aa27c2500fb0efc7287192416c89c50ae906c6b70
results/structure_campaign/compute/single_sequence_pilot/remote/models/protein_dba94fe4564b656dcb4c88ed9c0af05dfe78a7d6ea0ef18b1c71b29fe58fa0d9_single_sequence_seed20260919/attempt_1/boltz.log	2437	30658a3b230257d2ac55fac4c914cb6abcca6d2bcb745d6e731690bb2319c137
results/structure_campaign/compute/single_sequence_pilot/remote/models/protein_dba94fe4564b656dcb4c88ed9c0af05dfe78a7d6ea0ef18b1c71b29fe58fa0d9_single_sequence_seed20260919/confidence.json	440	f4c3406c18fbb21540b2deabb7b5419ba38cd64943099581b377908ef145e3ff
results/structure_campaign/compute/single_sequence_pilot/remote/models/protein_dba94fe4564b656dcb4c88ed9c0af05dfe78a7d6ea0ef18b1c71b29fe58fa0d9_single_sequence_seed20260919/model.cif	65681	2dbef20d4497674785da3fda6e08c6832fcf099832512880b58aa9ed33feadb6
results/structure_campaign/compute/single_sequence_pilot/remote/models/protein_dba94fe4564b656dcb4c88ed9c0af05dfe78a7d6ea0ef18b1c71b29fe58fa0d9_single_sequence_seed20260919/pae.npz	32224	38d12d073198f427a31bf543ebb6c73f5c6641ccc59cd622c9ab8f48fb8ac121
results/structure_campaign/compute/single_sequence_pilot/remote/models/protein_dba94fe4564b656dcb4c88ed9c0af05dfe78a7d6ea0ef18b1c71b29fe58fa0d9_single_sequence_seed20260919/plddt.npz	594	821caaefb7aeb451a867982a9c5c23d28a6b2931fa83327a182d605492734123
results/structure_campaign/compute/single_sequence_pilot/remote/models/protein_dba94fe4564b656dcb4c88ed9c0af05dfe78a7d6ea0ef18b1c71b29fe58fa0d9_single_sequence_seed20260919/validation.json	253	0815ca4ecd4ad104fdbd62f8fb4144c02429323c701129cf7cb41a313fee5ede
results/structure_campaign/compute/single_sequence_pilot/remote/models/protein_e5af13d33e889258c3c023a666c476f620d82348973f983e518b9779866522d1_single_sequence_seed20260919/attempt_1/boltz.log	2437	e83003198bcc7c1bb6bbbebe05a75b652bd949361f80e42b68b35aef27f0827d
results/structure_campaign/compute/single_sequence_pilot/remote/models/protein_e5af13d33e889258c3c023a666c476f620d82348973f983e518b9779866522d1_single_sequence_seed20260919/confidence.json	445	978e60f3a7957bccab746aed42ecc4e302e4d8908d54245c7db2204e697355d7
results/structure_campaign/compute/single_sequence_pilot/remote/models/protein_e5af13d33e889258c3c023a666c476f620d82348973f983e518b9779866522d1_single_sequence_seed20260919/model.cif	124299	781895cc7585f2a092c65a454942c338cdcd025ce1823456595f7d2ed02dc918
results/structure_campaign/compute/single_sequence_pilot/remote/models/protein_e5af13d33e889258c3c023a666c476f620d82348973f983e518b9779866522d1_single_sequence_seed20260919/pae.npz	107512	f0493d069c960b69dd2e88e7dc90b7fcf0a401095a13e3af202592b9e1dcf51b
results/structure_campaign/compute/single_sequence_pilot/remote/models/protein_e5af13d33e889258c3c023a666c476f620d82348973f983e518b9779866522d1_single_sequence_seed20260919/plddt.npz	878	74597202374d3cb4d9cc34e257ada91396d04c0609f8c137837deb8555cd51b9
results/structure_campaign/compute/single_sequence_pilot/remote/models/protein_e5af13d33e889258c3c023a666c476f620d82348973f983e518b9779866522d1_single_sequence_seed20260919/validation.json	254	3c2b49a128d85c1b3a660d1c9056b980dae3155c50d23376b03f5640e1e1053a
results/structure_campaign/compute/single_sequence_pilot/remote/models/protein_eaadb81f5c70805626da52cd61e57438d32bf21d9a2d8384477f99624294a992_single_sequence_seed20260919/attempt_1/boltz.log	2437	ceda83032a1b5c2bbc976b814df662155ab1f911ad3cc1561067748020cadd86
results/structure_campaign/compute/single_sequence_pilot/remote/models/protein_eaadb81f5c70805626da52cd61e57438d32bf21d9a2d8384477f99624294a992_single_sequence_seed20260919/confidence.json	445	7f1ad9629c7c571ebbf62d8257953aef7ac973a2f632ebf85a659af412fbb21b
results/structure_campaign/compute/single_sequence_pilot/remote/models/protein_eaadb81f5c70805626da52cd61e57438d32bf21d9a2d8384477f99624294a992_single_sequence_seed20260919/model.cif	108868	d3e2fcf356a8d15369380edd48f7931874d1acafe1ecad441fb9e225a3d75389
results/structure_campaign/compute/single_sequence_pilot/remote/models/protein_eaadb81f5c70805626da52cd61e57438d32bf21d9a2d8384477f99624294a992_single_sequence_seed20260919/pae.npz	85213	b4b3c88e53a3f67d07d35588505207a37f740d7ac406d57028aebeceb1be0a90
results/structure_campaign/compute/single_sequence_pilot/remote/models/protein_eaadb81f5c70805626da52cd61e57438d32bf21d9a2d8384477f99624294a992_single_sequence_seed20260919/plddt.npz	805	0e84149d62d7917d1226bbbb43805ad53868f42e474a0a42e28c5e8afdf31062
results/structure_campaign/compute/single_sequence_pilot/remote/models/protein_eaadb81f5c70805626da52cd61e57438d32bf21d9a2d8384477f99624294a992_single_sequence_seed20260919/validation.json	237	266d77bda99c70da8e6a71ff8af3f3c14042d06af2f1d640252f0095e0244d18
results/structure_campaign/compute/single_sequence_pilot/remote/models/protein_f0766d124b52f0061597ce4e822e9275a04152df574f9a512631a0fa6ed8a2fa_single_sequence_seed20260919/attempt_1/boltz.log	2437	05d9e29c7e89e98da9e4c2e4df8cead052d5d6fa16f3198e839cc03a6a2896fe
results/structure_campaign/compute/single_sequence_pilot/remote/models/protein_f0766d124b52f0061597ce4e822e9275a04152df574f9a512631a0fa6ed8a2fa_single_sequence_seed20260919/confidence.json	449	b2d6539b5078fe474f39c1d21046cd3e0e2c9f845de58bf5439a51138a889985
results/structure_campaign/compute/single_sequence_pilot/remote/models/protein_f0766d124b52f0061597ce4e822e9275a04152df574f9a512631a0fa6ed8a2fa_single_sequence_seed20260919/model.cif	80939	a0d605c70053a20e3c02077184f41f17cd185bda2756113c53811565a0b98eac
results/structure_campaign/compute/single_sequence_pilot/remote/models/protein_f0766d124b52f0061597ce4e822e9275a04152df574f9a512631a0fa6ed8a2fa_single_sequence_seed20260919/pae.npz	48137	5421e0c420a863e9af9e1095f5b66129953e2ad25bdd5ef7b0cac1824cd8f269
results/structure_campaign/compute/single_sequence_pilot/remote/models/protein_f0766d124b52f0061597ce4e822e9275a04152df574f9a512631a0fa6ed8a2fa_single_sequence_seed20260919/plddt.npz	669	39990ca566419e30433e26fa31c5c6bec307abe7088a253dae78f2b008ef6e22
results/structure_campaign/compute/single_sequence_pilot/remote/models/protein_f0766d124b52f0061597ce4e822e9275a04152df574f9a512631a0fa6ed8a2fa_single_sequence_seed20260919/validation.json	239	07d88d10eb21898aafcf12bcb85e9207eb6c503e5a9cf23db850f7873fd48d40
results/structure_campaign/compute/single_sequence_pilot/remote/models/protein_ff94800e922179729e86c53f89319115126e45abae0220aa9052e0fb76f532c1_single_sequence_seed20260919/attempt_1/boltz.log	2437	5376ae99db8858ab8600887572d8a5894c7349f4c8f1c4571e379a1b53456bfd
results/structure_campaign/compute/single_sequence_pilot/remote/models/protein_ff94800e922179729e86c53f89319115126e45abae0220aa9052e0fb76f532c1_single_sequence_seed20260919/confidence.json	440	74e18eb4724448c6ee826f914b2785678913d5beb6bf79a18bc01c437d40cc66
results/structure_campaign/compute/single_sequence_pilot/remote/models/protein_ff94800e922179729e86c53f89319115126e45abae0220aa9052e0fb76f532c1_single_sequence_seed20260919/model.cif	88736	ea1177cef01fb00c50527115ccaf9ae3761b24b4ad0f4cf6815ebe4934ce032f
results/structure_campaign/compute/single_sequence_pilot/remote/models/protein_ff94800e922179729e86c53f89319115126e45abae0220aa9052e0fb76f532c1_single_sequence_seed20260919/pae.npz	58214	79e92ba4a51256276c6afcb4a9bfb809e68b39a00f768bd30c94c684caf849ae
results/structure_campaign/compute/single_sequence_pilot/remote/models/protein_ff94800e922179729e86c53f89319115126e45abae0220aa9052e0fb76f532c1_single_sequence_seed20260919/plddt.npz	714	6adb3742fbd562a3fb94804e30a2388081700f0b7edd96fb475859050e7bae0d
results/structure_campaign/compute/single_sequence_pilot/remote/models/protein_ff94800e922179729e86c53f89319115126e45abae0220aa9052e0fb76f532c1_single_sequence_seed20260919/validation.json	254	053e2c197bb4ec731d078eada1f321546f4dc5c67dea69a7d07cb5ab582685a3
results/structure_campaign/compute/single_sequence_pilot/remote/monitor.log	0	e3b0c44298fc1c149afbf4c8996fb92427ae41e4649b934ca495991b7852b855
results/structure_campaign/compute/single_sequence_pilot/remote/requirements-lock.txt	1898	70ea7ed3315e76f3d3a2eb4eaa6c27c5c3356d30587e9e1b48be13828a940575
results/structure_campaign/compute/single_sequence_pilot/watchdog.log	0	e3b0c44298fc1c149afbf4c8996fb92427ae41e4649b934ca495991b7852b855
results/structure_campaign/cross_model_gsdmd/compute/af2_cpu/raw/gsdmd_tmem106a.done.txt	0	e3b0c44298fc1c149afbf4c8996fb92427ae41e4649b934ca495991b7852b855
results/structure_campaign/cross_model_gsdmd/compute/esmfold_cpu/verified/pae.npz	48731	f6ca2cfd5e213afd0210e6301890b549a2c5c926c4780c623675a1dc039fd269
results/structure_campaign/cross_model_gsdmd/compute/esmfold_cpu/verified/residue_confidence.tsv	2890	ffcb0b1f9c4cb1a15b3bc33177320d9fb4a45763813174c6053de10c9cffdb8a
results/structure_campaign/cross_model_gsdmd/compute/inputs/gsdmd_tmem106a.a3m	164944	aadfebaead3d1d41de13f19d09e1f942ee099ede4c34f015e356cfa715250fbb
results/structure_campaign/cross_model_gsdmd/compute/inputs/sequence.fasta	216	05a69e490143897ac78fc263284ac5768c34fd833aeca3046ab8883d4ceef4aa
results/structure_campaign/cross_model_gsdmd/compute/setup/af2_help_errors.log	0	e3b0c44298fc1c149afbf4c8996fb92427ae41e4649b934ca495991b7852b855
results/structure_campaign/cross_model_gsdmd/method_audit/compile.log	0	e3b0c44298fc1c149afbf4c8996fb92427ae41e4649b934ca495991b7852b855
results/structure_campaign/diversity/snapshots/81560e6031e91058/72950160dea7/domains/domain_1a42dd46f636ed90ba8e4bc2.pdb	80271	e0e26020c82014055d0eec9086dc5bd7e066b888c2e94d5f5232b5c5b9674ea2
results/structure_campaign/diversity/snapshots/81560e6031e91058/72950160dea7/domains/domain_50432456cbfbc364d5ce67e0.pdb	97767	94e8808006690e690af6a13073bd4cb498d9da66ccfcd67503bb90697f15170b
results/structure_campaign/diversity/snapshots/8a5ae8c8c9cbc370/72950160dea7/domains/domain_012aae784d9c2f9afa567302.pdb	61155	f573c07857b04f991dc4147d5066f1dece4c24dd09db0306ef258c81028d82d9
results/structure_campaign/diversity/snapshots/8a5ae8c8c9cbc370/72950160dea7/domains/domain_1a42dd46f636ed90ba8e4bc2.pdb	80271	e0e26020c82014055d0eec9086dc5bd7e066b888c2e94d5f5232b5c5b9674ea2
results/structure_campaign/diversity/snapshots/8a5ae8c8c9cbc370/72950160dea7/domains/domain_50432456cbfbc364d5ce67e0.pdb	97767	94e8808006690e690af6a13073bd4cb498d9da66ccfcd67503bb90697f15170b
results/structure_campaign/diversity/snapshots/8a5ae8c8c9cbc370/72950160dea7/domains/domain_5697e02af99c262488197d03.pdb	65367	cb164399e77a05aaf135cd9a124f60e154a355570141a430540611585ccf64b7
results/structure_campaign/diversity/snapshots/8a5ae8c8c9cbc370/72950160dea7/domains/domain_99e642c07a95d216ea3f5faa.pdb	70470	72bb37435cbc7f6d99d9f965b3c9fdf800c0851d0af1546be5fe6e6aa9703025
results/structure_campaign/diversity/snapshots/8a5ae8c8c9cbc370/jobs.json	440038	5ad34ad320e55b34fb08da58ece9a41ba9f052381167a439a0072c5b27a9a0eb
results/structure_campaign/diversity/snapshots/943ecc283a80a128/72950160dea7/domains/domain_012aae784d9c2f9afa567302.pdb	61155	f573c07857b04f991dc4147d5066f1dece4c24dd09db0306ef258c81028d82d9
results/structure_campaign/diversity/snapshots/943ecc283a80a128/72950160dea7/domains/domain_1a42dd46f636ed90ba8e4bc2.pdb	80271	e0e26020c82014055d0eec9086dc5bd7e066b888c2e94d5f5232b5c5b9674ea2
results/structure_campaign/diversity/snapshots/943ecc283a80a128/72950160dea7/domains/domain_43775318fbb82962611b9708.pdb	167508	6b74faf5f3b74383296599bee7cee7cd7dc69542120544f8c7d1ea86d33b34ee
results/structure_campaign/diversity/snapshots/943ecc283a80a128/72950160dea7/domains/domain_50432456cbfbc364d5ce67e0.pdb	97767	94e8808006690e690af6a13073bd4cb498d9da66ccfcd67503bb90697f15170b
results/structure_campaign/diversity/snapshots/943ecc283a80a128/72950160dea7/domains/domain_521f9dd61764eae434b7c54a.pdb	180711	0a8ef19a975c00732f3845b520da796f176689d26b86cf4d0bf1518386093de9
results/structure_campaign/diversity/snapshots/943ecc283a80a128/72950160dea7/domains/domain_5697e02af99c262488197d03.pdb	65367	cb164399e77a05aaf135cd9a124f60e154a355570141a430540611585ccf64b7
results/structure_campaign/diversity/snapshots/943ecc283a80a128/72950160dea7/domains/domain_99e642c07a95d216ea3f5faa.pdb	70470	72bb37435cbc7f6d99d9f965b3c9fdf800c0851d0af1546be5fe6e6aa9703025
results/structure_campaign/diversity/snapshots/943ecc283a80a128/72950160dea7/domains/domain_c52505ed6597f48577200e77.pdb	184923	0137cf0f097e2e869c21af3ca1be45c01d0b075ee5a775102e43b8645874f438
results/structure_campaign/diversity/snapshots/943ecc283a80a128/72950160dea7/domains/domain_f4ba46069a4655e235980e23.pdb	152523	383fe3ae62aafa9f76f0dc346ca7c884e7ba0be695a5465061ea0f5323afec74
results/structure_campaign/diversity/snapshots/e1b062d946f1a04a/72950160dea7/domains/domain_012aae784d9c2f9afa567302.pdb	61155	f573c07857b04f991dc4147d5066f1dece4c24dd09db0306ef258c81028d82d9
results/structure_campaign/diversity/snapshots/e1b062d946f1a04a/72950160dea7/domains/domain_1a42dd46f636ed90ba8e4bc2.pdb	80271	e0e26020c82014055d0eec9086dc5bd7e066b888c2e94d5f5232b5c5b9674ea2
results/structure_campaign/diversity/snapshots/e1b062d946f1a04a/72950160dea7/domains/domain_43775318fbb82962611b9708.pdb	167508	6b74faf5f3b74383296599bee7cee7cd7dc69542120544f8c7d1ea86d33b34ee
results/structure_campaign/diversity/snapshots/e1b062d946f1a04a/72950160dea7/domains/domain_50432456cbfbc364d5ce67e0.pdb	97767	94e8808006690e690af6a13073bd4cb498d9da66ccfcd67503bb90697f15170b
results/structure_campaign/diversity/snapshots/e1b062d946f1a04a/72950160dea7/domains/domain_521f9dd61764eae434b7c54a.pdb	180711	0a8ef19a975c00732f3845b520da796f176689d26b86cf4d0bf1518386093de9
results/structure_campaign/diversity/snapshots/e1b062d946f1a04a/72950160dea7/domains/domain_5697e02af99c262488197d03.pdb	65367	cb164399e77a05aaf135cd9a124f60e154a355570141a430540611585ccf64b7
results/structure_campaign/diversity/snapshots/e1b062d946f1a04a/72950160dea7/domains/domain_99e642c07a95d216ea3f5faa.pdb	70470	72bb37435cbc7f6d99d9f965b3c9fdf800c0851d0af1546be5fe6e6aa9703025
results/structure_campaign/diversity/snapshots/e1b062d946f1a04a/72950160dea7/domains/domain_c52505ed6597f48577200e77.pdb	184923	0137cf0f097e2e869c21af3ca1be45c01d0b075ee5a775102e43b8645874f438
results/structure_campaign/diversity/snapshots/e1b062d946f1a04a/72950160dea7/domains/domain_f4ba46069a4655e235980e23.pdb	152523	383fe3ae62aafa9f76f0dc346ca7c884e7ba0be695a5465061ea0f5323afec74
results/structure_campaign/diversity/snapshots/e1b062d946f1a04a/72950160dea7/foldseek/alignments.tsv	15046	a1e6f8eb60083fb8cfd2e2764113c504834c99f71d1cd87da47f5df22b2072bf
results/structure_campaign/report/assets/cached_gsdmd_tmem106a_prediction.png	455244	a61e4a7a6643c4c8447d402a70175638303eddd024bf8c799c335b9bd5f6c581
results/structure_campaign/report/assets/experimental_parent_6N9N.cif	632140	3a59a356283e311b915e123d8b92efcd93b42ca9049a50e5873ac605865d4f52
results/structure_campaign/report/assets/experimental_parent_6N9N.png	1048065	3b8a7ba879c139a252b3b40a7fa5f7d94cda02eb80e820f282be80038d18a379
results/structure_campaign/report/assets/experimental_parent_6N9N_metadata.json	12076	60dc9ab23e95d228c09a2205cb35cc36ab04feda25289774e6ccdd1c3559ed6b
results/structure_campaign/report/final_validation.json	570	38c94362af38d5b2753503eee26b5f360f81c0d667dc807145799fd3f981dfda
results/structure_campaign/validation.json	388933	e3aa01e2ec48cc34d09f0bca413e409c9122392fc3fed8dc9f9210855cb20239
