pair_id	replicate	accession	chrom1	bin1	chrom2	bin2	foreground	background	enrichment	status
1810013L24Rik:Pmm2	A	GSM9574808	chr16	17	chr16	16	2609.21337890625	809.614501953125	3.2227848841785174	observed
Abca3:Nup205	A	GSM9574808	chr17	49	chr6	70	8.22770881652832	5.364301443099976	1.5337894232456875	observed
Abcc5:Oas1a	A	GSM9574808	chr16	40	chr5	242	14.373479843139648	5.717080116271973	2.5141295120615506	observed
Abr:Pitpna	A	GSM9574808	chr11	152	chr11	151	5478.1220703125	285.1046905517578	19.214422813285857	observed
Acod1:Cd86	A	GSM9574808	chr14	206	chr16	72	7.230603218078613	4.308722734451294	1.6781314704389803	observed
Acsl4:Tmem164	A	GSM9574808	chrX	282	chrX	283	1249.8760986328125	300.5429992675781	4.158726377519206	observed
Actr3:Pla2g4a	A	GSM9574808	chr1	250	chr1	299	109.37223052978516	115.42985916137695	0.9475211294928211	observed
Adam8:Tyrobp	A	GSM9574808	chr7	279	chr7	60	40.71098327636719	32.01865768432617	1.2714768894355024	observed
Adprm:Emc2	A	GSM9574808	chr11	133	chr15	86	7.456641674041748	4.024505615234375	1.8528093601895734	observed
Afg3l2:Cndp2	A	GSM9574808	chr18	135	chr18	169	168.5139617919922	150.50704956054688	1.1196416532250297	observed
Agl:Brk1	A	GSM9574808	chr3	233	chr6	227	3.3212931156158447	2.624670624732971	1.265413299603544	observed
Ammecr1:Rab9	A	GSM9574808	chrX	283	chrX	330	60.92780303955078	54.820735931396484	1.11140067721449	observed
Ampd3:Hapln3	A	GSM9574808	chr7	220	chr7	157	100.03656768798828	79.90266799926758	1.251980317965168	observed
Ankrd33b:Chd4	A	GSM9574808	chr15	62	chr6	250	4.002196788787842	3.5895689725875854	1.1149519118733657	observed
Aoah:Sirt5	A	GSM9574808	chr13	42	chr13	87	274.1625671386719	65.90526962280273	4.159949101305454	observed
Aopep:Sdha	A	GSM9574808	chr13	126	chr13	148	168.18472290039062	120.11871337890625	1.4001542155206361	observed
Appbp2:Bcas3	A	GSM9574808	chr11	170	chr11	170				cis_below_500kb_bin_distance
Arhgap30:Csnk1g3	A	GSM9574808	chr1	342	chr18	108	5.6163740158081055	6.37355899810791	0.8811990314164211	observed
Arl5b:4930455G09Rik	A	GSM9574808	chr2	30	chr4	283	2.33782958984375	2.226956009864807	1.0497870543862577	observed
Arrb1:Cnot7	A	GSM9574808	chr7	198	chr8	81	6.194994926452637	2.37410306930542	2.60940437108532	observed
Asl:Cct6a	A	GSM9574808	chr5	260	chr5	259	2989.156005859375	1013.8043823242188	2.9484544138648543	observed
Atp1b3:Mthfs	A	GSM9574808	chr9	192	chr9	178	167.21702575683594	243.51243591308594	0.6866878281999478	observed
Atp6v0a1:Akr1a1	A	GSM9574808	chr11	201	chr4	232	22.771120071411133	5.518592834472656	4.126254781684231	observed
Atxn7l1:Mir99ahg	A	GSM9574808	chr12	66	chr16	154	6.6668314933776855	5.513473749160767	1.2091889427046745	observed
Babam2:Mrpl33	A	GSM9574808	chr5	63	chr5	63				cis_below_500kb_bin_distance
Cacna1d:Ninj1	A	GSM9574808	chr14	59	chr13	98	5.277244567871094	3.6834299564361572	1.4326984984878077	observed
Ccdc97:Ddrgk1	A	GSM9574808	chr7	50	chr2	260	13.58908748626709	3.517332434654236	3.8634640707775287	observed
Cd36:Ppp1cb	A	GSM9574808	chr5	36	chr5	65	23.320161819458008	39.29311561584473	0.5934923065773456	observed
Cdk18:Spcs2	A	GSM9574808	chr1	264	chr7	198	35.0670051574707	17.708946228027344	1.9801858736219635	observed
Chchd3:1810058I24Rik	A	GSM9574808	chr6	65	chr6	70	564.8318481445312	327.35838317871094	1.7254235027064488	observed
Chd1:Ttc27	A	GSM9574808	chr17	31	chr17	150	162.56634521484375	129.45982360839844	1.2557281532113689	observed
Clcn7:Psmb9	A	GSM9574808	chr17	50	chr17	68	339.0074157714844	237.22013092041016	1.4290836720144333	observed
Cltc:Cfl1	A	GSM9574808	chr11	173	chr19	11	52.59733200073242	17.930330276489258	2.933427950833649	observed
Copb2:Gch1	A	GSM9574808	chr9	196	chr14	94	3.281942844390869	4.424828767776489	0.7417107003758862	observed
Cpq:Mdfic	A	GSM9574808	chr15	66	chr6	31	10.1908597946167	7.10189414024353	1.434949549144821	observed
Ctcf:Lamp1	A	GSM9574808	chr8	212	chr8	26	133.59898376464844	91.95378112792969	1.4528927698881715	observed
Cyb5a:2610001J05Rik	A	GSM9574808	chr18	169	chr6	27	5.757377624511719	5.153041124343872	1.1172776396665758	observed
Dcp1a:Nmd3	A	GSM9574808	chr14	60	chr3	139	3.590019941329956	2.561290979385376	1.4016447058238735	observed
Dcstamp:Degs1	A	GSM9574808	chr15	79	chr1	364	4.683348655700684	4.079416394233704	1.1480437893814037	observed
Dennd4c:Fbxl4	A	GSM9574808	chr4	173	chr4	44	137.98863220214844	94.95222854614258	1.4532426917720216	observed
Disp1:Mtarc2	A	GSM9574808	chr1	365	chr1	369	593.8616943359375	407.21339416503906	1.4583550120044724	observed
Dnajc5:Dpep2	A	GSM9574808	chr2	362	chr8	213				chromosome_edge
Dnase2a:Kdm3b	A	GSM9574808	chr8	171	chr18	69	19.927114486694336	5.7704079151153564	3.4533285652988317	observed
Dnmt3a:Ethe1	A	GSM9574808	chr12	7	chr7	48				unavailable_pixels
Dtx2:Fam53a	A	GSM9574808	chr5	272	chr5	67	220.9139404296875	146.13678741455078	1.511692875819242	observed
Eif3a:Dennd10	A	GSM9574808	chr19	121	chr19	121				cis_below_500kb_bin_distance
Emc3:Ndufa7	A	GSM9574808	chr6	227	chr17	68	19.60645294189453	11.363229751586914	1.7254295979676397	observed
Epb41l1:Dlgap4	A	GSM9574808	chr2	312	chr2	313	4483.7734375	482.9099884033203	9.28490514831764	observed
Eprs:Exo1	A	GSM9574808	chr1	370	chr1	351	441.77783203125	219.0667953491211	2.0166352975913124	observed
Exoc1:Npm1	A	GSM9574808	chr5	153	chr11	66	5.895538806915283	4.800706624984741	1.2280564649030228	observed
Fbxw11:Rtn4	A	GSM9574808	chr11	65	chr11	59	399.42498779296875	408.0064697265625	0.9789672895644402	observed
Foxo3:Copz1	A	GSM9574808	chr10	84	chr15	206				chromosome_edge
Fubp1:Pgd	A	GSM9574808	chr3	303	chr4	298	5.733414649963379	5.878582000732422	0.975305719857109	observed
Gab2:Mapk1	A	GSM9574808	chr7	193	chr16	33	7.507272243499756	4.1803178787231445	1.7958615735205312	observed
Gatm:Snx5	A	GSM9574808	chr2	244	chr2	288	157.08189392089844	88.75381469726562	1.769860759863631	observed
Gna11:4932438A13Rik	A	GSM9574808	chr10	162	chr3	74	10.435444831848145	3.7966922521591187	2.748562205934303	observed
Golga4:Bcl2a1b	A	GSM9574808	chr9	236	chr9	178	107.50770568847656	93.47388458251953	1.150136277834563	observed
Gpnmb:Arf2	A	GSM9574808	chr6	98	chr11	207	25.316646575927734	19.444523811340332	1.3019936523805584	observed
Gsdmd:Tmem106a	A	GSM9574808	chr15	151	chr11	202	31.429288864135742	13.988160610198975	2.246849299200939	observed
H2-Q7:Tmem179b	A	GSM9574808	chr17	71	chr19	17	16.75884246826172	29.601089477539062	0.5661562720851244	observed
Hmbox1:Emc4	A	GSM9574808	chr14	130	chr2	224	2.7550082206726074	2.2302908897399902	1.2352685622070534	observed
Hnrnpll:Galm	A	GSM9574808	chr17	160	chr17	160				cis_below_500kb_bin_distance
Hsd17b4:Wdr36	A	GSM9574808	chr18	100	chr18	65	162.48843383789062	138.88998413085938	1.1699074980438997	observed
Ifngr2:Parp14	A	GSM9574808	chr16	182	chr16	71	109.49878692626953	89.92010116577148	1.2177342497024544	observed
Il7r:Pygm	A	GSM9574808	chr15	19	chr19	12	7.384762287139893	13.259228229522705	0.5569526490762972	observed
Iqgap1:Dusp10	A	GSM9574808	chr7	160	chr1	367	8.821085929870605	3.4638566970825195	2.5466082177418845	observed
Itgav:AI182371	A	GSM9574808	chr2	167	chr2	69	78.1904067993164	33.607330322265625	2.326587861919918	observed
Itsn1:Gm34342	A	GSM9574808	chr16	183	chr1	368	13.06821060180664	6.15776801109314	2.122231720692372	observed
Kansl1:Lsm12	A	GSM9574808	chr11	208	chr11	204	690.9480590820312	475.89491271972656	1.4518920892288631	observed
Kat5:Capg	A	GSM9574808	chr19	11	chr6	145	12.660246849060059	3.2517786026000977	3.8933298961180878	observed
Knstrn:Ralgapa2	A	GSM9574808	chr2	237	chr2	292	92.40219116210938	86.07620620727539	1.0734928412109699	observed
Large1:Rpia	A	GSM9574808	chr8	147	chr6	141	3.086770534515381	3.6613270044326782	0.8430742544378866	observed
Ldlrad3:1700012C14Rik	A	GSM9574808	chr2	203	chr6	60	2.8467676639556885	2.584781765937805	1.1013570667629768	observed
Lncpint:Gt(ROSA)26Sor	A	GSM9574808	chr6	62	chr6	226	134.4897918701172	53.641496658325195	2.5071968578125845	observed
Lrp1:Mndal	A	GSM9574808	chr10	254	chr1	347	13.846092224121094	7.734427213668823	1.7901897375996125	observed
Map3k2:St14	A	GSM9574808	chr18	64	chr9	62	5.801785945892334	4.7478320598602295	1.221986345082124	observed
Mapkapk3:Rftn1	A	GSM9574808	chr9	214	chr17	100	6.408905982971191	4.733907699584961	1.3538299412836214	observed
Marchf8:Dcp1b	A	GSM9574808	chr6	232	chr6	238	256.98681640625	398.13731384277344	0.6454728242521259	observed
Med15:Eif4g1	A	GSM9574808	chr16	34	chr16	41	493.47119140625	286.3719940185547	1.7231824400198745	observed
Mertk:Laptm4a	A	GSM9574808	chr2	257	chr12	17	5.698322296142578	1.1115241050720215	5.126584542917631	observed
Mink1:Crat	A	GSM9574808	chr11	140	chr2	60	50.86041259765625	14.181535720825195	3.5863825751233085	observed
Mink1:Tmem65	A	GSM9574808	chr11	140	chr15	117	17.07160758972168	5.3420186042785645	3.195722226809277	observed
Mpdu1:Hk3	A	GSM9574808	chr11	139	chr13	110	40.42130661010742	7.500816822052002	5.388920642785321	observed
Ms4a7:Cog6	A	GSM9574808	chr19	22	chr3	105	12.818123817443848	7.687011957168579	1.6675040820627596	observed
Mtx1:1810009A15Rik	A	GSM9574808	chr3	178	chr19	17	11.234646797180176	12.771857738494873	0.8796407717037527	observed
Myo1b:Atp6v1h	A	GSM9574808	chr1	103	chr1	10				unavailable_pixels
Myo1g:Jmjd1c	A	GSM9574808	chr11	12	chr10	134	6.204339027404785	3.189452290534973	1.9452678586278898	observed
Nav1:Cd84	A	GSM9574808	chr1	271	chr1	343	149.81488037109375	94.63707733154297	1.5830463555657563	observed
Nckap1l:Fuca1	A	GSM9574808	chr15	206	chr4	271				chromosome_edge
Nedd4l:Lman1	A	GSM9574808	chr18	130	chr18	132	1205.34521484375	442.42710876464844	2.7243927665493484	observed
Nfat5:Arhgap10	A	GSM9574808	chr8	216	chr8	156	131.61697387695312	116.12466812133789	1.1334109798223702	observed
Nod1:Lyn	A	GSM9574808	chr6	109	chr4	7				unavailable_pixels
Npc1:Slx4	A	GSM9574808	chr18	24	chr16	7				unavailable_pixels
Npepps:Mocs2	A	GSM9574808	chr11	194	chr13	229	1.9758522510528564	6.463282108306885	0.30570416360341246	observed
Nudt3:Anks1	A	GSM9574808	chr17	55	chr17	56	4874.64697265625	828.4071655273438	5.884361187959026	observed
Ogdh:Rabep1	A	GSM9574808	chr11	12	chr11	141	170.3368377685547	98.43739700317383	1.73040778153716	observed
Osbpl8:Spty2d1	A	GSM9574808	chr10	222	chr7	93	3.8376615047454834	2.032010495662689	1.8886031902576008	observed
Osbpl9:Acot7	A	GSM9574808	chr4	217	chr4	304	90.81940460205078	133.3164520263672	0.6812317851369808	observed
Pacc1:Atf3	A	GSM9574808	chr1	382	chr1	381	5647.8017578125	816.9589538574219	6.91320136849638	observed
Parp11:Lyn	A	GSM9574808	chr6	254	chr4	7				unavailable_pixels
Pdap1:Atp5j2	A	GSM9574808	chr5	290	chr5	290				cis_below_500kb_bin_distance
Pgap2:Tnip3	A	GSM9574808	chr7	203	chr6	131	5.292204856872559	2.4889718294143677	2.126261452351498	observed
Pigt:Cd63	A	GSM9574808	chr2	328	chr10	257				chromosome_edge
Pik3ap1:Prdx1	A	GSM9574808	chr19	82	chr4	233	17.922595977783203	4.62246561050415	3.877280544187428	observed
Pkp4:Hacd1	A	GSM9574808	chr2	117	chr2	28	125.20049285888672	110.16936111450195	1.1364365881069467	observed
Plekhm2:Map4	A	GSM9574808	chr4	282	chr9	219	12.646644592285156	5.17250394821167	2.444975338618655	observed
Pmm2:Morf4l1	A	GSM9574808	chr16	16	chr9	179	5.003108978271484	4.983981132507324	1.003837864802377	observed
Por:Ctsl	A	GSM9574808	chr5	271	chr13	129	4.179504871368408	2.618091106414795	1.5963939761790062	observed
Ppard:Mapk14	A	GSM9574808	chr17	56	chr17	57	5799.7734375	816.7631225585938	7.100924707927089	observed
Ppp2r5c:Ddx24	A	GSM9574808	chr12	221	chr12	206	261.0841064453125	305.8896789550781	0.8535237518872103	observed
Prpf39:Mrps9	A	GSM9574808	chr12	130	chr1	85	3.45609974861145	2.5649737119674683	1.3474211187764735	observed
Psmc2:Pmpcb	A	GSM9574808	chr5	44	chr5	43	865.1638793945312	348.8774108886719	2.479850664996503	observed
Ptpn6:Ptms	A	GSM9574808	chr6	249	chr6	249				cis_below_500kb_bin_distance
Ptprj:Tlcd2	A	GSM9574808	chr2	180	chr11	150	4.227778434753418	3.4107449054718018	1.239546947052787	observed
Rab31:Ppp4r1	A	GSM9574808	chr17	132	chr17	132				cis_below_500kb_bin_distance
Rac1:Reep5	A	GSM9574808	chr5	287	chr18	68	6.057431697845459	5.385491609573364	1.124768570259703	observed
Rasa3:Rab20	A	GSM9574808	chr8	27	chr8	23	751.1756591796875	543.0845947265625	1.383165102589398	observed
Rbks:Babam2	A	GSM9574808	chr5	63	chr5	64	6939.57275390625	911.5532836914062	7.612909610509995	observed
Rcbtb2:Itm2b	A	GSM9574808	chr14	146	chr14	147	4365.17333984375	471.12376403808594	9.265449279036721	observed
Ric1:Ppcdc	A	GSM9574808	chr19	59	chr9	114	19.74697494506836	8.257428169250488	2.391419524374834	observed
Rnf130:Abhd12	A	GSM9574808	chr11	99	chr2	301	4.493332862854004	2.961895227432251	1.517046525224121	observed
Rnf130:Plcl2	A	GSM9574808	chr11	99	chr17	101	6.4392828941345215	4.722365140914917	1.3635715794918322	observed
Rtf1:Rmdn3	A	GSM9574808	chr2	239	chr2	237	1309.82763671875	500.225830078125	2.6184726136876653	observed
Runx1:Mrps6	A	GSM9574808	chr16	185	chr16	183	2198.492919921875	675.8045654296875	3.2531489610817257	observed
Sec22b:Rap1a	A	GSM9574808	chr3	195	chr3	211	247.59144592285156	183.1112823486328	1.3521364863332257	observed
Septin7:Tmem120a	A	GSM9574808	chr9	50	chr5	271	4.553018093109131	2.254857063293457	2.0192047501489814	observed
Sf3b1:Gpnmb	A	GSM9574808	chr1	110	chr6	98	9.470194816589355	5.321264982223511	1.7796886357334152	observed
Sh3gl1:Nnt	A	GSM9574808	chr17	112	chr13	238				chromosome_edge
Sh3pxd2b:Rab2a	A	GSM9574808	chr11	64	chr4	17	7.945119857788086	10.139456272125244	0.7835844097114271	observed
Sh3tc1:C1qb	A	GSM9574808	chr5	71	chr4	273	21.112844467163086	16.803528785705566	1.2564530186732783	observed
Slc23a2:Ppp1r1c	A	GSM9574808	chr2	263	chr2	159	72.90546417236328	44.773353576660156	1.6283226148681451	observed
Slc25a13:Sem1	A	GSM9574808	chr6	12	chr6	13	2655.5224609375	901.5006103515625	2.945669066049676	observed
Smad4:Dym	A	GSM9574808	chr18	147	chr18	150	743.4002075195312	672.3877563476562	1.1056123501677182	observed
Snd1:Lmf1	A	GSM9574808	chr6	56	chr17	51	9.064693450927734	8.592722415924072	1.054926833680674	observed
Snrnp200:Kansl2	A	GSM9574808	chr2	254	chr15	196	17.04045295715332	8.729150295257568	1.952131923586099	observed
Soat1:Topbp1	A	GSM9574808	chr1	312	chr9	206	5.033570766448975	4.494885683059692	1.119844000798391	observed
Sppl2a:Psma3	A	GSM9574808	chr2	253	chr12	142	10.061844825744629	7.040729522705078	1.4290912317107198	observed
Srpk1:Esd	A	GSM9574808	chr17	57	chr14	149	24.11886215209961	22.16138458251953	1.0883283064869556	observed
Ssh1:Ifi204	A	GSM9574808	chr5	228	chr1	347	6.49267578125	2.763568639755249	2.34938104588747	observed
Stau2:Eloc	A	GSM9574808	chr1	33	chr1	33				cis_below_500kb_bin_distance
Stxbp3:Asb6	A	GSM9574808	chr3	217	chr2	61	32.91522216796875	4.791125059127808	6.870040285268769	observed
Tanc2:Rnaset2b	A	GSM9574808	chr11	210	chr17	14	11.560745239257812	8.142452001571655	1.4198112849822582	observed
Tbc1d23:Xdh	A	GSM9574808	chr16	114	chr17	148	7.785168170928955	5.159359693527222	1.5089407665637258	observed
Tbxas1:Bpgm	A	GSM9574808	chr6	77	chr6	68	315.3241882324219	276.7442321777344	1.139406540657043	observed
Tgm2:1110038F14Rik	A	GSM9574808	chr2	315	chr15	153	12.1185884475708	4.943291425704956	2.4515221547640365	observed
Tm9sf2:Mad1l1	A	GSM9574808	chr14	244	chr5	280	7.329042911529541	4.532351493835449	1.6170508667516041	observed
Tmcc3:Tnip3	A	GSM9574808	chr10	188	chr6	131	3.077611207962036	2.746759295463562	1.1204517312619624	observed
Tmem134:H2-Q4	A	GSM9574808	chr19	8	chr17	71				unavailable_pixels
Tmem67:Chaserr	A	GSM9574808	chr4	24	chr7	146	3.7648379802703857	4.228522300720215	0.8903436502224777	observed
Tnfrsf1b:Prxl2b	A	GSM9574808	chr4	289	chr4	309				chromosome_edge
Tomm70a:Ltn1	A	GSM9574808	chr16	113	chr16	174	160.62579345703125	142.04059600830078	1.1308442654496067	observed
Trappc10:Lyz2	A	GSM9574808	chr10	156	chr10	234	196.1479034423828	102.16058349609375	1.9199959194622533	observed
Trim25:Atox1	A	GSM9574808	chr11	177	chr11	110	149.86090087890625	126.72105026245117	1.1826046309475047	observed
Trim30c:Gm15133	A	GSM9574808	chr7	208	chr7	207	3829.397705078125	373.4808654785156	10.253263444090445	observed
Tspan31:Nup88	A	GSM9574808	chr10	253	chr11	141	6.511506080627441	3.0336644649505615	2.146416044311465	observed
Txlng:Sms	A	GSM9574808	chrX	323	chrX	312	73.85040283203125	92.34589767456055	0.7997150354452135	observed
Ube2g1:Skap2	A	GSM9574808	chr11	145	chr6	103	7.12568473815918	9.163180351257324	0.7776431833715278	observed
Ubxn2b:Nsmaf	A	GSM9574808	chr4	12	chr4	12				cis_below_500kb_bin_distance
Ufsp2:Oas1g	A	GSM9574808	chr8	92	chr5	242	4.651631832122803	1.9531819820404053	2.3815660163234984	observed
Uty:Csnk1g3	A	GSM9574808	chrY	2	chr18	108				chromosome_edge
Uxt:Pi4k2a	A	GSM9574808	chrX	41	chr19	84	3.683566093444824	1.8564258813858032	1.9842247031672922	observed
Vezt:Tmem19	A	GSM9574808	chr10	187	chr10	230	42.9871711730957	93.19184112548828	0.46127612303754095	observed
Vps13d:Cmpk1	A	GSM9574808	chr4	289	chr4	229	263.49041748046875	143.39210510253906	1.8375517765922182	observed
Vsir:Dctn6	A	GSM9574808	chr10	120	chr8	69	11.26427173614502	3.8219552040100098	2.9472537313693534	observed
Wasl:Chchd3	A	GSM9574808	chr6	49	chr6	65	179.50750732421875	92.337158203125	1.9440440968448995	observed
Wdr41:Tbca	A	GSM9574808	chr13	190	chr13	189	3219.992431640625	552.5370941162109	5.82764933961771	observed
Wdyhv1:Prdx1	A	GSM9574808	chr15	116	chr4	233	12.000513076782227	2.6309516429901123	4.561282267865433	observed
Wwox:Maf	A	GSM9574808	chr8	230	chr8	232	3238.41259765625	693.4187622070312	4.670211961598712	observed
Ypel2:Capg	A	GSM9574808	chr11	173	chr6	145	10.991663932800293	2.4323960542678833	4.518862754079178	observed
Zbtb17:Dhrs3	A	GSM9574808	chr4	282	chr4	289	148.6648406982422	331.74241638183594	0.44813335092829604	observed
Zcchc8:Sars	A	GSM9574808	chr5	247	chr3	216	39.33310317993164	4.401355504989624	8.93658854308438	observed
Zfp266:Ly6a	A	GSM9574808	chr9	40	chr15	149	5.010338306427002	4.981648206710815	1.0057591581191017	observed
Zfp386:Gm20658	A	GSM9574808	chr12	232	chr12	232				cis_below_500kb_bin_distance
Zfp704:Mrps28	A	GSM9574808	chr3	19	chr3	17	1424.5799560546875	698.1259155273438	2.040577386356732	observed
Zkscan17:Sp3os	A	GSM9574808	chr11	118	chr2	145	8.080279350280762	3.379881501197815	2.3906990074702756	observed
4833420G17Rik:Zfp951	A	GSM9574808	chr13	239	chr5	209				chromosome_edge
Abca1:Pgm1	A	GSM9574808	chr4	106	chr4	199	51.51845932006836	56.10181427001953	0.9183029103498977	observed
Abca3:Nek2	A	GSM9574808	chr17	49	chr1	383	4.705284118652344	2.956276297569275	1.5916252897339627	observed
Abcc5:Clic5	A	GSM9574808	chr16	40	chr17	89	8.157709121704102	8.843553066253662	0.9224470142926275	observed
Abl2:Soat1	A	GSM9574808	chr1	312	chr1	312				cis_below_500kb_bin_distance
Acbd5:Eif6	A	GSM9574808	chr2	45	chr2	311	14.540950775146484	21.930953979492188	0.6630332081652192	observed
Acp2:Renbp	A	GSM9574808	chr2	182	chrX	145	13.232880592346191	1.053574562072754	12.559984901602439	observed
Actr2:Nf1	A	GSM9574808	chr11	40	chr11	158	87.77654266357422	45.2801570892334	1.9385211603968906	observed
Adam10:Mta3	A	GSM9574808	chr9	141	chr17	168	10.122127532958984	6.018440008163452	1.68185236028427	observed
Adgre1:Pals2	A	GSM9574808	chr17	115	chr6	100	10.88389778137207	3.055286407470703	3.56231669631988	observed
Aff4:Cdc42se2	A	GSM9574808	chr11	106	chr11	109	892.5197143554688	404.3229217529297	2.207442779860159	observed
Ankfy1:Ube2g1	A	GSM9574808	chr11	145	chr11	145				cis_below_500kb_bin_distance
Aoah:Blcap	A	GSM9574808	chr13	42	chr2	314	5.662154197692871	2.3401896953582764	2.419527873711969	observed
Aopep:Akr1e1	A	GSM9574808	chr13	126	chr13	9				unavailable_pixels
Ap5z1:Blvrb	A	GSM9574808	chr5	284	chr7	54	4.575415134429932	9.11165189743042	0.502149904971704	observed
App:Opa1	A	GSM9574808	chr16	169	chr16	58	140.81130981445312	90.59334182739258	1.5543229444249975	observed
Arhgap10:Mrps28	A	GSM9574808	chr8	156	chr3	17	2.967700481414795	4.417648077011108	0.6717829102001899	observed
Arid5b:Nampt	A	GSM9574808	chr10	136	chr12	65	7.054544448852539	3.2308093309402466	2.183522370476592	observed
Arrb1:C2cd3	A	GSM9574808	chr7	198	chr7	200	1747.1749267578125	702.8559875488281	2.4858220712481796	observed
Ash2l:Hgsnat	A	GSM9574808	chr8	52	chr8	52				cis_below_500kb_bin_distance
Asph:Rab2a	A	GSM9574808	chr4	19	chr4	17	2117.327392578125	670.1511535644531	3.159477352708141	observed
Atp2b1:Hnrnpdl	A	GSM9574808	chr10	197	chr5	200	7.365130424499512	4.765875577926636	1.5453887337326724	observed
Atp2b1:Spata6	A	GSM9574808	chr10	197	chr4	223	3.1190598011016846	2.8625038862228394	1.0896263988019868	observed
Atp8a1:Tmem33	A	GSM9574808	chr5	135	chr5	134	3030.7509765625	490.61329650878906	6.177474190221434	observed
B4galt5:Zfas1	A	GSM9574808	chr2	334	chr2	333	6261.734375	383.14605712890625	16.342943528956354	observed
Bbx:Ntan1	A	GSM9574808	chr16	100	chr16	27	164.49249267578125	114.35200500488281	1.438474932457524	observed
Bin1:Ndufs8	A	GSM9574808	chr18	65	chr19	7				unavailable_pixels
Birc6:Samhd1	A	GSM9574808	chr17	149	chr2	313	8.307024955749512	3.3701025247573853	2.464917578834649	observed
Btaf1:Atp8b4	A	GSM9574808	chr19	73	chr2	252	8.04765796661377	3.8758374452590942	2.0763662254353896	observed
Btrc:Fbxw4	A	GSM9574808	chr19	90	chr19	91	5172.5693359375	581.8082885742188	8.890504720400967	observed
Car5b:Gm20658	A	GSM9574808	chrX	325	chr12	232	3.691157341003418	5.2074971199035645	0.7088160119946015	observed
Cd274:Lacc1	A	GSM9574808	chr19	58	chr14	154	12.729307174682617	6.739635467529297	1.8887233940189783	observed
Cd86:Atp5c1	A	GSM9574808	chr16	72	chr2	20	7.0495710372924805	5.882297992706299	1.1984382712391537	observed
Cisd2:Ddrgk1	A	GSM9574808	chr3	270	chr2	260	5.0349602699279785	5.618431806564331	0.8961504639151	observed
Clic5:Tnip3	A	GSM9574808	chr17	88	chr6	131	4.765953540802002	2.8531975746154785	1.670390295857553	observed
Cog6:Dhx36	A	GSM9574808	chr3	105	chr3	124	117.42692565917969	158.31092071533203	0.74174873804399	observed
Coro1b:Pitpnm1	A	GSM9574808	chr19	8	chr19	8				cis_below_500kb_bin_distance
Csf2rb2:Ncf4	A	GSM9574808	chr15	156	chr15	156				cis_below_500kb_bin_distance
Cux1:Cmtm7	A	GSM9574808	chr5	273	chr9	229	7.181163787841797	3.993498921394348	1.798213528835626	observed
Cyrib:Pvt1	A	GSM9574808	chr15	127	chr15	124	2328.68310546875	741.6888427734375	3.139703567281636	observed
Dennd1a:Zglp1	A	GSM9574808	chr2	76	chr9	41	9.812093734741211	5.716437816619873	1.716469950257081	observed
Dhrs3:Tusc3	A	GSM9574808	chr4	289	chr8	79	4.716750144958496	2.9263919591903687	1.6117971244916411	observed
Dnajc5:Tpd52l2	A	GSM9574808	chr2	362	chr2	362				cis_below_500kb_bin_distance
Dram1:Krtcap2	A	GSM9574808	chr10	176	chr3	178	8.667141914367676	3.034235954284668	2.8564495460970125	observed
Ehd1:B2m	A	GSM9574808	chr19	12	chr2	243	17.732622146606445	5.345064640045166	3.317569260763253	observed
Eif4g2:Nono	A	GSM9574808	chr7	221	chrX	200	2.9005801677703857	2.10063898563385	1.3808085004645194	observed
Emilin2:Memo1	A	GSM9574808	chr17	143	chr17	149	576.9860229492188	460.5335693359375	1.2528642022365468	observed
Evl:H2-Oa	A	GSM9574808	chr12	217	chr17	68	5.255395889282227	4.775664567947388	1.1004533116824473	observed
Exoc6b:Chchd3	A	GSM9574808	chr6	170	chr6	65	108.0655517578125	119.45283889770508	0.9046712724036285	observed
Fkbp8:Pirb	A	GSM9574808	chr8	141	chr7	7				unavailable_pixels
Frrs1:Blnk	A	GSM9574808	chr3	233	chr19	81	5.1863884925842285	2.869570732116699	1.8073743346129547	observed
G3bp1:Skp1	A	GSM9574808	chr11	110	chr11	104	454.6885681152344	268.84266662597656	1.6912812754822626	observed
Gask1b:Sh3glb1	A	GSM9574808	chr3	159	chr3	288	72.67583465576172	52.333885192871094	1.3886955724369112	observed
Gle1:Stk38	A	GSM9574808	chr2	59	chr17	58	73.9427719116211	70.15629959106445	1.0539719503826126	observed
Gltp:Ankrd13a	A	GSM9574808	chr5	229	chr5	229				cis_below_500kb_bin_distance
Gng12:Ipo8	A	GSM9574808	chr6	133	chr6	297				chromosome_edge
Gpatch8:Trp53	A	GSM9574808	chr11	204	chr11	138	201.29502868652344	112.49396514892578	1.7893851320827554	observed
Gramd1a:Xdh	A	GSM9574808	chr7	61	chr17	148	8.30634880065918	3.1752729415893555	2.6159479683977995	observed
Gusb:Degs1	A	GSM9574808	chr5	260	chr1	364	6.045910358428955	2.563425898551941	2.3585274541558787	observed
Hexa:Clk3	A	GSM9574808	chr9	118	chr9	115	971.33447265625	620.7651672363281	1.5647373981705042	observed
Hnrnph3:Ddx50	A	GSM9574808	chr10	125	chr10	124	3667.964111328125	393.4482116699219	9.322609691781532	observed
Ifnar1:Necap2	A	GSM9574808	chr16	182	chr4	281	15.53952407836914	5.3173744678497314	2.92240544131794	observed
Igf2r:Oas2	A	GSM9574808	chr17	25	chr5	241	3.7282626628875732	3.498493194580078	1.065676694373297	observed
Inppl1:Il18bp	A	GSM9574808	chr7	202	chr7	203	5017.4697265625	415.06031799316406	12.088531495427459	observed
Irgm1:Ifi47	A	GSM9574808	chr11	97	chr11	97				cis_below_500kb_bin_distance
Itpr1:Ccdc91	A	GSM9574808	chr6	216	chr6	294				unavailable_pixels
Jdp2:Rnaset2b	A	GSM9574808	chr12	171	chr17	14	21.370559692382812	7.734294652938843	2.7630909670945267	observed
Kansl1:Rilpl2	A	GSM9574808	chr11	208	chr5	249	15.53985595703125	9.818731546401978	1.5826744914648112	observed
Khsrp:Prmt1	A	GSM9574808	chr17	114	chr7	89	41.88184356689453	3.8378950357437134	10.91271209265331	observed
Kif16b:Taf4	A	GSM9574808	chr2	285	chr2	359				chromosome_edge
Kmt2e:Dmxl1	A	GSM9574808	chr5	47	chr18	99	4.308975696563721	2.968442678451538	1.4515947125552917	observed
Lamb3:Mul1	A	GSM9574808	chr1	385	chr4	276	5.220321178436279	3.1478129625320435	1.6583962390945706	observed
Lcp1:Itm2b	A	GSM9574808	chr14	150	chr14	147	1171.6494140625	388.44322204589844	3.016269425146664	observed
Lmf1:Srsf5	A	GSM9574808	chr17	51	chr12	161	20.926809310913086	8.048927068710327	2.599950171279931	observed
Lpxn:Sem1	A	GSM9574808	chr19	25	chr6	13	18.18712043762207	8.325586795806885	2.18448511602592	observed
Macf1:Capzb	A	GSM9574808	chr4	246	chr4	277	227.62648010253906	133.34060668945312	1.7071054778734833	observed
Malt1:Capg	A	GSM9574808	chr18	131	chr6	145	4.143825531005859	3.7880218029022217	1.0939286378528856	observed
Map2k1:Hif1a	A	GSM9574808	chr9	128	chr12	147	9.019070625305176	8.53633975982666	1.0565500998156518	observed
Map3k1:Gm47283	A	GSM9574808	chr13	223	chrY	181				chromosome_edge
Mapkapk2:Arhgef2	A	GSM9574808	chr1	262	chr3	177	48.11091995239258	3.9151296615600586	12.288461458827358	observed
Marchf7:Mrpl15	A	GSM9574808	chr2	120	chr1	9				unavailable_pixels
Mcub:Amy1	A	GSM9574808	chr3	259	chr3	226	113.25242614746094	109.27800369262695	1.0363698303458497	observed
Mef2a:Ftx	A	GSM9574808	chr7	134	chrX	205	1.482873558998108	1.4442610144615173	1.0267351566994882	observed
Mef2d:Blvrb	A	GSM9574808	chr3	176	chr7	54	15.80191707611084	5.89426326751709	2.6808977405529544	observed
Mertk:Aopep	A	GSM9574808	chr2	257	chr13	126	4.828564643859863	2.2186810970306396	2.176322072749503	observed
Mia3:St6galnac4	A	GSM9574808	chr1	366	chr2	64	9.850987434387207	13.942339897155762	0.7065519494612815	observed
Mob1b:Ndufa10	A	GSM9574808	chr5	177	chr1	184	3.7336926460266113	3.3036816120147705	1.130161160944803	observed
Ms4a6b:Nudt19	A	GSM9574808	chr19	23	chr7	70	3.817962169647217	5.683018445968628	0.6718194223627008	observed
Mtpn:Rab9	A	GSM9574808	chr6	71	chrX	330	1.6876885890960693	1.7735090255737305	0.9516098112610968	observed
Mx1:Wars	A	GSM9574808	chr16	194	chr12	217				chromosome_edge
Myo1e:Nbdy	A	GSM9574808	chr9	140	chrX	305	0.7290646433830261	1.6704201102256775	0.4364558585711279	observed
Napg:Garem1	A	GSM9574808	chr18	126	chr18	42	172.21243286132812	33.378732681274414	5.1593460574355445	observed
Nceh1:Siah2	A	GSM9574808	chr3	54	chr3	117	106.57465362548828	94.74374389648438	1.1248727276592552	observed
Ndor1:Cyhr1	A	GSM9574808	chr2	50	chr15	153	31.49997901916504	14.994536399841309	2.1007637835003963	observed
Nek7:Ube2d3	A	GSM9574808	chr1	277	chr3	270	6.483041763305664	5.6742517948150635	1.1425368485109606	observed
Notch2:Rnf115	A	GSM9574808	chr3	195	chr3	193	1378.1702880859375	286.864013671875	4.8042634223975424	observed
Npc1:Ttc39c	A	GSM9574808	chr18	24	chr18	25	5753.8671875	883.5244750976562	6.512402711723434	observed
Nsd1:Tipin	A	GSM9574808	chr13	110	chr9	128	31.871780395507812	7.611808776855469	4.187149379319331	observed
Oas3:Trim34a	A	GSM9574808	chr5	241	chr7	207	4.811032772064209	4.298960208892822	1.1191154461286044	observed
Osbpl8:Cpne2	A	GSM9574808	chr10	222	chr8	190	5.79571008682251	3.564335584640503	1.626028175292328	observed
Osbpl8:Znhit6	A	GSM9574808	chr10	222	chr3	290	4.506295680999756	4.282354116439819	1.0522940323174659	observed
Oxr1:Wdr70	A	GSM9574808	chr15	82	chr15	15	116.71980285644531	111.34127044677734	1.0483067274882496	observed
P2rx4:2900089D17Rik	A	GSM9574808	chr5	245	chr5	288	81.6492691040039	99.19977188110352	0.8230792022572908	observed
Pag1:Ranbp9	A	GSM9574808	chr3	19	chr13	87	8.574374198913574	2.3554868698120117	3.6401706622961916	observed
Papola:Gdap2	A	GSM9574808	chr12	211	chr3	200	1.9239155054092407	2.9311957359313965	0.6563585917601339	observed
Pcca:Lgals3	A	GSM9574808	chr14	245	chr14	95	74.12506866455078	75.22712326049805	0.9853503025480445	observed
Pea15a:Mtmr14	A	GSM9574808	chr1	344	chr6	226	8.526006698608398	3.061568021774292	2.7848496711391904	observed
Piezo1:Isca2	A	GSM9574808	chr8	246	chr12	169	38.36936569213867	16.046323776245117	2.3911623763282437	observed
Pigu:Dynlrb1	A	GSM9574808	chr2	310	chr2	310				cis_below_500kb_bin_distance
Pik3r5:Spop	A	GSM9574808	chr11	136	chr11	190	192.57191467285156	99.85441207885742	1.9285268488764713	observed
Pip4p2:Slc44a1	A	GSM9574808	chr4	29	chr4	107	58.177154541015625	83.28574752807617	0.6985247328350355	observed
Plekhm2:4930455G09Rik	A	GSM9574808	chr4	282	chr4	283	3432.626953125	567.2068481445312	6.051808020925595	observed
Plxna1:Rpap1	A	GSM9574808	chr6	178	chr2	239	6.974043846130371	6.87620210647583	1.0142290377943366	observed
Polrmt:Ppp2r2a	A	GSM9574808	chr10	159	chr14	134	5.260248184204102	5.376194953918457	0.9784333026037593	observed
Ppm1b:Gbp5	A	GSM9574808	chr17	170	chr3	284	7.663492202758789	5.889031887054443	1.3013161330651055	observed
Prkn:Tnfrsf21	A	GSM9574808	chr17	22	chr17	86	122.98944091796875	156.2573471069336	0.7870954114804074	observed
Psap:Tspan3	A	GSM9574808	chr10	120	chr9	112	17.286657333374023	8.533141136169434	2.025825784141909	observed
Pstpip1:Lix1l	A	GSM9574808	chr9	111	chr3	193	16.24000358581543	5.417162179946899	2.997880263938234	observed
Ptprj:1110051M20Rik	A	GSM9574808	chr2	180	chr2	182	555.2964477539062	252.25957489013672	2.201289873717369	observed
Rab11a:Cul1	A	GSM9574808	chr9	129	chr6	95	14.92198657989502	7.409355640411377	2.0139384993897433	observed
Rab8b:Ythdf3	A	GSM9574808	chr9	133	chr3	32	7.710850238800049	3.4991263151168823	2.203650152750339	observed
Rasa1:Ahnak	A	GSM9574808	chr13	170	chr19	18	3.8158373832702637	3.7089496850967407	1.0288188590433076	observed
Rb1:Itm2b	A	GSM9574808	chr14	146	chr14	147	4365.17333984375	471.12376403808594	9.265449279036721	observed
Rhbdd1:Mrps9	A	GSM9574808	chr1	164	chr1	85	159.30972290039062	122.94157028198242	1.2958165617617632	observed
Rsu1:Mllt10	A	GSM9574808	chr2	26	chr2	36	290.00201416015625	354.70359802246094	0.8175897165322592	observed
Rufy3:Grsf1	A	GSM9574808	chr5	177	chr5	177				cis_below_500kb_bin_distance
Sbds:Guf1	A	GSM9574808	chr5	260	chr5	139	52.2337760925293	82.15635681152344	0.6357849607713236	observed
Sema4d:Aldoa	A	GSM9574808	chr13	103	chr7	252	10.742633819580078	3.745506763458252	2.8681389456793642	observed
Sf3b1:Fpr2	A	GSM9574808	chr1	110	chr17	36	5.641394138336182	4.357377052307129	1.29467660719175	observed
Sh3bp5:Dnajc15	A	GSM9574808	chr14	62	chr14	156	141.84434509277344	109.16338729858398	1.2993765455884985	observed
Slc16a10:Rpf2	A	GSM9574808	chr10	80	chr10	80				cis_below_500kb_bin_distance
Slc17a5:Ifi204	A	GSM9574808	chr9	156	chr1	347	9.436397552490234	4.2693071365356445	2.2102878173687586	observed
Slc25a39:Nup88	A	GSM9574808	chr11	204	chr11	141	136.8647003173828	124.1874008178711	1.102082010059167	observed
Slc9a7:Amn1	A	GSM9574808	chrX	40	chr6	298				chromosome_edge
Smad3:Pnrc1	A	GSM9574808	chr9	127	chr4	66	4.804895877838135	2.7200628519058228	1.7664650191709965	observed
Snapc3:N4bp2l2	A	GSM9574808	chr4	166	chr5	301				chromosome_edge
Snx5:Ctsc	A	GSM9574808	chr2	288	chr7	175	5.992816925048828	3.869205117225647	1.5488496328015517	observed
Sorl1:Mthfs	A	GSM9574808	chr9	83	chr9	178	81.67442321777344	75.32241821289062	1.0843308692895328	observed
Ssh1:Acadm	A	GSM9574808	chr5	228	chr3	307	2.4920883178710938	2.377609372138977	1.0481487611352776	observed
St3gal1:Rab5c	A	GSM9574808	chr15	134	chr11	201	14.446246147155762	3.3759286403656006	4.279191797606032	observed
St8sia4:Fam174a	A	GSM9574808	chr1	191	chr1	190	5447.94287109375	511.03016662597656	10.660706993215733	observed
Strn:Fez2	A	GSM9574808	chr17	158	chr17	157	1696.9224853515625	302.62635803222656	5.607318861402211	observed
Sympk:Tyrobp	A	GSM9574808	chr7	37	chr7	60	373.7771301269531	173.54248046875	2.1538076966363264	observed
Tbc1d23:Sirt5	A	GSM9574808	chr16	114	chr13	87	2.659299612045288	2.998482584953308	0.8868817932743466	observed
Tbk1:Erp27	A	GSM9574808	chr10	242	chr6	273	9.511669158935547	6.428088903427124	1.479704046075719	observed
Tcirg1:Sart1	A	GSM9574808	chr19	7	chr19	10				unavailable_pixels
Tec:Clec4a1	A	GSM9574808	chr5	145	chr6	245	6.835052490234375	2.5932427644729614	2.6357164025958437	observed
Tep1:Slc4a2	A	GSM9574808	chr14	102	chr5	49	4.561161518096924	3.951364278793335	1.15432574581299	observed
Tiam1:Hcls1	A	GSM9574808	chr16	179	chr16	73	114.87112426757812	89.60762023925781	1.2819347725211898	observed
Tmbim6:Rmc1	A	GSM9574808	chr15	198	chr18	24	9.366397857666016	6.165919303894043	1.519059429102605	observed
Tmem134:Gpnmb	A	GSM9574808	chr19	8	chr6	98				unavailable_pixels
Tmem38b:Uty	A	GSM9574808	chr4	107	chrY	2				chromosome_edge
Tmx1:2700049A03Rik	A	GSM9574808	chr12	141	chr12	142	2833.09130859375	451.8464660644531	6.270030909547109	observed
Tnfrsf1b:Dhrs3	A	GSM9574808	chr4	289	chr4	289				cis_below_500kb_bin_distance
Tns3:Rab33b	A	GSM9574808	chr11	17	chr3	102	9.577455520629883	4.964641571044922	1.9291333288767691	observed
Tpm3:Ubr5	A	GSM9574808	chr3	179	chr15	75	6.010353088378906	3.281169056892395	1.8317718423418663	observed
Trim14:Uqcrh	A	GSM9574808	chr4	93	chr4	231	89.48356628417969	70.32402038574219	1.2724466802856738	observed
Trim25:Il27	A	GSM9574808	chr11	177	chr7	252	7.007271766662598	3.4931780099868774	2.005987598292742	observed
Trmt1:Ing1	A	GSM9574808	chr8	170	chr8	23	110.21080780029297	91.04534530639648	1.2105045835061488	observed
Twf2:Tap1	A	GSM9574808	chr9	212	chr17	68	11.888547897338867	9.449626445770264	1.2580971285547786	observed
Tyrobp:B2m	A	GSM9574808	chr7	60	chr2	243	9.094922065734863	3.0043106079101562	3.0272908672587047	observed
Ubap2:Dcaf12	A	GSM9574808	chr4	82	chr4	82				cis_below_500kb_bin_distance
Ubl3:Laptm4a	A	GSM9574808	chr5	296	chr12	17	4.65861701965332	3.6355772018432617	1.2813968074426725	observed
Uhrf1bp1l:1810058I24Rik	A	GSM9574808	chr10	179	chr6	70	3.76745343208313	3.5323292016983032	1.0665635100691582	observed
Uvrag:Gm47754	A	GSM9574808	chr7	197	chr13	75	14.921354293823242	5.702847003936768	2.616474593044981	observed
Vegfb:Ppp1ca	A	GSM9574808	chr19	13	chr19	8				unavailable_pixels
Vps13b:Cpq	A	GSM9574808	chr15	70	chr15	67	802.9207153320312	530.4690551757812	1.513605190534569	observed
Vps8:2510009E07Rik	A	GSM9574808	chr16	42	chr16	42				cis_below_500kb_bin_distance
Vti1a:Trir	A	GSM9574808	chr19	110	chr8	171	6.067627429962158	6.331422567367554	0.9583355660440344	observed
Vti1b:Lyz2	A	GSM9574808	chr12	158	chr10	234	9.646356582641602	5.713209390640259	1.688430429041315	observed
Wdr91:Ier3ip1	A	GSM9574808	chr6	69	chr18	154	4.818653106689453	5.050579786300659	0.9540791969586757	observed
Wtap:Tcp1	A	GSM9574808	chr17	26	chr17	26				cis_below_500kb_bin_distance
Ykt6:Map3k20	A	GSM9574808	chr11	11	chr2	144	12.783699989318848	5.447084426879883	2.346888534760864	observed
Zc3h7a:Ppp4r1	A	GSM9574808	chr16	21	chr17	132	3.740939140319824	6.018866062164307	0.6215355353786741	observed
Zeb2:Tpst2	A	GSM9574808	chr2	90	chr5	224	3.2604167461395264	1.9827226996421814	1.6444138894097133	observed
Zfyve27:Prpf4b	A	GSM9574808	chr19	84	chr13	70	11.489325523376465	9.290475845336914	1.2366778316466105	observed
Acod1:Gm34643	A	GSM9574808	chr14	206	chr14	206				cis_below_500kb_bin_distance
Clcc1:Sars	A	GSM9574808	chr3	217	chr3	216	4518.88671875	398.16064453125	11.349405775827076	observed
Ctsb:Clec2d	A	GSM9574808	chr14	126	chr6	258	4.484517574310303	4.611710548400879	0.9724195669360297	observed
Klf6:Mitf	A	GSM9574808	chr13	11	chr6	195	9.30226993560791	2.7547719478607178	3.376784035728186	observed
Laptm4a:Nrp2	A	GSM9574808	chr12	17	chr1	125	4.829700946807861	1.956965684890747	2.4679538246872696	observed
Mrc1:Rsu1	A	GSM9574808	chr2	28	chr2	26	2050.05908203125	673.8253784179688	3.0424189229032184	observed
Mrpl4:Slc29a1	A	GSM9574808	chr9	41	chr17	91	11.513028144836426	4.567870616912842	2.5204365688924466	observed
Mrpl40:Sh3bgrl3	A	GSM9574808	chr16	37	chr4	267	4.990304470062256	13.559779167175293	0.3680225473098034	observed
Mrs2:Mrps28	A	GSM9574808	chr13	50	chr3	17	5.71077299118042	6.4391844272613525	0.886878308222221	observed
Ms4a6d:Lair1	A	GSM9574808	chr19	23	chr7	8				unavailable_pixels
Ms4a7:Nsf	A	GSM9574808	chr19	22	chr11	207	30.700286865234375	13.744186401367188	2.2336925568893986	observed
Msrb1:Mir155hg	A	GSM9574808	chr17	49	chr16	169	5.0895562171936035	3.06048321723938	1.6629910559628849	observed
Mt1:Paip2b	A	GSM9574808	chr8	189	chr6	167	4.003103256225586	3.6552770137786865	1.0951572866121382	observed
Mx2:Slc30a7	A	GSM9574808	chr16	194	chr3	231				chromosome_edge
Myo5a:Pcid2	A	GSM9574808	chr9	150	chr8	26	4.3119049072265625	4.172545433044434	1.0333991508105516	observed
Naglu:Arhgap9	A	GSM9574808	chr11	201	chr10	254	22.60734748840332	3.6761722564697266	6.149697541679789	observed
Ncaph2:Stx5a	A	GSM9574808	chr15	178	chr19	17	16.49619483947754	3.3342312574386597	4.947525701066649	observed
Nceh1:Atp6v1h	A	GSM9574808	chr3	54	chr1	10				unavailable_pixels
Ncoa6:Armc7	A	GSM9574808	chr2	310	chr11	230	28.546714782714844	15.824591636657715	1.803946379038704	observed
Ncstn:Setdb1	A	GSM9574808	chr1	343	chr3	190	38.126976013183594	4.1800453662872314	9.121187133681387	observed
Nf1:Arf6	A	GSM9574808	chr11	158	chr12	138	5.8632307052612305	4.002227067947388	1.4649920171241786	observed
Nfkb1:Cisd2	A	GSM9574808	chr3	270	chr3	270				cis_below_500kb_bin_distance
Nfkb1:Zranb2	A	GSM9574808	chr3	270	chr3	314	200.8172607421875	200.38394927978516	1.0021624060408019	observed
Niban2:Ptges2	A	GSM9574808	chr2	65	chr2	64	4679.28515625	697.6071472167969	6.7076221551322615	observed
Nrp1:Spred1	A	GSM9574808	chr8	258	chr2	233				chromosome_edge
Nsdhl:Ahnak	A	GSM9574808	chrX	143	chr19	18	1.756028413772583	3.9093035459518433	0.449192136944951	observed
Nup153:Cd74	A	GSM9574808	chr13	93	chr18	121	9.042930603027344	3.7892719507217407	2.386455952654689	observed
Oas2:Rplp0	A	GSM9574808	chr5	241	chr5	231	379.3021240234375	210.01602935791016	1.8060627333213186	observed
Odf2l:Gtf2b	A	GSM9574808	chr3	289	chr3	284	672.388916015625	376.8831024169922	1.784078170932902	observed
Os9:Ube2d3	A	GSM9574808	chr10	253	chr3	270	8.026518821716309	8.549895763397217	0.9387855763199445	observed
Osbpl8:Mcl1	A	GSM9574808	chr10	222	chr3	191	8.662738800048828	1.9824504256248474	4.369712699029245	observed
Oxr1:Eif3h	A	GSM9574808	chr15	83	chr15	103	137.58522033691406	133.5719757080078	1.0300455586408284	observed
Oxr1:Tomm20	A	GSM9574808	chr15	82	chr8	255	4.2208452224731445	6.172781705856323	0.6837833287492879	observed
P4hb:Oas1a	A	GSM9574808	chr11	240	chr5	242				chromosome_edge
Parp12:Os9	A	GSM9574808	chr6	78	chr10	253	7.118672847747803	4.075897932052612	1.746528732176288	observed
Parp8:Usp25	A	GSM9574808	chr13	234	chr16	153	10.434046745300293	8.136526107788086	1.2823711995851739	observed
Pcbp2:F630028O10Rik	A	GSM9574808	chr15	204	chrX	190				chromosome_edge
Pcmt1:Gcn1	A	GSM9574808	chr10	15	chr5	231	4.708545684814453	2.3505431413650513	2.003173480185528	observed
Pdhx:Nsun2	A	GSM9574808	chr2	205	chr13	139	2.0313596725463867	2.183739423751831	0.9302207261781974	observed
Pdia3:Ubac1	A	GSM9574808	chr2	242	chr2	51	93.69183349609375	44.230194091796875	2.118277692872938	observed
Pdxk:Lyz2	A	GSM9574808	chr10	156	chr10	234	196.1479034423828	102.16058349609375	1.9199959194622533	observed
Pfkfb4:Anxa2	A	GSM9574808	chr9	217	chr9	138	93.2314224243164	122.43064498901367	0.761503971760359	observed
Pgap2:Rhog	A	GSM9574808	chr7	203	chr7	203				cis_below_500kb_bin_distance
Pik3r5:Rspry1	A	GSM9574808	chr11	136	chr8	190	12.90649127960205	3.6476110219955444	3.5383409036145346	observed
Plaa:Oma1	A	GSM9574808	chr4	188	chr4	206	170.27899169921875	140.2512435913086	1.2140996923735725	observed
Plek:Pgk1	A	GSM9574808	chr11	33	chrX	210	1.8028230667114258	1.4837473034858704	1.21504724050782	observed
Plekha2:Rftn1	A	GSM9574808	chr8	51	chr17	100	7.512288570404053	5.392914772033691	1.3929922663270897	observed
Pltp:Prdx1	A	GSM9574808	chr2	329	chr4	233	20.35284996032715	5.541975259780884	3.6724902234824937	observed
Pnkp:Tyrobp	A	GSM9574808	chr7	89	chr7	60	357.122314453125	148.35377502441406	2.40723442591437	observed
Polrmt:Rplp2	A	GSM9574808	chr10	159	chr7	282	26.24452018737793	7.606448411941528	3.450298847248617	observed
Pot1b:Cd37	A	GSM9574808	chr17	111	chr7	89	2.0022549629211426	5.711511850357056	0.3505647918415807	observed
Pphln1:Phf20l1	A	GSM9574808	chr15	186	chr15	132	199.45912170410156	158.6707000732422	1.2570633495158936	observed
Ppm1h:Idnk	A	GSM9574808	chr10	245	chr13	116	2.7904140949249268	3.143404006958008	0.8877045676433164	observed
Ppp3ca:Gpr146	A	GSM9574808	chr3	273	chr5	278	3.6471376419067383	5.5659050941467285	0.655264072997252	observed
Ppp3cb:Pirb	A	GSM9574808	chr14	41	chr7	7				unavailable_pixels
Prcc:Pmvk	A	GSM9574808	chr3	175	chr3	178	941.3268432617188	229.68341827392578	4.0983665705422	observed
Prmt9:Arhgap10	A	GSM9574808	chr8	156	chr8	156				cis_below_500kb_bin_distance
Prrc2a:Lilr4b	A	GSM9574808	chr17	70	chr10	102	7.734989166259766	3.426318049430847	2.257522230764491	observed
Psap:Lgals3	A	GSM9574808	chr10	120	chr14	95	5.359046936035156	2.842325806617737	1.8854442807217182	observed
Psmb1:Nmt2	A	GSM9574808	chr17	31	chr2	6				unavailable_pixels
Psmc3:Rnf38	A	GSM9574808	chr2	181	chr4	88				unavailable_pixels
Pspc1:9430038I01Rik	A	GSM9574808	chr14	113	chr7	273	2.3293349742889404	4.255858898162842	0.5473242957595379	observed
Pspc1:Micu2	A	GSM9574808	chr14	114	chr14	116	953.5861206054688	388.1584167480469	2.4566931424404492	observed
Ptafr:Oas1g	A	GSM9574808	chr4	264	chr5	242	41.37060546875	12.538437366485596	3.2995025025471563	observed
Ptbp3:Dtnbp1	A	GSM9574808	chr4	119	chr13	90	6.882984161376953	5.0689661502838135	1.3578674540944748	observed
Pten:Pik3ap1	A	GSM9574808	chr19	65	chr19	82	172.1806182861328	187.1806640625	0.9198632729961966	observed
Ptma:Cox17	A	GSM9574808	chr1	172	chr16	76	9.054853439331055	3.1696194410324097	2.856763598213451	observed
Pxk:Elf1	A	GSM9574808	chr14	28	chr14	159	105.321533203125	53.45523452758789	1.9702753927451064	observed
Rab14:Gba	A	GSM9574808	chr2	70	chr3	178	27.421907424926758	5.912259578704834	4.638143346022355	observed
Rab21:Wdr37	A	GSM9574808	chr10	230	chr13	17	5.051344394683838	4.139370679855347	1.2203169963170248	observed
Ralb:Lypla1	A	GSM9574808	chr1	238	chr1	9				unavailable_pixels
Rassf3:Slfn2	A	GSM9574808	chr10	242	chr11	165	7.355192184448242	4.2546775341033936	1.7287308204893683	observed
Rbks:Fam193a	A	GSM9574808	chr5	63	chr5	69	836.5958251953125	418.0782775878906	2.0010506884549604	observed
Rbl1:Hnrnpdl	A	GSM9574808	chr2	314	chr5	200	6.809203147888184	4.408919334411621	1.5444154522724751	observed
Reep5:Ctnnbl1	A	GSM9574808	chr18	69	chr2	315	13.67352294921875	4.394171714782715	3.1117406957991136	observed
Reps1:Arhgap18	A	GSM9574808	chr10	35	chr10	53	100.366943359375	96.40913009643555	1.041052266097418	observed
Rftn1:Tgif1	A	GSM9574808	chr17	100	chr17	142	179.04495239257812	135.57987213134766	1.3205865264360346	observed
Rgs1:Zfp36	A	GSM9574808	chr1	288	chr7	56	3.487159490585327	1.292712390422821	2.697552461336543	observed
Rmdn1:Kras	A	GSM9574808	chr4	39	chr6	290	3.970177412033081	3.107825994491577	1.277477380995579	observed
Rnaseh2b:Cd84	A	GSM9574808	chr14	125	chr1	343	14.737926483154297	5.009877443313599	2.9417738557305784	observed
Rnf130:Dynll2	A	GSM9574808	chr11	99	chr11	175	185.7938690185547	89.60444259643555	2.073489479258761	observed
Rnf41:Rbms2	A	GSM9574808	chr10	256	chr10	255				unavailable_pixels
Rplp2:Il1a	A	GSM9574808	chr7	282	chr2	258	23.245885848999023	9.063449382781982	2.564794579551545	observed
Rsrp1:Tor1aip2	A	GSM9574808	chr4	269	chr1	311	13.312936782836914	6.756609201431274	1.970357672901489	observed
Rtraf:Psmb2	A	GSM9574808	chr14	39	chr4	253	4.556081295013428	2.32073712348938	1.9632043840290976	observed
Runx1:Ubac2	A	GSM9574808	chr16	185	chr14	244	5.986099720001221	5.218216419219971	1.1471543606265442	observed
Samd8:Thap1	A	GSM9574808	chr14	43	chr8	53	10.884175300598145	3.18386447429657	3.418542274166004	observed
Sbno1:Rhog	A	GSM9574808	chr5	249	chr7	203	15.683146476745605	4.275466084480286	3.668172350536142	observed
Scarf1:Gm12185	A	GSM9574808	chr11	150	chr11	97	43.7161865234375	56.92445755004883	0.7679684340426359	observed
Scd2:Wdr26	A	GSM9574808	chr19	88	chr1	362	18.430862426757812	8.10396671295166	2.274301348906312	observed
Scpep1:Gm9774	A	GSM9574808	chr11	177	chr3	184	2.6687610149383545	3.9741811752319336	0.6715247486880377	observed
Sdc3:H2-D1	A	GSM9574808	chr4	261	chr17	70	13.265603065490723	14.080671310424805	0.9421143902186939	observed
Sdf2:Rab8a	A	GSM9574808	chr11	156	chr8	145	21.230308532714844	4.9417643547058105	4.296098925174005	observed
Sec22b:Rnf13	A	GSM9574808	chr3	195	chr3	115	128.30662536621094	65.43831253051758	1.9607263757966606	observed
Sh3bgrl:Basp1	A	GSM9574808	chrX	216	chr15	50	2.2060935497283936	1.7114200592041016	1.2890427092191152	observed
Sh3bp2:Tnip2	A	GSM9574808	chr5	69	chr5	69				cis_below_500kb_bin_distance
Slc16a10:Rpf2	A	GSM9574808	chr10	79	chr10	80	4152.61572265625	728.334716796875	5.701521054658681	observed
Slc16a10:Tpd52	A	GSM9574808	chr10	80	chr3	18	8.107380867004395	4.25921630859375	1.9034912245819182	observed
Slc28a2:Eml4	A	GSM9574808	chr2	244	chr17	167	5.723810195922852	5.457108020782471	1.0488724383180048	observed
Slc2a6:Bst2	A	GSM9574808	chr2	53	chr8	143	39.428184509277344	13.184020042419434	2.9906041087936464	observed
Slc37a3:Parp12	A	GSM9574808	chr6	78	chr6	78				cis_below_500kb_bin_distance
Slc4a7:Psmd1	A	GSM9574808	chr14	15	chr1	172	2.1915206909179688	2.5744742155075073	0.8512498115992796	observed
Slc7a2:Mtus1	A	GSM9574808	chr8	82	chr8	83	3281.0693359375	823.4448852539062	3.984564595268321	observed
Slc7a8:Gch1	A	GSM9574808	chr14	109	chr14	94	215.9811248779297	177.3183135986328	1.2180418395293997	observed
Smg1:Picalm	A	GSM9574808	chr7	235	chr7	179	145.08018493652344	151.99534606933594	0.9545041258719987	observed
Smu1:Chmp5	A	GSM9574808	chr4	81	chr4	81				cis_below_500kb_bin_distance
Snd1:Mkln1	A	GSM9574808	chr6	56	chr6	62	356.7327575683594	197.64766693115234	1.8048923273788098	observed
Snrpd3:Ankrd40	A	GSM9574808	chr10	150	chr11	188	6.851590633392334	3.6619523763656616	1.8710212283514889	observed
Sod2:Hk3	A	GSM9574808	chr17	26	chr13	110	8.376007080078125	5.0071961879730225	1.6727938681924985	observed
Sp1:Nudt9	A	GSM9574808	chr15	204	chr5	208				chromosome_edge
Sp100:A630001G21Rik	A	GSM9574808	chr1	171	chr1	171				cis_below_500kb_bin_distance
Spaca6:4933404O12Rik	A	GSM9574808	chr17	36	chr5	273	2.2471323013305664	2.1032105684280396	1.0684295405619302	observed
Spast:Memo1	A	GSM9574808	chr17	149	chr17	149				cis_below_500kb_bin_distance
Spg11:Eif2s2	A	GSM9574808	chr2	243	chr2	309	180.50611877441406	118.67922592163086	1.5209580056884617	observed
Spg21:Acadm	A	GSM9574808	chr9	130	chr3	307	2.7371602058410645	2.821843981742859	0.9699899156545533	observed
Spi1:Lgmn	A	GSM9574808	chr2	181	chr12	204	9.351343154907227	3.4793471097946167	2.6876718130773765	observed
Sptlc2:Azi2	A	GSM9574808	chr12	174	chr9	235	3.8258795738220215	4.851899147033691	0.7885323783288142	observed
Sptlc2:Ylpm1	A	GSM9574808	chr12	174	chr12	170	564.31103515625	285.73370361328125	1.9749543999191705	observed
Srd5a1:Ndufs6	A	GSM9574808	chr13	139	chr13	146	465.2706298828125	202.76268005371094	2.294656145596243	observed
Srek1:Tcp1	A	GSM9574808	chr13	207	chr17	26	3.0942962169647217	4.1414477825164795	0.7471532612405717	observed
St18:Nrf1	A	GSM9574808	chr1	13	chr6	60	3.4033515453338623	5.152686357498169	0.6605004281662358	observed
Stambpl1:Sgms1	A	GSM9574808	chr19	68	chr19	64	946.92822265625	651.7258605957031	1.452954808008877	observed
Stimate:Tkt	A	GSM9574808	chr14	61	chr14	60	4698.23828125	507.8365173339844	9.25147782974447	observed
Stk10:C2cd2	A	GSM9574808	chr11	64	chr16	195				chromosome_edge
Strn3:Fam180a	A	GSM9574808	chr12	103	chr6	70	7.932149887084961	3.6821478605270386	2.1542181866508763	observed
Stx12:Hnrnpdl	A	GSM9574808	chr4	265	chr5	200	10.509662628173828	2.999342918395996	3.5039883448186173	observed
Stxbp1:Galk2	A	GSM9574808	chr2	65	chr2	251	75.0998306274414	41.201133728027344	1.822761264852143	observed
Syne3:1700028I16Rik	A	GSM9574808	chr12	209	chr10	165	3.674576759338379	3.5667238235473633	1.0302386562926389	observed
Syngr1:Hnrnpdl	A	GSM9574808	chr15	159	chr5	200	7.587547302246094	4.075019121170044	1.861966061172128	observed
Tapbp:Tap1	A	GSM9574808	chr17	68	chr17	68				cis_below_500kb_bin_distance
Tars:Wdr70	A	GSM9574808	chr15	22	chr15	15	512.379638671875	342.81007385253906	1.4946458046395592	observed
Tbcb:Prkar1a	A	GSM9574808	chr7	59	chr11	219	7.658346652984619	3.5460106134414673	2.159707763974247	observed
Tbxas1:Bola3	A	GSM9574808	chr6	77	chr6	166	189.2460174560547	101.80270385742188	1.858948832254005	observed
Thada:Tcf20	A	GSM9574808	chr17	169	chr15	165	8.868624687194824	6.486671447753906	1.3672073202143913	observed
Thbs1:Slc24a3	A	GSM9574808	chr2	235	chr2	290	156.00131225585938	99.18294906616211	1.5728642243919906	observed
Tle3:Zbtb37	A	GSM9574808	chr9	122	chr1	321	7.791549205780029	4.139127016067505	1.8824136528147937	observed
Tlr1:Rpl39	A	GSM9574808	chr5	130	chrX	72	5.634098052978516	1.086959958076477	5.183353821928101	observed
Tmem181a:Bin2	A	GSM9574808	chr17	12	chr15	201	18.966876983642578	11.66992712020874	1.6252781005630923	observed
Tmem63a:Aim2	A	GSM9574808	chr1	361	chr1	346	178.005126953125	168.0687026977539	1.0591212051731027	observed
Tnfaip3:Lst1	A	GSM9574808	chr10	37	chr17	70	26.53306007385254	15.470733642578125	1.7150485999467397	observed
Tnfaip3:Traf1	A	GSM9574808	chr10	37	chr2	69	23.560192108154297	9.98572587966919	2.3593870282502496	observed
Tor1aip1:Fcgr3	A	GSM9574808	chr1	311	chr1	341	213.94253540039062	158.05807495117188	1.3535691578331754	observed
Tpd52l2:Cmtm7	A	GSM9574808	chr2	362	chr9	229				chromosome_edge
Trim2:Gbp7	A	GSM9574808	chr3	168	chr3	284	80.41590881347656	72.83269882202148	1.1041182067135242	observed
Trrap:Bri3	A	GSM9574808	chr5	289	chr5	288	3588.94091796875	393.7670593261719	9.114375702503589	observed
Tsg101:Ecpas	A	GSM9574808	chr7	93	chr4	117	10.241802215576172	4.063496351242065	2.5204408544493018	observed
Tspan5:Eif4e	A	GSM9574808	chr3	276	chr3	276				cis_below_500kb_bin_distance
Ttc7b:Wdr91	A	GSM9574808	chr12	200	chr6	69	9.590763092041016	4.08086633682251	2.350178197580635	observed
Tut7:Tmem251	A	GSM9574808	chr13	119	chr12	205	3.041468620300293	3.268383026123047	0.9305728845092187	observed
Txnrd1:Ntpcr	A	GSM9574808	chr10	165	chr8	252	9.98175048828125	11.275735855102539	0.8852416034350672	observed
Tyrobp:Ostc	A	GSM9574808	chr7	60	chr3	260	4.636690139770508	1.9667951464653015	2.357485042661157	observed
Ubc:Bst2	A	GSM9574808	chr5	250	chr8	143	14.236855506896973	3.914587378501892	3.636872582046029	observed
Ube2j2:Mmp12	A	GSM9574808	chr4	312	chr9	14				chromosome_edge
Ube2k:Babam2	A	GSM9574808	chr5	131	chr5	63	242.50228881835938	102.28004837036133	2.370963767442171	observed
Ube4b:Oas1a	A	GSM9574808	chr4	298	chr5	242	27.1960391998291	3.8174625635147095	7.124114185101506	observed
Ubqln1:Rcc2	A	GSM9574808	chr13	116	chr4	280	6.18058967590332	4.4489500522613525	1.389224334573456	observed
Uqcc2:Actb	A	GSM9574808	chr17	54	chr5	285	26.007465362548828	12.116775035858154	2.1464016031974538	observed
Usp15:Qk	A	GSM9574808	chr10	246	chr17	20	3.5971744060516357	4.921929359436035	0.7308464106977365	observed
Utrn:Pex7	A	GSM9574808	chr10	24	chr10	39	133.90545654296875	199.60743713378906	0.6708440249809788	observed
Vav3:Slc25a24	A	GSM9574808	chr3	218	chr3	218				cis_below_500kb_bin_distance
Vps41:Mgmt	A	GSM9574808	chr13	37	chr7	273	3.264209032058716	3.556612968444824	0.9177858431658461	observed
Vps45:Ctsh	A	GSM9574808	chr3	191	chr9	179	6.53810453414917	3.0623490810394287	2.134996488359189	observed
Vrk2:Gm20717	A	GSM9574808	chr11	53	chr15	127	5.763688087463379	5.894107341766357	0.9778729421198674	observed
Washc4:Riok2	A	GSM9574808	chr10	166	chr17	35	3.017822265625	3.4468283653259277	0.8755359843221084	observed
Wdfy2:Gpi1	A	GSM9574808	chr14	126	chr7	67	3.4955759048461914	1.4950737357139587	2.338062545909758	observed
Wipi2:Arpc1b	A	GSM9574808	chr5	285	chr5	290	349.7257995605469	396.1085205078125	0.8829040059835047	observed
Wwox:Rasa4	A	GSM9574808	chr8	230	chr5	272	4.457204818725586	4.740815162658691	0.9401768822022468	observed
Xpo6:Dusp12	A	GSM9574808	chr7	251	chr1	341	21.812631607055664	4.368769884109497	4.992854324141592	observed
Yipf5:Airn	A	GSM9574808	chr18	80	chr17	26	5.652909755706787	5.657306432723999	0.9992228320898829	observed
Zc3h7a:Phf11b	A	GSM9574808	chr16	21	chr14	119	5.475718975067139	4.859992980957031	1.1266927743564064	observed
Zdhhc13:Mapk1ip1	A	GSM9574808	chr7	96	chr7	276	59.30693435668945	57.76984405517578	1.026607139531926	observed
Zeb2:Gtdc1	A	GSM9574808	chr2	90	chr2	89	3777.19970703125	1092.9378662109375	3.4560058936618896	observed
Zfp106:Ndrg3	A	GSM9574808	chr2	240	chr2	313	298.526123046875	153.41085052490234	1.9459257414026063	observed
Zfp36l1:Marcksl1	A	GSM9574808	chr12	160	chr4	258	15.986831665039062	5.529955148696899	2.8909514155474234	observed
Zfp655:Atp5j2	A	GSM9574808	chr5	290	chr5	290				cis_below_500kb_bin_distance
Zfp944:Ccdc171	A	GSM9574808	chr17	45	chr4	167	4.469871520996094	3.0742509365081787	1.453970939038926	observed
Zmiz1:Pinx1	A	GSM9574808	chr14	51	chr14	128	139.63723754882812	59.16543769836426	2.360115009386446	observed
1810013L24Rik:Pmm2	B	GSM9574809	chr16	17	chr16	16	2568.047119140625	820.3792114257812	3.130317155011129	observed
Abca3:Nup205	B	GSM9574809	chr17	49	chr6	70	8.948199272155762	6.002262592315674	1.4908043649425782	observed
Abcc5:Oas1a	B	GSM9574809	chr16	40	chr5	242	12.921863555908203	7.166518449783325	1.8030880191620642	observed
Abr:Pitpna	B	GSM9574809	chr11	152	chr11	151	5840.5029296875	290.9219512939453	20.075841316581506	observed
Acod1:Cd86	B	GSM9574809	chr14	206	chr16	72	8.488272666931152	4.595507860183716	1.847080437066604	observed
Acsl4:Tmem164	B	GSM9574809	chrX	282	chrX	283	1235.0897216796875	298.5132141113281	4.137470849846769	observed
Actr3:Pla2g4a	B	GSM9574809	chr1	250	chr1	299	120.2086410522461	111.50669479370117	1.0780396753275165	observed
Adam8:Tyrobp	B	GSM9574809	chr7	279	chr7	60	41.616294860839844	35.67989540100098	1.1663793963833293	observed
Adprm:Emc2	B	GSM9574809	chr11	133	chr15	86	3.9094467163085938	5.092313289642334	0.7677152786849019	observed
Afg3l2:Cndp2	B	GSM9574809	chr18	135	chr18	169	176.04296875	157.7836685180664	1.1157236385959861	observed
Agl:Brk1	B	GSM9574809	chr3	233	chr6	227	5.289148330688477	3.0040369033813477	1.7606802115962705	observed
Ammecr1:Rab9	B	GSM9574809	chrX	283	chrX	330	56.664066314697266	55.89178276062012	1.0138174793490624	observed
Ampd3:Hapln3	B	GSM9574809	chr7	220	chr7	157	100.90629577636719	79.79790115356445	1.2645231806558592	observed
Ankrd33b:Chd4	B	GSM9574809	chr15	62	chr6	250	6.686485290527344	3.453461170196533	1.9361692403643913	observed
Aoah:Sirt5	B	GSM9574809	chr13	42	chr13	87	309.1766357421875	62.44769287109375	4.950969708046676	observed
Aopep:Sdha	B	GSM9574809	chr13	126	chr13	148	149.92007446289062	118.56587982177734	1.2644453420178168	observed
Appbp2:Bcas3	B	GSM9574809	chr11	170	chr11	170				cis_below_500kb_bin_distance
Arhgap30:Csnk1g3	B	GSM9574809	chr1	342	chr18	108	6.074831008911133	5.6025390625	1.084299625784382	observed
Arl5b:4930455G09Rik	B	GSM9574809	chr2	30	chr4	283	2.318502426147461	2.7049134969711304	0.857144758508411	observed
Arrb1:Cnot7	B	GSM9574809	chr7	198	chr8	81	3.4010753631591797	2.2811529636383057	1.4909457705697486	observed
Asl:Cct6a	B	GSM9574809	chr5	260	chr5	259	2986.944580078125	1032.2532958984375	2.893615929294168	observed
Atp1b3:Mthfs	B	GSM9574809	chr9	192	chr9	178	160.0957489013672	249.10572814941406	0.6426819250231832	observed
Atp6v0a1:Akr1a1	B	GSM9574809	chr11	201	chr4	232	16.773517608642578	5.319089889526367	3.153456316215058	observed
Atxn7l1:Mir99ahg	B	GSM9574809	chr12	66	chr16	154	7.1882548332214355	5.9789934158325195	1.2022516723612309	observed
Babam2:Mrpl33	B	GSM9574809	chr5	63	chr5	63				cis_below_500kb_bin_distance
Cacna1d:Ninj1	B	GSM9574809	chr14	59	chr13	98	5.032392978668213	4.382297992706299	1.1483456823438076	observed
Ccdc97:Ddrgk1	B	GSM9574809	chr7	50	chr2	260	11.46458911895752	3.5992358922958374	3.185284171981466	observed
Cd36:Ppp1cb	B	GSM9574809	chr5	36	chr5	65	29.288488388061523	39.48181915283203	0.7418221605921281	observed
Cdk18:Spcs2	B	GSM9574809	chr1	264	chr7	198	35.16892623901367	16.595399856567383	2.1191972801484558	observed
Chchd3:1810058I24Rik	B	GSM9574809	chr6	65	chr6	70	544.9182739257812	333.5962219238281	1.6334665626105487	observed
Chd1:Ttc27	B	GSM9574809	chr17	31	chr17	150	173.0632781982422	137.52779388427734	1.2583876561261949	observed
Clcn7:Psmb9	B	GSM9574809	chr17	50	chr17	68	375.6521911621094	231.40901947021484	1.6233256249999382	observed
Cltc:Cfl1	B	GSM9574809	chr11	173	chr19	11	56.665504455566406	18.75569248199463	3.021242991159351	observed
Copb2:Gch1	B	GSM9574809	chr9	196	chr14	94	3.9749250411987305	4.36702036857605	0.9102144496053336	observed
Cpq:Mdfic	B	GSM9574809	chr15	66	chr6	31	6.511666774749756	7.193130016326904	0.9052619318668829	observed
Ctcf:Lamp1	B	GSM9574809	chr8	212	chr8	26	147.13018798828125	94.25404739379883	1.560995968412506	observed
Cyb5a:2610001J05Rik	B	GSM9574809	chr18	169	chr6	27	5.141246795654297	5.302891254425049	0.9695176742242515	observed
Dcp1a:Nmd3	B	GSM9574809	chr14	60	chr3	139	3.103928327560425	2.6322739124298096	1.1791813583318305	observed
Dcstamp:Degs1	B	GSM9574809	chr15	79	chr1	364	5.110960483551025	4.121463775634766	1.240083805604688	observed
Dennd4c:Fbxl4	B	GSM9574809	chr4	173	chr4	44	140.66160583496094	95.10152053833008	1.4790678954314738	observed
Disp1:Mtarc2	B	GSM9574809	chr1	365	chr1	369	635.6049194335938	416.99896240234375	1.5242362133753389	observed
Dnajc5:Dpep2	B	GSM9574809	chr2	362	chr8	213				chromosome_edge
Dnase2a:Kdm3b	B	GSM9574809	chr8	171	chr18	69	12.291149139404297	6.737105369567871	1.8243961560887196	observed
Dnmt3a:Ethe1	B	GSM9574809	chr12	7	chr7	48				unavailable_pixels
Dtx2:Fam53a	B	GSM9574809	chr5	272	chr5	67	216.089111328125	146.20699310302734	1.4779670024118066	observed
Eif3a:Dennd10	B	GSM9574809	chr19	121	chr19	121				cis_below_500kb_bin_distance
Emc3:Ndufa7	B	GSM9574809	chr6	227	chr17	68	18.358732223510742	10.359652042388916	1.7721379201146656	observed
Epb41l1:Dlgap4	B	GSM9574809	chr2	312	chr2	313	4654.40625	469.70770263671875	9.909154616525013	observed
Eprs:Exo1	B	GSM9574809	chr1	370	chr1	351	481.8751525878906	213.83602905273438	2.253479709301255	observed
Exoc1:Npm1	B	GSM9574809	chr5	153	chr11	66	4.976865768432617	4.357786417007446	1.142062802575419	observed
Fbxw11:Rtn4	B	GSM9574809	chr11	65	chr11	59	385.5100402832031	395.1219940185547	0.9756734530578923	observed
Foxo3:Copz1	B	GSM9574809	chr10	84	chr15	206				chromosome_edge
Fubp1:Pgd	B	GSM9574809	chr3	303	chr4	298	4.857059478759766	5.168947219848633	0.9396612641175314	observed
Gab2:Mapk1	B	GSM9574809	chr7	193	chr16	33	8.350530624389648	4.142989635467529	2.015580862887509	observed
Gatm:Snx5	B	GSM9574809	chr2	244	chr2	288	172.2227325439453	97.74693298339844	1.7619246690143824	observed
Gna11:4932438A13Rik	B	GSM9574809	chr10	162	chr3	74	8.78094482421875	4.045438528060913	2.170579224801048	observed
Golga4:Bcl2a1b	B	GSM9574809	chr9	236	chr9	178	114.8732681274414	92.57986068725586	1.2408019117191689	observed
Gpnmb:Arf2	B	GSM9574809	chr6	98	chr11	207	22.757474899291992	19.04902458190918	1.1946792761716902	observed
Gsdmd:Tmem106a	B	GSM9574809	chr15	151	chr11	202	24.816247940063477	13.626838684082031	1.821130235367956	observed
H2-Q7:Tmem179b	B	GSM9574809	chr17	71	chr19	17	15.921630859375	26.57651996612549	0.5990863694595364	observed
Hmbox1:Emc4	B	GSM9574809	chr14	130	chr2	224	0.9517489671707153	1.9214245080947876	0.49533508246672353	observed
Hnrnpll:Galm	B	GSM9574809	chr17	160	chr17	160				cis_below_500kb_bin_distance
Hsd17b4:Wdr36	B	GSM9574809	chr18	100	chr18	65	172.3139190673828	140.2036590576172	1.2290258344582135	observed
Ifngr2:Parp14	B	GSM9574809	chr16	182	chr16	71	113.28535461425781	94.46646499633789	1.199212383131405	observed
Il7r:Pygm	B	GSM9574809	chr15	19	chr19	12	7.71701717376709	13.904546737670898	0.5549995493819124	observed
Iqgap1:Dusp10	B	GSM9574809	chr7	160	chr1	367	8.695908546447754	3.7687100172042847	2.307396564540823	observed
Itgav:AI182371	B	GSM9574809	chr2	167	chr2	69	82.36468505859375	33.35614013671875	2.4692510800410608	observed
Itsn1:Gm34342	B	GSM9574809	chr16	183	chr1	368	12.125370025634766	7.770287036895752	1.560479036110213	observed
Kansl1:Lsm12	B	GSM9574809	chr11	208	chr11	204	629.691162109375	493.9850769042969	1.2747169733456734	observed
Kat5:Capg	B	GSM9574809	chr19	11	chr6	145	7.711230754852295	3.2392791509628296	2.3805391247494807	observed
Knstrn:Ralgapa2	B	GSM9574809	chr2	237	chr2	292	80.06061553955078	102.17984390258789	0.7835265007438821	observed
Large1:Rpia	B	GSM9574809	chr8	147	chr6	141	6.019583702087402	3.354299306869507	1.7945875282386015	observed
Ldlrad3:1700012C14Rik	B	GSM9574809	chr2	203	chr6	60	4.3027262687683105	2.771153688430786	1.5526840993091235	observed
Lncpint:Gt(ROSA)26Sor	B	GSM9574809	chr6	62	chr6	226	128.44461059570312	55.80316925048828	2.301744010616014	observed
Lrp1:Mndal	B	GSM9574809	chr10	254	chr1	347	11.203920364379883	6.7371485233306885	1.6630062890228412	observed
Map3k2:St14	B	GSM9574809	chr18	64	chr9	62	5.685076713562012	5.230971813201904	1.0868108100322849	observed
Mapkapk3:Rftn1	B	GSM9574809	chr9	214	chr17	100	8.403571128845215	4.845934152603149	1.734148848128893	observed
Marchf8:Dcp1b	B	GSM9574809	chr6	232	chr6	238	237.18836975097656	401.3944091796875	0.5909109950876202	observed
Med15:Eif4g1	B	GSM9574809	chr16	34	chr16	41	495.73712158203125	295.1868591308594	1.67940105139391	observed
Mertk:Laptm4a	B	GSM9574809	chr2	257	chr12	17	3.5075557231903076	1.9875887036323547	1.7647291498387898	observed
Mink1:Crat	B	GSM9574809	chr11	140	chr2	60	48.943092346191406	13.584689140319824	3.6028128314638153	observed
Mink1:Tmem65	B	GSM9574809	chr11	140	chr15	117	15.22196102142334	5.7266762256622314	2.6580795598694906	observed
Mpdu1:Hk3	B	GSM9574809	chr11	139	chr13	110	39.24348449707031	7.545123100280762	5.2011721976557315	observed
Ms4a7:Cog6	B	GSM9574809	chr19	22	chr3	105	10.919560432434082	6.692269802093506	1.6316676935257715	observed
Mtx1:1810009A15Rik	B	GSM9574809	chr3	178	chr19	17	14.919107437133789	11.57848596572876	1.2885197150381282	observed
Myo1b:Atp6v1h	B	GSM9574809	chr1	103	chr1	10				unavailable_pixels
Myo1g:Jmjd1c	B	GSM9574809	chr11	12	chr10	134	7.119129657745361	3.4007976055145264	2.09337058053717	observed
Nav1:Cd84	B	GSM9574809	chr1	271	chr1	343	140.28521728515625	92.06112289428711	1.5238269192767113	observed
Nckap1l:Fuca1	B	GSM9574809	chr15	206	chr4	271				chromosome_edge
Nedd4l:Lman1	B	GSM9574809	chr18	130	chr18	132	1245.3944091796875	447.11517333984375	2.7853995646734333	observed
Nfat5:Arhgap10	B	GSM9574809	chr8	216	chr8	156	133.02899169921875	122.65843963623047	1.0845482144868657	observed
Nod1:Lyn	B	GSM9574809	chr6	109	chr4	7				unavailable_pixels
Npc1:Slx4	B	GSM9574809	chr18	24	chr16	7				unavailable_pixels
Npepps:Mocs2	B	GSM9574809	chr11	194	chr13	229	1.98578941822052	5.5732457637786865	0.3563075274961759	observed
Nudt3:Anks1	B	GSM9574809	chr17	55	chr17	56	5168.08203125	865.0201721191406	5.9745219797466085	observed
Ogdh:Rabep1	B	GSM9574809	chr11	12	chr11	141	181.79537963867188	98.58341217041016	1.8440767633851267	observed
Osbpl8:Spty2d1	B	GSM9574809	chr10	222	chr7	93	5.486082077026367	2.1085524559020996	2.601823853928862	observed
Osbpl9:Acot7	B	GSM9574809	chr4	217	chr4	304	87.44847869873047	143.35987854003906	0.6099926952317202	observed
Pacc1:Atf3	B	GSM9574809	chr1	382	chr1	381	5922.1181640625	887.4113159179688	6.673476050884541	observed
Parp11:Lyn	B	GSM9574809	chr6	254	chr4	7				unavailable_pixels
Pdap1:Atp5j2	B	GSM9574809	chr5	290	chr5	290				cis_below_500kb_bin_distance
Pgap2:Tnip3	B	GSM9574809	chr7	203	chr6	131	2.3680503368377686	3.3599263429641724	0.7047923362357529	observed
Pigt:Cd63	B	GSM9574809	chr2	328	chr10	257				chromosome_edge
Pik3ap1:Prdx1	B	GSM9574809	chr19	82	chr4	233	15.926880836486816	4.455699443817139	3.574496223839207	observed
Pkp4:Hacd1	B	GSM9574809	chr2	117	chr2	28	119.64351654052734	104.79949569702148	1.141642101851524	observed
Plekhm2:Map4	B	GSM9574809	chr4	282	chr9	219	10.245260238647461	5.268025636672974	1.9448007555858944	observed
Pmm2:Morf4l1	B	GSM9574809	chr16	16	chr9	179	3.5680079460144043	5.027932643890381	0.7096371806710691	observed
Por:Ctsl	B	GSM9574809	chr5	271	chr13	129	3.2144625186920166	3.449984908103943	0.9317323421158483	observed
Ppard:Mapk14	B	GSM9574809	chr17	56	chr17	57	5887.25927734375	853.0840759277344	6.90114778070534	observed
Ppp2r5c:Ddx24	B	GSM9574809	chr12	221	chr12	206	237.78887939453125	296.39569091796875	0.8022683415473214	observed
Prpf39:Mrps9	B	GSM9574809	chr12	130	chr1	85	2.4359021186828613	2.843352437019348	0.8567007336017718	observed
Psmc2:Pmpcb	B	GSM9574809	chr5	44	chr5	43	871.279541015625	324.6321105957031	2.6838982114764263	observed
Ptpn6:Ptms	B	GSM9574809	chr6	249	chr6	249				cis_below_500kb_bin_distance
Ptprj:Tlcd2	B	GSM9574809	chr2	180	chr11	150	5.64279842376709	3.4282196760177612	1.6459850759394146	observed
Rab31:Ppp4r1	B	GSM9574809	chr17	132	chr17	132				cis_below_500kb_bin_distance
Rac1:Reep5	B	GSM9574809	chr5	287	chr18	68	5.303249359130859	5.088271856307983	1.042249610259398	observed
Rasa3:Rab20	B	GSM9574809	chr8	27	chr8	23	732.2282104492188	571.2440795898438	1.2818132154209152	observed
Rbks:Babam2	B	GSM9574809	chr5	63	chr5	64	7190.93359375	926.0463562011719	7.765198303083502	observed
Rcbtb2:Itm2b	B	GSM9574809	chr14	146	chr14	147	4586.5048828125	484.7712097167969	9.461174242364628	observed
Ric1:Ppcdc	B	GSM9574809	chr19	59	chr9	114	15.947065353393555	8.71413278579712	1.8300232215172525	observed
Rnf130:Abhd12	B	GSM9574809	chr11	99	chr2	301	3.2582437992095947	3.146667957305908	1.0354584097901498	observed
Rnf130:Plcl2	B	GSM9574809	chr11	99	chr17	101	5.931651592254639	5.437840223312378	1.0908102019668138	observed
Rtf1:Rmdn3	B	GSM9574809	chr2	239	chr2	237	1292.59375	511.9886016845703	2.5246533726474456	observed
Runx1:Mrps6	B	GSM9574809	chr16	185	chr16	183	2337.6201171875	638.2188720703125	3.6627248417216416	observed
Sec22b:Rap1a	B	GSM9574809	chr3	195	chr3	211	257.5125732421875	187.14942932128906	1.375973061612186	observed
Septin7:Tmem120a	B	GSM9574809	chr9	50	chr5	271	2.960054874420166	2.788798451423645	1.061408676883443	observed
Sf3b1:Gpnmb	B	GSM9574809	chr1	110	chr6	98	8.317283630371094	5.5809550285339355	1.4902975544233987	observed
Sh3gl1:Nnt	B	GSM9574809	chr17	112	chr13	238				chromosome_edge
Sh3pxd2b:Rab2a	B	GSM9574809	chr11	64	chr4	17	10.578920364379883	10.589616775512695	0.9989899151820539	observed
Sh3tc1:C1qb	B	GSM9574809	chr5	71	chr4	273	27.136465072631836	19.43279457092285	1.396426282056001	observed
Slc23a2:Ppp1r1c	B	GSM9574809	chr2	263	chr2	159	67.74071502685547	44.077972412109375	1.5368382736281516	observed
Slc25a13:Sem1	B	GSM9574809	chr6	12	chr6	13	2763.90478515625	904.0551452636719	3.0572303024171656	observed
Smad4:Dym	B	GSM9574809	chr18	147	chr18	150	762.2999877929688	683.5331420898438	1.115234859662111	observed
Snd1:Lmf1	B	GSM9574809	chr6	56	chr17	51	10.293736457824707	9.105218887329102	1.130531466096829	observed
Snrnp200:Kansl2	B	GSM9574809	chr2	254	chr15	196	17.375404357910156	7.772480487823486	2.2355031170719295	observed
Soat1:Topbp1	B	GSM9574809	chr1	312	chr9	206	4.9518914222717285	4.371497869491577	1.1327676622767413	observed
Sppl2a:Psma3	B	GSM9574809	chr2	253	chr12	142	8.362274169921875	7.188269138336182	1.1633223532664543	observed
Srpk1:Esd	B	GSM9574809	chr17	57	chr14	149	35.434688568115234	21.940043449401855	1.6150692066692913	observed
Ssh1:Ifi204	B	GSM9574809	chr5	228	chr1	347	4.853797912597656	2.8490148782730103	1.7036758739357258	observed
Stau2:Eloc	B	GSM9574809	chr1	33	chr1	33				cis_below_500kb_bin_distance
Stxbp3:Asb6	B	GSM9574809	chr3	217	chr2	61	23.824495315551758	5.0037596225738525	4.761318910698757	observed
Tanc2:Rnaset2b	B	GSM9574809	chr11	210	chr17	14	11.718658447265625	8.61639404296875	1.3600420766304695	observed
Tbc1d23:Xdh	B	GSM9574809	chr16	114	chr17	148	8.328679084777832	4.919095754623413	1.6931321324553974	observed
Tbxas1:Bpgm	B	GSM9574809	chr6	77	chr6	68	300.22027587890625	285.6883239746094	1.0508664537007415	observed
Tgm2:1110038F14Rik	B	GSM9574809	chr2	315	chr15	153	10.90040397644043	4.751490592956543	2.294101979828991	observed
Tm9sf2:Mad1l1	B	GSM9574809	chr14	244	chr5	280	7.051393508911133	4.638599872589111	1.5201555862966212	observed
Tmcc3:Tnip3	B	GSM9574809	chr10	188	chr6	131	3.734417676925659	2.358763337135315	1.5832099889516924	observed
Tmem134:H2-Q4	B	GSM9574809	chr19	8	chr17	71				unavailable_pixels
Tmem67:Chaserr	B	GSM9574809	chr4	24	chr7	146	3.9216907024383545	4.759459018707275	0.8239782477428562	observed
Tnfrsf1b:Prxl2b	B	GSM9574809	chr4	289	chr4	309				chromosome_edge
Tomm70a:Ltn1	B	GSM9574809	chr16	113	chr16	174	170.97201538085938	163.95845794677734	1.0427764296024222	observed
Trappc10:Lyz2	B	GSM9574809	chr10	156	chr10	234	162.39463806152344	112.24256134033203	1.4468187122808494	observed
Trim25:Atox1	B	GSM9574809	chr11	177	chr11	110	150.551025390625	128.0106964111328	1.176081605767531	observed
Trim30c:Gm15133	B	GSM9574809	chr7	208	chr7	207	3815.630615234375	359.854736328125	10.60325245172036	observed
Tspan31:Nup88	B	GSM9574809	chr10	253	chr11	141	11.628375053405762	4.715548515319824	2.4659644611072538	observed
Txlng:Sms	B	GSM9574809	chrX	323	chrX	312	70.79528045654297	97.2016830444336	0.7283338954550866	observed
Ube2g1:Skap2	B	GSM9574809	chr11	145	chr6	103	6.729100704193115	9.586902141571045	0.7019056421796739	observed
Ubxn2b:Nsmaf	B	GSM9574809	chr4	12	chr4	12				cis_below_500kb_bin_distance
Ufsp2:Oas1g	B	GSM9574809	chr8	92	chr5	242	2.9356491565704346	2.5300562381744385	1.1603098430288852	observed
Uty:Csnk1g3	B	GSM9574809	chrY	2	chr18	108				chromosome_edge
Uxt:Pi4k2a	B	GSM9574809	chrX	41	chr19	84	4.0712432861328125	2.05585515499115	1.9803162086826775	observed
Vezt:Tmem19	B	GSM9574809	chr10	187	chr10	230	51.93657684326172	90.66246032714844	0.5728564684418735	observed
Vps13d:Cmpk1	B	GSM9574809	chr4	289	chr4	229	248.68553161621094	143.8150177001953	1.7292041929489899	observed
Vsir:Dctn6	B	GSM9574809	chr10	120	chr8	69	12.40294075012207	3.7404505014419556	3.315894902322781	observed
Wasl:Chchd3	B	GSM9574809	chr6	49	chr6	65	190.1524658203125	102.62605285644531	1.8528673814075292	observed
Wdr41:Tbca	B	GSM9574809	chr13	190	chr13	189	3410.479736328125	587.1308898925781	5.808721351642917	observed
Wdyhv1:Prdx1	B	GSM9574809	chr15	116	chr4	233	9.673726081848145	3.135717272758484	3.0850122126406467	observed
Wwox:Maf	B	GSM9574809	chr8	230	chr8	232	3307.60009765625	705.6539001464844	4.687283804382908	observed
Ypel2:Capg	B	GSM9574809	chr11	173	chr6	145	6.5413360595703125	2.4985157251358032	2.618088809192813	observed
Zbtb17:Dhrs3	B	GSM9574809	chr4	282	chr4	289	150.10093688964844	313.5085144042969	0.47877786405532846	observed
Zcchc8:Sars	B	GSM9574809	chr5	247	chr3	216	40.5421028137207	3.5253621339797974	11.500124319980863	observed
Zfp266:Ly6a	B	GSM9574809	chr9	40	chr15	149	6.038412570953369	5.390470743179321	1.120201343935296	observed
Zfp386:Gm20658	B	GSM9574809	chr12	232	chr12	232				cis_below_500kb_bin_distance
Zfp704:Mrps28	B	GSM9574809	chr3	19	chr3	17	1408.317626953125	685.2731018066406	2.0551187887577433	observed
Zkscan17:Sp3os	B	GSM9574809	chr11	118	chr2	145	6.689128875732422	3.850315570831299	1.737293671824466	observed
4833420G17Rik:Zfp951	B	GSM9574809	chr13	239	chr5	209				chromosome_edge
Abca1:Pgm1	B	GSM9574809	chr4	106	chr4	199	65.04240417480469	55.928659439086914	1.1629530338670775	observed
Abca3:Nek2	B	GSM9574809	chr17	49	chr1	383	7.2864089012146	3.2183395624160767	2.264027384277791	observed
Abcc5:Clic5	B	GSM9574809	chr16	40	chr17	89	12.024693489074707	7.8134520053863525	1.538973232418303	observed
Abl2:Soat1	B	GSM9574809	chr1	312	chr1	312				cis_below_500kb_bin_distance
Acbd5:Eif6	B	GSM9574809	chr2	45	chr2	311	18.209186553955078	19.829951286315918	0.9182668323810113	observed
Acp2:Renbp	B	GSM9574809	chr2	182	chrX	145	8.633687973022461	1.5193426609039307	5.682515337182634	observed
Actr2:Nf1	B	GSM9574809	chr11	40	chr11	158	84.92325592041016	42.25885200500488	2.0095968511012168	observed
Adam10:Mta3	B	GSM9574809	chr9	141	chr17	168	9.710381507873535	6.588911771774292	1.4737458694576935	observed
Adgre1:Pals2	B	GSM9574809	chr17	115	chr6	100	8.412934303283691	3.452154278755188	2.4370099433439316	observed
Aff4:Cdc42se2	B	GSM9574809	chr11	106	chr11	109	902.8734741210938	412.7811279296875	2.1872934904981602	observed
Ankfy1:Ube2g1	B	GSM9574809	chr11	145	chr11	145				cis_below_500kb_bin_distance
Aoah:Blcap	B	GSM9574809	chr13	42	chr2	314	7.070490837097168	3.3437397480010986	2.1145457990036265	observed
Aopep:Akr1e1	B	GSM9574809	chr13	126	chr13	9				unavailable_pixels
Ap5z1:Blvrb	B	GSM9574809	chr5	284	chr7	54	4.894259452819824	8.609344482421875	0.568482241918961	observed
App:Opa1	B	GSM9574809	chr16	169	chr16	58	159.17169189453125	96.68432998657227	1.6463028902060692	observed
Arhgap10:Mrps28	B	GSM9574809	chr8	156	chr3	17	5.118442535400391	3.7989495992660522	1.3473309928589896	observed
Arid5b:Nampt	B	GSM9574809	chr10	136	chr12	65	10.760229110717773	3.548939347267151	3.0319563277415975	observed
Arrb1:C2cd3	B	GSM9574809	chr7	198	chr7	200	1835.333740234375	688.90771484375	2.6641213339447707	observed
Ash2l:Hgsnat	B	GSM9574809	chr8	52	chr8	52				cis_below_500kb_bin_distance
Asph:Rab2a	B	GSM9574809	chr4	19	chr4	17	2217.453125	668.8030700683594	3.315554644169547	observed
Atp2b1:Hnrnpdl	B	GSM9574809	chr10	197	chr5	200	6.512186050415039	4.895224332809448	1.3303141199818294	observed
Atp2b1:Spata6	B	GSM9574809	chr10	197	chr4	223	2.333862543106079	3.1909505128860474	0.7314004193049121	observed
Atp8a1:Tmem33	B	GSM9574809	chr5	135	chr5	134	3083.402587890625	481.3338165283203	6.405954624443484	observed
B4galt5:Zfas1	B	GSM9574809	chr2	334	chr2	333	6300.20849609375	393.0766296386719	16.027939645979703	observed
Bbx:Ntan1	B	GSM9574809	chr16	100	chr16	27	149.26715087890625	117.82987213134766	1.2668022817890758	observed
Bin1:Ndufs8	B	GSM9574809	chr18	65	chr19	7				unavailable_pixels
Birc6:Samhd1	B	GSM9574809	chr17	149	chr2	313	9.227900505065918	3.575960397720337	2.5805376678524388	observed
Btaf1:Atp8b4	B	GSM9574809	chr19	73	chr2	252	9.534707069396973	4.421399116516113	2.1564909247346895	observed
Btrc:Fbxw4	B	GSM9574809	chr19	90	chr19	91	5381.73095703125	604.8726806640625	8.897295462448213	observed
Car5b:Gm20658	B	GSM9574809	chrX	325	chr12	232	4.116698265075684	4.404256820678711	0.9347089492481699	observed
Cd274:Lacc1	B	GSM9574809	chr19	58	chr14	154	13.741157531738281	7.416254758834839	1.8528432448155465	observed
Cd86:Atp5c1	B	GSM9574809	chr16	72	chr2	20	7.170542240142822	6.093686580657959	1.1767166140285132	observed
Cisd2:Ddrgk1	B	GSM9574809	chr3	270	chr2	260	6.120049953460693	6.323306083679199	0.9678560348765781	observed
Clic5:Tnip3	B	GSM9574809	chr17	88	chr6	131	6.423091411590576	3.2816319465637207	1.9572857395895225	observed
Cog6:Dhx36	B	GSM9574809	chr3	105	chr3	124	131.0451202392578	174.2176971435547	0.7521917829695405	observed
Coro1b:Pitpnm1	B	GSM9574809	chr19	8	chr19	8				cis_below_500kb_bin_distance
Csf2rb2:Ncf4	B	GSM9574809	chr15	156	chr15	156				cis_below_500kb_bin_distance
Cux1:Cmtm7	B	GSM9574809	chr5	273	chr9	229	8.662458419799805	3.3278380632400513	2.6030288298841855	observed
Cyrib:Pvt1	B	GSM9574809	chr15	127	chr15	124	2284.55615234375	751.2430419921875	3.0410346913635813	observed
Dennd1a:Zglp1	B	GSM9574809	chr2	76	chr9	41	9.486632347106934	5.50058913230896	1.724657508299437	observed
Dhrs3:Tusc3	B	GSM9574809	chr4	289	chr8	79	4.738609790802002	2.6721819639205933	1.7733110449744862	observed
Dnajc5:Tpd52l2	B	GSM9574809	chr2	362	chr2	362				cis_below_500kb_bin_distance
Dram1:Krtcap2	B	GSM9574809	chr10	176	chr3	178	8.389386177062988	3.862015962600708	2.172281590315727	observed
Ehd1:B2m	B	GSM9574809	chr19	12	chr2	243	10.275720596313477	6.0756754875183105	1.6912885846888326	observed
Eif4g2:Nono	B	GSM9574809	chr7	221	chrX	200	4.835152626037598	1.8389686346054077	2.629274113245052	observed
Emilin2:Memo1	B	GSM9574809	chr17	143	chr17	149	600.0307006835938	462.2193145751953	1.2981515089542603	observed
Evl:H2-Oa	B	GSM9574809	chr12	217	chr17	68	4.843587398529053	3.504140853881836	1.3822467761715107	observed
Exoc6b:Chchd3	B	GSM9574809	chr6	170	chr6	65	95.19303131103516	110.497802734375	0.8614925270493307	observed
Fkbp8:Pirb	B	GSM9574809	chr8	141	chr7	7				unavailable_pixels
Frrs1:Blnk	B	GSM9574809	chr3	233	chr19	81	4.169137001037598	2.837449073791504	1.4693257544413452	observed
G3bp1:Skp1	B	GSM9574809	chr11	110	chr11	104	470.30352783203125	255.33260345458984	1.8419250869999975	observed
Gask1b:Sh3glb1	B	GSM9574809	chr3	159	chr3	288	74.52951049804688	55.80023956298828	1.3356485757362504	observed
Gle1:Stk38	B	GSM9574809	chr2	59	chr17	58	74.3282241821289	72.65351104736328	1.0230506841393237	observed
Gltp:Ankrd13a	B	GSM9574809	chr5	229	chr5	229				cis_below_500kb_bin_distance
Gng12:Ipo8	B	GSM9574809	chr6	133	chr6	297				chromosome_edge
Gpatch8:Trp53	B	GSM9574809	chr11	204	chr11	138	224.2799530029297	115.08203506469727	1.9488702374514242	observed
Gramd1a:Xdh	B	GSM9574809	chr7	61	chr17	148	5.78303337097168	4.336297988891602	1.3336337552876243	observed
Gusb:Degs1	B	GSM9574809	chr5	260	chr1	364	3.23052978515625	2.6159894466400146	1.2349169792353532	observed
Hexa:Clk3	B	GSM9574809	chr9	118	chr9	115	971.2692260742188	621.3132934570312	1.563251963707404	observed
Hnrnph3:Ddx50	B	GSM9574809	chr10	125	chr10	124	3806.672607421875	401.5977783203125	9.478818890242193	observed
Ifnar1:Necap2	B	GSM9574809	chr16	182	chr4	281	20.633682250976562	6.388677597045898	3.229726643353783	observed
Igf2r:Oas2	B	GSM9574809	chr17	25	chr5	241	4.880672931671143	3.23922860622406	1.5067392657292253	observed
Inppl1:Il18bp	B	GSM9574809	chr7	202	chr7	203	5199.29150390625	435.7243423461914	11.932524760747272	observed
Irgm1:Ifi47	B	GSM9574809	chr11	97	chr11	97				cis_below_500kb_bin_distance
Itpr1:Ccdc91	B	GSM9574809	chr6	216	chr6	294				unavailable_pixels
Jdp2:Rnaset2b	B	GSM9574809	chr12	171	chr17	14	12.63528823852539	6.979073524475098	1.81045352140429	observed
Kansl1:Rilpl2	B	GSM9574809	chr11	208	chr5	249	16.05512237548828	10.777938842773438	1.4896282684191675	observed
Khsrp:Prmt1	B	GSM9574809	chr17	114	chr7	89	46.67166519165039	4.455694198608398	10.47461138743024	observed
Kif16b:Taf4	B	GSM9574809	chr2	285	chr2	359				chromosome_edge
Kmt2e:Dmxl1	B	GSM9574809	chr5	47	chr18	99	3.5021767616271973	3.5427874326705933	0.988537085045268	observed
Lamb3:Mul1	B	GSM9574809	chr1	385	chr4	276	3.857314348220825	3.0098994970321655	1.281542573771726	observed
Lcp1:Itm2b	B	GSM9574809	chr14	150	chr14	147	1206.2935791015625	416.2257843017578	2.898171196013692	observed
Lmf1:Srsf5	B	GSM9574809	chr17	51	chr12	161	16.79859733581543	10.474341869354248	1.6037854736214636	observed
Lpxn:Sem1	B	GSM9574809	chr19	25	chr6	13	11.124109268188477	8.408698558807373	1.3229287731496748	observed
Macf1:Capzb	B	GSM9574809	chr4	246	chr4	277	224.02230834960938	141.65349578857422	1.5814809730073673	observed
Malt1:Capg	B	GSM9574809	chr18	131	chr6	145	5.5161285400390625	3.493370771408081	1.5790275069530235	observed
Map2k1:Hif1a	B	GSM9574809	chr9	128	chr12	147	9.988137245178223	9.233777046203613	1.0816957346056735	observed
Map3k1:Gm47283	B	GSM9574809	chr13	223	chrY	181				chromosome_edge
Mapkapk2:Arhgef2	B	GSM9574809	chr1	262	chr3	177	46.73024368286133	4.383134126663208	10.661376616014287	observed
Marchf7:Mrpl15	B	GSM9574809	chr2	120	chr1	9				unavailable_pixels
Mcub:Amy1	B	GSM9574809	chr3	259	chr3	226	105.00779724121094	115.86373519897461	0.9063042638913669	observed
Mef2a:Ftx	B	GSM9574809	chr7	134	chrX	205	0.7311921119689941	1.3287491202354431	0.550286055383753	observed
Mef2d:Blvrb	B	GSM9574809	chr3	176	chr7	54	16.48389434814453	6.2225940227508545	2.6490390161846697	observed
Mertk:Aopep	B	GSM9574809	chr2	257	chr13	126	4.769913196563721	2.465142011642456	1.9349445890079409	observed
Mia3:St6galnac4	B	GSM9574809	chr1	366	chr2	64	8.422774314880371	10.251304149627686	0.8216295401972125	observed
Mob1b:Ndufa10	B	GSM9574809	chr5	177	chr1	184	2.7238802909851074	3.3452250957489014	0.814259194230787	observed
Ms4a6b:Nudt19	B	GSM9574809	chr19	23	chr7	70	6.378686904907227	5.067957162857056	1.2586307855276442	observed
Mtpn:Rab9	B	GSM9574809	chr6	71	chrX	330	1.048537015914917	1.836533010005951	0.5709328447690245	observed
Mx1:Wars	B	GSM9574809	chr16	194	chr12	217				chromosome_edge
Myo1e:Nbdy	B	GSM9574809	chr9	140	chrX	305	0.8722242116928101	1.0140811502933502	0.8601128336134596	observed
Napg:Garem1	B	GSM9574809	chr18	126	chr18	42	181.048095703125	35.61798286437988	5.083053029490447	observed
Nceh1:Siah2	B	GSM9574809	chr3	54	chr3	117	112.41244506835938	96.9897575378418	1.1590135692884913	observed
Ndor1:Cyhr1	B	GSM9574809	chr2	50	chr15	153	30.165508270263672	12.639107704162598	2.3866802132186025	observed
Nek7:Ube2d3	B	GSM9574809	chr1	277	chr3	270	5.320423603057861	6.267153978347778	0.8489377509215905	observed
Notch2:Rnf115	B	GSM9574809	chr3	195	chr3	193	1436.4346923828125	287.39183044433594	4.998175105262887	observed
Npc1:Ttc39c	B	GSM9574809	chr18	24	chr18	25	5887.9619140625	905.2842407226562	6.503992502246973	observed
Nsd1:Tipin	B	GSM9574809	chr13	110	chr9	128	29.405195236206055	7.526245355606079	3.9070205456832454	observed
Oas3:Trim34a	B	GSM9574809	chr5	241	chr7	207	2.7017252445220947	4.40608024597168	0.6131811255576166	observed
Osbpl8:Cpne2	B	GSM9574809	chr10	222	chr8	190	8.066900253295898	2.7292985916137695	2.9556679060630486	observed
Osbpl8:Znhit6	B	GSM9574809	chr10	222	chr3	290	5.576828956604004	3.974710702896118	1.4030779529540411	observed
Oxr1:Wdr70	B	GSM9574809	chr15	82	chr15	15	120.25651550292969	109.3675422668457	1.0995631154398258	observed
P2rx4:2900089D17Rik	B	GSM9574809	chr5	245	chr5	288	94.89606475830078	98.07128143310547	0.9676233793583037	observed
Pag1:Ranbp9	B	GSM9574809	chr3	19	chr13	87	11.203115463256836	2.1940665245056152	5.106096528126563	observed
Papola:Gdap2	B	GSM9574809	chr12	211	chr3	200	3.2599966526031494	2.6897635459899902	1.2120012026571205	observed
Pcca:Lgals3	B	GSM9574809	chr14	245	chr14	95	80.2697982788086	81.67953872680664	0.9827405924424573	observed
Pea15a:Mtmr14	B	GSM9574809	chr1	344	chr6	226	8.309767723083496	3.0458279848098755	2.728245903749618	observed
Piezo1:Isca2	B	GSM9574809	chr8	246	chr12	169	43.67316818237305	16.01745080947876	2.726599176226486	observed
Pigu:Dynlrb1	B	GSM9574809	chr2	310	chr2	310				cis_below_500kb_bin_distance
Pik3r5:Spop	B	GSM9574809	chr11	136	chr11	190	178.0998992919922	89.58774948120117	1.98799389786395	observed
Pip4p2:Slc44a1	B	GSM9574809	chr4	29	chr4	107	50.86037063598633	84.80825424194336	0.5997101472091436	observed
Plekhm2:4930455G09Rik	B	GSM9574809	chr4	282	chr4	283	3472.355224609375	595.5755004882812	5.830251952544341	observed
Plxna1:Rpap1	B	GSM9574809	chr6	178	chr2	239	5.374452114105225	6.0444016456604	0.8891619765148849	observed
Polrmt:Ppp2r2a	B	GSM9574809	chr10	159	chr14	134	7.630971431732178	5.316183567047119	1.4354228621888636	observed
Ppm1b:Gbp5	B	GSM9574809	chr17	170	chr3	284	7.440077304840088	4.656755208969116	1.5976955993972306	observed
Prkn:Tnfrsf21	B	GSM9574809	chr17	22	chr17	86	125.85832977294922	151.99066162109375	0.828066201111149	observed
Psap:Tspan3	B	GSM9574809	chr10	120	chr9	112	17.299579620361328	8.419812202453613	2.0546277285519583	observed
Pstpip1:Lix1l	B	GSM9574809	chr9	111	chr3	193	8.779132843017578	5.738912582397461	1.529755457496453	observed
Ptprj:1110051M20Rik	B	GSM9574809	chr2	180	chr2	182	473.80169677734375	245.95592498779297	1.926368298713922	observed
Rab11a:Cul1	B	GSM9574809	chr9	129	chr6	95	22.331398010253906	6.733115196228027	3.316651707186627	observed
Rab8b:Ythdf3	B	GSM9574809	chr9	133	chr3	32	4.7887372970581055	4.492396116256714	1.0659650603224895	observed
Rasa1:Ahnak	B	GSM9574809	chr13	170	chr19	18	7.053521156311035	2.7895833253860474	2.5285214075241527	observed
Rb1:Itm2b	B	GSM9574809	chr14	146	chr14	147	4586.5048828125	484.7712097167969	9.461174242364628	observed
Rhbdd1:Mrps9	B	GSM9574809	chr1	164	chr1	85	163.72027587890625	119.92323684692383	1.365208946852287	observed
Rsu1:Mllt10	B	GSM9574809	chr2	26	chr2	36	314.10711669921875	348.88746643066406	0.9003106930516308	observed
Rufy3:Grsf1	B	GSM9574809	chr5	177	chr5	177				cis_below_500kb_bin_distance
Sbds:Guf1	B	GSM9574809	chr5	260	chr5	139	47.51589584350586	85.96417617797852	0.5527406642637963	observed
Sema4d:Aldoa	B	GSM9574809	chr13	103	chr7	252	10.74588680267334	3.727821469306946	2.8826184116245113	observed
Sf3b1:Fpr2	B	GSM9574809	chr1	110	chr17	36	6.65275764465332	4.5647969245910645	1.4574049524118327	observed
Sh3bp5:Dnajc15	B	GSM9574809	chr14	62	chr14	156	139.48524475097656	109.21085357666016	1.277210461990075	observed
Slc16a10:Rpf2	B	GSM9574809	chr10	80	chr10	80				cis_below_500kb_bin_distance
Slc17a5:Ifi204	B	GSM9574809	chr9	156	chr1	347	10.011425971984863	4.661395311355591	2.1477315917824225	observed
Slc25a39:Nup88	B	GSM9574809	chr11	204	chr11	141	149.36463928222656	126.3586654663086	1.1820688255215241	observed
Slc9a7:Amn1	B	GSM9574809	chrX	40	chr6	298				chromosome_edge
Smad3:Pnrc1	B	GSM9574809	chr9	127	chr4	66	6.232171535491943	3.02001416683197	2.0636232783071886	observed
Snapc3:N4bp2l2	B	GSM9574809	chr4	166	chr5	301				chromosome_edge
Snx5:Ctsc	B	GSM9574809	chr2	288	chr7	175	6.22817850112915	3.152145743370056	1.97585359567493	observed
Sorl1:Mthfs	B	GSM9574809	chr9	83	chr9	178	90.41246032714844	74.5263786315918	1.2131605209758913	observed
Ssh1:Acadm	B	GSM9574809	chr5	228	chr3	307	2.441405773162842	3.011566162109375	0.8106764526311523	observed
St3gal1:Rab5c	B	GSM9574809	chr15	134	chr11	201	15.759663581848145	3.4010027647018433	4.633828512406326	observed
St8sia4:Fam174a	B	GSM9574809	chr1	191	chr1	190	5525.9677734375	492.57142639160156	11.218612118690526	observed
Strn:Fez2	B	GSM9574809	chr17	158	chr17	157	1733.0865478515625	291.1307678222656	5.95294877561552	observed
Sympk:Tyrobp	B	GSM9574809	chr7	37	chr7	60	388.5904541015625	204.5523452758789	1.8997115558732516	observed
Tbc1d23:Sirt5	B	GSM9574809	chr16	114	chr13	87	2.0344600677490234	2.777070641517639	0.7325921196722648	observed
Tbk1:Erp27	B	GSM9574809	chr10	242	chr6	273	10.336349487304688	6.085780620574951	1.698442670174359	observed
Tcirg1:Sart1	B	GSM9574809	chr19	7	chr19	10				unavailable_pixels
Tec:Clec4a1	B	GSM9574809	chr5	145	chr6	245	3.4512670040130615	2.94770348072052	1.1708324892873734	observed
Tep1:Slc4a2	B	GSM9574809	chr14	102	chr5	49	4.547282695770264	3.5546092987060547	1.279263714700111	observed
Tiam1:Hcls1	B	GSM9574809	chr16	179	chr16	73	122.60466003417969	94.5942153930664	1.296111601800615	observed
Tmbim6:Rmc1	B	GSM9574809	chr15	198	chr18	24	10.274188995361328	6.768160820007324	1.5180178587054038	observed
Tmem134:Gpnmb	B	GSM9574809	chr19	8	chr6	98				unavailable_pixels
Tmem38b:Uty	B	GSM9574809	chr4	107	chrY	2				chromosome_edge
Tmx1:2700049A03Rik	B	GSM9574809	chr12	141	chr12	142	2883.31884765625	415.35546875	6.941810243484967	observed
Tnfrsf1b:Dhrs3	B	GSM9574809	chr4	289	chr4	289				cis_below_500kb_bin_distance
Tns3:Rab33b	B	GSM9574809	chr11	17	chr3	102	7.567497253417969	5.393138885498047	1.403171217000677	observed
Tpm3:Ubr5	B	GSM9574809	chr3	179	chr15	75	9.072940826416016	4.593500137329102	1.9751693817715856	observed
Trim14:Uqcrh	B	GSM9574809	chr4	93	chr4	231	91.11078643798828	65.92063522338867	1.3821284659839281	observed
Trim25:Il27	B	GSM9574809	chr11	177	chr7	252	6.082014560699463	3.702827572822571	1.6425324812149702	observed
Trmt1:Ing1	B	GSM9574809	chr8	170	chr8	23	114.08525085449219	84.8755874633789	1.34414681846787	observed
Twf2:Tap1	B	GSM9574809	chr9	212	chr17	68	11.798935890197754	10.636307001113892	1.1093075716000023	observed
Tyrobp:B2m	B	GSM9574809	chr7	60	chr2	243	8.036365509033203	3.6469154357910156	2.2036062120234265	observed
Ubap2:Dcaf12	B	GSM9574809	chr4	82	chr4	82				cis_below_500kb_bin_distance
Ubl3:Laptm4a	B	GSM9574809	chr5	296	chr12	17	5.728071689605713	3.2772891521453857	1.7478078447414354	observed
Uhrf1bp1l:1810058I24Rik	B	GSM9574809	chr10	179	chr6	70	3.895003080368042	3.4846829175949097	1.1177496410652854	observed
Uvrag:Gm47754	B	GSM9574809	chr7	197	chr13	75	20.173004150390625	5.2650580406188965	3.8314875153815646	observed
Vegfb:Ppp1ca	B	GSM9574809	chr19	13	chr19	8				unavailable_pixels
Vps13b:Cpq	B	GSM9574809	chr15	70	chr15	67	759.787109375	545.1569519042969	1.393703421961281	observed
Vps8:2510009E07Rik	B	GSM9574809	chr16	42	chr16	42				cis_below_500kb_bin_distance
Vti1a:Trir	B	GSM9574809	chr19	110	chr8	171	6.508732318878174	7.514380693435669	0.8661701588480873	observed
Vti1b:Lyz2	B	GSM9574809	chr12	158	chr10	234	9.13633918762207	5.383897066116333	1.6969750861549358	observed
Wdr91:Ier3ip1	B	GSM9574809	chr6	69	chr18	154	3.6366262435913086	5.277818441390991	0.6890396636366408	observed
Wtap:Tcp1	B	GSM9574809	chr17	26	chr17	26				cis_below_500kb_bin_distance
Ykt6:Map3k20	B	GSM9574809	chr11	11	chr2	144	10.733654022216797	5.545355558395386	1.9356115057341259	observed
Zc3h7a:Ppp4r1	B	GSM9574809	chr16	21	chr17	132	6.388603210449219	6.090641260147095	1.0489212773459142	observed
Zeb2:Tpst2	B	GSM9574809	chr2	90	chr5	224	4.10114049911499	2.676772356033325	1.5321215081555974	observed
Zfyve27:Prpf4b	B	GSM9574809	chr19	84	chr13	70	9.318159103393555	10.50436544418335	0.8870749168911826	observed
Acod1:Gm34643	B	GSM9574809	chr14	206	chr14	206				cis_below_500kb_bin_distance
Clcc1:Sars	B	GSM9574809	chr3	217	chr3	216	4741.92236328125	421.35240173339844	11.254053243255507	observed
Ctsb:Clec2d	B	GSM9574809	chr14	126	chr6	258	5.402919292449951	4.312531232833862	1.2528417768465807	observed
Klf6:Mitf	B	GSM9574809	chr13	11	chr6	195	6.637365341186523	3.288849711418152	2.018141880470571	observed
Laptm4a:Nrp2	B	GSM9574809	chr12	17	chr1	125	5.90514612197876	2.3850499391555786	2.475900409896433	observed
Mrc1:Rsu1	B	GSM9574809	chr2	28	chr2	26	2167.268310546875	724.6515502929688	2.990773026940565	observed
Mrpl4:Slc29a1	B	GSM9574809	chr9	41	chr17	91	11.504995346069336	4.987621545791626	2.306709769464532	observed
Mrpl40:Sh3bgrl3	B	GSM9574809	chr16	37	chr4	267	7.866050720214844	17.248589515686035	0.4560402294379712	observed
Mrs2:Mrps28	B	GSM9574809	chr13	50	chr3	17	5.3109636306762695	6.557746410369873	0.8098763353029258	observed
Ms4a6d:Lair1	B	GSM9574809	chr19	23	chr7	8				unavailable_pixels
Ms4a7:Nsf	B	GSM9574809	chr19	22	chr11	207	20.445140838623047	12.125948905944824	1.686065230622874	observed
Msrb1:Mir155hg	B	GSM9574809	chr17	49	chr16	169	2.8371732234954834	3.909856081008911	0.7256464597958733	observed
Mt1:Paip2b	B	GSM9574809	chr8	189	chr6	167	4.675600528717041	3.510647773742676	1.33183413149204	observed
Mx2:Slc30a7	B	GSM9574809	chr16	194	chr3	231				chromosome_edge
Myo5a:Pcid2	B	GSM9574809	chr9	150	chr8	26	3.8632609844207764	3.550565481185913	1.088069211761283	observed
Naglu:Arhgap9	B	GSM9574809	chr11	201	chr10	254	21.428848266601562	3.164068341255188	6.772561763979069	observed
Ncaph2:Stx5a	B	GSM9574809	chr15	178	chr19	17	15.028834342956543	3.591140389442444	4.1849754432156585	observed
Nceh1:Atp6v1h	B	GSM9574809	chr3	54	chr1	10				unavailable_pixels
Ncoa6:Armc7	B	GSM9574809	chr2	310	chr11	230	26.705474853515625	12.420953273773193	2.1500342417279805	observed
Ncstn:Setdb1	B	GSM9574809	chr1	343	chr3	190	36.030635833740234	4.297639846801758	8.383819286428508	observed
Nf1:Arf6	B	GSM9574809	chr11	158	chr12	138	11.779784202575684	4.29564356803894	2.742262949892145	observed
Nfkb1:Cisd2	B	GSM9574809	chr3	270	chr3	270				cis_below_500kb_bin_distance
Nfkb1:Zranb2	B	GSM9574809	chr3	270	chr3	314	205.9788360595703	193.13985443115234	1.0664750507668763	observed
Niban2:Ptges2	B	GSM9574809	chr2	65	chr2	64	4899.5087890625	681.8219299316406	7.185906721354246	observed
Nrp1:Spred1	B	GSM9574809	chr8	258	chr2	233				chromosome_edge
Nsdhl:Ahnak	B	GSM9574809	chrX	143	chr19	18	3.872030258178711	4.360759496688843	0.8879256609126857	observed
Nup153:Cd74	B	GSM9574809	chr13	93	chr18	121	8.12144660949707	3.8818832635879517	2.0921408651507387	observed
Oas2:Rplp0	B	GSM9574809	chr5	241	chr5	231	407.1016845703125	218.0370330810547	1.8671217399063282	observed
Odf2l:Gtf2b	B	GSM9574809	chr3	289	chr3	284	732.5892333984375	366.8813018798828	1.9968017711578219	observed
Os9:Ube2d3	B	GSM9574809	chr10	253	chr3	270	9.308613777160645	8.19201946258545	1.1363026930874491	observed
Osbpl8:Mcl1	B	GSM9574809	chr10	222	chr3	191	7.9000115394592285	2.1489815711975098	3.676165326563031	observed
Oxr1:Eif3h	B	GSM9574809	chr15	83	chr15	103	153.59596252441406	131.2270736694336	1.170459404675354	observed
Oxr1:Tomm20	B	GSM9574809	chr15	82	chr8	255	6.026134014129639	5.22575831413269	1.153159723792122	observed
P4hb:Oas1a	B	GSM9574809	chr11	240	chr5	242				chromosome_edge
Parp12:Os9	B	GSM9574809	chr6	78	chr10	253	5.3028669357299805	5.301739931106567	1.0002125725965547	observed
Parp8:Usp25	B	GSM9574809	chr13	234	chr16	153	9.525300025939941	7.877896308898926	1.2091172125710892	observed
Pcbp2:F630028O10Rik	B	GSM9574809	chr15	204	chrX	190				chromosome_edge
Pcmt1:Gcn1	B	GSM9574809	chr10	15	chr5	231	9.023460388183594	3.1828635931015015	2.8350132276296502	observed
Pdhx:Nsun2	B	GSM9574809	chr2	205	chr13	139	1.4474987983703613	2.4855399131774902	0.5823679558297227	observed
Pdia3:Ubac1	B	GSM9574809	chr2	242	chr2	51	110.4136734008789	51.051876068115234	2.1627740624763927	observed
Pdxk:Lyz2	B	GSM9574809	chr10	156	chr10	234	162.39463806152344	112.24256134033203	1.4468187122808494	observed
Pfkfb4:Anxa2	B	GSM9574809	chr9	217	chr9	138	82.42034912109375	128.65870666503906	0.6406122932330872	observed
Pgap2:Rhog	B	GSM9574809	chr7	203	chr7	203				cis_below_500kb_bin_distance
Pik3r5:Rspry1	B	GSM9574809	chr11	136	chr8	190	13.13095760345459	3.569650650024414	3.678499352132619	observed
Plaa:Oma1	B	GSM9574809	chr4	188	chr4	206	141.74917602539062	149.37513732910156	0.9489475863248279	observed
Plek:Pgk1	B	GSM9574809	chr11	33	chrX	210	1.0326104164123535	2.2328957319259644	0.46245348658608637	observed
Plekha2:Rftn1	B	GSM9574809	chr8	51	chr17	100	7.589928150177002	5.42901611328125	1.398030138759289	observed
Pltp:Prdx1	B	GSM9574809	chr2	329	chr4	233	14.513678550720215	5.258147239685059	2.7602267279965944	observed
Pnkp:Tyrobp	B	GSM9574809	chr7	89	chr7	60	352.1863098144531	154.69436645507812	2.276658923560251	observed
Polrmt:Rplp2	B	GSM9574809	chr10	159	chr7	282	18.98944854736328	6.0621795654296875	3.1324457387657914	observed
Pot1b:Cd37	B	GSM9574809	chr17	111	chr7	89	3.758479356765747	4.874458074569702	0.7710558382631142	observed
Pphln1:Phf20l1	B	GSM9574809	chr15	186	chr15	132	199.75729370117188	157.9300537109375	1.2648466141016554	observed
Ppm1h:Idnk	B	GSM9574809	chr10	245	chr13	116	2.7346370220184326	3.1707613468170166	0.862454383318256	observed
Ppp3ca:Gpr146	B	GSM9574809	chr3	273	chr5	278	4.524449348449707	4.985821008682251	0.9074632524053478	observed
Ppp3cb:Pirb	B	GSM9574809	chr14	41	chr7	7				unavailable_pixels
Prcc:Pmvk	B	GSM9574809	chr3	175	chr3	178	944.4791870117188	250.06082153320312	3.776997856844642	observed
Prmt9:Arhgap10	B	GSM9574809	chr8	156	chr8	156				cis_below_500kb_bin_distance
Prrc2a:Lilr4b	B	GSM9574809	chr17	70	chr10	102	4.859020709991455	3.4455718994140625	1.4102218301750595	observed
Psap:Lgals3	B	GSM9574809	chr10	120	chr14	95	4.191468715667725	3.1912401914596558	1.3134294080667648	observed
Psmb1:Nmt2	B	GSM9574809	chr17	31	chr2	6				unavailable_pixels
Psmc3:Rnf38	B	GSM9574809	chr2	181	chr4	88				unavailable_pixels
Pspc1:9430038I01Rik	B	GSM9574809	chr14	113	chr7	273	1.6461690664291382	4.48864483833313	0.36674077048173126	observed
Pspc1:Micu2	B	GSM9574809	chr14	114	chr14	116	991.18896484375	396.3437957763672	2.5008312868937095	observed
Ptafr:Oas1g	B	GSM9574809	chr4	264	chr5	242	39.901206970214844	11.763890743255615	3.3918376021207695	observed
Ptbp3:Dtnbp1	B	GSM9574809	chr4	119	chr13	90	7.152012825012207	5.352125406265259	1.3362939546670525	observed
Pten:Pik3ap1	B	GSM9574809	chr19	65	chr19	82	185.20645141601562	185.7383804321289	0.9971361383959755	observed
Ptma:Cox17	B	GSM9574809	chr1	172	chr16	76	4.414801120758057	4.098326802253723	1.0772203715746387	observed
Pxk:Elf1	B	GSM9574809	chr14	28	chr14	159	97.684326171875	55.2898006439209	1.7667693685673538	observed
Rab14:Gba	B	GSM9574809	chr2	70	chr3	178	26.128293991088867	6.019152641296387	4.340859178720119	observed
Rab21:Wdr37	B	GSM9574809	chr10	230	chr13	17	3.9395179748535156	4.298658847808838	0.9164528087316378	observed
Ralb:Lypla1	B	GSM9574809	chr1	238	chr1	9				unavailable_pixels
Rassf3:Slfn2	B	GSM9574809	chr10	242	chr11	165	6.382236957550049	5.022742748260498	1.270667696401608	observed
Rbks:Fam193a	B	GSM9574809	chr5	63	chr5	69	836.6697387695312	448.02410888671875	1.8674658844778376	observed
Rbl1:Hnrnpdl	B	GSM9574809	chr2	314	chr5	200	6.908751487731934	3.7438669204711914	1.8453517805228024	observed
Reep5:Ctnnbl1	B	GSM9574809	chr18	69	chr2	315	15.215580940246582	5.276727914810181	2.883525773148364	observed
Reps1:Arhgap18	B	GSM9574809	chr10	35	chr10	53	86.61509704589844	105.37831497192383	0.821944221341701	observed
Rftn1:Tgif1	B	GSM9574809	chr17	100	chr17	142	177.39437866210938	134.39470672607422	1.319950636327351	observed
Rgs1:Zfp36	B	GSM9574809	chr1	288	chr7	56	2.230963945388794	2.2016512155532837	1.0133139752693043	observed
Rmdn1:Kras	B	GSM9574809	chr4	39	chr6	290	2.9819297790527344	3.2127156257629395	0.9281648693524192	observed
Rnaseh2b:Cd84	B	GSM9574809	chr14	125	chr1	343	13.1285400390625	3.7472023963928223	3.5035577613049287	observed
Rnf130:Dynll2	B	GSM9574809	chr11	99	chr11	175	193.5540771484375	98.08968734741211	1.9732357435589687	observed
Rnf41:Rbms2	B	GSM9574809	chr10	256	chr10	255				unavailable_pixels
Rplp2:Il1a	B	GSM9574809	chr7	282	chr2	258	17.78154182434082	9.13359546661377	1.946828265970184	observed
Rsrp1:Tor1aip2	B	GSM9574809	chr4	269	chr1	311	15.148728370666504	7.048926115036011	2.149083154432966	observed
Rtraf:Psmb2	B	GSM9574809	chr14	39	chr4	253	5.7376251220703125	3.177443742752075	1.8057361786996708	observed
Runx1:Ubac2	B	GSM9574809	chr16	185	chr14	244	6.6689653396606445	6.223496437072754	1.071578558305951	observed
Samd8:Thap1	B	GSM9574809	chr14	43	chr8	53	12.017755508422852	3.772076964378357	3.185978340821949	observed
Sbno1:Rhog	B	GSM9574809	chr5	249	chr7	203	13.389798164367676	3.7302889823913574	3.589480125420188	observed
Scarf1:Gm12185	B	GSM9574809	chr11	150	chr11	97	38.571163177490234	63.05368232727051	0.6117194389582594	observed
Scd2:Wdr26	B	GSM9574809	chr19	88	chr1	362	15.512075424194336	7.826509714126587	1.98199146117401	observed
Scpep1:Gm9774	B	GSM9574809	chr11	177	chr3	184	0.9225948452949524	3.316546678543091	0.2781793638738215	observed
Sdc3:H2-D1	B	GSM9574809	chr4	261	chr17	70	17.7552433013916	16.935495376586914	1.0484041302941736	observed
Sdf2:Rab8a	B	GSM9574809	chr11	156	chr8	145	25.37163543701172	5.672325372695923	4.472880832813224	observed
Sec22b:Rnf13	B	GSM9574809	chr3	195	chr3	115	107.44550323486328	71.28863906860352	1.5071897098703873	observed
Sh3bgrl:Basp1	B	GSM9574809	chrX	216	chr15	50	2.1240859031677246	1.0276212692260742	2.066992934826489	observed
Sh3bp2:Tnip2	B	GSM9574809	chr5	69	chr5	69				cis_below_500kb_bin_distance
Slc16a10:Rpf2	B	GSM9574809	chr10	79	chr10	80	4345.810546875	784.9680480957031	5.536289734872317	observed
Slc16a10:Tpd52	B	GSM9574809	chr10	80	chr3	18	7.400691509246826	5.00886869430542	1.477517571514835	observed
Slc28a2:Eml4	B	GSM9574809	chr2	244	chr17	167	4.492046356201172	6.121144771575928	0.7338572315852392	observed
Slc2a6:Bst2	B	GSM9574809	chr2	53	chr8	143	44.5968017578125	11.442716598510742	3.8973963371265112	observed
Slc37a3:Parp12	B	GSM9574809	chr6	78	chr6	78				cis_below_500kb_bin_distance
Slc4a7:Psmd1	B	GSM9574809	chr14	15	chr1	172	3.338423252105713	2.490957021713257	1.3402171225778825	observed
Slc7a2:Mtus1	B	GSM9574809	chr8	82	chr8	83	3319.700927734375	805.0171508789062	4.123764225532304	observed
Slc7a8:Gch1	B	GSM9574809	chr14	109	chr14	94	217.4438018798828	179.1621551513672	1.2136703853342965	observed
Smg1:Picalm	B	GSM9574809	chr7	235	chr7	179	143.19468688964844	155.24117279052734	0.9224014758176706	observed
Smu1:Chmp5	B	GSM9574809	chr4	81	chr4	81				cis_below_500kb_bin_distance
Snd1:Mkln1	B	GSM9574809	chr6	56	chr6	62	399.43072509765625	212.43120574951172	1.8802827187670583	observed
Snrpd3:Ankrd40	B	GSM9574809	chr10	150	chr11	188	7.049964427947998	3.5918112993240356	1.9627880866889562	observed
Sod2:Hk3	B	GSM9574809	chr17	26	chr13	110	6.789700031280518	5.565231084823608	1.2200212224423237	observed
Sp1:Nudt9	B	GSM9574809	chr15	204	chr5	208				chromosome_edge
Sp100:A630001G21Rik	B	GSM9574809	chr1	171	chr1	171				cis_below_500kb_bin_distance
Spaca6:4933404O12Rik	B	GSM9574809	chr17	36	chr5	273	4.1573381423950195	2.1871622800827026	1.9007908924973866	observed
Spast:Memo1	B	GSM9574809	chr17	149	chr17	149				cis_below_500kb_bin_distance
Spg11:Eif2s2	B	GSM9574809	chr2	243	chr2	309	183.84530639648438	123.4376106262207	1.4893783625898525	observed
Spg21:Acadm	B	GSM9574809	chr9	130	chr3	307	2.762906789779663	2.847556471824646	0.9702728697806153	observed
Spi1:Lgmn	B	GSM9574809	chr2	181	chr12	204	7.780622959136963	3.2571436166763306	2.3887871935706975	observed
Sptlc2:Azi2	B	GSM9574809	chr12	174	chr9	235	6.062119007110596	5.804784297943115	1.0443314851955248	observed
Sptlc2:Ylpm1	B	GSM9574809	chr12	174	chr12	170	596.5149536132812	300.2730712890625	1.9865749234603756	observed
Srd5a1:Ndufs6	B	GSM9574809	chr13	139	chr13	146	478.3649597167969	205.85272979736328	2.3238213075322753	observed
Srek1:Tcp1	B	GSM9574809	chr13	207	chr17	26	4.710738658905029	3.918137550354004	1.2022902714274066	observed
St18:Nrf1	B	GSM9574809	chr1	13	chr6	60	6.972553253173828	4.730954170227051	1.4738154296766728	observed
Stambpl1:Sgms1	B	GSM9574809	chr19	68	chr19	64	1010.383544921875	632.7506713867188	1.5968114940242522	observed
Stimate:Tkt	B	GSM9574809	chr14	61	chr14	60	4755.43798828125	500.9474792480469	9.492887349027999	observed
Stk10:C2cd2	B	GSM9574809	chr11	64	chr16	195				chromosome_edge
Strn3:Fam180a	B	GSM9574809	chr12	103	chr6	70	7.390315055847168	4.253504037857056	1.737465155803745	observed
Stx12:Hnrnpdl	B	GSM9574809	chr4	265	chr5	200	8.180584907531738	3.181191921234131	2.5715471150694085	observed
Stxbp1:Galk2	B	GSM9574809	chr2	65	chr2	251	68.06816864013672	35.469085693359375	1.9190843888282307	observed
Syne3:1700028I16Rik	B	GSM9574809	chr12	209	chr10	165	3.880840301513672	3.7765122652053833	1.0276254991330247	observed
Syngr1:Hnrnpdl	B	GSM9574809	chr15	159	chr5	200	7.985882759094238	4.013679027557373	1.989666514004796	observed
Tapbp:Tap1	B	GSM9574809	chr17	68	chr17	68				cis_below_500kb_bin_distance
Tars:Wdr70	B	GSM9574809	chr15	22	chr15	15	541.5764770507812	363.7525634765625	1.4888595474755366	observed
Tbcb:Prkar1a	B	GSM9574809	chr7	59	chr11	219	5.913069725036621	3.924291253089905	1.5067866638035068	observed
Tbxas1:Bola3	B	GSM9574809	chr6	77	chr6	166	185.6342010498047	96.9456672668457	1.9148272045912198	observed
Thada:Tcf20	B	GSM9574809	chr17	169	chr15	165	10.704263687133789	5.129492282867432	2.0868076403752793	observed
Thbs1:Slc24a3	B	GSM9574809	chr2	235	chr2	290	151.10577392578125	107.4874496459961	1.405799229802546	observed
Tle3:Zbtb37	B	GSM9574809	chr9	122	chr1	321	7.640529155731201	3.5122205018997192	2.175412720129197	observed
Tlr1:Rpl39	B	GSM9574809	chr5	130	chrX	72	3.4667303562164307	1.4234553575515747	2.4354331436002368	observed
Tmem181a:Bin2	B	GSM9574809	chr17	12	chr15	201	21.00391960144043	10.50983715057373	1.998500956819662	observed
Tmem63a:Aim2	B	GSM9574809	chr1	361	chr1	346	182.5748748779297	166.7350311279297	1.095000094718228	observed
Tnfaip3:Lst1	B	GSM9574809	chr10	37	chr17	70	23.522375106811523	13.762064456939697	1.7092184955542817	observed
Tnfaip3:Traf1	B	GSM9574809	chr10	37	chr2	69	19.664474487304688	9.316175937652588	2.1107882267259517	observed
Tor1aip1:Fcgr3	B	GSM9574809	chr1	311	chr1	341	241.5910186767578	161.4809112548828	1.4960964537500567	observed
Tpd52l2:Cmtm7	B	GSM9574809	chr2	362	chr9	229				chromosome_edge
Trim2:Gbp7	B	GSM9574809	chr3	168	chr3	284	79.7068862915039	81.23410415649414	0.9811997943370174	observed
Trrap:Bri3	B	GSM9574809	chr5	289	chr5	288	3732.496826171875	395.6839294433594	9.433026080747531	observed
Tsg101:Ecpas	B	GSM9574809	chr7	93	chr4	117	9.3842191696167	5.099362373352051	1.8402730542658043	observed
Tspan5:Eif4e	B	GSM9574809	chr3	276	chr3	276				cis_below_500kb_bin_distance
Ttc7b:Wdr91	B	GSM9574809	chr12	200	chr6	69	8.2005033493042	4.616367816925049	1.7763973050931054	observed
Tut7:Tmem251	B	GSM9574809	chr13	119	chr12	205	3.840620756149292	3.3187159299850464	1.1572610724071817	observed
Txnrd1:Ntpcr	B	GSM9574809	chr10	165	chr8	252	7.134735584259033	10.186231136322021	0.7004293824452915	observed
Tyrobp:Ostc	B	GSM9574809	chr7	60	chr3	260	3.5904548168182373	2.8276861906051636	1.2697500977114546	observed
Ubc:Bst2	B	GSM9574809	chr5	250	chr8	143	14.720377922058105	3.332979917526245	4.41658164354727	observed
Ube2j2:Mmp12	B	GSM9574809	chr4	312	chr9	14				chromosome_edge
Ube2k:Babam2	B	GSM9574809	chr5	131	chr5	63	219.97909545898438	92.99411392211914	2.3655163341113483	observed
Ube4b:Oas1a	B	GSM9574809	chr4	298	chr5	242	23.483814239501953	4.132096290588379	5.683268875652953	observed
Ubqln1:Rcc2	B	GSM9574809	chr13	116	chr4	280	5.30072546005249	4.326314687728882	1.2252288246824528	observed
Uqcc2:Actb	B	GSM9574809	chr17	54	chr5	285	24.169281005859375	12.471740245819092	1.9379237002600063	observed
Usp15:Qk	B	GSM9574809	chr10	246	chr17	20	4.390532493591309	4.908449411392212	0.8944846173622876	observed
Utrn:Pex7	B	GSM9574809	chr10	24	chr10	39	126.51272583007812	206.96691131591797	0.611270299323194	observed
Vav3:Slc25a24	B	GSM9574809	chr3	218	chr3	218				cis_below_500kb_bin_distance
Vps41:Mgmt	B	GSM9574809	chr13	37	chr7	273	4.036711692810059	2.834015130996704	1.424379019243406	observed
Vps45:Ctsh	B	GSM9574809	chr3	191	chr9	179	7.035506248474121	3.321820855140686	2.1179667884817808	observed
Vrk2:Gm20717	B	GSM9574809	chr11	53	chr15	127	5.3906168937683105	5.044076442718506	1.0687024582171154	observed
Washc4:Riok2	B	GSM9574809	chr10	166	chr17	35	3.028848648071289	3.6595629453659058	0.8276531086606153	observed
Wdfy2:Gpi1	B	GSM9574809	chr14	126	chr7	67	1.7362438440322876	2.1034858226776123	0.8254126675416108	observed
Wipi2:Arpc1b	B	GSM9574809	chr5	285	chr5	290	343.32421875	401.4194030761719	0.8552755948492407	observed
Wwox:Rasa4	B	GSM9574809	chr8	230	chr5	272	4.080926418304443	4.368772983551025	0.9341127208187836	observed
Xpo6:Dusp12	B	GSM9574809	chr7	251	chr1	341	16.038829803466797	4.03732693195343	3.9726358736339766	observed
Yipf5:Airn	B	GSM9574809	chr18	80	chr17	26	5.458934783935547	4.255446434020996	1.2828113027796635	observed
Zc3h7a:Phf11b	B	GSM9574809	chr16	21	chr14	119	5.893041610717773	4.10082745552063	1.4370372015492685	observed
Zdhhc13:Mapk1ip1	B	GSM9574809	chr7	96	chr7	276	55.46146774291992	59.917306900024414	0.9256335208032743	observed
Zeb2:Gtdc1	B	GSM9574809	chr2	90	chr2	89	4045.85791015625	1103.8849487304688	3.6651083202187142	observed
Zfp106:Ndrg3	B	GSM9574809	chr2	240	chr2	313	294.859130859375	157.08743286132812	1.8770383186519282	observed
Zfp36l1:Marcksl1	B	GSM9574809	chr12	160	chr4	258	15.922597885131836	5.926872491836548	2.68650926893788	observed
Zfp655:Atp5j2	B	GSM9574809	chr5	290	chr5	290				cis_below_500kb_bin_distance
Zfp944:Ccdc171	B	GSM9574809	chr17	45	chr4	167	5.508786201477051	2.998133420944214	1.8374052879014795	observed
Zmiz1:Pinx1	B	GSM9574809	chr14	51	chr14	128	139.28314208984375	64.51006698608398	2.159091574341253	observed
1810013L24Rik:Pmm2	C	GSM9574815	chr16	17	chr16	16	2022.9521484375	620.7600402832031	3.258831137897647	observed
Abca3:Nup205	C	GSM9574815	chr17	49	chr6	70	5.336283206939697	3.6563411951065063	1.4594598595124424	observed
Abcc5:Oas1a	C	GSM9574815	chr16	40	chr5	242	9.965070724487305	3.9835771322250366	2.5015382892614633	observed
Abr:Pitpna	C	GSM9574815	chr11	152	chr11	151	4436.29296875	201.3345489501953	22.034434685362513	observed
Acod1:Cd86	C	GSM9574815	chr14	206	chr16	72	6.023658275604248	2.822670817375183	2.1340278995783435	observed
Acsl4:Tmem164	C	GSM9574815	chrX	282	chrX	283	970.6521606445312	220.12786865234375	4.409492385434935	observed
Actr3:Pla2g4a	C	GSM9574815	chr1	250	chr1	299	69.1636734008789	83.28905868530273	0.8304052716240338	observed
Adam8:Tyrobp	C	GSM9574815	chr7	279	chr7	60	24.095388412475586	21.263575553894043	1.1331767016983627	observed
Adprm:Emc2	C	GSM9574815	chr11	133	chr15	86	3.8747012615203857	2.4321478605270386	1.593119120924149	observed
Afg3l2:Cndp2	C	GSM9574815	chr18	135	chr18	169	137.8660125732422	109.73735809326172	1.2563270609820492	observed
Agl:Brk1	C	GSM9574815	chr3	233	chr6	227	2.6270105838775635	1.1794272065162659	2.2273613575839906	observed
Ammecr1:Rab9	C	GSM9574815	chrX	283	chrX	330	39.77199172973633	42.01032829284668	0.9467193746378915	observed
Ampd3:Hapln3	C	GSM9574815	chr7	220	chr7	157	66.79563903808594	52.12321853637695	1.2814949059883756	observed
Ankrd33b:Chd4	C	GSM9574815	chr15	62	chr6	250	3.4500951766967773	2.2114888429641724	1.5600780386811435	observed
Aoah:Sirt5	C	GSM9574815	chr13	42	chr13	87	195.25389099121094	41.83452033996582	4.667291256227905	observed
Aopep:Sdha	C	GSM9574815	chr13	126	chr13	148	103.37828826904297	85.38788223266602	1.210690387979836	observed
Appbp2:Bcas3	C	GSM9574815	chr11	170	chr11	170				cis_below_500kb_bin_distance
Arhgap30:Csnk1g3	C	GSM9574815	chr1	342	chr18	108	3.4795215129852295	3.3271889686584473	1.045784157666345	observed
Arl5b:4930455G09Rik	C	GSM9574815	chr2	30	chr4	283	1.9729762077331543	1.610048234462738	1.2254143481555526	observed
Arrb1:Cnot7	C	GSM9574815	chr7	198	chr8	81	3.4183149337768555	1.1112263798713684	3.0761643133171006	observed
Asl:Cct6a	C	GSM9574815	chr5	260	chr5	259	2213.927490234375	776.208984375	2.8522312093785147	observed
Atp1b3:Mthfs	C	GSM9574815	chr9	192	chr9	178	132.08709716796875	183.34912872314453	0.7204130070747107	observed
Atp6v0a1:Akr1a1	C	GSM9574815	chr11	201	chr4	232	9.879606246948242	3.330215573310852	2.966656671155399	observed
Atxn7l1:Mir99ahg	C	GSM9574815	chr12	66	chr16	154	9.135407447814941	3.3155254125595093	2.7553423096107768	observed
Babam2:Mrpl33	C	GSM9574815	chr5	63	chr5	63				cis_below_500kb_bin_distance
Cacna1d:Ninj1	C	GSM9574815	chr14	59	chr13	98	4.224910736083984	2.330059051513672	1.8132204560821596	observed
Ccdc97:Ddrgk1	C	GSM9574815	chr7	50	chr2	260	7.4177374839782715	2.6576720476150513	2.7910657715028533	observed
Cd36:Ppp1cb	C	GSM9574815	chr5	36	chr5	65	18.526098251342773	24.57872200012207	0.7537453839646652	observed
Cdk18:Spcs2	C	GSM9574815	chr1	264	chr7	198	27.922700881958008	12.0800461769104	2.311473025271128	observed
Chchd3:1810058I24Rik	C	GSM9574815	chr6	65	chr6	70	371.7037353515625	249.66132354736328	1.4888318705922687	observed
Chd1:Ttc27	C	GSM9574815	chr17	31	chr17	150	111.18617248535156	93.55095672607422	1.1885091973021171	observed
Clcn7:Psmb9	C	GSM9574815	chr17	50	chr17	68	251.87445068359375	160.34697723388672	1.5708088485896583	observed
Cltc:Cfl1	C	GSM9574815	chr11	173	chr19	11	28.8631591796875	12.864290714263916	2.2436650275389107	observed
Copb2:Gch1	C	GSM9574815	chr9	196	chr14	94	2.452314615249634	2.899577260017395	0.8457490162669168	observed
Cpq:Mdfic	C	GSM9574815	chr15	66	chr6	31	6.6796674728393555	4.730248212814331	1.4121177520333945	observed
Ctcf:Lamp1	C	GSM9574815	chr8	212	chr8	26	97.00362396240234	60.551116943359375	1.6020121322145273	observed
Cyb5a:2610001J05Rik	C	GSM9574815	chr18	169	chr6	27	3.545349359512329	3.1089175939559937	1.1403806155572591	observed
Dcp1a:Nmd3	C	GSM9574815	chr14	60	chr3	139	2.73101544380188	1.0222500562667847	2.671572798709776	observed
Dcstamp:Degs1	C	GSM9574815	chr15	79	chr1	364	2.0304346084594727	3.0899083614349365	0.657118066607176	observed
Dennd4c:Fbxl4	C	GSM9574815	chr4	173	chr4	44	93.40380096435547	72.64345169067383	1.2857841799985243	observed
Disp1:Mtarc2	C	GSM9574815	chr1	365	chr1	369	455.3668212890625	304.78607177734375	1.4940539068390335	observed
Dnajc5:Dpep2	C	GSM9574815	chr2	362	chr8	213				chromosome_edge
Dnase2a:Kdm3b	C	GSM9574815	chr8	171	chr18	69	10.172636985778809	5.589599609375	1.8199223015396375	observed
Dnmt3a:Ethe1	C	GSM9574815	chr12	7	chr7	48				unavailable_pixels
Dtx2:Fam53a	C	GSM9574815	chr5	272	chr5	67	142.77687072753906	100.25892639160156	1.4240813847324334	observed
Eif3a:Dennd10	C	GSM9574815	chr19	121	chr19	121				cis_below_500kb_bin_distance
Emc3:Ndufa7	C	GSM9574815	chr6	227	chr17	68	13.615615844726562	6.1112380027771	2.2279636038621446	observed
Epb41l1:Dlgap4	C	GSM9574815	chr2	312	chr2	313	3533.736572265625	371.73052978515625	9.506177967970421	observed
Eprs:Exo1	C	GSM9574815	chr1	370	chr1	351	347.9212951660156	151.01422882080078	2.30389743988212	observed
Exoc1:Npm1	C	GSM9574815	chr5	153	chr11	66	2.7648520469665527	2.96379554271698	0.9328754318970157	observed
Fbxw11:Rtn4	C	GSM9574815	chr11	65	chr11	59	295.7535400390625	281.3210754394531	1.0513024649044311	observed
Foxo3:Copz1	C	GSM9574815	chr10	84	chr15	206				chromosome_edge
Fubp1:Pgd	C	GSM9574815	chr3	303	chr4	298	2.6574759483337402	3.910437822341919	0.6795852712835635	observed
Gab2:Mapk1	C	GSM9574815	chr7	193	chr16	33	3.9788858890533447	2.6396502256393433	1.5073534555471753	observed
Gatm:Snx5	C	GSM9574815	chr2	244	chr2	288	120.29788970947266	73.06314849853516	1.6464920028991703	observed
Gna11:4932438A13Rik	C	GSM9574815	chr10	162	chr3	74	7.5552287101745605	1.9932734370231628	3.790362410817982	observed
Golga4:Bcl2a1b	C	GSM9574815	chr9	236	chr9	178	77.573486328125	61.70391845703125	1.2571889803423884	observed
Gpnmb:Arf2	C	GSM9574815	chr6	98	chr11	207	15.539005279541016	11.457555770874023	1.356223403166175	observed
Gsdmd:Tmem106a	C	GSM9574815	chr15	151	chr11	202	19.254606246948242	9.210039138793945	2.0906106865328296	observed
H2-Q7:Tmem179b	C	GSM9574815	chr17	71	chr19	17	13.655389785766602	17.896403312683105	0.7630242539342575	observed
Hmbox1:Emc4	C	GSM9574815	chr14	130	chr2	224	1.636206030845642	0.9371903538703918	1.7458630726281676	observed
Hnrnpll:Galm	C	GSM9574815	chr17	160	chr17	160				cis_below_500kb_bin_distance
Hsd17b4:Wdr36	C	GSM9574815	chr18	100	chr18	65	128.767333984375	97.40996551513672	1.3219112983297956	observed
Ifngr2:Parp14	C	GSM9574815	chr16	182	chr16	71	72.5494155883789	68.04631042480469	1.0661770658168224	observed
Il7r:Pygm	C	GSM9574815	chr15	19	chr19	12	4.322876930236816	7.861127614974976	0.5499054514777239	observed
Iqgap1:Dusp10	C	GSM9574815	chr7	160	chr1	367	5.438793659210205	2.4034430980682373	2.262917588347161	observed
Itgav:AI182371	C	GSM9574815	chr2	167	chr2	69	59.017208099365234	25.30702304840088	2.332048616958701	observed
Itsn1:Gm34342	C	GSM9574815	chr16	183	chr1	368	8.735605239868164	4.3960041999816895	1.9871694480875497	observed
Kansl1:Lsm12	C	GSM9574815	chr11	208	chr11	204	503.69384765625	345.90892028808594	1.4561458757315504	observed
Kat5:Capg	C	GSM9574815	chr19	11	chr6	145	8.585545539855957	2.732780694961548	3.1416884478455236	observed
Knstrn:Ralgapa2	C	GSM9574815	chr2	237	chr2	292	46.6643180847168	66.58886337280273	0.7007826192116108	observed
Large1:Rpia	C	GSM9574815	chr8	147	chr6	141	3.7924766540527344	2.537716031074524	1.4944448502565189	observed
Ldlrad3:1700012C14Rik	C	GSM9574815	chr2	203	chr6	60	2.656404972076416	1.8039438128471375	1.4725541633604717	observed
Lncpint:Gt(ROSA)26Sor	C	GSM9574815	chr6	62	chr6	226	92.66874694824219	39.031293869018555	2.3742166288214914	observed
Lrp1:Mndal	C	GSM9574815	chr10	254	chr1	347	7.355508327484131	3.810257911682129	1.9304489349480458	observed
Map3k2:St14	C	GSM9574815	chr18	64	chr9	62	4.308414459228516	3.4122493267059326	1.2626317852885942	observed
Mapkapk3:Rftn1	C	GSM9574815	chr9	214	chr17	100	5.212841987609863	2.8644204139709473	1.8198592504733961	observed
Marchf8:Dcp1b	C	GSM9574815	chr6	232	chr6	238	172.37168884277344	299.0639343261719	0.5763706988980407	observed
Med15:Eif4g1	C	GSM9574815	chr16	34	chr16	41	363.7211608886719	222.5941162109375	1.6340106696441057	observed
Mertk:Laptm4a	C	GSM9574815	chr2	257	chr12	17	1.8252818584442139	0.99202960729599	1.8399469582560635	observed
Mink1:Crat	C	GSM9574815	chr11	140	chr2	60	30.975000381469727	9.640894889831543	3.212876059269116	observed
Mink1:Tmem65	C	GSM9574815	chr11	140	chr15	117	10.862523078918457	3.643872380256653	2.9810382871184324	observed
Mpdu1:Hk3	C	GSM9574815	chr11	139	chr13	110	28.884353637695312	5.294921398162842	5.455105272708525	observed
Ms4a7:Cog6	C	GSM9574815	chr19	22	chr3	105	6.260423183441162	4.132696151733398	1.514852036923963	observed
Mtx1:1810009A15Rik	C	GSM9574815	chr3	178	chr19	17	9.579216003417969	8.530800819396973	1.1228976278097074	observed
Myo1b:Atp6v1h	C	GSM9574815	chr1	103	chr1	10				unavailable_pixels
Myo1g:Jmjd1c	C	GSM9574815	chr11	12	chr10	134	2.6629350185394287	2.683111786842346	0.9924800865912997	observed
Nav1:Cd84	C	GSM9574815	chr1	271	chr1	343	111.07575225830078	63.6471061706543	1.7451815006400773	observed
Nckap1l:Fuca1	C	GSM9574815	chr15	206	chr4	271				chromosome_edge
Nedd4l:Lman1	C	GSM9574815	chr18	130	chr18	132	939.384765625	316.6820068359375	2.9663345101626324	observed
Nfat5:Arhgap10	C	GSM9574815	chr8	216	chr8	156	93.13467407226562	91.01731491088867	1.0232632567050564	observed
Nod1:Lyn	C	GSM9574815	chr6	109	chr4	7				unavailable_pixels
Npc1:Slx4	C	GSM9574815	chr18	24	chr16	7				unavailable_pixels
Npepps:Mocs2	C	GSM9574815	chr11	194	chr13	229	1.8097002506256104	3.5274640321731567	0.5130315246646788	observed
Nudt3:Anks1	C	GSM9574815	chr17	55	chr17	56	3866.4619140625	592.6255798339844	6.524291298977736	observed
Ogdh:Rabep1	C	GSM9574815	chr11	12	chr11	141	119.68988037109375	74.07987213134766	1.6156869190983087	observed
Osbpl8:Spty2d1	C	GSM9574815	chr10	222	chr7	93	4.006468296051025	0.9823499321937561	4.078453272861631	observed
Osbpl9:Acot7	C	GSM9574815	chr4	217	chr4	304	60.68710708618164	93.75500106811523	0.6472946124984951	observed
Pacc1:Atf3	C	GSM9574815	chr1	382	chr1	381	4640.0537109375	621.3672180175781	7.46749036059742	observed
Parp11:Lyn	C	GSM9574815	chr6	254	chr4	7				unavailable_pixels
Pdap1:Atp5j2	C	GSM9574815	chr5	290	chr5	290				cis_below_500kb_bin_distance
Pgap2:Tnip3	C	GSM9574815	chr7	203	chr6	131	2.819176197052002	2.128295421600342	1.324616953285631	observed
Pigt:Cd63	C	GSM9574815	chr2	328	chr10	257				chromosome_edge
Pik3ap1:Prdx1	C	GSM9574815	chr19	82	chr4	233	10.387322425842285	3.2859408855438232	3.1611409905577723	observed
Pkp4:Hacd1	C	GSM9574815	chr2	117	chr2	28	91.3834457397461	72.75147247314453	1.2561044145667206	observed
Plekhm2:Map4	C	GSM9574815	chr4	282	chr9	219	5.710329055786133	3.5889209508895874	1.5910991448197573	observed
Pmm2:Morf4l1	C	GSM9574815	chr16	16	chr9	179	3.180785894393921	2.939113736152649	1.0822262014799144	observed
Por:Ctsl	C	GSM9574815	chr5	271	chr13	129	1.7325271368026733	1.3204949498176575	1.3120285973391355	observed
Ppard:Mapk14	C	GSM9574815	chr17	56	chr17	57	4519.2109375	592.6255798339844	7.625743962597754	observed
Ppp2r5c:Ddx24	C	GSM9574815	chr12	221	chr12	206	148.474609375	215.48221588134766	0.6890341681689199	observed
Prpf39:Mrps9	C	GSM9574815	chr12	130	chr1	85	1.9263617992401123	1.9075509905815125	1.0098612350345955	observed
Psmc2:Pmpcb	C	GSM9574815	chr5	44	chr5	43	654.19580078125	242.45238494873047	2.698244444654928	observed
Ptpn6:Ptms	C	GSM9574815	chr6	249	chr6	249				cis_below_500kb_bin_distance
Ptprj:Tlcd2	C	GSM9574815	chr2	180	chr11	150	2.7964589595794678	2.287734866142273	1.2223702147334226	observed
Rab31:Ppp4r1	C	GSM9574815	chr17	132	chr17	132				cis_below_500kb_bin_distance
Rac1:Reep5	C	GSM9574815	chr5	287	chr18	68	4.947889804840088	3.8096734285354614	1.2987700645884985	observed
Rasa3:Rab20	C	GSM9574815	chr8	27	chr8	23	541.28564453125	405.16058349609375	1.3359780456937482	observed
Rbks:Babam2	C	GSM9574815	chr5	63	chr5	64	5370.5927734375	691.6770629882812	7.7645957352332955	observed
Rcbtb2:Itm2b	C	GSM9574815	chr14	146	chr14	147	3549.0263671875	340.4914855957031	10.42324556509347	observed
Ric1:Ppcdc	C	GSM9574815	chr19	59	chr9	114	8.87590503692627	6.569746494293213	1.351027021306879	observed
Rnf130:Abhd12	C	GSM9574815	chr11	99	chr2	301	2.722919464111328	2.1201515197753906	1.2843041823726802	observed
Rnf130:Plcl2	C	GSM9574815	chr11	99	chr17	101	3.6080827713012695	3.8242262601852417	0.9434804652814913	observed
Rtf1:Rmdn3	C	GSM9574815	chr2	239	chr2	237	953.4127197265625	367.8995056152344	2.591503128367027	observed
Runx1:Mrps6	C	GSM9574815	chr16	185	chr16	183	1716.4962158203125	473.94207763671875	3.6217426069858765	observed
Sec22b:Rap1a	C	GSM9574815	chr3	195	chr3	211	176.7867889404297	139.293212890625	1.269170157481005	observed
Septin7:Tmem120a	C	GSM9574815	chr9	50	chr5	271	1.9424620866775513	1.7341452240943909	1.1201265382441936	observed
Sf3b1:Gpnmb	C	GSM9574815	chr1	110	chr6	98	4.7954583168029785	3.3029547929763794	1.451869195122003	observed
Sh3gl1:Nnt	C	GSM9574815	chr17	112	chr13	238				chromosome_edge
Sh3pxd2b:Rab2a	C	GSM9574815	chr11	64	chr4	17	7.212623119354248	6.973196029663086	1.0343353447504802	observed
Sh3tc1:C1qb	C	GSM9574815	chr5	71	chr4	273	20.456960678100586	10.956484317779541	1.8671099309569794	observed
Slc23a2:Ppp1r1c	C	GSM9574815	chr2	263	chr2	159	44.20356750488281	29.509578704833984	1.49793963333139	observed
Slc25a13:Sem1	C	GSM9574815	chr6	12	chr6	13	2083.89306640625	630.9298400878906	3.3028919128566763	observed
Smad4:Dym	C	GSM9574815	chr18	147	chr18	150	559.5894775390625	491.3090515136719	1.1389765277375326	observed
Snd1:Lmf1	C	GSM9574815	chr6	56	chr17	51	4.408777236938477	5.983966112136841	0.7367650742534246	observed
Snrnp200:Kansl2	C	GSM9574815	chr2	254	chr15	196	13.95410442352295	5.381346940994263	2.5930505088275866	observed
Soat1:Topbp1	C	GSM9574815	chr1	312	chr9	206	3.269604444503784	2.652186632156372	1.2327957636395361	observed
Sppl2a:Psma3	C	GSM9574815	chr2	253	chr12	142	5.456235885620117	4.131803274154663	1.3205459029838305	observed
Srpk1:Esd	C	GSM9574815	chr17	57	chr14	149	21.22210693359375	14.56670093536377	1.4568917854332113	observed
Ssh1:Ifi204	C	GSM9574815	chr5	228	chr1	347	4.992751121520996	1.5556955933570862	3.2093368026755003	observed
Stau2:Eloc	C	GSM9574815	chr1	33	chr1	33				cis_below_500kb_bin_distance
Stxbp3:Asb6	C	GSM9574815	chr3	217	chr2	61	19.125871658325195	2.92224657535553	6.544920548327884	observed
Tanc2:Rnaset2b	C	GSM9574815	chr11	210	chr17	14	8.365632057189941	4.952276229858398	1.689249886093115	observed
Tbc1d23:Xdh	C	GSM9574815	chr16	114	chr17	148	5.018089771270752	2.982627749443054	1.6824391753908208	observed
Tbxas1:Bpgm	C	GSM9574815	chr6	77	chr6	68	216.64776611328125	202.300048828125	1.0709229551266501	observed
Tgm2:1110038F14Rik	C	GSM9574815	chr2	315	chr15	153	6.8505706787109375	3.9599543809890747	1.7299620196634375	observed
Tm9sf2:Mad1l1	C	GSM9574815	chr14	244	chr5	280	4.755093574523926	2.8284003734588623	1.6811953566209237	observed
Tmcc3:Tnip3	C	GSM9574815	chr10	188	chr6	131	2.285693645477295	1.7240769267082214	1.3257492227109424	observed
Tmem134:H2-Q4	C	GSM9574815	chr19	8	chr17	71				unavailable_pixels
Tmem67:Chaserr	C	GSM9574815	chr4	24	chr7	146	3.070667266845703	2.7218188047409058	1.128167408314311	observed
Tnfrsf1b:Prxl2b	C	GSM9574815	chr4	289	chr4	309				chromosome_edge
Tomm70a:Ltn1	C	GSM9574815	chr16	113	chr16	174	123.37944030761719	113.42677307128906	1.0877453088617168	observed
Trappc10:Lyz2	C	GSM9574815	chr10	156	chr10	234	135.96226501464844	79.47101211547852	1.710840989631327	observed
Trim25:Atox1	C	GSM9574815	chr11	177	chr11	110	112.91143798828125	88.2302131652832	1.279736656385067	observed
Trim30c:Gm15133	C	GSM9574815	chr7	208	chr7	207	2920.33740234375	286.4347229003906	10.19547271634143	observed
Tspan31:Nup88	C	GSM9574815	chr10	253	chr11	141	4.2372612953186035	2.654621124267578	1.5961830698110198	observed
Txlng:Sms	C	GSM9574815	chrX	323	chrX	312	46.44114303588867	67.87981414794922	0.6841672096312266	observed
Ube2g1:Skap2	C	GSM9574815	chr11	145	chr6	103	5.74677038192749	6.21222996711731	0.9250736711851302	observed
Ubxn2b:Nsmaf	C	GSM9574815	chr4	12	chr4	12				cis_below_500kb_bin_distance
Ufsp2:Oas1g	C	GSM9574815	chr8	92	chr5	242	2.488917350769043	0.9875318109989166	2.5203414442431296	observed
Uty:Csnk1g3	C	GSM9574815	chrY	2	chr18	108				chromosome_edge
Uxt:Pi4k2a	C	GSM9574815	chrX	41	chr19	84	3.2659175395965576	1.0015138983726501	3.260980746151715	observed
Vezt:Tmem19	C	GSM9574815	chr10	187	chr10	230	30.807842254638672	64.99733924865723	0.47398620637036504	observed
Vps13d:Cmpk1	C	GSM9574815	chr4	289	chr4	229	197.2211151123047	107.16002655029297	1.8404354819727833	observed
Vsir:Dctn6	C	GSM9574815	chr10	120	chr8	69	6.8994879722595215	2.5534896850585938	2.7019838821480113	observed
Wasl:Chchd3	C	GSM9574815	chr6	49	chr6	65	136.61253356933594	69.16130828857422	1.9752739927839824	observed
Wdr41:Tbca	C	GSM9574815	chr13	190	chr13	189	2607.17041015625	394.29017639160156	6.612313890282819	observed
Wdyhv1:Prdx1	C	GSM9574815	chr15	116	chr4	233	4.99785041809082	1.931556224822998	2.5874734340434786	observed
Wwox:Maf	C	GSM9574815	chr8	230	chr8	232	2471.1240234375	534.660888671875	4.621852983441333	observed
Ypel2:Capg	C	GSM9574815	chr11	173	chr6	145	6.104918956756592	1.8504084348678589	3.2992278038294587	observed
Zbtb17:Dhrs3	C	GSM9574815	chr4	282	chr4	289	103.3342514038086	249.28740692138672	0.41451853777914766	observed
Zcchc8:Sars	C	GSM9574815	chr5	247	chr3	216	24.153766632080078	2.850162982940674	8.474521203401244	observed
Zfp266:Ly6a	C	GSM9574815	chr9	40	chr15	149	3.5216352939605713	2.6495813131332397	1.3291289746439567	observed
Zfp386:Gm20658	C	GSM9574815	chr12	232	chr12	232				cis_below_500kb_bin_distance
Zfp704:Mrps28	C	GSM9574815	chr3	19	chr3	17	993.6658935546875	537.5648193359375	1.848457819062972	observed
Zkscan17:Sp3os	C	GSM9574815	chr11	118	chr2	145	4.299597263336182	1.9763107895851135	2.175567368247175	observed
4833420G17Rik:Zfp951	C	GSM9574815	chr13	239	chr5	209				chromosome_edge
Abca1:Pgm1	C	GSM9574815	chr4	106	chr4	199	47.84174346923828	39.307498931884766	1.2171149213065515	observed
Abca3:Nek2	C	GSM9574815	chr17	49	chr1	383	4.528449058532715	1.9186930060386658	2.360173849740638	observed
Abcc5:Clic5	C	GSM9574815	chr16	40	chr17	89	8.13405990600586	5.441497087478638	1.4948202259857943	observed
Abl2:Soat1	C	GSM9574815	chr1	312	chr1	312				cis_below_500kb_bin_distance
Acbd5:Eif6	C	GSM9574815	chr2	45	chr2	311	9.399662017822266	13.246836185455322	0.7095778860874604	observed
Acp2:Renbp	C	GSM9574815	chr2	182	chrX	145	6.205236911773682	0.3315564692020416	18.71547530563301	observed
Actr2:Nf1	C	GSM9574815	chr11	40	chr11	158	57.7708854675293	30.277262687683105	1.9080617050309072	observed
Adam10:Mta3	C	GSM9574815	chr9	141	chr17	168	7.240951061248779	3.9794209003448486	1.819599193596559	observed
Adgre1:Pals2	C	GSM9574815	chr17	115	chr6	100	5.737417697906494	2.0399965047836304	2.812464474548218	observed
Aff4:Cdc42se2	C	GSM9574815	chr11	106	chr11	109	683.63720703125	295.08111572265625	2.3167772202467667	observed
Ankfy1:Ube2g1	C	GSM9574815	chr11	145	chr11	145				cis_below_500kb_bin_distance
Aoah:Blcap	C	GSM9574815	chr13	42	chr2	314	5.085940837860107	1.9017047882080078	2.6744113331347457	observed
Aopep:Akr1e1	C	GSM9574815	chr13	126	chr13	9				unavailable_pixels
Ap5z1:Blvrb	C	GSM9574815	chr5	284	chr7	54	2.8022453784942627	5.2618396282196045	0.5325600125601757	observed
App:Opa1	C	GSM9574815	chr16	169	chr16	58	105.80448913574219	67.26957702636719	1.572843086173572	observed
Arhgap10:Mrps28	C	GSM9574815	chr8	156	chr3	17	3.0236761569976807	2.185565948486328	1.3834751401996395	observed
Arid5b:Nampt	C	GSM9574815	chr10	136	chr12	65	6.478748798370361	2.19663667678833	2.949394802896055	observed
Arrb1:C2cd3	C	GSM9574815	chr7	198	chr7	200	1314.122802734375	493.55975341796875	2.662540439397449	observed
Ash2l:Hgsnat	C	GSM9574815	chr8	52	chr8	52				cis_below_500kb_bin_distance
Asph:Rab2a	C	GSM9574815	chr4	19	chr4	17	1533.435791015625	456.4461212158203	3.3595110567071162	observed
Atp2b1:Hnrnpdl	C	GSM9574815	chr10	197	chr5	200	2.720954656600952	3.5251986980438232	0.771858521935471	observed
Atp2b1:Spata6	C	GSM9574815	chr10	197	chr4	223	1.9965182542800903	2.08684766292572	0.9567149005409481	observed
Atp8a1:Tmem33	C	GSM9574815	chr5	135	chr5	134	2429.529541015625	331.8459014892578	7.3212582409859035	observed
B4galt5:Zfas1	C	GSM9574815	chr2	334	chr2	333	4857.04443359375	288.81034088134766	16.817418721129435	observed
Bbx:Ntan1	C	GSM9574815	chr16	100	chr16	27	113.64228057861328	84.60432434082031	1.3432207096272808	observed
Bin1:Ndufs8	C	GSM9574815	chr18	65	chr19	7				unavailable_pixels
Birc6:Samhd1	C	GSM9574815	chr17	149	chr2	313	8.12077522277832	2.576700806617737	3.151617448918301	observed
Btaf1:Atp8b4	C	GSM9574815	chr19	73	chr2	252	7.673967361450195	2.581999897956848	2.9721021164728363	observed
Btrc:Fbxw4	C	GSM9574815	chr19	90	chr19	91	3982.277099609375	445.31719970703125	8.942562969113402	observed
Car5b:Gm20658	C	GSM9574815	chrX	325	chr12	232	3.4873149394989014	3.15117609500885	1.106670917256088	observed
Cd274:Lacc1	C	GSM9574815	chr19	58	chr14	154	5.665173530578613	5.0435872077941895	1.1232429017632222	observed
Cd86:Atp5c1	C	GSM9574815	chr16	72	chr2	20	4.194614887237549	4.251986026763916	0.9865072135314539	observed
Cisd2:Ddrgk1	C	GSM9574815	chr3	270	chr2	260	1.964909553527832	3.2188562154769897	0.6104371932117073	observed
Clic5:Tnip3	C	GSM9574815	chr17	88	chr6	131	4.342995643615723	1.8992035388946533	2.286745761933115	observed
Cog6:Dhx36	C	GSM9574815	chr3	105	chr3	124	86.47306823730469	109.32038879394531	0.791005860766697	observed
Coro1b:Pitpnm1	C	GSM9574815	chr19	8	chr19	8				cis_below_500kb_bin_distance
Csf2rb2:Ncf4	C	GSM9574815	chr15	156	chr15	156				cis_below_500kb_bin_distance
Cux1:Cmtm7	C	GSM9574815	chr5	273	chr9	229	4.9229583740234375	1.9784075021743774	2.4883439678695307	observed
Cyrib:Pvt1	C	GSM9574815	chr15	127	chr15	124	1778.535888671875	554.4776916503906	3.207587817244914	observed
Dennd1a:Zglp1	C	GSM9574815	chr2	76	chr9	41	6.399078369140625	4.048874735832214	1.5804584697346398	observed
Dhrs3:Tusc3	C	GSM9574815	chr4	289	chr8	79	3.5867197513580322	1.9712474942207336	1.819517722596229	observed
Dnajc5:Tpd52l2	C	GSM9574815	chr2	362	chr2	362				cis_below_500kb_bin_distance
Dram1:Krtcap2	C	GSM9574815	chr10	176	chr3	178	4.705524921417236	1.8053850531578064	2.6063830057675417	observed
Ehd1:B2m	C	GSM9574815	chr19	12	chr2	243	6.860783100128174	4.010887384414673	1.7105399485379467	observed
Eif4g2:Nono	C	GSM9574815	chr7	221	chrX	200	1.7425756454467773	1.297022521495819	1.3435199594199139	observed
Emilin2:Memo1	C	GSM9574815	chr17	143	chr17	149	435.2740478515625	373.27366638183594	1.1660989966709947	observed
Evl:H2-Oa	C	GSM9574815	chr12	217	chr17	68	3.013601779937744	1.768753170967102	1.7038000719399393	observed
Exoc6b:Chchd3	C	GSM9574815	chr6	170	chr6	65	72.48734283447266	83.33551025390625	0.869825391524196	observed
Fkbp8:Pirb	C	GSM9574815	chr8	141	chr7	7				unavailable_pixels
Frrs1:Blnk	C	GSM9574815	chr3	233	chr19	81	2.6051454544067383	1.9154280424118042	1.3600852638277545	observed
G3bp1:Skp1	C	GSM9574815	chr11	110	chr11	104	350.43438720703125	195.67186737060547	1.7909288234230587	observed
Gask1b:Sh3glb1	C	GSM9574815	chr3	159	chr3	288	51.065433502197266	37.970611572265625	1.3448672904572418	observed
Gle1:Stk38	C	GSM9574815	chr2	59	chr17	58	52.850067138671875	48.86553192138672	1.0815408133425284	observed
Gltp:Ankrd13a	C	GSM9574815	chr5	229	chr5	229				cis_below_500kb_bin_distance
Gng12:Ipo8	C	GSM9574815	chr6	133	chr6	297				chromosome_edge
Gpatch8:Trp53	C	GSM9574815	chr11	204	chr11	138	163.1995849609375	80.17622375488281	2.035510994629483	observed
Gramd1a:Xdh	C	GSM9574815	chr7	61	chr17	148	4.9734954833984375	2.628116011619568	1.8924185467495924	observed
Gusb:Degs1	C	GSM9574815	chr5	260	chr1	364	2.495837450027466	1.6784180998802185	1.4870177163875813	observed
Hexa:Clk3	C	GSM9574815	chr9	118	chr9	115	700.5140991210938	433.62962341308594	1.6154664287171343	observed
Hnrnph3:Ddx50	C	GSM9574815	chr10	125	chr10	124	3036.26904296875	283.6050567626953	10.705976394170321	observed
Ifnar1:Necap2	C	GSM9574815	chr16	182	chr4	281	10.690073013305664	3.4447460174560547	3.1032978800568536	observed
Igf2r:Oas2	C	GSM9574815	chr17	25	chr5	241	3.844974994659424	2.363978385925293	1.6264848348663936	observed
Inppl1:Il18bp	C	GSM9574815	chr7	202	chr7	203	3937.0703125	288.0868339538574	13.66626255863743	observed
Irgm1:Ifi47	C	GSM9574815	chr11	97	chr11	97				cis_below_500kb_bin_distance
Itpr1:Ccdc91	C	GSM9574815	chr6	216	chr6	294				unavailable_pixels
Jdp2:Rnaset2b	C	GSM9574815	chr12	171	chr17	14	8.685410499572754	4.830677032470703	1.7979696098893418	observed
Kansl1:Rilpl2	C	GSM9574815	chr11	208	chr5	249	11.867427825927734	6.949804067611694	1.7075917120072113	observed
Khsrp:Prmt1	C	GSM9574815	chr17	114	chr7	89	25.304121017456055	2.5893032550811768	9.77255984512434	observed
Kif16b:Taf4	C	GSM9574815	chr2	285	chr2	359				chromosome_edge
Kmt2e:Dmxl1	C	GSM9574815	chr5	47	chr18	99	2.7352817058563232	1.9718498587608337	1.3871653025221968	observed
Lamb3:Mul1	C	GSM9574815	chr1	385	chr4	276	1.8835129737854004	2.1009180545806885	0.8965190097151701	observed
Lcp1:Itm2b	C	GSM9574815	chr14	150	chr14	147	801.3176879882812	280.6022491455078	2.8557065755119933	observed
Lmf1:Srsf5	C	GSM9574815	chr17	51	chr12	161	13.483622550964355	7.228203773498535	1.8654181555313465	observed
Lpxn:Sem1	C	GSM9574815	chr19	25	chr6	13	9.591498374938965	4.903013706207275	1.9562454746549067	observed
Macf1:Capzb	C	GSM9574815	chr4	246	chr4	277	140.76502990722656	94.96707916259766	1.4822508088957442	observed
Malt1:Capg	C	GSM9574815	chr18	131	chr6	145	3.863776206970215	2.0657474994659424	1.8704010088208345	observed
Map2k1:Hif1a	C	GSM9574815	chr9	128	chr12	147	8.408979415893555	5.284470796585083	1.5912623495483376	observed
Map3k1:Gm47283	C	GSM9574815	chr13	223	chrY	181				chromosome_edge
Mapkapk2:Arhgef2	C	GSM9574815	chr1	262	chr3	177	29.632556915283203	3.0640130043029785	9.67115899105794	observed
Marchf7:Mrpl15	C	GSM9574815	chr2	120	chr1	9				unavailable_pixels
Mcub:Amy1	C	GSM9574815	chr3	259	chr3	226	73.57274627685547	76.60219955444336	0.9604521372074339	observed
Mef2a:Ftx	C	GSM9574815	chr7	134	chrX	205	0.73325514793396	0.7765857875347137	0.944203666489561	observed
Mef2d:Blvrb	C	GSM9574815	chr3	176	chr7	54	12.399140357971191	4.221188068389893	2.9373579563586354	observed
Mertk:Aopep	C	GSM9574815	chr2	257	chr13	126	3.7178492546081543	1.671875536441803	2.2237595883008905	observed
Mia3:St6galnac4	C	GSM9574815	chr1	366	chr2	64	7.297645568847656	6.60402512550354	1.1050299522128528	observed
Mob1b:Ndufa10	C	GSM9574815	chr5	177	chr1	184	0.9668359756469727	1.8000070452690125	0.5371289952381705	observed
Ms4a6b:Nudt19	C	GSM9574815	chr19	23	chr7	70	2.9961042404174805	3.4389541149139404	0.8712254192122182	observed
Mtpn:Rab9	C	GSM9574815	chr6	71	chrX	330	1.614846110343933	0.9804097712039948	1.6471134394762479	observed
Mx1:Wars	C	GSM9574815	chr16	194	chr12	217				chromosome_edge
Myo1e:Nbdy	C	GSM9574815	chr9	140	chrX	305	0.8829662203788757	0.91384357213974	0.9662115566578142	observed
Napg:Garem1	C	GSM9574815	chr18	126	chr18	42	122.7965087890625	23.73488140106201	5.173672735671137	observed
Nceh1:Siah2	C	GSM9574815	chr3	54	chr3	117	70.99004364013672	68.9703254699707	1.029283871815936	observed
Ndor1:Cyhr1	C	GSM9574815	chr2	50	chr15	153	28.792970657348633	9.73031759262085	2.959098753280599	observed
Nek7:Ube2d3	C	GSM9574815	chr1	277	chr3	270	3.8215556144714355	3.517393946647644	1.0864735859665882	observed
Notch2:Rnf115	C	GSM9574815	chr3	195	chr3	193	1035.5299072265625	196.6765899658203	5.265140642343471	observed
Npc1:Ttc39c	C	GSM9574815	chr18	24	chr18	25	4607.86962890625	648.9473266601562	7.1005294876872505	observed
Nsd1:Tipin	C	GSM9574815	chr13	110	chr9	128	18.73302459716797	4.21818995475769	4.441010195863517	observed
Oas3:Trim34a	C	GSM9574815	chr5	241	chr7	207	3.257314443588257	3.018297553062439	1.0791893066617324	observed
Osbpl8:Cpne2	C	GSM9574815	chr10	222	chr8	190	3.009413957595825	1.5497995018959045	1.9418085719567864	observed
Osbpl8:Znhit6	C	GSM9574815	chr10	222	chr3	290	5.954346179962158	2.9715496301651	2.0037848668310256	observed
Oxr1:Wdr70	C	GSM9574815	chr15	82	chr15	15	90.4713363647461	72.315185546875	1.2510696844731486	observed
P2rx4:2900089D17Rik	C	GSM9574815	chr5	245	chr5	288	49.617027282714844	72.49701690673828	0.6844009505459135	observed
Pag1:Ranbp9	C	GSM9574815	chr3	19	chr13	87	6.636204242706299	1.1655856370925903	5.693450598155526	observed
Papola:Gdap2	C	GSM9574815	chr12	211	chr3	200	1.3796241283416748	1.643178403377533	0.8396070235014497	observed
Pcca:Lgals3	C	GSM9574815	chr14	245	chr14	95	54.34694290161133	55.6248779296875	0.9770258367183917	observed
Pea15a:Mtmr14	C	GSM9574815	chr1	344	chr6	226	4.3833465576171875	2.6270675659179688	1.668532098102139	observed
Piezo1:Isca2	C	GSM9574815	chr8	246	chr12	169	22.94200325012207	9.727242469787598	2.3585310350162403	observed
Pigu:Dynlrb1	C	GSM9574815	chr2	310	chr2	310				cis_below_500kb_bin_distance
Pik3r5:Spop	C	GSM9574815	chr11	136	chr11	190	136.48077392578125	59.682334899902344	2.286786771239484	observed
Pip4p2:Slc44a1	C	GSM9574815	chr4	29	chr4	107	37.39915466308594	60.208261489868164	0.6211631715919826	observed
Plekhm2:4930455G09Rik	C	GSM9574815	chr4	282	chr4	283	2720.99853515625	435.1571807861328	6.252909650348944	observed
Plxna1:Rpap1	C	GSM9574815	chr6	178	chr2	239	2.858607769012451	5.023050546646118	0.5690979500337974	observed
Polrmt:Ppp2r2a	C	GSM9574815	chr10	159	chr14	134	4.751755237579346	3.445517897605896	1.379112046081979	observed
Ppm1b:Gbp5	C	GSM9574815	chr17	170	chr3	284	4.500309944152832	3.4338719844818115	1.3105642739421899	observed
Prkn:Tnfrsf21	C	GSM9574815	chr17	22	chr17	86	80.59500122070312	111.07306671142578	0.7256034573178174	observed
Psap:Tspan3	C	GSM9574815	chr10	120	chr9	112	10.873414039611816	5.1723809242248535	2.102206739779386	observed
Pstpip1:Lix1l	C	GSM9574815	chr9	111	chr3	193	8.956131935119629	3.2642641067504883	2.743690964404006	observed
Ptprj:1110051M20Rik	C	GSM9574815	chr2	180	chr2	182	338.7550354003906	182.89134979248047	1.852220106553768	observed
Rab11a:Cul1	C	GSM9574815	chr9	129	chr6	95	10.683249473571777	3.924564242362976	2.7221492155112244	observed
Rab8b:Ythdf3	C	GSM9574815	chr9	133	chr3	32	3.8286123275756836	2.8004097938537598	1.3671614547194437	observed
Rasa1:Ahnak	C	GSM9574815	chr13	170	chr19	18	1.331296682357788	1.2567420601844788	1.0593237264314725	observed
Rb1:Itm2b	C	GSM9574815	chr14	146	chr14	147	3549.0263671875	340.4914855957031	10.42324556509347	observed
Rhbdd1:Mrps9	C	GSM9574815	chr1	164	chr1	85	123.33602142333984	90.87250900268555	1.3572423913121503	observed
Rsu1:Mllt10	C	GSM9574815	chr2	26	chr2	36	221.0025634765625	257.5260772705078	0.8581754741847729	observed
Rufy3:Grsf1	C	GSM9574815	chr5	177	chr5	177				cis_below_500kb_bin_distance
Sbds:Guf1	C	GSM9574815	chr5	260	chr5	139	34.36455154418945	61.9578857421875	0.554643708908718	observed
Sema4d:Aldoa	C	GSM9574815	chr13	103	chr7	252	10.063063621520996	2.4874939918518066	4.045462483320244	observed
Sf3b1:Fpr2	C	GSM9574815	chr1	110	chr17	36	3.2894651889801025	2.612181067466736	1.2592791632818123	observed
Sh3bp5:Dnajc15	C	GSM9574815	chr14	62	chr14	156	111.20580291748047	80.57416534423828	1.380166985812067	observed
Slc16a10:Rpf2	C	GSM9574815	chr10	80	chr10	80				cis_below_500kb_bin_distance
Slc17a5:Ifi204	C	GSM9574815	chr9	156	chr1	347	5.70557165145874	2.570696473121643	2.219465312655275	observed
Slc25a39:Nup88	C	GSM9574815	chr11	204	chr11	141	108.57102966308594	87.63615417480469	1.2388840049567122	observed
Slc9a7:Amn1	C	GSM9574815	chrX	40	chr6	298				chromosome_edge
Smad3:Pnrc1	C	GSM9574815	chr9	127	chr4	66	3.5651345252990723	1.8577443957328796	1.9190662254118267	observed
Snapc3:N4bp2l2	C	GSM9574815	chr4	166	chr5	301				chromosome_edge
Snx5:Ctsc	C	GSM9574815	chr2	288	chr7	175	3.3398568630218506	2.1664319038391113	1.541639438148656	observed
Sorl1:Mthfs	C	GSM9574815	chr9	83	chr9	178	61.62308120727539	55.20466232299805	1.1162658843328068	observed
Ssh1:Acadm	C	GSM9574815	chr5	228	chr3	307	1.519264578819275	1.523050308227539	0.9975143766507163	observed
St3gal1:Rab5c	C	GSM9574815	chr15	134	chr11	201	7.642144203186035	1.7758575081825256	4.303354389625141	observed
St8sia4:Fam174a	C	GSM9574815	chr1	191	chr1	190	4135.71875	380.4610137939453	10.870282630955383	observed
Strn:Fez2	C	GSM9574815	chr17	158	chr17	157	1279.7838134765625	232.7506103515625	5.498519688277033	observed
Sympk:Tyrobp	C	GSM9574815	chr7	37	chr7	60	271.77972412109375	114.87801361083984	2.3658114862759843	observed
Tbc1d23:Sirt5	C	GSM9574815	chr16	114	chr13	87	1.9248710870742798	2.07420551776886	0.9280040336334593	observed
Tbk1:Erp27	C	GSM9574815	chr10	242	chr6	273	5.626851558685303	2.981817841529846	1.8870540917410301	observed
Tcirg1:Sart1	C	GSM9574815	chr19	7	chr19	10				unavailable_pixels
Tec:Clec4a1	C	GSM9574815	chr5	145	chr6	245	3.30147647857666	2.2568143606185913	1.4628923566720515	observed
Tep1:Slc4a2	C	GSM9574815	chr14	102	chr5	49	5.411227703094482	3.0110074281692505	1.7971485730889118	observed
Tiam1:Hcls1	C	GSM9574815	chr16	179	chr16	73	83.46526336669922	66.60736083984375	1.2530936868582738	observed
Tmbim6:Rmc1	C	GSM9574815	chr15	198	chr18	24	8.107091903686523	4.029666900634766	2.0118516253562966	observed
Tmem134:Gpnmb	C	GSM9574815	chr19	8	chr6	98				unavailable_pixels
Tmem38b:Uty	C	GSM9574815	chr4	107	chrY	2				chromosome_edge
Tmx1:2700049A03Rik	C	GSM9574815	chr12	141	chr12	142	2189.884521484375	308.5837707519531	7.096564139287336	observed
Tnfrsf1b:Dhrs3	C	GSM9574815	chr4	289	chr4	289				cis_below_500kb_bin_distance
Tns3:Rab33b	C	GSM9574815	chr11	17	chr3	102	5.846850872039795	3.520319938659668	1.6608862188434879	observed
Tpm3:Ubr5	C	GSM9574815	chr3	179	chr15	75	4.465851783752441	2.251697540283203	1.9833266697048295	observed
Trim14:Uqcrh	C	GSM9574815	chr4	93	chr4	231	62.643898010253906	50.536367416381836	1.2395805478877238	observed
Trim25:Il27	C	GSM9574815	chr11	177	chr7	252	5.0041680335998535	1.903200626373291	2.6293434145908816	observed
Trmt1:Ing1	C	GSM9574815	chr8	170	chr8	23	69.8396224975586	64.0600414276123	1.0902213133358212	observed
Twf2:Tap1	C	GSM9574815	chr9	212	chr17	68	10.29643726348877	7.181897163391113	1.4336653713135386	observed
Tyrobp:B2m	C	GSM9574815	chr7	60	chr2	243	6.745377063751221	1.125500500202179	5.9932244033116975	observed
Ubap2:Dcaf12	C	GSM9574815	chr4	82	chr4	82				cis_below_500kb_bin_distance
Ubl3:Laptm4a	C	GSM9574815	chr5	296	chr12	17	2.4426004886627197	1.9854174256324768	1.2302704998595457	observed
Uhrf1bp1l:1810058I24Rik	C	GSM9574815	chr10	179	chr6	70	4.044358730316162	2.161843180656433	1.870791908730453	observed
Uvrag:Gm47754	C	GSM9574815	chr7	197	chr13	75	12.793024063110352	3.8126035928726196	3.355456121120476	observed
Vegfb:Ppp1ca	C	GSM9574815	chr19	13	chr19	8				unavailable_pixels
Vps13b:Cpq	C	GSM9574815	chr15	70	chr15	67	527.2674560546875	389.22186279296875	1.3546707070130504	observed
Vps8:2510009E07Rik	C	GSM9574815	chr16	42	chr16	42				cis_below_500kb_bin_distance
Vti1a:Trir	C	GSM9574815	chr19	110	chr8	171	5.104179382324219	4.264105558395386	1.197010559993022	observed
Vti1b:Lyz2	C	GSM9574815	chr12	158	chr10	234	9.222010612487793	4.251755237579346	2.168989063852642	observed
Wdr91:Ier3ip1	C	GSM9574815	chr6	69	chr18	154	1.6664292812347412	3.1973047256469727	0.5211981416308513	observed
Wtap:Tcp1	C	GSM9574815	chr17	26	chr17	26				cis_below_500kb_bin_distance
Ykt6:Map3k20	C	GSM9574815	chr11	11	chr2	144	8.374592781066895	2.8931721448898315	2.894605768916591	observed
Zc3h7a:Ppp4r1	C	GSM9574815	chr16	21	chr17	132	4.558793067932129	4.285022974014282	1.0638899944243179	observed
Zeb2:Tpst2	C	GSM9574815	chr2	90	chr5	224	2.5112788677215576	1.7390040755271912	1.444090271588493	observed
Zfyve27:Prpf4b	C	GSM9574815	chr19	84	chr13	70	6.73610782623291	6.0266852378845215	1.117713562322596	observed
Acod1:Gm34643	C	GSM9574815	chr14	206	chr14	206				cis_below_500kb_bin_distance
Clcc1:Sars	C	GSM9574815	chr3	217	chr3	216	3572.490234375	326.2465057373047	10.950278919620327	observed
Ctsb:Clec2d	C	GSM9574815	chr14	126	chr6	258	3.5934886932373047	2.8175313472747803	1.2754032698564504	observed
Klf6:Mitf	C	GSM9574815	chr13	11	chr6	195	5.478926181793213	2.0475469827651978	2.6758488219859853	observed
Laptm4a:Nrp2	C	GSM9574815	chr12	17	chr1	125	2.52270245552063	1.4990097880363464	1.6829125971387333	observed
Mrc1:Rsu1	C	GSM9574815	chr2	28	chr2	26	1590.1201171875	503.55323791503906	3.1577994091973043	observed
Mrpl4:Slc29a1	C	GSM9574815	chr9	41	chr17	91	7.618192195892334	3.1868159770965576	2.3905340787305556	observed
Mrpl40:Sh3bgrl3	C	GSM9574815	chr16	37	chr4	267	6.175180435180664	10.167777061462402	0.6073284649980815	observed
Mrs2:Mrps28	C	GSM9574815	chr13	50	chr3	17	3.6043901443481445	3.1933186054229736	1.128728633036202	observed
Ms4a6d:Lair1	C	GSM9574815	chr19	23	chr7	8				unavailable_pixels
Ms4a7:Nsf	C	GSM9574815	chr19	22	chr11	207	14.718866348266602	7.406875133514404	1.987189750461314	observed
Msrb1:Mir155hg	C	GSM9574815	chr17	49	chr16	169	1.0070968866348267	2.224505305290222	0.4527284714672482	observed
Mt1:Paip2b	C	GSM9574815	chr8	189	chr6	167	3.5117597579956055	2.102992534637451	1.6698869350009466	observed
Mx2:Slc30a7	C	GSM9574815	chr16	194	chr3	231				chromosome_edge
Myo5a:Pcid2	C	GSM9574815	chr9	150	chr8	26	3.435349941253662	2.511024594306946	1.3681068473173734	observed
Naglu:Arhgap9	C	GSM9574815	chr11	201	chr10	254	11.66934871673584	1.9478501677513123	5.990886213906007	observed
Ncaph2:Stx5a	C	GSM9574815	chr15	178	chr19	17	10.987900733947754	1.932119607925415	5.686967146793697	observed
Nceh1:Atp6v1h	C	GSM9574815	chr3	54	chr1	10				unavailable_pixels
Ncoa6:Armc7	C	GSM9574815	chr2	310	chr11	230	31.498123168945312	8.64333200454712	3.644210722482331	observed
Ncstn:Setdb1	C	GSM9574815	chr1	343	chr3	190	21.06426429748535	2.8888683319091797	7.291527988596322	observed
Nf1:Arf6	C	GSM9574815	chr11	158	chr12	138	5.89565896987915	2.8223156929016113	2.088943835980959	observed
Nfkb1:Cisd2	C	GSM9574815	chr3	270	chr3	270				cis_below_500kb_bin_distance
Nfkb1:Zranb2	C	GSM9574815	chr3	270	chr3	314	151.4983367919922	136.82565307617188	1.1072363506838292	observed
Niban2:Ptges2	C	GSM9574815	chr2	65	chr2	64	3799.457275390625	492.0304718017578	7.721995878583411	observed
Nrp1:Spred1	C	GSM9574815	chr8	258	chr2	233				chromosome_edge
Nsdhl:Ahnak	C	GSM9574815	chrX	143	chr19	18	1.700042963027954	2.5990322828292847	0.6541061356795852	observed
Nup153:Cd74	C	GSM9574815	chr13	93	chr18	121	4.465848445892334	1.7978724837303162	2.483962842918852	observed
Oas2:Rplp0	C	GSM9574815	chr5	241	chr5	231	271.9715576171875	151.53704833984375	1.7947529043013424	observed
Odf2l:Gtf2b	C	GSM9574815	chr3	289	chr3	284	529.9682006835938	289.2629699707031	1.8321328884138524	observed
Os9:Ube2d3	C	GSM9574815	chr10	253	chr3	270	5.630930423736572	5.674094915390015	0.9923927089170881	observed
Osbpl8:Mcl1	C	GSM9574815	chr10	222	chr3	191	6.190944194793701	1.4747933149337769	4.197838525645674	observed
Oxr1:Eif3h	C	GSM9574815	chr15	83	chr15	103	106.78861999511719	95.46939468383789	1.118563916203352	observed
Oxr1:Tomm20	C	GSM9574815	chr15	82	chr8	255	3.947781801223755	3.537974715232849	1.1158309821227579	observed
P4hb:Oas1a	C	GSM9574815	chr11	240	chr5	242				chromosome_edge
Parp12:Os9	C	GSM9574815	chr6	78	chr10	253	4.851374626159668	2.6621862649917603	1.8223272691156656	observed
Parp8:Usp25	C	GSM9574815	chr13	234	chr16	153	6.99536657333374	5.541938781738281	1.2622598063307329	observed
Pcbp2:F630028O10Rik	C	GSM9574815	chr15	204	chrX	190				chromosome_edge
Pcmt1:Gcn1	C	GSM9574815	chr10	15	chr5	231	5.123912334442139	1.0361365675926208	4.945209439279933	observed
Pdhx:Nsun2	C	GSM9574815	chr2	205	chr13	139	0.6855983734130859	1.3019488453865051	0.5265939409543811	observed
Pdia3:Ubac1	C	GSM9574815	chr2	242	chr2	51	64.46378326416016	34.48502159118652	1.869327037934505	observed
Pdxk:Lyz2	C	GSM9574815	chr10	156	chr10	234	135.96226501464844	79.47101211547852	1.710840989631327	observed
Pfkfb4:Anxa2	C	GSM9574815	chr9	217	chr9	138	65.91276550292969	91.31965637207031	0.7217807000321652	observed
Pgap2:Rhog	C	GSM9574815	chr7	203	chr7	203				cis_below_500kb_bin_distance
Pik3r5:Rspry1	C	GSM9574815	chr11	136	chr8	190	7.907923698425293	2.3176109790802	3.4121014138290557	observed
Plaa:Oma1	C	GSM9574815	chr4	188	chr4	206	117.86317443847656	101.57096099853516	1.1604022771840898	observed
Plek:Pgk1	C	GSM9574815	chr11	33	chrX	210	0.9052581787109375	1.005461722612381	0.9003407671839604	observed
Plekha2:Rftn1	C	GSM9574815	chr8	51	chr17	100	4.53164529800415	2.856755018234253	1.5862911832058808	observed
Pltp:Prdx1	C	GSM9574815	chr2	329	chr4	233	13.03168773651123	3.6519200801849365	3.5684482273366984	observed
Pnkp:Tyrobp	C	GSM9574815	chr7	89	chr7	60	279.09820556640625	98.21738815307617	2.8416374209770194	observed
Polrmt:Rplp2	C	GSM9574815	chr10	159	chr7	282	10.076994895935059	4.4116915464401245	2.2841567208084554	observed
Pot1b:Cd37	C	GSM9574815	chr17	111	chr7	89	2.6582815647125244	3.316872715950012	0.8014421391359133	observed
Pphln1:Phf20l1	C	GSM9574815	chr15	186	chr15	132	149.9969024658203	114.0918197631836	1.3147033922078168	observed
Ppm1h:Idnk	C	GSM9574815	chr10	245	chr13	116	2.3502964973449707	2.374836564064026	0.9896666292365568	observed
Ppp3ca:Gpr146	C	GSM9574815	chr3	273	chr5	278	3.7947068214416504	2.8850995302200317	1.3152776123298067	observed
Ppp3cb:Pirb	C	GSM9574815	chr14	41	chr7	7				unavailable_pixels
Prcc:Pmvk	C	GSM9574815	chr3	175	chr3	178	709.2576904296875	171.1426544189453	4.1442485091616845	observed
Prmt9:Arhgap10	C	GSM9574815	chr8	156	chr8	156				cis_below_500kb_bin_distance
Prrc2a:Lilr4b	C	GSM9574815	chr17	70	chr10	102	2.8109967708587646	2.380827307701111	1.1806806658199072	observed
Psap:Lgals3	C	GSM9574815	chr10	120	chr14	95	5.515669822692871	1.7601268291473389	3.1336774892323165	observed
Psmb1:Nmt2	C	GSM9574815	chr17	31	chr2	6				unavailable_pixels
Psmc3:Rnf38	C	GSM9574815	chr2	181	chr4	88				unavailable_pixels
Pspc1:9430038I01Rik	C	GSM9574815	chr14	113	chr7	273	1.6573811769485474	2.8318841457366943	0.5852574087268643	observed
Pspc1:Micu2	C	GSM9574815	chr14	114	chr14	116	719.2976684570312	291.34765625	2.4688637544412417	observed
Ptafr:Oas1g	C	GSM9574815	chr4	264	chr5	242	28.71705436706543	8.740718364715576	3.2854341220957397	observed
Ptbp3:Dtnbp1	C	GSM9574815	chr4	119	chr13	90	4.722935676574707	3.3954575061798096	1.390957085452802	observed
Pten:Pik3ap1	C	GSM9574815	chr19	65	chr19	82	128.51651000976562	131.90005493164062	0.9743476610102355	observed
Ptma:Cox17	C	GSM9574815	chr1	172	chr16	76	2.920461654663086	2.3871599435806274	1.2234042643504361	observed
Pxk:Elf1	C	GSM9574815	chr14	28	chr14	159	75.68289947509766	43.11611366271973	1.7553274877029732	observed
Rab14:Gba	C	GSM9574815	chr2	70	chr3	178	17.964075088500977	4.494624376296997	3.9967911853183837	observed
Rab21:Wdr37	C	GSM9574815	chr10	230	chr13	17	3.9457194805145264	2.1069658994674683	1.8727021075717456	observed
Ralb:Lypla1	C	GSM9574815	chr1	238	chr1	9				unavailable_pixels
Rassf3:Slfn2	C	GSM9574815	chr10	242	chr11	165	4.2329864501953125	3.3506059646606445	1.2633495238894905	observed
Rbks:Fam193a	C	GSM9574815	chr5	63	chr5	69	589.760986328125	328.6432800292969	1.7945323156327762	observed
Rbl1:Hnrnpdl	C	GSM9574815	chr2	314	chr5	200	4.310444355010986	2.7507628202438354	1.5669996421679482	observed
Reep5:Ctnnbl1	C	GSM9574815	chr18	69	chr2	315	8.0010404586792	3.4216113090515137	2.338383801080294	observed
Reps1:Arhgap18	C	GSM9574815	chr10	35	chr10	53	71.25835418701172	68.22911834716797	1.0443979918431627	observed
Rftn1:Tgif1	C	GSM9574815	chr17	100	chr17	142	125.19929504394531	103.97628402709961	1.2041139594036108	observed
Rgs1:Zfp36	C	GSM9574815	chr1	288	chr7	56	0.9902181625366211	1.158029019832611	0.8550892469687449	observed
Rmdn1:Kras	C	GSM9574815	chr4	39	chr6	290	2.9522063732147217	1.1693961024284363	2.524556364677458	observed
Rnaseh2b:Cd84	C	GSM9574815	chr14	125	chr1	343	7.696996212005615	2.867671847343445	2.6840575288054533	observed
Rnf130:Dynll2	C	GSM9574815	chr11	99	chr11	175	137.1532440185547	63.48261642456055	2.1604850547006125	observed
Rnf41:Rbms2	C	GSM9574815	chr10	256	chr10	255				unavailable_pixels
Rplp2:Il1a	C	GSM9574815	chr7	282	chr2	258	15.385361671447754	6.13849401473999	2.506373979432712	observed
Rsrp1:Tor1aip2	C	GSM9574815	chr4	269	chr1	311	8.040898323059082	3.5793564319610596	2.246464825704332	observed
Rtraf:Psmb2	C	GSM9574815	chr14	39	chr4	253	2.6689393520355225	1.4467554092407227	1.8447757893203378	observed
Runx1:Ubac2	C	GSM9574815	chr16	185	chr14	244	3.536179542541504	3.283616304397583	1.0769161846972424	observed
Samd8:Thap1	C	GSM9574815	chr14	43	chr8	53	6.630802154541016	2.499057173728943	2.6533215103065975	observed
Sbno1:Rhog	C	GSM9574815	chr5	249	chr7	203	11.438863754272461	2.13764089345932	5.351162484434454	observed
Scarf1:Gm12185	C	GSM9574815	chr11	150	chr11	97	33.81597137451172	40.873538970947266	0.827331623976773	observed
Scd2:Wdr26	C	GSM9574815	chr19	88	chr1	362	10.722825050354004	4.668722867965698	2.2967362496344226	observed
Scpep1:Gm9774	C	GSM9574815	chr11	177	chr3	184	1.838393211364746	1.951397955417633	0.9420903646336444	observed
Sdc3:H2-D1	C	GSM9574815	chr4	261	chr17	70	5.923304557800293	11.061461448669434	0.5354902320355506	observed
Sdf2:Rab8a	C	GSM9574815	chr11	156	chr8	145	15.275577545166016	5.191606760025024	2.942360284832587	observed
Sec22b:Rnf13	C	GSM9574815	chr3	195	chr3	115	82.26082611083984	50.94742965698242	1.6146217123156845	observed
Sh3bgrl:Basp1	C	GSM9574815	chrX	216	chr15	50	0.9867869019508362	0.9093288779258728	1.0851815288233677	observed
Sh3bp2:Tnip2	C	GSM9574815	chr5	69	chr5	69				cis_below_500kb_bin_distance
Slc16a10:Rpf2	C	GSM9574815	chr10	79	chr10	80	3317.6630859375	584.3873596191406	5.677164352253788	observed
Slc16a10:Tpd52	C	GSM9574815	chr10	80	chr3	18	7.719003200531006	3.018980026245117	2.5568248658244963	observed
Slc28a2:Eml4	C	GSM9574815	chr2	244	chr17	167	3.576362133026123	3.475797414779663	1.028932847990174	observed
Slc2a6:Bst2	C	GSM9574815	chr2	53	chr8	143	30.85700225830078	8.94089126586914	3.4512221814053325	observed
Slc37a3:Parp12	C	GSM9574815	chr6	78	chr6	78				cis_below_500kb_bin_distance
Slc4a7:Psmd1	C	GSM9574815	chr14	15	chr1	172	2.89977765083313	2.122634768486023	1.366121809500655	observed
Slc7a2:Mtus1	C	GSM9574815	chr8	82	chr8	83	2561.881103515625	646.5545043945312	3.962359068110908	observed
Slc7a8:Gch1	C	GSM9574815	chr14	109	chr14	94	156.3134765625	133.52056884765625	1.1707070896383756	observed
Smg1:Picalm	C	GSM9574815	chr7	235	chr7	179	101.40675354003906	110.94585418701172	0.9140202153845837	observed
Smu1:Chmp5	C	GSM9574815	chr4	81	chr4	81				cis_below_500kb_bin_distance
Snd1:Mkln1	C	GSM9574815	chr6	56	chr6	62	277.3184509277344	156.5292510986328	1.771671741743589	observed
Snrpd3:Ankrd40	C	GSM9574815	chr10	150	chr11	188	4.591529846191406	2.7838090658187866	1.6493695284525287	observed
Sod2:Hk3	C	GSM9574815	chr17	26	chr13	110	4.505642414093018	3.0124253034591675	1.4956860204696825	observed
Sp1:Nudt9	C	GSM9574815	chr15	204	chr5	208				chromosome_edge
Sp100:A630001G21Rik	C	GSM9574815	chr1	171	chr1	171				cis_below_500kb_bin_distance
Spaca6:4933404O12Rik	C	GSM9574815	chr17	36	chr5	273	2.022153854370117	1.236311137676239	1.635635070125585	observed
Spast:Memo1	C	GSM9574815	chr17	149	chr17	149				cis_below_500kb_bin_distance
Spg11:Eif2s2	C	GSM9574815	chr2	243	chr2	309	125.92277526855469	92.46567916870117	1.361832589136256	observed
Spg21:Acadm	C	GSM9574815	chr9	130	chr3	307	1.8069289922714233	1.7254982590675354	1.0471925907638373	observed
Spi1:Lgmn	C	GSM9574815	chr2	181	chr12	204	3.9124886989593506	2.1653637886047363	1.8068505253246077	observed
Sptlc2:Azi2	C	GSM9574815	chr12	174	chr9	235	3.735720157623291	2.97070574760437	1.2575194162652568	observed
Sptlc2:Ylpm1	C	GSM9574815	chr12	174	chr12	170	406.9231872558594	227.93408203125	1.785266966789415	observed
Srd5a1:Ndufs6	C	GSM9574815	chr13	139	chr13	146	361.28515625	155.62796783447266	2.3214667728249605	observed
Srek1:Tcp1	C	GSM9574815	chr13	207	chr17	26	2.5081822872161865	2.6741783618927	0.9379263264403102	observed
St18:Nrf1	C	GSM9574815	chr1	13	chr6	60	5.41063117980957	3.092203974723816	1.7497652884599333	observed
Stambpl1:Sgms1	C	GSM9574815	chr19	68	chr19	64	766.4649047851562	458.5159149169922	1.6716211582839253	observed
Stimate:Tkt	C	GSM9574815	chr14	61	chr14	60	3598.097412109375	386.72080993652344	9.304121525552164	observed
Stk10:C2cd2	C	GSM9574815	chr11	64	chr16	195				chromosome_edge
Strn3:Fam180a	C	GSM9574815	chr12	103	chr6	70	3.5703423023223877	3.092270016670227	1.1546023740083835	observed
Stx12:Hnrnpdl	C	GSM9574815	chr4	265	chr5	200	6.624973297119141	1.88421231508255	3.5160439426535066	observed
Stxbp1:Galk2	C	GSM9574815	chr2	65	chr2	251	43.28902816772461	31.672391891479492	1.3667748339325843	observed
Syne3:1700028I16Rik	C	GSM9574815	chr12	209	chr10	165	2.1870052814483643	2.6583755016326904	0.8226848615273405	observed
Syngr1:Hnrnpdl	C	GSM9574815	chr15	159	chr5	200	3.712463617324829	2.3593294620513916	1.573524883674751	observed
Tapbp:Tap1	C	GSM9574815	chr17	68	chr17	68				cis_below_500kb_bin_distance
Tars:Wdr70	C	GSM9574815	chr15	22	chr15	15	366.9569091796875	245.59872436523438	1.4941319834950737	observed
Tbcb:Prkar1a	C	GSM9574815	chr7	59	chr11	219	4.582194805145264	2.757142663002014	1.6619360567131873	observed
Tbxas1:Bola3	C	GSM9574815	chr6	77	chr6	166	129.4959259033203	72.10087966918945	1.7960380857691147	observed
Thada:Tcf20	C	GSM9574815	chr17	169	chr15	165	5.298860549926758	3.803159236907959	1.3932786454229122	observed
Thbs1:Slc24a3	C	GSM9574815	chr2	235	chr2	290	121.6958236694336	61.23366165161133	1.9874007267738045	observed
Tle3:Zbtb37	C	GSM9574815	chr9	122	chr1	321	5.6729888916015625	2.7037112712860107	2.098222895266189	observed
Tlr1:Rpl39	C	GSM9574815	chr5	130	chrX	72	4.29800271987915	0.9193986654281616	4.674797649263045	observed
Tmem181a:Bin2	C	GSM9574815	chr17	12	chr15	201	13.153901100158691	7.2601306438446045	1.8117995040917114	observed
Tmem63a:Aim2	C	GSM9574815	chr1	361	chr1	346	119.46676635742188	114.65776062011719	1.0419422611369311	observed
Tnfaip3:Lst1	C	GSM9574815	chr10	37	chr17	70	17.530160903930664	9.384053707122803	1.8680797713918347	observed
Tnfaip3:Traf1	C	GSM9574815	chr10	37	chr2	69	15.086965560913086	5.6508636474609375	2.6698512832975547	observed
Tor1aip1:Fcgr3	C	GSM9574815	chr1	311	chr1	341	165.9398956298828	119.1832504272461	1.3923088608090843	observed
Tpd52l2:Cmtm7	C	GSM9574815	chr2	362	chr9	229				chromosome_edge
Trim2:Gbp7	C	GSM9574815	chr3	168	chr3	284	63.4755744934082	52.62312316894531	1.2062297079863797	observed
Trrap:Bri3	C	GSM9574815	chr5	289	chr5	288	2854.648193359375	272.005126953125	10.49483230458123	observed
Tsg101:Ecpas	C	GSM9574815	chr7	93	chr4	117	6.068133354187012	2.253858208656311	2.6923314567355447	observed
Tspan5:Eif4e	C	GSM9574815	chr3	276	chr3	276				cis_below_500kb_bin_distance
Ttc7b:Wdr91	C	GSM9574815	chr12	200	chr6	69	5.155642986297607	2.5437005758285522	2.0268277781154627	observed
Tut7:Tmem251	C	GSM9574815	chr13	119	chr12	205	3.508585214614868	2.235500454902649	1.5694853503251285	observed
Txnrd1:Ntpcr	C	GSM9574815	chr10	165	chr8	252	5.634788513183594	6.9759604930877686	0.8077437535328512	observed
Tyrobp:Ostc	C	GSM9574815	chr7	60	chr3	260	2.730458974838257	1.0176416635513306	2.6831242004278755	observed
Ubc:Bst2	C	GSM9574815	chr5	250	chr8	143	8.19080638885498	3.3413435220718384	2.4513511809693176	observed
Ube2j2:Mmp12	C	GSM9574815	chr4	312	chr9	14				chromosome_edge
Ube2k:Babam2	C	GSM9574815	chr5	131	chr5	63	150.3946533203125	60.30111503601074	2.494060901369726	observed
Ube4b:Oas1a	C	GSM9574815	chr4	298	chr5	242	14.979063987731934	2.766973376274109	5.413519376865894	observed
Ubqln1:Rcc2	C	GSM9574815	chr13	116	chr4	280	3.1854701042175293	2.921869993209839	1.0902162353630631	observed
Uqcc2:Actb	C	GSM9574815	chr17	54	chr5	285	15.648211479187012	8.90891170501709	1.756467231611989	observed
Usp15:Qk	C	GSM9574815	chr10	246	chr17	20	4.431887149810791	2.7170368432998657	1.6311472406933665	observed
Utrn:Pex7	C	GSM9574815	chr10	24	chr10	39	90.66659545898438	155.86624908447266	0.5816948569144502	observed
Vav3:Slc25a24	C	GSM9574815	chr3	218	chr3	218				cis_below_500kb_bin_distance
Vps41:Mgmt	C	GSM9574815	chr13	37	chr7	273	1.6880301237106323	1.788670837879181	0.943734357357848	observed
Vps45:Ctsh	C	GSM9574815	chr3	191	chr9	179	4.636126518249512	1.9798914790153503	2.341606379636107	observed
Vrk2:Gm20717	C	GSM9574815	chr11	53	chr15	127	3.4323248863220215	4.086076736450195	0.840004999344157	observed
Washc4:Riok2	C	GSM9574815	chr10	166	chr17	35	1.3588275909423828	2.1285009384155273	0.6383965195495308	observed
Wdfy2:Gpi1	C	GSM9574815	chr14	126	chr7	67	2.1705126762390137	0.9554689824581146	2.271672567177411	observed
Wipi2:Arpc1b	C	GSM9574815	chr5	285	chr5	290	244.30111694335938	296.6670227050781	0.823485922755302	observed
Wwox:Rasa4	C	GSM9574815	chr8	230	chr5	272	3.251936674118042	2.464405655860901	1.3195622507943117	observed
Xpo6:Dusp12	C	GSM9574815	chr7	251	chr1	341	13.90809154510498	1.9884743094444275	6.994353147560076	observed
Yipf5:Airn	C	GSM9574815	chr18	80	chr17	26	3.4061851501464844	3.8341182470321655	0.8883881327298847	observed
Zc3h7a:Phf11b	C	GSM9574815	chr16	21	chr14	119	2.319622278213501	3.0972758531570435	0.7489233727273976	observed
Zdhhc13:Mapk1ip1	C	GSM9574815	chr7	96	chr7	276	36.717132568359375	41.04414939880371	0.8945765256723666	observed
Zeb2:Gtdc1	C	GSM9574815	chr2	90	chr2	89	3055.3095703125	863.0583190917969	3.540096309514317	observed
Zfp106:Ndrg3	C	GSM9574815	chr2	240	chr2	313	205.6776123046875	113.0373649597168	1.8195542011969668	observed
Zfp36l1:Marcksl1	C	GSM9574815	chr12	160	chr4	258	13.146624565124512	3.160075068473816	4.160225399795259	observed
Zfp655:Atp5j2	C	GSM9574815	chr5	290	chr5	290				cis_below_500kb_bin_distance
Zfp944:Ccdc171	C	GSM9574815	chr17	45	chr4	167	1.7193984985351562	2.136708378791809	0.8046949764419333	observed
Zmiz1:Pinx1	C	GSM9574815	chr14	51	chr14	128	96.2701187133789	43.60711860656738	2.207669797721519	observed
