pair_id	parent_a	parent_b	parent_a_ids	parent_b_ids	species	assembly	annotation	in_probe_panel	reported_nanostring_support	short_read_reported_support	cross_reported_support	long_read_support	sample_count	sample_count_status	assay_tested	assay_qc_status	exclusion_reason	source_ids	source_url	evidence_tier	primary_reference	rna_evidence_unit	sequence_audit_status	source_candidates_path	source_candidates_sha256	support_table_path	support_table_sha256	support_table_sheet	nanostring_source_cell	short_read_source_cell	support_table_url
0610038B21Rik:Prmt9	0610038B21Rik	Prmt9	ENSMUSG00000097882.3	ENSMUSG00000037134.18	Mus musculus	GRCm39	GENCODE M28	False	False	True	False	8		unavailable_read_to_sample_mapping	unknown	unknown		supplementary_table_3;supplementary_table_4;gencode_M28	https://www.nature.com/articles/s41586-026-10982-x	short_read_only	False	ordered_gene_pair	not_audited_for_campaign	results/dataset_reconstruction/candidates.tsv	50a3dbce8e15446e75fc66e6656fed385fc923abb8a005919c04630afa305ac2	data/raw/41586_2026_10982_MOESM9_ESM.xlsx	6edb01e329d622100da30c47cd8eeaf7589a325d2ab94fb06f27c0f088a7f131	Supplemental Table 7		A2	https://media.springernature.com/original/springer-static/esm/art%3A10.1038%2Fs41586-026-10982-x/MediaObjects/41586_2026_10982_MOESM9_ESM.xlsx
1700066M21Rik:Maip1	1700066M21Rik	Maip1	ENSMUSG00000038323.4	ENSMUSG00000025971.7	Mus musculus	GRCm39	GENCODE M28	False	False	True	False	20		unavailable_read_to_sample_mapping	unknown	unknown		supplementary_table_3;supplementary_table_4;gencode_M28	https://www.nature.com/articles/s41586-026-10982-x	short_read_only	False	ordered_gene_pair	not_audited_for_campaign	results/dataset_reconstruction/candidates.tsv	50a3dbce8e15446e75fc66e6656fed385fc923abb8a005919c04630afa305ac2	data/raw/41586_2026_10982_MOESM9_ESM.xlsx	6edb01e329d622100da30c47cd8eeaf7589a325d2ab94fb06f27c0f088a7f131	Supplemental Table 7		A3	https://media.springernature.com/original/springer-static/esm/art%3A10.1038%2Fs41586-026-10982-x/MediaObjects/41586_2026_10982_MOESM9_ESM.xlsx
4833419F23Rik:Mtpap	4833419F23Rik	Mtpap	ENSMUSG00000117401.2	ENSMUSG00000024234.8	Mus musculus	GRCm39	GENCODE M28	False	False	True	False	9		unavailable_read_to_sample_mapping	unknown	unknown		supplementary_table_3;supplementary_table_4;gencode_M28	https://www.nature.com/articles/s41586-026-10982-x	short_read_only	False	ordered_gene_pair	not_audited_for_campaign	results/dataset_reconstruction/candidates.tsv	50a3dbce8e15446e75fc66e6656fed385fc923abb8a005919c04630afa305ac2	data/raw/41586_2026_10982_MOESM9_ESM.xlsx	6edb01e329d622100da30c47cd8eeaf7589a325d2ab94fb06f27c0f088a7f131	Supplemental Table 7		A4	https://media.springernature.com/original/springer-static/esm/art%3A10.1038%2Fs41586-026-10982-x/MediaObjects/41586_2026_10982_MOESM9_ESM.xlsx
4930471E15Rik:Wdr20rt	4930471E15Rik	Wdr20rt	ENSMUSG00000113228.2	ENSMUSG00000035560.6	Mus musculus	GRCm39	GENCODE M28	False	False	True	False	133		unavailable_read_to_sample_mapping	unknown	unknown		supplementary_table_3;supplementary_table_4;gencode_M28	https://www.nature.com/articles/s41586-026-10982-x	short_read_only	False	ordered_gene_pair	not_audited_for_campaign	results/dataset_reconstruction/candidates.tsv	50a3dbce8e15446e75fc66e6656fed385fc923abb8a005919c04630afa305ac2	data/raw/41586_2026_10982_MOESM9_ESM.xlsx	6edb01e329d622100da30c47cd8eeaf7589a325d2ab94fb06f27c0f088a7f131	Supplemental Table 7		A5	https://media.springernature.com/original/springer-static/esm/art%3A10.1038%2Fs41586-026-10982-x/MediaObjects/41586_2026_10982_MOESM9_ESM.xlsx
5830444B04Rik:Gabrd	5830444B04Rik	Gabrd	ENSMUSG00000084803.9	ENSMUSG00000029054.9	Mus musculus	GRCm39	GENCODE M28	False	False	True	False	7		unavailable_read_to_sample_mapping	unknown	unknown		supplementary_table_3;supplementary_table_4;gencode_M28	https://www.nature.com/articles/s41586-026-10982-x	short_read_only	False	ordered_gene_pair	not_audited_for_campaign	results/dataset_reconstruction/candidates.tsv	50a3dbce8e15446e75fc66e6656fed385fc923abb8a005919c04630afa305ac2	data/raw/41586_2026_10982_MOESM9_ESM.xlsx	6edb01e329d622100da30c47cd8eeaf7589a325d2ab94fb06f27c0f088a7f131	Supplemental Table 7		A6	https://media.springernature.com/original/springer-static/esm/art%3A10.1038%2Fs41586-026-10982-x/MediaObjects/41586_2026_10982_MOESM9_ESM.xlsx
6330562C20Rik:Mindy1	6330562C20Rik	Mindy1	ENSMUSG00000093424.4	ENSMUSG00000038712.17	Mus musculus	GRCm39	GENCODE M28	False	False	True	False	1		unavailable_read_to_sample_mapping	unknown	unknown		supplementary_table_3;supplementary_table_4;gencode_M28	https://www.nature.com/articles/s41586-026-10982-x	short_read_only	False	ordered_gene_pair	not_audited_for_campaign	results/dataset_reconstruction/candidates.tsv	50a3dbce8e15446e75fc66e6656fed385fc923abb8a005919c04630afa305ac2	data/raw/41586_2026_10982_MOESM9_ESM.xlsx	6edb01e329d622100da30c47cd8eeaf7589a325d2ab94fb06f27c0f088a7f131	Supplemental Table 7		A7	https://media.springernature.com/original/springer-static/esm/art%3A10.1038%2Fs41586-026-10982-x/MediaObjects/41586_2026_10982_MOESM9_ESM.xlsx
AB124611:Carm1	AB124611	Carm1	ENSMUSG00000057191.15	ENSMUSG00000032185.16	Mus musculus	GRCm39	GENCODE M28	False	False	True	False	8		unavailable_read_to_sample_mapping	unknown	unknown		supplementary_table_3;supplementary_table_4;gencode_M28	https://www.nature.com/articles/s41586-026-10982-x	short_read_only	False	ordered_gene_pair	not_audited_for_campaign	results/dataset_reconstruction/candidates.tsv	50a3dbce8e15446e75fc66e6656fed385fc923abb8a005919c04630afa305ac2	data/raw/41586_2026_10982_MOESM9_ESM.xlsx	6edb01e329d622100da30c47cd8eeaf7589a325d2ab94fb06f27c0f088a7f131	Supplemental Table 7		A8	https://media.springernature.com/original/springer-static/esm/art%3A10.1038%2Fs41586-026-10982-x/MediaObjects/41586_2026_10982_MOESM9_ESM.xlsx
AU022793:Gm33251	AU022793	Gm33251	ENSMUSG00000115230.2	ENSMUSG00000115142.2	Mus musculus	GRCm39	GENCODE M28	False	False	True	False	4		unavailable_read_to_sample_mapping	unknown	unknown		supplementary_table_3;supplementary_table_4;gencode_M28	https://www.nature.com/articles/s41586-026-10982-x	short_read_only	False	ordered_gene_pair	not_audited_for_campaign	results/dataset_reconstruction/candidates.tsv	50a3dbce8e15446e75fc66e6656fed385fc923abb8a005919c04630afa305ac2	data/raw/41586_2026_10982_MOESM9_ESM.xlsx	6edb01e329d622100da30c47cd8eeaf7589a325d2ab94fb06f27c0f088a7f131	Supplemental Table 7		A33	https://media.springernature.com/original/springer-static/esm/art%3A10.1038%2Fs41586-026-10982-x/MediaObjects/41586_2026_10982_MOESM9_ESM.xlsx
Abcc5:Oas1a	Abcc5	Oas1a	ENSMUSG00000022822.17	ENSMUSG00000052776.11	Mus musculus	GRCm39	GENCODE M28	True	True	False	False	1		unavailable_read_to_sample_mapping	unknown	unknown		supplementary_table_3;supplementary_table_4;gencode_M28;supplementary_table_7;supplementary_table_8	https://www.nature.com/articles/s41586-026-10982-x	NanoString_only	True	ordered_gene_pair	not_audited_for_campaign	results/dataset_reconstruction/candidates.tsv	50a3dbce8e15446e75fc66e6656fed385fc923abb8a005919c04630afa305ac2	data/raw/41586_2026_10982_MOESM9_ESM.xlsx	6edb01e329d622100da30c47cd8eeaf7589a325d2ab94fb06f27c0f088a7f131	Supplemental Table 7	B2		https://media.springernature.com/original/springer-static/esm/art%3A10.1038%2Fs41586-026-10982-x/MediaObjects/41586_2026_10982_MOESM9_ESM.xlsx
Abl2:Soat1	Abl2	Soat1	ENSMUSG00000026596.14	ENSMUSG00000026600.13	Mus musculus	GRCm39	GENCODE M28	True	False	True	False	1		unavailable_read_to_sample_mapping	unknown	unknown		supplementary_table_3;supplementary_table_4;gencode_M28;supplementary_table_7;supplementary_table_8	https://www.nature.com/articles/s41586-026-10982-x	short_read_only	False	ordered_gene_pair	not_audited_for_campaign	results/dataset_reconstruction/candidates.tsv	50a3dbce8e15446e75fc66e6656fed385fc923abb8a005919c04630afa305ac2	data/raw/41586_2026_10982_MOESM9_ESM.xlsx	6edb01e329d622100da30c47cd8eeaf7589a325d2ab94fb06f27c0f088a7f131	Supplemental Table 7		A9	https://media.springernature.com/original/springer-static/esm/art%3A10.1038%2Fs41586-026-10982-x/MediaObjects/41586_2026_10982_MOESM9_ESM.xlsx
Acaa1a:Rps21	Acaa1a	Rps21	ENSMUSG00000036138.17	ENSMUSG00000039001.13	Mus musculus	GRCm39	GENCODE M28	False	False	True	False	1		unavailable_read_to_sample_mapping	unknown	unknown		supplementary_table_3;supplementary_table_4;gencode_M28	https://www.nature.com/articles/s41586-026-10982-x	short_read_only	False	ordered_gene_pair	not_audited_for_campaign	results/dataset_reconstruction/candidates.tsv	50a3dbce8e15446e75fc66e6656fed385fc923abb8a005919c04630afa305ac2	data/raw/41586_2026_10982_MOESM9_ESM.xlsx	6edb01e329d622100da30c47cd8eeaf7589a325d2ab94fb06f27c0f088a7f131	Supplemental Table 7		A10	https://media.springernature.com/original/springer-static/esm/art%3A10.1038%2Fs41586-026-10982-x/MediaObjects/41586_2026_10982_MOESM9_ESM.xlsx
Acod1:Cd86	Acod1	Cd86	ENSMUSG00000022126.7	ENSMUSG00000022901.14	Mus musculus	GRCm39	GENCODE M28	True	True	False	False	1		unavailable_read_to_sample_mapping	unknown	unknown		supplementary_table_3;supplementary_table_4;gencode_M28;supplementary_table_7;supplementary_table_8	https://www.nature.com/articles/s41586-026-10982-x	NanoString_only	True	ordered_gene_pair	not_audited_for_campaign	results/dataset_reconstruction/candidates.tsv	50a3dbce8e15446e75fc66e6656fed385fc923abb8a005919c04630afa305ac2	data/raw/41586_2026_10982_MOESM9_ESM.xlsx	6edb01e329d622100da30c47cd8eeaf7589a325d2ab94fb06f27c0f088a7f131	Supplemental Table 7	B3		https://media.springernature.com/original/springer-static/esm/art%3A10.1038%2Fs41586-026-10982-x/MediaObjects/41586_2026_10982_MOESM9_ESM.xlsx
Acp2:Renbp	Acp2	Renbp	ENSMUSG00000002103.17	ENSMUSG00000031387.15	Mus musculus	GRCm39	GENCODE M28	True	True	False	False	1		unavailable_read_to_sample_mapping	unknown	unknown		supplementary_table_3;supplementary_table_4;gencode_M28;supplementary_table_7;supplementary_table_8	https://www.nature.com/articles/s41586-026-10982-x	NanoString_only	True	ordered_gene_pair	not_audited_for_campaign	results/dataset_reconstruction/candidates.tsv	50a3dbce8e15446e75fc66e6656fed385fc923abb8a005919c04630afa305ac2	data/raw/41586_2026_10982_MOESM9_ESM.xlsx	6edb01e329d622100da30c47cd8eeaf7589a325d2ab94fb06f27c0f088a7f131	Supplemental Table 7	B4		https://media.springernature.com/original/springer-static/esm/art%3A10.1038%2Fs41586-026-10982-x/MediaObjects/41586_2026_10982_MOESM9_ESM.xlsx
Acsl4:Tmem164	Acsl4	Tmem164	ENSMUSG00000031278.13	ENSMUSG00000047045.18	Mus musculus	GRCm39	GENCODE M28	True	True	True	True	1		unavailable_read_to_sample_mapping	unknown	unknown		supplementary_table_3;supplementary_table_4;gencode_M28;supplementary_table_7;supplementary_table_8	https://www.nature.com/articles/s41586-026-10982-x	both	True	ordered_gene_pair	not_audited_for_campaign	results/dataset_reconstruction/candidates.tsv	50a3dbce8e15446e75fc66e6656fed385fc923abb8a005919c04630afa305ac2	data/raw/41586_2026_10982_MOESM9_ESM.xlsx	6edb01e329d622100da30c47cd8eeaf7589a325d2ab94fb06f27c0f088a7f131	Supplemental Table 7	B5	A11	https://media.springernature.com/original/springer-static/esm/art%3A10.1038%2Fs41586-026-10982-x/MediaObjects/41586_2026_10982_MOESM9_ESM.xlsx
Adgre1:Saa3	Adgre1	Saa3	ENSMUSG00000004730.16	ENSMUSG00000040026.9	Mus musculus	GRCm39	GENCODE M28	False	False	True	False	2		unavailable_read_to_sample_mapping	unknown	unknown		supplementary_table_3;supplementary_table_4;gencode_M28	https://www.nature.com/articles/s41586-026-10982-x	short_read_only	False	ordered_gene_pair	not_audited_for_campaign	results/dataset_reconstruction/candidates.tsv	50a3dbce8e15446e75fc66e6656fed385fc923abb8a005919c04630afa305ac2	data/raw/41586_2026_10982_MOESM9_ESM.xlsx	6edb01e329d622100da30c47cd8eeaf7589a325d2ab94fb06f27c0f088a7f131	Supplemental Table 7		A12	https://media.springernature.com/original/springer-static/esm/art%3A10.1038%2Fs41586-026-10982-x/MediaObjects/41586_2026_10982_MOESM9_ESM.xlsx
Aen:Isg20	Aen	Isg20	ENSMUSG00000030609.19	ENSMUSG00000039236.19	Mus musculus	GRCm39	GENCODE M28	False	False	True	False	1		unavailable_read_to_sample_mapping	unknown	unknown		supplementary_table_3;supplementary_table_4;gencode_M28	https://www.nature.com/articles/s41586-026-10982-x	short_read_only	False	ordered_gene_pair	not_audited_for_campaign	results/dataset_reconstruction/candidates.tsv	50a3dbce8e15446e75fc66e6656fed385fc923abb8a005919c04630afa305ac2	data/raw/41586_2026_10982_MOESM9_ESM.xlsx	6edb01e329d622100da30c47cd8eeaf7589a325d2ab94fb06f27c0f088a7f131	Supplemental Table 7		A13	https://media.springernature.com/original/springer-static/esm/art%3A10.1038%2Fs41586-026-10982-x/MediaObjects/41586_2026_10982_MOESM9_ESM.xlsx
Ahnak:Bscl2	Ahnak	Bscl2	ENSMUSG00000069833.14	ENSMUSG00000071657.13	Mus musculus	GRCm39	GENCODE M28	False	False	True	False	2		unavailable_read_to_sample_mapping	unknown	unknown		supplementary_table_3;supplementary_table_4;gencode_M28	https://www.nature.com/articles/s41586-026-10982-x	short_read_only	False	ordered_gene_pair	not_audited_for_campaign	results/dataset_reconstruction/candidates.tsv	50a3dbce8e15446e75fc66e6656fed385fc923abb8a005919c04630afa305ac2	data/raw/41586_2026_10982_MOESM9_ESM.xlsx	6edb01e329d622100da30c47cd8eeaf7589a325d2ab94fb06f27c0f088a7f131	Supplemental Table 7		A14	https://media.springernature.com/original/springer-static/esm/art%3A10.1038%2Fs41586-026-10982-x/MediaObjects/41586_2026_10982_MOESM9_ESM.xlsx
Akr1a1:Prdx1	Akr1a1	Prdx1	ENSMUSG00000028692.15	ENSMUSG00000028691.13	Mus musculus	GRCm39	GENCODE M28	False	False	True	False	6		unavailable_read_to_sample_mapping	unknown	unknown		supplementary_table_3;supplementary_table_4;gencode_M28	https://www.nature.com/articles/s41586-026-10982-x	short_read_only	False	ordered_gene_pair	not_audited_for_campaign	results/dataset_reconstruction/candidates.tsv	50a3dbce8e15446e75fc66e6656fed385fc923abb8a005919c04630afa305ac2	data/raw/41586_2026_10982_MOESM9_ESM.xlsx	6edb01e329d622100da30c47cd8eeaf7589a325d2ab94fb06f27c0f088a7f131	Supplemental Table 7		A15	https://media.springernature.com/original/springer-static/esm/art%3A10.1038%2Fs41586-026-10982-x/MediaObjects/41586_2026_10982_MOESM9_ESM.xlsx
Akt3:Adss	Akt3	Adss	ENSMUSG00000019699.17	ENSMUSG00000015961.9	Mus musculus	GRCm39	GENCODE M28	False	False	True	False	1		unavailable_read_to_sample_mapping	unknown	unknown		supplementary_table_3;supplementary_table_4;gencode_M28	https://www.nature.com/articles/s41586-026-10982-x	short_read_only	False	ordered_gene_pair	not_audited_for_campaign	results/dataset_reconstruction/candidates.tsv	50a3dbce8e15446e75fc66e6656fed385fc923abb8a005919c04630afa305ac2	data/raw/41586_2026_10982_MOESM9_ESM.xlsx	6edb01e329d622100da30c47cd8eeaf7589a325d2ab94fb06f27c0f088a7f131	Supplemental Table 7		A16	https://media.springernature.com/original/springer-static/esm/art%3A10.1038%2Fs41586-026-10982-x/MediaObjects/41586_2026_10982_MOESM9_ESM.xlsx
Akt3:Sdccag8	Akt3	Sdccag8	ENSMUSG00000019699.17	ENSMUSG00000026504.18	Mus musculus	GRCm39	GENCODE M28	False	False	True	False	1		unavailable_read_to_sample_mapping	unknown	unknown		supplementary_table_3;supplementary_table_4;gencode_M28	https://www.nature.com/articles/s41586-026-10982-x	short_read_only	False	ordered_gene_pair	not_audited_for_campaign	results/dataset_reconstruction/candidates.tsv	50a3dbce8e15446e75fc66e6656fed385fc923abb8a005919c04630afa305ac2	data/raw/41586_2026_10982_MOESM9_ESM.xlsx	6edb01e329d622100da30c47cd8eeaf7589a325d2ab94fb06f27c0f088a7f131	Supplemental Table 7		A17	https://media.springernature.com/original/springer-static/esm/art%3A10.1038%2Fs41586-026-10982-x/MediaObjects/41586_2026_10982_MOESM9_ESM.xlsx
Amz2:Arsg	Amz2	Arsg	ENSMUSG00000020610.18	ENSMUSG00000020604.14	Mus musculus	GRCm39	GENCODE M28	False	False	True	False	6		unavailable_read_to_sample_mapping	unknown	unknown		supplementary_table_3;supplementary_table_4;gencode_M28	https://www.nature.com/articles/s41586-026-10982-x	short_read_only	False	ordered_gene_pair	not_audited_for_campaign	results/dataset_reconstruction/candidates.tsv	50a3dbce8e15446e75fc66e6656fed385fc923abb8a005919c04630afa305ac2	data/raw/41586_2026_10982_MOESM9_ESM.xlsx	6edb01e329d622100da30c47cd8eeaf7589a325d2ab94fb06f27c0f088a7f131	Supplemental Table 7		A18	https://media.springernature.com/original/springer-static/esm/art%3A10.1038%2Fs41586-026-10982-x/MediaObjects/41586_2026_10982_MOESM9_ESM.xlsx
Aoah:Blcap	Aoah	Blcap	ENSMUSG00000021322.9	ENSMUSG00000067787.11	Mus musculus	GRCm39	GENCODE M28	True	True	False	False	1		unavailable_read_to_sample_mapping	unknown	unknown		supplementary_table_3;supplementary_table_4;gencode_M28;supplementary_table_7;supplementary_table_8	https://www.nature.com/articles/s41586-026-10982-x	NanoString_only	True	ordered_gene_pair	not_audited_for_campaign	results/dataset_reconstruction/candidates.tsv	50a3dbce8e15446e75fc66e6656fed385fc923abb8a005919c04630afa305ac2	data/raw/41586_2026_10982_MOESM9_ESM.xlsx	6edb01e329d622100da30c47cd8eeaf7589a325d2ab94fb06f27c0f088a7f131	Supplemental Table 7	B6		https://media.springernature.com/original/springer-static/esm/art%3A10.1038%2Fs41586-026-10982-x/MediaObjects/41586_2026_10982_MOESM9_ESM.xlsx
Aoah:Elmo1	Aoah	Elmo1	ENSMUSG00000021322.9	ENSMUSG00000041112.18	Mus musculus	GRCm39	GENCODE M28	False	False	True	False	2		unavailable_read_to_sample_mapping	unknown	unknown		supplementary_table_3;supplementary_table_4;gencode_M28	https://www.nature.com/articles/s41586-026-10982-x	short_read_only	False	ordered_gene_pair	not_audited_for_campaign	results/dataset_reconstruction/candidates.tsv	50a3dbce8e15446e75fc66e6656fed385fc923abb8a005919c04630afa305ac2	data/raw/41586_2026_10982_MOESM9_ESM.xlsx	6edb01e329d622100da30c47cd8eeaf7589a325d2ab94fb06f27c0f088a7f131	Supplemental Table 7		A19	https://media.springernature.com/original/springer-static/esm/art%3A10.1038%2Fs41586-026-10982-x/MediaObjects/41586_2026_10982_MOESM9_ESM.xlsx
Aoah:Sirt5	Aoah	Sirt5	ENSMUSG00000021322.9	ENSMUSG00000054021.7	Mus musculus	GRCm39	GENCODE M28	True	True	True	True	2		unavailable_read_to_sample_mapping	unknown	unknown		supplementary_table_3;supplementary_table_4;gencode_M28;supplementary_table_7;supplementary_table_8	https://www.nature.com/articles/s41586-026-10982-x	both	True	ordered_gene_pair	not_audited_for_campaign	results/dataset_reconstruction/candidates.tsv	50a3dbce8e15446e75fc66e6656fed385fc923abb8a005919c04630afa305ac2	data/raw/41586_2026_10982_MOESM9_ESM.xlsx	6edb01e329d622100da30c47cd8eeaf7589a325d2ab94fb06f27c0f088a7f131	Supplemental Table 7	B7	A20	https://media.springernature.com/original/springer-static/esm/art%3A10.1038%2Fs41586-026-10982-x/MediaObjects/41586_2026_10982_MOESM9_ESM.xlsx
Aopep:Akr1e1	Aopep	Akr1e1	ENSMUSG00000021458.18	ENSMUSG00000045410.19	Mus musculus	GRCm39	GENCODE M28	True	True	True	True	1		unavailable_read_to_sample_mapping	unknown	unknown		supplementary_table_3;supplementary_table_4;gencode_M28;supplementary_table_7;supplementary_table_8	https://www.nature.com/articles/s41586-026-10982-x	both	True	ordered_gene_pair	not_audited_for_campaign	results/dataset_reconstruction/candidates.tsv	50a3dbce8e15446e75fc66e6656fed385fc923abb8a005919c04630afa305ac2	data/raw/41586_2026_10982_MOESM9_ESM.xlsx	6edb01e329d622100da30c47cd8eeaf7589a325d2ab94fb06f27c0f088a7f131	Supplemental Table 7	B8	A21	https://media.springernature.com/original/springer-static/esm/art%3A10.1038%2Fs41586-026-10982-x/MediaObjects/41586_2026_10982_MOESM9_ESM.xlsx
Apc:Reep5	Apc	Reep5	ENSMUSG00000005871.16	ENSMUSG00000005873.7	Mus musculus	GRCm39	GENCODE M28	False	False	True	False	2		unavailable_read_to_sample_mapping	unknown	unknown		supplementary_table_3;supplementary_table_4;gencode_M28	https://www.nature.com/articles/s41586-026-10982-x	short_read_only	False	ordered_gene_pair	not_audited_for_campaign	results/dataset_reconstruction/candidates.tsv	50a3dbce8e15446e75fc66e6656fed385fc923abb8a005919c04630afa305ac2	data/raw/41586_2026_10982_MOESM9_ESM.xlsx	6edb01e329d622100da30c47cd8eeaf7589a325d2ab94fb06f27c0f088a7f131	Supplemental Table 7		A22	https://media.springernature.com/original/springer-static/esm/art%3A10.1038%2Fs41586-026-10982-x/MediaObjects/41586_2026_10982_MOESM9_ESM.xlsx
Aplp2:Mthfsl	Aplp2	Mthfsl	ENSMUSG00000031996.18	ENSMUSG00000079427.11	Mus musculus	GRCm39	GENCODE M28	False	False	True	False	1		unavailable_read_to_sample_mapping	unknown	unknown		supplementary_table_3;supplementary_table_4;gencode_M28	https://www.nature.com/articles/s41586-026-10982-x	short_read_only	False	ordered_gene_pair	not_audited_for_campaign	results/dataset_reconstruction/candidates.tsv	50a3dbce8e15446e75fc66e6656fed385fc923abb8a005919c04630afa305ac2	data/raw/41586_2026_10982_MOESM9_ESM.xlsx	6edb01e329d622100da30c47cd8eeaf7589a325d2ab94fb06f27c0f088a7f131	Supplemental Table 7		A23	https://media.springernature.com/original/springer-static/esm/art%3A10.1038%2Fs41586-026-10982-x/MediaObjects/41586_2026_10982_MOESM9_ESM.xlsx
Apobec1:Psma1	Apobec1	Psma1	ENSMUSG00000040613.15	ENSMUSG00000030751.19	Mus musculus	GRCm39	GENCODE M28	False	False	True	False	1		unavailable_read_to_sample_mapping	unknown	unknown		supplementary_table_3;supplementary_table_4;gencode_M28	https://www.nature.com/articles/s41586-026-10982-x	short_read_only	False	ordered_gene_pair	not_audited_for_campaign	results/dataset_reconstruction/candidates.tsv	50a3dbce8e15446e75fc66e6656fed385fc923abb8a005919c04630afa305ac2	data/raw/41586_2026_10982_MOESM9_ESM.xlsx	6edb01e329d622100da30c47cd8eeaf7589a325d2ab94fb06f27c0f088a7f131	Supplemental Table 7		A24	https://media.springernature.com/original/springer-static/esm/art%3A10.1038%2Fs41586-026-10982-x/MediaObjects/41586_2026_10982_MOESM9_ESM.xlsx
App:Tomm70a	App	Tomm70a	ENSMUSG00000022892.12	ENSMUSG00000022752.10	Mus musculus	GRCm39	GENCODE M28	False	False	True	False	1		unavailable_read_to_sample_mapping	unknown	unknown		supplementary_table_3;supplementary_table_4;gencode_M28	https://www.nature.com/articles/s41586-026-10982-x	short_read_only	False	ordered_gene_pair	not_audited_for_campaign	results/dataset_reconstruction/candidates.tsv	50a3dbce8e15446e75fc66e6656fed385fc923abb8a005919c04630afa305ac2	data/raw/41586_2026_10982_MOESM9_ESM.xlsx	6edb01e329d622100da30c47cd8eeaf7589a325d2ab94fb06f27c0f088a7f131	Supplemental Table 7		A25	https://media.springernature.com/original/springer-static/esm/art%3A10.1038%2Fs41586-026-10982-x/MediaObjects/41586_2026_10982_MOESM9_ESM.xlsx
Arl10:Higd2a	Arl10	Higd2a	ENSMUSG00000025870.11	ENSMUSG00000025868.7	Mus musculus	GRCm39	GENCODE M28	False	False	True	False	15		unavailable_read_to_sample_mapping	unknown	unknown		supplementary_table_3;supplementary_table_4;gencode_M28	https://www.nature.com/articles/s41586-026-10982-x	short_read_only	False	ordered_gene_pair	not_audited_for_campaign	results/dataset_reconstruction/candidates.tsv	50a3dbce8e15446e75fc66e6656fed385fc923abb8a005919c04630afa305ac2	data/raw/41586_2026_10982_MOESM9_ESM.xlsx	6edb01e329d622100da30c47cd8eeaf7589a325d2ab94fb06f27c0f088a7f131	Supplemental Table 7		A26	https://media.springernature.com/original/springer-static/esm/art%3A10.1038%2Fs41586-026-10982-x/MediaObjects/41586_2026_10982_MOESM9_ESM.xlsx
Arl15:Ndufs4	Arl15	Ndufs4	ENSMUSG00000042348.11	ENSMUSG00000021764.9	Mus musculus	GRCm39	GENCODE M28	False	False	True	False	1		unavailable_read_to_sample_mapping	unknown	unknown		supplementary_table_3;supplementary_table_4;gencode_M28	https://www.nature.com/articles/s41586-026-10982-x	short_read_only	False	ordered_gene_pair	not_audited_for_campaign	results/dataset_reconstruction/candidates.tsv	50a3dbce8e15446e75fc66e6656fed385fc923abb8a005919c04630afa305ac2	data/raw/41586_2026_10982_MOESM9_ESM.xlsx	6edb01e329d622100da30c47cd8eeaf7589a325d2ab94fb06f27c0f088a7f131	Supplemental Table 7		A27	https://media.springernature.com/original/springer-static/esm/art%3A10.1038%2Fs41586-026-10982-x/MediaObjects/41586_2026_10982_MOESM9_ESM.xlsx
Arrb1:C2cd3	Arrb1	C2cd3	ENSMUSG00000018909.16	ENSMUSG00000047248.21	Mus musculus	GRCm39	GENCODE M28	True	False	True	False	1		unavailable_read_to_sample_mapping	unknown	unknown		supplementary_table_3;supplementary_table_4;gencode_M28;supplementary_table_7;supplementary_table_8	https://www.nature.com/articles/s41586-026-10982-x	short_read_only	False	ordered_gene_pair	not_audited_for_campaign	results/dataset_reconstruction/candidates.tsv	50a3dbce8e15446e75fc66e6656fed385fc923abb8a005919c04630afa305ac2	data/raw/41586_2026_10982_MOESM9_ESM.xlsx	6edb01e329d622100da30c47cd8eeaf7589a325d2ab94fb06f27c0f088a7f131	Supplemental Table 7		A28	https://media.springernature.com/original/springer-static/esm/art%3A10.1038%2Fs41586-026-10982-x/MediaObjects/41586_2026_10982_MOESM9_ESM.xlsx
Asah1:Hnrnpdl	Asah1	Hnrnpdl	ENSMUSG00000031591.15	ENSMUSG00000029328.16	Mus musculus	GRCm39	GENCODE M28	False	False	True	False	1		unavailable_read_to_sample_mapping	unknown	unknown		supplementary_table_3;supplementary_table_4;gencode_M28	https://www.nature.com/articles/s41586-026-10982-x	short_read_only	False	ordered_gene_pair	not_audited_for_campaign	results/dataset_reconstruction/candidates.tsv	50a3dbce8e15446e75fc66e6656fed385fc923abb8a005919c04630afa305ac2	data/raw/41586_2026_10982_MOESM9_ESM.xlsx	6edb01e329d622100da30c47cd8eeaf7589a325d2ab94fb06f27c0f088a7f131	Supplemental Table 7		A29	https://media.springernature.com/original/springer-static/esm/art%3A10.1038%2Fs41586-026-10982-x/MediaObjects/41586_2026_10982_MOESM9_ESM.xlsx
Asph:Rab2a	Asph	Rab2a	ENSMUSG00000028207.19	ENSMUSG00000047187.10	Mus musculus	GRCm39	GENCODE M28	True	True	True	True	1		unavailable_read_to_sample_mapping	unknown	unknown		supplementary_table_3;supplementary_table_4;gencode_M28;supplementary_table_7;supplementary_table_8	https://www.nature.com/articles/s41586-026-10982-x	both	True	ordered_gene_pair	not_audited_for_campaign	results/dataset_reconstruction/candidates.tsv	50a3dbce8e15446e75fc66e6656fed385fc923abb8a005919c04630afa305ac2	data/raw/41586_2026_10982_MOESM9_ESM.xlsx	6edb01e329d622100da30c47cd8eeaf7589a325d2ab94fb06f27c0f088a7f131	Supplemental Table 7	B9	A30	https://media.springernature.com/original/springer-static/esm/art%3A10.1038%2Fs41586-026-10982-x/MediaObjects/41586_2026_10982_MOESM9_ESM.xlsx
Atf3:Hmox1	Atf3	Hmox1	ENSMUSG00000026628.14	ENSMUSG00000005413.9	Mus musculus	GRCm39	GENCODE M28	False	False	True	False	1		unavailable_read_to_sample_mapping	unknown	unknown		supplementary_table_3;supplementary_table_4;gencode_M28	https://www.nature.com/articles/s41586-026-10982-x	short_read_only	False	ordered_gene_pair	not_audited_for_campaign	results/dataset_reconstruction/candidates.tsv	50a3dbce8e15446e75fc66e6656fed385fc923abb8a005919c04630afa305ac2	data/raw/41586_2026_10982_MOESM9_ESM.xlsx	6edb01e329d622100da30c47cd8eeaf7589a325d2ab94fb06f27c0f088a7f131	Supplemental Table 7		A31	https://media.springernature.com/original/springer-static/esm/art%3A10.1038%2Fs41586-026-10982-x/MediaObjects/41586_2026_10982_MOESM9_ESM.xlsx
Atp6v0a1:Akr1a1	Atp6v0a1	Akr1a1	ENSMUSG00000019302.17	ENSMUSG00000028692.15	Mus musculus	GRCm39	GENCODE M28	True	True	False	False	1		unavailable_read_to_sample_mapping	unknown	unknown		supplementary_table_3;supplementary_table_4;gencode_M28;supplementary_table_7;supplementary_table_8	https://www.nature.com/articles/s41586-026-10982-x	NanoString_only	True	ordered_gene_pair	not_audited_for_campaign	results/dataset_reconstruction/candidates.tsv	50a3dbce8e15446e75fc66e6656fed385fc923abb8a005919c04630afa305ac2	data/raw/41586_2026_10982_MOESM9_ESM.xlsx	6edb01e329d622100da30c47cd8eeaf7589a325d2ab94fb06f27c0f088a7f131	Supplemental Table 7	B10		https://media.springernature.com/original/springer-static/esm/art%3A10.1038%2Fs41586-026-10982-x/MediaObjects/41586_2026_10982_MOESM9_ESM.xlsx
Atp6v0d2:Sdcbp	Atp6v0d2	Sdcbp	ENSMUSG00000028238.7	ENSMUSG00000028249.16	Mus musculus	GRCm39	GENCODE M28	False	False	True	False	1		unavailable_read_to_sample_mapping	unknown	unknown		supplementary_table_3;supplementary_table_4;gencode_M28	https://www.nature.com/articles/s41586-026-10982-x	short_read_only	False	ordered_gene_pair	not_audited_for_campaign	results/dataset_reconstruction/candidates.tsv	50a3dbce8e15446e75fc66e6656fed385fc923abb8a005919c04630afa305ac2	data/raw/41586_2026_10982_MOESM9_ESM.xlsx	6edb01e329d622100da30c47cd8eeaf7589a325d2ab94fb06f27c0f088a7f131	Supplemental Table 7		A32	https://media.springernature.com/original/springer-static/esm/art%3A10.1038%2Fs41586-026-10982-x/MediaObjects/41586_2026_10982_MOESM9_ESM.xlsx
Azi2:Cmc1	Azi2	Cmc1	ENSMUSG00000039285.13	ENSMUSG00000039163.11	Mus musculus	GRCm39	GENCODE M28	False	False	True	False	1		unavailable_read_to_sample_mapping	unknown	unknown		supplementary_table_3;supplementary_table_4;gencode_M28	https://www.nature.com/articles/s41586-026-10982-x	short_read_only	False	ordered_gene_pair	not_audited_for_campaign	results/dataset_reconstruction/candidates.tsv	50a3dbce8e15446e75fc66e6656fed385fc923abb8a005919c04630afa305ac2	data/raw/41586_2026_10982_MOESM9_ESM.xlsx	6edb01e329d622100da30c47cd8eeaf7589a325d2ab94fb06f27c0f088a7f131	Supplemental Table 7		A34	https://media.springernature.com/original/springer-static/esm/art%3A10.1038%2Fs41586-026-10982-x/MediaObjects/41586_2026_10982_MOESM9_ESM.xlsx
B3gnt2:Xpo1	B3gnt2	Xpo1	ENSMUSG00000051650.12	ENSMUSG00000020290.15	Mus musculus	GRCm39	GENCODE M28	False	False	True	False	1		unavailable_read_to_sample_mapping	unknown	unknown		supplementary_table_3;supplementary_table_4;gencode_M28	https://www.nature.com/articles/s41586-026-10982-x	short_read_only	False	ordered_gene_pair	not_audited_for_campaign	results/dataset_reconstruction/candidates.tsv	50a3dbce8e15446e75fc66e6656fed385fc923abb8a005919c04630afa305ac2	data/raw/41586_2026_10982_MOESM9_ESM.xlsx	6edb01e329d622100da30c47cd8eeaf7589a325d2ab94fb06f27c0f088a7f131	Supplemental Table 7		A35	https://media.springernature.com/original/springer-static/esm/art%3A10.1038%2Fs41586-026-10982-x/MediaObjects/41586_2026_10982_MOESM9_ESM.xlsx
Basp1:4930445E18Rik	Basp1	4930445E18Rik	ENSMUSG00000045763.9	ENSMUSG00000115355.2	Mus musculus	GRCm39	GENCODE M28	False	False	True	False	2		unavailable_read_to_sample_mapping	unknown	unknown		supplementary_table_3;supplementary_table_4;gencode_M28	https://www.nature.com/articles/s41586-026-10982-x	short_read_only	False	ordered_gene_pair	not_audited_for_campaign	results/dataset_reconstruction/candidates.tsv	50a3dbce8e15446e75fc66e6656fed385fc923abb8a005919c04630afa305ac2	data/raw/41586_2026_10982_MOESM9_ESM.xlsx	6edb01e329d622100da30c47cd8eeaf7589a325d2ab94fb06f27c0f088a7f131	Supplemental Table 7		A36	https://media.springernature.com/original/springer-static/esm/art%3A10.1038%2Fs41586-026-10982-x/MediaObjects/41586_2026_10982_MOESM9_ESM.xlsx
Batf2:Majin	Batf2	Majin	ENSMUSG00000039699.15	ENSMUSG00000024786.10	Mus musculus	GRCm39	GENCODE M28	False	False	True	False	73		unavailable_read_to_sample_mapping	unknown	unknown		supplementary_table_3;supplementary_table_4;gencode_M28	https://www.nature.com/articles/s41586-026-10982-x	short_read_only	False	ordered_gene_pair	not_audited_for_campaign	results/dataset_reconstruction/candidates.tsv	50a3dbce8e15446e75fc66e6656fed385fc923abb8a005919c04630afa305ac2	data/raw/41586_2026_10982_MOESM9_ESM.xlsx	6edb01e329d622100da30c47cd8eeaf7589a325d2ab94fb06f27c0f088a7f131	Supplemental Table 7		A37	https://media.springernature.com/original/springer-static/esm/art%3A10.1038%2Fs41586-026-10982-x/MediaObjects/41586_2026_10982_MOESM9_ESM.xlsx
Bbx:Ntan1	Bbx	Ntan1	ENSMUSG00000022641.16	ENSMUSG00000022681.16	Mus musculus	GRCm39	GENCODE M28	True	True	False	False	1		unavailable_read_to_sample_mapping	unknown	unknown		supplementary_table_3;supplementary_table_4;gencode_M28;supplementary_table_7;supplementary_table_8	https://www.nature.com/articles/s41586-026-10982-x	NanoString_only	True	ordered_gene_pair	not_audited_for_campaign	results/dataset_reconstruction/candidates.tsv	50a3dbce8e15446e75fc66e6656fed385fc923abb8a005919c04630afa305ac2	data/raw/41586_2026_10982_MOESM9_ESM.xlsx	6edb01e329d622100da30c47cd8eeaf7589a325d2ab94fb06f27c0f088a7f131	Supplemental Table 7	B11		https://media.springernature.com/original/springer-static/esm/art%3A10.1038%2Fs41586-026-10982-x/MediaObjects/41586_2026_10982_MOESM9_ESM.xlsx
Bcl2a1b:Mthfs	Bcl2a1b	Mthfs	ENSMUSG00000089929.2	ENSMUSG00000066442.18	Mus musculus	GRCm39	GENCODE M28	False	False	True	False	185		unavailable_read_to_sample_mapping	unknown	unknown		supplementary_table_3;supplementary_table_4;gencode_M28	https://www.nature.com/articles/s41586-026-10982-x	short_read_only	False	ordered_gene_pair	not_audited_for_campaign	results/dataset_reconstruction/candidates.tsv	50a3dbce8e15446e75fc66e6656fed385fc923abb8a005919c04630afa305ac2	data/raw/41586_2026_10982_MOESM9_ESM.xlsx	6edb01e329d622100da30c47cd8eeaf7589a325d2ab94fb06f27c0f088a7f131	Supplemental Table 7		A38	https://media.springernature.com/original/springer-static/esm/art%3A10.1038%2Fs41586-026-10982-x/MediaObjects/41586_2026_10982_MOESM9_ESM.xlsx
Bri3bp:Ubc	Bri3bp	Ubc	ENSMUSG00000037905.14	ENSMUSG00000008348.10	Mus musculus	GRCm39	GENCODE M28	False	False	True	False	2		unavailable_read_to_sample_mapping	unknown	unknown		supplementary_table_3;supplementary_table_4;gencode_M28	https://www.nature.com/articles/s41586-026-10982-x	short_read_only	False	ordered_gene_pair	not_audited_for_campaign	results/dataset_reconstruction/candidates.tsv	50a3dbce8e15446e75fc66e6656fed385fc923abb8a005919c04630afa305ac2	data/raw/41586_2026_10982_MOESM9_ESM.xlsx	6edb01e329d622100da30c47cd8eeaf7589a325d2ab94fb06f27c0f088a7f131	Supplemental Table 7		A39	https://media.springernature.com/original/springer-static/esm/art%3A10.1038%2Fs41586-026-10982-x/MediaObjects/41586_2026_10982_MOESM9_ESM.xlsx
Brk1:Vhl	Brk1	Vhl	ENSMUSG00000033940.9	ENSMUSG00000033933.14	Mus musculus	GRCm39	GENCODE M28	False	False	True	False	1		unavailable_read_to_sample_mapping	unknown	unknown		supplementary_table_3;supplementary_table_4;gencode_M28	https://www.nature.com/articles/s41586-026-10982-x	short_read_only	False	ordered_gene_pair	not_audited_for_campaign	results/dataset_reconstruction/candidates.tsv	50a3dbce8e15446e75fc66e6656fed385fc923abb8a005919c04630afa305ac2	data/raw/41586_2026_10982_MOESM9_ESM.xlsx	6edb01e329d622100da30c47cd8eeaf7589a325d2ab94fb06f27c0f088a7f131	Supplemental Table 7		A40	https://media.springernature.com/original/springer-static/esm/art%3A10.1038%2Fs41586-026-10982-x/MediaObjects/41586_2026_10982_MOESM9_ESM.xlsx
C1qb:Lgals1	C1qb	Lgals1	ENSMUSG00000036905.9	ENSMUSG00000068220.7	Mus musculus	GRCm39	GENCODE M28	False	False	True	False	2		unavailable_read_to_sample_mapping	unknown	unknown		supplementary_table_3;supplementary_table_4;gencode_M28	https://www.nature.com/articles/s41586-026-10982-x	short_read_only	False	ordered_gene_pair	not_audited_for_campaign	results/dataset_reconstruction/candidates.tsv	50a3dbce8e15446e75fc66e6656fed385fc923abb8a005919c04630afa305ac2	data/raw/41586_2026_10982_MOESM9_ESM.xlsx	6edb01e329d622100da30c47cd8eeaf7589a325d2ab94fb06f27c0f088a7f131	Supplemental Table 7		A41	https://media.springernature.com/original/springer-static/esm/art%3A10.1038%2Fs41586-026-10982-x/MediaObjects/41586_2026_10982_MOESM9_ESM.xlsx
C1qb:Saa3	C1qb	Saa3	ENSMUSG00000036905.9	ENSMUSG00000040026.9	Mus musculus	GRCm39	GENCODE M28	False	False	True	False	7		unavailable_read_to_sample_mapping	unknown	unknown		supplementary_table_3;supplementary_table_4;gencode_M28	https://www.nature.com/articles/s41586-026-10982-x	short_read_only	False	ordered_gene_pair	not_audited_for_campaign	results/dataset_reconstruction/candidates.tsv	50a3dbce8e15446e75fc66e6656fed385fc923abb8a005919c04630afa305ac2	data/raw/41586_2026_10982_MOESM9_ESM.xlsx	6edb01e329d622100da30c47cd8eeaf7589a325d2ab94fb06f27c0f088a7f131	Supplemental Table 7		A42	https://media.springernature.com/original/springer-static/esm/art%3A10.1038%2Fs41586-026-10982-x/MediaObjects/41586_2026_10982_MOESM9_ESM.xlsx
C1qc:Rps27a	C1qc	Rps27a	ENSMUSG00000036896.6	ENSMUSG00000020460.16	Mus musculus	GRCm39	GENCODE M28	False	False	True	False	1		unavailable_read_to_sample_mapping	unknown	unknown		supplementary_table_3;supplementary_table_4;gencode_M28	https://www.nature.com/articles/s41586-026-10982-x	short_read_only	False	ordered_gene_pair	not_audited_for_campaign	results/dataset_reconstruction/candidates.tsv	50a3dbce8e15446e75fc66e6656fed385fc923abb8a005919c04630afa305ac2	data/raw/41586_2026_10982_MOESM9_ESM.xlsx	6edb01e329d622100da30c47cd8eeaf7589a325d2ab94fb06f27c0f088a7f131	Supplemental Table 7		A43	https://media.springernature.com/original/springer-static/esm/art%3A10.1038%2Fs41586-026-10982-x/MediaObjects/41586_2026_10982_MOESM9_ESM.xlsx
Caap1:Gm12655	Caap1	Gm12655	ENSMUSG00000028578.9	ENSMUSG00000087128.8	Mus musculus	GRCm39	GENCODE M28	False	False	True	False	4		unavailable_read_to_sample_mapping	unknown	unknown		supplementary_table_3;supplementary_table_4;gencode_M28	https://www.nature.com/articles/s41586-026-10982-x	short_read_only	False	ordered_gene_pair	not_audited_for_campaign	results/dataset_reconstruction/candidates.tsv	50a3dbce8e15446e75fc66e6656fed385fc923abb8a005919c04630afa305ac2	data/raw/41586_2026_10982_MOESM9_ESM.xlsx	6edb01e329d622100da30c47cd8eeaf7589a325d2ab94fb06f27c0f088a7f131	Supplemental Table 7		A44	https://media.springernature.com/original/springer-static/esm/art%3A10.1038%2Fs41586-026-10982-x/MediaObjects/41586_2026_10982_MOESM9_ESM.xlsx
Cacna1d:Ninj1	Cacna1d	Ninj1	ENSMUSG00000015968.19	ENSMUSG00000037966.16	Mus musculus	GRCm39	GENCODE M28	True	True	False	False	1		unavailable_read_to_sample_mapping	unknown	unknown		supplementary_table_3;supplementary_table_4;gencode_M28;supplementary_table_7;supplementary_table_8	https://www.nature.com/articles/s41586-026-10982-x	NanoString_only	True	ordered_gene_pair	not_audited_for_campaign	results/dataset_reconstruction/candidates.tsv	50a3dbce8e15446e75fc66e6656fed385fc923abb8a005919c04630afa305ac2	data/raw/41586_2026_10982_MOESM9_ESM.xlsx	6edb01e329d622100da30c47cd8eeaf7589a325d2ab94fb06f27c0f088a7f131	Supplemental Table 7	B12		https://media.springernature.com/original/springer-static/esm/art%3A10.1038%2Fs41586-026-10982-x/MediaObjects/41586_2026_10982_MOESM9_ESM.xlsx
Cadm1:Anxa2	Cadm1	Anxa2	ENSMUSG00000032076.21	ENSMUSG00000032231.15	Mus musculus	GRCm39	GENCODE M28	False	False	True	False	1		unavailable_read_to_sample_mapping	unknown	unknown		supplementary_table_3;supplementary_table_4;gencode_M28	https://www.nature.com/articles/s41586-026-10982-x	short_read_only	False	ordered_gene_pair	not_audited_for_campaign	results/dataset_reconstruction/candidates.tsv	50a3dbce8e15446e75fc66e6656fed385fc923abb8a005919c04630afa305ac2	data/raw/41586_2026_10982_MOESM9_ESM.xlsx	6edb01e329d622100da30c47cd8eeaf7589a325d2ab94fb06f27c0f088a7f131	Supplemental Table 7		A45	https://media.springernature.com/original/springer-static/esm/art%3A10.1038%2Fs41586-026-10982-x/MediaObjects/41586_2026_10982_MOESM9_ESM.xlsx
Camk2d:Fam241a	Camk2d	Fam241a	ENSMUSG00000053819.17	ENSMUSG00000050549.9	Mus musculus	GRCm39	GENCODE M28	False	False	True	False	1		unavailable_read_to_sample_mapping	unknown	unknown		supplementary_table_3;supplementary_table_4;gencode_M28	https://www.nature.com/articles/s41586-026-10982-x	short_read_only	False	ordered_gene_pair	not_audited_for_campaign	results/dataset_reconstruction/candidates.tsv	50a3dbce8e15446e75fc66e6656fed385fc923abb8a005919c04630afa305ac2	data/raw/41586_2026_10982_MOESM9_ESM.xlsx	6edb01e329d622100da30c47cd8eeaf7589a325d2ab94fb06f27c0f088a7f131	Supplemental Table 7		A46	https://media.springernature.com/original/springer-static/esm/art%3A10.1038%2Fs41586-026-10982-x/MediaObjects/41586_2026_10982_MOESM9_ESM.xlsx
Ccl5:Acod1	Ccl5	Acod1	ENSMUSG00000035042.3	ENSMUSG00000022126.7	Mus musculus	GRCm39	GENCODE M28	False	False	True	False	1		unavailable_read_to_sample_mapping	unknown	unknown		supplementary_table_3;supplementary_table_4;gencode_M28	https://www.nature.com/articles/s41586-026-10982-x	short_read_only	False	ordered_gene_pair	not_audited_for_campaign	results/dataset_reconstruction/candidates.tsv	50a3dbce8e15446e75fc66e6656fed385fc923abb8a005919c04630afa305ac2	data/raw/41586_2026_10982_MOESM9_ESM.xlsx	6edb01e329d622100da30c47cd8eeaf7589a325d2ab94fb06f27c0f088a7f131	Supplemental Table 7		A47	https://media.springernature.com/original/springer-static/esm/art%3A10.1038%2Fs41586-026-10982-x/MediaObjects/41586_2026_10982_MOESM9_ESM.xlsx
Ccl5:B2m	Ccl5	B2m	ENSMUSG00000035042.3	ENSMUSG00000060802.9	Mus musculus	GRCm39	GENCODE M28	False	False	True	False	14		unavailable_read_to_sample_mapping	unknown	unknown		supplementary_table_3;supplementary_table_4;gencode_M28	https://www.nature.com/articles/s41586-026-10982-x	short_read_only	False	ordered_gene_pair	not_audited_for_campaign	results/dataset_reconstruction/candidates.tsv	50a3dbce8e15446e75fc66e6656fed385fc923abb8a005919c04630afa305ac2	data/raw/41586_2026_10982_MOESM9_ESM.xlsx	6edb01e329d622100da30c47cd8eeaf7589a325d2ab94fb06f27c0f088a7f131	Supplemental Table 7		A48	https://media.springernature.com/original/springer-static/esm/art%3A10.1038%2Fs41586-026-10982-x/MediaObjects/41586_2026_10982_MOESM9_ESM.xlsx
Ccl5:Heatr9	Ccl5	Heatr9	ENSMUSG00000035042.3	ENSMUSG00000018925.4	Mus musculus	GRCm39	GENCODE M28	False	False	True	False	29		unavailable_read_to_sample_mapping	unknown	unknown		supplementary_table_3;supplementary_table_4;gencode_M28	https://www.nature.com/articles/s41586-026-10982-x	short_read_only	False	ordered_gene_pair	not_audited_for_campaign	results/dataset_reconstruction/candidates.tsv	50a3dbce8e15446e75fc66e6656fed385fc923abb8a005919c04630afa305ac2	data/raw/41586_2026_10982_MOESM9_ESM.xlsx	6edb01e329d622100da30c47cd8eeaf7589a325d2ab94fb06f27c0f088a7f131	Supplemental Table 7		A49	https://media.springernature.com/original/springer-static/esm/art%3A10.1038%2Fs41586-026-10982-x/MediaObjects/41586_2026_10982_MOESM9_ESM.xlsx
Ccl5:Rplp1	Ccl5	Rplp1	ENSMUSG00000035042.3	ENSMUSG00000007892.9	Mus musculus	GRCm39	GENCODE M28	False	False	True	False	2		unavailable_read_to_sample_mapping	unknown	unknown		supplementary_table_3;supplementary_table_4;gencode_M28	https://www.nature.com/articles/s41586-026-10982-x	short_read_only	False	ordered_gene_pair	not_audited_for_campaign	results/dataset_reconstruction/candidates.tsv	50a3dbce8e15446e75fc66e6656fed385fc923abb8a005919c04630afa305ac2	data/raw/41586_2026_10982_MOESM9_ESM.xlsx	6edb01e329d622100da30c47cd8eeaf7589a325d2ab94fb06f27c0f088a7f131	Supplemental Table 7		A50	https://media.springernature.com/original/springer-static/esm/art%3A10.1038%2Fs41586-026-10982-x/MediaObjects/41586_2026_10982_MOESM9_ESM.xlsx
Cd180:1700099I09Rik	Cd180	1700099I09Rik	ENSMUSG00000021624.10	ENSMUSG00000091906.3	Mus musculus	GRCm39	GENCODE M28	False	False	True	False	8		unavailable_read_to_sample_mapping	unknown	unknown		supplementary_table_3;supplementary_table_4;gencode_M28	https://www.nature.com/articles/s41586-026-10982-x	short_read_only	False	ordered_gene_pair	not_audited_for_campaign	results/dataset_reconstruction/candidates.tsv	50a3dbce8e15446e75fc66e6656fed385fc923abb8a005919c04630afa305ac2	data/raw/41586_2026_10982_MOESM9_ESM.xlsx	6edb01e329d622100da30c47cd8eeaf7589a325d2ab94fb06f27c0f088a7f131	Supplemental Table 7		A51	https://media.springernature.com/original/springer-static/esm/art%3A10.1038%2Fs41586-026-10982-x/MediaObjects/41586_2026_10982_MOESM9_ESM.xlsx
Cd274:Lacc1	Cd274	Lacc1	ENSMUSG00000016496.8	ENSMUSG00000044350.15	Mus musculus	GRCm39	GENCODE M28	True	True	False	False	1		unavailable_read_to_sample_mapping	unknown	unknown		supplementary_table_3;supplementary_table_4;gencode_M28;supplementary_table_7;supplementary_table_8	https://www.nature.com/articles/s41586-026-10982-x	NanoString_only	True	ordered_gene_pair	not_audited_for_campaign	results/dataset_reconstruction/candidates.tsv	50a3dbce8e15446e75fc66e6656fed385fc923abb8a005919c04630afa305ac2	data/raw/41586_2026_10982_MOESM9_ESM.xlsx	6edb01e329d622100da30c47cd8eeaf7589a325d2ab94fb06f27c0f088a7f131	Supplemental Table 7	B13		https://media.springernature.com/original/springer-static/esm/art%3A10.1038%2Fs41586-026-10982-x/MediaObjects/41586_2026_10982_MOESM9_ESM.xlsx
Cd274:Psmb7	Cd274	Psmb7	ENSMUSG00000016496.8	ENSMUSG00000026750.7	Mus musculus	GRCm39	GENCODE M28	False	False	True	False	1		unavailable_read_to_sample_mapping	unknown	unknown		supplementary_table_3;supplementary_table_4;gencode_M28	https://www.nature.com/articles/s41586-026-10982-x	short_read_only	False	ordered_gene_pair	not_audited_for_campaign	results/dataset_reconstruction/candidates.tsv	50a3dbce8e15446e75fc66e6656fed385fc923abb8a005919c04630afa305ac2	data/raw/41586_2026_10982_MOESM9_ESM.xlsx	6edb01e329d622100da30c47cd8eeaf7589a325d2ab94fb06f27c0f088a7f131	Supplemental Table 7		A52	https://media.springernature.com/original/springer-static/esm/art%3A10.1038%2Fs41586-026-10982-x/MediaObjects/41586_2026_10982_MOESM9_ESM.xlsx
Cd48:Slamf7	Cd48	Slamf7	ENSMUSG00000015355.14	ENSMUSG00000038179.14	Mus musculus	GRCm39	GENCODE M28	False	False	True	False	1		unavailable_read_to_sample_mapping	unknown	unknown		supplementary_table_3;supplementary_table_4;gencode_M28	https://www.nature.com/articles/s41586-026-10982-x	short_read_only	False	ordered_gene_pair	not_audited_for_campaign	results/dataset_reconstruction/candidates.tsv	50a3dbce8e15446e75fc66e6656fed385fc923abb8a005919c04630afa305ac2	data/raw/41586_2026_10982_MOESM9_ESM.xlsx	6edb01e329d622100da30c47cd8eeaf7589a325d2ab94fb06f27c0f088a7f131	Supplemental Table 7		A53	https://media.springernature.com/original/springer-static/esm/art%3A10.1038%2Fs41586-026-10982-x/MediaObjects/41586_2026_10982_MOESM9_ESM.xlsx
Cd52:Adgre1	Cd52	Adgre1	ENSMUSG00000000682.8	ENSMUSG00000004730.16	Mus musculus	GRCm39	GENCODE M28	False	False	True	False	2		unavailable_read_to_sample_mapping	unknown	unknown		supplementary_table_3;supplementary_table_4;gencode_M28	https://www.nature.com/articles/s41586-026-10982-x	short_read_only	False	ordered_gene_pair	not_audited_for_campaign	results/dataset_reconstruction/candidates.tsv	50a3dbce8e15446e75fc66e6656fed385fc923abb8a005919c04630afa305ac2	data/raw/41586_2026_10982_MOESM9_ESM.xlsx	6edb01e329d622100da30c47cd8eeaf7589a325d2ab94fb06f27c0f088a7f131	Supplemental Table 7		A54	https://media.springernature.com/original/springer-static/esm/art%3A10.1038%2Fs41586-026-10982-x/MediaObjects/41586_2026_10982_MOESM9_ESM.xlsx
Cd52:Lyz2	Cd52	Lyz2	ENSMUSG00000000682.8	ENSMUSG00000069516.9	Mus musculus	GRCm39	GENCODE M28	False	False	True	False	1		unavailable_read_to_sample_mapping	unknown	unknown		supplementary_table_3;supplementary_table_4;gencode_M28	https://www.nature.com/articles/s41586-026-10982-x	short_read_only	False	ordered_gene_pair	not_audited_for_campaign	results/dataset_reconstruction/candidates.tsv	50a3dbce8e15446e75fc66e6656fed385fc923abb8a005919c04630afa305ac2	data/raw/41586_2026_10982_MOESM9_ESM.xlsx	6edb01e329d622100da30c47cd8eeaf7589a325d2ab94fb06f27c0f088a7f131	Supplemental Table 7		A55	https://media.springernature.com/original/springer-static/esm/art%3A10.1038%2Fs41586-026-10982-x/MediaObjects/41586_2026_10982_MOESM9_ESM.xlsx
Cd86:Gm49662	Cd86	Gm49662	ENSMUSG00000022901.14	ENSMUSG00000116961.2	Mus musculus	GRCm39	GENCODE M28	False	False	True	False	6		unavailable_read_to_sample_mapping	unknown	unknown		supplementary_table_3;supplementary_table_4;gencode_M28	https://www.nature.com/articles/s41586-026-10982-x	short_read_only	False	ordered_gene_pair	not_audited_for_campaign	results/dataset_reconstruction/candidates.tsv	50a3dbce8e15446e75fc66e6656fed385fc923abb8a005919c04630afa305ac2	data/raw/41586_2026_10982_MOESM9_ESM.xlsx	6edb01e329d622100da30c47cd8eeaf7589a325d2ab94fb06f27c0f088a7f131	Supplemental Table 7		A56	https://media.springernature.com/original/springer-static/esm/art%3A10.1038%2Fs41586-026-10982-x/MediaObjects/41586_2026_10982_MOESM9_ESM.xlsx
Cep164:Xdh	Cep164	Xdh	ENSMUSG00000043987.19	ENSMUSG00000024066.10	Mus musculus	GRCm39	GENCODE M28	False	False	True	False	1		unavailable_read_to_sample_mapping	unknown	unknown		supplementary_table_3;supplementary_table_4;gencode_M28	https://www.nature.com/articles/s41586-026-10982-x	short_read_only	False	ordered_gene_pair	not_audited_for_campaign	results/dataset_reconstruction/candidates.tsv	50a3dbce8e15446e75fc66e6656fed385fc923abb8a005919c04630afa305ac2	data/raw/41586_2026_10982_MOESM9_ESM.xlsx	6edb01e329d622100da30c47cd8eeaf7589a325d2ab94fb06f27c0f088a7f131	Supplemental Table 7		A57	https://media.springernature.com/original/springer-static/esm/art%3A10.1038%2Fs41586-026-10982-x/MediaObjects/41586_2026_10982_MOESM9_ESM.xlsx
Cep78:Psat1	Cep78	Psat1	ENSMUSG00000041491.9	ENSMUSG00000024640.10	Mus musculus	GRCm39	GENCODE M28	False	False	True	False	2		unavailable_read_to_sample_mapping	unknown	unknown		supplementary_table_3;supplementary_table_4;gencode_M28	https://www.nature.com/articles/s41586-026-10982-x	short_read_only	False	ordered_gene_pair	not_audited_for_campaign	results/dataset_reconstruction/candidates.tsv	50a3dbce8e15446e75fc66e6656fed385fc923abb8a005919c04630afa305ac2	data/raw/41586_2026_10982_MOESM9_ESM.xlsx	6edb01e329d622100da30c47cd8eeaf7589a325d2ab94fb06f27c0f088a7f131	Supplemental Table 7		A58	https://media.springernature.com/original/springer-static/esm/art%3A10.1038%2Fs41586-026-10982-x/MediaObjects/41586_2026_10982_MOESM9_ESM.xlsx
Cers6:Eif3e	Cers6	Eif3e	ENSMUSG00000027035.11	ENSMUSG00000022336.4	Mus musculus	GRCm39	GENCODE M28	False	False	True	False	1		unavailable_read_to_sample_mapping	unknown	unknown		supplementary_table_3;supplementary_table_4;gencode_M28	https://www.nature.com/articles/s41586-026-10982-x	short_read_only	False	ordered_gene_pair	not_audited_for_campaign	results/dataset_reconstruction/candidates.tsv	50a3dbce8e15446e75fc66e6656fed385fc923abb8a005919c04630afa305ac2	data/raw/41586_2026_10982_MOESM9_ESM.xlsx	6edb01e329d622100da30c47cd8eeaf7589a325d2ab94fb06f27c0f088a7f131	Supplemental Table 7		A59	https://media.springernature.com/original/springer-static/esm/art%3A10.1038%2Fs41586-026-10982-x/MediaObjects/41586_2026_10982_MOESM9_ESM.xlsx
Chchd3:1810058I24Rik	Chchd3	1810058I24Rik	ENSMUSG00000053768.14	ENSMUSG00000073155.13	Mus musculus	GRCm39	GENCODE M28	True	True	True	True	1		unavailable_read_to_sample_mapping	unknown	unknown		supplementary_table_3;supplementary_table_4;gencode_M28;supplementary_table_7;supplementary_table_8	https://www.nature.com/articles/s41586-026-10982-x	both	True	ordered_gene_pair	not_audited_for_campaign	results/dataset_reconstruction/candidates.tsv	50a3dbce8e15446e75fc66e6656fed385fc923abb8a005919c04630afa305ac2	data/raw/41586_2026_10982_MOESM9_ESM.xlsx	6edb01e329d622100da30c47cd8eeaf7589a325d2ab94fb06f27c0f088a7f131	Supplemental Table 7	B14	A60	https://media.springernature.com/original/springer-static/esm/art%3A10.1038%2Fs41586-026-10982-x/MediaObjects/41586_2026_10982_MOESM9_ESM.xlsx
Chd1:Ttc27	Chd1	Ttc27	ENSMUSG00000023852.15	ENSMUSG00000024078.8	Mus musculus	GRCm39	GENCODE M28	True	True	False	False	1		unavailable_read_to_sample_mapping	unknown	unknown		supplementary_table_3;supplementary_table_4;gencode_M28;supplementary_table_7;supplementary_table_8	https://www.nature.com/articles/s41586-026-10982-x	NanoString_only	True	ordered_gene_pair	not_audited_for_campaign	results/dataset_reconstruction/candidates.tsv	50a3dbce8e15446e75fc66e6656fed385fc923abb8a005919c04630afa305ac2	data/raw/41586_2026_10982_MOESM9_ESM.xlsx	6edb01e329d622100da30c47cd8eeaf7589a325d2ab94fb06f27c0f088a7f131	Supplemental Table 7	B15		https://media.springernature.com/original/springer-static/esm/art%3A10.1038%2Fs41586-026-10982-x/MediaObjects/41586_2026_10982_MOESM9_ESM.xlsx
Clcc1:Sars	Clcc1	Sars	ENSMUSG00000027884.17	ENSMUSG00000068739.14	Mus musculus	GRCm39	GENCODE M28	True	True	False	False	1		unavailable_read_to_sample_mapping	unknown	unknown		supplementary_table_3;supplementary_table_4;gencode_M28;supplementary_table_7;supplementary_table_8	https://www.nature.com/articles/s41586-026-10982-x	NanoString_only	True	ordered_gene_pair	not_audited_for_campaign	results/dataset_reconstruction/candidates.tsv	50a3dbce8e15446e75fc66e6656fed385fc923abb8a005919c04630afa305ac2	data/raw/41586_2026_10982_MOESM9_ESM.xlsx	6edb01e329d622100da30c47cd8eeaf7589a325d2ab94fb06f27c0f088a7f131	Supplemental Table 7	B16		https://media.springernature.com/original/springer-static/esm/art%3A10.1038%2Fs41586-026-10982-x/MediaObjects/41586_2026_10982_MOESM9_ESM.xlsx
Clec4e:Usp18	Clec4e	Usp18	ENSMUSG00000030142.11	ENSMUSG00000030107.11	Mus musculus	GRCm39	GENCODE M28	False	False	True	False	2		unavailable_read_to_sample_mapping	unknown	unknown		supplementary_table_3;supplementary_table_4;gencode_M28	https://www.nature.com/articles/s41586-026-10982-x	short_read_only	False	ordered_gene_pair	not_audited_for_campaign	results/dataset_reconstruction/candidates.tsv	50a3dbce8e15446e75fc66e6656fed385fc923abb8a005919c04630afa305ac2	data/raw/41586_2026_10982_MOESM9_ESM.xlsx	6edb01e329d622100da30c47cd8eeaf7589a325d2ab94fb06f27c0f088a7f131	Supplemental Table 7		A61	https://media.springernature.com/original/springer-static/esm/art%3A10.1038%2Fs41586-026-10982-x/MediaObjects/41586_2026_10982_MOESM9_ESM.xlsx
Coa8:Klc1	Coa8	Klc1	ENSMUSG00000037787.15	ENSMUSG00000021288.20	Mus musculus	GRCm39	GENCODE M28	False	False	True	False	2		unavailable_read_to_sample_mapping	unknown	unknown		supplementary_table_3;supplementary_table_4;gencode_M28	https://www.nature.com/articles/s41586-026-10982-x	short_read_only	False	ordered_gene_pair	not_audited_for_campaign	results/dataset_reconstruction/candidates.tsv	50a3dbce8e15446e75fc66e6656fed385fc923abb8a005919c04630afa305ac2	data/raw/41586_2026_10982_MOESM9_ESM.xlsx	6edb01e329d622100da30c47cd8eeaf7589a325d2ab94fb06f27c0f088a7f131	Supplemental Table 7		A62	https://media.springernature.com/original/springer-static/esm/art%3A10.1038%2Fs41586-026-10982-x/MediaObjects/41586_2026_10982_MOESM9_ESM.xlsx
Colgalt1:Mocos	Colgalt1	Mocos	ENSMUSG00000034807.10	ENSMUSG00000039616.11	Mus musculus	GRCm39	GENCODE M28	False	False	True	False	1		unavailable_read_to_sample_mapping	unknown	unknown		supplementary_table_3;supplementary_table_4;gencode_M28	https://www.nature.com/articles/s41586-026-10982-x	short_read_only	False	ordered_gene_pair	not_audited_for_campaign	results/dataset_reconstruction/candidates.tsv	50a3dbce8e15446e75fc66e6656fed385fc923abb8a005919c04630afa305ac2	data/raw/41586_2026_10982_MOESM9_ESM.xlsx	6edb01e329d622100da30c47cd8eeaf7589a325d2ab94fb06f27c0f088a7f131	Supplemental Table 7		A63	https://media.springernature.com/original/springer-static/esm/art%3A10.1038%2Fs41586-026-10982-x/MediaObjects/41586_2026_10982_MOESM9_ESM.xlsx
Coro7:Pam16	Coro7	Pam16	ENSMUSG00000039637.16	ENSMUSG00000014301.14	Mus musculus	GRCm39	GENCODE M28	False	False	True	False	6		unavailable_read_to_sample_mapping	unknown	unknown		supplementary_table_3;supplementary_table_4;gencode_M28	https://www.nature.com/articles/s41586-026-10982-x	short_read_only	False	ordered_gene_pair	not_audited_for_campaign	results/dataset_reconstruction/candidates.tsv	50a3dbce8e15446e75fc66e6656fed385fc923abb8a005919c04630afa305ac2	data/raw/41586_2026_10982_MOESM9_ESM.xlsx	6edb01e329d622100da30c47cd8eeaf7589a325d2ab94fb06f27c0f088a7f131	Supplemental Table 7		A64	https://media.springernature.com/original/springer-static/esm/art%3A10.1038%2Fs41586-026-10982-x/MediaObjects/41586_2026_10982_MOESM9_ESM.xlsx
Cotl1:Nos2	Cotl1	Nos2	ENSMUSG00000031827.14	ENSMUSG00000020826.10	Mus musculus	GRCm39	GENCODE M28	False	False	True	False	1		unavailable_read_to_sample_mapping	unknown	unknown		supplementary_table_3;supplementary_table_4;gencode_M28	https://www.nature.com/articles/s41586-026-10982-x	short_read_only	False	ordered_gene_pair	not_audited_for_campaign	results/dataset_reconstruction/candidates.tsv	50a3dbce8e15446e75fc66e6656fed385fc923abb8a005919c04630afa305ac2	data/raw/41586_2026_10982_MOESM9_ESM.xlsx	6edb01e329d622100da30c47cd8eeaf7589a325d2ab94fb06f27c0f088a7f131	Supplemental Table 7		A65	https://media.springernature.com/original/springer-static/esm/art%3A10.1038%2Fs41586-026-10982-x/MediaObjects/41586_2026_10982_MOESM9_ESM.xlsx
Cox4i1:Myl6	Cox4i1	Myl6	ENSMUSG00000031818.13	ENSMUSG00000090841.3	Mus musculus	GRCm39	GENCODE M28	False	False	True	False	1		unavailable_read_to_sample_mapping	unknown	unknown		supplementary_table_3;supplementary_table_4;gencode_M28	https://www.nature.com/articles/s41586-026-10982-x	short_read_only	False	ordered_gene_pair	not_audited_for_campaign	results/dataset_reconstruction/candidates.tsv	50a3dbce8e15446e75fc66e6656fed385fc923abb8a005919c04630afa305ac2	data/raw/41586_2026_10982_MOESM9_ESM.xlsx	6edb01e329d622100da30c47cd8eeaf7589a325d2ab94fb06f27c0f088a7f131	Supplemental Table 7		A66	https://media.springernature.com/original/springer-static/esm/art%3A10.1038%2Fs41586-026-10982-x/MediaObjects/41586_2026_10982_MOESM9_ESM.xlsx
Cp:Hps3	Cp	Hps3	ENSMUSG00000003617.17	ENSMUSG00000027615.15	Mus musculus	GRCm39	GENCODE M28	False	False	True	False	1		unavailable_read_to_sample_mapping	unknown	unknown		supplementary_table_3;supplementary_table_4;gencode_M28	https://www.nature.com/articles/s41586-026-10982-x	short_read_only	False	ordered_gene_pair	not_audited_for_campaign	results/dataset_reconstruction/candidates.tsv	50a3dbce8e15446e75fc66e6656fed385fc923abb8a005919c04630afa305ac2	data/raw/41586_2026_10982_MOESM9_ESM.xlsx	6edb01e329d622100da30c47cd8eeaf7589a325d2ab94fb06f27c0f088a7f131	Supplemental Table 7		A67	https://media.springernature.com/original/springer-static/esm/art%3A10.1038%2Fs41586-026-10982-x/MediaObjects/41586_2026_10982_MOESM9_ESM.xlsx
Ctbs:Gng5	Ctbs	Gng5	ENSMUSG00000028189.13	ENSMUSG00000068523.13	Mus musculus	GRCm39	GENCODE M28	False	False	True	False	11		unavailable_read_to_sample_mapping	unknown	unknown		supplementary_table_3;supplementary_table_4;gencode_M28	https://www.nature.com/articles/s41586-026-10982-x	short_read_only	False	ordered_gene_pair	not_audited_for_campaign	results/dataset_reconstruction/candidates.tsv	50a3dbce8e15446e75fc66e6656fed385fc923abb8a005919c04630afa305ac2	data/raw/41586_2026_10982_MOESM9_ESM.xlsx	6edb01e329d622100da30c47cd8eeaf7589a325d2ab94fb06f27c0f088a7f131	Supplemental Table 7		A68	https://media.springernature.com/original/springer-static/esm/art%3A10.1038%2Fs41586-026-10982-x/MediaObjects/41586_2026_10982_MOESM9_ESM.xlsx
Ctss:Atp5g3	Ctss	Atp5g3	ENSMUSG00000038642.11	ENSMUSG00000018770.10	Mus musculus	GRCm39	GENCODE M28	False	False	True	False	1		unavailable_read_to_sample_mapping	unknown	unknown		supplementary_table_3;supplementary_table_4;gencode_M28	https://www.nature.com/articles/s41586-026-10982-x	short_read_only	False	ordered_gene_pair	not_audited_for_campaign	results/dataset_reconstruction/candidates.tsv	50a3dbce8e15446e75fc66e6656fed385fc923abb8a005919c04630afa305ac2	data/raw/41586_2026_10982_MOESM9_ESM.xlsx	6edb01e329d622100da30c47cd8eeaf7589a325d2ab94fb06f27c0f088a7f131	Supplemental Table 7		A69	https://media.springernature.com/original/springer-static/esm/art%3A10.1038%2Fs41586-026-10982-x/MediaObjects/41586_2026_10982_MOESM9_ESM.xlsx
Ctss:Vps45	Ctss	Vps45	ENSMUSG00000038642.11	ENSMUSG00000015747.6	Mus musculus	GRCm39	GENCODE M28	False	False	True	False	2		unavailable_read_to_sample_mapping	unknown	unknown		supplementary_table_3;supplementary_table_4;gencode_M28	https://www.nature.com/articles/s41586-026-10982-x	short_read_only	False	ordered_gene_pair	not_audited_for_campaign	results/dataset_reconstruction/candidates.tsv	50a3dbce8e15446e75fc66e6656fed385fc923abb8a005919c04630afa305ac2	data/raw/41586_2026_10982_MOESM9_ESM.xlsx	6edb01e329d622100da30c47cd8eeaf7589a325d2ab94fb06f27c0f088a7f131	Supplemental Table 7		A70	https://media.springernature.com/original/springer-static/esm/art%3A10.1038%2Fs41586-026-10982-x/MediaObjects/41586_2026_10982_MOESM9_ESM.xlsx
Ctss:Xdh	Ctss	Xdh	ENSMUSG00000038642.11	ENSMUSG00000024066.10	Mus musculus	GRCm39	GENCODE M28	False	False	True	False	5		unavailable_read_to_sample_mapping	unknown	unknown		supplementary_table_3;supplementary_table_4;gencode_M28	https://www.nature.com/articles/s41586-026-10982-x	short_read_only	False	ordered_gene_pair	not_audited_for_campaign	results/dataset_reconstruction/candidates.tsv	50a3dbce8e15446e75fc66e6656fed385fc923abb8a005919c04630afa305ac2	data/raw/41586_2026_10982_MOESM9_ESM.xlsx	6edb01e329d622100da30c47cd8eeaf7589a325d2ab94fb06f27c0f088a7f131	Supplemental Table 7		A71	https://media.springernature.com/original/springer-static/esm/art%3A10.1038%2Fs41586-026-10982-x/MediaObjects/41586_2026_10982_MOESM9_ESM.xlsx
Cyb5a:Ap3s1	Cyb5a	Ap3s1	ENSMUSG00000024646.15	ENSMUSG00000024480.10	Mus musculus	GRCm39	GENCODE M28	False	False	True	False	1		unavailable_read_to_sample_mapping	unknown	unknown		supplementary_table_3;supplementary_table_4;gencode_M28	https://www.nature.com/articles/s41586-026-10982-x	short_read_only	False	ordered_gene_pair	not_audited_for_campaign	results/dataset_reconstruction/candidates.tsv	50a3dbce8e15446e75fc66e6656fed385fc923abb8a005919c04630afa305ac2	data/raw/41586_2026_10982_MOESM9_ESM.xlsx	6edb01e329d622100da30c47cd8eeaf7589a325d2ab94fb06f27c0f088a7f131	Supplemental Table 7		A72	https://media.springernature.com/original/springer-static/esm/art%3A10.1038%2Fs41586-026-10982-x/MediaObjects/41586_2026_10982_MOESM9_ESM.xlsx
Cyb5a:Cndp2	Cyb5a	Cndp2	ENSMUSG00000024646.15	ENSMUSG00000024644.18	Mus musculus	GRCm39	GENCODE M28	False	False	True	False	2		unavailable_read_to_sample_mapping	unknown	unknown		supplementary_table_3;supplementary_table_4;gencode_M28	https://www.nature.com/articles/s41586-026-10982-x	short_read_only	False	ordered_gene_pair	not_audited_for_campaign	results/dataset_reconstruction/candidates.tsv	50a3dbce8e15446e75fc66e6656fed385fc923abb8a005919c04630afa305ac2	data/raw/41586_2026_10982_MOESM9_ESM.xlsx	6edb01e329d622100da30c47cd8eeaf7589a325d2ab94fb06f27c0f088a7f131	Supplemental Table 7		A73	https://media.springernature.com/original/springer-static/esm/art%3A10.1038%2Fs41586-026-10982-x/MediaObjects/41586_2026_10982_MOESM9_ESM.xlsx
Cyba:B2m	Cyba	B2m	ENSMUSG00000006519.12	ENSMUSG00000060802.9	Mus musculus	GRCm39	GENCODE M28	False	False	True	False	4		unavailable_read_to_sample_mapping	unknown	unknown		supplementary_table_3;supplementary_table_4;gencode_M28	https://www.nature.com/articles/s41586-026-10982-x	short_read_only	False	ordered_gene_pair	not_audited_for_campaign	results/dataset_reconstruction/candidates.tsv	50a3dbce8e15446e75fc66e6656fed385fc923abb8a005919c04630afa305ac2	data/raw/41586_2026_10982_MOESM9_ESM.xlsx	6edb01e329d622100da30c47cd8eeaf7589a325d2ab94fb06f27c0f088a7f131	Supplemental Table 7		A74	https://media.springernature.com/original/springer-static/esm/art%3A10.1038%2Fs41586-026-10982-x/MediaObjects/41586_2026_10982_MOESM9_ESM.xlsx
Cyfip1:Xdh	Cyfip1	Xdh	ENSMUSG00000030447.16	ENSMUSG00000024066.10	Mus musculus	GRCm39	GENCODE M28	False	False	True	False	1		unavailable_read_to_sample_mapping	unknown	unknown		supplementary_table_3;supplementary_table_4;gencode_M28	https://www.nature.com/articles/s41586-026-10982-x	short_read_only	False	ordered_gene_pair	not_audited_for_campaign	results/dataset_reconstruction/candidates.tsv	50a3dbce8e15446e75fc66e6656fed385fc923abb8a005919c04630afa305ac2	data/raw/41586_2026_10982_MOESM9_ESM.xlsx	6edb01e329d622100da30c47cd8eeaf7589a325d2ab94fb06f27c0f088a7f131	Supplemental Table 7		A75	https://media.springernature.com/original/springer-static/esm/art%3A10.1038%2Fs41586-026-10982-x/MediaObjects/41586_2026_10982_MOESM9_ESM.xlsx
D17H6S53E:Xdh	D17H6S53E	Xdh	ENSMUSG00000043311.8	ENSMUSG00000024066.10	Mus musculus	GRCm39	GENCODE M28	False	False	True	False	1		unavailable_read_to_sample_mapping	unknown	unknown		supplementary_table_3;supplementary_table_4;gencode_M28	https://www.nature.com/articles/s41586-026-10982-x	short_read_only	False	ordered_gene_pair	not_audited_for_campaign	results/dataset_reconstruction/candidates.tsv	50a3dbce8e15446e75fc66e6656fed385fc923abb8a005919c04630afa305ac2	data/raw/41586_2026_10982_MOESM9_ESM.xlsx	6edb01e329d622100da30c47cd8eeaf7589a325d2ab94fb06f27c0f088a7f131	Supplemental Table 7		A76	https://media.springernature.com/original/springer-static/esm/art%3A10.1038%2Fs41586-026-10982-x/MediaObjects/41586_2026_10982_MOESM9_ESM.xlsx
Dcaf8:Pea15a	Dcaf8	Pea15a	ENSMUSG00000026554.16	ENSMUSG00000013698.13	Mus musculus	GRCm39	GENCODE M28	False	False	True	False	1		unavailable_read_to_sample_mapping	unknown	unknown		supplementary_table_3;supplementary_table_4;gencode_M28	https://www.nature.com/articles/s41586-026-10982-x	short_read_only	False	ordered_gene_pair	not_audited_for_campaign	results/dataset_reconstruction/candidates.tsv	50a3dbce8e15446e75fc66e6656fed385fc923abb8a005919c04630afa305ac2	data/raw/41586_2026_10982_MOESM9_ESM.xlsx	6edb01e329d622100da30c47cd8eeaf7589a325d2ab94fb06f27c0f088a7f131	Supplemental Table 7		A77	https://media.springernature.com/original/springer-static/esm/art%3A10.1038%2Fs41586-026-10982-x/MediaObjects/41586_2026_10982_MOESM9_ESM.xlsx
Ddx58:Plin2	Ddx58	Plin2	ENSMUSG00000040296.16	ENSMUSG00000028494.13	Mus musculus	GRCm39	GENCODE M28	False	False	True	False	1		unavailable_read_to_sample_mapping	unknown	unknown		supplementary_table_3;supplementary_table_4;gencode_M28	https://www.nature.com/articles/s41586-026-10982-x	short_read_only	False	ordered_gene_pair	not_audited_for_campaign	results/dataset_reconstruction/candidates.tsv	50a3dbce8e15446e75fc66e6656fed385fc923abb8a005919c04630afa305ac2	data/raw/41586_2026_10982_MOESM9_ESM.xlsx	6edb01e329d622100da30c47cd8eeaf7589a325d2ab94fb06f27c0f088a7f131	Supplemental Table 7		A78	https://media.springernature.com/original/springer-static/esm/art%3A10.1038%2Fs41586-026-10982-x/MediaObjects/41586_2026_10982_MOESM9_ESM.xlsx
Dgkh:Vwa8	Dgkh	Vwa8	ENSMUSG00000034731.12	ENSMUSG00000058997.9	Mus musculus	GRCm39	GENCODE M28	False	False	True	False	1		unavailable_read_to_sample_mapping	unknown	unknown		supplementary_table_3;supplementary_table_4;gencode_M28	https://www.nature.com/articles/s41586-026-10982-x	short_read_only	False	ordered_gene_pair	not_audited_for_campaign	results/dataset_reconstruction/candidates.tsv	50a3dbce8e15446e75fc66e6656fed385fc923abb8a005919c04630afa305ac2	data/raw/41586_2026_10982_MOESM9_ESM.xlsx	6edb01e329d622100da30c47cd8eeaf7589a325d2ab94fb06f27c0f088a7f131	Supplemental Table 7		A79	https://media.springernature.com/original/springer-static/esm/art%3A10.1038%2Fs41586-026-10982-x/MediaObjects/41586_2026_10982_MOESM9_ESM.xlsx
Dhps:Cyba	Dhps	Cyba	ENSMUSG00000060038.15	ENSMUSG00000006519.12	Mus musculus	GRCm39	GENCODE M28	False	False	True	False	1		unavailable_read_to_sample_mapping	unknown	unknown		supplementary_table_3;supplementary_table_4;gencode_M28	https://www.nature.com/articles/s41586-026-10982-x	short_read_only	False	ordered_gene_pair	not_audited_for_campaign	results/dataset_reconstruction/candidates.tsv	50a3dbce8e15446e75fc66e6656fed385fc923abb8a005919c04630afa305ac2	data/raw/41586_2026_10982_MOESM9_ESM.xlsx	6edb01e329d622100da30c47cd8eeaf7589a325d2ab94fb06f27c0f088a7f131	Supplemental Table 7		A80	https://media.springernature.com/original/springer-static/esm/art%3A10.1038%2Fs41586-026-10982-x/MediaObjects/41586_2026_10982_MOESM9_ESM.xlsx
Dhps:Rsrp1	Dhps	Rsrp1	ENSMUSG00000060038.15	ENSMUSG00000037266.19	Mus musculus	GRCm39	GENCODE M28	False	False	True	False	1		unavailable_read_to_sample_mapping	unknown	unknown		supplementary_table_3;supplementary_table_4;gencode_M28	https://www.nature.com/articles/s41586-026-10982-x	short_read_only	False	ordered_gene_pair	not_audited_for_campaign	results/dataset_reconstruction/candidates.tsv	50a3dbce8e15446e75fc66e6656fed385fc923abb8a005919c04630afa305ac2	data/raw/41586_2026_10982_MOESM9_ESM.xlsx	6edb01e329d622100da30c47cd8eeaf7589a325d2ab94fb06f27c0f088a7f131	Supplemental Table 7		A81	https://media.springernature.com/original/springer-static/esm/art%3A10.1038%2Fs41586-026-10982-x/MediaObjects/41586_2026_10982_MOESM9_ESM.xlsx
Dhrs3:Tusc3	Dhrs3	Tusc3	ENSMUSG00000066026.15	ENSMUSG00000118664.1	Mus musculus	GRCm39	GENCODE M28	True	True	False	False	1		unavailable_read_to_sample_mapping	unknown	unknown		supplementary_table_3;supplementary_table_4;gencode_M28;supplementary_table_7;supplementary_table_8	https://www.nature.com/articles/s41586-026-10982-x	NanoString_only	True	ordered_gene_pair	not_audited_for_campaign	results/dataset_reconstruction/candidates.tsv	50a3dbce8e15446e75fc66e6656fed385fc923abb8a005919c04630afa305ac2	data/raw/41586_2026_10982_MOESM9_ESM.xlsx	6edb01e329d622100da30c47cd8eeaf7589a325d2ab94fb06f27c0f088a7f131	Supplemental Table 7	B17		https://media.springernature.com/original/springer-static/esm/art%3A10.1038%2Fs41586-026-10982-x/MediaObjects/41586_2026_10982_MOESM9_ESM.xlsx
Dleu2:Ctsb	Dleu2	Ctsb	ENSMUSG00000097589.10	ENSMUSG00000021939.9	Mus musculus	GRCm39	GENCODE M28	False	False	True	False	2		unavailable_read_to_sample_mapping	unknown	unknown		supplementary_table_3;supplementary_table_4;gencode_M28	https://www.nature.com/articles/s41586-026-10982-x	short_read_only	False	ordered_gene_pair	not_audited_for_campaign	results/dataset_reconstruction/candidates.tsv	50a3dbce8e15446e75fc66e6656fed385fc923abb8a005919c04630afa305ac2	data/raw/41586_2026_10982_MOESM9_ESM.xlsx	6edb01e329d622100da30c47cd8eeaf7589a325d2ab94fb06f27c0f088a7f131	Supplemental Table 7		A82	https://media.springernature.com/original/springer-static/esm/art%3A10.1038%2Fs41586-026-10982-x/MediaObjects/41586_2026_10982_MOESM9_ESM.xlsx
Dleu2:Itm2b	Dleu2	Itm2b	ENSMUSG00000097589.10	ENSMUSG00000022108.9	Mus musculus	GRCm39	GENCODE M28	False	False	True	False	1		unavailable_read_to_sample_mapping	unknown	unknown		supplementary_table_3;supplementary_table_4;gencode_M28	https://www.nature.com/articles/s41586-026-10982-x	short_read_only	False	ordered_gene_pair	not_audited_for_campaign	results/dataset_reconstruction/candidates.tsv	50a3dbce8e15446e75fc66e6656fed385fc923abb8a005919c04630afa305ac2	data/raw/41586_2026_10982_MOESM9_ESM.xlsx	6edb01e329d622100da30c47cd8eeaf7589a325d2ab94fb06f27c0f088a7f131	Supplemental Table 7		A83	https://media.springernature.com/original/springer-static/esm/art%3A10.1038%2Fs41586-026-10982-x/MediaObjects/41586_2026_10982_MOESM9_ESM.xlsx
Dnajc16:Atp13a2	Dnajc16	Atp13a2	ENSMUSG00000040697.11	ENSMUSG00000036622.16	Mus musculus	GRCm39	GENCODE M28	False	False	True	False	1		unavailable_read_to_sample_mapping	unknown	unknown		supplementary_table_3;supplementary_table_4;gencode_M28	https://www.nature.com/articles/s41586-026-10982-x	short_read_only	False	ordered_gene_pair	not_audited_for_campaign	results/dataset_reconstruction/candidates.tsv	50a3dbce8e15446e75fc66e6656fed385fc923abb8a005919c04630afa305ac2	data/raw/41586_2026_10982_MOESM9_ESM.xlsx	6edb01e329d622100da30c47cd8eeaf7589a325d2ab94fb06f27c0f088a7f131	Supplemental Table 7		A85	https://media.springernature.com/original/springer-static/esm/art%3A10.1038%2Fs41586-026-10982-x/MediaObjects/41586_2026_10982_MOESM9_ESM.xlsx
Dnajc1:Pip4k2a	Dnajc1	Pip4k2a	ENSMUSG00000026740.13	ENSMUSG00000026737.13	Mus musculus	GRCm39	GENCODE M28	False	False	True	False	2		unavailable_read_to_sample_mapping	unknown	unknown		supplementary_table_3;supplementary_table_4;gencode_M28	https://www.nature.com/articles/s41586-026-10982-x	short_read_only	False	ordered_gene_pair	not_audited_for_campaign	results/dataset_reconstruction/candidates.tsv	50a3dbce8e15446e75fc66e6656fed385fc923abb8a005919c04630afa305ac2	data/raw/41586_2026_10982_MOESM9_ESM.xlsx	6edb01e329d622100da30c47cd8eeaf7589a325d2ab94fb06f27c0f088a7f131	Supplemental Table 7		A84	https://media.springernature.com/original/springer-static/esm/art%3A10.1038%2Fs41586-026-10982-x/MediaObjects/41586_2026_10982_MOESM9_ESM.xlsx
Dock4:Zfp277	Dock4	Zfp277	ENSMUSG00000035954.11	ENSMUSG00000055917.16	Mus musculus	GRCm39	GENCODE M28	False	False	True	False	2		unavailable_read_to_sample_mapping	unknown	unknown		supplementary_table_3;supplementary_table_4;gencode_M28	https://www.nature.com/articles/s41586-026-10982-x	short_read_only	False	ordered_gene_pair	not_audited_for_campaign	results/dataset_reconstruction/candidates.tsv	50a3dbce8e15446e75fc66e6656fed385fc923abb8a005919c04630afa305ac2	data/raw/41586_2026_10982_MOESM9_ESM.xlsx	6edb01e329d622100da30c47cd8eeaf7589a325d2ab94fb06f27c0f088a7f131	Supplemental Table 7		A86	https://media.springernature.com/original/springer-static/esm/art%3A10.1038%2Fs41586-026-10982-x/MediaObjects/41586_2026_10982_MOESM9_ESM.xlsx
Dtx2:Fam53a	Dtx2	Fam53a	ENSMUSG00000004947.16	ENSMUSG00000037339.18	Mus musculus	GRCm39	GENCODE M28	True	True	False	False	1		unavailable_read_to_sample_mapping	unknown	unknown		supplementary_table_3;supplementary_table_4;gencode_M28;supplementary_table_7;supplementary_table_8	https://www.nature.com/articles/s41586-026-10982-x	NanoString_only	True	ordered_gene_pair	not_audited_for_campaign	results/dataset_reconstruction/candidates.tsv	50a3dbce8e15446e75fc66e6656fed385fc923abb8a005919c04630afa305ac2	data/raw/41586_2026_10982_MOESM9_ESM.xlsx	6edb01e329d622100da30c47cd8eeaf7589a325d2ab94fb06f27c0f088a7f131	Supplemental Table 7	B18		https://media.springernature.com/original/springer-static/esm/art%3A10.1038%2Fs41586-026-10982-x/MediaObjects/41586_2026_10982_MOESM9_ESM.xlsx
Ehd1:B2m	Ehd1	B2m	ENSMUSG00000024772.10	ENSMUSG00000060802.9	Mus musculus	GRCm39	GENCODE M28	True	True	False	False	2		unavailable_read_to_sample_mapping	unknown	unknown		supplementary_table_3;supplementary_table_4;gencode_M28;supplementary_table_7;supplementary_table_8	https://www.nature.com/articles/s41586-026-10982-x	NanoString_only	True	ordered_gene_pair	not_audited_for_campaign	results/dataset_reconstruction/candidates.tsv	50a3dbce8e15446e75fc66e6656fed385fc923abb8a005919c04630afa305ac2	data/raw/41586_2026_10982_MOESM9_ESM.xlsx	6edb01e329d622100da30c47cd8eeaf7589a325d2ab94fb06f27c0f088a7f131	Supplemental Table 7	B19		https://media.springernature.com/original/springer-static/esm/art%3A10.1038%2Fs41586-026-10982-x/MediaObjects/41586_2026_10982_MOESM9_ESM.xlsx
Eif3a:Dennd10	Eif3a	Dennd10	ENSMUSG00000024991.9	ENSMUSG00000024993.16	Mus musculus	GRCm39	GENCODE M28	True	False	True	False	1		unavailable_read_to_sample_mapping	unknown	unknown		supplementary_table_3;supplementary_table_4;gencode_M28;supplementary_table_7;supplementary_table_8	https://www.nature.com/articles/s41586-026-10982-x	short_read_only	False	ordered_gene_pair	not_audited_for_campaign	results/dataset_reconstruction/candidates.tsv	50a3dbce8e15446e75fc66e6656fed385fc923abb8a005919c04630afa305ac2	data/raw/41586_2026_10982_MOESM9_ESM.xlsx	6edb01e329d622100da30c47cd8eeaf7589a325d2ab94fb06f27c0f088a7f131	Supplemental Table 7		A87	https://media.springernature.com/original/springer-static/esm/art%3A10.1038%2Fs41586-026-10982-x/MediaObjects/41586_2026_10982_MOESM9_ESM.xlsx
Eif3c:Cln3	Eif3c	Cln3	ENSMUSG00000030738.12	ENSMUSG00000030720.17	Mus musculus	GRCm39	GENCODE M28	False	False	True	False	1		unavailable_read_to_sample_mapping	unknown	unknown		supplementary_table_3;supplementary_table_4;gencode_M28	https://www.nature.com/articles/s41586-026-10982-x	short_read_only	False	ordered_gene_pair	not_audited_for_campaign	results/dataset_reconstruction/candidates.tsv	50a3dbce8e15446e75fc66e6656fed385fc923abb8a005919c04630afa305ac2	data/raw/41586_2026_10982_MOESM9_ESM.xlsx	6edb01e329d622100da30c47cd8eeaf7589a325d2ab94fb06f27c0f088a7f131	Supplemental Table 7		A88	https://media.springernature.com/original/springer-static/esm/art%3A10.1038%2Fs41586-026-10982-x/MediaObjects/41586_2026_10982_MOESM9_ESM.xlsx
Elf1:Ctsb	Elf1	Ctsb	ENSMUSG00000036461.17	ENSMUSG00000021939.9	Mus musculus	GRCm39	GENCODE M28	False	False	True	False	1		unavailable_read_to_sample_mapping	unknown	unknown		supplementary_table_3;supplementary_table_4;gencode_M28	https://www.nature.com/articles/s41586-026-10982-x	short_read_only	False	ordered_gene_pair	not_audited_for_campaign	results/dataset_reconstruction/candidates.tsv	50a3dbce8e15446e75fc66e6656fed385fc923abb8a005919c04630afa305ac2	data/raw/41586_2026_10982_MOESM9_ESM.xlsx	6edb01e329d622100da30c47cd8eeaf7589a325d2ab94fb06f27c0f088a7f131	Supplemental Table 7		A89	https://media.springernature.com/original/springer-static/esm/art%3A10.1038%2Fs41586-026-10982-x/MediaObjects/41586_2026_10982_MOESM9_ESM.xlsx
Ell2:Xdh	Ell2	Xdh	ENSMUSG00000001542.8	ENSMUSG00000024066.10	Mus musculus	GRCm39	GENCODE M28	False	False	True	False	1		unavailable_read_to_sample_mapping	unknown	unknown		supplementary_table_3;supplementary_table_4;gencode_M28	https://www.nature.com/articles/s41586-026-10982-x	short_read_only	False	ordered_gene_pair	not_audited_for_campaign	results/dataset_reconstruction/candidates.tsv	50a3dbce8e15446e75fc66e6656fed385fc923abb8a005919c04630afa305ac2	data/raw/41586_2026_10982_MOESM9_ESM.xlsx	6edb01e329d622100da30c47cd8eeaf7589a325d2ab94fb06f27c0f088a7f131	Supplemental Table 7		A90	https://media.springernature.com/original/springer-static/esm/art%3A10.1038%2Fs41586-026-10982-x/MediaObjects/41586_2026_10982_MOESM9_ESM.xlsx
Elmo1:H2bc4	Elmo1	H2bc4	ENSMUSG00000041112.18	ENSMUSG00000018102.6	Mus musculus	GRCm39	GENCODE M28	False	False	True	False	1		unavailable_read_to_sample_mapping	unknown	unknown		supplementary_table_3;supplementary_table_4;gencode_M28	https://www.nature.com/articles/s41586-026-10982-x	short_read_only	False	ordered_gene_pair	not_audited_for_campaign	results/dataset_reconstruction/candidates.tsv	50a3dbce8e15446e75fc66e6656fed385fc923abb8a005919c04630afa305ac2	data/raw/41586_2026_10982_MOESM9_ESM.xlsx	6edb01e329d622100da30c47cd8eeaf7589a325d2ab94fb06f27c0f088a7f131	Supplemental Table 7		A91	https://media.springernature.com/original/springer-static/esm/art%3A10.1038%2Fs41586-026-10982-x/MediaObjects/41586_2026_10982_MOESM9_ESM.xlsx
Epb41l1:Dlgap4	Epb41l1	Dlgap4	ENSMUSG00000027624.21	ENSMUSG00000061689.16	Mus musculus	GRCm39	GENCODE M28	True	True	False	False	1		unavailable_read_to_sample_mapping	unknown	unknown		supplementary_table_3;supplementary_table_4;gencode_M28;supplementary_table_7;supplementary_table_8	https://www.nature.com/articles/s41586-026-10982-x	NanoString_only	True	ordered_gene_pair	not_audited_for_campaign	results/dataset_reconstruction/candidates.tsv	50a3dbce8e15446e75fc66e6656fed385fc923abb8a005919c04630afa305ac2	data/raw/41586_2026_10982_MOESM9_ESM.xlsx	6edb01e329d622100da30c47cd8eeaf7589a325d2ab94fb06f27c0f088a7f131	Supplemental Table 7	B20		https://media.springernature.com/original/springer-static/esm/art%3A10.1038%2Fs41586-026-10982-x/MediaObjects/41586_2026_10982_MOESM9_ESM.xlsx
Erf:Gsk3a	Erf	Gsk3a	ENSMUSG00000040857.16	ENSMUSG00000057177.13	Mus musculus	GRCm39	GENCODE M28	False	False	True	False	7		unavailable_read_to_sample_mapping	unknown	unknown		supplementary_table_3;supplementary_table_4;gencode_M28	https://www.nature.com/articles/s41586-026-10982-x	short_read_only	False	ordered_gene_pair	not_audited_for_campaign	results/dataset_reconstruction/candidates.tsv	50a3dbce8e15446e75fc66e6656fed385fc923abb8a005919c04630afa305ac2	data/raw/41586_2026_10982_MOESM9_ESM.xlsx	6edb01e329d622100da30c47cd8eeaf7589a325d2ab94fb06f27c0f088a7f131	Supplemental Table 7		A92	https://media.springernature.com/original/springer-static/esm/art%3A10.1038%2Fs41586-026-10982-x/MediaObjects/41586_2026_10982_MOESM9_ESM.xlsx
Erlec1:Psme4	Erlec1	Psme4	ENSMUSG00000020311.18	ENSMUSG00000040850.18	Mus musculus	GRCm39	GENCODE M28	False	False	True	False	2		unavailable_read_to_sample_mapping	unknown	unknown		supplementary_table_3;supplementary_table_4;gencode_M28	https://www.nature.com/articles/s41586-026-10982-x	short_read_only	False	ordered_gene_pair	not_audited_for_campaign	results/dataset_reconstruction/candidates.tsv	50a3dbce8e15446e75fc66e6656fed385fc923abb8a005919c04630afa305ac2	data/raw/41586_2026_10982_MOESM9_ESM.xlsx	6edb01e329d622100da30c47cd8eeaf7589a325d2ab94fb06f27c0f088a7f131	Supplemental Table 7		A93	https://media.springernature.com/original/springer-static/esm/art%3A10.1038%2Fs41586-026-10982-x/MediaObjects/41586_2026_10982_MOESM9_ESM.xlsx
Ermard:Gm35455	Ermard	Gm35455	ENSMUSG00000036552.20	ENSMUSG00000116655.2	Mus musculus	GRCm39	GENCODE M28	False	False	True	False	3		unavailable_read_to_sample_mapping	unknown	unknown		supplementary_table_3;supplementary_table_4;gencode_M28	https://www.nature.com/articles/s41586-026-10982-x	short_read_only	False	ordered_gene_pair	not_audited_for_campaign	results/dataset_reconstruction/candidates.tsv	50a3dbce8e15446e75fc66e6656fed385fc923abb8a005919c04630afa305ac2	data/raw/41586_2026_10982_MOESM9_ESM.xlsx	6edb01e329d622100da30c47cd8eeaf7589a325d2ab94fb06f27c0f088a7f131	Supplemental Table 7		A94	https://media.springernature.com/original/springer-static/esm/art%3A10.1038%2Fs41586-026-10982-x/MediaObjects/41586_2026_10982_MOESM9_ESM.xlsx
Fam110a:Gm14154	Fam110a	Gm14154	ENSMUSG00000027459.17	ENSMUSG00000087004.2	Mus musculus	GRCm39	GENCODE M28	False	False	True	False	8		unavailable_read_to_sample_mapping	unknown	unknown		supplementary_table_3;supplementary_table_4;gencode_M28	https://www.nature.com/articles/s41586-026-10982-x	short_read_only	False	ordered_gene_pair	not_audited_for_campaign	results/dataset_reconstruction/candidates.tsv	50a3dbce8e15446e75fc66e6656fed385fc923abb8a005919c04630afa305ac2	data/raw/41586_2026_10982_MOESM9_ESM.xlsx	6edb01e329d622100da30c47cd8eeaf7589a325d2ab94fb06f27c0f088a7f131	Supplemental Table 7		A95	https://media.springernature.com/original/springer-static/esm/art%3A10.1038%2Fs41586-026-10982-x/MediaObjects/41586_2026_10982_MOESM9_ESM.xlsx
Fam220a:Cyth3	Fam220a	Cyth3	ENSMUSG00000118332.2;ENSMUSG00000083012.10	ENSMUSG00000018001.19	Mus musculus	GRCm39	GENCODE M28	False	False	True	False	1		unavailable_read_to_sample_mapping	unknown	unknown		supplementary_table_3;supplementary_table_4;gencode_M28	https://www.nature.com/articles/s41586-026-10982-x	short_read_only	False	ordered_gene_pair	not_audited_for_campaign	results/dataset_reconstruction/candidates.tsv	50a3dbce8e15446e75fc66e6656fed385fc923abb8a005919c04630afa305ac2	data/raw/41586_2026_10982_MOESM9_ESM.xlsx	6edb01e329d622100da30c47cd8eeaf7589a325d2ab94fb06f27c0f088a7f131	Supplemental Table 7		A96	https://media.springernature.com/original/springer-static/esm/art%3A10.1038%2Fs41586-026-10982-x/MediaObjects/41586_2026_10982_MOESM9_ESM.xlsx
Fars2:Gm46409	Fars2	Gm46409	ENSMUSG00000021420.14	ENSMUSG00000114851.2	Mus musculus	GRCm39	GENCODE M28	False	False	True	False	5		unavailable_read_to_sample_mapping	unknown	unknown		supplementary_table_3;supplementary_table_4;gencode_M28	https://www.nature.com/articles/s41586-026-10982-x	short_read_only	False	ordered_gene_pair	not_audited_for_campaign	results/dataset_reconstruction/candidates.tsv	50a3dbce8e15446e75fc66e6656fed385fc923abb8a005919c04630afa305ac2	data/raw/41586_2026_10982_MOESM9_ESM.xlsx	6edb01e329d622100da30c47cd8eeaf7589a325d2ab94fb06f27c0f088a7f131	Supplemental Table 7		A97	https://media.springernature.com/original/springer-static/esm/art%3A10.1038%2Fs41586-026-10982-x/MediaObjects/41586_2026_10982_MOESM9_ESM.xlsx
Fcer1g:B2m	Fcer1g	B2m	ENSMUSG00000058715.12	ENSMUSG00000060802.9	Mus musculus	GRCm39	GENCODE M28	False	False	True	False	6		unavailable_read_to_sample_mapping	unknown	unknown		supplementary_table_3;supplementary_table_4;gencode_M28	https://www.nature.com/articles/s41586-026-10982-x	short_read_only	False	ordered_gene_pair	not_audited_for_campaign	results/dataset_reconstruction/candidates.tsv	50a3dbce8e15446e75fc66e6656fed385fc923abb8a005919c04630afa305ac2	data/raw/41586_2026_10982_MOESM9_ESM.xlsx	6edb01e329d622100da30c47cd8eeaf7589a325d2ab94fb06f27c0f088a7f131	Supplemental Table 7		A98	https://media.springernature.com/original/springer-static/esm/art%3A10.1038%2Fs41586-026-10982-x/MediaObjects/41586_2026_10982_MOESM9_ESM.xlsx
Fndc3a:Itm2b	Fndc3a	Itm2b	ENSMUSG00000033487.15	ENSMUSG00000022108.9	Mus musculus	GRCm39	GENCODE M28	False	False	True	False	2		unavailable_read_to_sample_mapping	unknown	unknown		supplementary_table_3;supplementary_table_4;gencode_M28	https://www.nature.com/articles/s41586-026-10982-x	short_read_only	False	ordered_gene_pair	not_audited_for_campaign	results/dataset_reconstruction/candidates.tsv	50a3dbce8e15446e75fc66e6656fed385fc923abb8a005919c04630afa305ac2	data/raw/41586_2026_10982_MOESM9_ESM.xlsx	6edb01e329d622100da30c47cd8eeaf7589a325d2ab94fb06f27c0f088a7f131	Supplemental Table 7		A99	https://media.springernature.com/original/springer-static/esm/art%3A10.1038%2Fs41586-026-10982-x/MediaObjects/41586_2026_10982_MOESM9_ESM.xlsx
Foxn3:Tdp1	Foxn3	Tdp1	ENSMUSG00000033713.13	ENSMUSG00000021177.17	Mus musculus	GRCm39	GENCODE M28	False	False	True	False	1		unavailable_read_to_sample_mapping	unknown	unknown		supplementary_table_3;supplementary_table_4;gencode_M28	https://www.nature.com/articles/s41586-026-10982-x	short_read_only	False	ordered_gene_pair	not_audited_for_campaign	results/dataset_reconstruction/candidates.tsv	50a3dbce8e15446e75fc66e6656fed385fc923abb8a005919c04630afa305ac2	data/raw/41586_2026_10982_MOESM9_ESM.xlsx	6edb01e329d622100da30c47cd8eeaf7589a325d2ab94fb06f27c0f088a7f131	Supplemental Table 7		A100	https://media.springernature.com/original/springer-static/esm/art%3A10.1038%2Fs41586-026-10982-x/MediaObjects/41586_2026_10982_MOESM9_ESM.xlsx
Foxo3:Snx3	Foxo3	Snx3	ENSMUSG00000048756.12	ENSMUSG00000019804.13	Mus musculus	GRCm39	GENCODE M28	False	False	True	False	1		unavailable_read_to_sample_mapping	unknown	unknown		supplementary_table_3;supplementary_table_4;gencode_M28	https://www.nature.com/articles/s41586-026-10982-x	short_read_only	False	ordered_gene_pair	not_audited_for_campaign	results/dataset_reconstruction/candidates.tsv	50a3dbce8e15446e75fc66e6656fed385fc923abb8a005919c04630afa305ac2	data/raw/41586_2026_10982_MOESM9_ESM.xlsx	6edb01e329d622100da30c47cd8eeaf7589a325d2ab94fb06f27c0f088a7f131	Supplemental Table 7		A101	https://media.springernature.com/original/springer-static/esm/art%3A10.1038%2Fs41586-026-10982-x/MediaObjects/41586_2026_10982_MOESM9_ESM.xlsx
Frrs1:Blnk	Frrs1	Blnk	ENSMUSG00000033386.11	ENSMUSG00000061132.14	Mus musculus	GRCm39	GENCODE M28	True	True	False	False	1		unavailable_read_to_sample_mapping	unknown	unknown		supplementary_table_3;supplementary_table_4;gencode_M28;supplementary_table_7;supplementary_table_8	https://www.nature.com/articles/s41586-026-10982-x	NanoString_only	True	ordered_gene_pair	not_audited_for_campaign	results/dataset_reconstruction/candidates.tsv	50a3dbce8e15446e75fc66e6656fed385fc923abb8a005919c04630afa305ac2	data/raw/41586_2026_10982_MOESM9_ESM.xlsx	6edb01e329d622100da30c47cd8eeaf7589a325d2ab94fb06f27c0f088a7f131	Supplemental Table 7	B21		https://media.springernature.com/original/springer-static/esm/art%3A10.1038%2Fs41586-026-10982-x/MediaObjects/41586_2026_10982_MOESM9_ESM.xlsx
Fth1:Ddx5	Fth1	Ddx5	ENSMUSG00000024661.8	ENSMUSG00000020719.15	Mus musculus	GRCm39	GENCODE M28	False	False	True	False	1		unavailable_read_to_sample_mapping	unknown	unknown		supplementary_table_3;supplementary_table_4;gencode_M28	https://www.nature.com/articles/s41586-026-10982-x	short_read_only	False	ordered_gene_pair	not_audited_for_campaign	results/dataset_reconstruction/candidates.tsv	50a3dbce8e15446e75fc66e6656fed385fc923abb8a005919c04630afa305ac2	data/raw/41586_2026_10982_MOESM9_ESM.xlsx	6edb01e329d622100da30c47cd8eeaf7589a325d2ab94fb06f27c0f088a7f131	Supplemental Table 7		A102	https://media.springernature.com/original/springer-static/esm/art%3A10.1038%2Fs41586-026-10982-x/MediaObjects/41586_2026_10982_MOESM9_ESM.xlsx
Ftl1:Acod1	Ftl1	Acod1	ENSMUSG00000050708.17	ENSMUSG00000022126.7	Mus musculus	GRCm39	GENCODE M28	False	False	True	False	1		unavailable_read_to_sample_mapping	unknown	unknown		supplementary_table_3;supplementary_table_4;gencode_M28	https://www.nature.com/articles/s41586-026-10982-x	short_read_only	False	ordered_gene_pair	not_audited_for_campaign	results/dataset_reconstruction/candidates.tsv	50a3dbce8e15446e75fc66e6656fed385fc923abb8a005919c04630afa305ac2	data/raw/41586_2026_10982_MOESM9_ESM.xlsx	6edb01e329d622100da30c47cd8eeaf7589a325d2ab94fb06f27c0f088a7f131	Supplemental Table 7		A103	https://media.springernature.com/original/springer-static/esm/art%3A10.1038%2Fs41586-026-10982-x/MediaObjects/41586_2026_10982_MOESM9_ESM.xlsx
Ftl1:Ccl5	Ftl1	Ccl5	ENSMUSG00000050708.17	ENSMUSG00000035042.3	Mus musculus	GRCm39	GENCODE M28	False	False	True	False	13		unavailable_read_to_sample_mapping	unknown	unknown		supplementary_table_3;supplementary_table_4;gencode_M28	https://www.nature.com/articles/s41586-026-10982-x	short_read_only	False	ordered_gene_pair	not_audited_for_campaign	results/dataset_reconstruction/candidates.tsv	50a3dbce8e15446e75fc66e6656fed385fc923abb8a005919c04630afa305ac2	data/raw/41586_2026_10982_MOESM9_ESM.xlsx	6edb01e329d622100da30c47cd8eeaf7589a325d2ab94fb06f27c0f088a7f131	Supplemental Table 7		A104	https://media.springernature.com/original/springer-static/esm/art%3A10.1038%2Fs41586-026-10982-x/MediaObjects/41586_2026_10982_MOESM9_ESM.xlsx
Ftl1:Jund	Ftl1	Jund	ENSMUSG00000050708.17	ENSMUSG00000071076.9	Mus musculus	GRCm39	GENCODE M28	False	False	True	False	1		unavailable_read_to_sample_mapping	unknown	unknown		supplementary_table_3;supplementary_table_4;gencode_M28	https://www.nature.com/articles/s41586-026-10982-x	short_read_only	False	ordered_gene_pair	not_audited_for_campaign	results/dataset_reconstruction/candidates.tsv	50a3dbce8e15446e75fc66e6656fed385fc923abb8a005919c04630afa305ac2	data/raw/41586_2026_10982_MOESM9_ESM.xlsx	6edb01e329d622100da30c47cd8eeaf7589a325d2ab94fb06f27c0f088a7f131	Supplemental Table 7		A105	https://media.springernature.com/original/springer-static/esm/art%3A10.1038%2Fs41586-026-10982-x/MediaObjects/41586_2026_10982_MOESM9_ESM.xlsx
Ftl1:Rps14	Ftl1	Rps14	ENSMUSG00000050708.17	ENSMUSG00000024608.12	Mus musculus	GRCm39	GENCODE M28	False	False	True	False	1		unavailable_read_to_sample_mapping	unknown	unknown		supplementary_table_3;supplementary_table_4;gencode_M28	https://www.nature.com/articles/s41586-026-10982-x	short_read_only	False	ordered_gene_pair	not_audited_for_campaign	results/dataset_reconstruction/candidates.tsv	50a3dbce8e15446e75fc66e6656fed385fc923abb8a005919c04630afa305ac2	data/raw/41586_2026_10982_MOESM9_ESM.xlsx	6edb01e329d622100da30c47cd8eeaf7589a325d2ab94fb06f27c0f088a7f131	Supplemental Table 7		A106	https://media.springernature.com/original/springer-static/esm/art%3A10.1038%2Fs41586-026-10982-x/MediaObjects/41586_2026_10982_MOESM9_ESM.xlsx
Fuca1:Vps45	Fuca1	Vps45	ENSMUSG00000028673.11	ENSMUSG00000015747.6	Mus musculus	GRCm39	GENCODE M28	False	False	True	False	1		unavailable_read_to_sample_mapping	unknown	unknown		supplementary_table_3;supplementary_table_4;gencode_M28	https://www.nature.com/articles/s41586-026-10982-x	short_read_only	False	ordered_gene_pair	not_audited_for_campaign	results/dataset_reconstruction/candidates.tsv	50a3dbce8e15446e75fc66e6656fed385fc923abb8a005919c04630afa305ac2	data/raw/41586_2026_10982_MOESM9_ESM.xlsx	6edb01e329d622100da30c47cd8eeaf7589a325d2ab94fb06f27c0f088a7f131	Supplemental Table 7		A107	https://media.springernature.com/original/springer-static/esm/art%3A10.1038%2Fs41586-026-10982-x/MediaObjects/41586_2026_10982_MOESM9_ESM.xlsx
Galnt11:Orc5	Galnt11	Orc5	ENSMUSG00000038072.15	ENSMUSG00000029012.12	Mus musculus	GRCm39	GENCODE M28	False	False	True	False	1		unavailable_read_to_sample_mapping	unknown	unknown		supplementary_table_3;supplementary_table_4;gencode_M28	https://www.nature.com/articles/s41586-026-10982-x	short_read_only	False	ordered_gene_pair	not_audited_for_campaign	results/dataset_reconstruction/candidates.tsv	50a3dbce8e15446e75fc66e6656fed385fc923abb8a005919c04630afa305ac2	data/raw/41586_2026_10982_MOESM9_ESM.xlsx	6edb01e329d622100da30c47cd8eeaf7589a325d2ab94fb06f27c0f088a7f131	Supplemental Table 7		A108	https://media.springernature.com/original/springer-static/esm/art%3A10.1038%2Fs41586-026-10982-x/MediaObjects/41586_2026_10982_MOESM9_ESM.xlsx
Galnt11:Rheb	Galnt11	Rheb	ENSMUSG00000038072.15	ENSMUSG00000028945.10	Mus musculus	GRCm39	GENCODE M28	False	False	True	False	1		unavailable_read_to_sample_mapping	unknown	unknown		supplementary_table_3;supplementary_table_4;gencode_M28	https://www.nature.com/articles/s41586-026-10982-x	short_read_only	False	ordered_gene_pair	not_audited_for_campaign	results/dataset_reconstruction/candidates.tsv	50a3dbce8e15446e75fc66e6656fed385fc923abb8a005919c04630afa305ac2	data/raw/41586_2026_10982_MOESM9_ESM.xlsx	6edb01e329d622100da30c47cd8eeaf7589a325d2ab94fb06f27c0f088a7f131	Supplemental Table 7		A109	https://media.springernature.com/original/springer-static/esm/art%3A10.1038%2Fs41586-026-10982-x/MediaObjects/41586_2026_10982_MOESM9_ESM.xlsx
Gas7:Stx8	Gas7	Stx8	ENSMUSG00000033066.18	ENSMUSG00000020903.14	Mus musculus	GRCm39	GENCODE M28	False	False	True	False	1		unavailable_read_to_sample_mapping	unknown	unknown		supplementary_table_3;supplementary_table_4;gencode_M28	https://www.nature.com/articles/s41586-026-10982-x	short_read_only	False	ordered_gene_pair	not_audited_for_campaign	results/dataset_reconstruction/candidates.tsv	50a3dbce8e15446e75fc66e6656fed385fc923abb8a005919c04630afa305ac2	data/raw/41586_2026_10982_MOESM9_ESM.xlsx	6edb01e329d622100da30c47cd8eeaf7589a325d2ab94fb06f27c0f088a7f131	Supplemental Table 7		A110	https://media.springernature.com/original/springer-static/esm/art%3A10.1038%2Fs41586-026-10982-x/MediaObjects/41586_2026_10982_MOESM9_ESM.xlsx
Gle1:Stk38	Gle1	Stk38	ENSMUSG00000019715.15	ENSMUSG00000024006.18	Mus musculus	GRCm39	GENCODE M28	True	True	False	False	1		unavailable_read_to_sample_mapping	unknown	unknown		supplementary_table_3;supplementary_table_4;gencode_M28;supplementary_table_7;supplementary_table_8	https://www.nature.com/articles/s41586-026-10982-x	NanoString_only	True	ordered_gene_pair	not_audited_for_campaign	results/dataset_reconstruction/candidates.tsv	50a3dbce8e15446e75fc66e6656fed385fc923abb8a005919c04630afa305ac2	data/raw/41586_2026_10982_MOESM9_ESM.xlsx	6edb01e329d622100da30c47cd8eeaf7589a325d2ab94fb06f27c0f088a7f131	Supplemental Table 7	B22		https://media.springernature.com/original/springer-static/esm/art%3A10.1038%2Fs41586-026-10982-x/MediaObjects/41586_2026_10982_MOESM9_ESM.xlsx
Gltp:Ankrd13a	Gltp	Ankrd13a	ENSMUSG00000011884.14	ENSMUSG00000041870.18	Mus musculus	GRCm39	GENCODE M28	True	True	True	True	1		unavailable_read_to_sample_mapping	unknown	unknown		supplementary_table_3;supplementary_table_4;gencode_M28;supplementary_table_7;supplementary_table_8	https://www.nature.com/articles/s41586-026-10982-x	both	True	ordered_gene_pair	not_audited_for_campaign	results/dataset_reconstruction/candidates.tsv	50a3dbce8e15446e75fc66e6656fed385fc923abb8a005919c04630afa305ac2	data/raw/41586_2026_10982_MOESM9_ESM.xlsx	6edb01e329d622100da30c47cd8eeaf7589a325d2ab94fb06f27c0f088a7f131	Supplemental Table 7	B23	A111	https://media.springernature.com/original/springer-static/esm/art%3A10.1038%2Fs41586-026-10982-x/MediaObjects/41586_2026_10982_MOESM9_ESM.xlsx
Gltp:Trpv4	Gltp	Trpv4	ENSMUSG00000011884.14	ENSMUSG00000014158.13	Mus musculus	GRCm39	GENCODE M28	False	False	True	False	2		unavailable_read_to_sample_mapping	unknown	unknown		supplementary_table_3;supplementary_table_4;gencode_M28	https://www.nature.com/articles/s41586-026-10982-x	short_read_only	False	ordered_gene_pair	not_audited_for_campaign	results/dataset_reconstruction/candidates.tsv	50a3dbce8e15446e75fc66e6656fed385fc923abb8a005919c04630afa305ac2	data/raw/41586_2026_10982_MOESM9_ESM.xlsx	6edb01e329d622100da30c47cd8eeaf7589a325d2ab94fb06f27c0f088a7f131	Supplemental Table 7		A112	https://media.springernature.com/original/springer-static/esm/art%3A10.1038%2Fs41586-026-10982-x/MediaObjects/41586_2026_10982_MOESM9_ESM.xlsx
Gm12743:Prpf38a	Gm12743	Prpf38a	ENSMUSG00000084968.2	ENSMUSG00000063800.6	Mus musculus	GRCm39	GENCODE M28	False	False	True	False	1		unavailable_read_to_sample_mapping	unknown	unknown		supplementary_table_3;supplementary_table_4;gencode_M28	https://www.nature.com/articles/s41586-026-10982-x	short_read_only	False	ordered_gene_pair	not_audited_for_campaign	results/dataset_reconstruction/candidates.tsv	50a3dbce8e15446e75fc66e6656fed385fc923abb8a005919c04630afa305ac2	data/raw/41586_2026_10982_MOESM9_ESM.xlsx	6edb01e329d622100da30c47cd8eeaf7589a325d2ab94fb06f27c0f088a7f131	Supplemental Table 7		A113	https://media.springernature.com/original/springer-static/esm/art%3A10.1038%2Fs41586-026-10982-x/MediaObjects/41586_2026_10982_MOESM9_ESM.xlsx
Gm13814:Chst1	Gm13814	Chst1	ENSMUSG00000085261.2	ENSMUSG00000027221.6	Mus musculus	GRCm39	GENCODE M28	False	False	True	False	1		unavailable_read_to_sample_mapping	unknown	unknown		supplementary_table_3;supplementary_table_4;gencode_M28	https://www.nature.com/articles/s41586-026-10982-x	short_read_only	False	ordered_gene_pair	not_audited_for_campaign	results/dataset_reconstruction/candidates.tsv	50a3dbce8e15446e75fc66e6656fed385fc923abb8a005919c04630afa305ac2	data/raw/41586_2026_10982_MOESM9_ESM.xlsx	6edb01e329d622100da30c47cd8eeaf7589a325d2ab94fb06f27c0f088a7f131	Supplemental Table 7		A114	https://media.springernature.com/original/springer-static/esm/art%3A10.1038%2Fs41586-026-10982-x/MediaObjects/41586_2026_10982_MOESM9_ESM.xlsx
Gm16174:Gm19345	Gm16174	Gm19345	ENSMUSG00000087593.2	ENSMUSG00000092216.4	Mus musculus	GRCm39	GENCODE M28	False	False	True	False	2		unavailable_read_to_sample_mapping	unknown	unknown		supplementary_table_3;supplementary_table_4;gencode_M28	https://www.nature.com/articles/s41586-026-10982-x	short_read_only	False	ordered_gene_pair	not_audited_for_campaign	results/dataset_reconstruction/candidates.tsv	50a3dbce8e15446e75fc66e6656fed385fc923abb8a005919c04630afa305ac2	data/raw/41586_2026_10982_MOESM9_ESM.xlsx	6edb01e329d622100da30c47cd8eeaf7589a325d2ab94fb06f27c0f088a7f131	Supplemental Table 7		A115	https://media.springernature.com/original/springer-static/esm/art%3A10.1038%2Fs41586-026-10982-x/MediaObjects/41586_2026_10982_MOESM9_ESM.xlsx
Gm26510:Tgif1	Gm26510	Tgif1	ENSMUSG00000097154.3	ENSMUSG00000047407.18	Mus musculus	GRCm39	GENCODE M28	False	False	True	False	5		unavailable_read_to_sample_mapping	unknown	unknown		supplementary_table_3;supplementary_table_4;gencode_M28	https://www.nature.com/articles/s41586-026-10982-x	short_read_only	False	ordered_gene_pair	not_audited_for_campaign	results/dataset_reconstruction/candidates.tsv	50a3dbce8e15446e75fc66e6656fed385fc923abb8a005919c04630afa305ac2	data/raw/41586_2026_10982_MOESM9_ESM.xlsx	6edb01e329d622100da30c47cd8eeaf7589a325d2ab94fb06f27c0f088a7f131	Supplemental Table 7		A116	https://media.springernature.com/original/springer-static/esm/art%3A10.1038%2Fs41586-026-10982-x/MediaObjects/41586_2026_10982_MOESM9_ESM.xlsx
Gm28100:Gpr55	Gm28100	Gpr55	ENSMUSG00000100108.2	ENSMUSG00000049608.10	Mus musculus	GRCm39	GENCODE M28	False	False	True	False	13		unavailable_read_to_sample_mapping	unknown	unknown		supplementary_table_3;supplementary_table_4;gencode_M28	https://www.nature.com/articles/s41586-026-10982-x	short_read_only	False	ordered_gene_pair	not_audited_for_campaign	results/dataset_reconstruction/candidates.tsv	50a3dbce8e15446e75fc66e6656fed385fc923abb8a005919c04630afa305ac2	data/raw/41586_2026_10982_MOESM9_ESM.xlsx	6edb01e329d622100da30c47cd8eeaf7589a325d2ab94fb06f27c0f088a7f131	Supplemental Table 7		A117	https://media.springernature.com/original/springer-static/esm/art%3A10.1038%2Fs41586-026-10982-x/MediaObjects/41586_2026_10982_MOESM9_ESM.xlsx
Gm32089:Scamp1	Gm32089	Scamp1	ENSMUSG00000114055.2	ENSMUSG00000021687.15	Mus musculus	GRCm39	GENCODE M28	False	False	True	False	5		unavailable_read_to_sample_mapping	unknown	unknown		supplementary_table_3;supplementary_table_4;gencode_M28	https://www.nature.com/articles/s41586-026-10982-x	short_read_only	False	ordered_gene_pair	not_audited_for_campaign	results/dataset_reconstruction/candidates.tsv	50a3dbce8e15446e75fc66e6656fed385fc923abb8a005919c04630afa305ac2	data/raw/41586_2026_10982_MOESM9_ESM.xlsx	6edb01e329d622100da30c47cd8eeaf7589a325d2ab94fb06f27c0f088a7f131	Supplemental Table 7		A118	https://media.springernature.com/original/springer-static/esm/art%3A10.1038%2Fs41586-026-10982-x/MediaObjects/41586_2026_10982_MOESM9_ESM.xlsx
Gm33251:9330182O14Rik	Gm33251	9330182O14Rik	ENSMUSG00000115142.2	ENSMUSG00000094112.3	Mus musculus	GRCm39	GENCODE M28	False	False	True	False	2		unavailable_read_to_sample_mapping	unknown	unknown		supplementary_table_3;supplementary_table_4;gencode_M28	https://www.nature.com/articles/s41586-026-10982-x	short_read_only	False	ordered_gene_pair	not_audited_for_campaign	results/dataset_reconstruction/candidates.tsv	50a3dbce8e15446e75fc66e6656fed385fc923abb8a005919c04630afa305ac2	data/raw/41586_2026_10982_MOESM9_ESM.xlsx	6edb01e329d622100da30c47cd8eeaf7589a325d2ab94fb06f27c0f088a7f131	Supplemental Table 7		A119	https://media.springernature.com/original/springer-static/esm/art%3A10.1038%2Fs41586-026-10982-x/MediaObjects/41586_2026_10982_MOESM9_ESM.xlsx
Gm34643:Acod1	Gm34643	Acod1	ENSMUSG00000115855.2	ENSMUSG00000022126.7	Mus musculus	GRCm39	GENCODE M28	False	False	True	False	1		unavailable_read_to_sample_mapping	unknown	unknown		supplementary_table_3;supplementary_table_4;gencode_M28	https://www.nature.com/articles/s41586-026-10982-x	short_read_only	False	ordered_gene_pair	not_audited_for_campaign	results/dataset_reconstruction/candidates.tsv	50a3dbce8e15446e75fc66e6656fed385fc923abb8a005919c04630afa305ac2	data/raw/41586_2026_10982_MOESM9_ESM.xlsx	6edb01e329d622100da30c47cd8eeaf7589a325d2ab94fb06f27c0f088a7f131	Supplemental Table 7		A120	https://media.springernature.com/original/springer-static/esm/art%3A10.1038%2Fs41586-026-10982-x/MediaObjects/41586_2026_10982_MOESM9_ESM.xlsx
Gm46224:Gm48788	Gm46224	Gm48788	ENSMUSG00000112843.2	ENSMUSG00000112244.2	Mus musculus	GRCm39	GENCODE M28	False	False	True	False	1		unavailable_read_to_sample_mapping	unknown	unknown		supplementary_table_3;supplementary_table_4;gencode_M28	https://www.nature.com/articles/s41586-026-10982-x	short_read_only	False	ordered_gene_pair	not_audited_for_campaign	results/dataset_reconstruction/candidates.tsv	50a3dbce8e15446e75fc66e6656fed385fc923abb8a005919c04630afa305ac2	data/raw/41586_2026_10982_MOESM9_ESM.xlsx	6edb01e329d622100da30c47cd8eeaf7589a325d2ab94fb06f27c0f088a7f131	Supplemental Table 7		A121	https://media.springernature.com/original/springer-static/esm/art%3A10.1038%2Fs41586-026-10982-x/MediaObjects/41586_2026_10982_MOESM9_ESM.xlsx
Gm47507:Gm46401	Gm47507	Gm46401	ENSMUSG00000113757.2	ENSMUSG00000113017.2	Mus musculus	GRCm39	GENCODE M28	False	False	True	False	2		unavailable_read_to_sample_mapping	unknown	unknown		supplementary_table_3;supplementary_table_4;gencode_M28	https://www.nature.com/articles/s41586-026-10982-x	short_read_only	False	ordered_gene_pair	not_audited_for_campaign	results/dataset_reconstruction/candidates.tsv	50a3dbce8e15446e75fc66e6656fed385fc923abb8a005919c04630afa305ac2	data/raw/41586_2026_10982_MOESM9_ESM.xlsx	6edb01e329d622100da30c47cd8eeaf7589a325d2ab94fb06f27c0f088a7f131	Supplemental Table 7		A122	https://media.springernature.com/original/springer-static/esm/art%3A10.1038%2Fs41586-026-10982-x/MediaObjects/41586_2026_10982_MOESM9_ESM.xlsx
Gm4951:F830016B08Rik	Gm4951	F830016B08Rik	ENSMUSG00000073555.2	ENSMUSG00000090942.2	Mus musculus	GRCm39	GENCODE M28	False	False	True	False	2		unavailable_read_to_sample_mapping	unknown	unknown		supplementary_table_3;supplementary_table_4;gencode_M28	https://www.nature.com/articles/s41586-026-10982-x	short_read_only	False	ordered_gene_pair	not_audited_for_campaign	results/dataset_reconstruction/candidates.tsv	50a3dbce8e15446e75fc66e6656fed385fc923abb8a005919c04630afa305ac2	data/raw/41586_2026_10982_MOESM9_ESM.xlsx	6edb01e329d622100da30c47cd8eeaf7589a325d2ab94fb06f27c0f088a7f131	Supplemental Table 7		A123	https://media.springernature.com/original/springer-static/esm/art%3A10.1038%2Fs41586-026-10982-x/MediaObjects/41586_2026_10982_MOESM9_ESM.xlsx
Gm4951:Smad2	Gm4951	Smad2	ENSMUSG00000073555.2	ENSMUSG00000024563.17	Mus musculus	GRCm39	GENCODE M28	False	False	True	False	1		unavailable_read_to_sample_mapping	unknown	unknown		supplementary_table_3;supplementary_table_4;gencode_M28	https://www.nature.com/articles/s41586-026-10982-x	short_read_only	False	ordered_gene_pair	not_audited_for_campaign	results/dataset_reconstruction/candidates.tsv	50a3dbce8e15446e75fc66e6656fed385fc923abb8a005919c04630afa305ac2	data/raw/41586_2026_10982_MOESM9_ESM.xlsx	6edb01e329d622100da30c47cd8eeaf7589a325d2ab94fb06f27c0f088a7f131	Supplemental Table 7		A124	https://media.springernature.com/original/springer-static/esm/art%3A10.1038%2Fs41586-026-10982-x/MediaObjects/41586_2026_10982_MOESM9_ESM.xlsx
Gm7644:Rft1	Gm7644	Rft1	ENSMUSG00000114553.2	ENSMUSG00000052395.18	Mus musculus	GRCm39	GENCODE M28	False	False	True	False	4		unavailable_read_to_sample_mapping	unknown	unknown		supplementary_table_3;supplementary_table_4;gencode_M28	https://www.nature.com/articles/s41586-026-10982-x	short_read_only	False	ordered_gene_pair	not_audited_for_campaign	results/dataset_reconstruction/candidates.tsv	50a3dbce8e15446e75fc66e6656fed385fc923abb8a005919c04630afa305ac2	data/raw/41586_2026_10982_MOESM9_ESM.xlsx	6edb01e329d622100da30c47cd8eeaf7589a325d2ab94fb06f27c0f088a7f131	Supplemental Table 7		A125	https://media.springernature.com/original/springer-static/esm/art%3A10.1038%2Fs41586-026-10982-x/MediaObjects/41586_2026_10982_MOESM9_ESM.xlsx
Gm9895:Rcl1	Gm9895	Rcl1	ENSMUSG00000118038.2	ENSMUSG00000024785.8	Mus musculus	GRCm39	GENCODE M28	False	False	True	False	13		unavailable_read_to_sample_mapping	unknown	unknown		supplementary_table_3;supplementary_table_4;gencode_M28	https://www.nature.com/articles/s41586-026-10982-x	short_read_only	False	ordered_gene_pair	not_audited_for_campaign	results/dataset_reconstruction/candidates.tsv	50a3dbce8e15446e75fc66e6656fed385fc923abb8a005919c04630afa305ac2	data/raw/41586_2026_10982_MOESM9_ESM.xlsx	6edb01e329d622100da30c47cd8eeaf7589a325d2ab94fb06f27c0f088a7f131	Supplemental Table 7		A126	https://media.springernature.com/original/springer-static/esm/art%3A10.1038%2Fs41586-026-10982-x/MediaObjects/41586_2026_10982_MOESM9_ESM.xlsx
Gng12:Ipo8	Gng12	Ipo8	ENSMUSG00000036402.14	ENSMUSG00000040029.16	Mus musculus	GRCm39	GENCODE M28	True	True	False	False	1		unavailable_read_to_sample_mapping	unknown	unknown		supplementary_table_3;supplementary_table_4;gencode_M28;supplementary_table_7;supplementary_table_8	https://www.nature.com/articles/s41586-026-10982-x	NanoString_only	True	ordered_gene_pair	not_audited_for_campaign	results/dataset_reconstruction/candidates.tsv	50a3dbce8e15446e75fc66e6656fed385fc923abb8a005919c04630afa305ac2	data/raw/41586_2026_10982_MOESM9_ESM.xlsx	6edb01e329d622100da30c47cd8eeaf7589a325d2ab94fb06f27c0f088a7f131	Supplemental Table 7	B24		https://media.springernature.com/original/springer-static/esm/art%3A10.1038%2Fs41586-026-10982-x/MediaObjects/41586_2026_10982_MOESM9_ESM.xlsx
Gng12:Serbp1	Gng12	Serbp1	ENSMUSG00000036402.14	ENSMUSG00000036371.7	Mus musculus	GRCm39	GENCODE M28	False	False	True	False	1		unavailable_read_to_sample_mapping	unknown	unknown		supplementary_table_3;supplementary_table_4;gencode_M28	https://www.nature.com/articles/s41586-026-10982-x	short_read_only	False	ordered_gene_pair	not_audited_for_campaign	results/dataset_reconstruction/candidates.tsv	50a3dbce8e15446e75fc66e6656fed385fc923abb8a005919c04630afa305ac2	data/raw/41586_2026_10982_MOESM9_ESM.xlsx	6edb01e329d622100da30c47cd8eeaf7589a325d2ab94fb06f27c0f088a7f131	Supplemental Table 7		A127	https://media.springernature.com/original/springer-static/esm/art%3A10.1038%2Fs41586-026-10982-x/MediaObjects/41586_2026_10982_MOESM9_ESM.xlsx
Golph3:Zfr	Golph3	Zfr	ENSMUSG00000022200.9	ENSMUSG00000022201.17	Mus musculus	GRCm39	GENCODE M28	False	False	True	False	1		unavailable_read_to_sample_mapping	unknown	unknown		supplementary_table_3;supplementary_table_4;gencode_M28	https://www.nature.com/articles/s41586-026-10982-x	short_read_only	False	ordered_gene_pair	not_audited_for_campaign	results/dataset_reconstruction/candidates.tsv	50a3dbce8e15446e75fc66e6656fed385fc923abb8a005919c04630afa305ac2	data/raw/41586_2026_10982_MOESM9_ESM.xlsx	6edb01e329d622100da30c47cd8eeaf7589a325d2ab94fb06f27c0f088a7f131	Supplemental Table 7		A128	https://media.springernature.com/original/springer-static/esm/art%3A10.1038%2Fs41586-026-10982-x/MediaObjects/41586_2026_10982_MOESM9_ESM.xlsx
Gpalpp1:Lcp1	Gpalpp1	Lcp1	ENSMUSG00000022008.5	ENSMUSG00000021998.17	Mus musculus	GRCm39	GENCODE M28	False	False	True	False	1		unavailable_read_to_sample_mapping	unknown	unknown		supplementary_table_3;supplementary_table_4;gencode_M28	https://www.nature.com/articles/s41586-026-10982-x	short_read_only	False	ordered_gene_pair	not_audited_for_campaign	results/dataset_reconstruction/candidates.tsv	50a3dbce8e15446e75fc66e6656fed385fc923abb8a005919c04630afa305ac2	data/raw/41586_2026_10982_MOESM9_ESM.xlsx	6edb01e329d622100da30c47cd8eeaf7589a325d2ab94fb06f27c0f088a7f131	Supplemental Table 7		A129	https://media.springernature.com/original/springer-static/esm/art%3A10.1038%2Fs41586-026-10982-x/MediaObjects/41586_2026_10982_MOESM9_ESM.xlsx
Gpatch2:Degs1	Gpatch2	Degs1	ENSMUSG00000039210.17	ENSMUSG00000038633.6	Mus musculus	GRCm39	GENCODE M28	False	False	True	False	1		unavailable_read_to_sample_mapping	unknown	unknown		supplementary_table_3;supplementary_table_4;gencode_M28	https://www.nature.com/articles/s41586-026-10982-x	short_read_only	False	ordered_gene_pair	not_audited_for_campaign	results/dataset_reconstruction/candidates.tsv	50a3dbce8e15446e75fc66e6656fed385fc923abb8a005919c04630afa305ac2	data/raw/41586_2026_10982_MOESM9_ESM.xlsx	6edb01e329d622100da30c47cd8eeaf7589a325d2ab94fb06f27c0f088a7f131	Supplemental Table 7		A130	https://media.springernature.com/original/springer-static/esm/art%3A10.1038%2Fs41586-026-10982-x/MediaObjects/41586_2026_10982_MOESM9_ESM.xlsx
Gpnmb:Arf2	Gpnmb	Arf2	ENSMUSG00000029816.11	ENSMUSG00000062421.14	Mus musculus	GRCm39	GENCODE M28	True	True	False	False	1		unavailable_read_to_sample_mapping	unknown	unknown		supplementary_table_3;supplementary_table_4;gencode_M28;supplementary_table_7;supplementary_table_8	https://www.nature.com/articles/s41586-026-10982-x	NanoString_only	True	ordered_gene_pair	not_audited_for_campaign	results/dataset_reconstruction/candidates.tsv	50a3dbce8e15446e75fc66e6656fed385fc923abb8a005919c04630afa305ac2	data/raw/41586_2026_10982_MOESM9_ESM.xlsx	6edb01e329d622100da30c47cd8eeaf7589a325d2ab94fb06f27c0f088a7f131	Supplemental Table 7	B25		https://media.springernature.com/original/springer-static/esm/art%3A10.1038%2Fs41586-026-10982-x/MediaObjects/41586_2026_10982_MOESM9_ESM.xlsx
Gpnmb:Malsu1	Gpnmb	Malsu1	ENSMUSG00000029816.11	ENSMUSG00000029815.13	Mus musculus	GRCm39	GENCODE M28	False	False	True	False	198		unavailable_read_to_sample_mapping	unknown	unknown		supplementary_table_3;supplementary_table_4;gencode_M28	https://www.nature.com/articles/s41586-026-10982-x	short_read_only	False	ordered_gene_pair	not_audited_for_campaign	results/dataset_reconstruction/candidates.tsv	50a3dbce8e15446e75fc66e6656fed385fc923abb8a005919c04630afa305ac2	data/raw/41586_2026_10982_MOESM9_ESM.xlsx	6edb01e329d622100da30c47cd8eeaf7589a325d2ab94fb06f27c0f088a7f131	Supplemental Table 7		A131	https://media.springernature.com/original/springer-static/esm/art%3A10.1038%2Fs41586-026-10982-x/MediaObjects/41586_2026_10982_MOESM9_ESM.xlsx
Gpnmb:Xdh	Gpnmb	Xdh	ENSMUSG00000029816.11	ENSMUSG00000024066.10	Mus musculus	GRCm39	GENCODE M28	False	False	True	False	1		unavailable_read_to_sample_mapping	unknown	unknown		supplementary_table_3;supplementary_table_4;gencode_M28	https://www.nature.com/articles/s41586-026-10982-x	short_read_only	False	ordered_gene_pair	not_audited_for_campaign	results/dataset_reconstruction/candidates.tsv	50a3dbce8e15446e75fc66e6656fed385fc923abb8a005919c04630afa305ac2	data/raw/41586_2026_10982_MOESM9_ESM.xlsx	6edb01e329d622100da30c47cd8eeaf7589a325d2ab94fb06f27c0f088a7f131	Supplemental Table 7		A132	https://media.springernature.com/original/springer-static/esm/art%3A10.1038%2Fs41586-026-10982-x/MediaObjects/41586_2026_10982_MOESM9_ESM.xlsx
Gsdmd:Tmem106a	Gsdmd	Tmem106a	ENSMUSG00000022575.6	ENSMUSG00000034947.14	Mus musculus	GRCm39	GENCODE M28	True	True	False	False	1		unavailable_read_to_sample_mapping	unknown	unknown		supplementary_table_3;supplementary_table_4;gencode_M28;supplementary_table_7;supplementary_table_8	https://www.nature.com/articles/s41586-026-10982-x	NanoString_only	True	ordered_gene_pair	not_audited_for_campaign	results/dataset_reconstruction/candidates.tsv	50a3dbce8e15446e75fc66e6656fed385fc923abb8a005919c04630afa305ac2	data/raw/41586_2026_10982_MOESM9_ESM.xlsx	6edb01e329d622100da30c47cd8eeaf7589a325d2ab94fb06f27c0f088a7f131	Supplemental Table 7	B26		https://media.springernature.com/original/springer-static/esm/art%3A10.1038%2Fs41586-026-10982-x/MediaObjects/41586_2026_10982_MOESM9_ESM.xlsx
H2-Q7:Tmem179b	H2-Q7	Tmem179b	ENSMUSG00000060550.17	ENSMUSG00000118346.2	Mus musculus	GRCm39	GENCODE M28	True	True	False	False	1		unavailable_read_to_sample_mapping	unknown	unknown		supplementary_table_3;supplementary_table_4;gencode_M28;supplementary_table_7;supplementary_table_8	https://www.nature.com/articles/s41586-026-10982-x	NanoString_only	True	ordered_gene_pair	not_audited_for_campaign	results/dataset_reconstruction/candidates.tsv	50a3dbce8e15446e75fc66e6656fed385fc923abb8a005919c04630afa305ac2	data/raw/41586_2026_10982_MOESM9_ESM.xlsx	6edb01e329d622100da30c47cd8eeaf7589a325d2ab94fb06f27c0f088a7f131	Supplemental Table 7	B27		https://media.springernature.com/original/springer-static/esm/art%3A10.1038%2Fs41586-026-10982-x/MediaObjects/41586_2026_10982_MOESM9_ESM.xlsx
H2-T24:Nsdhl	H2-T24	Nsdhl	ENSMUSG00000053835.18	ENSMUSG00000031349.5	Mus musculus	GRCm39	GENCODE M28	False	False	True	False	1		unavailable_read_to_sample_mapping	unknown	unknown		supplementary_table_3;supplementary_table_4;gencode_M28	https://www.nature.com/articles/s41586-026-10982-x	short_read_only	False	ordered_gene_pair	not_audited_for_campaign	results/dataset_reconstruction/candidates.tsv	50a3dbce8e15446e75fc66e6656fed385fc923abb8a005919c04630afa305ac2	data/raw/41586_2026_10982_MOESM9_ESM.xlsx	6edb01e329d622100da30c47cd8eeaf7589a325d2ab94fb06f27c0f088a7f131	Supplemental Table 7		A133	https://media.springernature.com/original/springer-static/esm/art%3A10.1038%2Fs41586-026-10982-x/MediaObjects/41586_2026_10982_MOESM9_ESM.xlsx
Hexa:Tmem202	Hexa	Tmem202	ENSMUSG00000025232.9	ENSMUSG00000049526.9	Mus musculus	GRCm39	GENCODE M28	False	False	True	False	2		unavailable_read_to_sample_mapping	unknown	unknown		supplementary_table_3;supplementary_table_4;gencode_M28	https://www.nature.com/articles/s41586-026-10982-x	short_read_only	False	ordered_gene_pair	not_audited_for_campaign	results/dataset_reconstruction/candidates.tsv	50a3dbce8e15446e75fc66e6656fed385fc923abb8a005919c04630afa305ac2	data/raw/41586_2026_10982_MOESM9_ESM.xlsx	6edb01e329d622100da30c47cd8eeaf7589a325d2ab94fb06f27c0f088a7f131	Supplemental Table 7		A134	https://media.springernature.com/original/springer-static/esm/art%3A10.1038%2Fs41586-026-10982-x/MediaObjects/41586_2026_10982_MOESM9_ESM.xlsx
Hipk2:Tbxas1	Hipk2	Tbxas1	ENSMUSG00000061436.16	ENSMUSG00000029925.14	Mus musculus	GRCm39	GENCODE M28	False	False	True	False	1		unavailable_read_to_sample_mapping	unknown	unknown		supplementary_table_3;supplementary_table_4;gencode_M28	https://www.nature.com/articles/s41586-026-10982-x	short_read_only	False	ordered_gene_pair	not_audited_for_campaign	results/dataset_reconstruction/candidates.tsv	50a3dbce8e15446e75fc66e6656fed385fc923abb8a005919c04630afa305ac2	data/raw/41586_2026_10982_MOESM9_ESM.xlsx	6edb01e329d622100da30c47cd8eeaf7589a325d2ab94fb06f27c0f088a7f131	Supplemental Table 7		A135	https://media.springernature.com/original/springer-static/esm/art%3A10.1038%2Fs41586-026-10982-x/MediaObjects/41586_2026_10982_MOESM9_ESM.xlsx
Hmbox1:Ctsb	Hmbox1	Ctsb	ENSMUSG00000021972.15	ENSMUSG00000021939.9	Mus musculus	GRCm39	GENCODE M28	False	False	True	False	2		unavailable_read_to_sample_mapping	unknown	unknown		supplementary_table_3;supplementary_table_4;gencode_M28	https://www.nature.com/articles/s41586-026-10982-x	short_read_only	False	ordered_gene_pair	not_audited_for_campaign	results/dataset_reconstruction/candidates.tsv	50a3dbce8e15446e75fc66e6656fed385fc923abb8a005919c04630afa305ac2	data/raw/41586_2026_10982_MOESM9_ESM.xlsx	6edb01e329d622100da30c47cd8eeaf7589a325d2ab94fb06f27c0f088a7f131	Supplemental Table 7		A136	https://media.springernature.com/original/springer-static/esm/art%3A10.1038%2Fs41586-026-10982-x/MediaObjects/41586_2026_10982_MOESM9_ESM.xlsx
Hnrnpa2b1:Gpnmb	Hnrnpa2b1	Gpnmb	ENSMUSG00000004980.17	ENSMUSG00000029816.11	Mus musculus	GRCm39	GENCODE M28	False	False	True	False	1		unavailable_read_to_sample_mapping	unknown	unknown		supplementary_table_3;supplementary_table_4;gencode_M28	https://www.nature.com/articles/s41586-026-10982-x	short_read_only	False	ordered_gene_pair	not_audited_for_campaign	results/dataset_reconstruction/candidates.tsv	50a3dbce8e15446e75fc66e6656fed385fc923abb8a005919c04630afa305ac2	data/raw/41586_2026_10982_MOESM9_ESM.xlsx	6edb01e329d622100da30c47cd8eeaf7589a325d2ab94fb06f27c0f088a7f131	Supplemental Table 7		A137	https://media.springernature.com/original/springer-static/esm/art%3A10.1038%2Fs41586-026-10982-x/MediaObjects/41586_2026_10982_MOESM9_ESM.xlsx
Hnrnpm:Ndufa7	Hnrnpm	Ndufa7	ENSMUSG00000059208.16	ENSMUSG00000041881.14	Mus musculus	GRCm39	GENCODE M28	False	False	True	False	1		unavailable_read_to_sample_mapping	unknown	unknown		supplementary_table_3;supplementary_table_4;gencode_M28	https://www.nature.com/articles/s41586-026-10982-x	short_read_only	False	ordered_gene_pair	not_audited_for_campaign	results/dataset_reconstruction/candidates.tsv	50a3dbce8e15446e75fc66e6656fed385fc923abb8a005919c04630afa305ac2	data/raw/41586_2026_10982_MOESM9_ESM.xlsx	6edb01e329d622100da30c47cd8eeaf7589a325d2ab94fb06f27c0f088a7f131	Supplemental Table 7		A138	https://media.springernature.com/original/springer-static/esm/art%3A10.1038%2Fs41586-026-10982-x/MediaObjects/41586_2026_10982_MOESM9_ESM.xlsx
Hnrnpu:Ifi203	Hnrnpu	Ifi203	ENSMUSG00000039630.11	ENSMUSG00000039997.17	Mus musculus	GRCm39	GENCODE M28	False	False	True	False	1		unavailable_read_to_sample_mapping	unknown	unknown		supplementary_table_3;supplementary_table_4;gencode_M28	https://www.nature.com/articles/s41586-026-10982-x	short_read_only	False	ordered_gene_pair	not_audited_for_campaign	results/dataset_reconstruction/candidates.tsv	50a3dbce8e15446e75fc66e6656fed385fc923abb8a005919c04630afa305ac2	data/raw/41586_2026_10982_MOESM9_ESM.xlsx	6edb01e329d622100da30c47cd8eeaf7589a325d2ab94fb06f27c0f088a7f131	Supplemental Table 7		A139	https://media.springernature.com/original/springer-static/esm/art%3A10.1038%2Fs41586-026-10982-x/MediaObjects/41586_2026_10982_MOESM9_ESM.xlsx
Hotairm1:Gm15050	Hotairm1	Gm15050	ENSMUSG00000087658.3	ENSMUSG00000087626.2	Mus musculus	GRCm39	GENCODE M28	False	False	True	False	54		unavailable_read_to_sample_mapping	unknown	unknown		supplementary_table_3;supplementary_table_4;gencode_M28	https://www.nature.com/articles/s41586-026-10982-x	short_read_only	False	ordered_gene_pair	not_audited_for_campaign	results/dataset_reconstruction/candidates.tsv	50a3dbce8e15446e75fc66e6656fed385fc923abb8a005919c04630afa305ac2	data/raw/41586_2026_10982_MOESM9_ESM.xlsx	6edb01e329d622100da30c47cd8eeaf7589a325d2ab94fb06f27c0f088a7f131	Supplemental Table 7		A140	https://media.springernature.com/original/springer-static/esm/art%3A10.1038%2Fs41586-026-10982-x/MediaObjects/41586_2026_10982_MOESM9_ESM.xlsx
Hsd17b4:Wdr36	Hsd17b4	Wdr36	ENSMUSG00000024507.7	ENSMUSG00000038299.17	Mus musculus	GRCm39	GENCODE M28	True	True	False	False	1		unavailable_read_to_sample_mapping	unknown	unknown		supplementary_table_3;supplementary_table_4;gencode_M28;supplementary_table_7;supplementary_table_8	https://www.nature.com/articles/s41586-026-10982-x	NanoString_only	True	ordered_gene_pair	not_audited_for_campaign	results/dataset_reconstruction/candidates.tsv	50a3dbce8e15446e75fc66e6656fed385fc923abb8a005919c04630afa305ac2	data/raw/41586_2026_10982_MOESM9_ESM.xlsx	6edb01e329d622100da30c47cd8eeaf7589a325d2ab94fb06f27c0f088a7f131	Supplemental Table 7	B28		https://media.springernature.com/original/springer-static/esm/art%3A10.1038%2Fs41586-026-10982-x/MediaObjects/41586_2026_10982_MOESM9_ESM.xlsx
Ifi205:Ifi203	Ifi205	Ifi203	ENSMUSG00000054203.8	ENSMUSG00000039997.17	Mus musculus	GRCm39	GENCODE M28	False	False	True	False	2		unavailable_read_to_sample_mapping	unknown	unknown		supplementary_table_3;supplementary_table_4;gencode_M28	https://www.nature.com/articles/s41586-026-10982-x	short_read_only	False	ordered_gene_pair	not_audited_for_campaign	results/dataset_reconstruction/candidates.tsv	50a3dbce8e15446e75fc66e6656fed385fc923abb8a005919c04630afa305ac2	data/raw/41586_2026_10982_MOESM9_ESM.xlsx	6edb01e329d622100da30c47cd8eeaf7589a325d2ab94fb06f27c0f088a7f131	Supplemental Table 7		A141	https://media.springernature.com/original/springer-static/esm/art%3A10.1038%2Fs41586-026-10982-x/MediaObjects/41586_2026_10982_MOESM9_ESM.xlsx
Ifi27l2a:Ddx24	Ifi27l2a	Ddx24	ENSMUSG00000079017.4	ENSMUSG00000041645.15	Mus musculus	GRCm39	GENCODE M28	False	False	True	False	6		unavailable_read_to_sample_mapping	unknown	unknown		supplementary_table_3;supplementary_table_4;gencode_M28	https://www.nature.com/articles/s41586-026-10982-x	short_read_only	False	ordered_gene_pair	not_audited_for_campaign	results/dataset_reconstruction/candidates.tsv	50a3dbce8e15446e75fc66e6656fed385fc923abb8a005919c04630afa305ac2	data/raw/41586_2026_10982_MOESM9_ESM.xlsx	6edb01e329d622100da30c47cd8eeaf7589a325d2ab94fb06f27c0f088a7f131	Supplemental Table 7		A142	https://media.springernature.com/original/springer-static/esm/art%3A10.1038%2Fs41586-026-10982-x/MediaObjects/41586_2026_10982_MOESM9_ESM.xlsx
Ifit2:Ifit3	Ifit2	Ifit3	ENSMUSG00000045932.13	ENSMUSG00000074896.4	Mus musculus	GRCm39	GENCODE M28	False	False	True	False	7		unavailable_read_to_sample_mapping	unknown	unknown		supplementary_table_3;supplementary_table_4;gencode_M28	https://www.nature.com/articles/s41586-026-10982-x	short_read_only	False	ordered_gene_pair	not_audited_for_campaign	results/dataset_reconstruction/candidates.tsv	50a3dbce8e15446e75fc66e6656fed385fc923abb8a005919c04630afa305ac2	data/raw/41586_2026_10982_MOESM9_ESM.xlsx	6edb01e329d622100da30c47cd8eeaf7589a325d2ab94fb06f27c0f088a7f131	Supplemental Table 7		A143	https://media.springernature.com/original/springer-static/esm/art%3A10.1038%2Fs41586-026-10982-x/MediaObjects/41586_2026_10982_MOESM9_ESM.xlsx
Ikzf5:Ate1	Ikzf5	Ate1	ENSMUSG00000040167.17	ENSMUSG00000030850.18	Mus musculus	GRCm39	GENCODE M28	False	False	True	False	1		unavailable_read_to_sample_mapping	unknown	unknown		supplementary_table_3;supplementary_table_4;gencode_M28	https://www.nature.com/articles/s41586-026-10982-x	short_read_only	False	ordered_gene_pair	not_audited_for_campaign	results/dataset_reconstruction/candidates.tsv	50a3dbce8e15446e75fc66e6656fed385fc923abb8a005919c04630afa305ac2	data/raw/41586_2026_10982_MOESM9_ESM.xlsx	6edb01e329d622100da30c47cd8eeaf7589a325d2ab94fb06f27c0f088a7f131	Supplemental Table 7		A144	https://media.springernature.com/original/springer-static/esm/art%3A10.1038%2Fs41586-026-10982-x/MediaObjects/41586_2026_10982_MOESM9_ESM.xlsx
Il1rap:Ccdc50	Il1rap	Ccdc50	ENSMUSG00000022514.15	ENSMUSG00000038127.16	Mus musculus	GRCm39	GENCODE M28	False	False	True	False	1		unavailable_read_to_sample_mapping	unknown	unknown		supplementary_table_3;supplementary_table_4;gencode_M28	https://www.nature.com/articles/s41586-026-10982-x	short_read_only	False	ordered_gene_pair	not_audited_for_campaign	results/dataset_reconstruction/candidates.tsv	50a3dbce8e15446e75fc66e6656fed385fc923abb8a005919c04630afa305ac2	data/raw/41586_2026_10982_MOESM9_ESM.xlsx	6edb01e329d622100da30c47cd8eeaf7589a325d2ab94fb06f27c0f088a7f131	Supplemental Table 7		A145	https://media.springernature.com/original/springer-static/esm/art%3A10.1038%2Fs41586-026-10982-x/MediaObjects/41586_2026_10982_MOESM9_ESM.xlsx
Ip6k1:Rhoa	Ip6k1	Rhoa	ENSMUSG00000032594.12	ENSMUSG00000007815.14	Mus musculus	GRCm39	GENCODE M28	False	False	True	False	1		unavailable_read_to_sample_mapping	unknown	unknown		supplementary_table_3;supplementary_table_4;gencode_M28	https://www.nature.com/articles/s41586-026-10982-x	short_read_only	False	ordered_gene_pair	not_audited_for_campaign	results/dataset_reconstruction/candidates.tsv	50a3dbce8e15446e75fc66e6656fed385fc923abb8a005919c04630afa305ac2	data/raw/41586_2026_10982_MOESM9_ESM.xlsx	6edb01e329d622100da30c47cd8eeaf7589a325d2ab94fb06f27c0f088a7f131	Supplemental Table 7		A146	https://media.springernature.com/original/springer-static/esm/art%3A10.1038%2Fs41586-026-10982-x/MediaObjects/41586_2026_10982_MOESM9_ESM.xlsx
Irf2:Gnas	Irf2	Gnas	ENSMUSG00000031627.10	ENSMUSG00000027523.21	Mus musculus	GRCm39	GENCODE M28	False	False	True	False	1		unavailable_read_to_sample_mapping	unknown	unknown		supplementary_table_3;supplementary_table_4;gencode_M28	https://www.nature.com/articles/s41586-026-10982-x	short_read_only	False	ordered_gene_pair	not_audited_for_campaign	results/dataset_reconstruction/candidates.tsv	50a3dbce8e15446e75fc66e6656fed385fc923abb8a005919c04630afa305ac2	data/raw/41586_2026_10982_MOESM9_ESM.xlsx	6edb01e329d622100da30c47cd8eeaf7589a325d2ab94fb06f27c0f088a7f131	Supplemental Table 7		A147	https://media.springernature.com/original/springer-static/esm/art%3A10.1038%2Fs41586-026-10982-x/MediaObjects/41586_2026_10982_MOESM9_ESM.xlsx
Irf9:Psme2	Irf9	Psme2	ENSMUSG00000002325.16	ENSMUSG00000079197.11	Mus musculus	GRCm39	GENCODE M28	False	False	True	False	1		unavailable_read_to_sample_mapping	unknown	unknown		supplementary_table_3;supplementary_table_4;gencode_M28	https://www.nature.com/articles/s41586-026-10982-x	short_read_only	False	ordered_gene_pair	not_audited_for_campaign	results/dataset_reconstruction/candidates.tsv	50a3dbce8e15446e75fc66e6656fed385fc923abb8a005919c04630afa305ac2	data/raw/41586_2026_10982_MOESM9_ESM.xlsx	6edb01e329d622100da30c47cd8eeaf7589a325d2ab94fb06f27c0f088a7f131	Supplemental Table 7		A148	https://media.springernature.com/original/springer-static/esm/art%3A10.1038%2Fs41586-026-10982-x/MediaObjects/41586_2026_10982_MOESM9_ESM.xlsx
Irgm1:Ifi47	Irgm1	Ifi47	ENSMUSG00000046879.8	ENSMUSG00000078920.4	Mus musculus	GRCm39	GENCODE M28	True	False	True	False	1		unavailable_read_to_sample_mapping	unknown	unknown		supplementary_table_3;supplementary_table_4;gencode_M28;supplementary_table_7;supplementary_table_8	https://www.nature.com/articles/s41586-026-10982-x	short_read_only	False	ordered_gene_pair	not_audited_for_campaign	results/dataset_reconstruction/candidates.tsv	50a3dbce8e15446e75fc66e6656fed385fc923abb8a005919c04630afa305ac2	data/raw/41586_2026_10982_MOESM9_ESM.xlsx	6edb01e329d622100da30c47cd8eeaf7589a325d2ab94fb06f27c0f088a7f131	Supplemental Table 7		A149	https://media.springernature.com/original/springer-static/esm/art%3A10.1038%2Fs41586-026-10982-x/MediaObjects/41586_2026_10982_MOESM9_ESM.xlsx
Itsn1:Gm34342	Itsn1	Gm34342	ENSMUSG00000022957.21	ENSMUSG00000102158.2	Mus musculus	GRCm39	GENCODE M28	True	True	False	False	1		unavailable_read_to_sample_mapping	unknown	unknown		supplementary_table_3;supplementary_table_4;gencode_M28;supplementary_table_7;supplementary_table_8	https://www.nature.com/articles/s41586-026-10982-x	NanoString_only	True	ordered_gene_pair	not_audited_for_campaign	results/dataset_reconstruction/candidates.tsv	50a3dbce8e15446e75fc66e6656fed385fc923abb8a005919c04630afa305ac2	data/raw/41586_2026_10982_MOESM9_ESM.xlsx	6edb01e329d622100da30c47cd8eeaf7589a325d2ab94fb06f27c0f088a7f131	Supplemental Table 7	B29		https://media.springernature.com/original/springer-static/esm/art%3A10.1038%2Fs41586-026-10982-x/MediaObjects/41586_2026_10982_MOESM9_ESM.xlsx
Jmjd1c:Reep3	Jmjd1c	Reep3	ENSMUSG00000037876.18	ENSMUSG00000019873.9	Mus musculus	GRCm39	GENCODE M28	False	False	True	False	1		unavailable_read_to_sample_mapping	unknown	unknown		supplementary_table_3;supplementary_table_4;gencode_M28	https://www.nature.com/articles/s41586-026-10982-x	short_read_only	False	ordered_gene_pair	not_audited_for_campaign	results/dataset_reconstruction/candidates.tsv	50a3dbce8e15446e75fc66e6656fed385fc923abb8a005919c04630afa305ac2	data/raw/41586_2026_10982_MOESM9_ESM.xlsx	6edb01e329d622100da30c47cd8eeaf7589a325d2ab94fb06f27c0f088a7f131	Supplemental Table 7		A150	https://media.springernature.com/original/springer-static/esm/art%3A10.1038%2Fs41586-026-10982-x/MediaObjects/41586_2026_10982_MOESM9_ESM.xlsx
Kcnk13:Psmc1	Kcnk13	Psmc1	ENSMUSG00000045404.17	ENSMUSG00000021178.10	Mus musculus	GRCm39	GENCODE M28	False	False	True	False	1		unavailable_read_to_sample_mapping	unknown	unknown		supplementary_table_3;supplementary_table_4;gencode_M28	https://www.nature.com/articles/s41586-026-10982-x	short_read_only	False	ordered_gene_pair	not_audited_for_campaign	results/dataset_reconstruction/candidates.tsv	50a3dbce8e15446e75fc66e6656fed385fc923abb8a005919c04630afa305ac2	data/raw/41586_2026_10982_MOESM9_ESM.xlsx	6edb01e329d622100da30c47cd8eeaf7589a325d2ab94fb06f27c0f088a7f131	Supplemental Table 7		A151	https://media.springernature.com/original/springer-static/esm/art%3A10.1038%2Fs41586-026-10982-x/MediaObjects/41586_2026_10982_MOESM9_ESM.xlsx
Khnyn:Tkt	Khnyn	Tkt	ENSMUSG00000047153.5	ENSMUSG00000021957.8	Mus musculus	GRCm39	GENCODE M28	False	False	True	False	1		unavailable_read_to_sample_mapping	unknown	unknown		supplementary_table_3;supplementary_table_4;gencode_M28	https://www.nature.com/articles/s41586-026-10982-x	short_read_only	False	ordered_gene_pair	not_audited_for_campaign	results/dataset_reconstruction/candidates.tsv	50a3dbce8e15446e75fc66e6656fed385fc923abb8a005919c04630afa305ac2	data/raw/41586_2026_10982_MOESM9_ESM.xlsx	6edb01e329d622100da30c47cd8eeaf7589a325d2ab94fb06f27c0f088a7f131	Supplemental Table 7		A152	https://media.springernature.com/original/springer-static/esm/art%3A10.1038%2Fs41586-026-10982-x/MediaObjects/41586_2026_10982_MOESM9_ESM.xlsx
Khsrp:Prmt1	Khsrp	Prmt1	ENSMUSG00000007670.11	ENSMUSG00000109324.3	Mus musculus	GRCm39	GENCODE M28	True	True	False	False	1		unavailable_read_to_sample_mapping	unknown	unknown		supplementary_table_3;supplementary_table_4;gencode_M28;supplementary_table_7;supplementary_table_8	https://www.nature.com/articles/s41586-026-10982-x	NanoString_only	True	ordered_gene_pair	not_audited_for_campaign	results/dataset_reconstruction/candidates.tsv	50a3dbce8e15446e75fc66e6656fed385fc923abb8a005919c04630afa305ac2	data/raw/41586_2026_10982_MOESM9_ESM.xlsx	6edb01e329d622100da30c47cd8eeaf7589a325d2ab94fb06f27c0f088a7f131	Supplemental Table 7	B30		https://media.springernature.com/original/springer-static/esm/art%3A10.1038%2Fs41586-026-10982-x/MediaObjects/41586_2026_10982_MOESM9_ESM.xlsx
Kif13b:Hmbox1	Kif13b	Hmbox1	ENSMUSG00000060012.10	ENSMUSG00000021972.15	Mus musculus	GRCm39	GENCODE M28	False	False	True	False	1		unavailable_read_to_sample_mapping	unknown	unknown		supplementary_table_3;supplementary_table_4;gencode_M28	https://www.nature.com/articles/s41586-026-10982-x	short_read_only	False	ordered_gene_pair	not_audited_for_campaign	results/dataset_reconstruction/candidates.tsv	50a3dbce8e15446e75fc66e6656fed385fc923abb8a005919c04630afa305ac2	data/raw/41586_2026_10982_MOESM9_ESM.xlsx	6edb01e329d622100da30c47cd8eeaf7589a325d2ab94fb06f27c0f088a7f131	Supplemental Table 7		A153	https://media.springernature.com/original/springer-static/esm/art%3A10.1038%2Fs41586-026-10982-x/MediaObjects/41586_2026_10982_MOESM9_ESM.xlsx
Laptm4a:Nrp2	Laptm4a	Nrp2	ENSMUSG00000020585.5	ENSMUSG00000025969.16	Mus musculus	GRCm39	GENCODE M28	True	True	False	False	1		unavailable_read_to_sample_mapping	unknown	unknown		supplementary_table_3;supplementary_table_4;gencode_M28;supplementary_table_7;supplementary_table_8	https://www.nature.com/articles/s41586-026-10982-x	NanoString_only	True	ordered_gene_pair	not_audited_for_campaign	results/dataset_reconstruction/candidates.tsv	50a3dbce8e15446e75fc66e6656fed385fc923abb8a005919c04630afa305ac2	data/raw/41586_2026_10982_MOESM9_ESM.xlsx	6edb01e329d622100da30c47cd8eeaf7589a325d2ab94fb06f27c0f088a7f131	Supplemental Table 7	B31		https://media.springernature.com/original/springer-static/esm/art%3A10.1038%2Fs41586-026-10982-x/MediaObjects/41586_2026_10982_MOESM9_ESM.xlsx
Lcp1:Itm2b	Lcp1	Itm2b	ENSMUSG00000021998.17	ENSMUSG00000022108.9	Mus musculus	GRCm39	GENCODE M28	True	False	True	False	1		unavailable_read_to_sample_mapping	unknown	unknown		supplementary_table_3;supplementary_table_4;gencode_M28;supplementary_table_7;supplementary_table_8	https://www.nature.com/articles/s41586-026-10982-x	short_read_only	False	ordered_gene_pair	not_audited_for_campaign	results/dataset_reconstruction/candidates.tsv	50a3dbce8e15446e75fc66e6656fed385fc923abb8a005919c04630afa305ac2	data/raw/41586_2026_10982_MOESM9_ESM.xlsx	6edb01e329d622100da30c47cd8eeaf7589a325d2ab94fb06f27c0f088a7f131	Supplemental Table 7		A154	https://media.springernature.com/original/springer-static/esm/art%3A10.1038%2Fs41586-026-10982-x/MediaObjects/41586_2026_10982_MOESM9_ESM.xlsx
Lima1:Cers5	Lima1	Cers5	ENSMUSG00000023022.15	ENSMUSG00000023021.16	Mus musculus	GRCm39	GENCODE M28	False	False	True	False	1		unavailable_read_to_sample_mapping	unknown	unknown		supplementary_table_3;supplementary_table_4;gencode_M28	https://www.nature.com/articles/s41586-026-10982-x	short_read_only	False	ordered_gene_pair	not_audited_for_campaign	results/dataset_reconstruction/candidates.tsv	50a3dbce8e15446e75fc66e6656fed385fc923abb8a005919c04630afa305ac2	data/raw/41586_2026_10982_MOESM9_ESM.xlsx	6edb01e329d622100da30c47cd8eeaf7589a325d2ab94fb06f27c0f088a7f131	Supplemental Table 7		A155	https://media.springernature.com/original/springer-static/esm/art%3A10.1038%2Fs41586-026-10982-x/MediaObjects/41586_2026_10982_MOESM9_ESM.xlsx
Lncpint:Gt(ROSA)26Sor	Lncpint	Gt(ROSA)26Sor	ENSMUSG00000044471.13	ENSMUSG00000086429.10	Mus musculus	GRCm39	GENCODE M28	True	True	False	False	1		unavailable_read_to_sample_mapping	unknown	unknown		supplementary_table_3;supplementary_table_4;gencode_M28;supplementary_table_7;supplementary_table_8	https://www.nature.com/articles/s41586-026-10982-x	NanoString_only	True	ordered_gene_pair	not_audited_for_campaign	results/dataset_reconstruction/candidates.tsv	50a3dbce8e15446e75fc66e6656fed385fc923abb8a005919c04630afa305ac2	data/raw/41586_2026_10982_MOESM9_ESM.xlsx	6edb01e329d622100da30c47cd8eeaf7589a325d2ab94fb06f27c0f088a7f131	Supplemental Table 7	B32		https://media.springernature.com/original/springer-static/esm/art%3A10.1038%2Fs41586-026-10982-x/MediaObjects/41586_2026_10982_MOESM9_ESM.xlsx
Lpl:Atp6v1b2	Lpl	Atp6v1b2	ENSMUSG00000015568.17	ENSMUSG00000006273.15	Mus musculus	GRCm39	GENCODE M28	False	False	True	False	1		unavailable_read_to_sample_mapping	unknown	unknown		supplementary_table_3;supplementary_table_4;gencode_M28	https://www.nature.com/articles/s41586-026-10982-x	short_read_only	False	ordered_gene_pair	not_audited_for_campaign	results/dataset_reconstruction/candidates.tsv	50a3dbce8e15446e75fc66e6656fed385fc923abb8a005919c04630afa305ac2	data/raw/41586_2026_10982_MOESM9_ESM.xlsx	6edb01e329d622100da30c47cd8eeaf7589a325d2ab94fb06f27c0f088a7f131	Supplemental Table 7		A156	https://media.springernature.com/original/springer-static/esm/art%3A10.1038%2Fs41586-026-10982-x/MediaObjects/41586_2026_10982_MOESM9_ESM.xlsx
Lrp1:Mndal	Lrp1	Mndal	ENSMUSG00000040249.16	ENSMUSG00000090272.10	Mus musculus	GRCm39	GENCODE M28	True	True	False	False	1		unavailable_read_to_sample_mapping	unknown	unknown		supplementary_table_3;supplementary_table_4;gencode_M28;supplementary_table_7;supplementary_table_8	https://www.nature.com/articles/s41586-026-10982-x	NanoString_only	True	ordered_gene_pair	not_audited_for_campaign	results/dataset_reconstruction/candidates.tsv	50a3dbce8e15446e75fc66e6656fed385fc923abb8a005919c04630afa305ac2	data/raw/41586_2026_10982_MOESM9_ESM.xlsx	6edb01e329d622100da30c47cd8eeaf7589a325d2ab94fb06f27c0f088a7f131	Supplemental Table 7	B33		https://media.springernature.com/original/springer-static/esm/art%3A10.1038%2Fs41586-026-10982-x/MediaObjects/41586_2026_10982_MOESM9_ESM.xlsx
Lsp1:Tnnt3	Lsp1	Tnnt3	ENSMUSG00000018819.11	ENSMUSG00000061723.19	Mus musculus	GRCm39	GENCODE M28	False	False	True	False	3		unavailable_read_to_sample_mapping	unknown	unknown		supplementary_table_3;supplementary_table_4;gencode_M28	https://www.nature.com/articles/s41586-026-10982-x	short_read_only	False	ordered_gene_pair	not_audited_for_campaign	results/dataset_reconstruction/candidates.tsv	50a3dbce8e15446e75fc66e6656fed385fc923abb8a005919c04630afa305ac2	data/raw/41586_2026_10982_MOESM9_ESM.xlsx	6edb01e329d622100da30c47cd8eeaf7589a325d2ab94fb06f27c0f088a7f131	Supplemental Table 7		A157	https://media.springernature.com/original/springer-static/esm/art%3A10.1038%2Fs41586-026-10982-x/MediaObjects/41586_2026_10982_MOESM9_ESM.xlsx
Lyz2:Rgs10	Lyz2	Rgs10	ENSMUSG00000069516.9	ENSMUSG00000030844.12	Mus musculus	GRCm39	GENCODE M28	False	False	True	False	1		unavailable_read_to_sample_mapping	unknown	unknown		supplementary_table_3;supplementary_table_4;gencode_M28	https://www.nature.com/articles/s41586-026-10982-x	short_read_only	False	ordered_gene_pair	not_audited_for_campaign	results/dataset_reconstruction/candidates.tsv	50a3dbce8e15446e75fc66e6656fed385fc923abb8a005919c04630afa305ac2	data/raw/41586_2026_10982_MOESM9_ESM.xlsx	6edb01e329d622100da30c47cd8eeaf7589a325d2ab94fb06f27c0f088a7f131	Supplemental Table 7		A158	https://media.springernature.com/original/springer-static/esm/art%3A10.1038%2Fs41586-026-10982-x/MediaObjects/41586_2026_10982_MOESM9_ESM.xlsx
Manba:Ube2d3	Manba	Ube2d3	ENSMUSG00000028164.16	ENSMUSG00000078578.10	Mus musculus	GRCm39	GENCODE M28	False	False	True	False	4		unavailable_read_to_sample_mapping	unknown	unknown		supplementary_table_3;supplementary_table_4;gencode_M28	https://www.nature.com/articles/s41586-026-10982-x	short_read_only	False	ordered_gene_pair	not_audited_for_campaign	results/dataset_reconstruction/candidates.tsv	50a3dbce8e15446e75fc66e6656fed385fc923abb8a005919c04630afa305ac2	data/raw/41586_2026_10982_MOESM9_ESM.xlsx	6edb01e329d622100da30c47cd8eeaf7589a325d2ab94fb06f27c0f088a7f131	Supplemental Table 7		A159	https://media.springernature.com/original/springer-static/esm/art%3A10.1038%2Fs41586-026-10982-x/MediaObjects/41586_2026_10982_MOESM9_ESM.xlsx
Manbal:Src	Manbal	Src	ENSMUSG00000063019.6	ENSMUSG00000027646.16	Mus musculus	GRCm39	GENCODE M28	False	False	True	False	1		unavailable_read_to_sample_mapping	unknown	unknown		supplementary_table_3;supplementary_table_4;gencode_M28	https://www.nature.com/articles/s41586-026-10982-x	short_read_only	False	ordered_gene_pair	not_audited_for_campaign	results/dataset_reconstruction/candidates.tsv	50a3dbce8e15446e75fc66e6656fed385fc923abb8a005919c04630afa305ac2	data/raw/41586_2026_10982_MOESM9_ESM.xlsx	6edb01e329d622100da30c47cd8eeaf7589a325d2ab94fb06f27c0f088a7f131	Supplemental Table 7		A160	https://media.springernature.com/original/springer-static/esm/art%3A10.1038%2Fs41586-026-10982-x/MediaObjects/41586_2026_10982_MOESM9_ESM.xlsx
Marchf7:Mrpl15	Marchf7	Mrpl15	ENSMUSG00000026977.18	ENSMUSG00000033845.14	Mus musculus	GRCm39	GENCODE M28	True	True	False	False	1		unavailable_read_to_sample_mapping	unknown	unknown		supplementary_table_3;supplementary_table_4;gencode_M28;supplementary_table_7;supplementary_table_8	https://www.nature.com/articles/s41586-026-10982-x	NanoString_only	True	ordered_gene_pair	not_audited_for_campaign	results/dataset_reconstruction/candidates.tsv	50a3dbce8e15446e75fc66e6656fed385fc923abb8a005919c04630afa305ac2	data/raw/41586_2026_10982_MOESM9_ESM.xlsx	6edb01e329d622100da30c47cd8eeaf7589a325d2ab94fb06f27c0f088a7f131	Supplemental Table 7	B34		https://media.springernature.com/original/springer-static/esm/art%3A10.1038%2Fs41586-026-10982-x/MediaObjects/41586_2026_10982_MOESM9_ESM.xlsx
Mcl1:Vps45	Mcl1	Vps45	ENSMUSG00000038612.17	ENSMUSG00000015747.6	Mus musculus	GRCm39	GENCODE M28	False	False	True	False	5		unavailable_read_to_sample_mapping	unknown	unknown		supplementary_table_3;supplementary_table_4;gencode_M28	https://www.nature.com/articles/s41586-026-10982-x	short_read_only	False	ordered_gene_pair	not_audited_for_campaign	results/dataset_reconstruction/candidates.tsv	50a3dbce8e15446e75fc66e6656fed385fc923abb8a005919c04630afa305ac2	data/raw/41586_2026_10982_MOESM9_ESM.xlsx	6edb01e329d622100da30c47cd8eeaf7589a325d2ab94fb06f27c0f088a7f131	Supplemental Table 7		A161	https://media.springernature.com/original/springer-static/esm/art%3A10.1038%2Fs41586-026-10982-x/MediaObjects/41586_2026_10982_MOESM9_ESM.xlsx
Med15:Ube2l3	Med15	Ube2l3	ENSMUSG00000012114.18	ENSMUSG00000038965.18	Mus musculus	GRCm39	GENCODE M28	False	False	True	False	1		unavailable_read_to_sample_mapping	unknown	unknown		supplementary_table_3;supplementary_table_4;gencode_M28	https://www.nature.com/articles/s41586-026-10982-x	short_read_only	False	ordered_gene_pair	not_audited_for_campaign	results/dataset_reconstruction/candidates.tsv	50a3dbce8e15446e75fc66e6656fed385fc923abb8a005919c04630afa305ac2	data/raw/41586_2026_10982_MOESM9_ESM.xlsx	6edb01e329d622100da30c47cd8eeaf7589a325d2ab94fb06f27c0f088a7f131	Supplemental Table 7		A162	https://media.springernature.com/original/springer-static/esm/art%3A10.1038%2Fs41586-026-10982-x/MediaObjects/41586_2026_10982_MOESM9_ESM.xlsx
Mertk:Laptm4a	Mertk	Laptm4a	ENSMUSG00000014361.6	ENSMUSG00000020585.5	Mus musculus	GRCm39	GENCODE M28	True	True	False	False	1		unavailable_read_to_sample_mapping	unknown	unknown		supplementary_table_3;supplementary_table_4;gencode_M28;supplementary_table_7;supplementary_table_8	https://www.nature.com/articles/s41586-026-10982-x	NanoString_only	True	ordered_gene_pair	not_audited_for_campaign	results/dataset_reconstruction/candidates.tsv	50a3dbce8e15446e75fc66e6656fed385fc923abb8a005919c04630afa305ac2	data/raw/41586_2026_10982_MOESM9_ESM.xlsx	6edb01e329d622100da30c47cd8eeaf7589a325d2ab94fb06f27c0f088a7f131	Supplemental Table 7	B35		https://media.springernature.com/original/springer-static/esm/art%3A10.1038%2Fs41586-026-10982-x/MediaObjects/41586_2026_10982_MOESM9_ESM.xlsx
Mitf:Arhgdib	Mitf	Arhgdib	ENSMUSG00000035158.16	ENSMUSG00000030220.14	Mus musculus	GRCm39	GENCODE M28	False	False	True	False	1		unavailable_read_to_sample_mapping	unknown	unknown		supplementary_table_3;supplementary_table_4;gencode_M28	https://www.nature.com/articles/s41586-026-10982-x	short_read_only	False	ordered_gene_pair	not_audited_for_campaign	results/dataset_reconstruction/candidates.tsv	50a3dbce8e15446e75fc66e6656fed385fc923abb8a005919c04630afa305ac2	data/raw/41586_2026_10982_MOESM9_ESM.xlsx	6edb01e329d622100da30c47cd8eeaf7589a325d2ab94fb06f27c0f088a7f131	Supplemental Table 7		A163	https://media.springernature.com/original/springer-static/esm/art%3A10.1038%2Fs41586-026-10982-x/MediaObjects/41586_2026_10982_MOESM9_ESM.xlsx
Mitf:Foxp1	Mitf	Foxp1	ENSMUSG00000035158.16	ENSMUSG00000030067.18	Mus musculus	GRCm39	GENCODE M28	False	False	True	False	1		unavailable_read_to_sample_mapping	unknown	unknown		supplementary_table_3;supplementary_table_4;gencode_M28	https://www.nature.com/articles/s41586-026-10982-x	short_read_only	False	ordered_gene_pair	not_audited_for_campaign	results/dataset_reconstruction/candidates.tsv	50a3dbce8e15446e75fc66e6656fed385fc923abb8a005919c04630afa305ac2	data/raw/41586_2026_10982_MOESM9_ESM.xlsx	6edb01e329d622100da30c47cd8eeaf7589a325d2ab94fb06f27c0f088a7f131	Supplemental Table 7		A164	https://media.springernature.com/original/springer-static/esm/art%3A10.1038%2Fs41586-026-10982-x/MediaObjects/41586_2026_10982_MOESM9_ESM.xlsx
Mitf:Frmd4b	Mitf	Frmd4b	ENSMUSG00000035158.16	ENSMUSG00000030064.17	Mus musculus	GRCm39	GENCODE M28	False	False	True	False	1		unavailable_read_to_sample_mapping	unknown	unknown		supplementary_table_3;supplementary_table_4;gencode_M28	https://www.nature.com/articles/s41586-026-10982-x	short_read_only	False	ordered_gene_pair	not_audited_for_campaign	results/dataset_reconstruction/candidates.tsv	50a3dbce8e15446e75fc66e6656fed385fc923abb8a005919c04630afa305ac2	data/raw/41586_2026_10982_MOESM9_ESM.xlsx	6edb01e329d622100da30c47cd8eeaf7589a325d2ab94fb06f27c0f088a7f131	Supplemental Table 7		A165	https://media.springernature.com/original/springer-static/esm/art%3A10.1038%2Fs41586-026-10982-x/MediaObjects/41586_2026_10982_MOESM9_ESM.xlsx
Mrc1:Slc39a12	Mrc1	Slc39a12	ENSMUSG00000026712.4	ENSMUSG00000036949.17	Mus musculus	GRCm39	GENCODE M28	False	False	True	False	1		unavailable_read_to_sample_mapping	unknown	unknown		supplementary_table_3;supplementary_table_4;gencode_M28	https://www.nature.com/articles/s41586-026-10982-x	short_read_only	False	ordered_gene_pair	not_audited_for_campaign	results/dataset_reconstruction/candidates.tsv	50a3dbce8e15446e75fc66e6656fed385fc923abb8a005919c04630afa305ac2	data/raw/41586_2026_10982_MOESM9_ESM.xlsx	6edb01e329d622100da30c47cd8eeaf7589a325d2ab94fb06f27c0f088a7f131	Supplemental Table 7		A166	https://media.springernature.com/original/springer-static/esm/art%3A10.1038%2Fs41586-026-10982-x/MediaObjects/41586_2026_10982_MOESM9_ESM.xlsx
Ms4a6c:Ms4a4c	Ms4a6c	Ms4a4c	ENSMUSG00000079419.5	ENSMUSG00000024675.20	Mus musculus	GRCm39	GENCODE M28	False	False	True	False	1		unavailable_read_to_sample_mapping	unknown	unknown		supplementary_table_3;supplementary_table_4;gencode_M28	https://www.nature.com/articles/s41586-026-10982-x	short_read_only	False	ordered_gene_pair	not_audited_for_campaign	results/dataset_reconstruction/candidates.tsv	50a3dbce8e15446e75fc66e6656fed385fc923abb8a005919c04630afa305ac2	data/raw/41586_2026_10982_MOESM9_ESM.xlsx	6edb01e329d622100da30c47cd8eeaf7589a325d2ab94fb06f27c0f088a7f131	Supplemental Table 7		A167	https://media.springernature.com/original/springer-static/esm/art%3A10.1038%2Fs41586-026-10982-x/MediaObjects/41586_2026_10982_MOESM9_ESM.xlsx
Ms4a7:Xdh	Ms4a7	Xdh	ENSMUSG00000024672.12	ENSMUSG00000024066.10	Mus musculus	GRCm39	GENCODE M28	False	False	True	False	1		unavailable_read_to_sample_mapping	unknown	unknown		supplementary_table_3;supplementary_table_4;gencode_M28	https://www.nature.com/articles/s41586-026-10982-x	short_read_only	False	ordered_gene_pair	not_audited_for_campaign	results/dataset_reconstruction/candidates.tsv	50a3dbce8e15446e75fc66e6656fed385fc923abb8a005919c04630afa305ac2	data/raw/41586_2026_10982_MOESM9_ESM.xlsx	6edb01e329d622100da30c47cd8eeaf7589a325d2ab94fb06f27c0f088a7f131	Supplemental Table 7		A168	https://media.springernature.com/original/springer-static/esm/art%3A10.1038%2Fs41586-026-10982-x/MediaObjects/41586_2026_10982_MOESM9_ESM.xlsx
Mtpn:Rab9	Mtpn	Rab9	ENSMUSG00000029840.9	ENSMUSG00000079316.11	Mus musculus	GRCm39	GENCODE M28	True	True	False	False	1		unavailable_read_to_sample_mapping	unknown	unknown		supplementary_table_3;supplementary_table_4;gencode_M28;supplementary_table_7;supplementary_table_8	https://www.nature.com/articles/s41586-026-10982-x	NanoString_only	True	ordered_gene_pair	not_audited_for_campaign	results/dataset_reconstruction/candidates.tsv	50a3dbce8e15446e75fc66e6656fed385fc923abb8a005919c04630afa305ac2	data/raw/41586_2026_10982_MOESM9_ESM.xlsx	6edb01e329d622100da30c47cd8eeaf7589a325d2ab94fb06f27c0f088a7f131	Supplemental Table 7	B36		https://media.springernature.com/original/springer-static/esm/art%3A10.1038%2Fs41586-026-10982-x/MediaObjects/41586_2026_10982_MOESM9_ESM.xlsx
Myo5a:Arpp19	Myo5a	Arpp19	ENSMUSG00000034593.17	ENSMUSG00000007656.14	Mus musculus	GRCm39	GENCODE M28	False	False	True	False	1		unavailable_read_to_sample_mapping	unknown	unknown		supplementary_table_3;supplementary_table_4;gencode_M28	https://www.nature.com/articles/s41586-026-10982-x	short_read_only	False	ordered_gene_pair	not_audited_for_campaign	results/dataset_reconstruction/candidates.tsv	50a3dbce8e15446e75fc66e6656fed385fc923abb8a005919c04630afa305ac2	data/raw/41586_2026_10982_MOESM9_ESM.xlsx	6edb01e329d622100da30c47cd8eeaf7589a325d2ab94fb06f27c0f088a7f131	Supplemental Table 7		A169	https://media.springernature.com/original/springer-static/esm/art%3A10.1038%2Fs41586-026-10982-x/MediaObjects/41586_2026_10982_MOESM9_ESM.xlsx
N4bp1:Siah1a	N4bp1	Siah1a	ENSMUSG00000031652.12	ENSMUSG00000036840.6	Mus musculus	GRCm39	GENCODE M28	False	False	True	False	1		unavailable_read_to_sample_mapping	unknown	unknown		supplementary_table_3;supplementary_table_4;gencode_M28	https://www.nature.com/articles/s41586-026-10982-x	short_read_only	False	ordered_gene_pair	not_audited_for_campaign	results/dataset_reconstruction/candidates.tsv	50a3dbce8e15446e75fc66e6656fed385fc923abb8a005919c04630afa305ac2	data/raw/41586_2026_10982_MOESM9_ESM.xlsx	6edb01e329d622100da30c47cd8eeaf7589a325d2ab94fb06f27c0f088a7f131	Supplemental Table 7		A170	https://media.springernature.com/original/springer-static/esm/art%3A10.1038%2Fs41586-026-10982-x/MediaObjects/41586_2026_10982_MOESM9_ESM.xlsx
Nav1:Cd84	Nav1	Cd84	ENSMUSG00000009418.17	ENSMUSG00000038147.15	Mus musculus	GRCm39	GENCODE M28	True	True	False	False	1		unavailable_read_to_sample_mapping	unknown	unknown		supplementary_table_3;supplementary_table_4;gencode_M28;supplementary_table_7;supplementary_table_8	https://www.nature.com/articles/s41586-026-10982-x	NanoString_only	True	ordered_gene_pair	not_audited_for_campaign	results/dataset_reconstruction/candidates.tsv	50a3dbce8e15446e75fc66e6656fed385fc923abb8a005919c04630afa305ac2	data/raw/41586_2026_10982_MOESM9_ESM.xlsx	6edb01e329d622100da30c47cd8eeaf7589a325d2ab94fb06f27c0f088a7f131	Supplemental Table 7	B37		https://media.springernature.com/original/springer-static/esm/art%3A10.1038%2Fs41586-026-10982-x/MediaObjects/41586_2026_10982_MOESM9_ESM.xlsx
Nceh1:Atp6v1h	Nceh1	Atp6v1h	ENSMUSG00000027698.15	ENSMUSG00000033793.13	Mus musculus	GRCm39	GENCODE M28	True	True	False	False	1		unavailable_read_to_sample_mapping	unknown	unknown		supplementary_table_3;supplementary_table_4;gencode_M28;supplementary_table_7;supplementary_table_8	https://www.nature.com/articles/s41586-026-10982-x	NanoString_only	True	ordered_gene_pair	not_audited_for_campaign	results/dataset_reconstruction/candidates.tsv	50a3dbce8e15446e75fc66e6656fed385fc923abb8a005919c04630afa305ac2	data/raw/41586_2026_10982_MOESM9_ESM.xlsx	6edb01e329d622100da30c47cd8eeaf7589a325d2ab94fb06f27c0f088a7f131	Supplemental Table 7	B38		https://media.springernature.com/original/springer-static/esm/art%3A10.1038%2Fs41586-026-10982-x/MediaObjects/41586_2026_10982_MOESM9_ESM.xlsx
Ncor2:Ubc	Ncor2	Ubc	ENSMUSG00000029478.17	ENSMUSG00000008348.10	Mus musculus	GRCm39	GENCODE M28	False	False	True	False	1		unavailable_read_to_sample_mapping	unknown	unknown		supplementary_table_3;supplementary_table_4;gencode_M28	https://www.nature.com/articles/s41586-026-10982-x	short_read_only	False	ordered_gene_pair	not_audited_for_campaign	results/dataset_reconstruction/candidates.tsv	50a3dbce8e15446e75fc66e6656fed385fc923abb8a005919c04630afa305ac2	data/raw/41586_2026_10982_MOESM9_ESM.xlsx	6edb01e329d622100da30c47cd8eeaf7589a325d2ab94fb06f27c0f088a7f131	Supplemental Table 7		A171	https://media.springernature.com/original/springer-static/esm/art%3A10.1038%2Fs41586-026-10982-x/MediaObjects/41586_2026_10982_MOESM9_ESM.xlsx
Ndor1:Cyhr1	Ndor1	Cyhr1	ENSMUSG00000115018.3;ENSMUSG00000006471.19;ENSMUSG00000115074.2	ENSMUSG00000053929.18	Mus musculus	GRCm39	GENCODE M28	True	True	False	False	1		unavailable_read_to_sample_mapping	unknown	unknown		supplementary_table_3;supplementary_table_4;gencode_M28;supplementary_table_7;supplementary_table_8	https://www.nature.com/articles/s41586-026-10982-x	NanoString_only	True	ordered_gene_pair	not_audited_for_campaign	results/dataset_reconstruction/candidates.tsv	50a3dbce8e15446e75fc66e6656fed385fc923abb8a005919c04630afa305ac2	data/raw/41586_2026_10982_MOESM9_ESM.xlsx	6edb01e329d622100da30c47cd8eeaf7589a325d2ab94fb06f27c0f088a7f131	Supplemental Table 7	B39		https://media.springernature.com/original/springer-static/esm/art%3A10.1038%2Fs41586-026-10982-x/MediaObjects/41586_2026_10982_MOESM9_ESM.xlsx
Nfil3:Auh	Nfil3	Auh	ENSMUSG00000056749.8	ENSMUSG00000021460.18	Mus musculus	GRCm39	GENCODE M28	False	False	True	False	1		unavailable_read_to_sample_mapping	unknown	unknown		supplementary_table_3;supplementary_table_4;gencode_M28	https://www.nature.com/articles/s41586-026-10982-x	short_read_only	False	ordered_gene_pair	not_audited_for_campaign	results/dataset_reconstruction/candidates.tsv	50a3dbce8e15446e75fc66e6656fed385fc923abb8a005919c04630afa305ac2	data/raw/41586_2026_10982_MOESM9_ESM.xlsx	6edb01e329d622100da30c47cd8eeaf7589a325d2ab94fb06f27c0f088a7f131	Supplemental Table 7		A172	https://media.springernature.com/original/springer-static/esm/art%3A10.1038%2Fs41586-026-10982-x/MediaObjects/41586_2026_10982_MOESM9_ESM.xlsx
Nfkb1:Cisd2	Nfkb1	Cisd2	ENSMUSG00000028163.18	ENSMUSG00000028165.10	Mus musculus	GRCm39	GENCODE M28	True	True	True	True	1		unavailable_read_to_sample_mapping	unknown	unknown		supplementary_table_3;supplementary_table_4;gencode_M28;supplementary_table_7;supplementary_table_8	https://www.nature.com/articles/s41586-026-10982-x	both	True	ordered_gene_pair	not_audited_for_campaign	results/dataset_reconstruction/candidates.tsv	50a3dbce8e15446e75fc66e6656fed385fc923abb8a005919c04630afa305ac2	data/raw/41586_2026_10982_MOESM9_ESM.xlsx	6edb01e329d622100da30c47cd8eeaf7589a325d2ab94fb06f27c0f088a7f131	Supplemental Table 7	B40	A173	https://media.springernature.com/original/springer-static/esm/art%3A10.1038%2Fs41586-026-10982-x/MediaObjects/41586_2026_10982_MOESM9_ESM.xlsx
Nhej1:Ihh	Nhej1	Ihh	ENSMUSG00000026162.9	ENSMUSG00000006538.13	Mus musculus	GRCm39	GENCODE M28	False	False	True	False	1		unavailable_read_to_sample_mapping	unknown	unknown		supplementary_table_3;supplementary_table_4;gencode_M28	https://www.nature.com/articles/s41586-026-10982-x	short_read_only	False	ordered_gene_pair	not_audited_for_campaign	results/dataset_reconstruction/candidates.tsv	50a3dbce8e15446e75fc66e6656fed385fc923abb8a005919c04630afa305ac2	data/raw/41586_2026_10982_MOESM9_ESM.xlsx	6edb01e329d622100da30c47cd8eeaf7589a325d2ab94fb06f27c0f088a7f131	Supplemental Table 7		A174	https://media.springernature.com/original/springer-static/esm/art%3A10.1038%2Fs41586-026-10982-x/MediaObjects/41586_2026_10982_MOESM9_ESM.xlsx
Ninj1:Card19	Ninj1	Card19	ENSMUSG00000037966.16	ENSMUSG00000037960.12	Mus musculus	GRCm39	GENCODE M28	False	False	True	False	1		unavailable_read_to_sample_mapping	unknown	unknown		supplementary_table_3;supplementary_table_4;gencode_M28	https://www.nature.com/articles/s41586-026-10982-x	short_read_only	False	ordered_gene_pair	not_audited_for_campaign	results/dataset_reconstruction/candidates.tsv	50a3dbce8e15446e75fc66e6656fed385fc923abb8a005919c04630afa305ac2	data/raw/41586_2026_10982_MOESM9_ESM.xlsx	6edb01e329d622100da30c47cd8eeaf7589a325d2ab94fb06f27c0f088a7f131	Supplemental Table 7		A175	https://media.springernature.com/original/springer-static/esm/art%3A10.1038%2Fs41586-026-10982-x/MediaObjects/41586_2026_10982_MOESM9_ESM.xlsx
Nos2:Gm11696	Nos2	Gm11696	ENSMUSG00000020826.10	ENSMUSG00000056687.10	Mus musculus	GRCm39	GENCODE M28	False	False	True	False	1		unavailable_read_to_sample_mapping	unknown	unknown		supplementary_table_3;supplementary_table_4;gencode_M28	https://www.nature.com/articles/s41586-026-10982-x	short_read_only	False	ordered_gene_pair	not_audited_for_campaign	results/dataset_reconstruction/candidates.tsv	50a3dbce8e15446e75fc66e6656fed385fc923abb8a005919c04630afa305ac2	data/raw/41586_2026_10982_MOESM9_ESM.xlsx	6edb01e329d622100da30c47cd8eeaf7589a325d2ab94fb06f27c0f088a7f131	Supplemental Table 7		A176	https://media.springernature.com/original/springer-static/esm/art%3A10.1038%2Fs41586-026-10982-x/MediaObjects/41586_2026_10982_MOESM9_ESM.xlsx
Nos2:Lgals9	Nos2	Lgals9	ENSMUSG00000020826.10	ENSMUSG00000001123.16	Mus musculus	GRCm39	GENCODE M28	False	False	True	False	15		unavailable_read_to_sample_mapping	unknown	unknown		supplementary_table_3;supplementary_table_4;gencode_M28	https://www.nature.com/articles/s41586-026-10982-x	short_read_only	False	ordered_gene_pair	not_audited_for_campaign	results/dataset_reconstruction/candidates.tsv	50a3dbce8e15446e75fc66e6656fed385fc923abb8a005919c04630afa305ac2	data/raw/41586_2026_10982_MOESM9_ESM.xlsx	6edb01e329d622100da30c47cd8eeaf7589a325d2ab94fb06f27c0f088a7f131	Supplemental Table 7		A177	https://media.springernature.com/original/springer-static/esm/art%3A10.1038%2Fs41586-026-10982-x/MediaObjects/41586_2026_10982_MOESM9_ESM.xlsx
Npc1:Slx4	Npc1	Slx4	ENSMUSG00000024413.15	ENSMUSG00000039738.17	Mus musculus	GRCm39	GENCODE M28	True	True	False	False	1		unavailable_read_to_sample_mapping	unknown	unknown		supplementary_table_3;supplementary_table_4;gencode_M28;supplementary_table_7;supplementary_table_8	https://www.nature.com/articles/s41586-026-10982-x	NanoString_only	True	ordered_gene_pair	not_audited_for_campaign	results/dataset_reconstruction/candidates.tsv	50a3dbce8e15446e75fc66e6656fed385fc923abb8a005919c04630afa305ac2	data/raw/41586_2026_10982_MOESM9_ESM.xlsx	6edb01e329d622100da30c47cd8eeaf7589a325d2ab94fb06f27c0f088a7f131	Supplemental Table 7	B41		https://media.springernature.com/original/springer-static/esm/art%3A10.1038%2Fs41586-026-10982-x/MediaObjects/41586_2026_10982_MOESM9_ESM.xlsx
Npc1:Ttc39c	Npc1	Ttc39c	ENSMUSG00000024413.15	ENSMUSG00000024424.16	Mus musculus	GRCm39	GENCODE M28	True	True	True	True	2		unavailable_read_to_sample_mapping	unknown	unknown		supplementary_table_3;supplementary_table_4;gencode_M28;supplementary_table_7;supplementary_table_8	https://www.nature.com/articles/s41586-026-10982-x	both	True	ordered_gene_pair	not_audited_for_campaign	results/dataset_reconstruction/candidates.tsv	50a3dbce8e15446e75fc66e6656fed385fc923abb8a005919c04630afa305ac2	data/raw/41586_2026_10982_MOESM9_ESM.xlsx	6edb01e329d622100da30c47cd8eeaf7589a325d2ab94fb06f27c0f088a7f131	Supplemental Table 7	B42	A178	https://media.springernature.com/original/springer-static/esm/art%3A10.1038%2Fs41586-026-10982-x/MediaObjects/41586_2026_10982_MOESM9_ESM.xlsx
Nsd1:Lman2	Nsd1	Lman2	ENSMUSG00000021488.9	ENSMUSG00000021484.9	Mus musculus	GRCm39	GENCODE M28	False	False	True	False	1		unavailable_read_to_sample_mapping	unknown	unknown		supplementary_table_3;supplementary_table_4;gencode_M28	https://www.nature.com/articles/s41586-026-10982-x	short_read_only	False	ordered_gene_pair	not_audited_for_campaign	results/dataset_reconstruction/candidates.tsv	50a3dbce8e15446e75fc66e6656fed385fc923abb8a005919c04630afa305ac2	data/raw/41586_2026_10982_MOESM9_ESM.xlsx	6edb01e329d622100da30c47cd8eeaf7589a325d2ab94fb06f27c0f088a7f131	Supplemental Table 7		A179	https://media.springernature.com/original/springer-static/esm/art%3A10.1038%2Fs41586-026-10982-x/MediaObjects/41586_2026_10982_MOESM9_ESM.xlsx
Nsdhl:Ahnak	Nsdhl	Ahnak	ENSMUSG00000031349.5	ENSMUSG00000069833.14	Mus musculus	GRCm39	GENCODE M28	True	True	False	False	1		unavailable_read_to_sample_mapping	unknown	unknown		supplementary_table_3;supplementary_table_4;gencode_M28;supplementary_table_7;supplementary_table_8	https://www.nature.com/articles/s41586-026-10982-x	NanoString_only	True	ordered_gene_pair	not_audited_for_campaign	results/dataset_reconstruction/candidates.tsv	50a3dbce8e15446e75fc66e6656fed385fc923abb8a005919c04630afa305ac2	data/raw/41586_2026_10982_MOESM9_ESM.xlsx	6edb01e329d622100da30c47cd8eeaf7589a325d2ab94fb06f27c0f088a7f131	Supplemental Table 7	B43		https://media.springernature.com/original/springer-static/esm/art%3A10.1038%2Fs41586-026-10982-x/MediaObjects/41586_2026_10982_MOESM9_ESM.xlsx
Oas2:Vmp1	Oas2	Vmp1	ENSMUSG00000032690.17	ENSMUSG00000018171.10	Mus musculus	GRCm39	GENCODE M28	False	False	True	False	2		unavailable_read_to_sample_mapping	unknown	unknown		supplementary_table_3;supplementary_table_4;gencode_M28	https://www.nature.com/articles/s41586-026-10982-x	short_read_only	False	ordered_gene_pair	not_audited_for_campaign	results/dataset_reconstruction/candidates.tsv	50a3dbce8e15446e75fc66e6656fed385fc923abb8a005919c04630afa305ac2	data/raw/41586_2026_10982_MOESM9_ESM.xlsx	6edb01e329d622100da30c47cd8eeaf7589a325d2ab94fb06f27c0f088a7f131	Supplemental Table 7		A180	https://media.springernature.com/original/springer-static/esm/art%3A10.1038%2Fs41586-026-10982-x/MediaObjects/41586_2026_10982_MOESM9_ESM.xlsx
Oas3:Trim34a	Oas3	Trim34a	ENSMUSG00000032661.10	ENSMUSG00000056144.15	Mus musculus	GRCm39	GENCODE M28	True	True	False	False	1		unavailable_read_to_sample_mapping	unknown	unknown		supplementary_table_3;supplementary_table_4;gencode_M28;supplementary_table_7;supplementary_table_8	https://www.nature.com/articles/s41586-026-10982-x	NanoString_only	True	ordered_gene_pair	not_audited_for_campaign	results/dataset_reconstruction/candidates.tsv	50a3dbce8e15446e75fc66e6656fed385fc923abb8a005919c04630afa305ac2	data/raw/41586_2026_10982_MOESM9_ESM.xlsx	6edb01e329d622100da30c47cd8eeaf7589a325d2ab94fb06f27c0f088a7f131	Supplemental Table 7	B44		https://media.springernature.com/original/springer-static/esm/art%3A10.1038%2Fs41586-026-10982-x/MediaObjects/41586_2026_10982_MOESM9_ESM.xlsx
Oasl2:Oas1g	Oasl2	Oas1g	ENSMUSG00000029561.18	ENSMUSG00000066861.15	Mus musculus	GRCm39	GENCODE M28	False	False	True	False	1		unavailable_read_to_sample_mapping	unknown	unknown		supplementary_table_3;supplementary_table_4;gencode_M28	https://www.nature.com/articles/s41586-026-10982-x	short_read_only	False	ordered_gene_pair	not_audited_for_campaign	results/dataset_reconstruction/candidates.tsv	50a3dbce8e15446e75fc66e6656fed385fc923abb8a005919c04630afa305ac2	data/raw/41586_2026_10982_MOESM9_ESM.xlsx	6edb01e329d622100da30c47cd8eeaf7589a325d2ab94fb06f27c0f088a7f131	Supplemental Table 7		A181	https://media.springernature.com/original/springer-static/esm/art%3A10.1038%2Fs41586-026-10982-x/MediaObjects/41586_2026_10982_MOESM9_ESM.xlsx
Osbpl8:Znhit6	Osbpl8	Znhit6	ENSMUSG00000020189.16	ENSMUSG00000074182.9	Mus musculus	GRCm39	GENCODE M28	True	True	False	False	1		unavailable_read_to_sample_mapping	unknown	unknown		supplementary_table_3;supplementary_table_4;gencode_M28;supplementary_table_7;supplementary_table_8	https://www.nature.com/articles/s41586-026-10982-x	NanoString_only	True	ordered_gene_pair	not_audited_for_campaign	results/dataset_reconstruction/candidates.tsv	50a3dbce8e15446e75fc66e6656fed385fc923abb8a005919c04630afa305ac2	data/raw/41586_2026_10982_MOESM9_ESM.xlsx	6edb01e329d622100da30c47cd8eeaf7589a325d2ab94fb06f27c0f088a7f131	Supplemental Table 7	B45		https://media.springernature.com/original/springer-static/esm/art%3A10.1038%2Fs41586-026-10982-x/MediaObjects/41586_2026_10982_MOESM9_ESM.xlsx
Pacc1:Atf3	Pacc1	Atf3	ENSMUSG00000026627.8	ENSMUSG00000026628.14	Mus musculus	GRCm39	GENCODE M28	True	True	False	False	1		unavailable_read_to_sample_mapping	unknown	unknown		supplementary_table_3;supplementary_table_4;gencode_M28;supplementary_table_7;supplementary_table_8	https://www.nature.com/articles/s41586-026-10982-x	NanoString_only	True	ordered_gene_pair	not_audited_for_campaign	results/dataset_reconstruction/candidates.tsv	50a3dbce8e15446e75fc66e6656fed385fc923abb8a005919c04630afa305ac2	data/raw/41586_2026_10982_MOESM9_ESM.xlsx	6edb01e329d622100da30c47cd8eeaf7589a325d2ab94fb06f27c0f088a7f131	Supplemental Table 7	B46		https://media.springernature.com/original/springer-static/esm/art%3A10.1038%2Fs41586-026-10982-x/MediaObjects/41586_2026_10982_MOESM9_ESM.xlsx
Parp11:Lyn	Parp11	Lyn	ENSMUSG00000037997.13	ENSMUSG00000042228.15	Mus musculus	GRCm39	GENCODE M28	True	True	False	False	1		unavailable_read_to_sample_mapping	unknown	unknown		supplementary_table_3;supplementary_table_4;gencode_M28;supplementary_table_7;supplementary_table_8	https://www.nature.com/articles/s41586-026-10982-x	NanoString_only	True	ordered_gene_pair	not_audited_for_campaign	results/dataset_reconstruction/candidates.tsv	50a3dbce8e15446e75fc66e6656fed385fc923abb8a005919c04630afa305ac2	data/raw/41586_2026_10982_MOESM9_ESM.xlsx	6edb01e329d622100da30c47cd8eeaf7589a325d2ab94fb06f27c0f088a7f131	Supplemental Table 7	B47		https://media.springernature.com/original/springer-static/esm/art%3A10.1038%2Fs41586-026-10982-x/MediaObjects/41586_2026_10982_MOESM9_ESM.xlsx
Pcbd2:Catsper3	Pcbd2	Catsper3	ENSMUSG00000021496.13	ENSMUSG00000021499.13	Mus musculus	GRCm39	GENCODE M28	False	False	True	False	4		unavailable_read_to_sample_mapping	unknown	unknown		supplementary_table_3;supplementary_table_4;gencode_M28	https://www.nature.com/articles/s41586-026-10982-x	short_read_only	False	ordered_gene_pair	not_audited_for_campaign	results/dataset_reconstruction/candidates.tsv	50a3dbce8e15446e75fc66e6656fed385fc923abb8a005919c04630afa305ac2	data/raw/41586_2026_10982_MOESM9_ESM.xlsx	6edb01e329d622100da30c47cd8eeaf7589a325d2ab94fb06f27c0f088a7f131	Supplemental Table 7		A182	https://media.springernature.com/original/springer-static/esm/art%3A10.1038%2Fs41586-026-10982-x/MediaObjects/41586_2026_10982_MOESM9_ESM.xlsx
Pced1a:Cpxm1	Pced1a	Cpxm1	ENSMUSG00000037773.15	ENSMUSG00000027408.8	Mus musculus	GRCm39	GENCODE M28	False	False	True	False	1		unavailable_read_to_sample_mapping	unknown	unknown		supplementary_table_3;supplementary_table_4;gencode_M28	https://www.nature.com/articles/s41586-026-10982-x	short_read_only	False	ordered_gene_pair	not_audited_for_campaign	results/dataset_reconstruction/candidates.tsv	50a3dbce8e15446e75fc66e6656fed385fc923abb8a005919c04630afa305ac2	data/raw/41586_2026_10982_MOESM9_ESM.xlsx	6edb01e329d622100da30c47cd8eeaf7589a325d2ab94fb06f27c0f088a7f131	Supplemental Table 7		A183	https://media.springernature.com/original/springer-static/esm/art%3A10.1038%2Fs41586-026-10982-x/MediaObjects/41586_2026_10982_MOESM9_ESM.xlsx
Pfkfb4:Anxa2	Pfkfb4	Anxa2	ENSMUSG00000025648.19	ENSMUSG00000032231.15	Mus musculus	GRCm39	GENCODE M28	True	True	False	False	1		unavailable_read_to_sample_mapping	unknown	unknown		supplementary_table_3;supplementary_table_4;gencode_M28;supplementary_table_7;supplementary_table_8	https://www.nature.com/articles/s41586-026-10982-x	NanoString_only	True	ordered_gene_pair	not_audited_for_campaign	results/dataset_reconstruction/candidates.tsv	50a3dbce8e15446e75fc66e6656fed385fc923abb8a005919c04630afa305ac2	data/raw/41586_2026_10982_MOESM9_ESM.xlsx	6edb01e329d622100da30c47cd8eeaf7589a325d2ab94fb06f27c0f088a7f131	Supplemental Table 7	B48		https://media.springernature.com/original/springer-static/esm/art%3A10.1038%2Fs41586-026-10982-x/MediaObjects/41586_2026_10982_MOESM9_ESM.xlsx
Pgap2:Rhog	Pgap2	Rhog	ENSMUSG00000030990.19	ENSMUSG00000073982.12	Mus musculus	GRCm39	GENCODE M28	True	False	True	False	1		unavailable_read_to_sample_mapping	unknown	unknown		supplementary_table_3;supplementary_table_4;gencode_M28;supplementary_table_7;supplementary_table_8	https://www.nature.com/articles/s41586-026-10982-x	short_read_only	False	ordered_gene_pair	not_audited_for_campaign	results/dataset_reconstruction/candidates.tsv	50a3dbce8e15446e75fc66e6656fed385fc923abb8a005919c04630afa305ac2	data/raw/41586_2026_10982_MOESM9_ESM.xlsx	6edb01e329d622100da30c47cd8eeaf7589a325d2ab94fb06f27c0f088a7f131	Supplemental Table 7		A184	https://media.springernature.com/original/springer-static/esm/art%3A10.1038%2Fs41586-026-10982-x/MediaObjects/41586_2026_10982_MOESM9_ESM.xlsx
Pias2:Ap3s1	Pias2	Ap3s1	ENSMUSG00000025423.17	ENSMUSG00000024480.10	Mus musculus	GRCm39	GENCODE M28	False	False	True	False	1		unavailable_read_to_sample_mapping	unknown	unknown		supplementary_table_3;supplementary_table_4;gencode_M28	https://www.nature.com/articles/s41586-026-10982-x	short_read_only	False	ordered_gene_pair	not_audited_for_campaign	results/dataset_reconstruction/candidates.tsv	50a3dbce8e15446e75fc66e6656fed385fc923abb8a005919c04630afa305ac2	data/raw/41586_2026_10982_MOESM9_ESM.xlsx	6edb01e329d622100da30c47cd8eeaf7589a325d2ab94fb06f27c0f088a7f131	Supplemental Table 7		A185	https://media.springernature.com/original/springer-static/esm/art%3A10.1038%2Fs41586-026-10982-x/MediaObjects/41586_2026_10982_MOESM9_ESM.xlsx
Pip5k1c:Gpnmb	Pip5k1c	Gpnmb	ENSMUSG00000034902.18	ENSMUSG00000029816.11	Mus musculus	GRCm39	GENCODE M28	False	False	True	False	1		unavailable_read_to_sample_mapping	unknown	unknown		supplementary_table_3;supplementary_table_4;gencode_M28	https://www.nature.com/articles/s41586-026-10982-x	short_read_only	False	ordered_gene_pair	not_audited_for_campaign	results/dataset_reconstruction/candidates.tsv	50a3dbce8e15446e75fc66e6656fed385fc923abb8a005919c04630afa305ac2	data/raw/41586_2026_10982_MOESM9_ESM.xlsx	6edb01e329d622100da30c47cd8eeaf7589a325d2ab94fb06f27c0f088a7f131	Supplemental Table 7		A186	https://media.springernature.com/original/springer-static/esm/art%3A10.1038%2Fs41586-026-10982-x/MediaObjects/41586_2026_10982_MOESM9_ESM.xlsx
Platr1:Klhl12	Platr1	Klhl12	ENSMUSG00000101061.2	ENSMUSG00000026455.15	Mus musculus	GRCm39	GENCODE M28	False	False	True	False	1		unavailable_read_to_sample_mapping	unknown	unknown		supplementary_table_3;supplementary_table_4;gencode_M28	https://www.nature.com/articles/s41586-026-10982-x	short_read_only	False	ordered_gene_pair	not_audited_for_campaign	results/dataset_reconstruction/candidates.tsv	50a3dbce8e15446e75fc66e6656fed385fc923abb8a005919c04630afa305ac2	data/raw/41586_2026_10982_MOESM9_ESM.xlsx	6edb01e329d622100da30c47cd8eeaf7589a325d2ab94fb06f27c0f088a7f131	Supplemental Table 7		A187	https://media.springernature.com/original/springer-static/esm/art%3A10.1038%2Fs41586-026-10982-x/MediaObjects/41586_2026_10982_MOESM9_ESM.xlsx
Plekhm2:4930455G09Rik	Plekhm2	4930455G09Rik	ENSMUSG00000028917.15	ENSMUSG00000085761.2	Mus musculus	GRCm39	GENCODE M28	True	False	True	False	2		unavailable_read_to_sample_mapping	unknown	unknown		supplementary_table_3;supplementary_table_4;gencode_M28;supplementary_table_7;supplementary_table_8	https://www.nature.com/articles/s41586-026-10982-x	short_read_only	False	ordered_gene_pair	not_audited_for_campaign	results/dataset_reconstruction/candidates.tsv	50a3dbce8e15446e75fc66e6656fed385fc923abb8a005919c04630afa305ac2	data/raw/41586_2026_10982_MOESM9_ESM.xlsx	6edb01e329d622100da30c47cd8eeaf7589a325d2ab94fb06f27c0f088a7f131	Supplemental Table 7		A188	https://media.springernature.com/original/springer-static/esm/art%3A10.1038%2Fs41586-026-10982-x/MediaObjects/41586_2026_10982_MOESM9_ESM.xlsx
Plekho1:Vps45	Plekho1	Vps45	ENSMUSG00000015745.10	ENSMUSG00000015747.6	Mus musculus	GRCm39	GENCODE M28	False	False	True	False	1		unavailable_read_to_sample_mapping	unknown	unknown		supplementary_table_3;supplementary_table_4;gencode_M28	https://www.nature.com/articles/s41586-026-10982-x	short_read_only	False	ordered_gene_pair	not_audited_for_campaign	results/dataset_reconstruction/candidates.tsv	50a3dbce8e15446e75fc66e6656fed385fc923abb8a005919c04630afa305ac2	data/raw/41586_2026_10982_MOESM9_ESM.xlsx	6edb01e329d622100da30c47cd8eeaf7589a325d2ab94fb06f27c0f088a7f131	Supplemental Table 7		A189	https://media.springernature.com/original/springer-static/esm/art%3A10.1038%2Fs41586-026-10982-x/MediaObjects/41586_2026_10982_MOESM9_ESM.xlsx
Pltp:Neurl2	Pltp	Neurl2	ENSMUSG00000017754.14	ENSMUSG00000039873.5	Mus musculus	GRCm39	GENCODE M28	False	False	True	False	80		unavailable_read_to_sample_mapping	unknown	unknown		supplementary_table_3;supplementary_table_4;gencode_M28	https://www.nature.com/articles/s41586-026-10982-x	short_read_only	False	ordered_gene_pair	not_audited_for_campaign	results/dataset_reconstruction/candidates.tsv	50a3dbce8e15446e75fc66e6656fed385fc923abb8a005919c04630afa305ac2	data/raw/41586_2026_10982_MOESM9_ESM.xlsx	6edb01e329d622100da30c47cd8eeaf7589a325d2ab94fb06f27c0f088a7f131	Supplemental Table 7		A190	https://media.springernature.com/original/springer-static/esm/art%3A10.1038%2Fs41586-026-10982-x/MediaObjects/41586_2026_10982_MOESM9_ESM.xlsx
Pnpla7:Myo1f	Pnpla7	Myo1f	ENSMUSG00000036833.17	ENSMUSG00000024300.18	Mus musculus	GRCm39	GENCODE M28	False	False	True	False	1		unavailable_read_to_sample_mapping	unknown	unknown		supplementary_table_3;supplementary_table_4;gencode_M28	https://www.nature.com/articles/s41586-026-10982-x	short_read_only	False	ordered_gene_pair	not_audited_for_campaign	results/dataset_reconstruction/candidates.tsv	50a3dbce8e15446e75fc66e6656fed385fc923abb8a005919c04630afa305ac2	data/raw/41586_2026_10982_MOESM9_ESM.xlsx	6edb01e329d622100da30c47cd8eeaf7589a325d2ab94fb06f27c0f088a7f131	Supplemental Table 7		A191	https://media.springernature.com/original/springer-static/esm/art%3A10.1038%2Fs41586-026-10982-x/MediaObjects/41586_2026_10982_MOESM9_ESM.xlsx
Polr1d:Fth1	Polr1d	Fth1	ENSMUSG00000029642.12	ENSMUSG00000024661.8	Mus musculus	GRCm39	GENCODE M28	False	False	True	False	1		unavailable_read_to_sample_mapping	unknown	unknown		supplementary_table_3;supplementary_table_4;gencode_M28	https://www.nature.com/articles/s41586-026-10982-x	short_read_only	False	ordered_gene_pair	not_audited_for_campaign	results/dataset_reconstruction/candidates.tsv	50a3dbce8e15446e75fc66e6656fed385fc923abb8a005919c04630afa305ac2	data/raw/41586_2026_10982_MOESM9_ESM.xlsx	6edb01e329d622100da30c47cd8eeaf7589a325d2ab94fb06f27c0f088a7f131	Supplemental Table 7		A192	https://media.springernature.com/original/springer-static/esm/art%3A10.1038%2Fs41586-026-10982-x/MediaObjects/41586_2026_10982_MOESM9_ESM.xlsx
Ppard:Mapk14	Ppard	Mapk14	ENSMUSG00000002250.17	ENSMUSG00000053436.16	Mus musculus	GRCm39	GENCODE M28	True	False	True	False	1		unavailable_read_to_sample_mapping	unknown	unknown		supplementary_table_3;supplementary_table_4;gencode_M28;supplementary_table_7;supplementary_table_8	https://www.nature.com/articles/s41586-026-10982-x	short_read_only	False	ordered_gene_pair	not_audited_for_campaign	results/dataset_reconstruction/candidates.tsv	50a3dbce8e15446e75fc66e6656fed385fc923abb8a005919c04630afa305ac2	data/raw/41586_2026_10982_MOESM9_ESM.xlsx	6edb01e329d622100da30c47cd8eeaf7589a325d2ab94fb06f27c0f088a7f131	Supplemental Table 7		A193	https://media.springernature.com/original/springer-static/esm/art%3A10.1038%2Fs41586-026-10982-x/MediaObjects/41586_2026_10982_MOESM9_ESM.xlsx
Pphln1:Phf20l1	Pphln1	Phf20l1	ENSMUSG00000036167.17	ENSMUSG00000072501.6	Mus musculus	GRCm39	GENCODE M28	True	True	False	False	1		unavailable_read_to_sample_mapping	unknown	unknown		supplementary_table_3;supplementary_table_4;gencode_M28;supplementary_table_7;supplementary_table_8	https://www.nature.com/articles/s41586-026-10982-x	NanoString_only	True	ordered_gene_pair	not_audited_for_campaign	results/dataset_reconstruction/candidates.tsv	50a3dbce8e15446e75fc66e6656fed385fc923abb8a005919c04630afa305ac2	data/raw/41586_2026_10982_MOESM9_ESM.xlsx	6edb01e329d622100da30c47cd8eeaf7589a325d2ab94fb06f27c0f088a7f131	Supplemental Table 7	B49		https://media.springernature.com/original/springer-static/esm/art%3A10.1038%2Fs41586-026-10982-x/MediaObjects/41586_2026_10982_MOESM9_ESM.xlsx
Ppp3ca:Ube2d3	Ppp3ca	Ube2d3	ENSMUSG00000028161.18	ENSMUSG00000078578.10	Mus musculus	GRCm39	GENCODE M28	False	False	True	False	1		unavailable_read_to_sample_mapping	unknown	unknown		supplementary_table_3;supplementary_table_4;gencode_M28	https://www.nature.com/articles/s41586-026-10982-x	short_read_only	False	ordered_gene_pair	not_audited_for_campaign	results/dataset_reconstruction/candidates.tsv	50a3dbce8e15446e75fc66e6656fed385fc923abb8a005919c04630afa305ac2	data/raw/41586_2026_10982_MOESM9_ESM.xlsx	6edb01e329d622100da30c47cd8eeaf7589a325d2ab94fb06f27c0f088a7f131	Supplemental Table 7		A194	https://media.springernature.com/original/springer-static/esm/art%3A10.1038%2Fs41586-026-10982-x/MediaObjects/41586_2026_10982_MOESM9_ESM.xlsx
Prr13:Pcbp2	Prr13	Pcbp2	ENSMUSG00000023048.14	ENSMUSG00000056851.15	Mus musculus	GRCm39	GENCODE M28	False	False	True	False	2		unavailable_read_to_sample_mapping	unknown	unknown		supplementary_table_3;supplementary_table_4;gencode_M28	https://www.nature.com/articles/s41586-026-10982-x	short_read_only	False	ordered_gene_pair	not_audited_for_campaign	results/dataset_reconstruction/candidates.tsv	50a3dbce8e15446e75fc66e6656fed385fc923abb8a005919c04630afa305ac2	data/raw/41586_2026_10982_MOESM9_ESM.xlsx	6edb01e329d622100da30c47cd8eeaf7589a325d2ab94fb06f27c0f088a7f131	Supplemental Table 7		A195	https://media.springernature.com/original/springer-static/esm/art%3A10.1038%2Fs41586-026-10982-x/MediaObjects/41586_2026_10982_MOESM9_ESM.xlsx
Psap:Hmox1	Psap	Hmox1	ENSMUSG00000004207.15	ENSMUSG00000005413.9	Mus musculus	GRCm39	GENCODE M28	False	False	True	False	2		unavailable_read_to_sample_mapping	unknown	unknown		supplementary_table_3;supplementary_table_4;gencode_M28	https://www.nature.com/articles/s41586-026-10982-x	short_read_only	False	ordered_gene_pair	not_audited_for_campaign	results/dataset_reconstruction/candidates.tsv	50a3dbce8e15446e75fc66e6656fed385fc923abb8a005919c04630afa305ac2	data/raw/41586_2026_10982_MOESM9_ESM.xlsx	6edb01e329d622100da30c47cd8eeaf7589a325d2ab94fb06f27c0f088a7f131	Supplemental Table 7		A196	https://media.springernature.com/original/springer-static/esm/art%3A10.1038%2Fs41586-026-10982-x/MediaObjects/41586_2026_10982_MOESM9_ESM.xlsx
Psap:Rtn4	Psap	Rtn4	ENSMUSG00000004207.15	ENSMUSG00000020458.17	Mus musculus	GRCm39	GENCODE M28	False	False	True	False	1		unavailable_read_to_sample_mapping	unknown	unknown		supplementary_table_3;supplementary_table_4;gencode_M28	https://www.nature.com/articles/s41586-026-10982-x	short_read_only	False	ordered_gene_pair	not_audited_for_campaign	results/dataset_reconstruction/candidates.tsv	50a3dbce8e15446e75fc66e6656fed385fc923abb8a005919c04630afa305ac2	data/raw/41586_2026_10982_MOESM9_ESM.xlsx	6edb01e329d622100da30c47cd8eeaf7589a325d2ab94fb06f27c0f088a7f131	Supplemental Table 7		A197	https://media.springernature.com/original/springer-static/esm/art%3A10.1038%2Fs41586-026-10982-x/MediaObjects/41586_2026_10982_MOESM9_ESM.xlsx
Psap:Tspan3	Psap	Tspan3	ENSMUSG00000004207.15	ENSMUSG00000032324.12	Mus musculus	GRCm39	GENCODE M28	True	True	False	False	1		unavailable_read_to_sample_mapping	unknown	unknown		supplementary_table_3;supplementary_table_4;gencode_M28;supplementary_table_7;supplementary_table_8	https://www.nature.com/articles/s41586-026-10982-x	NanoString_only	True	ordered_gene_pair	not_audited_for_campaign	results/dataset_reconstruction/candidates.tsv	50a3dbce8e15446e75fc66e6656fed385fc923abb8a005919c04630afa305ac2	data/raw/41586_2026_10982_MOESM9_ESM.xlsx	6edb01e329d622100da30c47cd8eeaf7589a325d2ab94fb06f27c0f088a7f131	Supplemental Table 7	B50		https://media.springernature.com/original/springer-static/esm/art%3A10.1038%2Fs41586-026-10982-x/MediaObjects/41586_2026_10982_MOESM9_ESM.xlsx
Psmb1:Nmt2	Psmb1	Nmt2	ENSMUSG00000014769.11	ENSMUSG00000026643.17	Mus musculus	GRCm39	GENCODE M28	True	True	False	False	1		unavailable_read_to_sample_mapping	unknown	unknown		supplementary_table_3;supplementary_table_4;gencode_M28;supplementary_table_7;supplementary_table_8	https://www.nature.com/articles/s41586-026-10982-x	NanoString_only	True	ordered_gene_pair	not_audited_for_campaign	results/dataset_reconstruction/candidates.tsv	50a3dbce8e15446e75fc66e6656fed385fc923abb8a005919c04630afa305ac2	data/raw/41586_2026_10982_MOESM9_ESM.xlsx	6edb01e329d622100da30c47cd8eeaf7589a325d2ab94fb06f27c0f088a7f131	Supplemental Table 7	B51		https://media.springernature.com/original/springer-static/esm/art%3A10.1038%2Fs41586-026-10982-x/MediaObjects/41586_2026_10982_MOESM9_ESM.xlsx
Psmc2:Pmpcb	Psmc2	Pmpcb	ENSMUSG00000028932.9	ENSMUSG00000029017.14	Mus musculus	GRCm39	GENCODE M28	True	True	False	False	1		unavailable_read_to_sample_mapping	unknown	unknown		supplementary_table_3;supplementary_table_4;gencode_M28;supplementary_table_7;supplementary_table_8	https://www.nature.com/articles/s41586-026-10982-x	NanoString_only	True	ordered_gene_pair	not_audited_for_campaign	results/dataset_reconstruction/candidates.tsv	50a3dbce8e15446e75fc66e6656fed385fc923abb8a005919c04630afa305ac2	data/raw/41586_2026_10982_MOESM9_ESM.xlsx	6edb01e329d622100da30c47cd8eeaf7589a325d2ab94fb06f27c0f088a7f131	Supplemental Table 7	B52		https://media.springernature.com/original/springer-static/esm/art%3A10.1038%2Fs41586-026-10982-x/MediaObjects/41586_2026_10982_MOESM9_ESM.xlsx
Psme2:Psme1	Psme2	Psme1	ENSMUSG00000079197.11	ENSMUSG00000022216.18	Mus musculus	GRCm39	GENCODE M28	False	False	True	False	2		unavailable_read_to_sample_mapping	unknown	unknown		supplementary_table_3;supplementary_table_4;gencode_M28	https://www.nature.com/articles/s41586-026-10982-x	short_read_only	False	ordered_gene_pair	not_audited_for_campaign	results/dataset_reconstruction/candidates.tsv	50a3dbce8e15446e75fc66e6656fed385fc923abb8a005919c04630afa305ac2	data/raw/41586_2026_10982_MOESM9_ESM.xlsx	6edb01e329d622100da30c47cd8eeaf7589a325d2ab94fb06f27c0f088a7f131	Supplemental Table 7		A198	https://media.springernature.com/original/springer-static/esm/art%3A10.1038%2Fs41586-026-10982-x/MediaObjects/41586_2026_10982_MOESM9_ESM.xlsx
Psme2:Slc11a1	Psme2	Slc11a1	ENSMUSG00000079197.11	ENSMUSG00000026177.12	Mus musculus	GRCm39	GENCODE M28	False	False	True	False	1		unavailable_read_to_sample_mapping	unknown	unknown		supplementary_table_3;supplementary_table_4;gencode_M28	https://www.nature.com/articles/s41586-026-10982-x	short_read_only	False	ordered_gene_pair	not_audited_for_campaign	results/dataset_reconstruction/candidates.tsv	50a3dbce8e15446e75fc66e6656fed385fc923abb8a005919c04630afa305ac2	data/raw/41586_2026_10982_MOESM9_ESM.xlsx	6edb01e329d622100da30c47cd8eeaf7589a325d2ab94fb06f27c0f088a7f131	Supplemental Table 7		A199	https://media.springernature.com/original/springer-static/esm/art%3A10.1038%2Fs41586-026-10982-x/MediaObjects/41586_2026_10982_MOESM9_ESM.xlsx
Pstpip1:Lix1l	Pstpip1	Lix1l	ENSMUSG00000032322.15	ENSMUSG00000049288.5	Mus musculus	GRCm39	GENCODE M28	True	True	False	False	1		unavailable_read_to_sample_mapping	unknown	unknown		supplementary_table_3;supplementary_table_4;gencode_M28;supplementary_table_7;supplementary_table_8	https://www.nature.com/articles/s41586-026-10982-x	NanoString_only	True	ordered_gene_pair	not_audited_for_campaign	results/dataset_reconstruction/candidates.tsv	50a3dbce8e15446e75fc66e6656fed385fc923abb8a005919c04630afa305ac2	data/raw/41586_2026_10982_MOESM9_ESM.xlsx	6edb01e329d622100da30c47cd8eeaf7589a325d2ab94fb06f27c0f088a7f131	Supplemental Table 7	B53		https://media.springernature.com/original/springer-static/esm/art%3A10.1038%2Fs41586-026-10982-x/MediaObjects/41586_2026_10982_MOESM9_ESM.xlsx
Ptchd1:Prdx4	Ptchd1	Prdx4	ENSMUSG00000041552.8	ENSMUSG00000025289.16	Mus musculus	GRCm39	GENCODE M28	False	False	True	False	2		unavailable_read_to_sample_mapping	unknown	unknown		supplementary_table_3;supplementary_table_4;gencode_M28	https://www.nature.com/articles/s41586-026-10982-x	short_read_only	False	ordered_gene_pair	not_audited_for_campaign	results/dataset_reconstruction/candidates.tsv	50a3dbce8e15446e75fc66e6656fed385fc923abb8a005919c04630afa305ac2	data/raw/41586_2026_10982_MOESM9_ESM.xlsx	6edb01e329d622100da30c47cd8eeaf7589a325d2ab94fb06f27c0f088a7f131	Supplemental Table 7		A200	https://media.springernature.com/original/springer-static/esm/art%3A10.1038%2Fs41586-026-10982-x/MediaObjects/41586_2026_10982_MOESM9_ESM.xlsx
Ptprc:Degs1	Ptprc	Degs1	ENSMUSG00000026395.17	ENSMUSG00000038633.6	Mus musculus	GRCm39	GENCODE M28	False	False	True	False	1		unavailable_read_to_sample_mapping	unknown	unknown		supplementary_table_3;supplementary_table_4;gencode_M28	https://www.nature.com/articles/s41586-026-10982-x	short_read_only	False	ordered_gene_pair	not_audited_for_campaign	results/dataset_reconstruction/candidates.tsv	50a3dbce8e15446e75fc66e6656fed385fc923abb8a005919c04630afa305ac2	data/raw/41586_2026_10982_MOESM9_ESM.xlsx	6edb01e329d622100da30c47cd8eeaf7589a325d2ab94fb06f27c0f088a7f131	Supplemental Table 7		A201	https://media.springernature.com/original/springer-static/esm/art%3A10.1038%2Fs41586-026-10982-x/MediaObjects/41586_2026_10982_MOESM9_ESM.xlsx
Rab11fip5:Sfxn5	Rab11fip5	Sfxn5	ENSMUSG00000051343.12	ENSMUSG00000033720.13	Mus musculus	GRCm39	GENCODE M28	False	False	True	False	3		unavailable_read_to_sample_mapping	unknown	unknown		supplementary_table_3;supplementary_table_4;gencode_M28	https://www.nature.com/articles/s41586-026-10982-x	short_read_only	False	ordered_gene_pair	not_audited_for_campaign	results/dataset_reconstruction/candidates.tsv	50a3dbce8e15446e75fc66e6656fed385fc923abb8a005919c04630afa305ac2	data/raw/41586_2026_10982_MOESM9_ESM.xlsx	6edb01e329d622100da30c47cd8eeaf7589a325d2ab94fb06f27c0f088a7f131	Supplemental Table 7		A202	https://media.springernature.com/original/springer-static/esm/art%3A10.1038%2Fs41586-026-10982-x/MediaObjects/41586_2026_10982_MOESM9_ESM.xlsx
Rab4b:Egln2	Rab4b	Egln2	ENSMUSG00000053291.16	ENSMUSG00000058709.12	Mus musculus	GRCm39	GENCODE M28	False	False	True	False	1		unavailable_read_to_sample_mapping	unknown	unknown		supplementary_table_3;supplementary_table_4;gencode_M28	https://www.nature.com/articles/s41586-026-10982-x	short_read_only	False	ordered_gene_pair	not_audited_for_campaign	results/dataset_reconstruction/candidates.tsv	50a3dbce8e15446e75fc66e6656fed385fc923abb8a005919c04630afa305ac2	data/raw/41586_2026_10982_MOESM9_ESM.xlsx	6edb01e329d622100da30c47cd8eeaf7589a325d2ab94fb06f27c0f088a7f131	Supplemental Table 7		A203	https://media.springernature.com/original/springer-static/esm/art%3A10.1038%2Fs41586-026-10982-x/MediaObjects/41586_2026_10982_MOESM9_ESM.xlsx
Rab8b:Sdcbp	Rab8b	Sdcbp	ENSMUSG00000036943.10	ENSMUSG00000028249.16	Mus musculus	GRCm39	GENCODE M28	False	False	True	False	1		unavailable_read_to_sample_mapping	unknown	unknown		supplementary_table_3;supplementary_table_4;gencode_M28	https://www.nature.com/articles/s41586-026-10982-x	short_read_only	False	ordered_gene_pair	not_audited_for_campaign	results/dataset_reconstruction/candidates.tsv	50a3dbce8e15446e75fc66e6656fed385fc923abb8a005919c04630afa305ac2	data/raw/41586_2026_10982_MOESM9_ESM.xlsx	6edb01e329d622100da30c47cd8eeaf7589a325d2ab94fb06f27c0f088a7f131	Supplemental Table 7		A204	https://media.springernature.com/original/springer-static/esm/art%3A10.1038%2Fs41586-026-10982-x/MediaObjects/41586_2026_10982_MOESM9_ESM.xlsx
Rab8b:Ythdf3	Rab8b	Ythdf3	ENSMUSG00000036943.10	ENSMUSG00000047213.15	Mus musculus	GRCm39	GENCODE M28	True	True	False	False	1		unavailable_read_to_sample_mapping	unknown	unknown		supplementary_table_3;supplementary_table_4;gencode_M28;supplementary_table_7;supplementary_table_8	https://www.nature.com/articles/s41586-026-10982-x	NanoString_only	True	ordered_gene_pair	not_audited_for_campaign	results/dataset_reconstruction/candidates.tsv	50a3dbce8e15446e75fc66e6656fed385fc923abb8a005919c04630afa305ac2	data/raw/41586_2026_10982_MOESM9_ESM.xlsx	6edb01e329d622100da30c47cd8eeaf7589a325d2ab94fb06f27c0f088a7f131	Supplemental Table 7	B54		https://media.springernature.com/original/springer-static/esm/art%3A10.1038%2Fs41586-026-10982-x/MediaObjects/41586_2026_10982_MOESM9_ESM.xlsx
Rac1:Reep5	Rac1	Reep5	ENSMUSG00000001847.15	ENSMUSG00000005873.7	Mus musculus	GRCm39	GENCODE M28	True	True	False	False	1		unavailable_read_to_sample_mapping	unknown	unknown		supplementary_table_3;supplementary_table_4;gencode_M28;supplementary_table_7;supplementary_table_8	https://www.nature.com/articles/s41586-026-10982-x	NanoString_only	True	ordered_gene_pair	not_audited_for_campaign	results/dataset_reconstruction/candidates.tsv	50a3dbce8e15446e75fc66e6656fed385fc923abb8a005919c04630afa305ac2	data/raw/41586_2026_10982_MOESM9_ESM.xlsx	6edb01e329d622100da30c47cd8eeaf7589a325d2ab94fb06f27c0f088a7f131	Supplemental Table 7	B55		https://media.springernature.com/original/springer-static/esm/art%3A10.1038%2Fs41586-026-10982-x/MediaObjects/41586_2026_10982_MOESM9_ESM.xlsx
Rad21:Eif3h	Rad21	Eif3h	ENSMUSG00000022314.11	ENSMUSG00000022312.12	Mus musculus	GRCm39	GENCODE M28	False	False	True	False	1		unavailable_read_to_sample_mapping	unknown	unknown		supplementary_table_3;supplementary_table_4;gencode_M28	https://www.nature.com/articles/s41586-026-10982-x	short_read_only	False	ordered_gene_pair	not_audited_for_campaign	results/dataset_reconstruction/candidates.tsv	50a3dbce8e15446e75fc66e6656fed385fc923abb8a005919c04630afa305ac2	data/raw/41586_2026_10982_MOESM9_ESM.xlsx	6edb01e329d622100da30c47cd8eeaf7589a325d2ab94fb06f27c0f088a7f131	Supplemental Table 7		A205	https://media.springernature.com/original/springer-static/esm/art%3A10.1038%2Fs41586-026-10982-x/MediaObjects/41586_2026_10982_MOESM9_ESM.xlsx
Raly:Chmp4b	Raly	Chmp4b	ENSMUSG00000027593.16	ENSMUSG00000038467.16	Mus musculus	GRCm39	GENCODE M28	False	False	True	False	1		unavailable_read_to_sample_mapping	unknown	unknown		supplementary_table_3;supplementary_table_4;gencode_M28	https://www.nature.com/articles/s41586-026-10982-x	short_read_only	False	ordered_gene_pair	not_audited_for_campaign	results/dataset_reconstruction/candidates.tsv	50a3dbce8e15446e75fc66e6656fed385fc923abb8a005919c04630afa305ac2	data/raw/41586_2026_10982_MOESM9_ESM.xlsx	6edb01e329d622100da30c47cd8eeaf7589a325d2ab94fb06f27c0f088a7f131	Supplemental Table 7		A206	https://media.springernature.com/original/springer-static/esm/art%3A10.1038%2Fs41586-026-10982-x/MediaObjects/41586_2026_10982_MOESM9_ESM.xlsx
Rasa4:Dtx2	Rasa4	Dtx2	ENSMUSG00000004952.14	ENSMUSG00000004947.16	Mus musculus	GRCm39	GENCODE M28	False	False	True	False	1		unavailable_read_to_sample_mapping	unknown	unknown		supplementary_table_3;supplementary_table_4;gencode_M28	https://www.nature.com/articles/s41586-026-10982-x	short_read_only	False	ordered_gene_pair	not_audited_for_campaign	results/dataset_reconstruction/candidates.tsv	50a3dbce8e15446e75fc66e6656fed385fc923abb8a005919c04630afa305ac2	data/raw/41586_2026_10982_MOESM9_ESM.xlsx	6edb01e329d622100da30c47cd8eeaf7589a325d2ab94fb06f27c0f088a7f131	Supplemental Table 7		A207	https://media.springernature.com/original/springer-static/esm/art%3A10.1038%2Fs41586-026-10982-x/MediaObjects/41586_2026_10982_MOESM9_ESM.xlsx
Rb1:Itm2b	Rb1	Itm2b	ENSMUSG00000022105.7	ENSMUSG00000022108.9	Mus musculus	GRCm39	GENCODE M28	True	True	True	True	3		unavailable_read_to_sample_mapping	unknown	unknown		supplementary_table_3;supplementary_table_4;gencode_M28;supplementary_table_7;supplementary_table_8	https://www.nature.com/articles/s41586-026-10982-x	both	True	ordered_gene_pair	not_audited_for_campaign	results/dataset_reconstruction/candidates.tsv	50a3dbce8e15446e75fc66e6656fed385fc923abb8a005919c04630afa305ac2	data/raw/41586_2026_10982_MOESM9_ESM.xlsx	6edb01e329d622100da30c47cd8eeaf7589a325d2ab94fb06f27c0f088a7f131	Supplemental Table 7	B56	A208	https://media.springernature.com/original/springer-static/esm/art%3A10.1038%2Fs41586-026-10982-x/MediaObjects/41586_2026_10982_MOESM9_ESM.xlsx
Rcbtb2:Itm2b	Rcbtb2	Itm2b	ENSMUSG00000022106.15	ENSMUSG00000022108.9	Mus musculus	GRCm39	GENCODE M28	True	False	True	False	1		unavailable_read_to_sample_mapping	unknown	unknown		supplementary_table_3;supplementary_table_4;gencode_M28;supplementary_table_7;supplementary_table_8	https://www.nature.com/articles/s41586-026-10982-x	short_read_only	False	ordered_gene_pair	not_audited_for_campaign	results/dataset_reconstruction/candidates.tsv	50a3dbce8e15446e75fc66e6656fed385fc923abb8a005919c04630afa305ac2	data/raw/41586_2026_10982_MOESM9_ESM.xlsx	6edb01e329d622100da30c47cd8eeaf7589a325d2ab94fb06f27c0f088a7f131	Supplemental Table 7		A209	https://media.springernature.com/original/springer-static/esm/art%3A10.1038%2Fs41586-026-10982-x/MediaObjects/41586_2026_10982_MOESM9_ESM.xlsx
Reep5:Ctnnbl1	Reep5	Ctnnbl1	ENSMUSG00000005873.7	ENSMUSG00000027649.16	Mus musculus	GRCm39	GENCODE M28	True	True	False	False	1		unavailable_read_to_sample_mapping	unknown	unknown		supplementary_table_3;supplementary_table_4;gencode_M28;supplementary_table_7;supplementary_table_8	https://www.nature.com/articles/s41586-026-10982-x	NanoString_only	True	ordered_gene_pair	not_audited_for_campaign	results/dataset_reconstruction/candidates.tsv	50a3dbce8e15446e75fc66e6656fed385fc923abb8a005919c04630afa305ac2	data/raw/41586_2026_10982_MOESM9_ESM.xlsx	6edb01e329d622100da30c47cd8eeaf7589a325d2ab94fb06f27c0f088a7f131	Supplemental Table 7	B57		https://media.springernature.com/original/springer-static/esm/art%3A10.1038%2Fs41586-026-10982-x/MediaObjects/41586_2026_10982_MOESM9_ESM.xlsx
Rftn1:Plcl2	Rftn1	Plcl2	ENSMUSG00000039316.15	ENSMUSG00000038910.8	Mus musculus	GRCm39	GENCODE M28	False	False	True	False	1		unavailable_read_to_sample_mapping	unknown	unknown		supplementary_table_3;supplementary_table_4;gencode_M28	https://www.nature.com/articles/s41586-026-10982-x	short_read_only	False	ordered_gene_pair	not_audited_for_campaign	results/dataset_reconstruction/candidates.tsv	50a3dbce8e15446e75fc66e6656fed385fc923abb8a005919c04630afa305ac2	data/raw/41586_2026_10982_MOESM9_ESM.xlsx	6edb01e329d622100da30c47cd8eeaf7589a325d2ab94fb06f27c0f088a7f131	Supplemental Table 7		A210	https://media.springernature.com/original/springer-static/esm/art%3A10.1038%2Fs41586-026-10982-x/MediaObjects/41586_2026_10982_MOESM9_ESM.xlsx
Rftn1:Tgif1	Rftn1	Tgif1	ENSMUSG00000039316.15	ENSMUSG00000047407.18	Mus musculus	GRCm39	GENCODE M28	True	True	False	False	1		unavailable_read_to_sample_mapping	unknown	unknown		supplementary_table_3;supplementary_table_4;gencode_M28;supplementary_table_7;supplementary_table_8	https://www.nature.com/articles/s41586-026-10982-x	NanoString_only	True	ordered_gene_pair	not_audited_for_campaign	results/dataset_reconstruction/candidates.tsv	50a3dbce8e15446e75fc66e6656fed385fc923abb8a005919c04630afa305ac2	data/raw/41586_2026_10982_MOESM9_ESM.xlsx	6edb01e329d622100da30c47cd8eeaf7589a325d2ab94fb06f27c0f088a7f131	Supplemental Table 7	B58		https://media.springernature.com/original/springer-static/esm/art%3A10.1038%2Fs41586-026-10982-x/MediaObjects/41586_2026_10982_MOESM9_ESM.xlsx
Riok3:Npc1	Riok3	Npc1	ENSMUSG00000024404.8	ENSMUSG00000024413.15	Mus musculus	GRCm39	GENCODE M28	False	False	True	False	1		unavailable_read_to_sample_mapping	unknown	unknown		supplementary_table_3;supplementary_table_4;gencode_M28	https://www.nature.com/articles/s41586-026-10982-x	short_read_only	False	ordered_gene_pair	not_audited_for_campaign	results/dataset_reconstruction/candidates.tsv	50a3dbce8e15446e75fc66e6656fed385fc923abb8a005919c04630afa305ac2	data/raw/41586_2026_10982_MOESM9_ESM.xlsx	6edb01e329d622100da30c47cd8eeaf7589a325d2ab94fb06f27c0f088a7f131	Supplemental Table 7		A211	https://media.springernature.com/original/springer-static/esm/art%3A10.1038%2Fs41586-026-10982-x/MediaObjects/41586_2026_10982_MOESM9_ESM.xlsx
Rmnd5a:Chmp3	Rmnd5a	Chmp3	ENSMUSG00000002222.15	ENSMUSG00000053119.12	Mus musculus	GRCm39	GENCODE M28	False	False	True	False	1		unavailable_read_to_sample_mapping	unknown	unknown		supplementary_table_3;supplementary_table_4;gencode_M28	https://www.nature.com/articles/s41586-026-10982-x	short_read_only	False	ordered_gene_pair	not_audited_for_campaign	results/dataset_reconstruction/candidates.tsv	50a3dbce8e15446e75fc66e6656fed385fc923abb8a005919c04630afa305ac2	data/raw/41586_2026_10982_MOESM9_ESM.xlsx	6edb01e329d622100da30c47cd8eeaf7589a325d2ab94fb06f27c0f088a7f131	Supplemental Table 7		A212	https://media.springernature.com/original/springer-static/esm/art%3A10.1038%2Fs41586-026-10982-x/MediaObjects/41586_2026_10982_MOESM9_ESM.xlsx
Rnf139:Ndufb9	Rnf139	Ndufb9	ENSMUSG00000037075.8	ENSMUSG00000022354.5	Mus musculus	GRCm39	GENCODE M28	False	False	True	False	1		unavailable_read_to_sample_mapping	unknown	unknown		supplementary_table_3;supplementary_table_4;gencode_M28	https://www.nature.com/articles/s41586-026-10982-x	short_read_only	False	ordered_gene_pair	not_audited_for_campaign	results/dataset_reconstruction/candidates.tsv	50a3dbce8e15446e75fc66e6656fed385fc923abb8a005919c04630afa305ac2	data/raw/41586_2026_10982_MOESM9_ESM.xlsx	6edb01e329d622100da30c47cd8eeaf7589a325d2ab94fb06f27c0f088a7f131	Supplemental Table 7		A213	https://media.springernature.com/original/springer-static/esm/art%3A10.1038%2Fs41586-026-10982-x/MediaObjects/41586_2026_10982_MOESM9_ESM.xlsx
Rnf150:Tbc1d9	Rnf150	Tbc1d9	ENSMUSG00000047747.11	ENSMUSG00000031709.16	Mus musculus	GRCm39	GENCODE M28	False	False	True	False	1		unavailable_read_to_sample_mapping	unknown	unknown		supplementary_table_3;supplementary_table_4;gencode_M28	https://www.nature.com/articles/s41586-026-10982-x	short_read_only	False	ordered_gene_pair	not_audited_for_campaign	results/dataset_reconstruction/candidates.tsv	50a3dbce8e15446e75fc66e6656fed385fc923abb8a005919c04630afa305ac2	data/raw/41586_2026_10982_MOESM9_ESM.xlsx	6edb01e329d622100da30c47cd8eeaf7589a325d2ab94fb06f27c0f088a7f131	Supplemental Table 7		A214	https://media.springernature.com/original/springer-static/esm/art%3A10.1038%2Fs41586-026-10982-x/MediaObjects/41586_2026_10982_MOESM9_ESM.xlsx
Rnf4:Fam193a	Rnf4	Fam193a	ENSMUSG00000029110.14	ENSMUSG00000037210.17	Mus musculus	GRCm39	GENCODE M28	False	False	True	False	1		unavailable_read_to_sample_mapping	unknown	unknown		supplementary_table_3;supplementary_table_4;gencode_M28	https://www.nature.com/articles/s41586-026-10982-x	short_read_only	False	ordered_gene_pair	not_audited_for_campaign	results/dataset_reconstruction/candidates.tsv	50a3dbce8e15446e75fc66e6656fed385fc923abb8a005919c04630afa305ac2	data/raw/41586_2026_10982_MOESM9_ESM.xlsx	6edb01e329d622100da30c47cd8eeaf7589a325d2ab94fb06f27c0f088a7f131	Supplemental Table 7		A215	https://media.springernature.com/original/springer-static/esm/art%3A10.1038%2Fs41586-026-10982-x/MediaObjects/41586_2026_10982_MOESM9_ESM.xlsx
Rprd1a:Mocos	Rprd1a	Mocos	ENSMUSG00000040446.5	ENSMUSG00000039616.11	Mus musculus	GRCm39	GENCODE M28	False	False	True	False	2		unavailable_read_to_sample_mapping	unknown	unknown		supplementary_table_3;supplementary_table_4;gencode_M28	https://www.nature.com/articles/s41586-026-10982-x	short_read_only	False	ordered_gene_pair	not_audited_for_campaign	results/dataset_reconstruction/candidates.tsv	50a3dbce8e15446e75fc66e6656fed385fc923abb8a005919c04630afa305ac2	data/raw/41586_2026_10982_MOESM9_ESM.xlsx	6edb01e329d622100da30c47cd8eeaf7589a325d2ab94fb06f27c0f088a7f131	Supplemental Table 7		A216	https://media.springernature.com/original/springer-static/esm/art%3A10.1038%2Fs41586-026-10982-x/MediaObjects/41586_2026_10982_MOESM9_ESM.xlsx
Rps14:Apoe	Rps14	Apoe	ENSMUSG00000024608.12	ENSMUSG00000002985.17	Mus musculus	GRCm39	GENCODE M28	False	False	True	False	1		unavailable_read_to_sample_mapping	unknown	unknown		supplementary_table_3;supplementary_table_4;gencode_M28	https://www.nature.com/articles/s41586-026-10982-x	short_read_only	False	ordered_gene_pair	not_audited_for_campaign	results/dataset_reconstruction/candidates.tsv	50a3dbce8e15446e75fc66e6656fed385fc923abb8a005919c04630afa305ac2	data/raw/41586_2026_10982_MOESM9_ESM.xlsx	6edb01e329d622100da30c47cd8eeaf7589a325d2ab94fb06f27c0f088a7f131	Supplemental Table 7		A217	https://media.springernature.com/original/springer-static/esm/art%3A10.1038%2Fs41586-026-10982-x/MediaObjects/41586_2026_10982_MOESM9_ESM.xlsx
Rps2:Saa3	Rps2	Saa3	ENSMUSG00000044533.16	ENSMUSG00000040026.9	Mus musculus	GRCm39	GENCODE M28	False	False	True	False	1		unavailable_read_to_sample_mapping	unknown	unknown		supplementary_table_3;supplementary_table_4;gencode_M28	https://www.nature.com/articles/s41586-026-10982-x	short_read_only	False	ordered_gene_pair	not_audited_for_campaign	results/dataset_reconstruction/candidates.tsv	50a3dbce8e15446e75fc66e6656fed385fc923abb8a005919c04630afa305ac2	data/raw/41586_2026_10982_MOESM9_ESM.xlsx	6edb01e329d622100da30c47cd8eeaf7589a325d2ab94fb06f27c0f088a7f131	Supplemental Table 7		A218	https://media.springernature.com/original/springer-static/esm/art%3A10.1038%2Fs41586-026-10982-x/MediaObjects/41586_2026_10982_MOESM9_ESM.xlsx
Rps3a1:Gpnmb	Rps3a1	Gpnmb	ENSMUSG00000028081.7	ENSMUSG00000029816.11	Mus musculus	GRCm39	GENCODE M28	False	False	True	False	1		unavailable_read_to_sample_mapping	unknown	unknown		supplementary_table_3;supplementary_table_4;gencode_M28	https://www.nature.com/articles/s41586-026-10982-x	short_read_only	False	ordered_gene_pair	not_audited_for_campaign	results/dataset_reconstruction/candidates.tsv	50a3dbce8e15446e75fc66e6656fed385fc923abb8a005919c04630afa305ac2	data/raw/41586_2026_10982_MOESM9_ESM.xlsx	6edb01e329d622100da30c47cd8eeaf7589a325d2ab94fb06f27c0f088a7f131	Supplemental Table 7		A219	https://media.springernature.com/original/springer-static/esm/art%3A10.1038%2Fs41586-026-10982-x/MediaObjects/41586_2026_10982_MOESM9_ESM.xlsx
Rrbp1:Dstn	Rrbp1	Dstn	ENSMUSG00000027422.16	ENSMUSG00000015932.9	Mus musculus	GRCm39	GENCODE M28	False	False	True	False	1		unavailable_read_to_sample_mapping	unknown	unknown		supplementary_table_3;supplementary_table_4;gencode_M28	https://www.nature.com/articles/s41586-026-10982-x	short_read_only	False	ordered_gene_pair	not_audited_for_campaign	results/dataset_reconstruction/candidates.tsv	50a3dbce8e15446e75fc66e6656fed385fc923abb8a005919c04630afa305ac2	data/raw/41586_2026_10982_MOESM9_ESM.xlsx	6edb01e329d622100da30c47cd8eeaf7589a325d2ab94fb06f27c0f088a7f131	Supplemental Table 7		A220	https://media.springernature.com/original/springer-static/esm/art%3A10.1038%2Fs41586-026-10982-x/MediaObjects/41586_2026_10982_MOESM9_ESM.xlsx
Rsu1:Mllt10	Rsu1	Mllt10	ENSMUSG00000026727.11	ENSMUSG00000026743.17	Mus musculus	GRCm39	GENCODE M28	True	True	False	False	1		unavailable_read_to_sample_mapping	unknown	unknown		supplementary_table_3;supplementary_table_4;gencode_M28;supplementary_table_7;supplementary_table_8	https://www.nature.com/articles/s41586-026-10982-x	NanoString_only	True	ordered_gene_pair	not_audited_for_campaign	results/dataset_reconstruction/candidates.tsv	50a3dbce8e15446e75fc66e6656fed385fc923abb8a005919c04630afa305ac2	data/raw/41586_2026_10982_MOESM9_ESM.xlsx	6edb01e329d622100da30c47cd8eeaf7589a325d2ab94fb06f27c0f088a7f131	Supplemental Table 7	B59		https://media.springernature.com/original/springer-static/esm/art%3A10.1038%2Fs41586-026-10982-x/MediaObjects/41586_2026_10982_MOESM9_ESM.xlsx
Rtf1:Rmdn3	Rtf1	Rmdn3	ENSMUSG00000027304.10	ENSMUSG00000070730.12	Mus musculus	GRCm39	GENCODE M28	True	True	False	False	1		unavailable_read_to_sample_mapping	unknown	unknown		supplementary_table_3;supplementary_table_4;gencode_M28;supplementary_table_7;supplementary_table_8	https://www.nature.com/articles/s41586-026-10982-x	NanoString_only	True	ordered_gene_pair	not_audited_for_campaign	results/dataset_reconstruction/candidates.tsv	50a3dbce8e15446e75fc66e6656fed385fc923abb8a005919c04630afa305ac2	data/raw/41586_2026_10982_MOESM9_ESM.xlsx	6edb01e329d622100da30c47cd8eeaf7589a325d2ab94fb06f27c0f088a7f131	Supplemental Table 7	B60		https://media.springernature.com/original/springer-static/esm/art%3A10.1038%2Fs41586-026-10982-x/MediaObjects/41586_2026_10982_MOESM9_ESM.xlsx
Rtraf:Psmb2	Rtraf	Psmb2	ENSMUSG00000021807.7	ENSMUSG00000028837.9	Mus musculus	GRCm39	GENCODE M28	True	True	False	False	1		unavailable_read_to_sample_mapping	unknown	unknown		supplementary_table_3;supplementary_table_4;gencode_M28;supplementary_table_7;supplementary_table_8	https://www.nature.com/articles/s41586-026-10982-x	NanoString_only	True	ordered_gene_pair	not_audited_for_campaign	results/dataset_reconstruction/candidates.tsv	50a3dbce8e15446e75fc66e6656fed385fc923abb8a005919c04630afa305ac2	data/raw/41586_2026_10982_MOESM9_ESM.xlsx	6edb01e329d622100da30c47cd8eeaf7589a325d2ab94fb06f27c0f088a7f131	Supplemental Table 7	B61		https://media.springernature.com/original/springer-static/esm/art%3A10.1038%2Fs41586-026-10982-x/MediaObjects/41586_2026_10982_MOESM9_ESM.xlsx
Runx1:Ubac2	Runx1	Ubac2	ENSMUSG00000022952.18	ENSMUSG00000041765.7	Mus musculus	GRCm39	GENCODE M28	True	True	False	False	1		unavailable_read_to_sample_mapping	unknown	unknown		supplementary_table_3;supplementary_table_4;gencode_M28;supplementary_table_7;supplementary_table_8	https://www.nature.com/articles/s41586-026-10982-x	NanoString_only	True	ordered_gene_pair	not_audited_for_campaign	results/dataset_reconstruction/candidates.tsv	50a3dbce8e15446e75fc66e6656fed385fc923abb8a005919c04630afa305ac2	data/raw/41586_2026_10982_MOESM9_ESM.xlsx	6edb01e329d622100da30c47cd8eeaf7589a325d2ab94fb06f27c0f088a7f131	Supplemental Table 7	B62		https://media.springernature.com/original/springer-static/esm/art%3A10.1038%2Fs41586-026-10982-x/MediaObjects/41586_2026_10982_MOESM9_ESM.xlsx
Saa3:C1qb	Saa3	C1qb	ENSMUSG00000040026.9	ENSMUSG00000036905.9	Mus musculus	GRCm39	GENCODE M28	False	False	True	False	1		unavailable_read_to_sample_mapping	unknown	unknown		supplementary_table_3;supplementary_table_4;gencode_M28	https://www.nature.com/articles/s41586-026-10982-x	short_read_only	False	ordered_gene_pair	not_audited_for_campaign	results/dataset_reconstruction/candidates.tsv	50a3dbce8e15446e75fc66e6656fed385fc923abb8a005919c04630afa305ac2	data/raw/41586_2026_10982_MOESM9_ESM.xlsx	6edb01e329d622100da30c47cd8eeaf7589a325d2ab94fb06f27c0f088a7f131	Supplemental Table 7		A221	https://media.springernature.com/original/springer-static/esm/art%3A10.1038%2Fs41586-026-10982-x/MediaObjects/41586_2026_10982_MOESM9_ESM.xlsx
Samd8:Vdac2	Samd8	Vdac2	ENSMUSG00000021770.12	ENSMUSG00000021771.15	Mus musculus	GRCm39	GENCODE M28	False	False	True	False	7		unavailable_read_to_sample_mapping	unknown	unknown		supplementary_table_3;supplementary_table_4;gencode_M28	https://www.nature.com/articles/s41586-026-10982-x	short_read_only	False	ordered_gene_pair	not_audited_for_campaign	results/dataset_reconstruction/candidates.tsv	50a3dbce8e15446e75fc66e6656fed385fc923abb8a005919c04630afa305ac2	data/raw/41586_2026_10982_MOESM9_ESM.xlsx	6edb01e329d622100da30c47cd8eeaf7589a325d2ab94fb06f27c0f088a7f131	Supplemental Table 7		A222	https://media.springernature.com/original/springer-static/esm/art%3A10.1038%2Fs41586-026-10982-x/MediaObjects/41586_2026_10982_MOESM9_ESM.xlsx
Sbds:Gpnmb	Sbds	Gpnmb	ENSMUSG00000025337.11	ENSMUSG00000029816.11	Mus musculus	GRCm39	GENCODE M28	False	False	True	False	1		unavailable_read_to_sample_mapping	unknown	unknown		supplementary_table_3;supplementary_table_4;gencode_M28	https://www.nature.com/articles/s41586-026-10982-x	short_read_only	False	ordered_gene_pair	not_audited_for_campaign	results/dataset_reconstruction/candidates.tsv	50a3dbce8e15446e75fc66e6656fed385fc923abb8a005919c04630afa305ac2	data/raw/41586_2026_10982_MOESM9_ESM.xlsx	6edb01e329d622100da30c47cd8eeaf7589a325d2ab94fb06f27c0f088a7f131	Supplemental Table 7		A223	https://media.springernature.com/original/springer-static/esm/art%3A10.1038%2Fs41586-026-10982-x/MediaObjects/41586_2026_10982_MOESM9_ESM.xlsx
Sbno1:Rhog	Sbno1	Rhog	ENSMUSG00000038095.16	ENSMUSG00000073982.12	Mus musculus	GRCm39	GENCODE M28	True	True	False	False	1		unavailable_read_to_sample_mapping	unknown	unknown		supplementary_table_3;supplementary_table_4;gencode_M28;supplementary_table_7;supplementary_table_8	https://www.nature.com/articles/s41586-026-10982-x	NanoString_only	True	ordered_gene_pair	not_audited_for_campaign	results/dataset_reconstruction/candidates.tsv	50a3dbce8e15446e75fc66e6656fed385fc923abb8a005919c04630afa305ac2	data/raw/41586_2026_10982_MOESM9_ESM.xlsx	6edb01e329d622100da30c47cd8eeaf7589a325d2ab94fb06f27c0f088a7f131	Supplemental Table 7	B63		https://media.springernature.com/original/springer-static/esm/art%3A10.1038%2Fs41586-026-10982-x/MediaObjects/41586_2026_10982_MOESM9_ESM.xlsx
Sdc3:Laptm5	Sdc3	Laptm5	ENSMUSG00000025743.15	ENSMUSG00000028581.18	Mus musculus	GRCm39	GENCODE M28	False	False	True	False	1		unavailable_read_to_sample_mapping	unknown	unknown		supplementary_table_3;supplementary_table_4;gencode_M28	https://www.nature.com/articles/s41586-026-10982-x	short_read_only	False	ordered_gene_pair	not_audited_for_campaign	results/dataset_reconstruction/candidates.tsv	50a3dbce8e15446e75fc66e6656fed385fc923abb8a005919c04630afa305ac2	data/raw/41586_2026_10982_MOESM9_ESM.xlsx	6edb01e329d622100da30c47cd8eeaf7589a325d2ab94fb06f27c0f088a7f131	Supplemental Table 7		A224	https://media.springernature.com/original/springer-static/esm/art%3A10.1038%2Fs41586-026-10982-x/MediaObjects/41586_2026_10982_MOESM9_ESM.xlsx
Sec22b:Rap1a	Sec22b	Rap1a	ENSMUSG00000027879.10	ENSMUSG00000068798.11	Mus musculus	GRCm39	GENCODE M28	True	True	False	False	1		unavailable_read_to_sample_mapping	unknown	unknown		supplementary_table_3;supplementary_table_4;gencode_M28;supplementary_table_7;supplementary_table_8	https://www.nature.com/articles/s41586-026-10982-x	NanoString_only	True	ordered_gene_pair	not_audited_for_campaign	results/dataset_reconstruction/candidates.tsv	50a3dbce8e15446e75fc66e6656fed385fc923abb8a005919c04630afa305ac2	data/raw/41586_2026_10982_MOESM9_ESM.xlsx	6edb01e329d622100da30c47cd8eeaf7589a325d2ab94fb06f27c0f088a7f131	Supplemental Table 7	B64		https://media.springernature.com/original/springer-static/esm/art%3A10.1038%2Fs41586-026-10982-x/MediaObjects/41586_2026_10982_MOESM9_ESM.xlsx
Secisbp2l:Galk2	Secisbp2l	Galk2	ENSMUSG00000035093.17	ENSMUSG00000027207.16	Mus musculus	GRCm39	GENCODE M28	False	False	True	False	2		unavailable_read_to_sample_mapping	unknown	unknown		supplementary_table_3;supplementary_table_4;gencode_M28	https://www.nature.com/articles/s41586-026-10982-x	short_read_only	False	ordered_gene_pair	not_audited_for_campaign	results/dataset_reconstruction/candidates.tsv	50a3dbce8e15446e75fc66e6656fed385fc923abb8a005919c04630afa305ac2	data/raw/41586_2026_10982_MOESM9_ESM.xlsx	6edb01e329d622100da30c47cd8eeaf7589a325d2ab94fb06f27c0f088a7f131	Supplemental Table 7		A225	https://media.springernature.com/original/springer-static/esm/art%3A10.1038%2Fs41586-026-10982-x/MediaObjects/41586_2026_10982_MOESM9_ESM.xlsx
Septin7:Tmem120a	Septin7	Tmem120a	ENSMUSG00000001833.18	ENSMUSG00000039886.9	Mus musculus	GRCm39	GENCODE M28	True	True	False	False	1		unavailable_read_to_sample_mapping	unknown	unknown		supplementary_table_3;supplementary_table_4;gencode_M28;supplementary_table_7;supplementary_table_8	https://www.nature.com/articles/s41586-026-10982-x	NanoString_only	True	ordered_gene_pair	not_audited_for_campaign	results/dataset_reconstruction/candidates.tsv	50a3dbce8e15446e75fc66e6656fed385fc923abb8a005919c04630afa305ac2	data/raw/41586_2026_10982_MOESM9_ESM.xlsx	6edb01e329d622100da30c47cd8eeaf7589a325d2ab94fb06f27c0f088a7f131	Supplemental Table 7	B65		https://media.springernature.com/original/springer-static/esm/art%3A10.1038%2Fs41586-026-10982-x/MediaObjects/41586_2026_10982_MOESM9_ESM.xlsx
Shkbp1:Tyrobp	Shkbp1	Tyrobp	ENSMUSG00000089832.9	ENSMUSG00000030579.11	Mus musculus	GRCm39	GENCODE M28	False	False	True	False	1		unavailable_read_to_sample_mapping	unknown	unknown		supplementary_table_3;supplementary_table_4;gencode_M28	https://www.nature.com/articles/s41586-026-10982-x	short_read_only	False	ordered_gene_pair	not_audited_for_campaign	results/dataset_reconstruction/candidates.tsv	50a3dbce8e15446e75fc66e6656fed385fc923abb8a005919c04630afa305ac2	data/raw/41586_2026_10982_MOESM9_ESM.xlsx	6edb01e329d622100da30c47cd8eeaf7589a325d2ab94fb06f27c0f088a7f131	Supplemental Table 7		A226	https://media.springernature.com/original/springer-static/esm/art%3A10.1038%2Fs41586-026-10982-x/MediaObjects/41586_2026_10982_MOESM9_ESM.xlsx
Siah2:Erich6	Siah2	Erich6	ENSMUSG00000036432.9	ENSMUSG00000070471.4	Mus musculus	GRCm39	GENCODE M28	False	False	True	False	1		unavailable_read_to_sample_mapping	unknown	unknown		supplementary_table_3;supplementary_table_4;gencode_M28	https://www.nature.com/articles/s41586-026-10982-x	short_read_only	False	ordered_gene_pair	not_audited_for_campaign	results/dataset_reconstruction/candidates.tsv	50a3dbce8e15446e75fc66e6656fed385fc923abb8a005919c04630afa305ac2	data/raw/41586_2026_10982_MOESM9_ESM.xlsx	6edb01e329d622100da30c47cd8eeaf7589a325d2ab94fb06f27c0f088a7f131	Supplemental Table 7		A227	https://media.springernature.com/original/springer-static/esm/art%3A10.1038%2Fs41586-026-10982-x/MediaObjects/41586_2026_10982_MOESM9_ESM.xlsx
Sirpb1a:Gm9733	Sirpb1a	Gm9733	ENSMUSG00000095788.7	ENSMUSG00000078783.2	Mus musculus	GRCm39	GENCODE M28	False	False	True	False	5		unavailable_read_to_sample_mapping	unknown	unknown		supplementary_table_3;supplementary_table_4;gencode_M28	https://www.nature.com/articles/s41586-026-10982-x	short_read_only	False	ordered_gene_pair	not_audited_for_campaign	results/dataset_reconstruction/candidates.tsv	50a3dbce8e15446e75fc66e6656fed385fc923abb8a005919c04630afa305ac2	data/raw/41586_2026_10982_MOESM9_ESM.xlsx	6edb01e329d622100da30c47cd8eeaf7589a325d2ab94fb06f27c0f088a7f131	Supplemental Table 7		A228	https://media.springernature.com/original/springer-static/esm/art%3A10.1038%2Fs41586-026-10982-x/MediaObjects/41586_2026_10982_MOESM9_ESM.xlsx
Sirpb1c:Gm5150	Sirpb1c	Gm5150	ENSMUSG00000074677.12	ENSMUSG00000078780.8	Mus musculus	GRCm39	GENCODE M28	False	False	True	False	1		unavailable_read_to_sample_mapping	unknown	unknown		supplementary_table_3;supplementary_table_4;gencode_M28	https://www.nature.com/articles/s41586-026-10982-x	short_read_only	False	ordered_gene_pair	not_audited_for_campaign	results/dataset_reconstruction/candidates.tsv	50a3dbce8e15446e75fc66e6656fed385fc923abb8a005919c04630afa305ac2	data/raw/41586_2026_10982_MOESM9_ESM.xlsx	6edb01e329d622100da30c47cd8eeaf7589a325d2ab94fb06f27c0f088a7f131	Supplemental Table 7		A229	https://media.springernature.com/original/springer-static/esm/art%3A10.1038%2Fs41586-026-10982-x/MediaObjects/41586_2026_10982_MOESM9_ESM.xlsx
Slamf9:Igsf9	Slamf9	Igsf9	ENSMUSG00000026548.5	ENSMUSG00000037995.16	Mus musculus	GRCm39	GENCODE M28	False	False	True	False	3		unavailable_read_to_sample_mapping	unknown	unknown		supplementary_table_3;supplementary_table_4;gencode_M28	https://www.nature.com/articles/s41586-026-10982-x	short_read_only	False	ordered_gene_pair	not_audited_for_campaign	results/dataset_reconstruction/candidates.tsv	50a3dbce8e15446e75fc66e6656fed385fc923abb8a005919c04630afa305ac2	data/raw/41586_2026_10982_MOESM9_ESM.xlsx	6edb01e329d622100da30c47cd8eeaf7589a325d2ab94fb06f27c0f088a7f131	Supplemental Table 7		A230	https://media.springernature.com/original/springer-static/esm/art%3A10.1038%2Fs41586-026-10982-x/MediaObjects/41586_2026_10982_MOESM9_ESM.xlsx
Slc16a10:Rpf2	Slc16a10	Rpf2	ENSMUSG00000019838.12	ENSMUSG00000038510.13	Mus musculus	GRCm39	GENCODE M28	True	True	False	False	1		unavailable_read_to_sample_mapping	unknown	unknown		supplementary_table_3;supplementary_table_4;gencode_M28;supplementary_table_7;supplementary_table_8	https://www.nature.com/articles/s41586-026-10982-x	NanoString_only	True	ordered_gene_pair	not_audited_for_campaign	results/dataset_reconstruction/candidates.tsv	50a3dbce8e15446e75fc66e6656fed385fc923abb8a005919c04630afa305ac2	data/raw/41586_2026_10982_MOESM9_ESM.xlsx	6edb01e329d622100da30c47cd8eeaf7589a325d2ab94fb06f27c0f088a7f131	Supplemental Table 7	B66		https://media.springernature.com/original/springer-static/esm/art%3A10.1038%2Fs41586-026-10982-x/MediaObjects/41586_2026_10982_MOESM9_ESM.xlsx
Slc16a10:Tpd52	Slc16a10	Tpd52	ENSMUSG00000019838.12	ENSMUSG00000027506.16	Mus musculus	GRCm39	GENCODE M28	True	True	False	False	1		unavailable_read_to_sample_mapping	unknown	unknown		supplementary_table_3;supplementary_table_4;gencode_M28;supplementary_table_7;supplementary_table_8	https://www.nature.com/articles/s41586-026-10982-x	NanoString_only	True	ordered_gene_pair	not_audited_for_campaign	results/dataset_reconstruction/candidates.tsv	50a3dbce8e15446e75fc66e6656fed385fc923abb8a005919c04630afa305ac2	data/raw/41586_2026_10982_MOESM9_ESM.xlsx	6edb01e329d622100da30c47cd8eeaf7589a325d2ab94fb06f27c0f088a7f131	Supplemental Table 7	B67		https://media.springernature.com/original/springer-static/esm/art%3A10.1038%2Fs41586-026-10982-x/MediaObjects/41586_2026_10982_MOESM9_ESM.xlsx
Slc25a13:Sem1	Slc25a13	Sem1	ENSMUSG00000015112.16	ENSMUSG00000042541.11	Mus musculus	GRCm39	GENCODE M28	True	True	True	True	2		unavailable_read_to_sample_mapping	unknown	unknown		supplementary_table_3;supplementary_table_4;gencode_M28;supplementary_table_7;supplementary_table_8	https://www.nature.com/articles/s41586-026-10982-x	both	True	ordered_gene_pair	not_audited_for_campaign	results/dataset_reconstruction/candidates.tsv	50a3dbce8e15446e75fc66e6656fed385fc923abb8a005919c04630afa305ac2	data/raw/41586_2026_10982_MOESM9_ESM.xlsx	6edb01e329d622100da30c47cd8eeaf7589a325d2ab94fb06f27c0f088a7f131	Supplemental Table 7	B68	A231	https://media.springernature.com/original/springer-static/esm/art%3A10.1038%2Fs41586-026-10982-x/MediaObjects/41586_2026_10982_MOESM9_ESM.xlsx
Slc25a43:Slc25a5	Slc25a43	Slc25a5	ENSMUSG00000037636.7	ENSMUSG00000016319.4	Mus musculus	GRCm39	GENCODE M28	False	False	True	False	1		unavailable_read_to_sample_mapping	unknown	unknown		supplementary_table_3;supplementary_table_4;gencode_M28	https://www.nature.com/articles/s41586-026-10982-x	short_read_only	False	ordered_gene_pair	not_audited_for_campaign	results/dataset_reconstruction/candidates.tsv	50a3dbce8e15446e75fc66e6656fed385fc923abb8a005919c04630afa305ac2	data/raw/41586_2026_10982_MOESM9_ESM.xlsx	6edb01e329d622100da30c47cd8eeaf7589a325d2ab94fb06f27c0f088a7f131	Supplemental Table 7		A232	https://media.springernature.com/original/springer-static/esm/art%3A10.1038%2Fs41586-026-10982-x/MediaObjects/41586_2026_10982_MOESM9_ESM.xlsx
Slc2a6:Saa3	Slc2a6	Saa3	ENSMUSG00000036067.13	ENSMUSG00000040026.9	Mus musculus	GRCm39	GENCODE M28	False	False	True	False	1		unavailable_read_to_sample_mapping	unknown	unknown		supplementary_table_3;supplementary_table_4;gencode_M28	https://www.nature.com/articles/s41586-026-10982-x	short_read_only	False	ordered_gene_pair	not_audited_for_campaign	results/dataset_reconstruction/candidates.tsv	50a3dbce8e15446e75fc66e6656fed385fc923abb8a005919c04630afa305ac2	data/raw/41586_2026_10982_MOESM9_ESM.xlsx	6edb01e329d622100da30c47cd8eeaf7589a325d2ab94fb06f27c0f088a7f131	Supplemental Table 7		A233	https://media.springernature.com/original/springer-static/esm/art%3A10.1038%2Fs41586-026-10982-x/MediaObjects/41586_2026_10982_MOESM9_ESM.xlsx
Slc31a2:Fkbp15	Slc31a2	Fkbp15	ENSMUSG00000066152.12	ENSMUSG00000066151.13	Mus musculus	GRCm39	GENCODE M28	False	False	True	False	5		unavailable_read_to_sample_mapping	unknown	unknown		supplementary_table_3;supplementary_table_4;gencode_M28	https://www.nature.com/articles/s41586-026-10982-x	short_read_only	False	ordered_gene_pair	not_audited_for_campaign	results/dataset_reconstruction/candidates.tsv	50a3dbce8e15446e75fc66e6656fed385fc923abb8a005919c04630afa305ac2	data/raw/41586_2026_10982_MOESM9_ESM.xlsx	6edb01e329d622100da30c47cd8eeaf7589a325d2ab94fb06f27c0f088a7f131	Supplemental Table 7		A234	https://media.springernature.com/original/springer-static/esm/art%3A10.1038%2Fs41586-026-10982-x/MediaObjects/41586_2026_10982_MOESM9_ESM.xlsx
Slc43a2:Pitpna	Slc43a2	Pitpna	ENSMUSG00000038178.17	ENSMUSG00000017781.18	Mus musculus	GRCm39	GENCODE M28	False	False	True	False	5		unavailable_read_to_sample_mapping	unknown	unknown		supplementary_table_3;supplementary_table_4;gencode_M28	https://www.nature.com/articles/s41586-026-10982-x	short_read_only	False	ordered_gene_pair	not_audited_for_campaign	results/dataset_reconstruction/candidates.tsv	50a3dbce8e15446e75fc66e6656fed385fc923abb8a005919c04630afa305ac2	data/raw/41586_2026_10982_MOESM9_ESM.xlsx	6edb01e329d622100da30c47cd8eeaf7589a325d2ab94fb06f27c0f088a7f131	Supplemental Table 7		A235	https://media.springernature.com/original/springer-static/esm/art%3A10.1038%2Fs41586-026-10982-x/MediaObjects/41586_2026_10982_MOESM9_ESM.xlsx
Slc4a7:Psmd1	Slc4a7	Psmd1	ENSMUSG00000021733.12	ENSMUSG00000026229.18	Mus musculus	GRCm39	GENCODE M28	True	True	False	False	1		unavailable_read_to_sample_mapping	unknown	unknown		supplementary_table_3;supplementary_table_4;gencode_M28;supplementary_table_7;supplementary_table_8	https://www.nature.com/articles/s41586-026-10982-x	NanoString_only	True	ordered_gene_pair	not_audited_for_campaign	results/dataset_reconstruction/candidates.tsv	50a3dbce8e15446e75fc66e6656fed385fc923abb8a005919c04630afa305ac2	data/raw/41586_2026_10982_MOESM9_ESM.xlsx	6edb01e329d622100da30c47cd8eeaf7589a325d2ab94fb06f27c0f088a7f131	Supplemental Table 7	B69		https://media.springernature.com/original/springer-static/esm/art%3A10.1038%2Fs41586-026-10982-x/MediaObjects/41586_2026_10982_MOESM9_ESM.xlsx
Slc7a8:Gch1	Slc7a8	Gch1	ENSMUSG00000022180.8	ENSMUSG00000037580.11	Mus musculus	GRCm39	GENCODE M28	True	True	False	False	1		unavailable_read_to_sample_mapping	unknown	unknown		supplementary_table_3;supplementary_table_4;gencode_M28;supplementary_table_7;supplementary_table_8	https://www.nature.com/articles/s41586-026-10982-x	NanoString_only	True	ordered_gene_pair	not_audited_for_campaign	results/dataset_reconstruction/candidates.tsv	50a3dbce8e15446e75fc66e6656fed385fc923abb8a005919c04630afa305ac2	data/raw/41586_2026_10982_MOESM9_ESM.xlsx	6edb01e329d622100da30c47cd8eeaf7589a325d2ab94fb06f27c0f088a7f131	Supplemental Table 7	B70		https://media.springernature.com/original/springer-static/esm/art%3A10.1038%2Fs41586-026-10982-x/MediaObjects/41586_2026_10982_MOESM9_ESM.xlsx
Slc9a7:Amn1	Slc9a7	Amn1	ENSMUSG00000037341.15	ENSMUSG00000068250.14	Mus musculus	GRCm39	GENCODE M28	True	True	False	False	1		unavailable_read_to_sample_mapping	unknown	unknown		supplementary_table_3;supplementary_table_4;gencode_M28;supplementary_table_7;supplementary_table_8	https://www.nature.com/articles/s41586-026-10982-x	NanoString_only	True	ordered_gene_pair	not_audited_for_campaign	results/dataset_reconstruction/candidates.tsv	50a3dbce8e15446e75fc66e6656fed385fc923abb8a005919c04630afa305ac2	data/raw/41586_2026_10982_MOESM9_ESM.xlsx	6edb01e329d622100da30c47cd8eeaf7589a325d2ab94fb06f27c0f088a7f131	Supplemental Table 7	B71		https://media.springernature.com/original/springer-static/esm/art%3A10.1038%2Fs41586-026-10982-x/MediaObjects/41586_2026_10982_MOESM9_ESM.xlsx
Smad3:Pnrc1	Smad3	Pnrc1	ENSMUSG00000032402.13	ENSMUSG00000040128.10	Mus musculus	GRCm39	GENCODE M28	True	True	False	False	1		unavailable_read_to_sample_mapping	unknown	unknown		supplementary_table_3;supplementary_table_4;gencode_M28;supplementary_table_7;supplementary_table_8	https://www.nature.com/articles/s41586-026-10982-x	NanoString_only	True	ordered_gene_pair	not_audited_for_campaign	results/dataset_reconstruction/candidates.tsv	50a3dbce8e15446e75fc66e6656fed385fc923abb8a005919c04630afa305ac2	data/raw/41586_2026_10982_MOESM9_ESM.xlsx	6edb01e329d622100da30c47cd8eeaf7589a325d2ab94fb06f27c0f088a7f131	Supplemental Table 7	B72		https://media.springernature.com/original/springer-static/esm/art%3A10.1038%2Fs41586-026-10982-x/MediaObjects/41586_2026_10982_MOESM9_ESM.xlsx
Smad4:Dym	Smad4	Dym	ENSMUSG00000024515.14	ENSMUSG00000035765.11	Mus musculus	GRCm39	GENCODE M28	True	True	False	False	1		unavailable_read_to_sample_mapping	unknown	unknown		supplementary_table_3;supplementary_table_4;gencode_M28;supplementary_table_7;supplementary_table_8	https://www.nature.com/articles/s41586-026-10982-x	NanoString_only	True	ordered_gene_pair	not_audited_for_campaign	results/dataset_reconstruction/candidates.tsv	50a3dbce8e15446e75fc66e6656fed385fc923abb8a005919c04630afa305ac2	data/raw/41586_2026_10982_MOESM9_ESM.xlsx	6edb01e329d622100da30c47cd8eeaf7589a325d2ab94fb06f27c0f088a7f131	Supplemental Table 7	B73		https://media.springernature.com/original/springer-static/esm/art%3A10.1038%2Fs41586-026-10982-x/MediaObjects/41586_2026_10982_MOESM9_ESM.xlsx
Snd1:Lmf1	Snd1	Lmf1	ENSMUSG00000001424.15	ENSMUSG00000002279.20	Mus musculus	GRCm39	GENCODE M28	True	True	False	False	1		unavailable_read_to_sample_mapping	unknown	unknown		supplementary_table_3;supplementary_table_4;gencode_M28;supplementary_table_7;supplementary_table_8	https://www.nature.com/articles/s41586-026-10982-x	NanoString_only	True	ordered_gene_pair	not_audited_for_campaign	results/dataset_reconstruction/candidates.tsv	50a3dbce8e15446e75fc66e6656fed385fc923abb8a005919c04630afa305ac2	data/raw/41586_2026_10982_MOESM9_ESM.xlsx	6edb01e329d622100da30c47cd8eeaf7589a325d2ab94fb06f27c0f088a7f131	Supplemental Table 7	B74		https://media.springernature.com/original/springer-static/esm/art%3A10.1038%2Fs41586-026-10982-x/MediaObjects/41586_2026_10982_MOESM9_ESM.xlsx
Snrpd3:Ankrd40	Snrpd3	Ankrd40	ENSMUSG00000020180.11	ENSMUSG00000020864.14	Mus musculus	GRCm39	GENCODE M28	True	True	False	False	1		unavailable_read_to_sample_mapping	unknown	unknown		supplementary_table_3;supplementary_table_4;gencode_M28;supplementary_table_7;supplementary_table_8	https://www.nature.com/articles/s41586-026-10982-x	NanoString_only	True	ordered_gene_pair	not_audited_for_campaign	results/dataset_reconstruction/candidates.tsv	50a3dbce8e15446e75fc66e6656fed385fc923abb8a005919c04630afa305ac2	data/raw/41586_2026_10982_MOESM9_ESM.xlsx	6edb01e329d622100da30c47cd8eeaf7589a325d2ab94fb06f27c0f088a7f131	Supplemental Table 7	B75		https://media.springernature.com/original/springer-static/esm/art%3A10.1038%2Fs41586-026-10982-x/MediaObjects/41586_2026_10982_MOESM9_ESM.xlsx
Snx5:Ctsc	Snx5	Ctsc	ENSMUSG00000027423.16	ENSMUSG00000030560.18	Mus musculus	GRCm39	GENCODE M28	True	True	False	False	1		unavailable_read_to_sample_mapping	unknown	unknown		supplementary_table_3;supplementary_table_4;gencode_M28;supplementary_table_7;supplementary_table_8	https://www.nature.com/articles/s41586-026-10982-x	NanoString_only	True	ordered_gene_pair	not_audited_for_campaign	results/dataset_reconstruction/candidates.tsv	50a3dbce8e15446e75fc66e6656fed385fc923abb8a005919c04630afa305ac2	data/raw/41586_2026_10982_MOESM9_ESM.xlsx	6edb01e329d622100da30c47cd8eeaf7589a325d2ab94fb06f27c0f088a7f131	Supplemental Table 7	B76		https://media.springernature.com/original/springer-static/esm/art%3A10.1038%2Fs41586-026-10982-x/MediaObjects/41586_2026_10982_MOESM9_ESM.xlsx
Sod2:Tcp10b	Sod2	Tcp10b	ENSMUSG00000006818.6	ENSMUSG00000055602.18	Mus musculus	GRCm39	GENCODE M28	False	False	True	False	13		unavailable_read_to_sample_mapping	unknown	unknown		supplementary_table_3;supplementary_table_4;gencode_M28	https://www.nature.com/articles/s41586-026-10982-x	short_read_only	False	ordered_gene_pair	not_audited_for_campaign	results/dataset_reconstruction/candidates.tsv	50a3dbce8e15446e75fc66e6656fed385fc923abb8a005919c04630afa305ac2	data/raw/41586_2026_10982_MOESM9_ESM.xlsx	6edb01e329d622100da30c47cd8eeaf7589a325d2ab94fb06f27c0f088a7f131	Supplemental Table 7		A236	https://media.springernature.com/original/springer-static/esm/art%3A10.1038%2Fs41586-026-10982-x/MediaObjects/41586_2026_10982_MOESM9_ESM.xlsx
Sppl2a:Psma3	Sppl2a	Psma3	ENSMUSG00000027366.13	ENSMUSG00000060073.10	Mus musculus	GRCm39	GENCODE M28	True	True	False	False	1		unavailable_read_to_sample_mapping	unknown	unknown		supplementary_table_3;supplementary_table_4;gencode_M28;supplementary_table_7;supplementary_table_8	https://www.nature.com/articles/s41586-026-10982-x	NanoString_only	True	ordered_gene_pair	not_audited_for_campaign	results/dataset_reconstruction/candidates.tsv	50a3dbce8e15446e75fc66e6656fed385fc923abb8a005919c04630afa305ac2	data/raw/41586_2026_10982_MOESM9_ESM.xlsx	6edb01e329d622100da30c47cd8eeaf7589a325d2ab94fb06f27c0f088a7f131	Supplemental Table 7	B77		https://media.springernature.com/original/springer-static/esm/art%3A10.1038%2Fs41586-026-10982-x/MediaObjects/41586_2026_10982_MOESM9_ESM.xlsx
Sri:Adam22	Sri	Adam22	ENSMUSG00000003161.16	ENSMUSG00000040537.18	Mus musculus	GRCm39	GENCODE M28	False	False	True	False	1		unavailable_read_to_sample_mapping	unknown	unknown		supplementary_table_3;supplementary_table_4;gencode_M28	https://www.nature.com/articles/s41586-026-10982-x	short_read_only	False	ordered_gene_pair	not_audited_for_campaign	results/dataset_reconstruction/candidates.tsv	50a3dbce8e15446e75fc66e6656fed385fc923abb8a005919c04630afa305ac2	data/raw/41586_2026_10982_MOESM9_ESM.xlsx	6edb01e329d622100da30c47cd8eeaf7589a325d2ab94fb06f27c0f088a7f131	Supplemental Table 7		A237	https://media.springernature.com/original/springer-static/esm/art%3A10.1038%2Fs41586-026-10982-x/MediaObjects/41586_2026_10982_MOESM9_ESM.xlsx
Srp54c:Gm49376	Srp54c	Gm49376	ENSMUSG00000079108.7	ENSMUSG00000112368.2	Mus musculus	GRCm39	GENCODE M28	False	False	True	False	45		unavailable_read_to_sample_mapping	unknown	unknown		supplementary_table_3;supplementary_table_4;gencode_M28	https://www.nature.com/articles/s41586-026-10982-x	short_read_only	False	ordered_gene_pair	not_audited_for_campaign	results/dataset_reconstruction/candidates.tsv	50a3dbce8e15446e75fc66e6656fed385fc923abb8a005919c04630afa305ac2	data/raw/41586_2026_10982_MOESM9_ESM.xlsx	6edb01e329d622100da30c47cd8eeaf7589a325d2ab94fb06f27c0f088a7f131	Supplemental Table 7		A238	https://media.springernature.com/original/springer-static/esm/art%3A10.1038%2Fs41586-026-10982-x/MediaObjects/41586_2026_10982_MOESM9_ESM.xlsx
St8sia4:Fam174a	St8sia4	Fam174a	ENSMUSG00000040710.11	ENSMUSG00000051185.10	Mus musculus	GRCm39	GENCODE M28	True	True	True	True	2		unavailable_read_to_sample_mapping	unknown	unknown		supplementary_table_3;supplementary_table_4;gencode_M28;supplementary_table_7;supplementary_table_8	https://www.nature.com/articles/s41586-026-10982-x	both	True	ordered_gene_pair	not_audited_for_campaign	results/dataset_reconstruction/candidates.tsv	50a3dbce8e15446e75fc66e6656fed385fc923abb8a005919c04630afa305ac2	data/raw/41586_2026_10982_MOESM9_ESM.xlsx	6edb01e329d622100da30c47cd8eeaf7589a325d2ab94fb06f27c0f088a7f131	Supplemental Table 7	B78	A239	https://media.springernature.com/original/springer-static/esm/art%3A10.1038%2Fs41586-026-10982-x/MediaObjects/41586_2026_10982_MOESM9_ESM.xlsx
Stab1:Rasa4	Stab1	Rasa4	ENSMUSG00000042286.14	ENSMUSG00000004952.14	Mus musculus	GRCm39	GENCODE M28	False	False	True	False	1		unavailable_read_to_sample_mapping	unknown	unknown		supplementary_table_3;supplementary_table_4;gencode_M28	https://www.nature.com/articles/s41586-026-10982-x	short_read_only	False	ordered_gene_pair	not_audited_for_campaign	results/dataset_reconstruction/candidates.tsv	50a3dbce8e15446e75fc66e6656fed385fc923abb8a005919c04630afa305ac2	data/raw/41586_2026_10982_MOESM9_ESM.xlsx	6edb01e329d622100da30c47cd8eeaf7589a325d2ab94fb06f27c0f088a7f131	Supplemental Table 7		A240	https://media.springernature.com/original/springer-static/esm/art%3A10.1038%2Fs41586-026-10982-x/MediaObjects/41586_2026_10982_MOESM9_ESM.xlsx
Stag1:Nck1	Stag1	Nck1	ENSMUSG00000037286.16	ENSMUSG00000032475.16	Mus musculus	GRCm39	GENCODE M28	False	False	True	False	1		unavailable_read_to_sample_mapping	unknown	unknown		supplementary_table_3;supplementary_table_4;gencode_M28	https://www.nature.com/articles/s41586-026-10982-x	short_read_only	False	ordered_gene_pair	not_audited_for_campaign	results/dataset_reconstruction/candidates.tsv	50a3dbce8e15446e75fc66e6656fed385fc923abb8a005919c04630afa305ac2	data/raw/41586_2026_10982_MOESM9_ESM.xlsx	6edb01e329d622100da30c47cd8eeaf7589a325d2ab94fb06f27c0f088a7f131	Supplemental Table 7		A241	https://media.springernature.com/original/springer-static/esm/art%3A10.1038%2Fs41586-026-10982-x/MediaObjects/41586_2026_10982_MOESM9_ESM.xlsx
Stau2:Eloc	Stau2	Eloc	ENSMUSG00000025920.20	ENSMUSG00000079658.10	Mus musculus	GRCm39	GENCODE M28	True	False	True	False	1		unavailable_read_to_sample_mapping	unknown	unknown		supplementary_table_3;supplementary_table_4;gencode_M28;supplementary_table_7;supplementary_table_8	https://www.nature.com/articles/s41586-026-10982-x	short_read_only	False	ordered_gene_pair	not_audited_for_campaign	results/dataset_reconstruction/candidates.tsv	50a3dbce8e15446e75fc66e6656fed385fc923abb8a005919c04630afa305ac2	data/raw/41586_2026_10982_MOESM9_ESM.xlsx	6edb01e329d622100da30c47cd8eeaf7589a325d2ab94fb06f27c0f088a7f131	Supplemental Table 7		A242	https://media.springernature.com/original/springer-static/esm/art%3A10.1038%2Fs41586-026-10982-x/MediaObjects/41586_2026_10982_MOESM9_ESM.xlsx
Steap3:Dbi	Steap3	Dbi	ENSMUSG00000026389.17	ENSMUSG00000026385.17	Mus musculus	GRCm39	GENCODE M28	False	False	True	False	4		unavailable_read_to_sample_mapping	unknown	unknown		supplementary_table_3;supplementary_table_4;gencode_M28	https://www.nature.com/articles/s41586-026-10982-x	short_read_only	False	ordered_gene_pair	not_audited_for_campaign	results/dataset_reconstruction/candidates.tsv	50a3dbce8e15446e75fc66e6656fed385fc923abb8a005919c04630afa305ac2	data/raw/41586_2026_10982_MOESM9_ESM.xlsx	6edb01e329d622100da30c47cd8eeaf7589a325d2ab94fb06f27c0f088a7f131	Supplemental Table 7		A243	https://media.springernature.com/original/springer-static/esm/art%3A10.1038%2Fs41586-026-10982-x/MediaObjects/41586_2026_10982_MOESM9_ESM.xlsx
Syne3:1700028I16Rik	Syne3	1700028I16Rik	ENSMUSG00000054150.13	ENSMUSG00000056821.14	Mus musculus	GRCm39	GENCODE M28	True	True	False	False	1		unavailable_read_to_sample_mapping	unknown	unknown		supplementary_table_3;supplementary_table_4;gencode_M28;supplementary_table_7;supplementary_table_8	https://www.nature.com/articles/s41586-026-10982-x	NanoString_only	True	ordered_gene_pair	not_audited_for_campaign	results/dataset_reconstruction/candidates.tsv	50a3dbce8e15446e75fc66e6656fed385fc923abb8a005919c04630afa305ac2	data/raw/41586_2026_10982_MOESM9_ESM.xlsx	6edb01e329d622100da30c47cd8eeaf7589a325d2ab94fb06f27c0f088a7f131	Supplemental Table 7	B79		https://media.springernature.com/original/springer-static/esm/art%3A10.1038%2Fs41586-026-10982-x/MediaObjects/41586_2026_10982_MOESM9_ESM.xlsx
Syngr2:Birc5	Syngr2	Birc5	ENSMUSG00000048277.16	ENSMUSG00000017716.16	Mus musculus	GRCm39	GENCODE M28	False	False	True	False	3		unavailable_read_to_sample_mapping	unknown	unknown		supplementary_table_3;supplementary_table_4;gencode_M28	https://www.nature.com/articles/s41586-026-10982-x	short_read_only	False	ordered_gene_pair	not_audited_for_campaign	results/dataset_reconstruction/candidates.tsv	50a3dbce8e15446e75fc66e6656fed385fc923abb8a005919c04630afa305ac2	data/raw/41586_2026_10982_MOESM9_ESM.xlsx	6edb01e329d622100da30c47cd8eeaf7589a325d2ab94fb06f27c0f088a7f131	Supplemental Table 7		A244	https://media.springernature.com/original/springer-static/esm/art%3A10.1038%2Fs41586-026-10982-x/MediaObjects/41586_2026_10982_MOESM9_ESM.xlsx
Tbc1d23:Sirt5	Tbc1d23	Sirt5	ENSMUSG00000022749.9	ENSMUSG00000054021.7	Mus musculus	GRCm39	GENCODE M28	True	True	False	False	1		unavailable_read_to_sample_mapping	unknown	unknown		supplementary_table_3;supplementary_table_4;gencode_M28;supplementary_table_7;supplementary_table_8	https://www.nature.com/articles/s41586-026-10982-x	NanoString_only	True	ordered_gene_pair	not_audited_for_campaign	results/dataset_reconstruction/candidates.tsv	50a3dbce8e15446e75fc66e6656fed385fc923abb8a005919c04630afa305ac2	data/raw/41586_2026_10982_MOESM9_ESM.xlsx	6edb01e329d622100da30c47cd8eeaf7589a325d2ab94fb06f27c0f088a7f131	Supplemental Table 7	B80		https://media.springernature.com/original/springer-static/esm/art%3A10.1038%2Fs41586-026-10982-x/MediaObjects/41586_2026_10982_MOESM9_ESM.xlsx
Tbc1d23:Xdh	Tbc1d23	Xdh	ENSMUSG00000022749.9	ENSMUSG00000024066.10	Mus musculus	GRCm39	GENCODE M28	True	True	True	True	2		unavailable_read_to_sample_mapping	unknown	unknown		supplementary_table_3;supplementary_table_4;gencode_M28;supplementary_table_7;supplementary_table_8	https://www.nature.com/articles/s41586-026-10982-x	both	True	ordered_gene_pair	not_audited_for_campaign	results/dataset_reconstruction/candidates.tsv	50a3dbce8e15446e75fc66e6656fed385fc923abb8a005919c04630afa305ac2	data/raw/41586_2026_10982_MOESM9_ESM.xlsx	6edb01e329d622100da30c47cd8eeaf7589a325d2ab94fb06f27c0f088a7f131	Supplemental Table 7	B81	A245	https://media.springernature.com/original/springer-static/esm/art%3A10.1038%2Fs41586-026-10982-x/MediaObjects/41586_2026_10982_MOESM9_ESM.xlsx
Tbcb:Prkar1a	Tbcb	Prkar1a	ENSMUSG00000006095.13	ENSMUSG00000020612.17	Mus musculus	GRCm39	GENCODE M28	True	True	False	False	1		unavailable_read_to_sample_mapping	unknown	unknown		supplementary_table_3;supplementary_table_4;gencode_M28;supplementary_table_7;supplementary_table_8	https://www.nature.com/articles/s41586-026-10982-x	NanoString_only	True	ordered_gene_pair	not_audited_for_campaign	results/dataset_reconstruction/candidates.tsv	50a3dbce8e15446e75fc66e6656fed385fc923abb8a005919c04630afa305ac2	data/raw/41586_2026_10982_MOESM9_ESM.xlsx	6edb01e329d622100da30c47cd8eeaf7589a325d2ab94fb06f27c0f088a7f131	Supplemental Table 7	B82		https://media.springernature.com/original/springer-static/esm/art%3A10.1038%2Fs41586-026-10982-x/MediaObjects/41586_2026_10982_MOESM9_ESM.xlsx
Tbxas1:Bpgm	Tbxas1	Bpgm	ENSMUSG00000029925.14	ENSMUSG00000038871.6	Mus musculus	GRCm39	GENCODE M28	True	True	False	False	1		unavailable_read_to_sample_mapping	unknown	unknown		supplementary_table_3;supplementary_table_4;gencode_M28;supplementary_table_7;supplementary_table_8	https://www.nature.com/articles/s41586-026-10982-x	NanoString_only	True	ordered_gene_pair	not_audited_for_campaign	results/dataset_reconstruction/candidates.tsv	50a3dbce8e15446e75fc66e6656fed385fc923abb8a005919c04630afa305ac2	data/raw/41586_2026_10982_MOESM9_ESM.xlsx	6edb01e329d622100da30c47cd8eeaf7589a325d2ab94fb06f27c0f088a7f131	Supplemental Table 7	B83		https://media.springernature.com/original/springer-static/esm/art%3A10.1038%2Fs41586-026-10982-x/MediaObjects/41586_2026_10982_MOESM9_ESM.xlsx
Tcirg1:Sart1	Tcirg1	Sart1	ENSMUSG00000001750.17	ENSMUSG00000039148.6	Mus musculus	GRCm39	GENCODE M28	True	True	False	False	2		unavailable_read_to_sample_mapping	unknown	unknown		supplementary_table_3;supplementary_table_4;gencode_M28;supplementary_table_7;supplementary_table_8	https://www.nature.com/articles/s41586-026-10982-x	NanoString_only	True	ordered_gene_pair	not_audited_for_campaign	results/dataset_reconstruction/candidates.tsv	50a3dbce8e15446e75fc66e6656fed385fc923abb8a005919c04630afa305ac2	data/raw/41586_2026_10982_MOESM9_ESM.xlsx	6edb01e329d622100da30c47cd8eeaf7589a325d2ab94fb06f27c0f088a7f131	Supplemental Table 7	B84		https://media.springernature.com/original/springer-static/esm/art%3A10.1038%2Fs41586-026-10982-x/MediaObjects/41586_2026_10982_MOESM9_ESM.xlsx
Tcte2:2700054A10Rik	Tcte2	2700054A10Rik	ENSMUSG00000038347.16	ENSMUSG00000117042.2	Mus musculus	GRCm39	GENCODE M28	False	False	True	False	1		unavailable_read_to_sample_mapping	unknown	unknown		supplementary_table_3;supplementary_table_4;gencode_M28	https://www.nature.com/articles/s41586-026-10982-x	short_read_only	False	ordered_gene_pair	not_audited_for_campaign	results/dataset_reconstruction/candidates.tsv	50a3dbce8e15446e75fc66e6656fed385fc923abb8a005919c04630afa305ac2	data/raw/41586_2026_10982_MOESM9_ESM.xlsx	6edb01e329d622100da30c47cd8eeaf7589a325d2ab94fb06f27c0f088a7f131	Supplemental Table 7		A246	https://media.springernature.com/original/springer-static/esm/art%3A10.1038%2Fs41586-026-10982-x/MediaObjects/41586_2026_10982_MOESM9_ESM.xlsx
Tec:Clec4a1	Tec	Clec4a1	ENSMUSG00000029217.17	ENSMUSG00000049037.9	Mus musculus	GRCm39	GENCODE M28	True	True	False	False	1		unavailable_read_to_sample_mapping	unknown	unknown		supplementary_table_3;supplementary_table_4;gencode_M28;supplementary_table_7;supplementary_table_8	https://www.nature.com/articles/s41586-026-10982-x	NanoString_only	True	ordered_gene_pair	not_audited_for_campaign	results/dataset_reconstruction/candidates.tsv	50a3dbce8e15446e75fc66e6656fed385fc923abb8a005919c04630afa305ac2	data/raw/41586_2026_10982_MOESM9_ESM.xlsx	6edb01e329d622100da30c47cd8eeaf7589a325d2ab94fb06f27c0f088a7f131	Supplemental Table 7	B85		https://media.springernature.com/original/springer-static/esm/art%3A10.1038%2Fs41586-026-10982-x/MediaObjects/41586_2026_10982_MOESM9_ESM.xlsx
Tgfbr1:Sec61b	Tgfbr1	Sec61b	ENSMUSG00000007613.16	ENSMUSG00000053317.12	Mus musculus	GRCm39	GENCODE M28	False	False	True	False	1		unavailable_read_to_sample_mapping	unknown	unknown		supplementary_table_3;supplementary_table_4;gencode_M28	https://www.nature.com/articles/s41586-026-10982-x	short_read_only	False	ordered_gene_pair	not_audited_for_campaign	results/dataset_reconstruction/candidates.tsv	50a3dbce8e15446e75fc66e6656fed385fc923abb8a005919c04630afa305ac2	data/raw/41586_2026_10982_MOESM9_ESM.xlsx	6edb01e329d622100da30c47cd8eeaf7589a325d2ab94fb06f27c0f088a7f131	Supplemental Table 7		A247	https://media.springernature.com/original/springer-static/esm/art%3A10.1038%2Fs41586-026-10982-x/MediaObjects/41586_2026_10982_MOESM9_ESM.xlsx
Tgs1:Lyn	Tgs1	Lyn	ENSMUSG00000028233.7	ENSMUSG00000042228.15	Mus musculus	GRCm39	GENCODE M28	False	False	True	False	2		unavailable_read_to_sample_mapping	unknown	unknown		supplementary_table_3;supplementary_table_4;gencode_M28	https://www.nature.com/articles/s41586-026-10982-x	short_read_only	False	ordered_gene_pair	not_audited_for_campaign	results/dataset_reconstruction/candidates.tsv	50a3dbce8e15446e75fc66e6656fed385fc923abb8a005919c04630afa305ac2	data/raw/41586_2026_10982_MOESM9_ESM.xlsx	6edb01e329d622100da30c47cd8eeaf7589a325d2ab94fb06f27c0f088a7f131	Supplemental Table 7		A248	https://media.springernature.com/original/springer-static/esm/art%3A10.1038%2Fs41586-026-10982-x/MediaObjects/41586_2026_10982_MOESM9_ESM.xlsx
Thap6:Odaph	Thap6	Odaph	ENSMUSG00000102644.6	ENSMUSG00000096035.3	Mus musculus	GRCm39	GENCODE M28	False	False	True	False	1		unavailable_read_to_sample_mapping	unknown	unknown		supplementary_table_3;supplementary_table_4;gencode_M28	https://www.nature.com/articles/s41586-026-10982-x	short_read_only	False	ordered_gene_pair	not_audited_for_campaign	results/dataset_reconstruction/candidates.tsv	50a3dbce8e15446e75fc66e6656fed385fc923abb8a005919c04630afa305ac2	data/raw/41586_2026_10982_MOESM9_ESM.xlsx	6edb01e329d622100da30c47cd8eeaf7589a325d2ab94fb06f27c0f088a7f131	Supplemental Table 7		A249	https://media.springernature.com/original/springer-static/esm/art%3A10.1038%2Fs41586-026-10982-x/MediaObjects/41586_2026_10982_MOESM9_ESM.xlsx
Tiam1:Hcls1	Tiam1	Hcls1	ENSMUSG00000002489.17	ENSMUSG00000022831.15	Mus musculus	GRCm39	GENCODE M28	True	True	False	False	1		unavailable_read_to_sample_mapping	unknown	unknown		supplementary_table_3;supplementary_table_4;gencode_M28;supplementary_table_7;supplementary_table_8	https://www.nature.com/articles/s41586-026-10982-x	NanoString_only	True	ordered_gene_pair	not_audited_for_campaign	results/dataset_reconstruction/candidates.tsv	50a3dbce8e15446e75fc66e6656fed385fc923abb8a005919c04630afa305ac2	data/raw/41586_2026_10982_MOESM9_ESM.xlsx	6edb01e329d622100da30c47cd8eeaf7589a325d2ab94fb06f27c0f088a7f131	Supplemental Table 7	B86		https://media.springernature.com/original/springer-static/esm/art%3A10.1038%2Fs41586-026-10982-x/MediaObjects/41586_2026_10982_MOESM9_ESM.xlsx
Timm23:Ncoa4	Timm23	Ncoa4	ENSMUSG00000013701.14	ENSMUSG00000056234.16	Mus musculus	GRCm39	GENCODE M28	False	False	True	False	1		unavailable_read_to_sample_mapping	unknown	unknown		supplementary_table_3;supplementary_table_4;gencode_M28	https://www.nature.com/articles/s41586-026-10982-x	short_read_only	False	ordered_gene_pair	not_audited_for_campaign	results/dataset_reconstruction/candidates.tsv	50a3dbce8e15446e75fc66e6656fed385fc923abb8a005919c04630afa305ac2	data/raw/41586_2026_10982_MOESM9_ESM.xlsx	6edb01e329d622100da30c47cd8eeaf7589a325d2ab94fb06f27c0f088a7f131	Supplemental Table 7		A250	https://media.springernature.com/original/springer-static/esm/art%3A10.1038%2Fs41586-026-10982-x/MediaObjects/41586_2026_10982_MOESM9_ESM.xlsx
Tlr13:Pgk1	Tlr13	Pgk1	ENSMUSG00000033777.5	ENSMUSG00000062070.13	Mus musculus	GRCm39	GENCODE M28	False	False	True	False	2		unavailable_read_to_sample_mapping	unknown	unknown		supplementary_table_3;supplementary_table_4;gencode_M28	https://www.nature.com/articles/s41586-026-10982-x	short_read_only	False	ordered_gene_pair	not_audited_for_campaign	results/dataset_reconstruction/candidates.tsv	50a3dbce8e15446e75fc66e6656fed385fc923abb8a005919c04630afa305ac2	data/raw/41586_2026_10982_MOESM9_ESM.xlsx	6edb01e329d622100da30c47cd8eeaf7589a325d2ab94fb06f27c0f088a7f131	Supplemental Table 7		A251	https://media.springernature.com/original/springer-static/esm/art%3A10.1038%2Fs41586-026-10982-x/MediaObjects/41586_2026_10982_MOESM9_ESM.xlsx
Tm9sf2:Pcca	Tm9sf2	Pcca	ENSMUSG00000025544.14	ENSMUSG00000041650.16	Mus musculus	GRCm39	GENCODE M28	False	False	True	False	1		unavailable_read_to_sample_mapping	unknown	unknown		supplementary_table_3;supplementary_table_4;gencode_M28	https://www.nature.com/articles/s41586-026-10982-x	short_read_only	False	ordered_gene_pair	not_audited_for_campaign	results/dataset_reconstruction/candidates.tsv	50a3dbce8e15446e75fc66e6656fed385fc923abb8a005919c04630afa305ac2	data/raw/41586_2026_10982_MOESM9_ESM.xlsx	6edb01e329d622100da30c47cd8eeaf7589a325d2ab94fb06f27c0f088a7f131	Supplemental Table 7		A252	https://media.springernature.com/original/springer-static/esm/art%3A10.1038%2Fs41586-026-10982-x/MediaObjects/41586_2026_10982_MOESM9_ESM.xlsx
Tmem134:Gpnmb	Tmem134	Gpnmb	ENSMUSG00000024845.20	ENSMUSG00000029816.11	Mus musculus	GRCm39	GENCODE M28	True	True	False	False	1		unavailable_read_to_sample_mapping	unknown	unknown		supplementary_table_3;supplementary_table_4;gencode_M28;supplementary_table_7;supplementary_table_8	https://www.nature.com/articles/s41586-026-10982-x	NanoString_only	True	ordered_gene_pair	not_audited_for_campaign	results/dataset_reconstruction/candidates.tsv	50a3dbce8e15446e75fc66e6656fed385fc923abb8a005919c04630afa305ac2	data/raw/41586_2026_10982_MOESM9_ESM.xlsx	6edb01e329d622100da30c47cd8eeaf7589a325d2ab94fb06f27c0f088a7f131	Supplemental Table 7	B87		https://media.springernature.com/original/springer-static/esm/art%3A10.1038%2Fs41586-026-10982-x/MediaObjects/41586_2026_10982_MOESM9_ESM.xlsx
Tmem134:H2-Q4	Tmem134	H2-Q4	ENSMUSG00000024845.20	ENSMUSG00000035929.12	Mus musculus	GRCm39	GENCODE M28	True	True	False	False	1		unavailable_read_to_sample_mapping	unknown	unknown		supplementary_table_3;supplementary_table_4;gencode_M28;supplementary_table_7;supplementary_table_8	https://www.nature.com/articles/s41586-026-10982-x	NanoString_only	True	ordered_gene_pair	not_audited_for_campaign	results/dataset_reconstruction/candidates.tsv	50a3dbce8e15446e75fc66e6656fed385fc923abb8a005919c04630afa305ac2	data/raw/41586_2026_10982_MOESM9_ESM.xlsx	6edb01e329d622100da30c47cd8eeaf7589a325d2ab94fb06f27c0f088a7f131	Supplemental Table 7	B88		https://media.springernature.com/original/springer-static/esm/art%3A10.1038%2Fs41586-026-10982-x/MediaObjects/41586_2026_10982_MOESM9_ESM.xlsx
Tmem14a:Gsta3	Tmem14a	Gsta3	ENSMUSG00000025933.16	ENSMUSG00000025934.16	Mus musculus	GRCm39	GENCODE M28	False	False	True	False	1		unavailable_read_to_sample_mapping	unknown	unknown		supplementary_table_3;supplementary_table_4;gencode_M28	https://www.nature.com/articles/s41586-026-10982-x	short_read_only	False	ordered_gene_pair	not_audited_for_campaign	results/dataset_reconstruction/candidates.tsv	50a3dbce8e15446e75fc66e6656fed385fc923abb8a005919c04630afa305ac2	data/raw/41586_2026_10982_MOESM9_ESM.xlsx	6edb01e329d622100da30c47cd8eeaf7589a325d2ab94fb06f27c0f088a7f131	Supplemental Table 7		A253	https://media.springernature.com/original/springer-static/esm/art%3A10.1038%2Fs41586-026-10982-x/MediaObjects/41586_2026_10982_MOESM9_ESM.xlsx
Tmem242:Xdh	Tmem242	Xdh	ENSMUSG00000004945.16	ENSMUSG00000024066.10	Mus musculus	GRCm39	GENCODE M28	False	False	True	False	1		unavailable_read_to_sample_mapping	unknown	unknown		supplementary_table_3;supplementary_table_4;gencode_M28	https://www.nature.com/articles/s41586-026-10982-x	short_read_only	False	ordered_gene_pair	not_audited_for_campaign	results/dataset_reconstruction/candidates.tsv	50a3dbce8e15446e75fc66e6656fed385fc923abb8a005919c04630afa305ac2	data/raw/41586_2026_10982_MOESM9_ESM.xlsx	6edb01e329d622100da30c47cd8eeaf7589a325d2ab94fb06f27c0f088a7f131	Supplemental Table 7		A254	https://media.springernature.com/original/springer-static/esm/art%3A10.1038%2Fs41586-026-10982-x/MediaObjects/41586_2026_10982_MOESM9_ESM.xlsx
Tmem38b:Uty	Tmem38b	Uty	ENSMUSG00000028420.14	ENSMUSG00000068457.15	Mus musculus	GRCm39	GENCODE M28	True	True	False	False	1		unavailable_read_to_sample_mapping	unknown	unknown		supplementary_table_3;supplementary_table_4;gencode_M28;supplementary_table_7;supplementary_table_8	https://www.nature.com/articles/s41586-026-10982-x	NanoString_only	True	ordered_gene_pair	not_audited_for_campaign	results/dataset_reconstruction/candidates.tsv	50a3dbce8e15446e75fc66e6656fed385fc923abb8a005919c04630afa305ac2	data/raw/41586_2026_10982_MOESM9_ESM.xlsx	6edb01e329d622100da30c47cd8eeaf7589a325d2ab94fb06f27c0f088a7f131	Supplemental Table 7	B89		https://media.springernature.com/original/springer-static/esm/art%3A10.1038%2Fs41586-026-10982-x/MediaObjects/41586_2026_10982_MOESM9_ESM.xlsx
Tmem63a:Aim2	Tmem63a	Aim2	ENSMUSG00000026519.17	ENSMUSG00000037860.16	Mus musculus	GRCm39	GENCODE M28	True	True	False	False	1		unavailable_read_to_sample_mapping	unknown	unknown		supplementary_table_3;supplementary_table_4;gencode_M28;supplementary_table_7;supplementary_table_8	https://www.nature.com/articles/s41586-026-10982-x	NanoString_only	True	ordered_gene_pair	not_audited_for_campaign	results/dataset_reconstruction/candidates.tsv	50a3dbce8e15446e75fc66e6656fed385fc923abb8a005919c04630afa305ac2	data/raw/41586_2026_10982_MOESM9_ESM.xlsx	6edb01e329d622100da30c47cd8eeaf7589a325d2ab94fb06f27c0f088a7f131	Supplemental Table 7	B90		https://media.springernature.com/original/springer-static/esm/art%3A10.1038%2Fs41586-026-10982-x/MediaObjects/41586_2026_10982_MOESM9_ESM.xlsx
Tmx3:Gm45871	Tmx3	Gm45871	ENSMUSG00000024614.8	ENSMUSG00000110277.3	Mus musculus	GRCm39	GENCODE M28	False	False	True	False	3		unavailable_read_to_sample_mapping	unknown	unknown		supplementary_table_3;supplementary_table_4;gencode_M28	https://www.nature.com/articles/s41586-026-10982-x	short_read_only	False	ordered_gene_pair	not_audited_for_campaign	results/dataset_reconstruction/candidates.tsv	50a3dbce8e15446e75fc66e6656fed385fc923abb8a005919c04630afa305ac2	data/raw/41586_2026_10982_MOESM9_ESM.xlsx	6edb01e329d622100da30c47cd8eeaf7589a325d2ab94fb06f27c0f088a7f131	Supplemental Table 7		A255	https://media.springernature.com/original/springer-static/esm/art%3A10.1038%2Fs41586-026-10982-x/MediaObjects/41586_2026_10982_MOESM9_ESM.xlsx
Tnfrsf1b:Dhrs3	Tnfrsf1b	Dhrs3	ENSMUSG00000028599.11	ENSMUSG00000066026.15	Mus musculus	GRCm39	GENCODE M28	True	True	True	True	3		unavailable_read_to_sample_mapping	unknown	unknown		supplementary_table_3;supplementary_table_4;gencode_M28;supplementary_table_7;supplementary_table_8	https://www.nature.com/articles/s41586-026-10982-x	both	True	ordered_gene_pair	not_audited_for_campaign	results/dataset_reconstruction/candidates.tsv	50a3dbce8e15446e75fc66e6656fed385fc923abb8a005919c04630afa305ac2	data/raw/41586_2026_10982_MOESM9_ESM.xlsx	6edb01e329d622100da30c47cd8eeaf7589a325d2ab94fb06f27c0f088a7f131	Supplemental Table 7	B91	A256	https://media.springernature.com/original/springer-static/esm/art%3A10.1038%2Fs41586-026-10982-x/MediaObjects/41586_2026_10982_MOESM9_ESM.xlsx
Tnfrsf1b:Neurl3	Tnfrsf1b	Neurl3	ENSMUSG00000028599.11	ENSMUSG00000047180.9	Mus musculus	GRCm39	GENCODE M28	False	False	True	False	1		unavailable_read_to_sample_mapping	unknown	unknown		supplementary_table_3;supplementary_table_4;gencode_M28	https://www.nature.com/articles/s41586-026-10982-x	short_read_only	False	ordered_gene_pair	not_audited_for_campaign	results/dataset_reconstruction/candidates.tsv	50a3dbce8e15446e75fc66e6656fed385fc923abb8a005919c04630afa305ac2	data/raw/41586_2026_10982_MOESM9_ESM.xlsx	6edb01e329d622100da30c47cd8eeaf7589a325d2ab94fb06f27c0f088a7f131	Supplemental Table 7		A257	https://media.springernature.com/original/springer-static/esm/art%3A10.1038%2Fs41586-026-10982-x/MediaObjects/41586_2026_10982_MOESM9_ESM.xlsx
Tnfrsf1b:Prxl2b	Tnfrsf1b	Prxl2b	ENSMUSG00000028599.11	ENSMUSG00000029059.10	Mus musculus	GRCm39	GENCODE M28	True	True	False	False	1		unavailable_read_to_sample_mapping	unknown	unknown		supplementary_table_3;supplementary_table_4;gencode_M28;supplementary_table_7;supplementary_table_8	https://www.nature.com/articles/s41586-026-10982-x	NanoString_only	True	ordered_gene_pair	not_audited_for_campaign	results/dataset_reconstruction/candidates.tsv	50a3dbce8e15446e75fc66e6656fed385fc923abb8a005919c04630afa305ac2	data/raw/41586_2026_10982_MOESM9_ESM.xlsx	6edb01e329d622100da30c47cd8eeaf7589a325d2ab94fb06f27c0f088a7f131	Supplemental Table 7	B92		https://media.springernature.com/original/springer-static/esm/art%3A10.1038%2Fs41586-026-10982-x/MediaObjects/41586_2026_10982_MOESM9_ESM.xlsx
Tns3:Rab33b	Tns3	Rab33b	ENSMUSG00000020422.15	ENSMUSG00000027739.10	Mus musculus	GRCm39	GENCODE M28	True	True	False	False	1		unavailable_read_to_sample_mapping	unknown	unknown		supplementary_table_3;supplementary_table_4;gencode_M28;supplementary_table_7;supplementary_table_8	https://www.nature.com/articles/s41586-026-10982-x	NanoString_only	True	ordered_gene_pair	not_audited_for_campaign	results/dataset_reconstruction/candidates.tsv	50a3dbce8e15446e75fc66e6656fed385fc923abb8a005919c04630afa305ac2	data/raw/41586_2026_10982_MOESM9_ESM.xlsx	6edb01e329d622100da30c47cd8eeaf7589a325d2ab94fb06f27c0f088a7f131	Supplemental Table 7	B93		https://media.springernature.com/original/springer-static/esm/art%3A10.1038%2Fs41586-026-10982-x/MediaObjects/41586_2026_10982_MOESM9_ESM.xlsx
Tomm70a:Ltn1	Tomm70a	Ltn1	ENSMUSG00000022752.10	ENSMUSG00000052299.10	Mus musculus	GRCm39	GENCODE M28	True	True	False	False	1		unavailable_read_to_sample_mapping	unknown	unknown		supplementary_table_3;supplementary_table_4;gencode_M28;supplementary_table_7;supplementary_table_8	https://www.nature.com/articles/s41586-026-10982-x	NanoString_only	True	ordered_gene_pair	not_audited_for_campaign	results/dataset_reconstruction/candidates.tsv	50a3dbce8e15446e75fc66e6656fed385fc923abb8a005919c04630afa305ac2	data/raw/41586_2026_10982_MOESM9_ESM.xlsx	6edb01e329d622100da30c47cd8eeaf7589a325d2ab94fb06f27c0f088a7f131	Supplemental Table 7	B94		https://media.springernature.com/original/springer-static/esm/art%3A10.1038%2Fs41586-026-10982-x/MediaObjects/41586_2026_10982_MOESM9_ESM.xlsx
Tpd52:Mrps28	Tpd52	Mrps28	ENSMUSG00000027506.16	ENSMUSG00000040269.6	Mus musculus	GRCm39	GENCODE M28	False	False	True	False	10		unavailable_read_to_sample_mapping	unknown	unknown		supplementary_table_3;supplementary_table_4;gencode_M28	https://www.nature.com/articles/s41586-026-10982-x	short_read_only	False	ordered_gene_pair	not_audited_for_campaign	results/dataset_reconstruction/candidates.tsv	50a3dbce8e15446e75fc66e6656fed385fc923abb8a005919c04630afa305ac2	data/raw/41586_2026_10982_MOESM9_ESM.xlsx	6edb01e329d622100da30c47cd8eeaf7589a325d2ab94fb06f27c0f088a7f131	Supplemental Table 7		A258	https://media.springernature.com/original/springer-static/esm/art%3A10.1038%2Fs41586-026-10982-x/MediaObjects/41586_2026_10982_MOESM9_ESM.xlsx
Tpd52l2:Cmtm7	Tpd52l2	Cmtm7	ENSMUSG00000000827.19	ENSMUSG00000032436.18	Mus musculus	GRCm39	GENCODE M28	True	True	False	False	1		unavailable_read_to_sample_mapping	unknown	unknown		supplementary_table_3;supplementary_table_4;gencode_M28;supplementary_table_7;supplementary_table_8	https://www.nature.com/articles/s41586-026-10982-x	NanoString_only	True	ordered_gene_pair	not_audited_for_campaign	results/dataset_reconstruction/candidates.tsv	50a3dbce8e15446e75fc66e6656fed385fc923abb8a005919c04630afa305ac2	data/raw/41586_2026_10982_MOESM9_ESM.xlsx	6edb01e329d622100da30c47cd8eeaf7589a325d2ab94fb06f27c0f088a7f131	Supplemental Table 7	B95		https://media.springernature.com/original/springer-static/esm/art%3A10.1038%2Fs41586-026-10982-x/MediaObjects/41586_2026_10982_MOESM9_ESM.xlsx
Tpm3:Ubr5	Tpm3	Ubr5	ENSMUSG00000027940.19	ENSMUSG00000037487.8	Mus musculus	GRCm39	GENCODE M28	True	True	False	False	1		unavailable_read_to_sample_mapping	unknown	unknown		supplementary_table_3;supplementary_table_4;gencode_M28;supplementary_table_7;supplementary_table_8	https://www.nature.com/articles/s41586-026-10982-x	NanoString_only	True	ordered_gene_pair	not_audited_for_campaign	results/dataset_reconstruction/candidates.tsv	50a3dbce8e15446e75fc66e6656fed385fc923abb8a005919c04630afa305ac2	data/raw/41586_2026_10982_MOESM9_ESM.xlsx	6edb01e329d622100da30c47cd8eeaf7589a325d2ab94fb06f27c0f088a7f131	Supplemental Table 7	B96		https://media.springernature.com/original/springer-static/esm/art%3A10.1038%2Fs41586-026-10982-x/MediaObjects/41586_2026_10982_MOESM9_ESM.xlsx
Trafd1:Rabggta	Trafd1	Rabggta	ENSMUSG00000042726.15	ENSMUSG00000040472.16	Mus musculus	GRCm39	GENCODE M28	False	False	True	False	1		unavailable_read_to_sample_mapping	unknown	unknown		supplementary_table_3;supplementary_table_4;gencode_M28	https://www.nature.com/articles/s41586-026-10982-x	short_read_only	False	ordered_gene_pair	not_audited_for_campaign	results/dataset_reconstruction/candidates.tsv	50a3dbce8e15446e75fc66e6656fed385fc923abb8a005919c04630afa305ac2	data/raw/41586_2026_10982_MOESM9_ESM.xlsx	6edb01e329d622100da30c47cd8eeaf7589a325d2ab94fb06f27c0f088a7f131	Supplemental Table 7		A259	https://media.springernature.com/original/springer-static/esm/art%3A10.1038%2Fs41586-026-10982-x/MediaObjects/41586_2026_10982_MOESM9_ESM.xlsx
Trappc3:Psmb2	Trappc3	Psmb2	ENSMUSG00000028847.9	ENSMUSG00000028837.9	Mus musculus	GRCm39	GENCODE M28	False	False	True	False	1		unavailable_read_to_sample_mapping	unknown	unknown		supplementary_table_3;supplementary_table_4;gencode_M28	https://www.nature.com/articles/s41586-026-10982-x	short_read_only	False	ordered_gene_pair	not_audited_for_campaign	results/dataset_reconstruction/candidates.tsv	50a3dbce8e15446e75fc66e6656fed385fc923abb8a005919c04630afa305ac2	data/raw/41586_2026_10982_MOESM9_ESM.xlsx	6edb01e329d622100da30c47cd8eeaf7589a325d2ab94fb06f27c0f088a7f131	Supplemental Table 7		A260	https://media.springernature.com/original/springer-static/esm/art%3A10.1038%2Fs41586-026-10982-x/MediaObjects/41586_2026_10982_MOESM9_ESM.xlsx
Trdmt1:Rsu1	Trdmt1	Rsu1	ENSMUSG00000026723.11	ENSMUSG00000026727.11	Mus musculus	GRCm39	GENCODE M28	False	False	True	False	1		unavailable_read_to_sample_mapping	unknown	unknown		supplementary_table_3;supplementary_table_4;gencode_M28	https://www.nature.com/articles/s41586-026-10982-x	short_read_only	False	ordered_gene_pair	not_audited_for_campaign	results/dataset_reconstruction/candidates.tsv	50a3dbce8e15446e75fc66e6656fed385fc923abb8a005919c04630afa305ac2	data/raw/41586_2026_10982_MOESM9_ESM.xlsx	6edb01e329d622100da30c47cd8eeaf7589a325d2ab94fb06f27c0f088a7f131	Supplemental Table 7		A261	https://media.springernature.com/original/springer-static/esm/art%3A10.1038%2Fs41586-026-10982-x/MediaObjects/41586_2026_10982_MOESM9_ESM.xlsx
Tspan5:Eif4e	Tspan5	Eif4e	ENSMUSG00000028152.11	ENSMUSG00000028156.13	Mus musculus	GRCm39	GENCODE M28	True	False	True	False	1		unavailable_read_to_sample_mapping	unknown	unknown		supplementary_table_3;supplementary_table_4;gencode_M28;supplementary_table_7;supplementary_table_8	https://www.nature.com/articles/s41586-026-10982-x	short_read_only	False	ordered_gene_pair	not_audited_for_campaign	results/dataset_reconstruction/candidates.tsv	50a3dbce8e15446e75fc66e6656fed385fc923abb8a005919c04630afa305ac2	data/raw/41586_2026_10982_MOESM9_ESM.xlsx	6edb01e329d622100da30c47cd8eeaf7589a325d2ab94fb06f27c0f088a7f131	Supplemental Table 7		A262	https://media.springernature.com/original/springer-static/esm/art%3A10.1038%2Fs41586-026-10982-x/MediaObjects/41586_2026_10982_MOESM9_ESM.xlsx
Tspan5:Metap1	Tspan5	Metap1	ENSMUSG00000028152.11	ENSMUSG00000005813.13	Mus musculus	GRCm39	GENCODE M28	False	False	True	False	1		unavailable_read_to_sample_mapping	unknown	unknown		supplementary_table_3;supplementary_table_4;gencode_M28	https://www.nature.com/articles/s41586-026-10982-x	short_read_only	False	ordered_gene_pair	not_audited_for_campaign	results/dataset_reconstruction/candidates.tsv	50a3dbce8e15446e75fc66e6656fed385fc923abb8a005919c04630afa305ac2	data/raw/41586_2026_10982_MOESM9_ESM.xlsx	6edb01e329d622100da30c47cd8eeaf7589a325d2ab94fb06f27c0f088a7f131	Supplemental Table 7		A263	https://media.springernature.com/original/springer-static/esm/art%3A10.1038%2Fs41586-026-10982-x/MediaObjects/41586_2026_10982_MOESM9_ESM.xlsx
Txlng:Ctps2	Txlng	Ctps2	ENSMUSG00000038344.15	ENSMUSG00000031360.15	Mus musculus	GRCm39	GENCODE M28	False	False	True	False	2		unavailable_read_to_sample_mapping	unknown	unknown		supplementary_table_3;supplementary_table_4;gencode_M28	https://www.nature.com/articles/s41586-026-10982-x	short_read_only	False	ordered_gene_pair	not_audited_for_campaign	results/dataset_reconstruction/candidates.tsv	50a3dbce8e15446e75fc66e6656fed385fc923abb8a005919c04630afa305ac2	data/raw/41586_2026_10982_MOESM9_ESM.xlsx	6edb01e329d622100da30c47cd8eeaf7589a325d2ab94fb06f27c0f088a7f131	Supplemental Table 7		A264	https://media.springernature.com/original/springer-static/esm/art%3A10.1038%2Fs41586-026-10982-x/MediaObjects/41586_2026_10982_MOESM9_ESM.xlsx
Tyrobp:B2m	Tyrobp	B2m	ENSMUSG00000030579.11	ENSMUSG00000060802.9	Mus musculus	GRCm39	GENCODE M28	True	True	False	False	2		unavailable_read_to_sample_mapping	unknown	unknown		supplementary_table_3;supplementary_table_4;gencode_M28;supplementary_table_7;supplementary_table_8	https://www.nature.com/articles/s41586-026-10982-x	NanoString_only	True	ordered_gene_pair	not_audited_for_campaign	results/dataset_reconstruction/candidates.tsv	50a3dbce8e15446e75fc66e6656fed385fc923abb8a005919c04630afa305ac2	data/raw/41586_2026_10982_MOESM9_ESM.xlsx	6edb01e329d622100da30c47cd8eeaf7589a325d2ab94fb06f27c0f088a7f131	Supplemental Table 7	B97		https://media.springernature.com/original/springer-static/esm/art%3A10.1038%2Fs41586-026-10982-x/MediaObjects/41586_2026_10982_MOESM9_ESM.xlsx
Tyrobp:Ifi204	Tyrobp	Ifi204	ENSMUSG00000030579.11	ENSMUSG00000073489.7	Mus musculus	GRCm39	GENCODE M28	False	False	True	False	1		unavailable_read_to_sample_mapping	unknown	unknown		supplementary_table_3;supplementary_table_4;gencode_M28	https://www.nature.com/articles/s41586-026-10982-x	short_read_only	False	ordered_gene_pair	not_audited_for_campaign	results/dataset_reconstruction/candidates.tsv	50a3dbce8e15446e75fc66e6656fed385fc923abb8a005919c04630afa305ac2	data/raw/41586_2026_10982_MOESM9_ESM.xlsx	6edb01e329d622100da30c47cd8eeaf7589a325d2ab94fb06f27c0f088a7f131	Supplemental Table 7		A265	https://media.springernature.com/original/springer-static/esm/art%3A10.1038%2Fs41586-026-10982-x/MediaObjects/41586_2026_10982_MOESM9_ESM.xlsx
Ube2d2a:Cxxc5	Ube2d2a	Cxxc5	ENSMUSG00000091896.9	ENSMUSG00000046668.10	Mus musculus	GRCm39	GENCODE M28	False	False	True	False	1		unavailable_read_to_sample_mapping	unknown	unknown		supplementary_table_3;supplementary_table_4;gencode_M28	https://www.nature.com/articles/s41586-026-10982-x	short_read_only	False	ordered_gene_pair	not_audited_for_campaign	results/dataset_reconstruction/candidates.tsv	50a3dbce8e15446e75fc66e6656fed385fc923abb8a005919c04630afa305ac2	data/raw/41586_2026_10982_MOESM9_ESM.xlsx	6edb01e329d622100da30c47cd8eeaf7589a325d2ab94fb06f27c0f088a7f131	Supplemental Table 7		A266	https://media.springernature.com/original/springer-static/esm/art%3A10.1038%2Fs41586-026-10982-x/MediaObjects/41586_2026_10982_MOESM9_ESM.xlsx
Ube2g1:Skap2	Ube2g1	Skap2	ENSMUSG00000020794.14	ENSMUSG00000059182.9	Mus musculus	GRCm39	GENCODE M28	True	True	False	False	1		unavailable_read_to_sample_mapping	unknown	unknown		supplementary_table_3;supplementary_table_4;gencode_M28;supplementary_table_7;supplementary_table_8	https://www.nature.com/articles/s41586-026-10982-x	NanoString_only	True	ordered_gene_pair	not_audited_for_campaign	results/dataset_reconstruction/candidates.tsv	50a3dbce8e15446e75fc66e6656fed385fc923abb8a005919c04630afa305ac2	data/raw/41586_2026_10982_MOESM9_ESM.xlsx	6edb01e329d622100da30c47cd8eeaf7589a325d2ab94fb06f27c0f088a7f131	Supplemental Table 7	B98		https://media.springernature.com/original/springer-static/esm/art%3A10.1038%2Fs41586-026-10982-x/MediaObjects/41586_2026_10982_MOESM9_ESM.xlsx
Ube4b:Oas1a	Ube4b	Oas1a	ENSMUSG00000028960.21	ENSMUSG00000052776.11	Mus musculus	GRCm39	GENCODE M28	True	True	False	False	1		unavailable_read_to_sample_mapping	unknown	unknown		supplementary_table_3;supplementary_table_4;gencode_M28;supplementary_table_7;supplementary_table_8	https://www.nature.com/articles/s41586-026-10982-x	NanoString_only	True	ordered_gene_pair	not_audited_for_campaign	results/dataset_reconstruction/candidates.tsv	50a3dbce8e15446e75fc66e6656fed385fc923abb8a005919c04630afa305ac2	data/raw/41586_2026_10982_MOESM9_ESM.xlsx	6edb01e329d622100da30c47cd8eeaf7589a325d2ab94fb06f27c0f088a7f131	Supplemental Table 7	B99		https://media.springernature.com/original/springer-static/esm/art%3A10.1038%2Fs41586-026-10982-x/MediaObjects/41586_2026_10982_MOESM9_ESM.xlsx
Uhrf1bp1l:1810058I24Rik	Uhrf1bp1l	1810058I24Rik	ENSMUSG00000019951.11	ENSMUSG00000073155.13	Mus musculus	GRCm39	GENCODE M28	True	True	False	False	1		unavailable_read_to_sample_mapping	unknown	unknown		supplementary_table_3;supplementary_table_4;gencode_M28;supplementary_table_7;supplementary_table_8	https://www.nature.com/articles/s41586-026-10982-x	NanoString_only	True	ordered_gene_pair	not_audited_for_campaign	results/dataset_reconstruction/candidates.tsv	50a3dbce8e15446e75fc66e6656fed385fc923abb8a005919c04630afa305ac2	data/raw/41586_2026_10982_MOESM9_ESM.xlsx	6edb01e329d622100da30c47cd8eeaf7589a325d2ab94fb06f27c0f088a7f131	Supplemental Table 7	B100		https://media.springernature.com/original/springer-static/esm/art%3A10.1038%2Fs41586-026-10982-x/MediaObjects/41586_2026_10982_MOESM9_ESM.xlsx
Utrn:Pex7	Utrn	Pex7	ENSMUSG00000019820.12	ENSMUSG00000020003.17	Mus musculus	GRCm39	GENCODE M28	True	True	False	False	1		unavailable_read_to_sample_mapping	unknown	unknown		supplementary_table_3;supplementary_table_4;gencode_M28;supplementary_table_7;supplementary_table_8	https://www.nature.com/articles/s41586-026-10982-x	NanoString_only	True	ordered_gene_pair	not_audited_for_campaign	results/dataset_reconstruction/candidates.tsv	50a3dbce8e15446e75fc66e6656fed385fc923abb8a005919c04630afa305ac2	data/raw/41586_2026_10982_MOESM9_ESM.xlsx	6edb01e329d622100da30c47cd8eeaf7589a325d2ab94fb06f27c0f088a7f131	Supplemental Table 7	B101		https://media.springernature.com/original/springer-static/esm/art%3A10.1038%2Fs41586-026-10982-x/MediaObjects/41586_2026_10982_MOESM9_ESM.xlsx
Uvrag:Gm47754	Uvrag	Gm47754	ENSMUSG00000035354.10	ENSMUSG00000114784.2	Mus musculus	GRCm39	GENCODE M28	True	True	False	False	1		unavailable_read_to_sample_mapping	unknown	unknown		supplementary_table_3;supplementary_table_4;gencode_M28;supplementary_table_7;supplementary_table_8	https://www.nature.com/articles/s41586-026-10982-x	NanoString_only	True	ordered_gene_pair	not_audited_for_campaign	results/dataset_reconstruction/candidates.tsv	50a3dbce8e15446e75fc66e6656fed385fc923abb8a005919c04630afa305ac2	data/raw/41586_2026_10982_MOESM9_ESM.xlsx	6edb01e329d622100da30c47cd8eeaf7589a325d2ab94fb06f27c0f088a7f131	Supplemental Table 7	B102		https://media.springernature.com/original/springer-static/esm/art%3A10.1038%2Fs41586-026-10982-x/MediaObjects/41586_2026_10982_MOESM9_ESM.xlsx
Vapb:Gnas	Vapb	Gnas	ENSMUSG00000054455.6	ENSMUSG00000027523.21	Mus musculus	GRCm39	GENCODE M28	False	False	True	False	1		unavailable_read_to_sample_mapping	unknown	unknown		supplementary_table_3;supplementary_table_4;gencode_M28	https://www.nature.com/articles/s41586-026-10982-x	short_read_only	False	ordered_gene_pair	not_audited_for_campaign	results/dataset_reconstruction/candidates.tsv	50a3dbce8e15446e75fc66e6656fed385fc923abb8a005919c04630afa305ac2	data/raw/41586_2026_10982_MOESM9_ESM.xlsx	6edb01e329d622100da30c47cd8eeaf7589a325d2ab94fb06f27c0f088a7f131	Supplemental Table 7		A267	https://media.springernature.com/original/springer-static/esm/art%3A10.1038%2Fs41586-026-10982-x/MediaObjects/41586_2026_10982_MOESM9_ESM.xlsx
Vdac1:9530068E07Rik	Vdac1	9530068E07Rik	ENSMUSG00000020402.12	ENSMUSG00000036275.14	Mus musculus	GRCm39	GENCODE M28	False	False	True	False	3		unavailable_read_to_sample_mapping	unknown	unknown		supplementary_table_3;supplementary_table_4;gencode_M28	https://www.nature.com/articles/s41586-026-10982-x	short_read_only	False	ordered_gene_pair	not_audited_for_campaign	results/dataset_reconstruction/candidates.tsv	50a3dbce8e15446e75fc66e6656fed385fc923abb8a005919c04630afa305ac2	data/raw/41586_2026_10982_MOESM9_ESM.xlsx	6edb01e329d622100da30c47cd8eeaf7589a325d2ab94fb06f27c0f088a7f131	Supplemental Table 7		A268	https://media.springernature.com/original/springer-static/esm/art%3A10.1038%2Fs41586-026-10982-x/MediaObjects/41586_2026_10982_MOESM9_ESM.xlsx
Vopp1:Lancl2	Vopp1	Lancl2	ENSMUSG00000037788.15	ENSMUSG00000062190.13	Mus musculus	GRCm39	GENCODE M28	False	False	True	False	1		unavailable_read_to_sample_mapping	unknown	unknown		supplementary_table_3;supplementary_table_4;gencode_M28	https://www.nature.com/articles/s41586-026-10982-x	short_read_only	False	ordered_gene_pair	not_audited_for_campaign	results/dataset_reconstruction/candidates.tsv	50a3dbce8e15446e75fc66e6656fed385fc923abb8a005919c04630afa305ac2	data/raw/41586_2026_10982_MOESM9_ESM.xlsx	6edb01e329d622100da30c47cd8eeaf7589a325d2ab94fb06f27c0f088a7f131	Supplemental Table 7		A269	https://media.springernature.com/original/springer-static/esm/art%3A10.1038%2Fs41586-026-10982-x/MediaObjects/41586_2026_10982_MOESM9_ESM.xlsx
Vps41:Rala	Vps41	Rala	ENSMUSG00000041236.9	ENSMUSG00000008859.9	Mus musculus	GRCm39	GENCODE M28	False	False	True	False	1		unavailable_read_to_sample_mapping	unknown	unknown		supplementary_table_3;supplementary_table_4;gencode_M28	https://www.nature.com/articles/s41586-026-10982-x	short_read_only	False	ordered_gene_pair	not_audited_for_campaign	results/dataset_reconstruction/candidates.tsv	50a3dbce8e15446e75fc66e6656fed385fc923abb8a005919c04630afa305ac2	data/raw/41586_2026_10982_MOESM9_ESM.xlsx	6edb01e329d622100da30c47cd8eeaf7589a325d2ab94fb06f27c0f088a7f131	Supplemental Table 7		A270	https://media.springernature.com/original/springer-static/esm/art%3A10.1038%2Fs41586-026-10982-x/MediaObjects/41586_2026_10982_MOESM9_ESM.xlsx
Vrk2:Gm20717	Vrk2	Gm20717	ENSMUSG00000064090.15	ENSMUSG00000093695.3	Mus musculus	GRCm39	GENCODE M28	True	True	False	False	1		unavailable_read_to_sample_mapping	unknown	unknown		supplementary_table_3;supplementary_table_4;gencode_M28;supplementary_table_7;supplementary_table_8	https://www.nature.com/articles/s41586-026-10982-x	NanoString_only	True	ordered_gene_pair	not_audited_for_campaign	results/dataset_reconstruction/candidates.tsv	50a3dbce8e15446e75fc66e6656fed385fc923abb8a005919c04630afa305ac2	data/raw/41586_2026_10982_MOESM9_ESM.xlsx	6edb01e329d622100da30c47cd8eeaf7589a325d2ab94fb06f27c0f088a7f131	Supplemental Table 7	B103		https://media.springernature.com/original/springer-static/esm/art%3A10.1038%2Fs41586-026-10982-x/MediaObjects/41586_2026_10982_MOESM9_ESM.xlsx
Vrk2:Rtn4	Vrk2	Rtn4	ENSMUSG00000064090.15	ENSMUSG00000020458.17	Mus musculus	GRCm39	GENCODE M28	False	False	True	False	1		unavailable_read_to_sample_mapping	unknown	unknown		supplementary_table_3;supplementary_table_4;gencode_M28	https://www.nature.com/articles/s41586-026-10982-x	short_read_only	False	ordered_gene_pair	not_audited_for_campaign	results/dataset_reconstruction/candidates.tsv	50a3dbce8e15446e75fc66e6656fed385fc923abb8a005919c04630afa305ac2	data/raw/41586_2026_10982_MOESM9_ESM.xlsx	6edb01e329d622100da30c47cd8eeaf7589a325d2ab94fb06f27c0f088a7f131	Supplemental Table 7		A271	https://media.springernature.com/original/springer-static/esm/art%3A10.1038%2Fs41586-026-10982-x/MediaObjects/41586_2026_10982_MOESM9_ESM.xlsx
Vsir:Dctn6	Vsir	Dctn6	ENSMUSG00000020101.15	ENSMUSG00000031516.12	Mus musculus	GRCm39	GENCODE M28	True	True	False	False	1		unavailable_read_to_sample_mapping	unknown	unknown		supplementary_table_3;supplementary_table_4;gencode_M28;supplementary_table_7;supplementary_table_8	https://www.nature.com/articles/s41586-026-10982-x	NanoString_only	True	ordered_gene_pair	not_audited_for_campaign	results/dataset_reconstruction/candidates.tsv	50a3dbce8e15446e75fc66e6656fed385fc923abb8a005919c04630afa305ac2	data/raw/41586_2026_10982_MOESM9_ESM.xlsx	6edb01e329d622100da30c47cd8eeaf7589a325d2ab94fb06f27c0f088a7f131	Supplemental Table 7	B104		https://media.springernature.com/original/springer-static/esm/art%3A10.1038%2Fs41586-026-10982-x/MediaObjects/41586_2026_10982_MOESM9_ESM.xlsx
Vti1a:Rtn3	Vti1a	Rtn3	ENSMUSG00000024983.11	ENSMUSG00000024758.16	Mus musculus	GRCm39	GENCODE M28	False	False	True	False	1		unavailable_read_to_sample_mapping	unknown	unknown		supplementary_table_3;supplementary_table_4;gencode_M28	https://www.nature.com/articles/s41586-026-10982-x	short_read_only	False	ordered_gene_pair	not_audited_for_campaign	results/dataset_reconstruction/candidates.tsv	50a3dbce8e15446e75fc66e6656fed385fc923abb8a005919c04630afa305ac2	data/raw/41586_2026_10982_MOESM9_ESM.xlsx	6edb01e329d622100da30c47cd8eeaf7589a325d2ab94fb06f27c0f088a7f131	Supplemental Table 7		A272	https://media.springernature.com/original/springer-static/esm/art%3A10.1038%2Fs41586-026-10982-x/MediaObjects/41586_2026_10982_MOESM9_ESM.xlsx
Vti1a:Trir	Vti1a	Trir	ENSMUSG00000024983.11	ENSMUSG00000041203.10	Mus musculus	GRCm39	GENCODE M28	True	True	False	False	1		unavailable_read_to_sample_mapping	unknown	unknown		supplementary_table_3;supplementary_table_4;gencode_M28;supplementary_table_7;supplementary_table_8	https://www.nature.com/articles/s41586-026-10982-x	NanoString_only	True	ordered_gene_pair	not_audited_for_campaign	results/dataset_reconstruction/candidates.tsv	50a3dbce8e15446e75fc66e6656fed385fc923abb8a005919c04630afa305ac2	data/raw/41586_2026_10982_MOESM9_ESM.xlsx	6edb01e329d622100da30c47cd8eeaf7589a325d2ab94fb06f27c0f088a7f131	Supplemental Table 7	B105		https://media.springernature.com/original/springer-static/esm/art%3A10.1038%2Fs41586-026-10982-x/MediaObjects/41586_2026_10982_MOESM9_ESM.xlsx
Washc3:Igf1	Washc3	Igf1	ENSMUSG00000020056.17	ENSMUSG00000020053.19	Mus musculus	GRCm39	GENCODE M28	False	False	True	False	1		unavailable_read_to_sample_mapping	unknown	unknown		supplementary_table_3;supplementary_table_4;gencode_M28	https://www.nature.com/articles/s41586-026-10982-x	short_read_only	False	ordered_gene_pair	not_audited_for_campaign	results/dataset_reconstruction/candidates.tsv	50a3dbce8e15446e75fc66e6656fed385fc923abb8a005919c04630afa305ac2	data/raw/41586_2026_10982_MOESM9_ESM.xlsx	6edb01e329d622100da30c47cd8eeaf7589a325d2ab94fb06f27c0f088a7f131	Supplemental Table 7		A273	https://media.springernature.com/original/springer-static/esm/art%3A10.1038%2Fs41586-026-10982-x/MediaObjects/41586_2026_10982_MOESM9_ESM.xlsx
Washc4:Riok2	Washc4	Riok2	ENSMUSG00000034560.7	ENSMUSG00000116564.2	Mus musculus	GRCm39	GENCODE M28	True	True	False	False	1		unavailable_read_to_sample_mapping	unknown	unknown		supplementary_table_3;supplementary_table_4;gencode_M28;supplementary_table_7;supplementary_table_8	https://www.nature.com/articles/s41586-026-10982-x	NanoString_only	True	ordered_gene_pair	not_audited_for_campaign	results/dataset_reconstruction/candidates.tsv	50a3dbce8e15446e75fc66e6656fed385fc923abb8a005919c04630afa305ac2	data/raw/41586_2026_10982_MOESM9_ESM.xlsx	6edb01e329d622100da30c47cd8eeaf7589a325d2ab94fb06f27c0f088a7f131	Supplemental Table 7	B106		https://media.springernature.com/original/springer-static/esm/art%3A10.1038%2Fs41586-026-10982-x/MediaObjects/41586_2026_10982_MOESM9_ESM.xlsx
Wdyhv1:Prdx1	Wdyhv1	Prdx1	ENSMUSG00000022359.11	ENSMUSG00000028691.13	Mus musculus	GRCm39	GENCODE M28	True	True	False	False	1		unavailable_read_to_sample_mapping	unknown	unknown		supplementary_table_3;supplementary_table_4;gencode_M28;supplementary_table_7;supplementary_table_8	https://www.nature.com/articles/s41586-026-10982-x	NanoString_only	True	ordered_gene_pair	not_audited_for_campaign	results/dataset_reconstruction/candidates.tsv	50a3dbce8e15446e75fc66e6656fed385fc923abb8a005919c04630afa305ac2	data/raw/41586_2026_10982_MOESM9_ESM.xlsx	6edb01e329d622100da30c47cd8eeaf7589a325d2ab94fb06f27c0f088a7f131	Supplemental Table 7	B107		https://media.springernature.com/original/springer-static/esm/art%3A10.1038%2Fs41586-026-10982-x/MediaObjects/41586_2026_10982_MOESM9_ESM.xlsx
Wwox:Maf	Wwox	Maf	ENSMUSG00000004637.16	ENSMUSG00000055435.7	Mus musculus	GRCm39	GENCODE M28	True	False	True	False	1		unavailable_read_to_sample_mapping	unknown	unknown		supplementary_table_3;supplementary_table_4;gencode_M28;supplementary_table_7;supplementary_table_8	https://www.nature.com/articles/s41586-026-10982-x	short_read_only	False	ordered_gene_pair	not_audited_for_campaign	results/dataset_reconstruction/candidates.tsv	50a3dbce8e15446e75fc66e6656fed385fc923abb8a005919c04630afa305ac2	data/raw/41586_2026_10982_MOESM9_ESM.xlsx	6edb01e329d622100da30c47cd8eeaf7589a325d2ab94fb06f27c0f088a7f131	Supplemental Table 7		A274	https://media.springernature.com/original/springer-static/esm/art%3A10.1038%2Fs41586-026-10982-x/MediaObjects/41586_2026_10982_MOESM9_ESM.xlsx
Wwox:Xdh	Wwox	Xdh	ENSMUSG00000004637.16	ENSMUSG00000024066.10	Mus musculus	GRCm39	GENCODE M28	False	False	True	False	1		unavailable_read_to_sample_mapping	unknown	unknown		supplementary_table_3;supplementary_table_4;gencode_M28	https://www.nature.com/articles/s41586-026-10982-x	short_read_only	False	ordered_gene_pair	not_audited_for_campaign	results/dataset_reconstruction/candidates.tsv	50a3dbce8e15446e75fc66e6656fed385fc923abb8a005919c04630afa305ac2	data/raw/41586_2026_10982_MOESM9_ESM.xlsx	6edb01e329d622100da30c47cd8eeaf7589a325d2ab94fb06f27c0f088a7f131	Supplemental Table 7		A275	https://media.springernature.com/original/springer-static/esm/art%3A10.1038%2Fs41586-026-10982-x/MediaObjects/41586_2026_10982_MOESM9_ESM.xlsx
Wwp1:Atp6v0d2	Wwp1	Atp6v0d2	ENSMUSG00000041058.16	ENSMUSG00000028238.7	Mus musculus	GRCm39	GENCODE M28	False	False	True	False	1		unavailable_read_to_sample_mapping	unknown	unknown		supplementary_table_3;supplementary_table_4;gencode_M28	https://www.nature.com/articles/s41586-026-10982-x	short_read_only	False	ordered_gene_pair	not_audited_for_campaign	results/dataset_reconstruction/candidates.tsv	50a3dbce8e15446e75fc66e6656fed385fc923abb8a005919c04630afa305ac2	data/raw/41586_2026_10982_MOESM9_ESM.xlsx	6edb01e329d622100da30c47cd8eeaf7589a325d2ab94fb06f27c0f088a7f131	Supplemental Table 7		A276	https://media.springernature.com/original/springer-static/esm/art%3A10.1038%2Fs41586-026-10982-x/MediaObjects/41586_2026_10982_MOESM9_ESM.xlsx
Yod1:AA986860	Yod1	AA986860	ENSMUSG00000046404.6	ENSMUSG00000042510.8	Mus musculus	GRCm39	GENCODE M28	False	False	True	False	2		unavailable_read_to_sample_mapping	unknown	unknown		supplementary_table_3;supplementary_table_4;gencode_M28	https://www.nature.com/articles/s41586-026-10982-x	short_read_only	False	ordered_gene_pair	not_audited_for_campaign	results/dataset_reconstruction/candidates.tsv	50a3dbce8e15446e75fc66e6656fed385fc923abb8a005919c04630afa305ac2	data/raw/41586_2026_10982_MOESM9_ESM.xlsx	6edb01e329d622100da30c47cd8eeaf7589a325d2ab94fb06f27c0f088a7f131	Supplemental Table 7		A277	https://media.springernature.com/original/springer-static/esm/art%3A10.1038%2Fs41586-026-10982-x/MediaObjects/41586_2026_10982_MOESM9_ESM.xlsx
Zbtb39:Rdh16f1	Zbtb39	Rdh16f1	ENSMUSG00000044617.9	ENSMUSG00000099009.2	Mus musculus	GRCm39	GENCODE M28	False	False	True	False	1		unavailable_read_to_sample_mapping	unknown	unknown		supplementary_table_3;supplementary_table_4;gencode_M28	https://www.nature.com/articles/s41586-026-10982-x	short_read_only	False	ordered_gene_pair	not_audited_for_campaign	results/dataset_reconstruction/candidates.tsv	50a3dbce8e15446e75fc66e6656fed385fc923abb8a005919c04630afa305ac2	data/raw/41586_2026_10982_MOESM9_ESM.xlsx	6edb01e329d622100da30c47cd8eeaf7589a325d2ab94fb06f27c0f088a7f131	Supplemental Table 7		A278	https://media.springernature.com/original/springer-static/esm/art%3A10.1038%2Fs41586-026-10982-x/MediaObjects/41586_2026_10982_MOESM9_ESM.xlsx
Zbtb40:Cdc42	Zbtb40	Cdc42	ENSMUSG00000060862.11	ENSMUSG00000006699.18	Mus musculus	GRCm39	GENCODE M28	False	False	True	False	1		unavailable_read_to_sample_mapping	unknown	unknown		supplementary_table_3;supplementary_table_4;gencode_M28	https://www.nature.com/articles/s41586-026-10982-x	short_read_only	False	ordered_gene_pair	not_audited_for_campaign	results/dataset_reconstruction/candidates.tsv	50a3dbce8e15446e75fc66e6656fed385fc923abb8a005919c04630afa305ac2	data/raw/41586_2026_10982_MOESM9_ESM.xlsx	6edb01e329d622100da30c47cd8eeaf7589a325d2ab94fb06f27c0f088a7f131	Supplemental Table 7		A279	https://media.springernature.com/original/springer-static/esm/art%3A10.1038%2Fs41586-026-10982-x/MediaObjects/41586_2026_10982_MOESM9_ESM.xlsx
Zc3h13:Lcp1	Zc3h13	Lcp1	ENSMUSG00000022000.12	ENSMUSG00000021998.17	Mus musculus	GRCm39	GENCODE M28	False	False	True	False	1		unavailable_read_to_sample_mapping	unknown	unknown		supplementary_table_3;supplementary_table_4;gencode_M28	https://www.nature.com/articles/s41586-026-10982-x	short_read_only	False	ordered_gene_pair	not_audited_for_campaign	results/dataset_reconstruction/candidates.tsv	50a3dbce8e15446e75fc66e6656fed385fc923abb8a005919c04630afa305ac2	data/raw/41586_2026_10982_MOESM9_ESM.xlsx	6edb01e329d622100da30c47cd8eeaf7589a325d2ab94fb06f27c0f088a7f131	Supplemental Table 7		A280	https://media.springernature.com/original/springer-static/esm/art%3A10.1038%2Fs41586-026-10982-x/MediaObjects/41586_2026_10982_MOESM9_ESM.xlsx
Zc3h7a:Ppp4r1	Zc3h7a	Ppp4r1	ENSMUSG00000037965.16	ENSMUSG00000061950.18	Mus musculus	GRCm39	GENCODE M28	True	True	False	False	1		unavailable_read_to_sample_mapping	unknown	unknown		supplementary_table_3;supplementary_table_4;gencode_M28;supplementary_table_7;supplementary_table_8	https://www.nature.com/articles/s41586-026-10982-x	NanoString_only	True	ordered_gene_pair	not_audited_for_campaign	results/dataset_reconstruction/candidates.tsv	50a3dbce8e15446e75fc66e6656fed385fc923abb8a005919c04630afa305ac2	data/raw/41586_2026_10982_MOESM9_ESM.xlsx	6edb01e329d622100da30c47cd8eeaf7589a325d2ab94fb06f27c0f088a7f131	Supplemental Table 7	B108		https://media.springernature.com/original/springer-static/esm/art%3A10.1038%2Fs41586-026-10982-x/MediaObjects/41586_2026_10982_MOESM9_ESM.xlsx
Zdhhc13:Mapk1ip1	Zdhhc13	Mapk1ip1	ENSMUSG00000030471.18	ENSMUSG00000041775.8	Mus musculus	GRCm39	GENCODE M28	True	True	False	False	1		unavailable_read_to_sample_mapping	unknown	unknown		supplementary_table_3;supplementary_table_4;gencode_M28;supplementary_table_7;supplementary_table_8	https://www.nature.com/articles/s41586-026-10982-x	NanoString_only	True	ordered_gene_pair	not_audited_for_campaign	results/dataset_reconstruction/candidates.tsv	50a3dbce8e15446e75fc66e6656fed385fc923abb8a005919c04630afa305ac2	data/raw/41586_2026_10982_MOESM9_ESM.xlsx	6edb01e329d622100da30c47cd8eeaf7589a325d2ab94fb06f27c0f088a7f131	Supplemental Table 7	B109		https://media.springernature.com/original/springer-static/esm/art%3A10.1038%2Fs41586-026-10982-x/MediaObjects/41586_2026_10982_MOESM9_ESM.xlsx
Zeb2:Gtdc1	Zeb2	Gtdc1	ENSMUSG00000026872.19	ENSMUSG00000036890.14	Mus musculus	GRCm39	GENCODE M28	True	True	False	False	1		unavailable_read_to_sample_mapping	unknown	unknown		supplementary_table_3;supplementary_table_4;gencode_M28;supplementary_table_7;supplementary_table_8	https://www.nature.com/articles/s41586-026-10982-x	NanoString_only	True	ordered_gene_pair	not_audited_for_campaign	results/dataset_reconstruction/candidates.tsv	50a3dbce8e15446e75fc66e6656fed385fc923abb8a005919c04630afa305ac2	data/raw/41586_2026_10982_MOESM9_ESM.xlsx	6edb01e329d622100da30c47cd8eeaf7589a325d2ab94fb06f27c0f088a7f131	Supplemental Table 7	B110		https://media.springernature.com/original/springer-static/esm/art%3A10.1038%2Fs41586-026-10982-x/MediaObjects/41586_2026_10982_MOESM9_ESM.xlsx
Zfp106:Xdh	Zfp106	Xdh	ENSMUSG00000027288.17	ENSMUSG00000024066.10	Mus musculus	GRCm39	GENCODE M28	False	False	True	False	1		unavailable_read_to_sample_mapping	unknown	unknown		supplementary_table_3;supplementary_table_4;gencode_M28	https://www.nature.com/articles/s41586-026-10982-x	short_read_only	False	ordered_gene_pair	not_audited_for_campaign	results/dataset_reconstruction/candidates.tsv	50a3dbce8e15446e75fc66e6656fed385fc923abb8a005919c04630afa305ac2	data/raw/41586_2026_10982_MOESM9_ESM.xlsx	6edb01e329d622100da30c47cd8eeaf7589a325d2ab94fb06f27c0f088a7f131	Supplemental Table 7		A281	https://media.springernature.com/original/springer-static/esm/art%3A10.1038%2Fs41586-026-10982-x/MediaObjects/41586_2026_10982_MOESM9_ESM.xlsx
Zfp655:Atp5j2	Zfp655	Atp5j2	ENSMUSG00000007812.17	ENSMUSG00000038690.16	Mus musculus	GRCm39	GENCODE M28	True	False	True	False	1		unavailable_read_to_sample_mapping	unknown	unknown		supplementary_table_3;supplementary_table_4;gencode_M28;supplementary_table_7;supplementary_table_8	https://www.nature.com/articles/s41586-026-10982-x	short_read_only	False	ordered_gene_pair	not_audited_for_campaign	results/dataset_reconstruction/candidates.tsv	50a3dbce8e15446e75fc66e6656fed385fc923abb8a005919c04630afa305ac2	data/raw/41586_2026_10982_MOESM9_ESM.xlsx	6edb01e329d622100da30c47cd8eeaf7589a325d2ab94fb06f27c0f088a7f131	Supplemental Table 7		A282	https://media.springernature.com/original/springer-static/esm/art%3A10.1038%2Fs41586-026-10982-x/MediaObjects/41586_2026_10982_MOESM9_ESM.xlsx
Zfp677:Zfp54	Zfp677	Zfp54	ENSMUSG00000062743.10	ENSMUSG00000023882.16	Mus musculus	GRCm39	GENCODE M28	False	False	True	False	2		unavailable_read_to_sample_mapping	unknown	unknown		supplementary_table_3;supplementary_table_4;gencode_M28	https://www.nature.com/articles/s41586-026-10982-x	short_read_only	False	ordered_gene_pair	not_audited_for_campaign	results/dataset_reconstruction/candidates.tsv	50a3dbce8e15446e75fc66e6656fed385fc923abb8a005919c04630afa305ac2	data/raw/41586_2026_10982_MOESM9_ESM.xlsx	6edb01e329d622100da30c47cd8eeaf7589a325d2ab94fb06f27c0f088a7f131	Supplemental Table 7		A283	https://media.springernature.com/original/springer-static/esm/art%3A10.1038%2Fs41586-026-10982-x/MediaObjects/41586_2026_10982_MOESM9_ESM.xlsx
Zfp933:Zfp984	Zfp933	Zfp984	ENSMUSG00000059423.14	ENSMUSG00000078495.11	Mus musculus	GRCm39	GENCODE M28	False	False	True	False	2		unavailable_read_to_sample_mapping	unknown	unknown		supplementary_table_3;supplementary_table_4;gencode_M28	https://www.nature.com/articles/s41586-026-10982-x	short_read_only	False	ordered_gene_pair	not_audited_for_campaign	results/dataset_reconstruction/candidates.tsv	50a3dbce8e15446e75fc66e6656fed385fc923abb8a005919c04630afa305ac2	data/raw/41586_2026_10982_MOESM9_ESM.xlsx	6edb01e329d622100da30c47cd8eeaf7589a325d2ab94fb06f27c0f088a7f131	Supplemental Table 7		A284	https://media.springernature.com/original/springer-static/esm/art%3A10.1038%2Fs41586-026-10982-x/MediaObjects/41586_2026_10982_MOESM9_ESM.xlsx
Zfr:Golph3	Zfr	Golph3	ENSMUSG00000022201.17	ENSMUSG00000022200.9	Mus musculus	GRCm39	GENCODE M28	False	False	True	False	1		unavailable_read_to_sample_mapping	unknown	unknown		supplementary_table_3;supplementary_table_4;gencode_M28	https://www.nature.com/articles/s41586-026-10982-x	short_read_only	False	ordered_gene_pair	not_audited_for_campaign	results/dataset_reconstruction/candidates.tsv	50a3dbce8e15446e75fc66e6656fed385fc923abb8a005919c04630afa305ac2	data/raw/41586_2026_10982_MOESM9_ESM.xlsx	6edb01e329d622100da30c47cd8eeaf7589a325d2ab94fb06f27c0f088a7f131	Supplemental Table 7		A285	https://media.springernature.com/original/springer-static/esm/art%3A10.1038%2Fs41586-026-10982-x/MediaObjects/41586_2026_10982_MOESM9_ESM.xlsx
Zhx1:9130401M01Rik	Zhx1	9130401M01Rik	ENSMUSG00000022361.15	ENSMUSG00000101892.2	Mus musculus	GRCm39	GENCODE M28	False	False	True	False	31		unavailable_read_to_sample_mapping	unknown	unknown		supplementary_table_3;supplementary_table_4;gencode_M28	https://www.nature.com/articles/s41586-026-10982-x	short_read_only	False	ordered_gene_pair	not_audited_for_campaign	results/dataset_reconstruction/candidates.tsv	50a3dbce8e15446e75fc66e6656fed385fc923abb8a005919c04630afa305ac2	data/raw/41586_2026_10982_MOESM9_ESM.xlsx	6edb01e329d622100da30c47cd8eeaf7589a325d2ab94fb06f27c0f088a7f131	Supplemental Table 7		A286	https://media.springernature.com/original/springer-static/esm/art%3A10.1038%2Fs41586-026-10982-x/MediaObjects/41586_2026_10982_MOESM9_ESM.xlsx
Zmynd8:Samhd1	Zmynd8	Samhd1	ENSMUSG00000039671.19	ENSMUSG00000027639.17	Mus musculus	GRCm39	GENCODE M28	False	False	True	False	1		unavailable_read_to_sample_mapping	unknown	unknown		supplementary_table_3;supplementary_table_4;gencode_M28	https://www.nature.com/articles/s41586-026-10982-x	short_read_only	False	ordered_gene_pair	not_audited_for_campaign	results/dataset_reconstruction/candidates.tsv	50a3dbce8e15446e75fc66e6656fed385fc923abb8a005919c04630afa305ac2	data/raw/41586_2026_10982_MOESM9_ESM.xlsx	6edb01e329d622100da30c47cd8eeaf7589a325d2ab94fb06f27c0f088a7f131	Supplemental Table 7		A287	https://media.springernature.com/original/springer-static/esm/art%3A10.1038%2Fs41586-026-10982-x/MediaObjects/41586_2026_10982_MOESM9_ESM.xlsx
Zswim6:Ndufaf2	Zswim6	Ndufaf2	ENSMUSG00000032846.13	ENSMUSG00000068184.8	Mus musculus	GRCm39	GENCODE M28	False	False	True	False	1		unavailable_read_to_sample_mapping	unknown	unknown		supplementary_table_3;supplementary_table_4;gencode_M28	https://www.nature.com/articles/s41586-026-10982-x	short_read_only	False	ordered_gene_pair	not_audited_for_campaign	results/dataset_reconstruction/candidates.tsv	50a3dbce8e15446e75fc66e6656fed385fc923abb8a005919c04630afa305ac2	data/raw/41586_2026_10982_MOESM9_ESM.xlsx	6edb01e329d622100da30c47cd8eeaf7589a325d2ab94fb06f27c0f088a7f131	Supplemental Table 7		A288	https://media.springernature.com/original/springer-static/esm/art%3A10.1038%2Fs41586-026-10982-x/MediaObjects/41586_2026_10982_MOESM9_ESM.xlsx
