species	assembly	run	read_id	original_read_id	caller	genion_flag	statistical_flag	gene5	gene3	chrom5	chrom3	strand5	strand3	boundary5_0based	boundary3_0based	query_gap_nt	mapq5	mapq3	aligned_nt5	aligned_nt3	qstart5	qend5	qstart3	qend3	alignment_qc_pass	caller_statistical_pass	status
bos_taurus	ARS-UCD2.0	SRR31429688	SRR31429688.1375688	bb986920-ad32-4aab-b85e-94706c7d6d6f	Genion	PASS:RT	pFAIL	ENSBTAG00000004568	ENSBTAG00000000639	18	18	-	-	14016351	14016023	301	60	60	2259	1096	3	2317	2618	3846	True	False	observed exon-aligned boundaries; not exon-repaired; not conserved
bos_taurus	ARS-UCD2.0	SRR31429688	SRR31429688.1198029	cc353a84-31d4-4831-abb5-80da5d05bf88	Genion	PASS:RT	pFAIL	ENSBTAG00000004568	ENSBTAG00000000639	18	18	-	-	14016351	14016023	333	60	60	2336	1100	10	2489	2822	3952	True	False	observed exon-aligned boundaries; not exon-repaired; not conserved
bos_taurus	ARS-UCD2.0	SRR31429688	SRR31429688.882881	047f25ef-fae5-4fec-bb2b-9fdfe5cf6b0f	Genion	PASS:GF	pPASS	ENSBTAG00000007646	ENSBTAG00000001514	X	X	+	+	128173333	128187617	131	60	60	643	1145	2	670	801	2005	True	True	observed exon-aligned boundaries; not exon-repaired; not conserved
bos_taurus	ARS-UCD2.0	SRR31429688	SRR31429688.99529	a9109122-d2de-44d4-ac46-4de12f3feed1	Genion	PASS:GF	pPASS	ENSBTAG00000007646	ENSBTAG00000001514	X	X	+	+	128173333	128177631	95	60	60	323	1376	2	480	575	1981	True	True	observed exon-aligned boundaries; not exon-repaired; not conserved
bos_taurus	ARS-UCD2.0	SRR31429688	SRR31429688.293623	adc1531c-5859-4ee4-bf71-7a437692a3ae	Genion	PASS:GF	pPASS	ENSBTAG00000007646	ENSBTAG00000001514	X	X	+	+	128168785	128187617	0	60	60	103	1200	0	108	108	1321	True	True	observed exon-aligned boundaries; not exon-repaired; not conserved
bos_taurus	ARS-UCD2.0	SRR31429688	SRR31429688.557744	3e55173f-2b5b-4488-a1e5-0e51a3b6c86b	Genion	PASS:GF	pPASS	ENSBTAG00000007646	ENSBTAG00000001514	X	X	+	+	128173333	128187617	132	60	60	170	1205	2	174	306	1537	True	True	observed exon-aligned boundaries; not exon-repaired; not conserved
bos_taurus	ARS-UCD2.0	SRR31429688	SRR31429688.574827	3361a603-44df-49f8-8069-3a1b9d6f1ba9	Genion	PASS:GF	pPASS	ENSBTAG00000007646	ENSBTAG00000001514	X	X	+	+	128169998	128187617	0	60	60	451	1203	204	669	669	1902	True	True	observed exon-aligned boundaries; not exon-repaired; not conserved
bos_taurus	ARS-UCD2.0	SRR31429688	SRR31429688.703008	a17f773c-1dbe-4082-834d-50b678420ef5	Genion	PASS:GF	pPASS	ENSBTAG00000007646	ENSBTAG00000001514	X	X	+	+	128175289	128192570	472	60	60	971	1082	0	1597	2069	3210	True	True	observed exon-aligned boundaries; not exon-repaired; not conserved
bos_taurus	ARS-UCD2.0	SRR31429688	SRR31429688.1115909	8f4f0c08-c3bc-45e9-8009-e16ba9474300	Genion	PASS:GF	pPASS	ENSBTAG00000007646	ENSBTAG00000001514	X	X	+	+	128168785	128187617	0	60	60	124	1182	7	134	134	1343	True	True	observed exon-aligned boundaries; not exon-repaired; not conserved
bos_taurus	ARS-UCD2.0	SRR31429688	SRR31429688.1199079	0bcdbf09-4394-4d49-9987-d481639e51d1	Genion	PASS:GF	pPASS	ENSBTAG00000007646	ENSBTAG00000001514	X	X	+	+	128168785	128187617	0	60	60	131	1174	16	148	148	1357	True	True	observed exon-aligned boundaries; not exon-repaired; not conserved
bos_taurus	ARS-UCD2.0	SRR31429688	SRR31429688.1509503	a6fccd4d-a5b7-41e2-84e7-620b4e0331db	Genion	PASS:GF	pPASS	ENSBTAG00000007646	ENSBTAG00000001514	X	X	+	+	128168785	128187617	0	60	60	95	1195	0	95	95	1320	False	True	observed exon-aligned boundaries; not exon-repaired; not conserved
bos_taurus	ARS-UCD2.0	SRR31429688	SRR31429688.1786937	068adbde-f9c9-4c0a-ae0f-189919008db7	Genion	PASS:GF	pPASS	ENSBTAG00000007646	ENSBTAG00000001514	X	X	+	+	128168785	128187617	0	60	60	101	1200	0	101	101	1425	True	True	observed exon-aligned boundaries; not exon-repaired; not conserved
bos_taurus	ARS-UCD2.0	SRR31429688	SRR31429688.1819352	10167512-e8bd-4197-a9b8-fd0f838455cb	Genion	PASS:GF	pPASS	ENSBTAG00000007646	ENSBTAG00000001514	X	X	+	+	128168785	128187617	0	60	60	101	1163	0	104	104	1306	True	True	observed exon-aligned boundaries; not exon-repaired; not conserved
bos_taurus	ARS-UCD2.0	SRR31429688	SRR31429688.1827545	664c1468-7a47-4622-a973-64ab5e8d3d39	Genion	PASS:GF	pPASS	ENSBTAG00000007646	ENSBTAG00000001514	X	X	+	+	128173333	128187617	0	60	60	184	1188	6	191	191	1403	True	True	observed exon-aligned boundaries; not exon-repaired; not conserved
bos_taurus	ARS-UCD2.0	SRR31429688	SRR31429688.658728	0b978ace-4ff1-4b1b-b6df-c7aa4dbc4a81	Genion	PASS:GF	pPASS	ENSBTAG00000003588	ENSBTAG00000060527	14	14	+	+	80887130	80887221	0	60	60	522	438	50	577	577	1034	True	True	observed exon-aligned boundaries; not exon-repaired; not conserved
bos_taurus	ARS-UCD2.0	SRR31429688	SRR31429688.936606	3f1b63b3-7226-4d0e-a4aa-4509170ad226	Genion	PASS:GF	pPASS	ENSBTAG00000003588	ENSBTAG00000060527	14	14	+	+	80887130	80887221	0	60	60	183	2452	0	187	187	2711	True	True	observed exon-aligned boundaries; not exon-repaired; not conserved
bos_taurus	ARS-UCD2.0	SRR31429688	SRR31429688.1263410	c78b08dd-d0fd-4efb-90bd-880d430d0bd1	Genion	PASS:GF	pPASS	ENSBTAG00000003588	ENSBTAG00000060527	14	14	+	+	80887130	80887221	0	60	60	475	332	74	642	642	981	True	True	observed exon-aligned boundaries; not exon-repaired; not conserved
bos_taurus	ARS-UCD2.0	SRR31429688	SRR31429688.1885687	995d0857-51a2-4535-b267-888e59a600e0	Genion	PASS:GF	pPASS	ENSBTAG00000003588	ENSBTAG00000060527	14	14	+	+	80887130	80887221	0	60	60	61	327	0	62	62	400	False	True	observed exon-aligned boundaries; not exon-repaired; not conserved
bos_taurus	ARS-UCD2.0	SRR31429688	SRR31429688.207128	77caa40a-7c3b-4bcc-9bf1-d3dcc59dd5d4	Genion	PASS:GF	pPASS	ENSBTAG00000003588	ENSBTAG00000060527	14	14	+	+	80887130	80887221	0	60	60	623	2476	2	631	631	3148	True	True	observed exon-aligned boundaries; not exon-repaired; not conserved
bos_taurus	ARS-UCD2.0	SRR31429688	SRR31429688.220472	351111f4-a2ea-42b0-91a4-f6bea2f6f0ed	Genion	PASS:GF	pPASS	ENSBTAG00000003588	ENSBTAG00000060527	14	14	+	+	80887130	80887221	0	60	60	631	333	4	649	649	995	True	True	observed exon-aligned boundaries; not exon-repaired; not conserved
bos_taurus	ARS-UCD2.0	SRR31429688	SRR31429688.602448	e2530426-7cb2-41d2-9e89-02a59ec4bfd9	Genion	PASS:GF	pPASS	ENSBTAG00000003588	ENSBTAG00000060527	14	14	+	+	80887130	80887221	0	60	60	609	2472	0	621	621	3162	True	True	observed exon-aligned boundaries; not exon-repaired; not conserved
bos_taurus	ARS-UCD2.0	SRR31429688	SRR31429688.1838391	2163959f-0d05-4e3a-9984-f8cac6629d62	Genion	PASS:RT	pFAIL	ENSBTAG00000060578	ENSBTAG00000006839	18	18	-	-	56639246	56637501	3	60	60	836	725	0	860	863	1624	True	False	observed exon-aligned boundaries; not exon-repaired; not conserved
bos_taurus	ARS-UCD2.0	SRR31429688	SRR31429688.38732	21ba7746-12d8-4110-b42a-b83874c70c0f	Genion	PASS:GF	pPASS	ENSBTAG00000060892	ENSBTAG00000008251	21	21	+	+	1947075	1958986	0	60	60	306	648	47	356	356	1043	True	True	observed exon-aligned boundaries; not exon-repaired; not conserved
bos_taurus	ARS-UCD2.0	SRR31429688	SRR31429688.327759	34b94cb9-2531-41aa-9ffb-ddb70b9dfa52	Genion	PASS:GF	pPASS	ENSBTAG00000060892	ENSBTAG00000008251	21	21	+	+	1947075	1958986	0	60	60	265	656	3	417	417	1086	True	True	observed exon-aligned boundaries; not exon-repaired; not conserved
bos_taurus	ARS-UCD2.0	SRR31429688	SRR31429688.504078	be9dcc3b-92f7-4bb7-9dbd-10c6a99c7a47	Genion	PASS:GF	pPASS	ENSBTAG00000060892	ENSBTAG00000008251	21	21	+	+	1947075	1958986	0	60	60	320	657	9	336	336	1019	True	True	observed exon-aligned boundaries; not exon-repaired; not conserved
bos_taurus	ARS-UCD2.0	SRR31429688	SRR31429688.758437	95edcbd8-aced-4fd4-9a81-b3fdffd82e06	Genion	PASS:GF	pPASS	ENSBTAG00000060892	ENSBTAG00000008251	21	21	+	+	1947075	1958986	0	60	60	295	645	0	297	297	961	True	True	observed exon-aligned boundaries; not exon-repaired; not conserved
bos_taurus	ARS-UCD2.0	SRR31429688	SRR31429688.805231	bce80097-81c0-4da2-a891-99c32ccf5149	Genion	PASS:GF	pPASS	ENSBTAG00000060892	ENSBTAG00000008251	21	21	+	+	1947075	1958986	0	60	60	325	656	7	334	334	999	True	True	observed exon-aligned boundaries; not exon-repaired; not conserved
bos_taurus	ARS-UCD2.0	SRR31429688	SRR31429688.951458	27d0bb15-0e68-4e79-96fb-ffc902fa87c0	Genion	PASS:GF	pPASS	ENSBTAG00000060892	ENSBTAG00000008251	21	21	+	+	1947075	1958986	0	60	60	307	662	0	471	471	1145	True	True	observed exon-aligned boundaries; not exon-repaired; not conserved
bos_taurus	ARS-UCD2.0	SRR31429688	SRR31429688.333462	31004df1-7bed-439a-83fc-5db7d8c6bd56	Genion	PASS:GF	pPASS	ENSBTAG00000060892	ENSBTAG00000008251	21	21	+	+	1947075	1954837	0	60	60	59	947	0	59	59	1038	False	True	observed exon-aligned boundaries; not exon-repaired; not conserved
bos_taurus	ARS-UCD2.0	SRR31429688	SRR31429688.1414887	533c3f74-7fd1-4d83-8d08-9466527efb51	Genion	PASS:GF	pPASS	ENSBTAG00000060892	ENSBTAG00000008251	21	21	+	+	1947075	1954837	0	60	60	101	963	3	106	106	1084	True	True	observed exon-aligned boundaries; not exon-repaired; not conserved
bos_taurus	ARS-UCD2.0	SRR31429688	SRR31429688.1514980	354a363f-28e6-41b3-8a43-bdf6bce43490	Genion	PASS:GF	pPASS	ENSBTAG00000060892	ENSBTAG00000008251	21	21	+	+	1947075	1954837	0	60	60	105	966	0	105	105	1106	True	True	observed exon-aligned boundaries; not exon-repaired; not conserved
bos_taurus	ARS-UCD2.0	SRR31429688	SRR31429688.1547415	93c809af-d48b-4008-b486-7d30a143e23b	Genion	PASS:GF	pPASS	ENSBTAG00000060892	ENSBTAG00000008251	21	21	+	+	1947075	1954837	0	60	60	203	943	33	237	237	1211	True	True	observed exon-aligned boundaries; not exon-repaired; not conserved
bos_taurus	ARS-UCD2.0	SRR31429688	SRR31429688.31168	16a7ece8-eb87-484b-8ce4-413fc9c5e47b	Genion	PASS:GF	pPASS	ENSBTAG00000060892	ENSBTAG00000008251	21	21	+	+	1947075	1954837	0	60	60	309	973	0	311	311	1300	True	True	observed exon-aligned boundaries; not exon-repaired; not conserved
bos_taurus	ARS-UCD2.0	SRR31429688	SRR31429688.46206	9fe3d167-ca96-4daa-80b7-5e9e76af284c	Genion	PASS:GF	pPASS	ENSBTAG00000060892	ENSBTAG00000008251	21	21	+	+	1947075	1954837	0	60	60	304	944	0	455	455	1437	True	True	observed exon-aligned boundaries; not exon-repaired; not conserved
bos_taurus	ARS-UCD2.0	SRR31429688	SRR31429688.118525	eec42114-4bce-42c5-b492-178a17f50059	Genion	PASS:GF	pPASS	ENSBTAG00000060892	ENSBTAG00000008251	21	21	+	+	1947075	1954837	0	60	60	273	952	0	275	275	1242	True	True	observed exon-aligned boundaries; not exon-repaired; not conserved
bos_taurus	ARS-UCD2.0	SRR31429688	SRR31429688.346202	8d5ee489-445f-40ed-b60a-b04693660482	Genion	PASS:GF	pPASS	ENSBTAG00000060892	ENSBTAG00000008251	21	21	+	+	1947075	1954837	0	60	60	274	939	1	276	276	1227	True	True	observed exon-aligned boundaries; not exon-repaired; not conserved
bos_taurus	ARS-UCD2.0	SRR31429688	SRR31429688.354167	803f07a0-7bc5-458e-ae28-027ec8728276	Genion	PASS:GF	pPASS	ENSBTAG00000060892	ENSBTAG00000008251	21	21	+	+	1947075	1954837	0	60	60	252	913	9	279	279	1240	True	True	observed exon-aligned boundaries; not exon-repaired; not conserved
bos_taurus	ARS-UCD2.0	SRR31429688	SRR31429688.534897	f049e9b9-fd88-4725-a0b8-64c0751007d7	Genion	PASS:GF	pPASS	ENSBTAG00000060892	ENSBTAG00000008251	21	21	+	+	1947075	1954837	0	60	60	315	947	9	324	324	1295	True	True	observed exon-aligned boundaries; not exon-repaired; not conserved
bos_taurus	ARS-UCD2.0	SRR31429688	SRR31429688.846057	041a380c-07da-4aa0-8105-35d9b0ada4c7	Genion	PASS:GF	pPASS	ENSBTAG00000060892	ENSBTAG00000008251	21	21	+	+	1947075	1954837	0	60	60	274	937	2	294	294	1276	True	True	observed exon-aligned boundaries; not exon-repaired; not conserved
bos_taurus	ARS-UCD2.0	SRR31429688	SRR31429688.987815	c97fba65-62ba-4487-966f-8dd7b38fda23	Genion	PASS:GF	pPASS	ENSBTAG00000060892	ENSBTAG00000008251	21	21	+	+	1947075	1954837	0	60	60	305	962	0	308	308	1289	True	True	observed exon-aligned boundaries; not exon-repaired; not conserved
bos_taurus	ARS-UCD2.0	SRR31429688	SRR31429688.1032199	70288fd0-5530-4f56-a9d1-ebceef54b33b	Genion	PASS:GF	pPASS	ENSBTAG00000060892	ENSBTAG00000008251	21	21	+	+	1947075	1954837	0	60	60	281	932	0	285	285	1237	True	True	observed exon-aligned boundaries; not exon-repaired; not conserved
bos_taurus	ARS-UCD2.0	SRR31429688	SRR31429688.1118032	e73dfac1-419b-41ce-ad8c-b11b59b052d1	Genion	PASS:GF	pPASS	ENSBTAG00000060892	ENSBTAG00000008251	21	21	+	+	1947075	1954837	0	60	60	308	933	0	327	327	1277	True	True	observed exon-aligned boundaries; not exon-repaired; not conserved
bos_taurus	ARS-UCD2.0	SRR31429688	SRR31429688.1146945	4fec2a86-58cc-40dd-aa4a-faf62440e489	Genion	PASS:GF	pPASS	ENSBTAG00000060892	ENSBTAG00000008251	21	21	+	+	1947073	1954914	0	60	60	281	879	1	293	293	1199	True	True	observed exon-aligned boundaries; not exon-repaired; not conserved
bos_taurus	ARS-UCD2.0	SRR31429688	SRR31429688.1361298	f85f6e96-9f5f-445a-968a-bcacf30daae7	Genion	PASS:GF	pPASS	ENSBTAG00000060892	ENSBTAG00000008251	21	21	+	+	1947075	1954837	0	60	60	284	970	0	284	284	1278	True	True	observed exon-aligned boundaries; not exon-repaired; not conserved
bos_taurus	ARS-UCD2.0	SRR31429688	SRR31429688.1436400	2ad85aeb-534f-4451-8cc2-231be992844d	Genion	PASS:GF	pPASS	ENSBTAG00000060892	ENSBTAG00000008251	21	21	+	+	1947075	1954837	0	60	60	264	941	4	271	271	1238	True	True	observed exon-aligned boundaries; not exon-repaired; not conserved
bos_taurus	ARS-UCD2.0	SRR31429688	SRR31429688.1471263	b56c4dbf-8c1c-4a0e-ba50-4823d2e1bf30	Genion	PASS:GF	pPASS	ENSBTAG00000060892	ENSBTAG00000008251	21	21	+	+	1947075	1954837	0	60	60	317	973	0	321	321	1308	True	True	observed exon-aligned boundaries; not exon-repaired; not conserved
bos_taurus	ARS-UCD2.0	SRR31429688	SRR31429688.1632807	a3478d3e-c5ac-4e4b-bc52-fcc40ed8322e	Genion	PASS:GF	pPASS	ENSBTAG00000060892	ENSBTAG00000008251	21	21	+	+	1947075	1954837	0	60	60	306	959	0	448	448	1439	True	True	observed exon-aligned boundaries; not exon-repaired; not conserved
bos_taurus	ARS-UCD2.0	SRR31429688	SRR31429688.1639377	c36207f8-e439-47a0-a5de-6377737279f8	Genion	PASS:GF	pPASS	ENSBTAG00000060892	ENSBTAG00000008251	21	21	+	+	1947075	1954914	0	60	60	300	868	0	300	300	1174	True	True	observed exon-aligned boundaries; not exon-repaired; not conserved
bos_taurus	ARS-UCD2.0	SRR31429688	SRR31429688.1685152	c5ec9114-15ed-426a-b542-c040aabab55d	Genion	PASS:GF	pPASS	ENSBTAG00000060892	ENSBTAG00000008251	21	21	+	+	1947075	1954914	0	60	60	273	874	0	275	275	1163	True	True	observed exon-aligned boundaries; not exon-repaired; not conserved
bos_taurus	ARS-UCD2.0	SRR31429688	SRR31429688.1737773	b8d8fd29-ed59-4167-aae5-37be30f534fc	Genion	PASS:GF	pPASS	ENSBTAG00000060892	ENSBTAG00000008251	21	21	+	+	1947075	1954837	0	60	60	315	928	7	330	330	1284	True	True	observed exon-aligned boundaries; not exon-repaired; not conserved
bos_taurus	ARS-UCD2.0	SRR31429688	SRR31429688.1764702	1412202e-2e62-414b-a89d-f322d23ef446	Genion	PASS:GF	pPASS	ENSBTAG00000060892	ENSBTAG00000008251	21	21	+	+	1947075	1954837	0	60	60	282	961	0	286	286	1268	True	True	observed exon-aligned boundaries; not exon-repaired; not conserved
bos_taurus	ARS-UCD2.0	SRR31429688	SRR31429688.40068	198e1ecc-81f7-4892-9d62-14e6726019bf	Genion	PASS:GF	pPASS	ENSBTAG00000060892	ENSBTAG00000008251	21	21	+	+	1947075	1958986	0	60	60	205	648	64	275	275	951	True	True	observed exon-aligned boundaries; not exon-repaired; not conserved
bos_taurus	ARS-UCD2.0	SRR31429688	SRR31429688.641628	03ab6ccc-aec0-4e7d-a66a-7e725ffa9e66	Genion	PASS:GF	pPASS	ENSBTAG00000060892	ENSBTAG00000008251	21	21	+	+	1947075	1958986	0	60	60	199	661	0	201	201	883	True	True	observed exon-aligned boundaries; not exon-repaired; not conserved
bos_taurus	ARS-UCD2.0	SRR31429688	SRR31429688.1329431	fa769857-9a51-4be8-8cb5-ae608bcf6db2	Genion	PASS:GF	pPASS	ENSBTAG00000060892	ENSBTAG00000008251	21	21	+	+	1947075	1958986	0	60	60	169	666	0	171	171	859	True	True	observed exon-aligned boundaries; not exon-repaired; not conserved
bos_taurus	ARS-UCD2.0	SRR31429688	SRR31429688.1676153	ab18db2c-67af-4750-b541-3d405036b43a	Genion	PASS:RT	pFAIL	ENSBTAG00000009077	ENSBTAG00000009078	18	18	+	+	50032478	50035097	0	60	60	1061	469	0	1084	1084	1565	True	False	observed exon-aligned boundaries; not exon-repaired; not conserved
bos_taurus	ARS-UCD2.0	SRR31429688	SRR31429688.267441	f1c4d953-9b0a-4832-84a2-75bb9d31fee7	Genion	PASS:GF	pPASS	ENSBTAG00000019927	ENSBTAG00000009727	16	16	+	+	79870576	79877924	0	60	60	106	1223	5	116	116	1373	True	True	observed exon-aligned boundaries; not exon-repaired; not conserved
bos_taurus	ARS-UCD2.0	SRR31429688	SRR31429688.318461	b8331177-693e-424c-a948-416551add1c6	Genion	PASS:GF	pPASS	ENSBTAG00000019927	ENSBTAG00000009727	16	16	+	+	79870576	79877924	0	60	60	109	1241	5	117	117	1392	True	True	observed exon-aligned boundaries; not exon-repaired; not conserved
bos_taurus	ARS-UCD2.0	SRR31429688	SRR31429688.407471	5ffb96b3-8e33-4c7f-86b8-a18627a776c5	Genion	PASS:GF	pPASS	ENSBTAG00000019927	ENSBTAG00000009727	16	16	+	+	79870576	79877924	0	60	60	86	1227	10	96	96	1359	False	True	observed exon-aligned boundaries; not exon-repaired; not conserved
bos_taurus	ARS-UCD2.0	SRR31429688	SRR31429688.724648	151cc19e-2bad-4ed0-9ceb-1801cd99c6b3	Genion	PASS:GF	pPASS	ENSBTAG00000019927	ENSBTAG00000009727	16	16	+	+	79870576	79877924	0	60	60	96	1187	0	98	98	1302	False	True	observed exon-aligned boundaries; not exon-repaired; not conserved
bos_taurus	ARS-UCD2.0	SRR31429688	SRR31429688.743144	e6a51a23-703b-4a48-9848-e5c2eac5cb31	Genion	PASS:GF	pPASS	ENSBTAG00000019927	ENSBTAG00000009727	16	16	+	+	79870576	79877924	0	60	60	105	1203	4	109	109	1341	True	True	observed exon-aligned boundaries; not exon-repaired; not conserved
bos_taurus	ARS-UCD2.0	SRR31429688	SRR31429688.1019380	caa183a5-1ca5-424e-9d50-00c7458648e6	Genion	PASS:GF	pPASS	ENSBTAG00000019927	ENSBTAG00000009727	16	16	+	+	79870576	79877924	0	60	60	106	1234	5	113	113	1371	True	True	observed exon-aligned boundaries; not exon-repaired; not conserved
bos_taurus	ARS-UCD2.0	SRR31429688	SRR31429688.1114739	658800b8-ecae-4102-aa5a-3a3d766000e5	Genion	PASS:GF	pPASS	ENSBTAG00000019927	ENSBTAG00000009727	16	16	+	+	79870576	79877924	0	60	60	141	1200	2	147	147	1404	True	True	observed exon-aligned boundaries; not exon-repaired; not conserved
bos_taurus	ARS-UCD2.0	SRR31429688	SRR31429688.1204809	4b32358d-8cbe-46aa-8f56-4552b4c8dd4c	Genion	PASS:GF	pPASS	ENSBTAG00000019927	ENSBTAG00000009727	16	16	+	+	79870576	79877924	0	60	60	88	639	0	90	90	1089	False	True	observed exon-aligned boundaries; not exon-repaired; not conserved
bos_taurus	ARS-UCD2.0	SRR31429688	SRR31429688.1242758	14edc50f-9e1c-491d-9429-b8fae8a4e0ba	Genion	PASS:GF	pPASS	ENSBTAG00000019927	ENSBTAG00000009727	16	16	+	+	79870576	79877924	0	60	60	105	1194	2	108	108	1324	True	True	observed exon-aligned boundaries; not exon-repaired; not conserved
bos_taurus	ARS-UCD2.0	SRR31429688	SRR31429688.1299906	656aa45b-a2e7-430a-8907-eac28ed0816c	Genion	PASS:GF	pPASS	ENSBTAG00000019927	ENSBTAG00000009727	16	16	+	+	79870576	79877924	0	60	60	95	1207	0	98	98	1325	False	True	observed exon-aligned boundaries; not exon-repaired; not conserved
bos_taurus	ARS-UCD2.0	SRR31429688	SRR31429688.1300965	de79fb4b-4008-49c0-ac25-17b4f341e9cd	Genion	PASS:GF	pPASS	ENSBTAG00000019927	ENSBTAG00000009727	16	16	+	+	79870576	79877924	0	60	60	92	1204	0	94	94	1337	False	True	observed exon-aligned boundaries; not exon-repaired; not conserved
bos_taurus	ARS-UCD2.0	SRR31429688	SRR31429688.1698997	3d097a2a-aa37-4fa3-ba5a-e3fe06c6d99e	Genion	PASS:GF	pPASS	ENSBTAG00000019927	ENSBTAG00000009727	16	16	+	+	79870576	79877924	1	60	60	87	1238	0	89	90	1349	False	True	observed exon-aligned boundaries; not exon-repaired; not conserved
bos_taurus	ARS-UCD2.0	SRR31429688	SRR31429688.1823714	cd4b8300-9e4a-4771-a6e5-5b0514bffb56	Genion	PASS:GF	pPASS	ENSBTAG00000019927	ENSBTAG00000009727	16	16	+	+	79870576	79877924	0	60	60	102	1205	0	105	105	1389	True	True	observed exon-aligned boundaries; not exon-repaired; not conserved
bos_taurus	ARS-UCD2.0	SRR31429688	SRR31429688.48855	39f08ced-b1de-4601-a53d-a858588734b3	Genion	PASS:GF	pPASS	ENSBTAG00000013501	ENSBTAG00000010073	19	19	-	-	20262766	20255678	90	60	60	78	503	151	229	319	837	False	True	observed exon-aligned boundaries; not exon-repaired; not conserved
bos_taurus	ARS-UCD2.0	SRR31429688	SRR31429688.84257	6b2c8e52-ba26-4380-a094-6e34c9cb43d3	Genion	PASS:GF	pPASS	ENSBTAG00000013501	ENSBTAG00000010073	19	19	-	-	20262766	20255678	90	60	60	82	2183	153	239	329	2555	False	True	observed exon-aligned boundaries; not exon-repaired; not conserved
bos_taurus	ARS-UCD2.0	SRR31429688	SRR31429688.154652	8600ac23-f852-4272-a330-e0672fd6504c	Genion	PASS:GF	pPASS	ENSBTAG00000013501	ENSBTAG00000010073	19	19	-	-	20262766	20255678	87	60	60	81	2220	127	212	299	2559	False	True	observed exon-aligned boundaries; not exon-repaired; not conserved
bos_taurus	ARS-UCD2.0	SRR31429688	SRR31429688.174811	e08e29a4-4b4b-4fe7-a038-5de31c7a27c0	Genion	PASS:GF	pPASS	ENSBTAG00000013501	ENSBTAG00000010073	19	19	-	-	20262766	20255678	88	60	60	79	2157	121	203	291	2495	False	True	observed exon-aligned boundaries; not exon-repaired; not conserved
bos_taurus	ARS-UCD2.0	SRR31429688	SRR31429688.210359	fba22b35-0ce5-467e-94b2-6835d3582d0d	Genion	PASS:GF	pPASS	ENSBTAG00000013501	ENSBTAG00000010073	19	19	-	-	20262766	20255678	0	60	60	81	2238	114	195	195	2471	False	True	observed exon-aligned boundaries; not exon-repaired; not conserved
bos_taurus	ARS-UCD2.0	SRR31429688	SRR31429688.246193	eb343c4b-302d-4c85-b20f-83ca52f28e7b	Genion	PASS:GF	pPASS	ENSBTAG00000013501	ENSBTAG00000010073	19	19	-	-	20262766	20255678	91	60	60	81	143	133	221	312	460	False	True	observed exon-aligned boundaries; not exon-repaired; not conserved
bos_taurus	ARS-UCD2.0	SRR31429688	SRR31429688.259141	9f6bb921-8947-4892-a777-4891af670a0a	Genion	PASS:GF	pPASS	ENSBTAG00000013501	ENSBTAG00000010073	19	19	-	-	20262766	20255678	86	60	60	79	2221	126	206	292	2542	False	True	observed exon-aligned boundaries; not exon-repaired; not conserved
bos_taurus	ARS-UCD2.0	SRR31429688	SRR31429688.549886	d05f51d0-feaa-4364-b2eb-18132ef84797	Genion	PASS:GF	pPASS	ENSBTAG00000013501	ENSBTAG00000010073	19	19	-	-	20262766	20255678	91	60	60	80	2214	152	233	324	2591	False	True	observed exon-aligned boundaries; not exon-repaired; not conserved
bos_taurus	ARS-UCD2.0	SRR31429688	SRR31429688.656468	feb5ff6d-e0f2-4498-a117-16044d9ed09c	Genion	PASS:GF	pPASS	ENSBTAG00000013501	ENSBTAG00000010073	19	19	-	-	20262766	20255678	90	60	60	80	2238	104	186	276	2551	False	True	observed exon-aligned boundaries; not exon-repaired; not conserved
bos_taurus	ARS-UCD2.0	SRR31429688	SRR31429688.1000330	8be4fca6-5c4a-4bea-bbdc-f1571aaea201	Genion	PASS:GF	pPASS	ENSBTAG00000013501	ENSBTAG00000010073	19	19	-	-	20262766	20255678	90	60	60	80	2230	148	228	318	2594	False	True	observed exon-aligned boundaries; not exon-repaired; not conserved
bos_taurus	ARS-UCD2.0	SRR31429688	SRR31429688.1204672	b848e856-b0bf-46c3-9baa-e537aa3f6155	Genion	PASS:GF	pPASS	ENSBTAG00000013501	ENSBTAG00000010073	19	19	-	-	20262766	20255678	91	60	60	79	2233	137	216	307	2577	False	True	observed exon-aligned boundaries; not exon-repaired; not conserved
bos_taurus	ARS-UCD2.0	SRR31429688	SRR31429688.1478504	def20017-da00-4881-8684-bfd872c0d98c	Genion	PASS:GF	pPASS	ENSBTAG00000013501	ENSBTAG00000010073	19	19	-	-	20262766	20255678	88	60	60	79	2224	193	276	364	2653	False	True	observed exon-aligned boundaries; not exon-repaired; not conserved
bos_taurus	ARS-UCD2.0	SRR31429688	SRR31429688.1702062	93dba6fb-e145-4f66-a173-1db72af81d23	Genion	PASS:GF	pPASS	ENSBTAG00000013501	ENSBTAG00000010073	19	19	-	-	20262766	20255678	89	60	60	77	2211	92	170	259	2515	False	True	observed exon-aligned boundaries; not exon-repaired; not conserved
bos_taurus	ARS-UCD2.0	SRR31429688	SRR31429688.494703	5496e924-9111-4ac6-b18d-375732984a90	Genion	PASS:RT	pFAIL	ENSBTAG00000010297	ENSBTAG00000010311	19	19	+	+	12939659	12941686	0	60	60	694	841	0	716	716	1767	True	False	observed exon-aligned boundaries; not exon-repaired; not conserved
bos_taurus	ARS-UCD2.0	SRR31429688	SRR31429688.41498	d7763094-9eff-4c8f-85ec-d22069920846	Genion	PASS:GF	pPASS	ENSBTAG00000044000	ENSBTAG00000010701	5	5	+	+	56732667	56733517	0	60	60	58	746	0	58	58	832	False	True	observed exon-aligned boundaries; not exon-repaired; not conserved
bos_taurus	ARS-UCD2.0	SRR31429688	SRR31429688.229309	91ca93a2-ad64-4e1c-937f-b0e4b9ace427	Genion	PASS:GF	pPASS	ENSBTAG00000044000	ENSBTAG00000010701	5	5	+	+	56732667	56733517	0	60	60	65	741	1	66	66	813	False	True	observed exon-aligned boundaries; not exon-repaired; not conserved
bos_taurus	ARS-UCD2.0	SRR31429688	SRR31429688.854044	823715f1-08a8-4c0f-aee3-6759b3d13726	Genion	PASS:GF	pPASS	ENSBTAG00000044000	ENSBTAG00000010701	5	5	+	+	56732668	56733517	0	60	60	74	722	0	74	74	815	False	True	observed exon-aligned boundaries; not exon-repaired; not conserved
bos_taurus	ARS-UCD2.0	SRR31429688	SRR31429688.1061445	b0796d6a-4771-4fda-ac7d-8e2c0621fbf9	Genion	PASS:GF	pPASS	ENSBTAG00000044000	ENSBTAG00000010701	5	5	+	+	56732665	56733517	0	60	60	82	738	1	83	83	839	False	True	observed exon-aligned boundaries; not exon-repaired; not conserved
bos_taurus	ARS-UCD2.0	SRR31429688	SRR31429688.1242307	d066ddb4-62a1-40ed-a46d-62bc16e93753	Genion	PASS:GF	pPASS	ENSBTAG00000044000	ENSBTAG00000010701	5	5	+	+	56732667	56733517	0	21	21	63	729	0	63	63	810	False	True	observed exon-aligned boundaries; not exon-repaired; not conserved
bos_taurus	ARS-UCD2.0	SRR31429688	SRR31429688.1352506	490cd5ee-df0d-437f-b920-2e8c9faf4203	Genion	PASS:GF	pPASS	ENSBTAG00000044000	ENSBTAG00000010701	5	5	+	+	56732667	56733517	0	60	60	71	738	0	72	72	820	False	True	observed exon-aligned boundaries; not exon-repaired; not conserved
bos_taurus	ARS-UCD2.0	SRR31429688	SRR31429688.1389018	ddc505d0-2908-4264-b618-7c76315a6c73	Genion	PASS:GF	pPASS	ENSBTAG00000044000	ENSBTAG00000010701	5	5	+	+	56732667	56733517	0	60	60	73	738	9	82	82	832	False	True	observed exon-aligned boundaries; not exon-repaired; not conserved
bos_taurus	ARS-UCD2.0	SRR31429688	SRR31429688.1860457	eb9b333f-7012-48af-8bf5-9a7c492c81e4	Genion	PASS:GF	pPASS	ENSBTAG00000044000	ENSBTAG00000010701	5	5	+	+	56732667	56733517	0	60	60	64	733	0	69	69	813	False	True	observed exon-aligned boundaries; not exon-repaired; not conserved
bos_taurus	ARS-UCD2.0	SRR31429688	SRR31429688.1617911	4736f7d8-c5be-42f0-aae9-79469296b8c1	Genion	PASS:RT	pFAIL	ENSBTAG00000035244	ENSBTAG00000010849	11	11	-	-	2812924	2804220	0	60	60	401	1828	0	406	406	2309	True	False	observed exon-aligned boundaries; not exon-repaired; not conserved
bos_taurus	ARS-UCD2.0	SRR31429688	SRR31429688.940584	edaeaa38-4eea-4ee5-b816-9209932fa137	Genion	PASS:RT	pFAIL	ENSBTAG00000016251	ENSBTAG00000045652	19	19	-	-	43870076	43832797	0	60	60	441	197	0	451	451	653	True	False	observed exon-aligned boundaries; not exon-repaired; not conserved
bos_taurus	ARS-UCD2.0	SRR31429688	SRR31429688.376467	86d46a97-7249-4ce2-9481-5936df3a9876	Genion	PASS:RT	pFAIL	ENSBTAG00000017816	ENSBTAG00000018326	18	18	+	+	45868045	45868745	5	60	60	248	517	115	367	372	1031	True	False	observed exon-aligned boundaries; not exon-repaired; not conserved
bos_taurus	ARS-UCD2.0	SRR31429688	SRR31429688.775374	0952e774-b2d0-4fdd-90e8-ac79ac7ddc93	Genion	PASS:RT	pFAIL	ENSBTAG00000017816	ENSBTAG00000018326	18	18	+	+	45868522	45868745	215	60	60	596	472	1	602	817	1611	True	False	observed exon-aligned boundaries; not exon-repaired; not conserved
bos_taurus	ARS-UCD2.0	SRR31429688	SRR31429688.1759795	5d787678-2c9c-466e-b40c-e2502a0076e6	Genion	PASS:RT	pFAIL	ENSBTAG00000017816	ENSBTAG00000018326	18	18	+	+	45868522	45868745	209	60	60	531	507	89	628	837	1491	True	False	observed exon-aligned boundaries; not exon-repaired; not conserved
bos_taurus	ARS-UCD2.0	SRR31429688	SRR31429688.1286309	d8b7517f-0bcb-4b92-a98d-4a02665a3492	Genion	PASS:RT	pFAIL	ENSBTAG00000019091	ENSBTAG00000019093	3	3	-	-	39855914	39795310	-1	60	60	1649	1453	14	3176	3175	4681	True	False	observed exon-aligned boundaries; not exon-repaired; not conserved
bos_taurus	ARS-UCD2.0	SRR31429688	SRR31429688.574239	b7c44f88-e257-403b-a08b-935e7a9ebc25	Genion	PASS:GF	pPASS	ENSBTAG00000046668	ENSBTAG00000019612	10	10	-	-	26404528	26392497	1	60	60	154	1190	0	157	158	1379	True	True	observed exon-aligned boundaries; not exon-repaired; not conserved
bos_taurus	ARS-UCD2.0	SRR31429688	SRR31429688.2010	daa60864-636f-43ab-84cf-fa036c69bc90	Genion	PASS:GF	pPASS	ENSBTAG00000046668	ENSBTAG00000019612	10	10	-	-	26412911	26392497	58	60	60	38	1207	2	42	100	1326	False	True	observed exon-aligned boundaries; not exon-repaired; not conserved
bos_taurus	ARS-UCD2.0	SRR31429688	SRR31429688.2707	8efd15fe-e7e5-49fa-83c4-71c417929881	Genion	PASS:GF	pPASS	ENSBTAG00000046668	ENSBTAG00000019612	10	10	-	-	26412911	26392497	63	60	60	38	1207	3	43	106	1336	False	True	observed exon-aligned boundaries; not exon-repaired; not conserved
bos_taurus	ARS-UCD2.0	SRR31429688	SRR31429688.7182	87d1c0f5-fff5-4605-832c-72153b146274	Genion	PASS:GF	pPASS	ENSBTAG00000046668	ENSBTAG00000019612	10	10	-	-	26412911	26392497	58	60	60	43	1213	0	44	102	1347	False	True	observed exon-aligned boundaries; not exon-repaired; not conserved
bos_taurus	ARS-UCD2.0	SRR31429688	SRR31429688.7233	2cd4e474-5a6f-4c48-add3-06f679216ed7	Genion	PASS:GF	pPASS	ENSBTAG00000046668	ENSBTAG00000019612	10	10	-	-	26412911	26392497	58	60	60	36	1191	2	38	96	1332	False	True	observed exon-aligned boundaries; not exon-repaired; not conserved
bos_taurus	ARS-UCD2.0	SRR31429688	SRR31429688.15825	4c3a75a0-bf21-4a2c-a68d-5875985fffa9	Genion	PASS:GF	pPASS	ENSBTAG00000046668	ENSBTAG00000019612	10	10	-	-	26412911	26392497	56	60	60	41	1189	0	41	97	1320	False	True	observed exon-aligned boundaries; not exon-repaired; not conserved
bos_taurus	ARS-UCD2.0	SRR31429688	SRR31429688.16595	7edb162d-e5d1-4542-a6c9-79af3f922526	Genion	PASS:GF	pPASS	ENSBTAG00000046668	ENSBTAG00000019612	10	10	-	-	26412911	26392497	63	60	60	38	1205	3	43	106	1333	False	True	observed exon-aligned boundaries; not exon-repaired; not conserved
bos_taurus	ARS-UCD2.0	SRR31429688	SRR31429688.17137	a98dac1c-70fb-4faf-981f-75474b027bf1	Genion	PASS:GF	pPASS	ENSBTAG00000046668	ENSBTAG00000019612	10	10	-	-	26412914	26392497	63	60	60	245	1187	0	259	322	1537	True	True	observed exon-aligned boundaries; not exon-repaired; not conserved
bos_taurus	ARS-UCD2.0	SRR31429688	SRR31429688.21192	7f9eaee8-22fd-46a8-bfac-6ceb53dd710f	Genion	PASS:GF	pPASS	ENSBTAG00000046668	ENSBTAG00000019612	10	10	-	-	26412911	26392497	63	60	60	68	1197	7	77	140	1367	False	True	observed exon-aligned boundaries; not exon-repaired; not conserved
bos_taurus	ARS-UCD2.0	SRR31429688	SRR31429688.22583	0d3aae80-f539-410a-a129-3a2385dbf585	Genion	PASS:GF	pPASS	ENSBTAG00000046668	ENSBTAG00000019612	10	10	-	-	26412911	26392497	54	60	60	37	1204	3	40	94	1324	False	True	observed exon-aligned boundaries; not exon-repaired; not conserved
bos_taurus	ARS-UCD2.0	SRR31429688	SRR31429688.33202	905cca41-a67c-4881-b54c-f5a26cfb51b8	Genion	PASS:GF	pPASS	ENSBTAG00000046668	ENSBTAG00000019612	10	10	-	-	26412911	26392497	63	60	60	24	1191	13	37	100	1311	False	True	observed exon-aligned boundaries; not exon-repaired; not conserved
bos_taurus	ARS-UCD2.0	SRR31429688	SRR31429688.34284	d842ac86-a7e2-4f19-8e4a-8b16e94a4328	Genion	PASS:GF	pPASS	ENSBTAG00000046668	ENSBTAG00000019612	10	10	-	-	26412911	26392497	58	60	60	249	1192	0	256	314	1524	True	True	observed exon-aligned boundaries; not exon-repaired; not conserved
bos_taurus	ARS-UCD2.0	SRR31429688	SRR31429688.34665	d76f9526-648b-4d21-9831-6334f301612d	Genion	PASS:GF	pPASS	ENSBTAG00000046668	ENSBTAG00000019612	10	10	-	-	26412911	26392497	59	60	60	37	1200	4	41	100	1346	False	True	observed exon-aligned boundaries; not exon-repaired; not conserved
bos_taurus	ARS-UCD2.0	SRR31429688	SRR31429688.36590	d1e6a2a9-3cfa-4a52-8a77-a2bc81aaa7d0	Genion	PASS:GF	pPASS	ENSBTAG00000046668	ENSBTAG00000019612	10	10	-	-	26412911	26392497	58	60	60	31	1181	10	41	99	1298	False	True	observed exon-aligned boundaries; not exon-repaired; not conserved
bos_taurus	ARS-UCD2.0	SRR31429688	SRR31429688.36682	19f054a3-6336-4a04-be89-25c2ddf74643	Genion	PASS:GF	pPASS	ENSBTAG00000046668	ENSBTAG00000019612	10	10	-	-	26412911	26392497	60	60	60	40	1209	0	40	100	1336	False	True	observed exon-aligned boundaries; not exon-repaired; not conserved
bos_taurus	ARS-UCD2.0	SRR31429688	SRR31429688.48088	e2cd4959-f824-4e39-b1f6-0d494b7e44a3	Genion	PASS:GF	pPASS	ENSBTAG00000046668	ENSBTAG00000019612	10	10	-	-	26412911	26392497	60	60	60	37	1157	2	39	99	1310	False	True	observed exon-aligned boundaries; not exon-repaired; not conserved
bos_taurus	ARS-UCD2.0	SRR31429688	SRR31429688.49670	1248933c-c545-4534-bc34-e4038f1a1857	Genion	PASS:GF	pPASS	ENSBTAG00000046668	ENSBTAG00000019612	10	10	-	-	26412911	26392497	60	60	60	38	1208	0	39	99	1338	False	True	observed exon-aligned boundaries; not exon-repaired; not conserved
bos_taurus	ARS-UCD2.0	SRR31429688	SRR31429688.54979	75814573-d163-41d7-8710-1383b542efbc	Genion	PASS:GF	pPASS	ENSBTAG00000046668	ENSBTAG00000019612	10	10	-	-	26412911	26392497	59	60	60	37	1193	2	39	98	1329	False	True	observed exon-aligned boundaries; not exon-repaired; not conserved
bos_taurus	ARS-UCD2.0	SRR31429688	SRR31429688.55581	14309d36-4ace-4d76-b1b9-6358b7776874	Genion	PASS:GF	pPASS	ENSBTAG00000046668	ENSBTAG00000019612	10	10	-	-	26412911	26392496	57	60	60	38	1175	3	42	99	1295	False	True	observed exon-aligned boundaries; not exon-repaired; not conserved
bos_taurus	ARS-UCD2.0	SRR31429688	SRR31429688.55776	5010ecb9-a877-4265-90d1-8682a02d0952	Genion	PASS:GF	pPASS	ENSBTAG00000046668	ENSBTAG00000019612	10	10	-	-	26412911	26392497	64	60	60	22	1180	15	37	101	1346	False	True	observed exon-aligned boundaries; not exon-repaired; not conserved
bos_taurus	ARS-UCD2.0	SRR31429688	SRR31429688.56281	7118ec7d-2246-42b6-9730-579e19eaa652	Genion	PASS:GF	pPASS	ENSBTAG00000046668	ENSBTAG00000019612	10	10	-	-	26412911	26392497	58	60	60	50	1204	17	67	125	1386	False	True	observed exon-aligned boundaries; not exon-repaired; not conserved
bos_taurus	ARS-UCD2.0	SRR31429688	SRR31429688.60935	8752e2ea-a95c-4eb3-bd67-e52a89332aeb	Genion	PASS:GF	pPASS	ENSBTAG00000046668	ENSBTAG00000019612	10	10	-	-	26412911	26392497	61	60	60	38	1208	3	41	102	1348	False	True	observed exon-aligned boundaries; not exon-repaired; not conserved
bos_taurus	ARS-UCD2.0	SRR31429688	SRR31429688.62759	8627830b-6a2a-449c-8b15-e24fdf9f8acb	Genion	PASS:GF	pPASS	ENSBTAG00000046668	ENSBTAG00000019612	10	10	-	-	26412911	26392497	61	60	60	87	1187	0	90	151	1372	False	True	observed exon-aligned boundaries; not exon-repaired; not conserved
bos_taurus	ARS-UCD2.0	SRR31429688	SRR31429688.63705	fe92fb63-cc02-48c7-981b-95f9939a7102	Genion	PASS:GF	pPASS	ENSBTAG00000046668	ENSBTAG00000019612	10	10	-	-	26412911	26392497	0	60	60	83	1180	3	86	86	1294	False	True	observed exon-aligned boundaries; not exon-repaired; not conserved
bos_taurus	ARS-UCD2.0	SRR31429688	SRR31429688.67539	2bc7d3a5-212f-45ec-a21c-932cc089b229	Genion	PASS:GF	pPASS	ENSBTAG00000046668	ENSBTAG00000019612	10	10	-	-	26412911	26392497	60	60	60	40	1178	0	40	100	1288	False	True	observed exon-aligned boundaries; not exon-repaired; not conserved
bos_taurus	ARS-UCD2.0	SRR31429688	SRR31429688.70867	66cef793-3cee-41ea-952b-f39c7e7bd1e5	Genion	PASS:GF	pPASS	ENSBTAG00000046668	ENSBTAG00000019612	10	10	-	-	26412911	26392497	62	60	60	70	1213	0	71	133	1374	False	True	observed exon-aligned boundaries; not exon-repaired; not conserved
bos_taurus	ARS-UCD2.0	SRR31429688	SRR31429688.75540	35c4a075-18e5-4919-a8cf-109a3c7d7f24	Genion	PASS:GF	pPASS	ENSBTAG00000046668	ENSBTAG00000019612	10	10	-	-	26412911	26392497	62	60	60	42	1209	0	42	104	1331	False	True	observed exon-aligned boundaries; not exon-repaired; not conserved
bos_taurus	ARS-UCD2.0	SRR31429688	SRR31429688.78850	3e659cd0-5c62-49ba-ae65-75cbbeb5fa92	Genion	PASS:GF	pPASS	ENSBTAG00000046668	ENSBTAG00000019612	10	10	-	-	26412911	26392497	56	60	60	42	1194	0	44	100	1328	False	True	observed exon-aligned boundaries; not exon-repaired; not conserved
bos_taurus	ARS-UCD2.0	SRR31429688	SRR31429688.86366	b1c74c44-5bb6-493a-bbd5-19523df2e533	Genion	PASS:GF	pPASS	ENSBTAG00000046668	ENSBTAG00000019612	10	10	-	-	26412911	26392497	59	60	60	40	1195	0	41	100	1324	False	True	observed exon-aligned boundaries; not exon-repaired; not conserved
bos_taurus	ARS-UCD2.0	SRR31429688	SRR31429688.87199	9082eadd-97f7-4082-a421-0d2d48a8ba69	Genion	PASS:GF	pPASS	ENSBTAG00000046668	ENSBTAG00000019612	10	10	-	-	26412911	26392497	52	60	60	39	1198	2	45	97	1316	False	True	observed exon-aligned boundaries; not exon-repaired; not conserved
bos_taurus	ARS-UCD2.0	SRR31429688	SRR31429688.87897	a2114305-53bc-4cf8-bd81-700b5ff3215f	Genion	PASS:GF	pPASS	ENSBTAG00000046668	ENSBTAG00000019612	10	10	-	-	26412911	26392497	60	60	60	31	1215	5	36	96	1331	False	True	observed exon-aligned boundaries; not exon-repaired; not conserved
bos_taurus	ARS-UCD2.0	SRR31429688	SRR31429688.92276	990e8f92-cd69-41e7-a955-39a2744e28ca	Genion	PASS:GF	pPASS	ENSBTAG00000046668	ENSBTAG00000019612	10	10	-	-	26412911	26392497	0	60	60	85	1218	1	86	86	1334	False	True	observed exon-aligned boundaries; not exon-repaired; not conserved
bos_taurus	ARS-UCD2.0	SRR31429688	SRR31429688.92922	63c8b4bc-f9b9-4638-bc4d-2df542f8f3f0	Genion	PASS:GF	pPASS	ENSBTAG00000046668	ENSBTAG00000019612	10	10	-	-	26412911	26392497	60	60	60	43	1217	0	44	104	1349	False	True	observed exon-aligned boundaries; not exon-repaired; not conserved
bos_taurus	ARS-UCD2.0	SRR31429688	SRR31429688.96161	89d33717-a458-48c8-a91d-58b11077f8e5	Genion	PASS:GF	pPASS	ENSBTAG00000046668	ENSBTAG00000019612	10	10	-	-	26412911	26392497	57	60	60	36	1185	5	45	102	1314	False	True	observed exon-aligned boundaries; not exon-repaired; not conserved
bos_taurus	ARS-UCD2.0	SRR31429688	SRR31429688.99876	df028a31-bdaa-4fce-8785-49cf66d32f13	Genion	PASS:GF	pPASS	ENSBTAG00000046668	ENSBTAG00000019612	10	10	-	-	26412911	26392497	60	60	60	37	1189	2	39	99	1307	False	True	observed exon-aligned boundaries; not exon-repaired; not conserved
bos_taurus	ARS-UCD2.0	SRR31429688	SRR31429688.101098	d2b833bf-29bc-4b36-8c2c-e6300e3a23d6	Genion	PASS:GF	pPASS	ENSBTAG00000046668	ENSBTAG00000019612	10	10	-	-	26412911	26392497	58	60	60	40	1158	0	40	98	1314	False	True	observed exon-aligned boundaries; not exon-repaired; not conserved
bos_taurus	ARS-UCD2.0	SRR31429688	SRR31429688.106512	4019b475-af7e-4495-b3a8-c1ab17821a05	Genion	PASS:GF	pPASS	ENSBTAG00000046668	ENSBTAG00000019612	10	10	-	-	26412911	26392497	56	60	60	37	1187	3	47	103	1319	False	True	observed exon-aligned boundaries; not exon-repaired; not conserved
bos_taurus	ARS-UCD2.0	SRR31429688	SRR31429688.107788	09009aa7-ca9e-439e-9d14-d293ebc75460	Genion	PASS:GF	pPASS	ENSBTAG00000046668	ENSBTAG00000019612	10	10	-	-	26412911	26392497	56	60	60	37	1167	3	40	96	1304	False	True	observed exon-aligned boundaries; not exon-repaired; not conserved
bos_taurus	ARS-UCD2.0	SRR31429688	SRR31429688.112059	08aeaf74-a78c-46e1-aac8-d2548dc2331b	Genion	PASS:GF	pPASS	ENSBTAG00000046668	ENSBTAG00000019612	10	10	-	-	26412911	26392497	56	60	60	38	1173	4	42	98	1294	False	True	observed exon-aligned boundaries; not exon-repaired; not conserved
bos_taurus	ARS-UCD2.0	SRR31429688	SRR31429688.112386	5227ba21-27f3-49cc-b7a0-117ab10fd511	Genion	PASS:GF	pPASS	ENSBTAG00000046668	ENSBTAG00000019612	10	10	-	-	26412911	26392497	59	60	60	73	1207	0	73	132	1360	False	True	observed exon-aligned boundaries; not exon-repaired; not conserved
bos_taurus	ARS-UCD2.0	SRR31429688	SRR31429688.118191	c04a879a-9ba1-4c57-894d-ce54a6114336	Genion	PASS:GF	pPASS	ENSBTAG00000046668	ENSBTAG00000019612	10	10	-	-	26412911	26392497	62	60	60	42	1194	0	43	105	1318	False	True	observed exon-aligned boundaries; not exon-repaired; not conserved
bos_taurus	ARS-UCD2.0	SRR31429688	SRR31429688.118394	d021419d-a3af-4bcd-9841-3b6f2f4e1ed2	Genion	PASS:GF	pPASS	ENSBTAG00000046668	ENSBTAG00000019612	10	10	-	-	26412911	26392497	61	60	60	38	1227	3	41	102	1369	False	True	observed exon-aligned boundaries; not exon-repaired; not conserved
bos_taurus	ARS-UCD2.0	SRR31429688	SRR31429688.118449	ae74cb86-1fd1-4d22-aab9-575d3e2f0b60	Genion	PASS:GF	pPASS	ENSBTAG00000046668	ENSBTAG00000019612	10	10	-	-	26412911	26392497	60	60	60	40	1179	0	42	102	1292	False	True	observed exon-aligned boundaries; not exon-repaired; not conserved
bos_taurus	ARS-UCD2.0	SRR31429688	SRR31429688.119331	c68f85a1-01e8-46fa-a11f-5816c3b08576	Genion	PASS:GF	pPASS	ENSBTAG00000046668	ENSBTAG00000019612	10	10	-	-	26412911	26392497	54	60	60	53	1184	0	53	107	1315	False	True	observed exon-aligned boundaries; not exon-repaired; not conserved
bos_taurus	ARS-UCD2.0	SRR31429688	SRR31429688.128765	cb1276bc-49af-43cd-b12a-1843483a851d	Genion	PASS:GF	pPASS	ENSBTAG00000046668	ENSBTAG00000019612	10	10	-	-	26412911	26392491	58	60	60	41	1211	2	43	101	1337	False	True	observed exon-aligned boundaries; not exon-repaired; not conserved
bos_taurus	ARS-UCD2.0	SRR31429688	SRR31429688.130154	60fee50c-61cf-4fb0-8ec0-c74632fb61cf	Genion	PASS:GF	pPASS	ENSBTAG00000046668	ENSBTAG00000019612	10	10	-	-	26412911	26392497	60	60	60	32	1187	13	45	105	1334	False	True	observed exon-aligned boundaries; not exon-repaired; not conserved
bos_taurus	ARS-UCD2.0	SRR31429688	SRR31429688.130994	0d042ae4-b459-41bd-939c-61d973393486	Genion	PASS:GF	pPASS	ENSBTAG00000046668	ENSBTAG00000019612	10	10	-	-	26412911	26392497	58	60	60	20	1198	28	48	106	1406	False	True	observed exon-aligned boundaries; not exon-repaired; not conserved
bos_taurus	ARS-UCD2.0	SRR31429688	SRR31429688.136822	50d19110-e3ba-4d09-9824-7ec682be5c0c	Genion	PASS:GF	pPASS	ENSBTAG00000046668	ENSBTAG00000019612	10	10	-	-	26412911	26392497	56	60	60	31	1197	6	37	93	1307	False	True	observed exon-aligned boundaries; not exon-repaired; not conserved
bos_taurus	ARS-UCD2.0	SRR31429688	SRR31429688.137677	e0aaaf01-f78a-4902-873d-fb2102163321	Genion	PASS:GF	pPASS	ENSBTAG00000046668	ENSBTAG00000019612	10	10	-	-	26412911	26392497	60	60	60	38	1195	3	42	102	1321	False	True	observed exon-aligned boundaries; not exon-repaired; not conserved
bos_taurus	ARS-UCD2.0	SRR31429688	SRR31429688.137781	ae26459e-3cd3-41f4-8fcf-cfab638703bd	Genion	PASS:GF	pPASS	ENSBTAG00000046668	ENSBTAG00000019612	10	10	-	-	26412911	26392497	59	60	60	32	1187	10	43	102	1311	False	True	observed exon-aligned boundaries; not exon-repaired; not conserved
bos_taurus	ARS-UCD2.0	SRR31429688	SRR31429688.141980	c81051da-3969-4f83-b14a-25f8cb43edce	Genion	PASS:GF	pPASS	ENSBTAG00000046668	ENSBTAG00000019612	10	10	-	-	26412911	26392497	62	60	60	37	1190	1	41	103	1329	False	True	observed exon-aligned boundaries; not exon-repaired; not conserved
bos_taurus	ARS-UCD2.0	SRR31429688	SRR31429688.143362	782da6db-7f7e-459f-ab49-dd25689a13b7	Genion	PASS:GF	pPASS	ENSBTAG00000046668	ENSBTAG00000019612	10	10	-	-	26412911	26392497	58	60	60	40	1166	2	42	100	1297	False	True	observed exon-aligned boundaries; not exon-repaired; not conserved
bos_taurus	ARS-UCD2.0	SRR31429688	SRR31429688.144363	60608312-4610-4669-8e80-9a1936315352	Genion	PASS:GF	pPASS	ENSBTAG00000046668	ENSBTAG00000019612	10	10	-	-	26412911	26392497	60	60	60	60	1194	0	64	124	1338	False	True	observed exon-aligned boundaries; not exon-repaired; not conserved
bos_taurus	ARS-UCD2.0	SRR31429688	SRR31429688.146916	34fd5cee-723a-4a07-ae74-7a5ceebed498	Genion	PASS:GF	pPASS	ENSBTAG00000046668	ENSBTAG00000019612	10	10	-	-	26412911	26392497	58	60	60	42	1182	0	43	101	1297	False	True	observed exon-aligned boundaries; not exon-repaired; not conserved
bos_taurus	ARS-UCD2.0	SRR31429688	SRR31429688.147802	77f62335-29e1-4e93-80ee-fe004f657b88	Genion	PASS:GF	pPASS	ENSBTAG00000046668	ENSBTAG00000019612	10	10	-	-	26412911	26392497	59	60	60	62	1187	0	62	121	1338	False	True	observed exon-aligned boundaries; not exon-repaired; not conserved
bos_taurus	ARS-UCD2.0	SRR31429688	SRR31429688.149092	34acc8be-f741-4b1c-be40-08969eb4ef0b	Genion	PASS:GF	pPASS	ENSBTAG00000046668	ENSBTAG00000019612	10	10	-	-	26412911	26392497	55	60	60	40	1185	0	40	95	1303	False	True	observed exon-aligned boundaries; not exon-repaired; not conserved
bos_taurus	ARS-UCD2.0	SRR31429688	SRR31429688.153221	73d10813-8d3d-4622-abf7-fa8182b8b261	Genion	PASS:GF	pPASS	ENSBTAG00000046668	ENSBTAG00000019612	10	10	-	-	26412911	26392497	57	60	60	56	1205	11	68	125	1350	False	True	observed exon-aligned boundaries; not exon-repaired; not conserved
bos_taurus	ARS-UCD2.0	SRR31429688	SRR31429688.157324	8f88034d-1a73-4e6f-847f-fed0030398ac	Genion	PASS:GF	pPASS	ENSBTAG00000046668	ENSBTAG00000019612	10	10	-	-	26412911	26392497	59	60	60	38	1191	3	41	100	1338	False	True	observed exon-aligned boundaries; not exon-repaired; not conserved
bos_taurus	ARS-UCD2.0	SRR31429688	SRR31429688.157880	2c7ee9d5-da85-4f52-a6c1-fd4566ba9fb9	Genion	PASS:GF	pPASS	ENSBTAG00000046668	ENSBTAG00000019612	10	10	-	-	26412911	26392497	62	60	60	15	1165	0	15	77	1281	False	True	observed exon-aligned boundaries; not exon-repaired; not conserved
bos_taurus	ARS-UCD2.0	SRR31429688	SRR31429688.160978	3a595981-3c35-4293-9327-d8cdbb81a1bb	Genion	PASS:GF	pPASS	ENSBTAG00000046668	ENSBTAG00000019612	10	10	-	-	26412911	26392497	58	60	60	37	1200	5	42	100	1329	False	True	observed exon-aligned boundaries; not exon-repaired; not conserved
bos_taurus	ARS-UCD2.0	SRR31429688	SRR31429688.161644	1251155c-162a-4ac8-829d-17ec529fa309	Genion	PASS:GF	pPASS	ENSBTAG00000046668	ENSBTAG00000019612	10	10	-	-	26412911	26392497	56	60	60	40	1199	0	41	97	1333	False	True	observed exon-aligned boundaries; not exon-repaired; not conserved
bos_taurus	ARS-UCD2.0	SRR31429688	SRR31429688.163451	18a579de-cb95-44fd-93d6-dee827207283	Genion	PASS:GF	pPASS	ENSBTAG00000046668	ENSBTAG00000019612	10	10	-	-	26412911	26392497	58	60	60	38	1202	0	41	99	1327	False	True	observed exon-aligned boundaries; not exon-repaired; not conserved
bos_taurus	ARS-UCD2.0	SRR31429688	SRR31429688.167785	5840c398-66e1-47b7-917a-bfceed760232	Genion	PASS:GF	pPASS	ENSBTAG00000046668	ENSBTAG00000019612	10	10	-	-	26412911	26392497	61	60	60	44	1207	2	47	108	1333	False	True	observed exon-aligned boundaries; not exon-repaired; not conserved
bos_taurus	ARS-UCD2.0	SRR31429688	SRR31429688.169915	97abc80f-0a09-4018-85ea-53dd82956b22	Genion	PASS:GF	pPASS	ENSBTAG00000046668	ENSBTAG00000019612	10	10	-	-	26412911	26392497	55	60	60	42	1207	0	43	98	1325	False	True	observed exon-aligned boundaries; not exon-repaired; not conserved
bos_taurus	ARS-UCD2.0	SRR31429688	SRR31429688.178188	8d1700d7-037e-4d4d-9654-75761b5c0b02	Genion	PASS:GF	pPASS	ENSBTAG00000046668	ENSBTAG00000019612	10	10	-	-	26412911	26392497	60	60	60	39	1193	0	39	99	1325	False	True	observed exon-aligned boundaries; not exon-repaired; not conserved
bos_taurus	ARS-UCD2.0	SRR31429688	SRR31429688.187940	2a589a29-6257-4239-91b3-8f6070f7c49f	Genion	PASS:GF	pPASS	ENSBTAG00000046668	ENSBTAG00000019612	10	10	-	-	26412911	26392497	57	60	60	43	1195	0	44	101	1330	False	True	observed exon-aligned boundaries; not exon-repaired; not conserved
bos_taurus	ARS-UCD2.0	SRR31429688	SRR31429688.190392	b78f5b3a-acf0-4c76-9284-e154d03f1737	Genion	PASS:GF	pPASS	ENSBTAG00000046668	ENSBTAG00000019612	10	10	-	-	26412911	26392497	60	60	60	41	1214	1	42	102	1355	False	True	observed exon-aligned boundaries; not exon-repaired; not conserved
bos_taurus	ARS-UCD2.0	SRR31429688	SRR31429688.194251	10d0578b-3599-46e9-bf32-ef2755db6de6	Genion	PASS:GF	pPASS	ENSBTAG00000046668	ENSBTAG00000019612	10	10	-	-	26412911	26392497	52	60	60	28	1161	5	36	88	1317	False	True	observed exon-aligned boundaries; not exon-repaired; not conserved
bos_taurus	ARS-UCD2.0	SRR31429688	SRR31429688.196714	9c83cf02-3937-471c-9927-dfc199e4516f	Genion	PASS:GF	pPASS	ENSBTAG00000046668	ENSBTAG00000019612	10	10	-	-	26412911	26392497	52	60	60	42	1200	2	44	96	1337	False	True	observed exon-aligned boundaries; not exon-repaired; not conserved
bos_taurus	ARS-UCD2.0	SRR31429688	SRR31429688.200183	d750a292-7c5a-471f-8614-635d63967ec5	Genion	PASS:GF	pPASS	ENSBTAG00000046668	ENSBTAG00000019612	10	10	-	-	26412911	26392497	60	60	60	39	1188	3	42	102	1337	False	True	observed exon-aligned boundaries; not exon-repaired; not conserved
bos_taurus	ARS-UCD2.0	SRR31429688	SRR31429688.207621	cb554735-aedc-40fc-9afe-ffce0f8ec696	Genion	PASS:GF	pPASS	ENSBTAG00000046668	ENSBTAG00000019612	10	10	-	-	26412911	26392497	60	60	60	38	1212	4	42	102	1344	False	True	observed exon-aligned boundaries; not exon-repaired; not conserved
bos_taurus	ARS-UCD2.0	SRR31429688	SRR31429688.209661	cef40cd8-f3a3-462a-81d9-201bc5560cef	Genion	PASS:GF	pPASS	ENSBTAG00000046668	ENSBTAG00000019612	10	10	-	-	26412911	26392497	61	60	60	38	1185	0	39	100	1307	False	True	observed exon-aligned boundaries; not exon-repaired; not conserved
bos_taurus	ARS-UCD2.0	SRR31429688	SRR31429688.210945	e51d7285-9da0-4f98-ba7e-54b2ffc8a844	Genion	PASS:GF	pPASS	ENSBTAG00000046668	ENSBTAG00000019612	10	10	-	-	26412911	26392497	61	60	60	42	1192	0	42	103	1324	False	True	observed exon-aligned boundaries; not exon-repaired; not conserved
bos_taurus	ARS-UCD2.0	SRR31429688	SRR31429688.211290	f6e0ca7d-485b-4238-bea7-f50f2aaa1ce7	Genion	PASS:GF	pPASS	ENSBTAG00000046668	ENSBTAG00000019612	10	10	-	-	26412911	26392497	52	60	60	37	1194	3	41	93	1308	False	True	observed exon-aligned boundaries; not exon-repaired; not conserved
bos_taurus	ARS-UCD2.0	SRR31429688	SRR31429688.213727	0cc86f87-f95a-4962-963a-b90814119ecd	Genion	PASS:GF	pPASS	ENSBTAG00000046668	ENSBTAG00000019612	10	10	-	-	26412911	26392497	59	60	60	41	1207	0	41	100	1346	False	True	observed exon-aligned boundaries; not exon-repaired; not conserved
bos_taurus	ARS-UCD2.0	SRR31429688	SRR31429688.217380	7368aa9f-ca93-44fa-adff-c3485b3a376d	Genion	PASS:GF	pPASS	ENSBTAG00000046668	ENSBTAG00000019612	10	10	-	-	26412911	26392497	58	60	60	41	1183	0	45	103	1325	False	True	observed exon-aligned boundaries; not exon-repaired; not conserved
bos_taurus	ARS-UCD2.0	SRR31429688	SRR31429688.221565	7cc8bc55-7386-4a3e-bdb6-e7fab3bcd2a4	Genion	PASS:GF	pPASS	ENSBTAG00000046668	ENSBTAG00000019612	10	10	-	-	26412911	26392497	61	60	60	39	1213	2	41	102	1330	False	True	observed exon-aligned boundaries; not exon-repaired; not conserved
bos_taurus	ARS-UCD2.0	SRR31429688	SRR31429688.225817	51671354-dd18-4dfa-a2ce-a34bb2db3398	Genion	PASS:GF	pPASS	ENSBTAG00000046668	ENSBTAG00000019612	10	10	-	-	26412911	26392497	58	60	60	38	1210	3	41	99	1331	False	True	observed exon-aligned boundaries; not exon-repaired; not conserved
bos_taurus	ARS-UCD2.0	SRR31429688	SRR31429688.232740	92fbde28-62c6-48d9-9679-69c23120cecd	Genion	PASS:GF	pPASS	ENSBTAG00000046668	ENSBTAG00000019612	10	10	-	-	26412911	26392497	58	60	60	39	1206	2	41	99	1329	False	True	observed exon-aligned boundaries; not exon-repaired; not conserved
bos_taurus	ARS-UCD2.0	SRR31429688	SRR31429688.240230	27f4dea1-abca-47f8-ba93-29d38186534e	Genion	PASS:GF	pPASS	ENSBTAG00000046668	ENSBTAG00000019612	10	10	-	-	26412911	26392497	63	60	60	34	1119	3	39	102	1247	False	True	observed exon-aligned boundaries; not exon-repaired; not conserved
bos_taurus	ARS-UCD2.0	SRR31429688	SRR31429688.245700	2d62db7a-6b81-4e5b-900d-39b11f31d718	Genion	PASS:GF	pPASS	ENSBTAG00000046668	ENSBTAG00000019612	10	10	-	-	26412911	26392497	59	60	60	39	1205	0	40	99	1323	False	True	observed exon-aligned boundaries; not exon-repaired; not conserved
bos_taurus	ARS-UCD2.0	SRR31429688	SRR31429688.248132	09c174b1-adbc-4401-9325-6ecdb090afa5	Genion	PASS:GF	pPASS	ENSBTAG00000046668	ENSBTAG00000019612	10	10	-	-	26412911	26392497	60	60	60	39	1181	0	39	99	1296	False	True	observed exon-aligned boundaries; not exon-repaired; not conserved
bos_taurus	ARS-UCD2.0	SRR31429688	SRR31429688.251931	44070f0b-2057-475f-b73b-91a9c5f1bdce	Genion	PASS:GF	pPASS	ENSBTAG00000046668	ENSBTAG00000019612	10	10	-	-	26412911	26392497	62	60	60	39	1199	0	41	103	1324	False	True	observed exon-aligned boundaries; not exon-repaired; not conserved
bos_taurus	ARS-UCD2.0	SRR31429688	SRR31429688.254673	d32d61af-b47f-4dfe-b258-d4eba9a23616	Genion	PASS:GF	pPASS	ENSBTAG00000046668	ENSBTAG00000019612	10	10	-	-	26412911	26392497	60	60	60	42	1201	1	43	103	1338	False	True	observed exon-aligned boundaries; not exon-repaired; not conserved
bos_taurus	ARS-UCD2.0	SRR31429688	SRR31429688.256403	fa1c9f32-2d8c-4865-82b6-0f740b66a2b0	Genion	PASS:GF	pPASS	ENSBTAG00000046668	ENSBTAG00000019612	10	10	-	-	26412911	26392497	58	60	60	34	1189	3	37	95	1315	False	True	observed exon-aligned boundaries; not exon-repaired; not conserved
bos_taurus	ARS-UCD2.0	SRR31429688	SRR31429688.258165	61598c55-32b6-4062-be41-47cf6f749b8f	Genion	PASS:GF	pPASS	ENSBTAG00000046668	ENSBTAG00000019612	10	10	-	-	26412911	26392497	60	60	60	54	1175	15	69	129	1343	False	True	observed exon-aligned boundaries; not exon-repaired; not conserved
bos_taurus	ARS-UCD2.0	SRR31429688	SRR31429688.260941	576d176e-55ba-4cf9-a198-d884741504ca	Genion	PASS:GF	pPASS	ENSBTAG00000046668	ENSBTAG00000019612	10	10	-	-	26412911	26392497	64	60	60	42	1186	1	44	108	1321	False	True	observed exon-aligned boundaries; not exon-repaired; not conserved
bos_taurus	ARS-UCD2.0	SRR31429688	SRR31429688.266693	32f12f64-04cf-4f1c-bc3a-f4133d147d5a	Genion	PASS:GF	pPASS	ENSBTAG00000046668	ENSBTAG00000019612	10	10	-	-	26412911	26392497	57	60	60	38	1173	3	41	98	1311	False	True	observed exon-aligned boundaries; not exon-repaired; not conserved
bos_taurus	ARS-UCD2.0	SRR31429688	SRR31429688.271033	1e06cfa9-28ea-4274-9ff3-a560fffe8828	Genion	PASS:GF	pPASS	ENSBTAG00000046668	ENSBTAG00000019612	10	10	-	-	26412911	26392497	59	60	60	38	1206	4	44	103	1342	False	True	observed exon-aligned boundaries; not exon-repaired; not conserved
bos_taurus	ARS-UCD2.0	SRR31429688	SRR31429688.275745	853c9586-ca8f-4dec-970b-6416edbedd1b	Genion	PASS:GF	pPASS	ENSBTAG00000046668	ENSBTAG00000019612	10	10	-	-	26412911	26392497	59	60	60	38	1199	2	40	99	1329	False	True	observed exon-aligned boundaries; not exon-repaired; not conserved
bos_taurus	ARS-UCD2.0	SRR31429688	SRR31429688.276677	129e506e-813f-453c-8466-a31ed3556d42	Genion	PASS:GF	pPASS	ENSBTAG00000046668	ENSBTAG00000019612	10	10	-	-	26412911	26392497	61	60	60	66	1206	3	71	132	1365	False	True	observed exon-aligned boundaries; not exon-repaired; not conserved
bos_taurus	ARS-UCD2.0	SRR31429688	SRR31429688.283440	d271dfc4-2d9f-48e0-af08-a42b43940b52	Genion	PASS:GF	pPASS	ENSBTAG00000046668	ENSBTAG00000019612	10	10	-	-	26412911	26392497	59	60	60	71	1182	0	72	131	1338	False	True	observed exon-aligned boundaries; not exon-repaired; not conserved
bos_taurus	ARS-UCD2.0	SRR31429688	SRR31429688.286599	3b869953-2bed-4708-b3e8-5a68e692d47d	Genion	PASS:GF	pPASS	ENSBTAG00000046668	ENSBTAG00000019612	10	10	-	-	26412911	26392497	59	60	60	36	1193	4	40	99	1325	False	True	observed exon-aligned boundaries; not exon-repaired; not conserved
bos_taurus	ARS-UCD2.0	SRR31429688	SRR31429688.288306	65f1dd77-4794-42c4-a6b4-52db73d26ef1	Genion	PASS:GF	pPASS	ENSBTAG00000046668	ENSBTAG00000019612	10	10	-	-	26412911	26392497	58	60	60	40	1194	3	43	101	1339	False	True	observed exon-aligned boundaries; not exon-repaired; not conserved
bos_taurus	ARS-UCD2.0	SRR31429688	SRR31429688.289942	2ce452d8-d582-437f-807b-8cbb209e0107	Genion	PASS:GF	pPASS	ENSBTAG00000046668	ENSBTAG00000019612	10	10	-	-	26412911	26392497	62	60	60	42	1198	2	45	107	1323	False	True	observed exon-aligned boundaries; not exon-repaired; not conserved
bos_taurus	ARS-UCD2.0	SRR31429688	SRR31429688.291232	3508fbe3-448d-4e50-b415-fdcb8fb90454	Genion	PASS:GF	pPASS	ENSBTAG00000046668	ENSBTAG00000019612	10	10	-	-	26412911	26392497	60	60	60	38	1174	3	41	101	1307	False	True	observed exon-aligned boundaries; not exon-repaired; not conserved
bos_taurus	ARS-UCD2.0	SRR31429688	SRR31429688.292317	926cf018-1eb0-4c4d-b696-7e32d98590f1	Genion	PASS:GF	pPASS	ENSBTAG00000046668	ENSBTAG00000019612	10	10	-	-	26412911	26392497	61	60	60	41	1205	0	41	102	1325	False	True	observed exon-aligned boundaries; not exon-repaired; not conserved
bos_taurus	ARS-UCD2.0	SRR31429688	SRR31429688.295571	3de1ae4f-0fc4-4f38-a0fe-99cf65c98813	Genion	PASS:GF	pPASS	ENSBTAG00000046668	ENSBTAG00000019612	10	10	-	-	26412911	26392497	60	60	60	42	1153	0	46	106	1297	False	True	observed exon-aligned boundaries; not exon-repaired; not conserved
bos_taurus	ARS-UCD2.0	SRR31429688	SRR31429688.297336	d58d0d5e-4f0c-4a88-b22d-5673a069ba78	Genion	PASS:GF	pPASS	ENSBTAG00000046668	ENSBTAG00000019612	10	10	-	-	26412911	26392497	54	60	60	38	1181	3	41	95	1309	False	True	observed exon-aligned boundaries; not exon-repaired; not conserved
bos_taurus	ARS-UCD2.0	SRR31429688	SRR31429688.309631	1107d263-8a27-40cd-b2c4-0bf028b53bb2	Genion	PASS:GF	pPASS	ENSBTAG00000046668	ENSBTAG00000019612	10	10	-	-	26412911	26392497	56	60	60	54	1197	3	58	114	1333	False	True	observed exon-aligned boundaries; not exon-repaired; not conserved
bos_taurus	ARS-UCD2.0	SRR31429688	SRR31429688.311134	2968d533-46f1-4fa1-a45c-860370f36dc8	Genion	PASS:GF	pPASS	ENSBTAG00000046668	ENSBTAG00000019612	10	10	-	-	26412911	26392496	55	60	60	38	1191	3	42	97	1309	False	True	observed exon-aligned boundaries; not exon-repaired; not conserved
bos_taurus	ARS-UCD2.0	SRR31429688	SRR31429688.311668	22c88036-fddc-4e7f-98aa-56ac9359d405	Genion	PASS:GF	pPASS	ENSBTAG00000046668	ENSBTAG00000019612	10	10	-	-	26412911	26392497	60	60	60	42	1208	1	43	103	1340	False	True	observed exon-aligned boundaries; not exon-repaired; not conserved
bos_taurus	ARS-UCD2.0	SRR31429688	SRR31429688.315280	ca2d0022-968e-4b81-b0c0-a4a234742ff1	Genion	PASS:GF	pPASS	ENSBTAG00000046668	ENSBTAG00000019612	10	10	-	-	26412911	26392497	59	60	60	42	1203	2	46	105	1324	False	True	observed exon-aligned boundaries; not exon-repaired; not conserved
bos_taurus	ARS-UCD2.0	SRR31429688	SRR31429688.316309	dc597e25-d805-4a0c-b86b-14e7c8f0613e	Genion	PASS:GF	pPASS	ENSBTAG00000046668	ENSBTAG00000019612	10	10	-	-	26412911	26392497	62	60	60	38	1198	2	44	106	1336	False	True	observed exon-aligned boundaries; not exon-repaired; not conserved
bos_taurus	ARS-UCD2.0	SRR31429688	SRR31429688.320082	05658462-a348-487e-b902-8d6164ac2a69	Genion	PASS:GF	pPASS	ENSBTAG00000046668	ENSBTAG00000019612	10	10	-	-	26412911	26392497	58	60	60	36	1213	2	39	97	1338	False	True	observed exon-aligned boundaries; not exon-repaired; not conserved
bos_taurus	ARS-UCD2.0	SRR31429688	SRR31429688.322252	62482c30-be00-4114-94d7-c4bd2e3bea0c	Genion	PASS:GF	pPASS	ENSBTAG00000046668	ENSBTAG00000019612	10	10	-	-	26412911	26392497	59	60	60	37	1217	3	41	100	1334	False	True	observed exon-aligned boundaries; not exon-repaired; not conserved
bos_taurus	ARS-UCD2.0	SRR31429688	SRR31429688.322721	79f0de3e-58c7-43cc-8ab2-15ec8f3bf5b9	Genion	PASS:GF	pPASS	ENSBTAG00000046668	ENSBTAG00000019612	10	10	-	-	26412911	26392497	59	60	60	38	1194	0	40	99	1311	False	True	observed exon-aligned boundaries; not exon-repaired; not conserved
bos_taurus	ARS-UCD2.0	SRR31429688	SRR31429688.323298	0c54114b-3f6d-49aa-b495-894bd22cf6c0	Genion	PASS:GF	pPASS	ENSBTAG00000046668	ENSBTAG00000019612	10	10	-	-	26412911	26392497	0	60	60	310	1213	0	312	312	1547	True	True	observed exon-aligned boundaries; not exon-repaired; not conserved
bos_taurus	ARS-UCD2.0	SRR31429688	SRR31429688.327191	69be980f-1e4f-4c08-a7a7-8694262833b2	Genion	PASS:GF	pPASS	ENSBTAG00000046668	ENSBTAG00000019612	10	10	-	-	26412911	26392497	57	60	60	41	1183	0	42	99	1312	False	True	observed exon-aligned boundaries; not exon-repaired; not conserved
bos_taurus	ARS-UCD2.0	SRR31429688	SRR31429688.327640	02f88339-822f-4533-a684-5336ba27254a	Genion	PASS:GF	pPASS	ENSBTAG00000046668	ENSBTAG00000019612	10	10	-	-	26412911	26392497	59	60	60	19	1209	0	19	78	1312	False	True	observed exon-aligned boundaries; not exon-repaired; not conserved
bos_taurus	ARS-UCD2.0	SRR31429688	SRR31429688.328461	19f0117b-4159-4cc4-beef-498b8b03d137	Genion	PASS:GF	pPASS	ENSBTAG00000046668	ENSBTAG00000019612	10	10	-	-	26412911	26392497	61	60	60	36	1207	5	41	102	1336	False	True	observed exon-aligned boundaries; not exon-repaired; not conserved
bos_taurus	ARS-UCD2.0	SRR31429688	SRR31429688.329101	3bdfcbd9-e44d-4ce8-a616-cd9b795ba431	Genion	PASS:GF	pPASS	ENSBTAG00000046668	ENSBTAG00000019612	10	10	-	-	26412911	26392497	61	60	60	39	1194	4	43	104	1338	False	True	observed exon-aligned boundaries; not exon-repaired; not conserved
bos_taurus	ARS-UCD2.0	SRR31429688	SRR31429688.329304	b2eff54d-9196-4cc4-9558-2b25b7cb4def	Genion	PASS:GF	pPASS	ENSBTAG00000046668	ENSBTAG00000019612	10	10	-	-	26412913	26392497	58	60	60	37	1192	0	39	97	1309	False	True	observed exon-aligned boundaries; not exon-repaired; not conserved
bos_taurus	ARS-UCD2.0	SRR31429688	SRR31429688.337601	18cf9700-8eb6-4075-8e44-c7f1414780ae	Genion	PASS:GF	pPASS	ENSBTAG00000046668	ENSBTAG00000019612	10	10	-	-	26412911	26392497	58	60	60	32	1188	3	35	93	1331	False	True	observed exon-aligned boundaries; not exon-repaired; not conserved
bos_taurus	ARS-UCD2.0	SRR31429688	SRR31429688.337892	c5fe31e6-902f-487c-a2cc-37815608d029	Genion	PASS:GF	pPASS	ENSBTAG00000046668	ENSBTAG00000019612	10	10	-	-	26412911	26392497	57	60	60	38	1191	1	39	96	1314	False	True	observed exon-aligned boundaries; not exon-repaired; not conserved
bos_taurus	ARS-UCD2.0	SRR31429688	SRR31429688.340439	f1f56922-9c38-45d8-badc-cc5572db08ae	Genion	PASS:GF	pPASS	ENSBTAG00000046668	ENSBTAG00000019612	10	10	-	-	26412911	26392497	55	60	60	39	1181	0	39	94	1319	False	True	observed exon-aligned boundaries; not exon-repaired; not conserved
bos_taurus	ARS-UCD2.0	SRR31429688	SRR31429688.343276	982e6390-d97f-4704-a582-dc909778badf	Genion	PASS:GF	pPASS	ENSBTAG00000046668	ENSBTAG00000019612	10	10	-	-	26412911	26392497	56	60	60	38	1199	4	42	98	1320	False	True	observed exon-aligned boundaries; not exon-repaired; not conserved
bos_taurus	ARS-UCD2.0	SRR31429688	SRR31429688.343427	7b82102a-785d-4012-821a-631cb4a0ffb7	Genion	PASS:GF	pPASS	ENSBTAG00000046668	ENSBTAG00000019612	10	10	-	-	26412911	26392497	61	60	60	41	1184	0	41	102	1303	False	True	observed exon-aligned boundaries; not exon-repaired; not conserved
bos_taurus	ARS-UCD2.0	SRR31429688	SRR31429688.344554	8577db67-c300-4f92-ae85-46d6ca73b749	Genion	PASS:GF	pPASS	ENSBTAG00000046668	ENSBTAG00000019612	10	10	-	-	26412911	26392497	56	60	60	43	616	0	43	99	737	False	True	observed exon-aligned boundaries; not exon-repaired; not conserved
bos_taurus	ARS-UCD2.0	SRR31429688	SRR31429688.344732	a1cf7688-9ac4-40c6-919e-9fe5a9d500c5	Genion	PASS:GF	pPASS	ENSBTAG00000046668	ENSBTAG00000019612	10	10	-	-	26412911	26392497	62	60	60	40	1188	0	40	102	1312	False	True	observed exon-aligned boundaries; not exon-repaired; not conserved
bos_taurus	ARS-UCD2.0	SRR31429688	SRR31429688.345332	406cb41b-3a60-4501-8bbd-87536d17f887	Genion	PASS:GF	pPASS	ENSBTAG00000046668	ENSBTAG00000019612	10	10	-	-	26412911	26392497	55	60	60	43	1182	72	116	171	1394	False	True	observed exon-aligned boundaries; not exon-repaired; not conserved
bos_taurus	ARS-UCD2.0	SRR31429688	SRR31429688.346773	44ff15de-0608-429e-a074-daa7e76b446c	Genion	PASS:GF	pPASS	ENSBTAG00000046668	ENSBTAG00000019612	10	10	-	-	26412911	26392497	60	60	60	44	1214	2	46	106	1353	False	True	observed exon-aligned boundaries; not exon-repaired; not conserved
bos_taurus	ARS-UCD2.0	SRR31429688	SRR31429688.346956	94d331d0-eba6-422b-821b-a07944e88cb4	Genion	PASS:GF	pPASS	ENSBTAG00000046668	ENSBTAG00000019612	10	10	-	-	26412911	26392497	62	60	60	34	1197	3	37	99	1325	False	True	observed exon-aligned boundaries; not exon-repaired; not conserved
bos_taurus	ARS-UCD2.0	SRR31429688	SRR31429688.349838	9335e206-8ba1-42b5-8e01-b5081b163e22	Genion	PASS:GF	pPASS	ENSBTAG00000046668	ENSBTAG00000019612	10	10	-	-	26412911	26392497	60	60	60	43	1199	0	43	103	1314	False	True	observed exon-aligned boundaries; not exon-repaired; not conserved
bos_taurus	ARS-UCD2.0	SRR31429688	SRR31429688.357207	41596ab3-91be-42b5-b3e8-d3b75f7aa404	Genion	PASS:GF	pPASS	ENSBTAG00000046668	ENSBTAG00000019612	10	10	-	-	26412911	26392497	57	60	60	39	1205	3	44	101	1346	False	True	observed exon-aligned boundaries; not exon-repaired; not conserved
bos_taurus	ARS-UCD2.0	SRR31429688	SRR31429688.357827	9d297a09-50c7-4ce5-8eee-8d5982b35317	Genion	PASS:GF	pPASS	ENSBTAG00000046668	ENSBTAG00000019612	10	10	-	-	26412911	26392497	59	60	60	41	1198	0	42	101	1326	False	True	observed exon-aligned boundaries; not exon-repaired; not conserved
bos_taurus	ARS-UCD2.0	SRR31429688	SRR31429688.369050	97ace25f-a82e-48a3-9c93-73da3344a78c	Genion	PASS:GF	pPASS	ENSBTAG00000046668	ENSBTAG00000019612	10	10	-	-	26412911	26392497	57	60	60	37	1189	3	40	97	1305	False	True	observed exon-aligned boundaries; not exon-repaired; not conserved
bos_taurus	ARS-UCD2.0	SRR31429688	SRR31429688.369452	82369311-192e-42ba-aa11-36301797d556	Genion	PASS:GF	pPASS	ENSBTAG00000046668	ENSBTAG00000019612	10	10	-	-	26412911	26392497	57	60	60	41	1191	0	41	98	1316	False	True	observed exon-aligned boundaries; not exon-repaired; not conserved
bos_taurus	ARS-UCD2.0	SRR31429688	SRR31429688.372103	a700f65b-d942-4e52-96b1-c152be4df52f	Genion	PASS:GF	pPASS	ENSBTAG00000046668	ENSBTAG00000019612	10	10	-	-	26412911	26392497	58	60	60	41	1177	0	45	103	1304	False	True	observed exon-aligned boundaries; not exon-repaired; not conserved
bos_taurus	ARS-UCD2.0	SRR31429688	SRR31429688.372362	6494991e-99c0-4a10-8561-9d07789aa53d	Genion	PASS:GF	pPASS	ENSBTAG00000046668	ENSBTAG00000019612	10	10	-	-	26412911	26392497	60	60	60	40	1168	0	40	100	1315	False	True	observed exon-aligned boundaries; not exon-repaired; not conserved
bos_taurus	ARS-UCD2.0	SRR31429688	SRR31429688.373614	6e207cac-fa63-4090-8c22-3e6a53055d9a	Genion	PASS:GF	pPASS	ENSBTAG00000046668	ENSBTAG00000019612	10	10	-	-	26412911	26392497	59	60	60	55	1204	20	76	135	1369	False	True	observed exon-aligned boundaries; not exon-repaired; not conserved
bos_taurus	ARS-UCD2.0	SRR31429688	SRR31429688.375085	65b8d5eb-0299-44a7-b860-6d80e289219d	Genion	PASS:GF	pPASS	ENSBTAG00000046668	ENSBTAG00000019612	10	10	-	-	26412911	26392497	60	60	60	37	1204	2	39	99	1325	False	True	observed exon-aligned boundaries; not exon-repaired; not conserved
bos_taurus	ARS-UCD2.0	SRR31429688	SRR31429688.383119	8d33186b-3711-4d13-96fb-8211e1ff80ed	Genion	PASS:GF	pPASS	ENSBTAG00000046668	ENSBTAG00000019612	10	10	-	-	26412911	26392497	57	60	60	41	1192	4	47	104	1329	False	True	observed exon-aligned boundaries; not exon-repaired; not conserved
bos_taurus	ARS-UCD2.0	SRR31429688	SRR31429688.384183	cb31f888-3cae-4520-8af5-6b3028d409e7	Genion	PASS:GF	pPASS	ENSBTAG00000046668	ENSBTAG00000019612	10	10	-	-	26412911	26392497	60	60	60	38	1180	4	43	103	1321	False	True	observed exon-aligned boundaries; not exon-repaired; not conserved
bos_taurus	ARS-UCD2.0	SRR31429688	SRR31429688.387684	12fe7e50-f11e-4d0c-ad45-aa3a798bad85	Genion	PASS:GF	pPASS	ENSBTAG00000046668	ENSBTAG00000019612	10	10	-	-	26412911	26392497	60	60	60	36	1190	5	42	102	1323	False	True	observed exon-aligned boundaries; not exon-repaired; not conserved
bos_taurus	ARS-UCD2.0	SRR31429688	SRR31429688.388908	e6737095-a437-4ecb-8fe0-829f21b1d349	Genion	PASS:GF	pPASS	ENSBTAG00000046668	ENSBTAG00000019612	10	10	-	-	26412911	26392497	59	60	60	40	1202	0	42	101	1343	False	True	observed exon-aligned boundaries; not exon-repaired; not conserved
bos_taurus	ARS-UCD2.0	SRR31429688	SRR31429688.389794	18ee1bec-768c-45c2-8e2d-dfce9064a563	Genion	PASS:GF	pPASS	ENSBTAG00000046668	ENSBTAG00000019612	10	10	-	-	26412911	26392497	64	60	60	40	1170	0	40	104	1329	False	True	observed exon-aligned boundaries; not exon-repaired; not conserved
bos_taurus	ARS-UCD2.0	SRR31429688	SRR31429688.392108	0d137d11-0c6c-40b2-9063-a08a0622409f	Genion	PASS:GF	pPASS	ENSBTAG00000046668	ENSBTAG00000019612	10	10	-	-	26412911	26392497	60	60	60	38	1197	4	42	102	1374	False	True	observed exon-aligned boundaries; not exon-repaired; not conserved
bos_taurus	ARS-UCD2.0	SRR31429688	SRR31429688.398749	135ba37e-3aa5-4a64-a089-e7d4360da527	Genion	PASS:GF	pPASS	ENSBTAG00000046668	ENSBTAG00000019612	10	10	-	-	26412911	26392497	64	60	60	39	1181	3	43	107	1325	False	True	observed exon-aligned boundaries; not exon-repaired; not conserved
bos_taurus	ARS-UCD2.0	SRR31429688	SRR31429688.398889	1c95c8f3-5bc3-41be-929c-5bf7a0e998b0	Genion	PASS:GF	pPASS	ENSBTAG00000046668	ENSBTAG00000019612	10	10	-	-	26412911	26392497	63	60	60	15	1200	0	15	78	1309	False	True	observed exon-aligned boundaries; not exon-repaired; not conserved
bos_taurus	ARS-UCD2.0	SRR31429688	SRR31429688.399021	d2a32840-a63c-4c16-bf9a-d1f896bb702f	Genion	PASS:GF	pPASS	ENSBTAG00000046668	ENSBTAG00000019612	10	10	-	-	26412911	26392497	58	60	60	43	1179	0	46	104	1326	False	True	observed exon-aligned boundaries; not exon-repaired; not conserved
bos_taurus	ARS-UCD2.0	SRR31429688	SRR31429688.403927	f978df45-301e-4793-b648-0892de694315	Genion	PASS:GF	pPASS	ENSBTAG00000046668	ENSBTAG00000019612	10	10	-	-	26412911	26392497	54	60	60	40	1112	8	48	102	1245	False	True	observed exon-aligned boundaries; not exon-repaired; not conserved
bos_taurus	ARS-UCD2.0	SRR31429688	SRR31429688.404237	179240e9-314b-4a81-8c6d-0e043b34433e	Genion	PASS:GF	pPASS	ENSBTAG00000046668	ENSBTAG00000019612	10	10	-	-	26412911	26392497	56	60	60	42	1187	0	42	98	1299	False	True	observed exon-aligned boundaries; not exon-repaired; not conserved
bos_taurus	ARS-UCD2.0	SRR31429688	SRR31429688.409771	98d91926-9b0d-44bc-b549-c0cdfd40f2e0	Genion	PASS:GF	pPASS	ENSBTAG00000046668	ENSBTAG00000019612	10	10	-	-	26412911	26392497	61	60	60	38	1200	3	41	102	1327	False	True	observed exon-aligned boundaries; not exon-repaired; not conserved
bos_taurus	ARS-UCD2.0	SRR31429688	SRR31429688.415635	8db60b3d-b23d-45f3-ad6c-d4233a9109a1	Genion	PASS:GF	pPASS	ENSBTAG00000046668	ENSBTAG00000019612	10	10	-	-	26412911	26392497	58	60	60	37	1188	5	42	100	1346	False	True	observed exon-aligned boundaries; not exon-repaired; not conserved
bos_taurus	ARS-UCD2.0	SRR31429688	SRR31429688.415967	4dfb5001-84f1-4499-a947-13eadab2ac3f	Genion	PASS:GF	pPASS	ENSBTAG00000046668	ENSBTAG00000019612	10	10	-	-	26412911	26392497	62	60	60	54	1186	19	73	135	1355	False	True	observed exon-aligned boundaries; not exon-repaired; not conserved
bos_taurus	ARS-UCD2.0	SRR31429688	SRR31429688.417393	addf0ba8-c7d6-44b2-bb2d-e10f67fc70bd	Genion	PASS:GF	pPASS	ENSBTAG00000046668	ENSBTAG00000019612	10	10	-	-	26412911	26392497	71	60	60	274	1184	2	302	373	1599	True	True	observed exon-aligned boundaries; not exon-repaired; not conserved
bos_taurus	ARS-UCD2.0	SRR31429688	SRR31429688.418084	bfc037f0-19a7-4cf4-9b45-977d8a334f27	Genion	PASS:GF	pPASS	ENSBTAG00000046668	ENSBTAG00000019612	10	10	-	-	26412911	26392497	63	60	60	41	1172	6	49	112	1354	False	True	observed exon-aligned boundaries; not exon-repaired; not conserved
bos_taurus	ARS-UCD2.0	SRR31429688	SRR31429688.419395	9c57b6bd-5682-46c0-a8c6-69e9e725c765	Genion	PASS:GF	pPASS	ENSBTAG00000046668	ENSBTAG00000019612	10	10	-	-	26412911	26392497	64	60	60	22	1205	18	40	104	1326	False	True	observed exon-aligned boundaries; not exon-repaired; not conserved
bos_taurus	ARS-UCD2.0	SRR31429688	SRR31429688.428795	f05a9e79-efcc-4710-93e6-c4f0d7ab5922	Genion	PASS:GF	pPASS	ENSBTAG00000046668	ENSBTAG00000019612	10	10	-	-	26412911	26392497	57	60	60	38	1185	3	42	99	1306	False	True	observed exon-aligned boundaries; not exon-repaired; not conserved
bos_taurus	ARS-UCD2.0	SRR31429688	SRR31429688.432975	325e4d02-cd0f-4afd-aae4-9026365f19cf	Genion	PASS:GF	pPASS	ENSBTAG00000046668	ENSBTAG00000019612	10	10	-	-	26412911	26392497	59	60	60	43	1203	0	43	102	1331	False	True	observed exon-aligned boundaries; not exon-repaired; not conserved
bos_taurus	ARS-UCD2.0	SRR31429688	SRR31429688.433761	087bcb1a-5407-490f-ab17-2dc84c2f015e	Genion	PASS:GF	pPASS	ENSBTAG00000046668	ENSBTAG00000019612	10	10	-	-	26412911	26392497	54	60	60	25	1194	16	41	95	1311	False	True	observed exon-aligned boundaries; not exon-repaired; not conserved
bos_taurus	ARS-UCD2.0	SRR31429688	SRR31429688.438902	415fa68e-fef7-4fdb-9ee1-e587760556ee	Genion	PASS:GF	pPASS	ENSBTAG00000046668	ENSBTAG00000019612	10	10	-	-	26412911	26392497	62	60	60	41	1209	0	41	103	1332	False	True	observed exon-aligned boundaries; not exon-repaired; not conserved
bos_taurus	ARS-UCD2.0	SRR31429688	SRR31429688.439254	2c88ea29-ddfb-4a7e-96b7-73e22061f3a5	Genion	PASS:GF	pPASS	ENSBTAG00000046668	ENSBTAG00000019612	10	10	-	-	26412911	26392497	57	60	60	36	1162	3	39	96	1282	False	True	observed exon-aligned boundaries; not exon-repaired; not conserved
bos_taurus	ARS-UCD2.0	SRR31429688	SRR31429688.439985	fbd4bdf9-7611-4ba3-ae4d-7bf5950da29f	Genion	PASS:GF	pPASS	ENSBTAG00000046668	ENSBTAG00000019612	10	10	-	-	26412911	26392497	58	60	60	36	1207	2	38	96	1342	False	True	observed exon-aligned boundaries; not exon-repaired; not conserved
bos_taurus	ARS-UCD2.0	SRR31429688	SRR31429688.440798	9f200764-4f2a-4a62-b880-a5858d590f53	Genion	PASS:GF	pPASS	ENSBTAG00000046668	ENSBTAG00000019612	10	10	-	-	26412911	26392497	62	60	60	44	1199	0	46	108	1337	False	True	observed exon-aligned boundaries; not exon-repaired; not conserved
bos_taurus	ARS-UCD2.0	SRR31429688	SRR31429688.440799	4bda252f-45b5-40e6-94e0-bd3a6357511f	Genion	PASS:GF	pPASS	ENSBTAG00000046668	ENSBTAG00000019612	10	10	-	-	26412911	26392497	58	60	60	41	1193	2	43	101	1309	False	True	observed exon-aligned boundaries; not exon-repaired; not conserved
bos_taurus	ARS-UCD2.0	SRR31429688	SRR31429688.443862	d1f6839a-894e-495e-a0f7-593910e0368e	Genion	PASS:GF	pPASS	ENSBTAG00000046668	ENSBTAG00000019612	10	10	-	-	26412911	26392497	61	60	60	37	1177	0	38	99	1306	False	True	observed exon-aligned boundaries; not exon-repaired; not conserved
bos_taurus	ARS-UCD2.0	SRR31429688	SRR31429688.445333	e9c3073e-1f99-412f-9115-2e4197ac1629	Genion	PASS:GF	pPASS	ENSBTAG00000046668	ENSBTAG00000019612	10	10	-	-	26412911	26392497	60	60	60	39	1119	2	43	103	1261	False	True	observed exon-aligned boundaries; not exon-repaired; not conserved
bos_taurus	ARS-UCD2.0	SRR31429688	SRR31429688.446499	f7e89e37-dfe5-452c-9060-b7bbc6701ca9	Genion	PASS:GF	pPASS	ENSBTAG00000046668	ENSBTAG00000019612	10	10	-	-	26412911	26392497	55	60	60	38	1198	2	43	98	1330	False	True	observed exon-aligned boundaries; not exon-repaired; not conserved
bos_taurus	ARS-UCD2.0	SRR31429688	SRR31429688.448423	4aa0f2d3-4a78-4ecb-b6c0-860fae991738	Genion	PASS:GF	pPASS	ENSBTAG00000046668	ENSBTAG00000019612	10	10	-	-	26412911	26392497	58	60	60	77	1203	0	77	135	1369	False	True	observed exon-aligned boundaries; not exon-repaired; not conserved
bos_taurus	ARS-UCD2.0	SRR31429688	SRR31429688.454303	135b964b-2e41-406a-8fbd-52740a008049	Genion	PASS:GF	pPASS	ENSBTAG00000046668	ENSBTAG00000019612	10	10	-	-	26412911	26392497	58	60	60	38	1192	1	39	97	1309	False	True	observed exon-aligned boundaries; not exon-repaired; not conserved
bos_taurus	ARS-UCD2.0	SRR31429688	SRR31429688.456291	93330ef2-1608-40f4-8660-5ee9181c096f	Genion	PASS:GF	pPASS	ENSBTAG00000046668	ENSBTAG00000019612	10	10	-	-	26412911	26392497	58	60	60	41	1167	2	44	102	1305	False	True	observed exon-aligned boundaries; not exon-repaired; not conserved
bos_taurus	ARS-UCD2.0	SRR31429688	SRR31429688.456555	b298c0d6-3e9c-4507-8bc4-742949d92f54	Genion	PASS:GF	pPASS	ENSBTAG00000046668	ENSBTAG00000019612	10	10	-	-	26412911	26392497	58	60	60	46	1216	0	46	104	1344	False	True	observed exon-aligned boundaries; not exon-repaired; not conserved
bos_taurus	ARS-UCD2.0	SRR31429688	SRR31429688.457465	c4fb1a95-43cb-470a-9c3b-6372df51c155	Genion	PASS:GF	pPASS	ENSBTAG00000046668	ENSBTAG00000019612	10	10	-	-	26412911	26392497	55	60	60	56	1208	9	65	120	1339	False	True	observed exon-aligned boundaries; not exon-repaired; not conserved
bos_taurus	ARS-UCD2.0	SRR31429688	SRR31429688.466961	1fd29e48-606d-4f66-811a-213c92fb17de	Genion	PASS:GF	pPASS	ENSBTAG00000046668	ENSBTAG00000019612	10	10	-	-	26412911	26392497	60	60	60	42	1223	0	44	104	1372	False	True	observed exon-aligned boundaries; not exon-repaired; not conserved
bos_taurus	ARS-UCD2.0	SRR31429688	SRR31429688.467836	6703d8ea-f3e9-494a-b09a-d548fd3c1d4a	Genion	PASS:GF	pPASS	ENSBTAG00000046668	ENSBTAG00000019612	10	10	-	-	26412911	26392497	58	60	60	42	1203	0	43	101	1349	False	True	observed exon-aligned boundaries; not exon-repaired; not conserved
bos_taurus	ARS-UCD2.0	SRR31429688	SRR31429688.471027	7d2f9c54-b653-4c81-b830-a1945f9d806d	Genion	PASS:GF	pPASS	ENSBTAG00000046668	ENSBTAG00000019612	10	10	-	-	26412911	26392497	58	60	60	37	1162	6	43	101	1286	False	True	observed exon-aligned boundaries; not exon-repaired; not conserved
bos_taurus	ARS-UCD2.0	SRR31429688	SRR31429688.471330	6c66599e-f29c-4764-bb35-26a1d729f00b	Genion	PASS:GF	pPASS	ENSBTAG00000046668	ENSBTAG00000019612	10	10	-	-	26412911	26392497	57	60	60	74	1210	0	79	136	1377	False	True	observed exon-aligned boundaries; not exon-repaired; not conserved
bos_taurus	ARS-UCD2.0	SRR31429688	SRR31429688.472944	ac97a3df-4561-4757-ab33-255e967c5a21	Genion	PASS:GF	pPASS	ENSBTAG00000046668	ENSBTAG00000019612	10	10	-	-	26412911	26392497	60	60	60	41	1194	0	41	101	1327	False	True	observed exon-aligned boundaries; not exon-repaired; not conserved
bos_taurus	ARS-UCD2.0	SRR31429688	SRR31429688.476457	b3e709bb-93ce-47f8-996e-afa554689542	Genion	PASS:GF	pPASS	ENSBTAG00000046668	ENSBTAG00000019612	10	10	-	-	26412911	26392497	0	60	60	67	1189	2	69	69	1281	False	True	observed exon-aligned boundaries; not exon-repaired; not conserved
bos_taurus	ARS-UCD2.0	SRR31429688	SRR31429688.478456	ed027002-040b-414b-a3d3-d34817ad57ae	Genion	PASS:GF	pPASS	ENSBTAG00000046668	ENSBTAG00000019612	10	10	-	-	26412911	26392497	62	60	60	37	1172	0	37	99	1301	False	True	observed exon-aligned boundaries; not exon-repaired; not conserved
bos_taurus	ARS-UCD2.0	SRR31429688	SRR31429688.482044	0a7c9a89-b7ed-4946-adfd-0dfa7effcfd5	Genion	PASS:GF	pPASS	ENSBTAG00000046668	ENSBTAG00000019612	10	10	-	-	26412911	26392497	60	60	60	31	1165	3	34	94	1294	False	True	observed exon-aligned boundaries; not exon-repaired; not conserved
bos_taurus	ARS-UCD2.0	SRR31429688	SRR31429688.483101	18cc6a3a-6f9b-4973-81dd-d6c13c215d30	Genion	PASS:GF	pPASS	ENSBTAG00000046668	ENSBTAG00000019612	10	10	-	-	26412911	26392491	57	60	60	38	1185	5	43	100	1306	False	True	observed exon-aligned boundaries; not exon-repaired; not conserved
bos_taurus	ARS-UCD2.0	SRR31429688	SRR31429688.487328	c9c5cb1a-4da7-4948-b471-808115ec3f06	Genion	PASS:GF	pPASS	ENSBTAG00000046668	ENSBTAG00000019612	10	10	-	-	26412911	26392497	59	60	60	69	1214	0	75	134	1363	False	True	observed exon-aligned boundaries; not exon-repaired; not conserved
bos_taurus	ARS-UCD2.0	SRR31429688	SRR31429688.487873	85d3cb1f-b7b1-457e-be72-1f83861eb63e	Genion	PASS:GF	pPASS	ENSBTAG00000046668	ENSBTAG00000019612	10	10	-	-	26412911	26392496	55	60	60	38	1176	4	42	97	1307	False	True	observed exon-aligned boundaries; not exon-repaired; not conserved
bos_taurus	ARS-UCD2.0	SRR31429688	SRR31429688.489173	b40d66bf-01af-4478-84c7-64bb762215dd	Genion	PASS:GF	pPASS	ENSBTAG00000046668	ENSBTAG00000019612	10	10	-	-	26412911	26392497	57	60	60	40	1214	0	42	99	1338	False	True	observed exon-aligned boundaries; not exon-repaired; not conserved
bos_taurus	ARS-UCD2.0	SRR31429688	SRR31429688.492035	6fb6d99c-4839-4d9b-998a-b584d749b440	Genion	PASS:GF	pPASS	ENSBTAG00000046668	ENSBTAG00000019612	10	10	-	-	26412911	26392497	62	60	60	41	1220	0	45	107	1348	False	True	observed exon-aligned boundaries; not exon-repaired; not conserved
bos_taurus	ARS-UCD2.0	SRR31429688	SRR31429688.492074	fa56187e-67b0-4262-87a4-f8de12c171ba	Genion	PASS:GF	pPASS	ENSBTAG00000046668	ENSBTAG00000019612	10	10	-	-	26412911	26392497	58	60	60	42	1202	3	45	103	1334	False	True	observed exon-aligned boundaries; not exon-repaired; not conserved
bos_taurus	ARS-UCD2.0	SRR31429688	SRR31429688.496455	1f35563f-d8ce-4764-96e9-b803fd7e17b3	Genion	PASS:GF	pPASS	ENSBTAG00000046668	ENSBTAG00000019612	10	10	-	-	26412911	26392497	55	60	60	37	1189	2	39	94	1309	False	True	observed exon-aligned boundaries; not exon-repaired; not conserved
bos_taurus	ARS-UCD2.0	SRR31429688	SRR31429688.497004	0936f622-cbeb-4100-8cff-787f845f5f44	Genion	PASS:GF	pPASS	ENSBTAG00000046668	ENSBTAG00000019612	10	10	-	-	26412911	26392497	56	60	60	38	1186	3	41	97	1310	False	True	observed exon-aligned boundaries; not exon-repaired; not conserved
bos_taurus	ARS-UCD2.0	SRR31429688	SRR31429688.499267	8c2a55c0-f265-4da6-85f6-98c683fcbef0	Genion	PASS:GF	pPASS	ENSBTAG00000046668	ENSBTAG00000019612	10	10	-	-	26412911	26392497	61	60	60	39	1197	0	39	100	1317	False	True	observed exon-aligned boundaries; not exon-repaired; not conserved
bos_taurus	ARS-UCD2.0	SRR31429688	SRR31429688.510426	8a84f7c1-0c99-40b3-a882-081f0330c7ec	Genion	PASS:GF	pPASS	ENSBTAG00000046668	ENSBTAG00000019612	10	10	-	-	26412911	26392497	57	60	60	37	1207	3	42	99	1329	False	True	observed exon-aligned boundaries; not exon-repaired; not conserved
bos_taurus	ARS-UCD2.0	SRR31429688	SRR31429688.511735	ead878c8-f6bb-4c6c-a48c-57eef236768d	Genion	PASS:GF	pPASS	ENSBTAG00000046668	ENSBTAG00000019612	10	10	-	-	26412911	26392497	61	60	60	67	1185	3	73	134	1348	False	True	observed exon-aligned boundaries; not exon-repaired; not conserved
bos_taurus	ARS-UCD2.0	SRR31429688	SRR31429688.512348	a0242340-6f40-42c7-938f-ac5ebbe72cef	Genion	PASS:GF	pPASS	ENSBTAG00000046668	ENSBTAG00000019612	10	10	-	-	26412911	26392497	58	60	60	41	1207	0	41	99	1332	False	True	observed exon-aligned boundaries; not exon-repaired; not conserved
bos_taurus	ARS-UCD2.0	SRR31429688	SRR31429688.512475	fb8d6e2b-68fe-42dd-b2a5-a7650f5ac5e8	Genion	PASS:GF	pPASS	ENSBTAG00000046668	ENSBTAG00000019612	10	10	-	-	26412911	26392497	55	60	60	40	1147	0	43	98	1276	False	True	observed exon-aligned boundaries; not exon-repaired; not conserved
bos_taurus	ARS-UCD2.0	SRR31429688	SRR31429688.519037	6f111b6a-552e-4903-b244-26376a6355ba	Genion	PASS:GF	pPASS	ENSBTAG00000046668	ENSBTAG00000019612	10	10	-	-	26412911	26392497	56	60	60	38	1198	4	42	98	1322	False	True	observed exon-aligned boundaries; not exon-repaired; not conserved
bos_taurus	ARS-UCD2.0	SRR31429688	SRR31429688.520224	e758651b-1798-40d9-806a-21c6e2632dda	Genion	PASS:GF	pPASS	ENSBTAG00000046668	ENSBTAG00000019612	10	10	-	-	26412911	26392497	57	60	60	41	1200	0	44	101	1320	False	True	observed exon-aligned boundaries; not exon-repaired; not conserved
bos_taurus	ARS-UCD2.0	SRR31429688	SRR31429688.520916	8015569b-7f0b-4609-855e-edb7b5567870	Genion	PASS:GF	pPASS	ENSBTAG00000046668	ENSBTAG00000019612	10	10	-	-	26412911	26392497	58	60	60	38	1177	1	39	97	1309	False	True	observed exon-aligned boundaries; not exon-repaired; not conserved
bos_taurus	ARS-UCD2.0	SRR31429688	SRR31429688.522323	26455643-5f8c-4a2c-ac5c-d30b8eb081c0	Genion	PASS:GF	pPASS	ENSBTAG00000046668	ENSBTAG00000019612	10	10	-	-	26412911	26392497	65	60	60	37	1164	7	45	110	1342	False	True	observed exon-aligned boundaries; not exon-repaired; not conserved
bos_taurus	ARS-UCD2.0	SRR31429688	SRR31429688.523768	7ab06570-82fd-450b-afc3-71088e5dfe45	Genion	PASS:GF	pPASS	ENSBTAG00000046668	ENSBTAG00000019612	10	10	-	-	26412911	26392497	62	60	60	37	1184	3	40	102	1345	False	True	observed exon-aligned boundaries; not exon-repaired; not conserved
bos_taurus	ARS-UCD2.0	SRR31429688	SRR31429688.524294	5888a685-4f3d-42b8-b101-88aa20cda21b	Genion	PASS:GF	pPASS	ENSBTAG00000046668	ENSBTAG00000019612	10	10	-	-	26412911	26392497	59	60	60	99	1179	0	100	159	1371	False	True	observed exon-aligned boundaries; not exon-repaired; not conserved
bos_taurus	ARS-UCD2.0	SRR31429688	SRR31429688.524483	5265e38b-89ad-4ae4-965a-317e084d389e	Genion	PASS:GF	pPASS	ENSBTAG00000046668	ENSBTAG00000019612	10	10	-	-	26412911	26392497	59	60	60	24	1163	14	38	97	1273	False	True	observed exon-aligned boundaries; not exon-repaired; not conserved
bos_taurus	ARS-UCD2.0	SRR31429688	SRR31429688.525232	0e5cae3d-3983-4ae5-b818-e9c5671bb96d	Genion	PASS:GF	pPASS	ENSBTAG00000046668	ENSBTAG00000019612	10	10	-	-	26412911	26392497	58	60	60	37	1179	2	40	98	1327	False	True	observed exon-aligned boundaries; not exon-repaired; not conserved
bos_taurus	ARS-UCD2.0	SRR31429688	SRR31429688.527646	b16adbb0-219b-4e6f-b2a7-9063bda0476f	Genion	PASS:GF	pPASS	ENSBTAG00000046668	ENSBTAG00000019612	10	10	-	-	26412911	26392497	54	60	60	88	1185	0	91	145	1353	False	True	observed exon-aligned boundaries; not exon-repaired; not conserved
bos_taurus	ARS-UCD2.0	SRR31429688	SRR31429688.532077	e6808c34-8c38-45fd-acb6-1f3503ceaf65	Genion	PASS:GF	pPASS	ENSBTAG00000046668	ENSBTAG00000019612	10	10	-	-	26412911	26392497	60	60	60	34	1196	3	37	97	1330	False	True	observed exon-aligned boundaries; not exon-repaired; not conserved
bos_taurus	ARS-UCD2.0	SRR31429688	SRR31429688.535791	c2057ce7-5580-45b1-83b6-de473c6af9e7	Genion	PASS:GF	pPASS	ENSBTAG00000046668	ENSBTAG00000019612	10	10	-	-	26412911	26392497	63	60	60	38	1187	5	47	110	1325	False	True	observed exon-aligned boundaries; not exon-repaired; not conserved
bos_taurus	ARS-UCD2.0	SRR31429688	SRR31429688.537528	e8321dc7-5e76-42ab-85ec-6d7891867c5b	Genion	PASS:GF	pPASS	ENSBTAG00000046668	ENSBTAG00000019612	10	10	-	-	26412911	26392497	58	60	60	65	1207	1	67	125	1357	False	True	observed exon-aligned boundaries; not exon-repaired; not conserved
bos_taurus	ARS-UCD2.0	SRR31429688	SRR31429688.538696	34a72bfa-4df3-4267-8c20-7c942f3dcbcb	Genion	PASS:GF	pPASS	ENSBTAG00000046668	ENSBTAG00000019612	10	10	-	-	26412911	26392497	61	60	60	43	1206	0	45	106	1355	False	True	observed exon-aligned boundaries; not exon-repaired; not conserved
bos_taurus	ARS-UCD2.0	SRR31429688	SRR31429688.543313	75f926bb-8661-4cfb-a6de-bad5f7906389	Genion	PASS:GF	pPASS	ENSBTAG00000046668	ENSBTAG00000019612	10	10	-	-	26412911	26392497	59	60	60	42	1208	0	44	103	1336	False	True	observed exon-aligned boundaries; not exon-repaired; not conserved
bos_taurus	ARS-UCD2.0	SRR31429688	SRR31429688.548748	7098e710-8486-43a4-9a3a-9420119462ed	Genion	PASS:GF	pPASS	ENSBTAG00000046668	ENSBTAG00000019612	10	10	-	-	26412911	26392497	61	60	60	36	1191	0	37	98	1342	False	True	observed exon-aligned boundaries; not exon-repaired; not conserved
bos_taurus	ARS-UCD2.0	SRR31429688	SRR31429688.555079	c334256d-1e39-46e7-93f4-d49e423f2af7	Genion	PASS:GF	pPASS	ENSBTAG00000046668	ENSBTAG00000019612	10	10	-	-	26412911	26392497	57	60	60	40	1157	4	45	102	1281	False	True	observed exon-aligned boundaries; not exon-repaired; not conserved
bos_taurus	ARS-UCD2.0	SRR31429688	SRR31429688.557594	d3554bdd-facb-4167-a0e3-d8aabe1dcaa0	Genion	PASS:GF	pPASS	ENSBTAG00000046668	ENSBTAG00000019612	10	10	-	-	26412911	26392497	60	60	60	41	1223	1	42	102	1355	False	True	observed exon-aligned boundaries; not exon-repaired; not conserved
bos_taurus	ARS-UCD2.0	SRR31429688	SRR31429688.559591	290ebed5-13e2-41a2-896f-6e7981a28911	Genion	PASS:GF	pPASS	ENSBTAG00000046668	ENSBTAG00000019612	10	10	-	-	26412911	26392497	59	60	60	38	1218	3	42	101	1349	False	True	observed exon-aligned boundaries; not exon-repaired; not conserved
bos_taurus	ARS-UCD2.0	SRR31429688	SRR31429688.560210	0b1cf679-aa3c-4e98-a828-d696cda7cfb9	Genion	PASS:GF	pPASS	ENSBTAG00000046668	ENSBTAG00000019612	10	10	-	-	26412911	26392497	58	60	60	37	1186	3	42	100	1316	False	True	observed exon-aligned boundaries; not exon-repaired; not conserved
bos_taurus	ARS-UCD2.0	SRR31429688	SRR31429688.560901	44c73e32-473b-4b8e-91c4-c90519681b10	Genion	PASS:GF	pPASS	ENSBTAG00000046668	ENSBTAG00000019612	10	10	-	-	26412911	26392497	55	60	60	39	1203	2	43	98	1327	False	True	observed exon-aligned boundaries; not exon-repaired; not conserved
bos_taurus	ARS-UCD2.0	SRR31429688	SRR31429688.562939	ee36bf9c-d771-4eba-b661-62b7013e709a	Genion	PASS:GF	pPASS	ENSBTAG00000046668	ENSBTAG00000019612	10	10	-	-	26412911	26392497	62	60	60	41	1191	0	41	103	1335	False	True	observed exon-aligned boundaries; not exon-repaired; not conserved
bos_taurus	ARS-UCD2.0	SRR31429688	SRR31429688.564031	70556d66-5740-4c70-8108-da8eea2ad3ba	Genion	PASS:GF	pPASS	ENSBTAG00000046668	ENSBTAG00000019612	10	10	-	-	26412911	26392497	62	60	60	36	1194	2	38	100	1317	False	True	observed exon-aligned boundaries; not exon-repaired; not conserved
bos_taurus	ARS-UCD2.0	SRR31429688	SRR31429688.564045	d148f902-7ecf-4091-b17e-15142d44558c	Genion	PASS:GF	pPASS	ENSBTAG00000046668	ENSBTAG00000019612	10	10	-	-	26412911	26392497	55	60	60	37	1179	3	43	98	1318	False	True	observed exon-aligned boundaries; not exon-repaired; not conserved
bos_taurus	ARS-UCD2.0	SRR31429688	SRR31429688.566357	09557c4e-fbfe-4db6-a466-bbda4d7c0527	Genion	PASS:GF	pPASS	ENSBTAG00000046668	ENSBTAG00000019612	10	10	-	-	26412911	26392497	61	60	60	41	1187	0	41	102	1308	False	True	observed exon-aligned boundaries; not exon-repaired; not conserved
bos_taurus	ARS-UCD2.0	SRR31429688	SRR31429688.567225	960fed97-ddc8-43e9-a333-bb83271d7c46	Genion	PASS:GF	pPASS	ENSBTAG00000046668	ENSBTAG00000019612	10	10	-	-	26412911	26392497	54	60	60	40	1184	0	40	94	1296	False	True	observed exon-aligned boundaries; not exon-repaired; not conserved
bos_taurus	ARS-UCD2.0	SRR31429688	SRR31429688.570067	e24f4177-325b-4ea0-a5f3-dcb93dbc14ee	Genion	PASS:GF	pPASS	ENSBTAG00000046668	ENSBTAG00000019612	10	10	-	-	26412911	26392497	57	60	60	41	1174	2	45	102	1293	False	True	observed exon-aligned boundaries; not exon-repaired; not conserved
bos_taurus	ARS-UCD2.0	SRR31429688	SRR31429688.571978	171bf4d6-8f9d-45b5-8f35-303e0e92efb2	Genion	PASS:GF	pPASS	ENSBTAG00000046668	ENSBTAG00000019612	10	10	-	-	26412911	26392497	56	60	60	41	1043	0	41	97	1154	False	True	observed exon-aligned boundaries; not exon-repaired; not conserved
bos_taurus	ARS-UCD2.0	SRR31429688	SRR31429688.572985	2088e646-a49a-4ef9-8fd0-f24f5b404498	Genion	PASS:GF	pPASS	ENSBTAG00000046668	ENSBTAG00000019612	10	10	-	-	26412911	26392497	60	60	60	37	1205	4	41	101	1332	False	True	observed exon-aligned boundaries; not exon-repaired; not conserved
bos_taurus	ARS-UCD2.0	SRR31429688	SRR31429688.574919	8aa9f45e-e6e6-4e89-b67f-8e1e3901bb7b	Genion	PASS:GF	pPASS	ENSBTAG00000046668	ENSBTAG00000019612	10	10	-	-	26412911	26392497	62	60	60	37	1199	6	45	107	1352	False	True	observed exon-aligned boundaries; not exon-repaired; not conserved
bos_taurus	ARS-UCD2.0	SRR31429688	SRR31429688.577036	1e71adb9-f9ab-4248-b5c4-c9f434f5f793	Genion	PASS:GF	pPASS	ENSBTAG00000046668	ENSBTAG00000019612	10	10	-	-	26412911	26392497	56	60	60	39	1199	1	40	96	1322	False	True	observed exon-aligned boundaries; not exon-repaired; not conserved
bos_taurus	ARS-UCD2.0	SRR31429688	SRR31429688.578105	5172e13b-9ef4-4805-b451-89b3b6babc33	Genion	PASS:GF	pPASS	ENSBTAG00000046668	ENSBTAG00000019612	10	10	-	-	26412911	26392497	61	60	60	75	1202	0	78	139	1372	False	True	observed exon-aligned boundaries; not exon-repaired; not conserved
bos_taurus	ARS-UCD2.0	SRR31429688	SRR31429688.578922	e6ee3d83-0f36-4b88-9884-a3f20f01977a	Genion	PASS:GF	pPASS	ENSBTAG00000046668	ENSBTAG00000019612	10	10	-	-	26412911	26392497	61	60	60	41	1177	2	45	106	1371	False	True	observed exon-aligned boundaries; not exon-repaired; not conserved
bos_taurus	ARS-UCD2.0	SRR31429688	SRR31429688.580998	e53430ba-1d60-4629-b00a-860d522e5004	Genion	PASS:GF	pPASS	ENSBTAG00000046668	ENSBTAG00000019612	10	10	-	-	26412911	26392497	61	60	60	35	1177	2	37	98	1313	False	True	observed exon-aligned boundaries; not exon-repaired; not conserved
bos_taurus	ARS-UCD2.0	SRR31429688	SRR31429688.582343	1fec094e-c71d-445f-893b-6cd85f9dbc1b	Genion	PASS:GF	pPASS	ENSBTAG00000046668	ENSBTAG00000019612	10	10	-	-	26412911	26392497	59	60	60	41	1186	0	41	100	1314	False	True	observed exon-aligned boundaries; not exon-repaired; not conserved
bos_taurus	ARS-UCD2.0	SRR31429688	SRR31429688.583658	57f3e30c-4be6-4215-9c98-f03ebbc5c9c5	Genion	PASS:GF	pPASS	ENSBTAG00000046668	ENSBTAG00000019612	10	10	-	-	26412911	26392497	64	60	60	37	1204	3	40	104	1340	False	True	observed exon-aligned boundaries; not exon-repaired; not conserved
bos_taurus	ARS-UCD2.0	SRR31429688	SRR31429688.586056	438690ef-3e47-4935-9232-3fd9ed607990	Genion	PASS:GF	pPASS	ENSBTAG00000046668	ENSBTAG00000019612	10	10	-	-	26412911	26392497	58	60	60	41	1202	0	41	99	1322	False	True	observed exon-aligned boundaries; not exon-repaired; not conserved
bos_taurus	ARS-UCD2.0	SRR31429688	SRR31429688.589137	e86ac791-9c1c-4b19-9c6e-26139c9bfaba	Genion	PASS:GF	pPASS	ENSBTAG00000046668	ENSBTAG00000019612	10	10	-	-	26412911	26392497	60	60	60	38	1208	3	42	102	1339	False	True	observed exon-aligned boundaries; not exon-repaired; not conserved
bos_taurus	ARS-UCD2.0	SRR31429688	SRR31429688.590170	435129d8-1bad-45ef-bba5-88810702d636	Genion	PASS:GF	pPASS	ENSBTAG00000046668	ENSBTAG00000019612	10	10	-	-	26412911	26392495	56	60	60	64	1189	0	64	120	1337	False	True	observed exon-aligned boundaries; not exon-repaired; not conserved
bos_taurus	ARS-UCD2.0	SRR31429688	SRR31429688.595548	736acc3e-3326-479d-ae7f-76d3fe4e4e81	Genion	PASS:GF	pPASS	ENSBTAG00000046668	ENSBTAG00000019612	10	10	-	-	26412911	26392497	61	60	60	40	1202	0	40	101	1331	False	True	observed exon-aligned boundaries; not exon-repaired; not conserved
bos_taurus	ARS-UCD2.0	SRR31429688	SRR31429688.596169	22ddba4f-245f-4bd9-a091-97d372bbb6e7	Genion	PASS:GF	pPASS	ENSBTAG00000046668	ENSBTAG00000019612	10	10	-	-	26412911	26392497	59	60	60	39	1192	3	43	102	1327	False	True	observed exon-aligned boundaries; not exon-repaired; not conserved
bos_taurus	ARS-UCD2.0	SRR31429688	SRR31429688.609515	25752c68-c7f5-407d-bd73-b28c27edd16b	Genion	PASS:GF	pPASS	ENSBTAG00000046668	ENSBTAG00000019612	10	10	-	-	26412911	26392497	55	60	60	38	1183	0	38	93	1286	False	True	observed exon-aligned boundaries; not exon-repaired; not conserved
bos_taurus	ARS-UCD2.0	SRR31429688	SRR31429688.610575	ebf468ff-89a7-46fa-8964-1345fa4aeea2	Genion	PASS:GF	pPASS	ENSBTAG00000046668	ENSBTAG00000019612	10	10	-	-	26412911	26392497	59	60	60	38	1188	3	45	104	1325	False	True	observed exon-aligned boundaries; not exon-repaired; not conserved
bos_taurus	ARS-UCD2.0	SRR31429688	SRR31429688.610858	baf98595-d48e-48ed-8fb0-b18bc1df05a7	Genion	PASS:GF	pPASS	ENSBTAG00000046668	ENSBTAG00000019612	10	10	-	-	26412911	26392497	59	60	60	40	1206	0	40	99	1335	False	True	observed exon-aligned boundaries; not exon-repaired; not conserved
bos_taurus	ARS-UCD2.0	SRR31429688	SRR31429688.611003	dc4f7336-6f4d-42b8-bdcc-4f2169b66a7f	Genion	PASS:GF	pPASS	ENSBTAG00000046668	ENSBTAG00000019612	10	10	-	-	26412911	26392497	59	60	60	38	1177	4	43	102	1307	False	True	observed exon-aligned boundaries; not exon-repaired; not conserved
bos_taurus	ARS-UCD2.0	SRR31429688	SRR31429688.611329	0e1f0c38-210f-4c02-bdab-175ef4d342da	Genion	PASS:GF	pPASS	ENSBTAG00000046668	ENSBTAG00000019612	10	10	-	-	26412911	26392497	61	60	60	37	1213	3	40	101	1342	False	True	observed exon-aligned boundaries; not exon-repaired; not conserved
bos_taurus	ARS-UCD2.0	SRR31429688	SRR31429688.616370	9e3c44d7-62dd-4218-95c6-633690b44453	Genion	PASS:GF	pPASS	ENSBTAG00000046668	ENSBTAG00000019612	10	10	-	-	26412911	26392497	58	60	60	13	1225	2	15	73	1322	False	True	observed exon-aligned boundaries; not exon-repaired; not conserved
bos_taurus	ARS-UCD2.0	SRR31429688	SRR31429688.619100	12b088fc-f1b6-4f5b-93c7-55d00d615e76	Genion	PASS:GF	pPASS	ENSBTAG00000046668	ENSBTAG00000019612	10	10	-	-	26412911	26392497	0	60	60	92	1164	0	95	95	1280	False	True	observed exon-aligned boundaries; not exon-repaired; not conserved
bos_taurus	ARS-UCD2.0	SRR31429688	SRR31429688.619555	e9b3672d-dcea-44d9-aade-2b978f8b532c	Genion	PASS:GF	pPASS	ENSBTAG00000046668	ENSBTAG00000019612	10	10	-	-	26412911	26392497	60	60	60	34	1146	11	48	108	1310	False	True	observed exon-aligned boundaries; not exon-repaired; not conserved
bos_taurus	ARS-UCD2.0	SRR31429688	SRR31429688.624742	9b56a0e3-a6bf-4da2-8cfe-30b3bb30f8db	Genion	PASS:GF	pPASS	ENSBTAG00000046668	ENSBTAG00000019612	10	10	-	-	26412911	26392497	59	60	60	38	1180	0	38	97	1308	False	True	observed exon-aligned boundaries; not exon-repaired; not conserved
bos_taurus	ARS-UCD2.0	SRR31429688	SRR31429688.628427	5f07efd1-2ffb-4aff-aa45-c451b7a09a1a	Genion	PASS:GF	pPASS	ENSBTAG00000046668	ENSBTAG00000019612	10	10	-	-	26412911	26392497	63	60	60	38	1214	2	41	104	1344	False	True	observed exon-aligned boundaries; not exon-repaired; not conserved
bos_taurus	ARS-UCD2.0	SRR31429688	SRR31429688.633780	f5b31aa9-3786-4dfe-8b0a-9c25b3788c6e	Genion	PASS:GF	pPASS	ENSBTAG00000046668	ENSBTAG00000019612	10	10	-	-	26412911	26392497	58	60	60	36	1168	3	41	99	1299	False	True	observed exon-aligned boundaries; not exon-repaired; not conserved
bos_taurus	ARS-UCD2.0	SRR31429688	SRR31429688.647281	6ad3ac71-58dd-47fe-9325-395770d44836	Genion	PASS:GF	pPASS	ENSBTAG00000046668	ENSBTAG00000019612	10	10	-	-	26412911	26392497	0	60	60	304	1203	1	314	314	1568	True	True	observed exon-aligned boundaries; not exon-repaired; not conserved
bos_taurus	ARS-UCD2.0	SRR31429688	SRR31429688.652641	dc54cad7-b92e-4336-bb2c-650805131f02	Genion	PASS:GF	pPASS	ENSBTAG00000046668	ENSBTAG00000019612	10	10	-	-	26412911	26392497	58	60	60	42	1204	1	44	102	1335	False	True	observed exon-aligned boundaries; not exon-repaired; not conserved
bos_taurus	ARS-UCD2.0	SRR31429688	SRR31429688.655555	cf7eb2f2-9414-4291-bd7f-a970a7f1f433	Genion	PASS:GF	pPASS	ENSBTAG00000046668	ENSBTAG00000019612	10	10	-	-	26412911	26392497	62	60	60	38	1224	4	42	104	1358	False	True	observed exon-aligned boundaries; not exon-repaired; not conserved
bos_taurus	ARS-UCD2.0	SRR31429688	SRR31429688.659130	b692feb0-62c4-47a7-b3ca-b76871cda05b	Genion	PASS:GF	pPASS	ENSBTAG00000046668	ENSBTAG00000019612	10	10	-	-	26412911	26392497	58	60	60	37	1216	3	41	99	1344	False	True	observed exon-aligned boundaries; not exon-repaired; not conserved
bos_taurus	ARS-UCD2.0	SRR31429688	SRR31429688.660316	2191bb3e-3c31-4d75-ac29-06a4f28085dd	Genion	PASS:GF	pPASS	ENSBTAG00000046668	ENSBTAG00000019612	10	10	-	-	26412911	26392497	59	60	60	42	1209	0	42	101	1333	False	True	observed exon-aligned boundaries; not exon-repaired; not conserved
bos_taurus	ARS-UCD2.0	SRR31429688	SRR31429688.661895	915b96bb-ca34-4648-a852-c8916f09165f	Genion	PASS:GF	pPASS	ENSBTAG00000046668	ENSBTAG00000019612	10	10	-	-	26412911	26392497	56	60	60	38	1181	3	41	97	1321	False	True	observed exon-aligned boundaries; not exon-repaired; not conserved
bos_taurus	ARS-UCD2.0	SRR31429688	SRR31429688.662464	93111284-a977-4148-9a07-be976dfdfdc4	Genion	PASS:GF	pPASS	ENSBTAG00000046668	ENSBTAG00000019612	10	10	-	-	26412911	26392497	63	60	60	40	1197	1	45	108	1338	False	True	observed exon-aligned boundaries; not exon-repaired; not conserved
bos_taurus	ARS-UCD2.0	SRR31429688	SRR31429688.662902	fb8f563f-a7a0-4c91-a5de-96cb194010b6	Genion	PASS:GF	pPASS	ENSBTAG00000046668	ENSBTAG00000019612	10	10	-	-	26412911	26392497	57	60	60	39	1190	0	40	97	1322	False	True	observed exon-aligned boundaries; not exon-repaired; not conserved
bos_taurus	ARS-UCD2.0	SRR31429688	SRR31429688.664460	734d85c5-1a09-4995-80eb-874331fd33a9	Genion	PASS:GF	pPASS	ENSBTAG00000046668	ENSBTAG00000019612	10	10	-	-	26412911	26392497	59	60	60	39	1194	0	40	99	1321	False	True	observed exon-aligned boundaries; not exon-repaired; not conserved
bos_taurus	ARS-UCD2.0	SRR31429688	SRR31429688.665119	7391e4a9-6ed3-493a-a1a7-a1ee4f1cc00a	Genion	PASS:GF	pPASS	ENSBTAG00000046668	ENSBTAG00000019612	10	10	-	-	26412911	26392497	64	60	60	67	1159	4	76	140	1338	False	True	observed exon-aligned boundaries; not exon-repaired; not conserved
bos_taurus	ARS-UCD2.0	SRR31429688	SRR31429688.665919	09e0af80-c29d-4bad-a511-60dcf5fe8516	Genion	PASS:GF	pPASS	ENSBTAG00000046668	ENSBTAG00000019612	10	10	-	-	26412911	26392497	61	60	60	39	1202	2	42	103	1323	False	True	observed exon-aligned boundaries; not exon-repaired; not conserved
bos_taurus	ARS-UCD2.0	SRR31429688	SRR31429688.666165	8fd504d0-071e-44d5-9a10-7c0b31a2c883	Genion	PASS:GF	pPASS	ENSBTAG00000046668	ENSBTAG00000019612	10	10	-	-	26412911	26392497	62	60	60	41	1195	0	41	103	1321	False	True	observed exon-aligned boundaries; not exon-repaired; not conserved
bos_taurus	ARS-UCD2.0	SRR31429688	SRR31429688.673596	cf257f51-c985-4f42-bcc9-ab4b9624bd09	Genion	PASS:GF	pPASS	ENSBTAG00000046668	ENSBTAG00000019612	10	10	-	-	26412911	26392497	61	60	60	88	1186	0	89	150	1353	False	True	observed exon-aligned boundaries; not exon-repaired; not conserved
bos_taurus	ARS-UCD2.0	SRR31429688	SRR31429688.674182	c5fdc315-a328-4f91-baf8-d83a6ecc31fc	Genion	PASS:GF	pPASS	ENSBTAG00000046668	ENSBTAG00000019612	10	10	-	-	26412911	26392497	58	60	60	42	1188	1	44	102	1311	False	True	observed exon-aligned boundaries; not exon-repaired; not conserved
bos_taurus	ARS-UCD2.0	SRR31429688	SRR31429688.674759	89766275-8624-4933-b01e-7ddbc349cd5e	Genion	PASS:GF	pPASS	ENSBTAG00000046668	ENSBTAG00000019612	10	10	-	-	26412911	26392497	56	60	60	41	1181	0	42	98	1302	False	True	observed exon-aligned boundaries; not exon-repaired; not conserved
bos_taurus	ARS-UCD2.0	SRR31429688	SRR31429688.676008	8c0c0034-1454-46b1-9ab8-d1fbf0e33f3d	Genion	PASS:GF	pPASS	ENSBTAG00000046668	ENSBTAG00000019612	10	10	-	-	26412911	26392497	57	60	60	41	1212	2	43	100	1329	False	True	observed exon-aligned boundaries; not exon-repaired; not conserved
bos_taurus	ARS-UCD2.0	SRR31429688	SRR31429688.676526	6b19a685-16be-4f84-b316-ee31fc00d3a1	Genion	PASS:GF	pPASS	ENSBTAG00000046668	ENSBTAG00000019612	10	10	-	-	26412911	26392497	63	60	60	38	1190	2	40	103	1322	False	True	observed exon-aligned boundaries; not exon-repaired; not conserved
bos_taurus	ARS-UCD2.0	SRR31429688	SRR31429688.686588	d215bb14-3f02-4588-a23d-90be19e90fcd	Genion	PASS:GF	pPASS	ENSBTAG00000046668	ENSBTAG00000019612	10	10	-	-	26412911	26392497	59	60	60	42	1190	0	43	102	1312	False	True	observed exon-aligned boundaries; not exon-repaired; not conserved
bos_taurus	ARS-UCD2.0	SRR31429688	SRR31429688.687467	beb95356-6b20-41d7-828e-9f737397fd45	Genion	PASS:GF	pPASS	ENSBTAG00000046668	ENSBTAG00000019612	10	10	-	-	26412911	26392497	56	60	60	37	1214	4	41	97	1345	False	True	observed exon-aligned boundaries; not exon-repaired; not conserved
bos_taurus	ARS-UCD2.0	SRR31429688	SRR31429688.692467	c78eeba0-f4f2-4825-accb-997ddf8d5694	Genion	PASS:GF	pPASS	ENSBTAG00000046668	ENSBTAG00000019612	10	10	-	-	26412911	26392497	58	60	60	35	1146	7	43	101	1288	False	True	observed exon-aligned boundaries; not exon-repaired; not conserved
bos_taurus	ARS-UCD2.0	SRR31429688	SRR31429688.696114	920ce5da-0479-49a8-812b-37caf73550cf	Genion	PASS:GF	pPASS	ENSBTAG00000046668	ENSBTAG00000019612	10	10	-	-	26412911	26392497	59	60	60	42	1194	0	42	101	1317	False	True	observed exon-aligned boundaries; not exon-repaired; not conserved
bos_taurus	ARS-UCD2.0	SRR31429688	SRR31429688.696946	7951d4da-5938-4518-9f4c-80db46798fa8	Genion	PASS:GF	pPASS	ENSBTAG00000046668	ENSBTAG00000019612	10	10	-	-	26412911	26392497	57	60	60	35	1196	2	37	94	1316	False	True	observed exon-aligned boundaries; not exon-repaired; not conserved
bos_taurus	ARS-UCD2.0	SRR31429688	SRR31429688.698378	38044186-237e-49fb-b5f5-e3c5263e14d6	Genion	PASS:GF	pPASS	ENSBTAG00000046668	ENSBTAG00000019612	10	10	-	-	26412911	26392497	56	60	60	41	1192	1	45	101	1323	False	True	observed exon-aligned boundaries; not exon-repaired; not conserved
bos_taurus	ARS-UCD2.0	SRR31429688	SRR31429688.698484	e3311c0f-2914-4de2-a6d6-0b9b48ed6557	Genion	PASS:GF	pPASS	ENSBTAG00000046668	ENSBTAG00000019612	10	10	-	-	26412911	26392497	57	60	60	40	1212	0	42	99	1381	False	True	observed exon-aligned boundaries; not exon-repaired; not conserved
bos_taurus	ARS-UCD2.0	SRR31429688	SRR31429688.699785	6d778db3-1b83-452e-8c50-d62f40675ca0	Genion	PASS:GF	pPASS	ENSBTAG00000046668	ENSBTAG00000019612	10	10	-	-	26412911	26392497	56	60	60	37	1199	0	37	93	1320	False	True	observed exon-aligned boundaries; not exon-repaired; not conserved
bos_taurus	ARS-UCD2.0	SRR31429688	SRR31429688.700681	e455416d-4661-4e10-9391-670f06b4c8f6	Genion	PASS:GF	pPASS	ENSBTAG00000046668	ENSBTAG00000019612	10	10	-	-	26412911	26392497	62	60	60	38	1187	2	40	102	1311	False	True	observed exon-aligned boundaries; not exon-repaired; not conserved
bos_taurus	ARS-UCD2.0	SRR31429688	SRR31429688.704403	19e5c1db-807c-4b0d-9fa2-cef27da8cf38	Genion	PASS:GF	pPASS	ENSBTAG00000046668	ENSBTAG00000019612	10	10	-	-	26412911	26392497	60	60	60	31	1200	6	37	97	1311	False	True	observed exon-aligned boundaries; not exon-repaired; not conserved
bos_taurus	ARS-UCD2.0	SRR31429688	SRR31429688.705306	b7ec05fc-d762-4813-a576-fefa6b3216f7	Genion	PASS:GF	pPASS	ENSBTAG00000046668	ENSBTAG00000019612	10	10	-	-	26412911	26392497	60	60	60	21	1189	23	44	104	1334	False	True	observed exon-aligned boundaries; not exon-repaired; not conserved
bos_taurus	ARS-UCD2.0	SRR31429688	SRR31429688.707976	d19a7942-d0c6-4471-bc3c-3fab29c47cc3	Genion	PASS:GF	pPASS	ENSBTAG00000046668	ENSBTAG00000019612	10	10	-	-	26412911	26392497	63	60	60	41	1170	0	44	107	1419	False	True	observed exon-aligned boundaries; not exon-repaired; not conserved
bos_taurus	ARS-UCD2.0	SRR31429688	SRR31429688.708178	5a43b306-fb2f-4389-83dd-85c9d0cd2d2f	Genion	PASS:GF	pPASS	ENSBTAG00000046668	ENSBTAG00000019612	10	10	-	-	26412911	26392497	57	60	60	41	1171	0	41	98	1303	False	True	observed exon-aligned boundaries; not exon-repaired; not conserved
bos_taurus	ARS-UCD2.0	SRR31429688	SRR31429688.708892	30dfd01d-20e4-4252-9e5f-ecbd39a984f1	Genion	PASS:GF	pPASS	ENSBTAG00000046668	ENSBTAG00000019612	10	10	-	-	26412911	26392497	61	60	60	37	1212	9	47	108	1350	False	True	observed exon-aligned boundaries; not exon-repaired; not conserved
bos_taurus	ARS-UCD2.0	SRR31429688	SRR31429688.708917	7cc4462e-4492-4f02-8f4a-83af23463df1	Genion	PASS:GF	pPASS	ENSBTAG00000046668	ENSBTAG00000019612	10	10	-	-	26412911	26392497	55	60	60	38	1212	3	41	96	1342	False	True	observed exon-aligned boundaries; not exon-repaired; not conserved
bos_taurus	ARS-UCD2.0	SRR31429688	SRR31429688.709498	c0cfe993-677d-4ee4-a66f-ddf211214c0f	Genion	PASS:GF	pPASS	ENSBTAG00000046668	ENSBTAG00000019612	10	10	-	-	26412911	26392497	64	60	60	36	1175	6	42	106	1311	False	True	observed exon-aligned boundaries; not exon-repaired; not conserved
bos_taurus	ARS-UCD2.0	SRR31429688	SRR31429688.713552	ba7bf162-88f4-4c8c-ab5b-c48196dd992b	Genion	PASS:GF	pPASS	ENSBTAG00000046668	ENSBTAG00000019612	10	10	-	-	26412911	26392497	57	60	60	13	1202	30	43	100	1331	False	True	observed exon-aligned boundaries; not exon-repaired; not conserved
bos_taurus	ARS-UCD2.0	SRR31429688	SRR31429688.718592	838c7dbb-bbbd-45c3-976f-9a07da1f6d71	Genion	PASS:GF	pPASS	ENSBTAG00000046668	ENSBTAG00000019612	10	10	-	-	26412911	26392497	58	60	60	38	1206	3	41	99	1314	False	True	observed exon-aligned boundaries; not exon-repaired; not conserved
bos_taurus	ARS-UCD2.0	SRR31429688	SRR31429688.724431	e4d215a4-ae03-4470-9ac0-d986a45631f4	Genion	PASS:GF	pPASS	ENSBTAG00000046668	ENSBTAG00000019612	10	10	-	-	26412911	26392497	55	60	60	44	1192	0	45	100	1329	False	True	observed exon-aligned boundaries; not exon-repaired; not conserved
bos_taurus	ARS-UCD2.0	SRR31429688	SRR31429688.730471	704946c1-9892-4c57-aee7-6ef65c2503a0	Genion	PASS:GF	pPASS	ENSBTAG00000046668	ENSBTAG00000019612	10	10	-	-	26412911	26392497	55	60	60	36	1179	3	43	98	1329	False	True	observed exon-aligned boundaries; not exon-repaired; not conserved
bos_taurus	ARS-UCD2.0	SRR31429688	SRR31429688.736048	b462948c-b2b3-4965-ae7c-ed85a9fdd321	Genion	PASS:GF	pPASS	ENSBTAG00000046668	ENSBTAG00000019612	10	10	-	-	26412911	26392497	57	60	60	28	1186	2	30	87	1315	False	True	observed exon-aligned boundaries; not exon-repaired; not conserved
bos_taurus	ARS-UCD2.0	SRR31429688	SRR31429688.736690	438c5925-3718-4371-884e-a3e397509df4	Genion	PASS:GF	pPASS	ENSBTAG00000046668	ENSBTAG00000019612	10	10	-	-	26412911	26392497	59	60	60	39	1217	0	41	100	1347	False	True	observed exon-aligned boundaries; not exon-repaired; not conserved
bos_taurus	ARS-UCD2.0	SRR31429688	SRR31429688.740566	5de9c4ea-c429-440a-9d7e-0db10e6325a0	Genion	PASS:GF	pPASS	ENSBTAG00000046668	ENSBTAG00000019612	10	10	-	-	26412911	26392497	59	60	60	41	1206	1	42	101	1325	False	True	observed exon-aligned boundaries; not exon-repaired; not conserved
bos_taurus	ARS-UCD2.0	SRR31429688	SRR31429688.742225	d7dbab3f-6ef2-4dbd-b06d-b8ccf4231b1c	Genion	PASS:GF	pPASS	ENSBTAG00000046668	ENSBTAG00000019612	10	10	-	-	26412911	26392497	65	60	60	38	1177	5	45	110	1354	False	True	observed exon-aligned boundaries; not exon-repaired; not conserved
bos_taurus	ARS-UCD2.0	SRR31429688	SRR31429688.747515	fca22027-1429-4853-9e7e-088827880cea	Genion	PASS:GF	pPASS	ENSBTAG00000046668	ENSBTAG00000019612	10	10	-	-	26412911	26392497	57	60	60	42	1194	1	43	100	1325	False	True	observed exon-aligned boundaries; not exon-repaired; not conserved
bos_taurus	ARS-UCD2.0	SRR31429688	SRR31429688.749384	dfd5e3b1-4f19-42d0-9ad8-a984ade7631c	Genion	PASS:GF	pPASS	ENSBTAG00000046668	ENSBTAG00000019612	10	10	-	-	26412911	26392497	62	60	60	70	1202	0	71	133	1361	False	True	observed exon-aligned boundaries; not exon-repaired; not conserved
bos_taurus	ARS-UCD2.0	SRR31429688	SRR31429688.750299	905c71ad-d6b2-4164-8e11-6ac0edde2678	Genion	PASS:GF	pPASS	ENSBTAG00000046668	ENSBTAG00000019612	10	10	-	-	26412911	26392497	94	60	60	37	1180	3	40	134	1337	False	True	observed exon-aligned boundaries; not exon-repaired; not conserved
bos_taurus	ARS-UCD2.0	SRR31429688	SRR31429688.750562	a1f1f1ab-776d-44bf-93fd-11d746876aad	Genion	PASS:GF	pPASS	ENSBTAG00000046668	ENSBTAG00000019612	10	10	-	-	26412911	26392497	0	60	60	65	1184	4	69	69	1284	False	True	observed exon-aligned boundaries; not exon-repaired; not conserved
bos_taurus	ARS-UCD2.0	SRR31429688	SRR31429688.753488	8b5258e5-c10d-4674-a11d-13eda6cd9b1a	Genion	PASS:GF	pPASS	ENSBTAG00000046668	ENSBTAG00000019612	10	10	-	-	26412911	26392497	58	60	60	75	1206	0	79	137	1367	False	True	observed exon-aligned boundaries; not exon-repaired; not conserved
bos_taurus	ARS-UCD2.0	SRR31429688	SRR31429688.754009	98afa4e7-1727-4d70-9cd9-e340cd332350	Genion	PASS:GF	pPASS	ENSBTAG00000046668	ENSBTAG00000019612	10	10	-	-	26412911	26392497	66	60	60	40	1214	1	41	107	1345	False	True	observed exon-aligned boundaries; not exon-repaired; not conserved
bos_taurus	ARS-UCD2.0	SRR31429688	SRR31429688.761030	d337b205-d717-4048-90e6-9b6bf70bd344	Genion	PASS:GF	pPASS	ENSBTAG00000046668	ENSBTAG00000019612	10	10	-	-	26412911	26392497	62	60	60	42	1202	0	42	104	1351	False	True	observed exon-aligned boundaries; not exon-repaired; not conserved
bos_taurus	ARS-UCD2.0	SRR31429688	SRR31429688.762076	b151b677-b172-47c6-a99f-a1f418fbd469	Genion	PASS:GF	pPASS	ENSBTAG00000046668	ENSBTAG00000019612	10	10	-	-	26412911	26392497	59	60	60	36	1204	3	41	100	1334	False	True	observed exon-aligned boundaries; not exon-repaired; not conserved
bos_taurus	ARS-UCD2.0	SRR31429688	SRR31429688.764106	5b10c084-ee65-40c4-932a-ee4572acfb1c	Genion	PASS:GF	pPASS	ENSBTAG00000046668	ENSBTAG00000019612	10	10	-	-	26412911	26392497	59	60	60	42	1231	1	52	111	1362	False	True	observed exon-aligned boundaries; not exon-repaired; not conserved
bos_taurus	ARS-UCD2.0	SRR31429688	SRR31429688.766520	623339b2-cb80-4c9f-a604-19fc0c40712f	Genion	PASS:GF	pPASS	ENSBTAG00000046668	ENSBTAG00000019612	10	10	-	-	26412911	26392497	54	60	60	26	1110	7	33	87	1254	False	True	observed exon-aligned boundaries; not exon-repaired; not conserved
bos_taurus	ARS-UCD2.0	SRR31429688	SRR31429688.767107	d20159ca-9b4b-4b42-a366-141df1a8df6f	Genion	PASS:GF	pPASS	ENSBTAG00000046668	ENSBTAG00000019612	10	10	-	-	26412911	26392497	58	60	60	41	1211	0	42	100	1333	False	True	observed exon-aligned boundaries; not exon-repaired; not conserved
bos_taurus	ARS-UCD2.0	SRR31429688	SRR31429688.767478	98ed5076-05b3-4002-98da-619037563064	Genion	PASS:GF	pPASS	ENSBTAG00000046668	ENSBTAG00000019612	10	10	-	-	26412911	26392497	54	60	60	38	1200	5	46	100	1334	False	True	observed exon-aligned boundaries; not exon-repaired; not conserved
bos_taurus	ARS-UCD2.0	SRR31429688	SRR31429688.768539	f3c6455e-d8c1-4999-919e-7ca2666e87e4	Genion	PASS:GF	pPASS	ENSBTAG00000046668	ENSBTAG00000019612	10	10	-	-	26412911	26392497	60	60	60	36	1210	4	41	101	1344	False	True	observed exon-aligned boundaries; not exon-repaired; not conserved
bos_taurus	ARS-UCD2.0	SRR31429688	SRR31429688.770287	4836dbc5-4fc8-4481-87cd-0b236f5e7dd3	Genion	PASS:GF	pPASS	ENSBTAG00000046668	ENSBTAG00000019612	10	10	-	-	26412911	26392497	58	60	60	78	1159	6	87	145	1325	False	True	observed exon-aligned boundaries; not exon-repaired; not conserved
bos_taurus	ARS-UCD2.0	SRR31429688	SRR31429688.775306	05c93888-8cef-41fe-8286-1fbed4b7d8aa	Genion	PASS:GF	pPASS	ENSBTAG00000046668	ENSBTAG00000019612	10	10	-	-	26412911	26392497	55	60	60	43	1199	0	45	100	1325	False	True	observed exon-aligned boundaries; not exon-repaired; not conserved
bos_taurus	ARS-UCD2.0	SRR31429688	SRR31429688.775342	4fed23ec-bcc1-4fef-9d0b-20df75c3a971	Genion	PASS:GF	pPASS	ENSBTAG00000046668	ENSBTAG00000019612	10	10	-	-	26412911	26392497	60	60	60	37	1195	2	39	99	1329	False	True	observed exon-aligned boundaries; not exon-repaired; not conserved
bos_taurus	ARS-UCD2.0	SRR31429688	SRR31429688.781175	420caaa5-eb53-49d5-9367-2c41e0a7a8b8	Genion	PASS:GF	pPASS	ENSBTAG00000046668	ENSBTAG00000019612	10	10	-	-	26412911	26392497	60	60	60	37	1187	5	42	102	1309	False	True	observed exon-aligned boundaries; not exon-repaired; not conserved
bos_taurus	ARS-UCD2.0	SRR31429688	SRR31429688.783007	30a1b7a3-070c-4da5-b684-e2bd8e934a36	Genion	PASS:GF	pPASS	ENSBTAG00000046668	ENSBTAG00000019612	10	10	-	-	26412911	26392497	57	60	60	38	1195	4	45	102	1334	False	True	observed exon-aligned boundaries; not exon-repaired; not conserved
bos_taurus	ARS-UCD2.0	SRR31429688	SRR31429688.783435	a9ab51e5-688c-403e-a126-15ee9a420875	Genion	PASS:GF	pPASS	ENSBTAG00000046668	ENSBTAG00000019612	10	10	-	-	26412911	26392497	59	60	60	38	1167	0	38	97	1279	False	True	observed exon-aligned boundaries; not exon-repaired; not conserved
bos_taurus	ARS-UCD2.0	SRR31429688	SRR31429688.786686	afae5857-58ff-46ec-8411-b0204bf1ab8f	Genion	PASS:GF	pPASS	ENSBTAG00000046668	ENSBTAG00000019612	10	10	-	-	26412911	26392497	58	60	60	38	1179	4	42	100	1302	False	True	observed exon-aligned boundaries; not exon-repaired; not conserved
bos_taurus	ARS-UCD2.0	SRR31429688	SRR31429688.789208	995c6d27-520f-4433-8a82-aa3712c3dd68	Genion	PASS:GF	pPASS	ENSBTAG00000046668	ENSBTAG00000019612	10	10	-	-	26412911	26392497	61	60	60	52	1200	11	64	125	1353	False	True	observed exon-aligned boundaries; not exon-repaired; not conserved
bos_taurus	ARS-UCD2.0	SRR31429688	SRR31429688.792453	dfcda982-3829-4184-aa0b-47ae70461166	Genion	PASS:GF	pPASS	ENSBTAG00000046668	ENSBTAG00000019612	10	10	-	-	26412911	26392497	0	60	60	145	1202	2	152	152	1390	True	True	observed exon-aligned boundaries; not exon-repaired; not conserved
bos_taurus	ARS-UCD2.0	SRR31429688	SRR31429688.797009	5025358f-61f8-45c9-955f-010e3eca444e	Genion	PASS:GF	pPASS	ENSBTAG00000046668	ENSBTAG00000019612	10	10	-	-	26412911	26392497	59	60	60	37	1211	2	39	98	1337	False	True	observed exon-aligned boundaries; not exon-repaired; not conserved
bos_taurus	ARS-UCD2.0	SRR31429688	SRR31429688.798180	043312be-3828-4873-81fd-5df20de4bffe	Genion	PASS:GF	pPASS	ENSBTAG00000046668	ENSBTAG00000019612	10	10	-	-	26412911	26392497	56	60	60	41	1206	0	42	98	1323	False	True	observed exon-aligned boundaries; not exon-repaired; not conserved
bos_taurus	ARS-UCD2.0	SRR31429688	SRR31429688.800721	43c871cd-a8cf-4b56-821c-bec3105c7506	Genion	PASS:GF	pPASS	ENSBTAG00000046668	ENSBTAG00000019612	10	10	-	-	26412911	26392497	59	60	60	39	1190	2	41	100	1309	False	True	observed exon-aligned boundaries; not exon-repaired; not conserved
bos_taurus	ARS-UCD2.0	SRR31429688	SRR31429688.803370	e386c45e-b49c-404a-b4f4-b3dcc9eb8482	Genion	PASS:GF	pPASS	ENSBTAG00000046668	ENSBTAG00000019612	10	10	-	-	26412911	26392497	56	60	60	38	1117	0	39	95	1270	False	True	observed exon-aligned boundaries; not exon-repaired; not conserved
bos_taurus	ARS-UCD2.0	SRR31429688	SRR31429688.805969	03e234f8-12b9-4b5c-852b-b73d01030bd0	Genion	PASS:GF	pPASS	ENSBTAG00000046668	ENSBTAG00000019612	10	10	-	-	26412911	26392497	59	60	60	42	1186	0	43	102	1306	False	True	observed exon-aligned boundaries; not exon-repaired; not conserved
bos_taurus	ARS-UCD2.0	SRR31429688	SRR31429688.806461	9d23f40d-1f6f-4c06-baad-c4dc4b807c6c	Genion	PASS:GF	pPASS	ENSBTAG00000046668	ENSBTAG00000019612	10	10	-	-	26412911	26392497	0	60	60	62	1184	3	66	66	1265	False	True	observed exon-aligned boundaries; not exon-repaired; not conserved
bos_taurus	ARS-UCD2.0	SRR31429688	SRR31429688.811311	c8230dd4-eb09-4650-a9dd-5d4acf0f5506	Genion	PASS:GF	pPASS	ENSBTAG00000046668	ENSBTAG00000019612	10	10	-	-	26412911	26392497	60	60	60	40	1206	0	40	100	1332	False	True	observed exon-aligned boundaries; not exon-repaired; not conserved
bos_taurus	ARS-UCD2.0	SRR31429688	SRR31429688.812988	e67e14e6-a5de-45f9-9367-1b1f75ee4c55	Genion	PASS:GF	pPASS	ENSBTAG00000046668	ENSBTAG00000019612	10	10	-	-	26412911	26392497	59	60	60	38	1187	4	43	102	1322	False	True	observed exon-aligned boundaries; not exon-repaired; not conserved
bos_taurus	ARS-UCD2.0	SRR31429688	SRR31429688.816939	b0ea1300-e1f8-47dd-aa1f-cdb460b1b19f	Genion	PASS:GF	pPASS	ENSBTAG00000046668	ENSBTAG00000019612	10	10	-	-	26412911	26392497	58	60	60	40	1186	0	40	98	1300	False	True	observed exon-aligned boundaries; not exon-repaired; not conserved
bos_taurus	ARS-UCD2.0	SRR31429688	SRR31429688.819047	1fdfe4d4-41e7-4853-8048-85c3e091a425	Genion	PASS:GF	pPASS	ENSBTAG00000046668	ENSBTAG00000019612	10	10	-	-	26412911	26392497	61	60	60	39	1191	2	41	102	1317	False	True	observed exon-aligned boundaries; not exon-repaired; not conserved
bos_taurus	ARS-UCD2.0	SRR31429688	SRR31429688.820956	d1330ced-5b65-4fc5-a9d5-7bf5430c56c7	Genion	PASS:GF	pPASS	ENSBTAG00000046668	ENSBTAG00000019612	10	10	-	-	26412911	26392497	60	60	60	39	1200	1	40	100	1337	False	True	observed exon-aligned boundaries; not exon-repaired; not conserved
bos_taurus	ARS-UCD2.0	SRR31429688	SRR31429688.829605	114f9742-9e67-4708-85c3-518f38fe81a4	Genion	PASS:GF	pPASS	ENSBTAG00000046668	ENSBTAG00000019612	10	10	-	-	26412911	26392497	67	60	60	38	1182	3	44	111	1336	False	True	observed exon-aligned boundaries; not exon-repaired; not conserved
bos_taurus	ARS-UCD2.0	SRR31429688	SRR31429688.832622	fafcf080-4ba4-4b8c-b606-331239282e3b	Genion	PASS:GF	pPASS	ENSBTAG00000046668	ENSBTAG00000019612	10	10	-	-	26412911	26392497	59	60	60	38	1205	2	43	102	1337	False	True	observed exon-aligned boundaries; not exon-repaired; not conserved
bos_taurus	ARS-UCD2.0	SRR31429688	SRR31429688.832830	9eae0e12-9572-4ed3-a752-5beaaca08090	Genion	PASS:GF	pPASS	ENSBTAG00000046668	ENSBTAG00000019612	10	10	-	-	26412911	26392497	64	60	60	32	1220	11	43	107	1349	False	True	observed exon-aligned boundaries; not exon-repaired; not conserved
bos_taurus	ARS-UCD2.0	SRR31429688	SRR31429688.834889	e665cf67-5bc9-4bd3-8530-ecce2510e146	Genion	PASS:GF	pPASS	ENSBTAG00000046668	ENSBTAG00000019612	10	10	-	-	26412911	26392497	62	60	60	36	1207	0	38	100	1324	False	True	observed exon-aligned boundaries; not exon-repaired; not conserved
bos_taurus	ARS-UCD2.0	SRR31429688	SRR31429688.839374	57ee1bdb-f170-4ac0-a9ee-a075112fc696	Genion	PASS:GF	pPASS	ENSBTAG00000046668	ENSBTAG00000019612	10	10	-	-	26412911	26392497	56	60	60	37	1185	2	41	97	1298	False	True	observed exon-aligned boundaries; not exon-repaired; not conserved
bos_taurus	ARS-UCD2.0	SRR31429688	SRR31429688.840682	314b43f6-2f12-4211-82b6-1b1da1a2f12c	Genion	PASS:GF	pPASS	ENSBTAG00000046668	ENSBTAG00000019612	10	10	-	-	26412911	26392497	56	60	60	40	1206	0	40	96	1330	False	True	observed exon-aligned boundaries; not exon-repaired; not conserved
bos_taurus	ARS-UCD2.0	SRR31429688	SRR31429688.841188	e079b9f4-7ac8-4807-8064-0812305d54ed	Genion	PASS:GF	pPASS	ENSBTAG00000046668	ENSBTAG00000019612	10	10	-	-	26412911	26392497	56	60	60	32	1165	3	38	94	1294	False	True	observed exon-aligned boundaries; not exon-repaired; not conserved
bos_taurus	ARS-UCD2.0	SRR31429688	SRR31429688.841619	d843e9d7-d011-40fd-ba32-3142f437d80d	Genion	PASS:GF	pPASS	ENSBTAG00000046668	ENSBTAG00000019612	10	10	-	-	26412911	26392497	61	60	60	38	1193	0	38	99	1311	False	True	observed exon-aligned boundaries; not exon-repaired; not conserved
bos_taurus	ARS-UCD2.0	SRR31429688	SRR31429688.842055	70ccecd3-37c0-4e5c-b349-5026134a9ad5	Genion	PASS:GF	pPASS	ENSBTAG00000046668	ENSBTAG00000019612	10	10	-	-	26412911	26392494	56	60	60	36	1180	2	38	94	1303	False	True	observed exon-aligned boundaries; not exon-repaired; not conserved
bos_taurus	ARS-UCD2.0	SRR31429688	SRR31429688.842291	3626a059-acd2-4ee4-a20f-9e3072e6ad60	Genion	PASS:GF	pPASS	ENSBTAG00000046668	ENSBTAG00000019612	10	10	-	-	26412911	26392497	58	60	60	44	1204	0	46	104	1343	False	True	observed exon-aligned boundaries; not exon-repaired; not conserved
bos_taurus	ARS-UCD2.0	SRR31429688	SRR31429688.845603	50c6df44-c31e-48a3-91a7-2e786299d3d3	Genion	PASS:GF	pPASS	ENSBTAG00000046668	ENSBTAG00000019612	10	10	-	-	26412911	26392497	60	60	60	38	1217	2	40	100	1344	False	True	observed exon-aligned boundaries; not exon-repaired; not conserved
bos_taurus	ARS-UCD2.0	SRR31429688	SRR31429688.860362	1e647f49-dabb-4adc-bdd8-64b21c9ea0e5	Genion	PASS:GF	pPASS	ENSBTAG00000046668	ENSBTAG00000019612	10	10	-	-	26412911	26392497	57	60	60	41	1192	0	42	99	1354	False	True	observed exon-aligned boundaries; not exon-repaired; not conserved
bos_taurus	ARS-UCD2.0	SRR31429688	SRR31429688.861807	32330090-dad0-45a0-97e1-ef3b454be937	Genion	PASS:GF	pPASS	ENSBTAG00000046668	ENSBTAG00000019612	10	10	-	-	26412911	26392497	55	60	60	43	1184	0	43	98	1308	False	True	observed exon-aligned boundaries; not exon-repaired; not conserved
bos_taurus	ARS-UCD2.0	SRR31429688	SRR31429688.863189	c319860f-cb2d-4c15-8353-b1228192ec5a	Genion	PASS:GF	pPASS	ENSBTAG00000046668	ENSBTAG00000019612	10	10	-	-	26412911	26392497	61	60	60	41	1212	0	42	103	1351	False	True	observed exon-aligned boundaries; not exon-repaired; not conserved
bos_taurus	ARS-UCD2.0	SRR31429688	SRR31429688.866647	f3cff7f2-dfb5-48d7-bcc2-24def6975c32	Genion	PASS:GF	pPASS	ENSBTAG00000046668	ENSBTAG00000019612	10	10	-	-	26412911	26392497	62	60	60	43	1195	1	44	106	1331	False	True	observed exon-aligned boundaries; not exon-repaired; not conserved
bos_taurus	ARS-UCD2.0	SRR31429688	SRR31429688.868244	5794da9d-b636-4a62-9875-4e348147a62d	Genion	PASS:GF	pPASS	ENSBTAG00000046668	ENSBTAG00000019612	10	10	-	-	26412911	26392497	60	60	60	41	1218	1	44	104	1347	False	True	observed exon-aligned boundaries; not exon-repaired; not conserved
bos_taurus	ARS-UCD2.0	SRR31429688	SRR31429688.868802	d97f6890-13e4-41fe-8689-d190166f01f9	Genion	PASS:GF	pPASS	ENSBTAG00000046668	ENSBTAG00000019612	10	10	-	-	26412911	26392497	58	60	60	44	1224	0	47	105	1366	False	True	observed exon-aligned boundaries; not exon-repaired; not conserved
bos_taurus	ARS-UCD2.0	SRR31429688	SRR31429688.869611	d189f6d9-0ea4-4ce0-ba18-2b81ddfac58c	Genion	PASS:GF	pPASS	ENSBTAG00000046668	ENSBTAG00000019612	10	10	-	-	26412911	26392497	60	60	60	38	1205	2	40	100	1338	False	True	observed exon-aligned boundaries; not exon-repaired; not conserved
bos_taurus	ARS-UCD2.0	SRR31429688	SRR31429688.875785	186ee184-6e7b-43c7-9a8f-0641027badee	Genion	PASS:GF	pPASS	ENSBTAG00000046668	ENSBTAG00000019612	10	10	-	-	26412911	26392497	60	60	60	38	1168	4	42	102	1301	False	True	observed exon-aligned boundaries; not exon-repaired; not conserved
bos_taurus	ARS-UCD2.0	SRR31429688	SRR31429688.876367	e5340e84-562a-436f-aa6d-d858dccd4c99	Genion	PASS:GF	pPASS	ENSBTAG00000046668	ENSBTAG00000019612	10	10	-	-	26412913	26392497	57	60	60	35	1154	3	38	95	1294	False	True	observed exon-aligned boundaries; not exon-repaired; not conserved
bos_taurus	ARS-UCD2.0	SRR31429688	SRR31429688.878946	ed8d9922-fccf-415a-bb08-d7c335195100	Genion	PASS:GF	pPASS	ENSBTAG00000046668	ENSBTAG00000019612	10	10	-	-	26412911	26392497	58	60	60	42	1185	0	43	101	1310	False	True	observed exon-aligned boundaries; not exon-repaired; not conserved
bos_taurus	ARS-UCD2.0	SRR31429688	SRR31429688.879971	59457010-fdf6-4f48-b264-f6299cb84525	Genion	PASS:GF	pPASS	ENSBTAG00000046668	ENSBTAG00000019612	10	10	-	-	26412911	26392497	60	60	60	42	1193	1	44	104	1324	False	True	observed exon-aligned boundaries; not exon-repaired; not conserved
bos_taurus	ARS-UCD2.0	SRR31429688	SRR31429688.882151	cff4c8dd-fec5-4c5b-b14a-eb045e3aa76f	Genion	PASS:GF	pPASS	ENSBTAG00000046668	ENSBTAG00000019612	10	10	-	-	26412911	26392497	63	60	60	41	1193	0	41	104	1321	False	True	observed exon-aligned boundaries; not exon-repaired; not conserved
bos_taurus	ARS-UCD2.0	SRR31429688	SRR31429688.888030	e6718a09-ab38-41b2-ac96-4585ebee66f9	Genion	PASS:GF	pPASS	ENSBTAG00000046668	ENSBTAG00000019612	10	10	-	-	26412911	26392497	64	60	60	8	1138	31	39	103	1319	False	True	observed exon-aligned boundaries; not exon-repaired; not conserved
bos_taurus	ARS-UCD2.0	SRR31429688	SRR31429688.888520	9cdefdcb-4b43-486a-a756-2f9aed5e7af6	Genion	PASS:GF	pPASS	ENSBTAG00000046668	ENSBTAG00000019612	10	10	-	-	26412911	26392497	56	60	60	38	1198	2	41	97	1337	False	True	observed exon-aligned boundaries; not exon-repaired; not conserved
bos_taurus	ARS-UCD2.0	SRR31429688	SRR31429688.890013	72e63747-ea06-4321-90d4-435dd9de11f8	Genion	PASS:GF	pPASS	ENSBTAG00000046668	ENSBTAG00000019612	10	10	-	-	26412911	26392497	60	60	60	39	1197	0	39	99	1319	False	True	observed exon-aligned boundaries; not exon-repaired; not conserved
bos_taurus	ARS-UCD2.0	SRR31429688	SRR31429688.893898	fbc5f032-d2a2-4661-8a7d-f4efb5c81b1d	Genion	PASS:GF	pPASS	ENSBTAG00000046668	ENSBTAG00000019612	10	10	-	-	26412911	26392497	55	60	60	38	1201	5	46	101	1329	False	True	observed exon-aligned boundaries; not exon-repaired; not conserved
bos_taurus	ARS-UCD2.0	SRR31429688	SRR31429688.899739	aea4761c-6beb-49c3-9a96-00dae0cfa78c	Genion	PASS:GF	pPASS	ENSBTAG00000046668	ENSBTAG00000019612	10	10	-	-	26412911	26392497	68	60	60	28	1171	10	38	106	1340	False	True	observed exon-aligned boundaries; not exon-repaired; not conserved
bos_taurus	ARS-UCD2.0	SRR31429688	SRR31429688.900220	bdd89d68-ebe0-40dc-8048-3049b7450d3f	Genion	PASS:GF	pPASS	ENSBTAG00000046668	ENSBTAG00000019612	10	10	-	-	26412911	26392497	56	60	60	307	1182	4	318	374	1591	True	True	observed exon-aligned boundaries; not exon-repaired; not conserved
bos_taurus	ARS-UCD2.0	SRR31429688	SRR31429688.908268	2103ea3f-4bbf-4538-9e38-d43d99d6ffcb	Genion	PASS:GF	pPASS	ENSBTAG00000046668	ENSBTAG00000019612	10	10	-	-	26412911	26392497	56	60	60	34	1184	2	36	92	1304	False	True	observed exon-aligned boundaries; not exon-repaired; not conserved
bos_taurus	ARS-UCD2.0	SRR31429688	SRR31429688.908536	f3ab944b-56a4-483b-a985-a1df2cec3301	Genion	PASS:GF	pPASS	ENSBTAG00000046668	ENSBTAG00000019612	10	10	-	-	26412911	26392497	59	60	60	36	1187	6	42	101	1316	False	True	observed exon-aligned boundaries; not exon-repaired; not conserved
bos_taurus	ARS-UCD2.0	SRR31429688	SRR31429688.909492	672b3e09-5d86-40a8-8ae7-c355192dcdd6	Genion	PASS:GF	pPASS	ENSBTAG00000046668	ENSBTAG00000019612	10	10	-	-	26412911	26392497	61	60	60	39	1200	2	43	104	1325	False	True	observed exon-aligned boundaries; not exon-repaired; not conserved
bos_taurus	ARS-UCD2.0	SRR31429688	SRR31429688.910197	6a8d076a-e1ac-4385-b3f8-060b3ba149ad	Genion	PASS:GF	pPASS	ENSBTAG00000046668	ENSBTAG00000019612	10	10	-	-	26412911	26392497	60	60	60	38	1206	4	44	104	1341	False	True	observed exon-aligned boundaries; not exon-repaired; not conserved
bos_taurus	ARS-UCD2.0	SRR31429688	SRR31429688.910795	0d31b9ab-7c7a-4962-8ee1-bf85aeff86bf	Genion	PASS:GF	pPASS	ENSBTAG00000046668	ENSBTAG00000019612	10	10	-	-	26412911	26392497	56	60	60	38	1211	3	43	99	1338	False	True	observed exon-aligned boundaries; not exon-repaired; not conserved
bos_taurus	ARS-UCD2.0	SRR31429688	SRR31429688.933749	a3e7cce2-b2c1-4dad-90de-59b70124bf42	Genion	PASS:GF	pPASS	ENSBTAG00000046668	ENSBTAG00000019612	10	10	-	-	26412911	26392491	61	60	60	37	1119	6	45	106	1259	False	True	observed exon-aligned boundaries; not exon-repaired; not conserved
bos_taurus	ARS-UCD2.0	SRR31429688	SRR31429688.948053	b88a471b-b0e0-49df-ad4b-6abf5a146b48	Genion	PASS:GF	pPASS	ENSBTAG00000046668	ENSBTAG00000019612	10	10	-	-	26412911	26392497	54	60	60	38	1197	3	43	97	1318	False	True	observed exon-aligned boundaries; not exon-repaired; not conserved
bos_taurus	ARS-UCD2.0	SRR31429688	SRR31429688.949293	a12d756a-304a-4a88-99c1-fc56b0cc598a	Genion	PASS:GF	pPASS	ENSBTAG00000046668	ENSBTAG00000019612	10	10	-	-	26412911	26392497	62	60	60	37	1171	3	40	102	1303	False	True	observed exon-aligned boundaries; not exon-repaired; not conserved
bos_taurus	ARS-UCD2.0	SRR31429688	SRR31429688.952193	3016275e-56ff-45c0-b57b-4a9408d88a8b	Genion	PASS:GF	pPASS	ENSBTAG00000046668	ENSBTAG00000019612	10	10	-	-	26412911	26392497	51	60	60	42	1204	0	42	93	1324	False	True	observed exon-aligned boundaries; not exon-repaired; not conserved
bos_taurus	ARS-UCD2.0	SRR31429688	SRR31429688.958570	737e5c1f-fd55-4493-bc3e-9349bed42ef7	Genion	PASS:GF	pPASS	ENSBTAG00000046668	ENSBTAG00000019612	10	10	-	-	26412911	26392497	55	60	60	38	1214	2	42	97	1326	False	True	observed exon-aligned boundaries; not exon-repaired; not conserved
bos_taurus	ARS-UCD2.0	SRR31429688	SRR31429688.963749	29b822c9-813e-46d9-96ea-83e90c168793	Genion	PASS:GF	pPASS	ENSBTAG00000046668	ENSBTAG00000019612	10	10	-	-	26412911	26392497	61	60	60	90	1202	3	95	156	1374	False	True	observed exon-aligned boundaries; not exon-repaired; not conserved
bos_taurus	ARS-UCD2.0	SRR31429688	SRR31429688.967244	d784afe8-e29b-4063-b278-90958ea9de33	Genion	PASS:GF	pPASS	ENSBTAG00000046668	ENSBTAG00000019612	10	10	-	-	26412911	26392497	58	60	60	35	1184	5	43	101	1318	False	True	observed exon-aligned boundaries; not exon-repaired; not conserved
bos_taurus	ARS-UCD2.0	SRR31429688	SRR31429688.970112	91294955-1ab5-456a-8c0d-d037b3291767	Genion	PASS:GF	pPASS	ENSBTAG00000046668	ENSBTAG00000019612	10	10	-	-	26412911	26392497	58	60	60	42	1203	0	42	100	1334	False	True	observed exon-aligned boundaries; not exon-repaired; not conserved
bos_taurus	ARS-UCD2.0	SRR31429688	SRR31429688.970414	83d62dd9-0fc9-4add-82e7-8421a3c30a79	Genion	PASS:GF	pPASS	ENSBTAG00000046668	ENSBTAG00000019612	10	10	-	-	26412911	26392497	57	60	60	27	1173	11	39	96	1319	False	True	observed exon-aligned boundaries; not exon-repaired; not conserved
bos_taurus	ARS-UCD2.0	SRR31429688	SRR31429688.970843	6f12255b-ad66-47bd-9565-95c7ebba4c73	Genion	PASS:GF	pPASS	ENSBTAG00000046668	ENSBTAG00000019612	10	10	-	-	26412911	26392497	63	60	60	39	1189	2	43	106	1337	False	True	observed exon-aligned boundaries; not exon-repaired; not conserved
bos_taurus	ARS-UCD2.0	SRR31429688	SRR31429688.979450	8e3d411b-9bf1-4967-92e1-5cc9bfc84997	Genion	PASS:GF	pPASS	ENSBTAG00000046668	ENSBTAG00000019612	10	10	-	-	26412911	26392497	66	60	60	39	1188	0	43	109	1333	False	True	observed exon-aligned boundaries; not exon-repaired; not conserved
bos_taurus	ARS-UCD2.0	SRR31429688	SRR31429688.981207	6fd513e0-10f7-4740-b820-ba7fefee69db	Genion	PASS:GF	pPASS	ENSBTAG00000046668	ENSBTAG00000019612	10	10	-	-	26412911	26392497	65	60	60	41	1199	0	41	106	1326	False	True	observed exon-aligned boundaries; not exon-repaired; not conserved
bos_taurus	ARS-UCD2.0	SRR31429688	SRR31429688.984216	bb815ca2-b7b1-4a4e-8ef6-d76a97499f89	Genion	PASS:GF	pPASS	ENSBTAG00000046668	ENSBTAG00000019612	10	10	-	-	26412911	26392497	59	60	60	40	1189	2	42	101	1331	False	True	observed exon-aligned boundaries; not exon-repaired; not conserved
bos_taurus	ARS-UCD2.0	SRR31429688	SRR31429688.992413	257042bc-bad2-4c27-8825-53d11a5b8856	Genion	PASS:GF	pPASS	ENSBTAG00000046668	ENSBTAG00000019612	10	10	-	-	26412911	26392497	59	60	60	38	1150	3	41	100	1276	False	True	observed exon-aligned boundaries; not exon-repaired; not conserved
bos_taurus	ARS-UCD2.0	SRR31429688	SRR31429688.993018	fd9fe7bd-eb91-4d6e-a03a-5129988ec2ee	Genion	PASS:GF	pPASS	ENSBTAG00000046668	ENSBTAG00000019612	10	10	-	-	26412911	26392497	60	60	60	42	1216	0	43	103	1343	False	True	observed exon-aligned boundaries; not exon-repaired; not conserved
bos_taurus	ARS-UCD2.0	SRR31429688	SRR31429688.994021	f3bde047-c3e0-4a6b-b74b-4d68afadba5d	Genion	PASS:GF	pPASS	ENSBTAG00000046668	ENSBTAG00000019612	10	10	-	-	26412911	26392497	64	60	60	41	1207	0	42	106	1337	False	True	observed exon-aligned boundaries; not exon-repaired; not conserved
bos_taurus	ARS-UCD2.0	SRR31429688	SRR31429688.996949	57240286-dbda-4141-abde-eca1c7559cfa	Genion	PASS:GF	pPASS	ENSBTAG00000046668	ENSBTAG00000019612	10	10	-	-	26412911	26392497	60	60	60	38	1190	0	38	98	1319	False	True	observed exon-aligned boundaries; not exon-repaired; not conserved
bos_taurus	ARS-UCD2.0	SRR31429688	SRR31429688.997029	d27c6142-9c86-4f38-b30b-49fe98c56643	Genion	PASS:GF	pPASS	ENSBTAG00000046668	ENSBTAG00000019612	10	10	-	-	26412911	26392497	58	60	60	40	1183	2	42	100	1304	False	True	observed exon-aligned boundaries; not exon-repaired; not conserved
bos_taurus	ARS-UCD2.0	SRR31429688	SRR31429688.997899	8a614a50-ba8c-40b7-bdd6-822e22618c39	Genion	PASS:GF	pPASS	ENSBTAG00000046668	ENSBTAG00000019612	10	10	-	-	26412911	26392497	59	60	60	67	1183	0	69	128	1349	False	True	observed exon-aligned boundaries; not exon-repaired; not conserved
bos_taurus	ARS-UCD2.0	SRR31429688	SRR31429688.999281	e3acd3ad-7e45-4966-a3d1-8eb04f9184c7	Genion	PASS:GF	pPASS	ENSBTAG00000046668	ENSBTAG00000019612	10	10	-	-	26412911	26392497	59	60	60	40	1197	0	40	99	1334	False	True	observed exon-aligned boundaries; not exon-repaired; not conserved
bos_taurus	ARS-UCD2.0	SRR31429688	SRR31429688.1002537	48a7e77e-38a9-4403-9e51-4251caf2e777	Genion	PASS:GF	pPASS	ENSBTAG00000046668	ENSBTAG00000019612	10	10	-	-	26412911	26392497	60	60	60	47	622	0	47	107	747	False	True	observed exon-aligned boundaries; not exon-repaired; not conserved
bos_taurus	ARS-UCD2.0	SRR31429688	SRR31429688.1012707	c2b6bcff-649e-4db5-b916-5db3f3d5f1d6	Genion	PASS:GF	pPASS	ENSBTAG00000046668	ENSBTAG00000019612	10	10	-	-	26412911	26392497	62	60	60	39	1165	3	45	107	1298	False	True	observed exon-aligned boundaries; not exon-repaired; not conserved
bos_taurus	ARS-UCD2.0	SRR31429688	SRR31429688.1014145	97fb3a66-271e-4fc2-9ec6-1deaaacd9ef4	Genion	PASS:GF	pPASS	ENSBTAG00000046668	ENSBTAG00000019612	10	10	-	-	26412911	26392497	0	60	60	70	1202	0	71	71	1312	False	True	observed exon-aligned boundaries; not exon-repaired; not conserved
bos_taurus	ARS-UCD2.0	SRR31429688	SRR31429688.1014358	c990d2e8-4994-49bf-ad6d-d737af0def40	Genion	PASS:GF	pPASS	ENSBTAG00000046668	ENSBTAG00000019612	10	10	-	-	26412911	26392497	57	60	60	62	1189	0	63	120	1322	False	True	observed exon-aligned boundaries; not exon-repaired; not conserved
bos_taurus	ARS-UCD2.0	SRR31429688	SRR31429688.1015789	2700d398-d968-47c6-8f8b-928f4916f566	Genion	PASS:GF	pPASS	ENSBTAG00000046668	ENSBTAG00000019612	10	10	-	-	26412912	26392497	51	60	60	38	1189	1	39	90	1309	False	True	observed exon-aligned boundaries; not exon-repaired; not conserved
bos_taurus	ARS-UCD2.0	SRR31429688	SRR31429688.1022267	9298d067-2a52-48a5-87df-0333be65dc6c	Genion	PASS:GF	pPASS	ENSBTAG00000046668	ENSBTAG00000019612	10	10	-	-	26412911	26392497	54	60	60	72	1195	0	72	126	1348	False	True	observed exon-aligned boundaries; not exon-repaired; not conserved
bos_taurus	ARS-UCD2.0	SRR31429688	SRR31429688.1023521	a6429d6c-911c-4bcf-85e3-adf256a3d3fd	Genion	PASS:GF	pPASS	ENSBTAG00000046668	ENSBTAG00000019612	10	10	-	-	26412911	26392497	61	60	60	39	1190	5	48	109	1348	False	True	observed exon-aligned boundaries; not exon-repaired; not conserved
bos_taurus	ARS-UCD2.0	SRR31429688	SRR31429688.1025492	b922ff7d-fe23-4070-a9e2-7a311efccb0a	Genion	PASS:GF	pPASS	ENSBTAG00000046668	ENSBTAG00000019612	10	10	-	-	26412911	26392497	61	60	60	44	1184	0	44	105	1303	False	True	observed exon-aligned boundaries; not exon-repaired; not conserved
bos_taurus	ARS-UCD2.0	SRR31429688	SRR31429688.1027123	21f7337f-696d-4ac5-aeff-b672ad1f57fb	Genion	PASS:GF	pPASS	ENSBTAG00000046668	ENSBTAG00000019612	10	10	-	-	26412911	26392496	56	60	60	43	755	0	44	100	885	False	True	observed exon-aligned boundaries; not exon-repaired; not conserved
bos_taurus	ARS-UCD2.0	SRR31429688	SRR31429688.1028798	41740b4a-e131-4643-9679-a75d5a626480	Genion	PASS:GF	pPASS	ENSBTAG00000046668	ENSBTAG00000019612	10	10	-	-	26412911	26392497	67	60	60	38	1200	2	40	107	1327	False	True	observed exon-aligned boundaries; not exon-repaired; not conserved
bos_taurus	ARS-UCD2.0	SRR31429688	SRR31429688.1029103	87a39bf6-31a1-4921-8eb3-a132edbcfd69	Genion	PASS:GF	pPASS	ENSBTAG00000046668	ENSBTAG00000019612	10	10	-	-	26412911	26392497	62	60	60	38	1188	4	42	104	1331	False	True	observed exon-aligned boundaries; not exon-repaired; not conserved
bos_taurus	ARS-UCD2.0	SRR31429688	SRR31429688.1030657	e65db5f9-9e0a-4949-a37c-cf92c14f07d6	Genion	PASS:GF	pPASS	ENSBTAG00000046668	ENSBTAG00000019612	10	10	-	-	26412911	26392497	59	60	60	38	1204	3	41	100	1324	False	True	observed exon-aligned boundaries; not exon-repaired; not conserved
bos_taurus	ARS-UCD2.0	SRR31429688	SRR31429688.1033199	92702d6e-45c0-4fc5-a6e3-ef40d5d3d3d0	Genion	PASS:GF	pPASS	ENSBTAG00000046668	ENSBTAG00000019612	10	10	-	-	26412911	26392497	58	60	60	38	1175	0	38	96	1314	False	True	observed exon-aligned boundaries; not exon-repaired; not conserved
bos_taurus	ARS-UCD2.0	SRR31429688	SRR31429688.1033866	21a2445e-6f68-4325-bacd-a615440a9e75	Genion	PASS:GF	pPASS	ENSBTAG00000046668	ENSBTAG00000019612	10	10	-	-	26412911	26392497	56	60	60	39	1194	0	39	95	1316	False	True	observed exon-aligned boundaries; not exon-repaired; not conserved
bos_taurus	ARS-UCD2.0	SRR31429688	SRR31429688.1034303	09003de7-656b-4531-8230-30f6e0448399	Genion	PASS:GF	pPASS	ENSBTAG00000046668	ENSBTAG00000019612	10	10	-	-	26412911	26392497	57	60	60	43	1200	0	43	100	1325	False	True	observed exon-aligned boundaries; not exon-repaired; not conserved
bos_taurus	ARS-UCD2.0	SRR31429688	SRR31429688.1034538	b24de2f0-0cba-4b07-84c3-ec20c847f7a7	Genion	PASS:GF	pPASS	ENSBTAG00000046668	ENSBTAG00000019612	10	10	-	-	26412911	26392497	60	60	60	39	1201	0	40	100	1337	False	True	observed exon-aligned boundaries; not exon-repaired; not conserved
bos_taurus	ARS-UCD2.0	SRR31429688	SRR31429688.1039049	7a3bcac2-a577-4b40-97db-819754555c71	Genion	PASS:GF	pPASS	ENSBTAG00000046668	ENSBTAG00000019612	10	10	-	-	26412911	26392497	60	60	60	42	1210	4	48	108	1348	False	True	observed exon-aligned boundaries; not exon-repaired; not conserved
bos_taurus	ARS-UCD2.0	SRR31429688	SRR31429688.1042004	eb35fa50-5b41-4f64-a344-5bd78ac1aca2	Genion	PASS:GF	pPASS	ENSBTAG00000046668	ENSBTAG00000019612	10	10	-	-	26412911	26392497	60	60	60	39	1156	4	44	104	1292	False	True	observed exon-aligned boundaries; not exon-repaired; not conserved
bos_taurus	ARS-UCD2.0	SRR31429688	SRR31429688.1043764	2272e058-c523-4915-b579-177548f32559	Genion	PASS:GF	pPASS	ENSBTAG00000046668	ENSBTAG00000019612	10	10	-	-	26412911	26392497	59	60	60	42	1181	0	43	102	1316	False	True	observed exon-aligned boundaries; not exon-repaired; not conserved
bos_taurus	ARS-UCD2.0	SRR31429688	SRR31429688.1044675	0129027e-8398-4b08-9a14-050883fadbb4	Genion	PASS:GF	pPASS	ENSBTAG00000046668	ENSBTAG00000019612	10	10	-	-	26412911	26392497	59	60	60	37	1192	0	37	96	1303	False	True	observed exon-aligned boundaries; not exon-repaired; not conserved
bos_taurus	ARS-UCD2.0	SRR31429688	SRR31429688.1044841	068947b1-3e8d-4192-b54e-2ad11ce76022	Genion	PASS:GF	pPASS	ENSBTAG00000046668	ENSBTAG00000019612	10	10	-	-	26412911	26392497	58	60	60	68	1201	0	68	126	1350	False	True	observed exon-aligned boundaries; not exon-repaired; not conserved
bos_taurus	ARS-UCD2.0	SRR31429688	SRR31429688.1045077	7d1d5949-624f-4eca-9024-ac5fa110d6fa	Genion	PASS:GF	pPASS	ENSBTAG00000046668	ENSBTAG00000019612	10	10	-	-	26412911	26392497	60	60	60	41	1187	2	43	103	1303	False	True	observed exon-aligned boundaries; not exon-repaired; not conserved
bos_taurus	ARS-UCD2.0	SRR31429688	SRR31429688.1046622	d945e285-ff2e-48c6-9911-57fe192fef89	Genion	PASS:GF	pPASS	ENSBTAG00000046668	ENSBTAG00000019612	10	10	-	-	26412911	26392497	60	60	60	38	1178	7	46	106	1302	False	True	observed exon-aligned boundaries; not exon-repaired; not conserved
bos_taurus	ARS-UCD2.0	SRR31429688	SRR31429688.1047210	b0e63423-5623-4ae2-8a85-8035d17b32d2	Genion	PASS:GF	pPASS	ENSBTAG00000046668	ENSBTAG00000019612	10	10	-	-	26412911	26392497	60	60	60	37	714	3	42	102	832	False	True	observed exon-aligned boundaries; not exon-repaired; not conserved
bos_taurus	ARS-UCD2.0	SRR31429688	SRR31429688.1048009	b018f269-88e2-4c05-beab-04bb02446d09	Genion	PASS:GF	pPASS	ENSBTAG00000046668	ENSBTAG00000019612	10	10	-	-	26412911	26392492	60	60	60	290	1171	1	300	360	1549	True	True	observed exon-aligned boundaries; not exon-repaired; not conserved
bos_taurus	ARS-UCD2.0	SRR31429688	SRR31429688.1053026	2f4de18c-73ec-45cf-b2be-383346ee734a	Genion	PASS:GF	pPASS	ENSBTAG00000046668	ENSBTAG00000019612	10	10	-	-	26412911	26392497	56	60	60	42	1213	0	42	98	1326	False	True	observed exon-aligned boundaries; not exon-repaired; not conserved
bos_taurus	ARS-UCD2.0	SRR31429688	SRR31429688.1053317	90a4db86-52a5-436b-983e-0676d8bd1aee	Genion	PASS:GF	pPASS	ENSBTAG00000046668	ENSBTAG00000019612	10	10	-	-	26412911	26392497	58	60	60	39	1204	0	39	97	1326	False	True	observed exon-aligned boundaries; not exon-repaired; not conserved
bos_taurus	ARS-UCD2.0	SRR31429688	SRR31429688.1055882	ee846d37-e3d5-44f4-a8c3-f0d7efc4ff74	Genion	PASS:GF	pPASS	ENSBTAG00000046668	ENSBTAG00000019612	10	10	-	-	26412911	26392497	60	60	60	39	1214	0	39	99	1330	False	True	observed exon-aligned boundaries; not exon-repaired; not conserved
bos_taurus	ARS-UCD2.0	SRR31429688	SRR31429688.1056920	a3efc9b7-3de2-4d71-82de-e04f0b33b3bd	Genion	PASS:GF	pPASS	ENSBTAG00000046668	ENSBTAG00000019612	10	10	-	-	26412911	26392497	66	60	60	70	1218	0	70	136	1376	False	True	observed exon-aligned boundaries; not exon-repaired; not conserved
bos_taurus	ARS-UCD2.0	SRR31429688	SRR31429688.1057046	b38636d9-2e23-4e03-bb82-a9dc13b1bcd1	Genion	PASS:GF	pPASS	ENSBTAG00000046668	ENSBTAG00000019612	10	10	-	-	26412911	26392497	54	60	60	22	1183	14	36	90	1298	False	True	observed exon-aligned boundaries; not exon-repaired; not conserved
bos_taurus	ARS-UCD2.0	SRR31429688	SRR31429688.1058526	4439d492-00ed-4169-aba1-b0bd67226bbe	Genion	PASS:GF	pPASS	ENSBTAG00000046668	ENSBTAG00000019612	10	10	-	-	26412911	26392497	59	60	60	40	1185	0	40	99	1303	False	True	observed exon-aligned boundaries; not exon-repaired; not conserved
bos_taurus	ARS-UCD2.0	SRR31429688	SRR31429688.1058736	dc75f186-1016-4acd-90a3-86c149a1a729	Genion	PASS:GF	pPASS	ENSBTAG00000046668	ENSBTAG00000019612	10	10	-	-	26412911	26392497	60	60	60	38	1193	0	38	98	1323	False	True	observed exon-aligned boundaries; not exon-repaired; not conserved
bos_taurus	ARS-UCD2.0	SRR31429688	SRR31429688.1058805	3c3a080c-b5d7-4e88-9317-16fb761f3dcc	Genion	PASS:GF	pPASS	ENSBTAG00000046668	ENSBTAG00000019612	10	10	-	-	26412912	26392497	55	60	60	37	1061	1	40	95	1250	False	True	observed exon-aligned boundaries; not exon-repaired; not conserved
bos_taurus	ARS-UCD2.0	SRR31429688	SRR31429688.1058810	c3e3515c-fa8c-422e-a11e-e806af1800e9	Genion	PASS:GF	pPASS	ENSBTAG00000046668	ENSBTAG00000019612	10	10	-	-	26412911	26392497	62	60	60	44	1192	0	46	108	1327	False	True	observed exon-aligned boundaries; not exon-repaired; not conserved
bos_taurus	ARS-UCD2.0	SRR31429688	SRR31429688.1061897	4e5b8823-c92e-4d3b-878b-58baad9f1fc5	Genion	PASS:GF	pPASS	ENSBTAG00000046668	ENSBTAG00000019612	10	10	-	-	26412911	26392497	59	60	60	37	1198	3	40	99	1323	False	True	observed exon-aligned boundaries; not exon-repaired; not conserved
bos_taurus	ARS-UCD2.0	SRR31429688	SRR31429688.1062498	b791f0c8-cf1d-4e92-a704-6a94ccd5e270	Genion	PASS:GF	pPASS	ENSBTAG00000046668	ENSBTAG00000019612	10	10	-	-	26412911	26392497	57	60	60	38	1193	1	39	96	1306	False	True	observed exon-aligned boundaries; not exon-repaired; not conserved
bos_taurus	ARS-UCD2.0	SRR31429688	SRR31429688.1067116	93cabc16-ef35-41e6-ad30-dd8767436b6e	Genion	PASS:GF	pPASS	ENSBTAG00000046668	ENSBTAG00000019612	10	10	-	-	26412911	26392497	58	60	60	69	1168	0	71	129	1324	False	True	observed exon-aligned boundaries; not exon-repaired; not conserved
bos_taurus	ARS-UCD2.0	SRR31429688	SRR31429688.1068618	9d554b08-8225-4d3a-a9a7-a6cb8603f293	Genion	PASS:GF	pPASS	ENSBTAG00000046668	ENSBTAG00000019612	10	10	-	-	26412911	26392497	64	60	60	42	1204	0	42	106	1340	False	True	observed exon-aligned boundaries; not exon-repaired; not conserved
bos_taurus	ARS-UCD2.0	SRR31429688	SRR31429688.1071459	182dca43-2771-4506-93f7-5d00dcfab045	Genion	PASS:GF	pPASS	ENSBTAG00000046668	ENSBTAG00000019612	10	10	-	-	26412911	26392497	56	60	60	39	1218	1	40	96	1333	False	True	observed exon-aligned boundaries; not exon-repaired; not conserved
bos_taurus	ARS-UCD2.0	SRR31429688	SRR31429688.1073517	d07e4374-0b20-4aab-9e47-b828be891b0c	Genion	PASS:GF	pPASS	ENSBTAG00000046668	ENSBTAG00000019612	10	10	-	-	26412911	26392497	58	60	60	37	1202	3	40	98	1324	False	True	observed exon-aligned boundaries; not exon-repaired; not conserved
bos_taurus	ARS-UCD2.0	SRR31429688	SRR31429688.1073860	8c69fbf0-6609-496d-8797-1d8ef50ec031	Genion	PASS:GF	pPASS	ENSBTAG00000046668	ENSBTAG00000019612	10	10	-	-	26412911	26392497	60	60	60	38	1205	0	39	99	1329	False	True	observed exon-aligned boundaries; not exon-repaired; not conserved
bos_taurus	ARS-UCD2.0	SRR31429688	SRR31429688.1074240	588e2827-afcb-4d87-a352-fe1af547d16d	Genion	PASS:GF	pPASS	ENSBTAG00000046668	ENSBTAG00000019612	10	10	-	-	26412911	26392497	56	60	60	39	1184	0	39	95	1305	False	True	observed exon-aligned boundaries; not exon-repaired; not conserved
bos_taurus	ARS-UCD2.0	SRR31429688	SRR31429688.1075092	8c14e5a7-3d94-4e1f-baa9-926448216387	Genion	PASS:GF	pPASS	ENSBTAG00000046668	ENSBTAG00000019612	10	10	-	-	26412911	26392497	59	60	60	40	1206	0	41	100	1334	False	True	observed exon-aligned boundaries; not exon-repaired; not conserved
bos_taurus	ARS-UCD2.0	SRR31429688	SRR31429688.1077158	394f66b3-fe03-499b-9e52-28d906fa07fa	Genion	PASS:GF	pPASS	ENSBTAG00000046668	ENSBTAG00000019612	10	10	-	-	26412911	26392497	56	60	60	37	1200	4	41	97	1345	False	True	observed exon-aligned boundaries; not exon-repaired; not conserved
bos_taurus	ARS-UCD2.0	SRR31429688	SRR31429688.1077420	c2ae7d61-f4e0-45b1-a5cb-2ce1c514ac38	Genion	PASS:GF	pPASS	ENSBTAG00000046668	ENSBTAG00000019612	10	10	-	-	26412911	26392497	62	60	60	49	1182	9	60	122	1318	False	True	observed exon-aligned boundaries; not exon-repaired; not conserved
bos_taurus	ARS-UCD2.0	SRR31429688	SRR31429688.1078822	ad175c46-8715-4e75-ba5a-98e502106141	Genion	PASS:GF	pPASS	ENSBTAG00000046668	ENSBTAG00000019612	10	10	-	-	26412911	26392497	59	60	60	34	1153	8	42	101	1289	False	True	observed exon-aligned boundaries; not exon-repaired; not conserved
bos_taurus	ARS-UCD2.0	SRR31429688	SRR31429688.1079502	6256eb4d-1e7d-4257-80bf-38838eb9a6a3	Genion	PASS:GF	pPASS	ENSBTAG00000046668	ENSBTAG00000019612	10	10	-	-	26412911	26392497	59	60	60	68	1207	4	72	131	1361	False	True	observed exon-aligned boundaries; not exon-repaired; not conserved
bos_taurus	ARS-UCD2.0	SRR31429688	SRR31429688.1080553	67e62c13-256b-4dd9-a953-a1f3fdbcc179	Genion	PASS:GF	pPASS	ENSBTAG00000046668	ENSBTAG00000019612	10	10	-	-	26412911	26392497	56	60	60	40	1209	0	41	97	1357	False	True	observed exon-aligned boundaries; not exon-repaired; not conserved
bos_taurus	ARS-UCD2.0	SRR31429688	SRR31429688.1080876	fd37ae19-238f-47e4-9ff6-1a9b7d86648c	Genion	PASS:GF	pPASS	ENSBTAG00000046668	ENSBTAG00000019612	10	10	-	-	26412911	26392497	59	60	60	39	1202	4	45	104	1353	False	True	observed exon-aligned boundaries; not exon-repaired; not conserved
bos_taurus	ARS-UCD2.0	SRR31429688	SRR31429688.1086756	3109a1cd-d8c2-4165-8fd8-5e4670e3a82b	Genion	PASS:GF	pPASS	ENSBTAG00000046668	ENSBTAG00000019612	10	10	-	-	26412911	26392497	60	60	60	38	1222	5	43	103	1354	False	True	observed exon-aligned boundaries; not exon-repaired; not conserved
bos_taurus	ARS-UCD2.0	SRR31429688	SRR31429688.1087014	878f724c-912a-4d21-8f3a-0023a909d653	Genion	PASS:GF	pPASS	ENSBTAG00000046668	ENSBTAG00000019612	10	10	-	-	26412911	26392497	60	60	60	38	1184	2	40	100	1310	False	True	observed exon-aligned boundaries; not exon-repaired; not conserved
bos_taurus	ARS-UCD2.0	SRR31429688	SRR31429688.1087782	d57881f7-ed3f-43f9-9cdc-6c00c1c89ad1	Genion	PASS:GF	pPASS	ENSBTAG00000046668	ENSBTAG00000019612	10	10	-	-	26412911	26392497	54	60	60	42	1209	0	42	96	1338	False	True	observed exon-aligned boundaries; not exon-repaired; not conserved
bos_taurus	ARS-UCD2.0	SRR31429688	SRR31429688.1090103	a64bd6c5-dc22-48c5-b13d-8d8688212dce	Genion	PASS:GF	pPASS	ENSBTAG00000046668	ENSBTAG00000019612	10	10	-	-	26412911	26392497	55	60	60	30	1182	4	34	89	1314	False	True	observed exon-aligned boundaries; not exon-repaired; not conserved
bos_taurus	ARS-UCD2.0	SRR31429688	SRR31429688.1092765	8b8a9865-5fb2-46ee-9521-13035522a62e	Genion	PASS:GF	pPASS	ENSBTAG00000046668	ENSBTAG00000019612	10	10	-	-	26412911	26392497	61	60	60	42	1201	0	42	103	1330	False	True	observed exon-aligned boundaries; not exon-repaired; not conserved
bos_taurus	ARS-UCD2.0	SRR31429688	SRR31429688.1097458	5735d1bc-729f-4b67-a183-86c93f54c9ca	Genion	PASS:GF	pPASS	ENSBTAG00000046668	ENSBTAG00000019612	10	10	-	-	26412911	26392497	62	60	60	69	1179	0	70	132	1332	False	True	observed exon-aligned boundaries; not exon-repaired; not conserved
bos_taurus	ARS-UCD2.0	SRR31429688	SRR31429688.1097611	9bcb0131-b1d2-40a3-b7ba-616ce7e627cd	Genion	PASS:GF	pPASS	ENSBTAG00000046668	ENSBTAG00000019612	10	10	-	-	26412911	26392497	63	60	60	42	1209	0	42	105	1336	False	True	observed exon-aligned boundaries; not exon-repaired; not conserved
bos_taurus	ARS-UCD2.0	SRR31429688	SRR31429688.1100008	c6307e86-2db7-4ca1-99f1-9cc13573f1f0	Genion	PASS:GF	pPASS	ENSBTAG00000046668	ENSBTAG00000019612	10	10	-	-	26412911	26392497	50	60	60	38	1158	2	40	90	1272	False	True	observed exon-aligned boundaries; not exon-repaired; not conserved
bos_taurus	ARS-UCD2.0	SRR31429688	SRR31429688.1100170	dd6f8f74-b957-4779-96ee-40963d372c8a	Genion	PASS:GF	pPASS	ENSBTAG00000046668	ENSBTAG00000019612	10	10	-	-	26412911	26392497	61	60	60	39	1185	0	39	100	1323	False	True	observed exon-aligned boundaries; not exon-repaired; not conserved
bos_taurus	ARS-UCD2.0	SRR31429688	SRR31429688.1102345	38da0283-5a2e-4a00-961b-cb0a21312b38	Genion	PASS:GF	pPASS	ENSBTAG00000046668	ENSBTAG00000019612	10	10	-	-	26412911	26392496	63	60	60	64	1179	5	69	132	1330	False	True	observed exon-aligned boundaries; not exon-repaired; not conserved
bos_taurus	ARS-UCD2.0	SRR31429688	SRR31429688.1106318	731cfc86-03ad-4989-ba87-7cc1bb8b01fc	Genion	PASS:GF	pPASS	ENSBTAG00000046668	ENSBTAG00000019612	10	10	-	-	26412911	26392497	59	60	60	41	1190	2	43	102	1317	False	True	observed exon-aligned boundaries; not exon-repaired; not conserved
bos_taurus	ARS-UCD2.0	SRR31429688	SRR31429688.1108225	ec3fb9a6-839e-4d88-88d1-0a9974538c6f	Genion	PASS:GF	pPASS	ENSBTAG00000046668	ENSBTAG00000019612	10	10	-	-	26412911	26392497	61	60	60	32	1192	1	33	94	1302	False	True	observed exon-aligned boundaries; not exon-repaired; not conserved
bos_taurus	ARS-UCD2.0	SRR31429688	SRR31429688.1113946	a6a96ff7-da98-497d-b751-62183bbccd97	Genion	PASS:GF	pPASS	ENSBTAG00000046668	ENSBTAG00000019612	10	10	-	-	26412911	26392497	62	60	60	55	1165	15	70	132	1337	False	True	observed exon-aligned boundaries; not exon-repaired; not conserved
bos_taurus	ARS-UCD2.0	SRR31429688	SRR31429688.1121815	912098aa-5457-4674-a9d9-37722b2ec9c9	Genion	PASS:GF	pPASS	ENSBTAG00000046668	ENSBTAG00000019612	10	10	-	-	26412911	26392497	60	60	60	72	1210	1	73	133	1385	False	True	observed exon-aligned boundaries; not exon-repaired; not conserved
bos_taurus	ARS-UCD2.0	SRR31429688	SRR31429688.1122894	bfca430b-4fd4-4ec1-b4a1-415ac7bb6bce	Genion	PASS:GF	pPASS	ENSBTAG00000046668	ENSBTAG00000019612	10	10	-	-	26412911	26392497	56	60	60	41	1182	0	42	98	1293	False	True	observed exon-aligned boundaries; not exon-repaired; not conserved
bos_taurus	ARS-UCD2.0	SRR31429688	SRR31429688.1123306	6d707593-3916-4bfe-9276-50fe2a03fb01	Genion	PASS:GF	pPASS	ENSBTAG00000046668	ENSBTAG00000019612	10	10	-	-	26412911	26392497	63	60	60	42	1201	0	43	106	1331	False	True	observed exon-aligned boundaries; not exon-repaired; not conserved
bos_taurus	ARS-UCD2.0	SRR31429688	SRR31429688.1124193	4acc09ac-4851-47fa-973c-160cc5b0c164	Genion	PASS:GF	pPASS	ENSBTAG00000046668	ENSBTAG00000019612	10	10	-	-	26412911	26392497	58	60	60	70	1190	0	70	128	1339	False	True	observed exon-aligned boundaries; not exon-repaired; not conserved
bos_taurus	ARS-UCD2.0	SRR31429688	SRR31429688.1124243	32d8259d-662c-4f8f-93f6-e5450fa7fc76	Genion	PASS:GF	pPASS	ENSBTAG00000046668	ENSBTAG00000019612	10	10	-	-	26412911	26392497	53	60	60	36	1109	3	39	92	1283	False	True	observed exon-aligned boundaries; not exon-repaired; not conserved
bos_taurus	ARS-UCD2.0	SRR31429688	SRR31429688.1127421	7991e46e-a529-4757-938a-6de63daa6541	Genion	PASS:GF	pPASS	ENSBTAG00000046668	ENSBTAG00000019612	10	10	-	-	26412911	26392497	59	60	60	88	1171	0	90	149	1341	False	True	observed exon-aligned boundaries; not exon-repaired; not conserved
bos_taurus	ARS-UCD2.0	SRR31429688	SRR31429688.1132100	7453bb73-7027-472c-acb5-e034fcaab278	Genion	PASS:GF	pPASS	ENSBTAG00000046668	ENSBTAG00000019612	10	10	-	-	26412911	26392497	57	60	60	27	1179	16	43	100	1316	False	True	observed exon-aligned boundaries; not exon-repaired; not conserved
bos_taurus	ARS-UCD2.0	SRR31429688	SRR31429688.1132384	816d862d-1727-42e0-a1de-1ca06100cd23	Genion	PASS:GF	pPASS	ENSBTAG00000046668	ENSBTAG00000019612	10	10	-	-	26412911	26392497	58	60	60	39	1181	2	42	100	1320	False	True	observed exon-aligned boundaries; not exon-repaired; not conserved
bos_taurus	ARS-UCD2.0	SRR31429688	SRR31429688.1136683	6b11080c-f0f0-48e9-a079-e45f287dbe56	Genion	PASS:GF	pPASS	ENSBTAG00000046668	ENSBTAG00000019612	10	10	-	-	26412911	26392497	56	60	60	38	1187	1	40	96	1304	False	True	observed exon-aligned boundaries; not exon-repaired; not conserved
bos_taurus	ARS-UCD2.0	SRR31429688	SRR31429688.1136902	15bf3f38-9c5d-442d-8f50-a5ea071473ef	Genion	PASS:GF	pPASS	ENSBTAG00000046668	ENSBTAG00000019612	10	10	-	-	26412911	26392497	59	60	60	55	1211	18	73	132	1373	False	True	observed exon-aligned boundaries; not exon-repaired; not conserved
bos_taurus	ARS-UCD2.0	SRR31429688	SRR31429688.1147798	0349cc58-97c5-4a73-94b9-4f850dab7f59	Genion	PASS:GF	pPASS	ENSBTAG00000046668	ENSBTAG00000019612	10	10	-	-	26412911	26392497	55	60	60	38	1170	5	45	100	1299	False	True	observed exon-aligned boundaries; not exon-repaired; not conserved
bos_taurus	ARS-UCD2.0	SRR31429688	SRR31429688.1148535	5d5855d0-1cfa-4bcb-8872-df24374e4809	Genion	PASS:GF	pPASS	ENSBTAG00000046668	ENSBTAG00000019612	10	10	-	-	26412911	26392497	58	60	60	37	1181	6	43	101	1321	False	True	observed exon-aligned boundaries; not exon-repaired; not conserved
bos_taurus	ARS-UCD2.0	SRR31429688	SRR31429688.1152640	2103abd9-37ce-4d7a-8af3-1b2ffa3cecb3	Genion	PASS:GF	pPASS	ENSBTAG00000046668	ENSBTAG00000019612	10	10	-	-	26412911	26392497	63	60	60	38	1203	3	41	104	1345	False	True	observed exon-aligned boundaries; not exon-repaired; not conserved
bos_taurus	ARS-UCD2.0	SRR31429688	SRR31429688.1154682	295b7a0c-acae-4c79-8d10-f638f31e611c	Genion	PASS:GF	pPASS	ENSBTAG00000046668	ENSBTAG00000019612	10	10	-	-	26412911	26392497	54	60	60	53	1192	3	56	110	1335	False	True	observed exon-aligned boundaries; not exon-repaired; not conserved
bos_taurus	ARS-UCD2.0	SRR31429688	SRR31429688.1157349	d1018279-8506-40e5-9021-019a01664370	Genion	PASS:GF	pPASS	ENSBTAG00000046668	ENSBTAG00000019612	10	10	-	-	26412911	26392497	61	60	60	36	1134	0	36	97	1248	False	True	observed exon-aligned boundaries; not exon-repaired; not conserved
bos_taurus	ARS-UCD2.0	SRR31429688	SRR31429688.1160117	ef9c8ce2-6683-45cd-a500-c8abbac98733	Genion	PASS:GF	pPASS	ENSBTAG00000046668	ENSBTAG00000019612	10	10	-	-	26412911	26392497	61	60	60	42	1230	0	42	103	1373	False	True	observed exon-aligned boundaries; not exon-repaired; not conserved
bos_taurus	ARS-UCD2.0	SRR31429688	SRR31429688.1162049	62552cb3-01fd-4b51-87e4-fea979e035cb	Genion	PASS:GF	pPASS	ENSBTAG00000046668	ENSBTAG00000019612	10	10	-	-	26412911	26392497	61	60	60	37	1205	3	41	102	1325	False	True	observed exon-aligned boundaries; not exon-repaired; not conserved
bos_taurus	ARS-UCD2.0	SRR31429688	SRR31429688.1164761	35213e05-0ac2-4190-a915-35aff54f44ff	Genion	PASS:GF	pPASS	ENSBTAG00000046668	ENSBTAG00000019612	10	10	-	-	26412911	26392497	56	60	60	31	1184	8	39	95	1311	False	True	observed exon-aligned boundaries; not exon-repaired; not conserved
bos_taurus	ARS-UCD2.0	SRR31429688	SRR31429688.1165000	395e1c1b-bc19-4071-a36b-eaeca2fc0989	Genion	PASS:GF	pPASS	ENSBTAG00000046668	ENSBTAG00000019612	10	10	-	-	26412911	26392497	60	60	60	40	1175	1	41	101	1294	False	True	observed exon-aligned boundaries; not exon-repaired; not conserved
bos_taurus	ARS-UCD2.0	SRR31429688	SRR31429688.1165087	bec02e5b-ba4b-47ef-8e51-2819db8b18d2	Genion	PASS:GF	pPASS	ENSBTAG00000046668	ENSBTAG00000019612	10	10	-	-	26412911	26392497	60	60	60	38	1169	4	42	102	1287	False	True	observed exon-aligned boundaries; not exon-repaired; not conserved
bos_taurus	ARS-UCD2.0	SRR31429688	SRR31429688.1166473	25261154-30ae-43fc-a30c-8e1d35d17e06	Genion	PASS:GF	pPASS	ENSBTAG00000046668	ENSBTAG00000019612	10	10	-	-	26412911	26392497	60	60	60	41	1173	0	41	101	1301	False	True	observed exon-aligned boundaries; not exon-repaired; not conserved
bos_taurus	ARS-UCD2.0	SRR31429688	SRR31429688.1166833	6fe9584a-882f-44c4-a3ef-f1d2e7d621ed	Genion	PASS:GF	pPASS	ENSBTAG00000046668	ENSBTAG00000019612	10	10	-	-	26412911	26392497	60	60	60	37	1183	3	40	100	1310	False	True	observed exon-aligned boundaries; not exon-repaired; not conserved
bos_taurus	ARS-UCD2.0	SRR31429688	SRR31429688.1169511	dc438f0a-17c0-4c14-91c6-e8d8d40576e6	Genion	PASS:GF	pPASS	ENSBTAG00000046668	ENSBTAG00000019612	10	10	-	-	26412911	26392497	61	60	60	42	1097	0	42	103	1221	False	True	observed exon-aligned boundaries; not exon-repaired; not conserved
bos_taurus	ARS-UCD2.0	SRR31429688	SRR31429688.1170012	cc4323e9-d6c2-498d-91a1-b182c06f231e	Genion	PASS:GF	pPASS	ENSBTAG00000046668	ENSBTAG00000019612	10	10	-	-	26412911	26392497	62	60	60	35	1194	3	38	100	1337	False	True	observed exon-aligned boundaries; not exon-repaired; not conserved
bos_taurus	ARS-UCD2.0	SRR31429688	SRR31429688.1171697	ab05111f-6436-4663-8a30-ea65af79b061	Genion	PASS:GF	pPASS	ENSBTAG00000046668	ENSBTAG00000019612	10	10	-	-	26412911	26392497	60	60	60	39	1178	2	41	101	1333	False	True	observed exon-aligned boundaries; not exon-repaired; not conserved
bos_taurus	ARS-UCD2.0	SRR31429688	SRR31429688.1172465	3890b543-63c9-4325-9064-5fd4ad0ba464	Genion	PASS:GF	pPASS	ENSBTAG00000046668	ENSBTAG00000019612	10	10	-	-	26412911	26392497	59	60	60	40	1205	0	40	99	1335	False	True	observed exon-aligned boundaries; not exon-repaired; not conserved
bos_taurus	ARS-UCD2.0	SRR31429688	SRR31429688.1172585	737913df-cacc-4aef-b7e6-e15ea25e815d	Genion	PASS:GF	pPASS	ENSBTAG00000046668	ENSBTAG00000019612	10	10	-	-	26412911	26392497	62	60	60	40	1168	4	44	106	1312	False	True	observed exon-aligned boundaries; not exon-repaired; not conserved
bos_taurus	ARS-UCD2.0	SRR31429688	SRR31429688.1175033	fe5e62fc-6ff8-45cd-b4f3-8a63e7086da9	Genion	PASS:GF	pPASS	ENSBTAG00000046668	ENSBTAG00000019612	10	10	-	-	26404528	26392497	0	60	60	221	1203	0	284	284	1512	True	True	observed exon-aligned boundaries; not exon-repaired; not conserved
bos_taurus	ARS-UCD2.0	SRR31429688	SRR31429688.1175737	14c2614a-7910-47cf-822f-1a6d2f7ae387	Genion	PASS:GF	pPASS	ENSBTAG00000046668	ENSBTAG00000019612	10	10	-	-	26412911	26392497	58	60	60	29	1171	9	38	96	1295	False	True	observed exon-aligned boundaries; not exon-repaired; not conserved
bos_taurus	ARS-UCD2.0	SRR31429688	SRR31429688.1176019	7938cbde-fae2-460c-8315-4fec801ceb32	Genion	PASS:GF	pPASS	ENSBTAG00000046668	ENSBTAG00000019612	10	10	-	-	26412911	26392497	56	60	60	101	1188	0	105	161	1370	True	True	observed exon-aligned boundaries; not exon-repaired; not conserved
bos_taurus	ARS-UCD2.0	SRR31429688	SRR31429688.1180425	447653ac-3e3e-4fbe-a744-1a07ff6d00da	Genion	PASS:GF	pPASS	ENSBTAG00000046668	ENSBTAG00000019612	10	10	-	-	26412911	26392497	65	60	60	37	1203	5	42	107	1360	False	True	observed exon-aligned boundaries; not exon-repaired; not conserved
bos_taurus	ARS-UCD2.0	SRR31429688	SRR31429688.1180922	93766f43-ece4-40ca-93cd-82205f8bc264	Genion	PASS:GF	pPASS	ENSBTAG00000046668	ENSBTAG00000019612	10	10	-	-	26412911	26392497	57	60	60	43	1204	0	44	101	1342	False	True	observed exon-aligned boundaries; not exon-repaired; not conserved
bos_taurus	ARS-UCD2.0	SRR31429688	SRR31429688.1182363	225daf0c-e92a-4b26-8ab9-3a470e1aca00	Genion	PASS:GF	pPASS	ENSBTAG00000046668	ENSBTAG00000019612	10	10	-	-	26412911	26392497	56	60	60	39	1161	0	39	95	1300	False	True	observed exon-aligned boundaries; not exon-repaired; not conserved
bos_taurus	ARS-UCD2.0	SRR31429688	SRR31429688.1183445	cf3df8e6-1a1b-4a4b-8eaa-3e90b57004fb	Genion	PASS:GF	pPASS	ENSBTAG00000046668	ENSBTAG00000019612	10	10	-	-	26412911	26392497	61	60	60	37	1157	3	42	103	1281	False	True	observed exon-aligned boundaries; not exon-repaired; not conserved
bos_taurus	ARS-UCD2.0	SRR31429688	SRR31429688.1185605	10037c11-9f42-4960-8b68-793864cb0b2a	Genion	PASS:GF	pPASS	ENSBTAG00000046668	ENSBTAG00000019612	10	10	-	-	26412911	26392497	56	60	60	24	1190	14	38	94	1308	False	True	observed exon-aligned boundaries; not exon-repaired; not conserved
bos_taurus	ARS-UCD2.0	SRR31429688	SRR31429688.1187822	5460bef7-55cf-4489-b85b-c8f2d7ee8742	Genion	PASS:GF	pPASS	ENSBTAG00000046668	ENSBTAG00000019612	10	10	-	-	26412911	26392497	58	60	60	42	1204	0	42	100	1315	False	True	observed exon-aligned boundaries; not exon-repaired; not conserved
bos_taurus	ARS-UCD2.0	SRR31429688	SRR31429688.1199647	cede68cd-441c-453c-ade1-dfee3179382c	Genion	PASS:GF	pPASS	ENSBTAG00000046668	ENSBTAG00000019612	10	10	-	-	26412911	26392497	63	60	60	38	1187	2	44	107	1335	False	True	observed exon-aligned boundaries; not exon-repaired; not conserved
bos_taurus	ARS-UCD2.0	SRR31429688	SRR31429688.1200913	7c263b2e-28ac-4ca3-ae38-26a466ed16f8	Genion	PASS:GF	pPASS	ENSBTAG00000046668	ENSBTAG00000019612	10	10	-	-	26412911	26392496	48	60	60	34	1174	2	36	84	1277	False	True	observed exon-aligned boundaries; not exon-repaired; not conserved
bos_taurus	ARS-UCD2.0	SRR31429688	SRR31429688.1201155	ee6a13ee-acf0-45b9-8176-21093f8bf5d9	Genion	PASS:GF	pPASS	ENSBTAG00000046668	ENSBTAG00000019612	10	10	-	-	26412911	26392497	58	60	60	43	1178	0	43	101	1302	False	True	observed exon-aligned boundaries; not exon-repaired; not conserved
bos_taurus	ARS-UCD2.0	SRR31429688	SRR31429688.1201305	8bcd5f1b-90a6-4d7d-a668-98cd7bf062ba	Genion	PASS:GF	pPASS	ENSBTAG00000046668	ENSBTAG00000019612	10	10	-	-	26412911	26392497	61	60	60	41	1198	1	43	104	1332	False	True	observed exon-aligned boundaries; not exon-repaired; not conserved
bos_taurus	ARS-UCD2.0	SRR31429688	SRR31429688.1202522	09ba3c63-6418-466a-b638-be3057aa0688	Genion	PASS:GF	pPASS	ENSBTAG00000046668	ENSBTAG00000019612	10	10	-	-	26412911	26392497	59	60	60	41	1202	0	41	100	1327	False	True	observed exon-aligned boundaries; not exon-repaired; not conserved
bos_taurus	ARS-UCD2.0	SRR31429688	SRR31429688.1203429	270abba1-18b3-4fa7-8574-89dcf15188cd	Genion	PASS:GF	pPASS	ENSBTAG00000046668	ENSBTAG00000019612	10	10	-	-	26412911	26392497	60	60	60	41	1194	2	44	104	1334	False	True	observed exon-aligned boundaries; not exon-repaired; not conserved
bos_taurus	ARS-UCD2.0	SRR31429688	SRR31429688.1209479	ba4925b8-3e0a-4043-9200-b6cff55c8303	Genion	PASS:GF	pPASS	ENSBTAG00000046668	ENSBTAG00000019612	10	10	-	-	26412911	26392497	60	60	60	35	1205	3	38	98	1323	False	True	observed exon-aligned boundaries; not exon-repaired; not conserved
bos_taurus	ARS-UCD2.0	SRR31429688	SRR31429688.1213749	98bac7fe-6f7c-4721-bd52-a01d1d94df3c	Genion	PASS:GF	pPASS	ENSBTAG00000046668	ENSBTAG00000019612	10	10	-	-	26412911	26392497	60	60	60	41	1187	0	41	101	1314	False	True	observed exon-aligned boundaries; not exon-repaired; not conserved
bos_taurus	ARS-UCD2.0	SRR31429688	SRR31429688.1214301	00957057-dce8-451f-bc39-5d11e69e4d92	Genion	PASS:GF	pPASS	ENSBTAG00000046668	ENSBTAG00000019612	10	10	-	-	26412911	26392497	52	60	60	37	1205	1	39	91	1321	False	True	observed exon-aligned boundaries; not exon-repaired; not conserved
bos_taurus	ARS-UCD2.0	SRR31429688	SRR31429688.1214867	7530bfc1-8696-468f-90cf-9e93f6e98be4	Genion	PASS:GF	pPASS	ENSBTAG00000046668	ENSBTAG00000019612	10	10	-	-	26412911	26392497	56	60	60	37	1185	3	40	96	1301	False	True	observed exon-aligned boundaries; not exon-repaired; not conserved
bos_taurus	ARS-UCD2.0	SRR31429688	SRR31429688.1215384	c8826883-9958-48df-8dc7-bd9a0d8e6e73	Genion	PASS:GF	pPASS	ENSBTAG00000046668	ENSBTAG00000019612	10	10	-	-	26412914	26392497	58	60	60	34	1198	5	39	97	1330	False	True	observed exon-aligned boundaries; not exon-repaired; not conserved
bos_taurus	ARS-UCD2.0	SRR31429688	SRR31429688.1216416	429984f0-0b29-450c-8290-555a728d9650	Genion	PASS:GF	pPASS	ENSBTAG00000046668	ENSBTAG00000019612	10	10	-	-	26412911	26392497	59	60	60	37	1187	3	40	99	1300	False	True	observed exon-aligned boundaries; not exon-repaired; not conserved
bos_taurus	ARS-UCD2.0	SRR31429688	SRR31429688.1218020	5453b867-af8e-4616-a486-46334622c846	Genion	PASS:GF	pPASS	ENSBTAG00000046668	ENSBTAG00000019612	10	10	-	-	26412911	26392497	61	60	60	39	1124	1	41	102	1256	False	True	observed exon-aligned boundaries; not exon-repaired; not conserved
bos_taurus	ARS-UCD2.0	SRR31429688	SRR31429688.1218419	f37e6faa-ee4e-4dc6-b3f7-d37bb7ef5899	Genion	PASS:GF	pPASS	ENSBTAG00000046668	ENSBTAG00000019612	10	10	-	-	26412911	26392497	56	60	60	39	1191	2	41	97	1322	False	True	observed exon-aligned boundaries; not exon-repaired; not conserved
bos_taurus	ARS-UCD2.0	SRR31429688	SRR31429688.1222265	dcc8bf6f-d93b-470f-badb-590a698aab74	Genion	PASS:GF	pPASS	ENSBTAG00000046668	ENSBTAG00000019612	10	10	-	-	26412911	26392497	58	60	60	32	1176	7	42	100	1299	False	True	observed exon-aligned boundaries; not exon-repaired; not conserved
bos_taurus	ARS-UCD2.0	SRR31429688	SRR31429688.1223287	9a3b1720-896a-4ec3-b81f-e1d3dc618808	Genion	PASS:GF	pPASS	ENSBTAG00000046668	ENSBTAG00000019612	10	10	-	-	26412911	26392497	56	60	60	71	1178	1	75	131	1338	False	True	observed exon-aligned boundaries; not exon-repaired; not conserved
bos_taurus	ARS-UCD2.0	SRR31429688	SRR31429688.1225824	ff07062d-fed4-44ec-9e41-fb3ec8fe6b47	Genion	PASS:GF	pPASS	ENSBTAG00000046668	ENSBTAG00000019612	10	10	-	-	26412911	26392497	61	60	60	39	1208	0	39	100	1324	False	True	observed exon-aligned boundaries; not exon-repaired; not conserved
bos_taurus	ARS-UCD2.0	SRR31429688	SRR31429688.1226986	f8078574-350e-44a6-97bd-9b2a24d2ca6a	Genion	PASS:GF	pPASS	ENSBTAG00000046668	ENSBTAG00000019612	10	10	-	-	26412911	26392497	57	60	60	38	661	3	41	98	794	False	True	observed exon-aligned boundaries; not exon-repaired; not conserved
bos_taurus	ARS-UCD2.0	SRR31429688	SRR31429688.1230878	6872a144-1689-4401-9ec6-e12ff5006ee0	Genion	PASS:GF	pPASS	ENSBTAG00000046668	ENSBTAG00000019612	10	10	-	-	26412911	26392497	60	60	60	41	1196	0	41	101	1322	False	True	observed exon-aligned boundaries; not exon-repaired; not conserved
bos_taurus	ARS-UCD2.0	SRR31429688	SRR31429688.1231362	a81dad99-c165-4c85-b637-80721eaab4cd	Genion	PASS:GF	pPASS	ENSBTAG00000046668	ENSBTAG00000019612	10	10	-	-	26412911	26392497	60	60	60	38	1195	2	40	100	1312	False	True	observed exon-aligned boundaries; not exon-repaired; not conserved
bos_taurus	ARS-UCD2.0	SRR31429688	SRR31429688.1232473	67d01ed2-5979-4a35-92d0-307a4b6ba286	Genion	PASS:GF	pPASS	ENSBTAG00000046668	ENSBTAG00000019612	10	10	-	-	26412911	26392497	56	60	60	37	1130	5	42	98	1262	False	True	observed exon-aligned boundaries; not exon-repaired; not conserved
bos_taurus	ARS-UCD2.0	SRR31429688	SRR31429688.1232548	9abc2883-afd9-4861-b603-651c3615a779	Genion	PASS:GF	pPASS	ENSBTAG00000046668	ENSBTAG00000019612	10	10	-	-	26412911	26392497	62	60	60	39	1203	2	41	103	1354	False	True	observed exon-aligned boundaries; not exon-repaired; not conserved
bos_taurus	ARS-UCD2.0	SRR31429688	SRR31429688.1233380	5ee35cb6-771c-4291-ba24-92f2eb59ee93	Genion	PASS:GF	pPASS	ENSBTAG00000046668	ENSBTAG00000019612	10	10	-	-	26412911	26392497	57	60	60	36	1192	3	39	96	1322	False	True	observed exon-aligned boundaries; not exon-repaired; not conserved
bos_taurus	ARS-UCD2.0	SRR31429688	SRR31429688.1235066	d9c11c76-087a-45ad-aa3e-ff7fffa2bfc2	Genion	PASS:GF	pPASS	ENSBTAG00000046668	ENSBTAG00000019612	10	10	-	-	26412911	26392497	61	60	60	38	1204	3	41	102	1321	False	True	observed exon-aligned boundaries; not exon-repaired; not conserved
bos_taurus	ARS-UCD2.0	SRR31429688	SRR31429688.1244636	9033b782-8af8-4cfe-888f-89da615cba02	Genion	PASS:GF	pPASS	ENSBTAG00000046668	ENSBTAG00000019612	10	10	-	-	26412911	26392497	60	60	60	42	1198	0	42	102	1314	False	True	observed exon-aligned boundaries; not exon-repaired; not conserved
bos_taurus	ARS-UCD2.0	SRR31429688	SRR31429688.1251675	8768fb9d-b4d0-4036-9e85-04bc48482798	Genion	PASS:GF	pPASS	ENSBTAG00000046668	ENSBTAG00000019612	10	10	-	-	26412911	26392497	58	60	60	38	1197	3	41	99	1332	False	True	observed exon-aligned boundaries; not exon-repaired; not conserved
bos_taurus	ARS-UCD2.0	SRR31429688	SRR31429688.1257506	5a33234c-f234-40ef-8084-133ce928b0ad	Genion	PASS:GF	pPASS	ENSBTAG00000046668	ENSBTAG00000019612	10	10	-	-	26412911	26392497	59	60	60	38	1183	3	41	100	1322	False	True	observed exon-aligned boundaries; not exon-repaired; not conserved
bos_taurus	ARS-UCD2.0	SRR31429688	SRR31429688.1257554	bff6e6b4-0071-4cf2-b8fa-4d0b26667fe2	Genion	PASS:GF	pPASS	ENSBTAG00000046668	ENSBTAG00000019612	10	10	-	-	26412911	26392497	53	60	60	28	1139	13	42	95	1257	False	True	observed exon-aligned boundaries; not exon-repaired; not conserved
bos_taurus	ARS-UCD2.0	SRR31429688	SRR31429688.1259787	8ab5e26f-b078-4d6b-a942-5ccbc00e5ab1	Genion	PASS:GF	pPASS	ENSBTAG00000046668	ENSBTAG00000019612	10	10	-	-	26412911	26392497	53	60	60	41	1185	0	41	94	1292	False	True	observed exon-aligned boundaries; not exon-repaired; not conserved
bos_taurus	ARS-UCD2.0	SRR31429688	SRR31429688.1261089	4173e80f-5de5-4ed9-9fdc-ced1b3c0bb09	Genion	PASS:GF	pPASS	ENSBTAG00000046668	ENSBTAG00000019612	10	10	-	-	26412911	26392497	57	60	60	38	1173	7	50	107	1321	False	True	observed exon-aligned boundaries; not exon-repaired; not conserved
bos_taurus	ARS-UCD2.0	SRR31429688	SRR31429688.1262516	6f2ddf69-d3fc-4279-9576-ef6ab73f7569	Genion	PASS:GF	pPASS	ENSBTAG00000046668	ENSBTAG00000019612	10	10	-	-	26412911	26392497	58	60	60	68	1197	3	73	131	1362	False	True	observed exon-aligned boundaries; not exon-repaired; not conserved
bos_taurus	ARS-UCD2.0	SRR31429688	SRR31429688.1265979	a4d77e3f-a1a8-4c91-bb9b-81f1c0b1a3bd	Genion	PASS:GF	pPASS	ENSBTAG00000046668	ENSBTAG00000019612	10	10	-	-	26412911	26392497	57	60	60	38	1176	3	41	98	1298	False	True	observed exon-aligned boundaries; not exon-repaired; not conserved
bos_taurus	ARS-UCD2.0	SRR31429688	SRR31429688.1266303	754e4489-8937-467e-8d9f-21c75982c37c	Genion	PASS:GF	pPASS	ENSBTAG00000046668	ENSBTAG00000019612	10	10	-	-	26412911	26392497	57	60	60	27	1208	4	31	88	1340	False	True	observed exon-aligned boundaries; not exon-repaired; not conserved
bos_taurus	ARS-UCD2.0	SRR31429688	SRR31429688.1272204	1ace885d-094b-48af-b976-7ab316716e06	Genion	PASS:GF	pPASS	ENSBTAG00000046668	ENSBTAG00000019612	10	10	-	-	26412911	26392497	59	60	60	36	1207	5	41	100	1350	False	True	observed exon-aligned boundaries; not exon-repaired; not conserved
bos_taurus	ARS-UCD2.0	SRR31429688	SRR31429688.1273579	5710d7ac-788e-44b1-9103-fac9e6ec4033	Genion	PASS:GF	pPASS	ENSBTAG00000046668	ENSBTAG00000019612	10	10	-	-	26412911	26392497	63	60	60	42	1172	1	44	107	1344	False	True	observed exon-aligned boundaries; not exon-repaired; not conserved
bos_taurus	ARS-UCD2.0	SRR31429688	SRR31429688.1275077	5c33fd30-93c1-4681-93d6-98878ff6d072	Genion	PASS:GF	pPASS	ENSBTAG00000046668	ENSBTAG00000019612	10	10	-	-	26412911	26392497	59	60	60	42	1173	0	43	102	1316	False	True	observed exon-aligned boundaries; not exon-repaired; not conserved
bos_taurus	ARS-UCD2.0	SRR31429688	SRR31429688.1281146	e1f9f227-9835-46a0-b735-ebe33788b80a	Genion	PASS:GF	pPASS	ENSBTAG00000046668	ENSBTAG00000019612	10	10	-	-	26412911	26392497	61	60	60	40	1209	3	43	104	1340	False	True	observed exon-aligned boundaries; not exon-repaired; not conserved
bos_taurus	ARS-UCD2.0	SRR31429688	SRR31429688.1282251	903f5301-91b2-4b8b-ad0d-1764591ec30d	Genion	PASS:GF	pPASS	ENSBTAG00000046668	ENSBTAG00000019612	10	10	-	-	26412911	26392497	59	60	60	39	1220	0	39	98	1357	False	True	observed exon-aligned boundaries; not exon-repaired; not conserved
bos_taurus	ARS-UCD2.0	SRR31429688	SRR31429688.1289255	95d32cb4-4cec-46c1-9e11-a5b0e3d5285e	Genion	PASS:GF	pPASS	ENSBTAG00000046668	ENSBTAG00000019612	10	10	-	-	26412911	26392497	62	60	60	41	1225	0	42	104	1355	False	True	observed exon-aligned boundaries; not exon-repaired; not conserved
bos_taurus	ARS-UCD2.0	SRR31429688	SRR31429688.1289387	7d9d2f2c-1603-4f99-bda6-e276c2cefd03	Genion	PASS:GF	pPASS	ENSBTAG00000046668	ENSBTAG00000019612	10	10	-	-	26412911	26392497	60	60	60	41	613	0	41	101	727	False	True	observed exon-aligned boundaries; not exon-repaired; not conserved
bos_taurus	ARS-UCD2.0	SRR31429688	SRR31429688.1289873	1bc08acd-831d-418c-bf43-39e78ca4c4d6	Genion	PASS:GF	pPASS	ENSBTAG00000046668	ENSBTAG00000019612	10	10	-	-	26412911	26392497	60	60	60	37	1179	0	38	98	1301	False	True	observed exon-aligned boundaries; not exon-repaired; not conserved
bos_taurus	ARS-UCD2.0	SRR31429688	SRR31429688.1291743	bfab8d08-1a11-45e7-ab1d-1be4be05ad00	Genion	PASS:GF	pPASS	ENSBTAG00000046668	ENSBTAG00000019612	10	10	-	-	26412911	26392497	60	60	60	39	1187	3	44	104	1324	False	True	observed exon-aligned boundaries; not exon-repaired; not conserved
bos_taurus	ARS-UCD2.0	SRR31429688	SRR31429688.1299360	cd7623b2-6641-4633-81e8-cb30a02a7574	Genion	PASS:GF	pPASS	ENSBTAG00000046668	ENSBTAG00000019612	10	10	-	-	26412911	26392497	59	60	60	41	1202	1	42	101	1337	False	True	observed exon-aligned boundaries; not exon-repaired; not conserved
bos_taurus	ARS-UCD2.0	SRR31429688	SRR31429688.1300479	4f088679-0131-403e-aadf-c75be67de31e	Genion	PASS:GF	pPASS	ENSBTAG00000046668	ENSBTAG00000019612	10	10	-	-	26412911	26392497	59	60	60	38	1190	2	40	99	1361	False	True	observed exon-aligned boundaries; not exon-repaired; not conserved
bos_taurus	ARS-UCD2.0	SRR31429688	SRR31429688.1301194	e3910a3c-4d23-4d55-b739-9bce37c7794b	Genion	PASS:GF	pPASS	ENSBTAG00000046668	ENSBTAG00000019612	10	10	-	-	26412911	26392497	58	60	60	67	1202	0	72	130	1350	False	True	observed exon-aligned boundaries; not exon-repaired; not conserved
bos_taurus	ARS-UCD2.0	SRR31429688	SRR31429688.1304404	b8b2031b-169c-4697-887d-00d400fe6eb7	Genion	PASS:GF	pPASS	ENSBTAG00000046668	ENSBTAG00000019612	10	10	-	-	26412911	26392497	60	60	60	40	1193	2	44	104	1324	False	True	observed exon-aligned boundaries; not exon-repaired; not conserved
bos_taurus	ARS-UCD2.0	SRR31429688	SRR31429688.1313851	5a5d2809-eb36-4ba8-9f0a-3c703299f933	Genion	PASS:GF	pPASS	ENSBTAG00000046668	ENSBTAG00000019612	10	10	-	-	26412911	26392497	60	60	60	37	1194	3	40	100	1323	False	True	observed exon-aligned boundaries; not exon-repaired; not conserved
bos_taurus	ARS-UCD2.0	SRR31429688	SRR31429688.1314887	52c114ac-b2eb-48c5-8c73-371ea0f18ed9	Genion	PASS:GF	pPASS	ENSBTAG00000046668	ENSBTAG00000019612	10	10	-	-	26412911	26392497	58	60	60	42	1199	0	43	101	1331	False	True	observed exon-aligned boundaries; not exon-repaired; not conserved
bos_taurus	ARS-UCD2.0	SRR31429688	SRR31429688.1316117	9244cf4f-bbe6-47b9-9a7c-8889f43e583c	Genion	PASS:GF	pPASS	ENSBTAG00000046668	ENSBTAG00000019612	10	10	-	-	26412911	26392497	59	60	60	41	1183	3	47	106	1314	False	True	observed exon-aligned boundaries; not exon-repaired; not conserved
bos_taurus	ARS-UCD2.0	SRR31429688	SRR31429688.1317434	16136089-da71-45cc-ba9f-9e0740891579	Genion	PASS:GF	pPASS	ENSBTAG00000046668	ENSBTAG00000019612	10	10	-	-	26412911	26392497	64	60	60	42	1201	0	43	107	1324	False	True	observed exon-aligned boundaries; not exon-repaired; not conserved
bos_taurus	ARS-UCD2.0	SRR31429688	SRR31429688.1318668	dc027aad-e5c2-4a33-a019-cb40595242b2	Genion	PASS:GF	pPASS	ENSBTAG00000046668	ENSBTAG00000019612	10	10	-	-	26412911	26392497	53	60	60	88	1195	1	91	144	1363	False	True	observed exon-aligned boundaries; not exon-repaired; not conserved
bos_taurus	ARS-UCD2.0	SRR31429688	SRR31429688.1319075	217dbfa7-ae38-4de6-96f6-b83fa185020b	Genion	PASS:GF	pPASS	ENSBTAG00000046668	ENSBTAG00000019612	10	10	-	-	26412911	26392497	61	60	60	34	1187	2	36	97	1302	False	True	observed exon-aligned boundaries; not exon-repaired; not conserved
bos_taurus	ARS-UCD2.0	SRR31429688	SRR31429688.1319628	f56ee9a9-ea9c-4097-9f76-b2f6e0229295	Genion	PASS:GF	pPASS	ENSBTAG00000046668	ENSBTAG00000019612	10	10	-	-	26412911	26392497	60	60	60	41	1212	0	43	103	1355	False	True	observed exon-aligned boundaries; not exon-repaired; not conserved
bos_taurus	ARS-UCD2.0	SRR31429688	SRR31429688.1326801	661567c5-96ea-4137-b11b-4a3cc0b7e0db	Genion	PASS:GF	pPASS	ENSBTAG00000046668	ENSBTAG00000019612	10	10	-	-	26412911	26392497	60	60	60	39	1209	2	41	101	1352	False	True	observed exon-aligned boundaries; not exon-repaired; not conserved
bos_taurus	ARS-UCD2.0	SRR31429688	SRR31429688.1331600	d7832ba8-29a2-407b-b151-d6d9467f7dd0	Genion	PASS:GF	pPASS	ENSBTAG00000046668	ENSBTAG00000019612	10	10	-	-	26412911	26392497	62	60	60	38	1197	3	42	104	1341	False	True	observed exon-aligned boundaries; not exon-repaired; not conserved
bos_taurus	ARS-UCD2.0	SRR31429688	SRR31429688.1333873	9805b2be-8cc6-476d-8f55-096760f973de	Genion	PASS:GF	pPASS	ENSBTAG00000046668	ENSBTAG00000019612	10	10	-	-	26412911	26392497	59	60	60	67	1197	3	72	131	1365	False	True	observed exon-aligned boundaries; not exon-repaired; not conserved
bos_taurus	ARS-UCD2.0	SRR31429688	SRR31429688.1334585	8a2c66cf-d7fe-4c0a-b515-73759db39453	Genion	PASS:GF	pPASS	ENSBTAG00000046668	ENSBTAG00000019612	10	10	-	-	26412911	26392497	60	60	60	37	1220	2	39	99	1340	False	True	observed exon-aligned boundaries; not exon-repaired; not conserved
bos_taurus	ARS-UCD2.0	SRR31429688	SRR31429688.1334894	44e2a939-c65d-4b0c-8362-5f74457d9f98	Genion	PASS:GF	pPASS	ENSBTAG00000046668	ENSBTAG00000019612	10	10	-	-	26412911	26392497	60	60	60	44	1188	0	53	113	1323	False	True	observed exon-aligned boundaries; not exon-repaired; not conserved
bos_taurus	ARS-UCD2.0	SRR31429688	SRR31429688.1335574	c395da09-97b2-422a-85f2-8247d38a94de	Genion	PASS:GF	pPASS	ENSBTAG00000046668	ENSBTAG00000019612	10	10	-	-	26412911	26392497	55	60	60	43	1194	1	46	101	1321	False	True	observed exon-aligned boundaries; not exon-repaired; not conserved
bos_taurus	ARS-UCD2.0	SRR31429688	SRR31429688.1340841	2a13dbfb-ea35-4c3d-8176-260469167724	Genion	PASS:GF	pPASS	ENSBTAG00000046668	ENSBTAG00000019612	10	10	-	-	26412911	26392497	67	60	60	41	1196	5	47	114	1440	False	True	observed exon-aligned boundaries; not exon-repaired; not conserved
bos_taurus	ARS-UCD2.0	SRR31429688	SRR31429688.1342377	15802050-a182-44a2-9906-0c9b38f29b21	Genion	PASS:GF	pPASS	ENSBTAG00000046668	ENSBTAG00000019612	10	10	-	-	26412911	26392497	57	60	60	41	1203	3	46	103	1324	False	True	observed exon-aligned boundaries; not exon-repaired; not conserved
bos_taurus	ARS-UCD2.0	SRR31429688	SRR31429688.1344015	06519a1f-5f57-4cc4-ba33-d06653bf4d21	Genion	PASS:GF	pPASS	ENSBTAG00000046668	ENSBTAG00000019612	10	10	-	-	26412911	26392497	63	60	60	38	1192	3	41	104	1320	False	True	observed exon-aligned boundaries; not exon-repaired; not conserved
bos_taurus	ARS-UCD2.0	SRR31429688	SRR31429688.1345748	5c593ab0-59a4-4c83-9c93-82976cfb3385	Genion	PASS:GF	pPASS	ENSBTAG00000046668	ENSBTAG00000019612	10	10	-	-	26412911	26392497	65	60	60	35	147	3	38	103	251	False	True	observed exon-aligned boundaries; not exon-repaired; not conserved
bos_taurus	ARS-UCD2.0	SRR31429688	SRR31429688.1346782	c4207875-9761-4017-88c2-75b2d2a994b0	Genion	PASS:GF	pPASS	ENSBTAG00000046668	ENSBTAG00000019612	10	10	-	-	26412911	26392496	54	60	60	41	1199	0	41	95	1334	False	True	observed exon-aligned boundaries; not exon-repaired; not conserved
bos_taurus	ARS-UCD2.0	SRR31429688	SRR31429688.1348112	f71f1fda-e742-4e50-8443-ec37d60ae289	Genion	PASS:GF	pPASS	ENSBTAG00000046668	ENSBTAG00000019612	10	10	-	-	26412911	26392497	59	60	60	39	1206	2	41	100	1325	False	True	observed exon-aligned boundaries; not exon-repaired; not conserved
bos_taurus	ARS-UCD2.0	SRR31429688	SRR31429688.1359513	a0db95a2-24f2-4835-981f-704d3eeeb828	Genion	PASS:GF	pPASS	ENSBTAG00000046668	ENSBTAG00000019612	10	10	-	-	26412911	26392497	58	60	60	37	1192	0	37	95	1320	False	True	observed exon-aligned boundaries; not exon-repaired; not conserved
bos_taurus	ARS-UCD2.0	SRR31429688	SRR31429688.1360238	d9e3eb03-84d9-4042-9c6b-72aadecbc651	Genion	PASS:GF	pPASS	ENSBTAG00000046668	ENSBTAG00000019612	10	10	-	-	26412911	26392497	58	60	60	44	1147	2	46	104	1303	False	True	observed exon-aligned boundaries; not exon-repaired; not conserved
bos_taurus	ARS-UCD2.0	SRR31429688	SRR31429688.1362889	aef3c29b-29a1-47dc-827b-60b1a0132f0f	Genion	PASS:GF	pPASS	ENSBTAG00000046668	ENSBTAG00000019612	10	10	-	-	26412911	26392497	61	60	60	39	1179	6	45	106	1315	False	True	observed exon-aligned boundaries; not exon-repaired; not conserved
bos_taurus	ARS-UCD2.0	SRR31429688	SRR31429688.1366287	b218ac9e-a0ed-4c48-87bf-1ed6f0aa5743	Genion	PASS:GF	pPASS	ENSBTAG00000046668	ENSBTAG00000019612	10	10	-	-	26412911	26392497	58	60	60	39	1203	0	39	97	1320	False	True	observed exon-aligned boundaries; not exon-repaired; not conserved
bos_taurus	ARS-UCD2.0	SRR31429688	SRR31429688.1367144	06e8a1eb-29f1-47eb-9873-27c3ea55ec57	Genion	PASS:GF	pPASS	ENSBTAG00000046668	ENSBTAG00000019612	10	10	-	-	26412911	26392497	59	60	60	37	1203	3	40	99	1323	False	True	observed exon-aligned boundaries; not exon-repaired; not conserved
bos_taurus	ARS-UCD2.0	SRR31429688	SRR31429688.1367456	94a8d0d0-ee10-4239-8f9b-d4d506059a7f	Genion	PASS:GF	pPASS	ENSBTAG00000046668	ENSBTAG00000019612	10	10	-	-	26412911	26392497	55	60	60	72	1187	1	75	130	1364	False	True	observed exon-aligned boundaries; not exon-repaired; not conserved
bos_taurus	ARS-UCD2.0	SRR31429688	SRR31429688.1368306	18bf983e-7009-4a0a-8f30-7ed44f8748d9	Genion	PASS:GF	pPASS	ENSBTAG00000046668	ENSBTAG00000019612	10	10	-	-	26412911	26392497	57	60	60	38	1201	3	42	99	1329	False	True	observed exon-aligned boundaries; not exon-repaired; not conserved
bos_taurus	ARS-UCD2.0	SRR31429688	SRR31429688.1371232	2d073d10-7ce9-4052-a8f3-87aa7b5f603b	Genion	PASS:GF	pPASS	ENSBTAG00000046668	ENSBTAG00000019612	10	10	-	-	26412911	26392496	59	60	60	42	1197	0	42	101	1318	False	True	observed exon-aligned boundaries; not exon-repaired; not conserved
bos_taurus	ARS-UCD2.0	SRR31429688	SRR31429688.1374126	0b143c63-8e06-4a62-9a94-634aedbeef28	Genion	PASS:GF	pPASS	ENSBTAG00000046668	ENSBTAG00000019612	10	10	-	-	26412911	26392497	58	60	60	10	1177	0	10	68	1279	False	True	observed exon-aligned boundaries; not exon-repaired; not conserved
bos_taurus	ARS-UCD2.0	SRR31429688	SRR31429688.1374528	bee9ec50-83b0-4741-a2ea-d88c7a44c9fa	Genion	PASS:GF	pPASS	ENSBTAG00000046668	ENSBTAG00000019612	10	10	-	-	26412911	26392497	63	60	60	37	1182	2	39	102	1313	False	True	observed exon-aligned boundaries; not exon-repaired; not conserved
bos_taurus	ARS-UCD2.0	SRR31429688	SRR31429688.1374721	a7e80aba-6c24-499e-83e7-873f084645db	Genion	PASS:GF	pPASS	ENSBTAG00000046668	ENSBTAG00000019612	10	10	-	-	26412911	26392497	59	60	60	41	1204	0	41	100	1336	False	True	observed exon-aligned boundaries; not exon-repaired; not conserved
bos_taurus	ARS-UCD2.0	SRR31429688	SRR31429688.1375669	0e86ff24-12ea-433c-8efa-1148a8377306	Genion	PASS:GF	pPASS	ENSBTAG00000046668	ENSBTAG00000019612	10	10	-	-	26412911	26392497	57	60	60	41	1205	0	41	98	1327	False	True	observed exon-aligned boundaries; not exon-repaired; not conserved
bos_taurus	ARS-UCD2.0	SRR31429688	SRR31429688.1375824	ae9bc8c4-c43a-4cd6-acbc-3f0af01f1ed4	Genion	PASS:GF	pPASS	ENSBTAG00000046668	ENSBTAG00000019612	10	10	-	-	26412911	26392497	56	60	60	290	1186	3	299	355	1563	True	True	observed exon-aligned boundaries; not exon-repaired; not conserved
bos_taurus	ARS-UCD2.0	SRR31429688	SRR31429688.1379762	73b97b43-4a81-4e72-b7ca-c6766729b572	Genion	PASS:GF	pPASS	ENSBTAG00000046668	ENSBTAG00000019612	10	10	-	-	26412911	26392497	61	60	60	38	1192	4	43	104	1323	False	True	observed exon-aligned boundaries; not exon-repaired; not conserved
bos_taurus	ARS-UCD2.0	SRR31429688	SRR31429688.1385028	e1b33b58-52e7-4bb2-84ba-c9e083fb869f	Genion	PASS:GF	pPASS	ENSBTAG00000046668	ENSBTAG00000019612	10	10	-	-	26412911	26392497	56	60	60	42	1193	2	48	104	1312	False	True	observed exon-aligned boundaries; not exon-repaired; not conserved
bos_taurus	ARS-UCD2.0	SRR31429688	SRR31429688.1388044	b41dc770-b245-401c-a4f1-08e8b6132944	Genion	PASS:GF	pPASS	ENSBTAG00000046668	ENSBTAG00000019612	10	10	-	-	26412911	26392497	59	60	60	39	1183	3	42	101	1311	False	True	observed exon-aligned boundaries; not exon-repaired; not conserved
bos_taurus	ARS-UCD2.0	SRR31429688	SRR31429688.1388561	2a1e2d79-83c9-42cb-8d92-fbbcf6798d9d	Genion	PASS:GF	pPASS	ENSBTAG00000046668	ENSBTAG00000019612	10	10	-	-	26412911	26392497	61	60	60	42	1194	0	42	103	1334	False	True	observed exon-aligned boundaries; not exon-repaired; not conserved
bos_taurus	ARS-UCD2.0	SRR31429688	SRR31429688.1394422	ea4ba83e-b02e-46be-8641-84c44101e7fa	Genion	PASS:GF	pPASS	ENSBTAG00000046668	ENSBTAG00000019612	10	10	-	-	26412911	26392497	61	60	60	39	1206	1	40	101	1331	False	True	observed exon-aligned boundaries; not exon-repaired; not conserved
bos_taurus	ARS-UCD2.0	SRR31429688	SRR31429688.1395933	5f032515-7386-40b0-88ba-8e513d9abb07	Genion	PASS:GF	pPASS	ENSBTAG00000046668	ENSBTAG00000019612	10	10	-	-	26412911	26392497	58	60	60	35	1181	4	40	98	1335	False	True	observed exon-aligned boundaries; not exon-repaired; not conserved
bos_taurus	ARS-UCD2.0	SRR31429688	SRR31429688.1396619	7012d531-943c-4b27-a9e2-1f53488540e8	Genion	PASS:GF	pPASS	ENSBTAG00000046668	ENSBTAG00000019612	10	10	-	-	26412911	26392497	56	60	60	41	1212	0	41	97	1339	False	True	observed exon-aligned boundaries; not exon-repaired; not conserved
bos_taurus	ARS-UCD2.0	SRR31429688	SRR31429688.1403069	dfeeecea-9c4a-4057-8ef3-5f9823f0a9da	Genion	PASS:GF	pPASS	ENSBTAG00000046668	ENSBTAG00000019612	10	10	-	-	26412911	26392497	58	60	60	40	1184	0	44	102	1313	False	True	observed exon-aligned boundaries; not exon-repaired; not conserved
bos_taurus	ARS-UCD2.0	SRR31429688	SRR31429688.1404625	9da024d6-b3b2-4878-a98a-1ee85601adc7	Genion	PASS:GF	pPASS	ENSBTAG00000046668	ENSBTAG00000019612	10	10	-	-	26412911	26392497	60	60	60	44	1197	0	44	104	1322	False	True	observed exon-aligned boundaries; not exon-repaired; not conserved
bos_taurus	ARS-UCD2.0	SRR31429688	SRR31429688.1407343	771e98a6-3bb8-4cd5-bfa0-be281486e75c	Genion	PASS:GF	pPASS	ENSBTAG00000046668	ENSBTAG00000019612	10	10	-	-	26412911	26392497	60	60	60	41	1208	2	45	105	1338	False	True	observed exon-aligned boundaries; not exon-repaired; not conserved
bos_taurus	ARS-UCD2.0	SRR31429688	SRR31429688.1408144	ececa750-da6e-4fc9-a1c0-b6e5d05ab8b5	Genion	PASS:GF	pPASS	ENSBTAG00000046668	ENSBTAG00000019612	10	10	-	-	26412911	26392497	62	60	60	40	1187	2	42	104	1317	False	True	observed exon-aligned boundaries; not exon-repaired; not conserved
bos_taurus	ARS-UCD2.0	SRR31429688	SRR31429688.1410644	fe2b9545-99a7-4e24-b63a-ef358b8812d1	Genion	PASS:GF	pPASS	ENSBTAG00000046668	ENSBTAG00000019612	10	10	-	-	26412911	26392497	58	60	60	37	1183	0	37	95	1307	False	True	observed exon-aligned boundaries; not exon-repaired; not conserved
bos_taurus	ARS-UCD2.0	SRR31429688	SRR31429688.1411132	6808601c-af65-4c6d-8547-b3fc4cc85524	Genion	PASS:GF	pPASS	ENSBTAG00000046668	ENSBTAG00000019612	10	10	-	-	26412911	26392497	56	60	60	41	1174	1	42	98	1326	False	True	observed exon-aligned boundaries; not exon-repaired; not conserved
bos_taurus	ARS-UCD2.0	SRR31429688	SRR31429688.1423599	7b9013f7-8d1c-4184-a26a-7596f6f09d67	Genion	PASS:GF	pPASS	ENSBTAG00000046668	ENSBTAG00000019612	10	10	-	-	26412911	26392497	60	60	60	42	1197	0	43	103	1338	False	True	observed exon-aligned boundaries; not exon-repaired; not conserved
bos_taurus	ARS-UCD2.0	SRR31429688	SRR31429688.1424263	e00a1db7-82d0-40cd-9813-6324658b0d0e	Genion	PASS:GF	pPASS	ENSBTAG00000046668	ENSBTAG00000019612	10	10	-	-	26412911	26392497	61	60	60	40	1202	1	41	102	1332	False	True	observed exon-aligned boundaries; not exon-repaired; not conserved
bos_taurus	ARS-UCD2.0	SRR31429688	SRR31429688.1424574	204ec270-61bb-4f36-96c2-b3c1f8f543eb	Genion	PASS:GF	pPASS	ENSBTAG00000046668	ENSBTAG00000019612	10	10	-	-	26412911	26392497	55	60	60	38	1178	4	42	97	1333	False	True	observed exon-aligned boundaries; not exon-repaired; not conserved
bos_taurus	ARS-UCD2.0	SRR31429688	SRR31429688.1425063	3cb98984-2c5a-4bd5-95d5-2af97e1101f6	Genion	PASS:GF	pPASS	ENSBTAG00000046668	ENSBTAG00000019612	10	10	-	-	26412911	26392497	60	60	60	42	1193	0	44	104	1328	False	True	observed exon-aligned boundaries; not exon-repaired; not conserved
bos_taurus	ARS-UCD2.0	SRR31429688	SRR31429688.1432438	d3529f5c-c4ef-4b44-a585-20451dcce194	Genion	PASS:GF	pPASS	ENSBTAG00000046668	ENSBTAG00000019612	10	10	-	-	26412911	26392497	56	60	60	37	1196	3	40	96	1317	False	True	observed exon-aligned boundaries; not exon-repaired; not conserved
bos_taurus	ARS-UCD2.0	SRR31429688	SRR31429688.1432867	1954339e-fa63-4822-9e93-7c0bd699fd88	Genion	PASS:GF	pPASS	ENSBTAG00000046668	ENSBTAG00000019612	10	10	-	-	26412911	26392497	60	60	60	68	1210	0	68	128	1350	False	True	observed exon-aligned boundaries; not exon-repaired; not conserved
bos_taurus	ARS-UCD2.0	SRR31429688	SRR31429688.1433736	30d41982-dd07-49eb-9099-51ccacfd3a28	Genion	PASS:GF	pPASS	ENSBTAG00000046668	ENSBTAG00000019612	10	10	-	-	26412911	26392497	65	60	60	43	1201	0	43	108	1333	False	True	observed exon-aligned boundaries; not exon-repaired; not conserved
bos_taurus	ARS-UCD2.0	SRR31429688	SRR31429688.1433857	bcd043df-7da1-449a-b7fa-4800c363bb3c	Genion	PASS:GF	pPASS	ENSBTAG00000046668	ENSBTAG00000019612	10	10	-	-	26412911	26392497	59	60	60	37	1176	4	41	100	1310	False	True	observed exon-aligned boundaries; not exon-repaired; not conserved
bos_taurus	ARS-UCD2.0	SRR31429688	SRR31429688.1434980	f71c59fa-e9e2-4345-9102-04523425f106	Genion	PASS:GF	pPASS	ENSBTAG00000046668	ENSBTAG00000019612	10	10	-	-	26412911	26392497	61	60	60	39	1210	3	42	103	1344	False	True	observed exon-aligned boundaries; not exon-repaired; not conserved
bos_taurus	ARS-UCD2.0	SRR31429688	SRR31429688.1437411	5c6788de-8604-487e-85eb-81bc01d95aaf	Genion	PASS:GF	pPASS	ENSBTAG00000046668	ENSBTAG00000019612	10	10	-	-	26412911	26392497	59	60	60	41	1194	0	41	100	1331	False	True	observed exon-aligned boundaries; not exon-repaired; not conserved
bos_taurus	ARS-UCD2.0	SRR31429688	SRR31429688.1438395	ab5c7aab-b8a7-4030-8b6e-41c6cc90989b	Genion	PASS:GF	pPASS	ENSBTAG00000046668	ENSBTAG00000019612	10	10	-	-	26412911	26392497	61	60	60	41	1218	0	42	103	1349	False	True	observed exon-aligned boundaries; not exon-repaired; not conserved
bos_taurus	ARS-UCD2.0	SRR31429688	SRR31429688.1439630	33d1aede-8215-4707-a253-62cba87abe31	Genion	PASS:GF	pPASS	ENSBTAG00000046668	ENSBTAG00000019612	10	10	-	-	26412911	26392497	60	60	60	40	1196	1	44	104	1337	False	True	observed exon-aligned boundaries; not exon-repaired; not conserved
bos_taurus	ARS-UCD2.0	SRR31429688	SRR31429688.1443131	20c44357-9781-45a0-835b-e167150047be	Genion	PASS:GF	pPASS	ENSBTAG00000046668	ENSBTAG00000019612	10	10	-	-	26412911	26392497	60	60	60	42	1167	0	43	103	1307	False	True	observed exon-aligned boundaries; not exon-repaired; not conserved
bos_taurus	ARS-UCD2.0	SRR31429688	SRR31429688.1443512	f78d3266-16af-43f3-8795-92d76de04cc4	Genion	PASS:GF	pPASS	ENSBTAG00000046668	ENSBTAG00000019612	10	10	-	-	26412911	26392497	61	60	60	44	1156	0	46	107	1346	False	True	observed exon-aligned boundaries; not exon-repaired; not conserved
bos_taurus	ARS-UCD2.0	SRR31429688	SRR31429688.1451740	77724397-f66d-4e79-a789-5baef5f70dd4	Genion	PASS:GF	pPASS	ENSBTAG00000046668	ENSBTAG00000019612	10	10	-	-	26412911	26392497	61	60	60	38	1211	2	42	103	1336	False	True	observed exon-aligned boundaries; not exon-repaired; not conserved
bos_taurus	ARS-UCD2.0	SRR31429688	SRR31429688.1456592	6ff1b134-af19-401d-88a6-c5f390255f65	Genion	PASS:GF	pPASS	ENSBTAG00000046668	ENSBTAG00000019612	10	10	-	-	26412912	26392497	59	60	60	37	1172	6	43	102	1302	False	True	observed exon-aligned boundaries; not exon-repaired; not conserved
bos_taurus	ARS-UCD2.0	SRR31429688	SRR31429688.1460185	8e6117f9-a67b-46a4-83bf-e214ca7e9003	Genion	PASS:GF	pPASS	ENSBTAG00000046668	ENSBTAG00000019612	10	10	-	-	26412911	26392497	58	60	60	42	1156	0	42	100	1302	False	True	observed exon-aligned boundaries; not exon-repaired; not conserved
bos_taurus	ARS-UCD2.0	SRR31429688	SRR31429688.1462395	dbd5f550-c9a6-46e0-b63f-95b48a2bc7c3	Genion	PASS:GF	pPASS	ENSBTAG00000046668	ENSBTAG00000019612	10	10	-	-	26412911	26392497	54	60	60	41	1217	1	42	96	1340	False	True	observed exon-aligned boundaries; not exon-repaired; not conserved
bos_taurus	ARS-UCD2.0	SRR31429688	SRR31429688.1466479	48acba92-d3a1-49ec-bf87-c4316b673e6b	Genion	PASS:GF	pPASS	ENSBTAG00000046668	ENSBTAG00000019612	10	10	-	-	26412911	26392497	61	60	60	38	1195	5	48	109	1358	False	True	observed exon-aligned boundaries; not exon-repaired; not conserved
bos_taurus	ARS-UCD2.0	SRR31429688	SRR31429688.1469199	3efc9770-92e4-43c4-bf3e-c661853ef803	Genion	PASS:GF	pPASS	ENSBTAG00000046668	ENSBTAG00000019612	10	10	-	-	26412911	26392497	58	60	60	120	1193	0	122	180	1396	True	True	observed exon-aligned boundaries; not exon-repaired; not conserved
bos_taurus	ARS-UCD2.0	SRR31429688	SRR31429688.1471936	ba6b3df7-ccf9-495e-b2e3-3f2804c8a220	Genion	PASS:GF	pPASS	ENSBTAG00000046668	ENSBTAG00000019612	10	10	-	-	26412911	26392497	57	60	60	42	1196	0	44	101	1393	False	True	observed exon-aligned boundaries; not exon-repaired; not conserved
bos_taurus	ARS-UCD2.0	SRR31429688	SRR31429688.1480497	097373b1-8707-4ec8-a3d8-048e78dba917	Genion	PASS:GF	pPASS	ENSBTAG00000046668	ENSBTAG00000019612	10	10	-	-	26412911	26392495	56	60	60	32	1192	10	42	98	1321	False	True	observed exon-aligned boundaries; not exon-repaired; not conserved
bos_taurus	ARS-UCD2.0	SRR31429688	SRR31429688.1481821	405b4aa2-dba8-4f7a-ab0b-17087fadff4d	Genion	PASS:GF	pPASS	ENSBTAG00000046668	ENSBTAG00000019612	10	10	-	-	26412911	26392497	61	60	60	43	1201	0	46	107	1334	False	True	observed exon-aligned boundaries; not exon-repaired; not conserved
bos_taurus	ARS-UCD2.0	SRR31429688	SRR31429688.1482470	753d7c41-dff4-4307-9f06-84414cef75e8	Genion	PASS:GF	pPASS	ENSBTAG00000046668	ENSBTAG00000019612	10	10	-	-	26412911	26392497	58	60	60	48	1182	8	57	115	1316	False	True	observed exon-aligned boundaries; not exon-repaired; not conserved
bos_taurus	ARS-UCD2.0	SRR31429688	SRR31429688.1483021	3256b06f-8608-4870-8366-623be15d96ea	Genion	PASS:GF	pPASS	ENSBTAG00000046668	ENSBTAG00000019612	10	10	-	-	26412911	26392497	59	60	60	41	1172	1	42	101	1293	False	True	observed exon-aligned boundaries; not exon-repaired; not conserved
bos_taurus	ARS-UCD2.0	SRR31429688	SRR31429688.1487369	2aa9ff55-fc89-42e4-8053-7478954277d6	Genion	PASS:GF	pPASS	ENSBTAG00000046668	ENSBTAG00000019612	10	10	-	-	26412911	26392497	59	60	60	35	1178	0	35	94	1318	False	True	observed exon-aligned boundaries; not exon-repaired; not conserved
bos_taurus	ARS-UCD2.0	SRR31429688	SRR31429688.1491270	52db5ee9-e0a2-44cf-8067-5e7cebcfa479	Genion	PASS:GF	pPASS	ENSBTAG00000046668	ENSBTAG00000019612	10	10	-	-	26412911	26392497	61	60	60	40	1173	0	40	101	1293	False	True	observed exon-aligned boundaries; not exon-repaired; not conserved
bos_taurus	ARS-UCD2.0	SRR31429688	SRR31429688.1494407	af957382-b6cb-4488-8e0c-17f701b35e96	Genion	PASS:GF	pPASS	ENSBTAG00000046668	ENSBTAG00000019612	10	10	-	-	26412911	26392497	57	60	60	39	1205	3	42	99	1331	False	True	observed exon-aligned boundaries; not exon-repaired; not conserved
bos_taurus	ARS-UCD2.0	SRR31429688	SRR31429688.1496279	1717bab0-b2c3-47ba-aeaa-02734eccb3cd	Genion	PASS:GF	pPASS	ENSBTAG00000046668	ENSBTAG00000019612	10	10	-	-	26412911	26392497	60	60	60	69	1208	0	70	130	1381	False	True	observed exon-aligned boundaries; not exon-repaired; not conserved
bos_taurus	ARS-UCD2.0	SRR31429688	SRR31429688.1497077	f1265ff2-79b2-48a9-b0c8-1f5878b9fcde	Genion	PASS:GF	pPASS	ENSBTAG00000046668	ENSBTAG00000019612	10	10	-	-	26412911	26392497	58	60	60	38	1201	3	42	100	1324	False	True	observed exon-aligned boundaries; not exon-repaired; not conserved
bos_taurus	ARS-UCD2.0	SRR31429688	SRR31429688.1500970	000ba2f3-e235-4fba-b8c1-fabbd5c3dbf7	Genion	PASS:GF	pPASS	ENSBTAG00000046668	ENSBTAG00000019612	10	10	-	-	26412911	26392497	59	60	60	40	1200	0	40	99	1345	False	True	observed exon-aligned boundaries; not exon-repaired; not conserved
bos_taurus	ARS-UCD2.0	SRR31429688	SRR31429688.1501635	84a86d44-0cb8-4106-a622-af754f997a73	Genion	PASS:GF	pPASS	ENSBTAG00000046668	ENSBTAG00000019612	10	10	-	-	26412911	26392497	58	60	60	73	1145	0	75	133	1293	False	True	observed exon-aligned boundaries; not exon-repaired; not conserved
bos_taurus	ARS-UCD2.0	SRR31429688	SRR31429688.1502707	5341a9bc-cc06-41f4-bf9d-f703cd2c5003	Genion	PASS:GF	pPASS	ENSBTAG00000046668	ENSBTAG00000019612	10	10	-	-	26412911	26392497	60	60	60	41	1169	0	42	102	1295	False	True	observed exon-aligned boundaries; not exon-repaired; not conserved
bos_taurus	ARS-UCD2.0	SRR31429688	SRR31429688.1502882	922665b7-a292-40c4-943e-d88d6147a22c	Genion	PASS:GF	pPASS	ENSBTAG00000046668	ENSBTAG00000019612	10	10	-	-	26412911	26392497	57	60	60	38	1179	3	42	99	1291	False	True	observed exon-aligned boundaries; not exon-repaired; not conserved
bos_taurus	ARS-UCD2.0	SRR31429688	SRR31429688.1514824	262cd34f-508d-4fe1-a2ce-82cdcf1cb9dc	Genion	PASS:GF	pPASS	ENSBTAG00000046668	ENSBTAG00000019612	10	10	-	-	26412911	26392497	64	60	60	38	1197	0	39	103	1322	False	True	observed exon-aligned boundaries; not exon-repaired; not conserved
bos_taurus	ARS-UCD2.0	SRR31429688	SRR31429688.1516463	72ea385b-584e-4d88-9c38-054877566f96	Genion	PASS:GF	pPASS	ENSBTAG00000046668	ENSBTAG00000019612	10	10	-	-	26412911	26392497	57	60	60	38	1198	3	42	99	1316	False	True	observed exon-aligned boundaries; not exon-repaired; not conserved
bos_taurus	ARS-UCD2.0	SRR31429688	SRR31429688.1526002	2f8e693a-e992-40a0-b5f1-b87de35752b2	Genion	PASS:GF	pPASS	ENSBTAG00000046668	ENSBTAG00000019612	10	10	-	-	26412911	26392497	62	60	60	39	1201	3	43	105	1342	False	True	observed exon-aligned boundaries; not exon-repaired; not conserved
bos_taurus	ARS-UCD2.0	SRR31429688	SRR31429688.1535722	f8518521-d9c3-4408-a185-d90fc604ac60	Genion	PASS:GF	pPASS	ENSBTAG00000046668	ENSBTAG00000019612	10	10	-	-	26412911	26392497	58	60	60	42	1206	0	43	101	1336	False	True	observed exon-aligned boundaries; not exon-repaired; not conserved
bos_taurus	ARS-UCD2.0	SRR31429688	SRR31429688.1538886	61a7a19e-6f6c-4f3f-baf9-4a49d0cbffd0	Genion	PASS:GF	pPASS	ENSBTAG00000046668	ENSBTAG00000019612	10	10	-	-	26412911	26392497	60	60	60	42	1185	0	42	102	1315	False	True	observed exon-aligned boundaries; not exon-repaired; not conserved
bos_taurus	ARS-UCD2.0	SRR31429688	SRR31429688.1539753	0c72c840-ed37-4f76-8ae4-5c6b95d8d2c1	Genion	PASS:GF	pPASS	ENSBTAG00000046668	ENSBTAG00000019612	10	10	-	-	26412911	26392497	57	60	60	40	1189	0	41	98	1320	False	True	observed exon-aligned boundaries; not exon-repaired; not conserved
bos_taurus	ARS-UCD2.0	SRR31429688	SRR31429688.1541196	034628f6-ea4c-4baf-bd8b-c41b7849c9ef	Genion	PASS:GF	pPASS	ENSBTAG00000046668	ENSBTAG00000019612	10	10	-	-	26412911	26392497	60	60	60	36	1178	2	39	99	1306	False	True	observed exon-aligned boundaries; not exon-repaired; not conserved
bos_taurus	ARS-UCD2.0	SRR31429688	SRR31429688.1542967	06c5a1f6-81b0-4d36-8aa8-a972a87f580d	Genion	PASS:GF	pPASS	ENSBTAG00000046668	ENSBTAG00000019612	10	10	-	-	26412911	26392497	59	60	60	39	1194	0	39	98	1307	False	True	observed exon-aligned boundaries; not exon-repaired; not conserved
bos_taurus	ARS-UCD2.0	SRR31429688	SRR31429688.1543209	e9040929-9152-4f9f-9082-b01ef9c643f7	Genion	PASS:GF	pPASS	ENSBTAG00000046668	ENSBTAG00000019612	10	10	-	-	26412911	26392497	60	60	60	40	1217	0	40	100	1338	False	True	observed exon-aligned boundaries; not exon-repaired; not conserved
bos_taurus	ARS-UCD2.0	SRR31429688	SRR31429688.1545548	2748a0da-e235-40c6-a217-810576a289a6	Genion	PASS:GF	pPASS	ENSBTAG00000046668	ENSBTAG00000019612	10	10	-	-	26412911	26392497	56	60	60	37	1197	1	38	94	1317	False	True	observed exon-aligned boundaries; not exon-repaired; not conserved
bos_taurus	ARS-UCD2.0	SRR31429688	SRR31429688.1550398	a3679045-a3fa-4372-82d1-28ea5df9920b	Genion	PASS:GF	pPASS	ENSBTAG00000046668	ENSBTAG00000019612	10	10	-	-	26412911	26392497	55	60	60	63	1178	2	65	120	1327	False	True	observed exon-aligned boundaries; not exon-repaired; not conserved
bos_taurus	ARS-UCD2.0	SRR31429688	SRR31429688.1551009	0091353f-1074-40ed-9d94-cf3c835e0a05	Genion	PASS:GF	pPASS	ENSBTAG00000046668	ENSBTAG00000019612	10	10	-	-	26412911	26392497	57	60	60	38	1169	1	39	96	1279	False	True	observed exon-aligned boundaries; not exon-repaired; not conserved
bos_taurus	ARS-UCD2.0	SRR31429688	SRR31429688.1552340	c413f2bf-a612-46bb-9938-671880f04af1	Genion	PASS:GF	pPASS	ENSBTAG00000046668	ENSBTAG00000019612	10	10	-	-	26412911	26392493	60	60	60	42	1193	1	43	103	1323	False	True	observed exon-aligned boundaries; not exon-repaired; not conserved
bos_taurus	ARS-UCD2.0	SRR31429688	SRR31429688.1562941	e7e436ba-95fb-41da-adb5-494df91b71c6	Genion	PASS:GF	pPASS	ENSBTAG00000046668	ENSBTAG00000019612	10	10	-	-	26412911	26392497	61	60	60	38	1210	3	41	102	1335	False	True	observed exon-aligned boundaries; not exon-repaired; not conserved
bos_taurus	ARS-UCD2.0	SRR31429688	SRR31429688.1566188	72743252-0259-4d13-8ac7-119cdce264f3	Genion	PASS:GF	pPASS	ENSBTAG00000046668	ENSBTAG00000019612	10	10	-	-	26412911	26392497	59	60	60	40	1194	0	40	99	1317	False	True	observed exon-aligned boundaries; not exon-repaired; not conserved
bos_taurus	ARS-UCD2.0	SRR31429688	SRR31429688.1566982	acbf8938-644d-4909-aff7-f0ced01490e5	Genion	PASS:GF	pPASS	ENSBTAG00000046668	ENSBTAG00000019612	10	10	-	-	26412911	26392497	55	60	60	39	1198	0	39	94	1310	False	True	observed exon-aligned boundaries; not exon-repaired; not conserved
bos_taurus	ARS-UCD2.0	SRR31429688	SRR31429688.1567796	1acad9d3-1192-4c5d-8674-7422c8d702f3	Genion	PASS:GF	pPASS	ENSBTAG00000046668	ENSBTAG00000019612	10	10	-	-	26412911	26392497	54	60	60	41	1212	0	41	95	1327	False	True	observed exon-aligned boundaries; not exon-repaired; not conserved
bos_taurus	ARS-UCD2.0	SRR31429688	SRR31429688.1568519	9cf0e019-6bc1-4aae-a58f-5468f107bf3d	Genion	PASS:GF	pPASS	ENSBTAG00000046668	ENSBTAG00000019612	10	10	-	-	26412911	26392497	61	60	60	40	1195	4	44	105	1317	False	True	observed exon-aligned boundaries; not exon-repaired; not conserved
bos_taurus	ARS-UCD2.0	SRR31429688	SRR31429688.1572727	7df6d752-202d-4c95-bd1d-6fbc93ea2664	Genion	PASS:GF	pPASS	ENSBTAG00000046668	ENSBTAG00000019612	10	10	-	-	26412911	26392497	59	60	60	40	1185	0	40	99	1298	False	True	observed exon-aligned boundaries; not exon-repaired; not conserved
bos_taurus	ARS-UCD2.0	SRR31429688	SRR31429688.1574474	36c44a3c-0f4a-402e-8b87-f4fbe7b95c9e	Genion	PASS:GF	pPASS	ENSBTAG00000046668	ENSBTAG00000019612	10	10	-	-	26412911	26392497	58	60	60	35	1194	3	39	97	1323	False	True	observed exon-aligned boundaries; not exon-repaired; not conserved
bos_taurus	ARS-UCD2.0	SRR31429688	SRR31429688.1583057	002d8811-ceac-44c7-ab47-ff673bedee78	Genion	PASS:GF	pPASS	ENSBTAG00000046668	ENSBTAG00000019612	10	10	-	-	26412911	26392497	60	60	60	44	1212	0	46	106	1349	False	True	observed exon-aligned boundaries; not exon-repaired; not conserved
bos_taurus	ARS-UCD2.0	SRR31429688	SRR31429688.1589982	72b1363d-e545-491d-b2aa-5b527d6dad36	Genion	PASS:GF	pPASS	ENSBTAG00000046668	ENSBTAG00000019612	10	10	-	-	26412911	26392497	59	60	60	37	1179	3	42	101	1306	False	True	observed exon-aligned boundaries; not exon-repaired; not conserved
bos_taurus	ARS-UCD2.0	SRR31429688	SRR31429688.1593238	292e9d8c-4781-42e4-b6be-d514737fba34	Genion	PASS:GF	pPASS	ENSBTAG00000046668	ENSBTAG00000019612	10	10	-	-	26412911	26392497	54	60	60	37	1161	2	40	94	1392	False	True	observed exon-aligned boundaries; not exon-repaired; not conserved
bos_taurus	ARS-UCD2.0	SRR31429688	SRR31429688.1593299	07ec08d3-47d2-4667-9248-2f82773bfc46	Genion	PASS:GF	pPASS	ENSBTAG00000046668	ENSBTAG00000019612	10	10	-	-	26412911	26392497	56	60	60	37	1199	3	40	96	1327	False	True	observed exon-aligned boundaries; not exon-repaired; not conserved
bos_taurus	ARS-UCD2.0	SRR31429688	SRR31429688.1593334	f6869d56-4e11-4f5f-af3d-8e172e1dee4a	Genion	PASS:GF	pPASS	ENSBTAG00000046668	ENSBTAG00000019612	10	10	-	-	26412911	26392497	60	60	60	37	1193	3	40	100	1340	False	True	observed exon-aligned boundaries; not exon-repaired; not conserved
bos_taurus	ARS-UCD2.0	SRR31429688	SRR31429688.1595202	db8097d0-460d-4aca-af51-870dbf95448f	Genion	PASS:GF	pPASS	ENSBTAG00000046668	ENSBTAG00000019612	10	10	-	-	26412911	26392497	59	60	60	32	1171	10	44	103	1333	False	True	observed exon-aligned boundaries; not exon-repaired; not conserved
bos_taurus	ARS-UCD2.0	SRR31429688	SRR31429688.1596397	fc43fd02-3603-4c3f-9c1c-8dbf009927ba	Genion	PASS:GF	pPASS	ENSBTAG00000046668	ENSBTAG00000019612	10	10	-	-	26412911	26392497	60	60	60	37	1203	3	41	101	1322	False	True	observed exon-aligned boundaries; not exon-repaired; not conserved
bos_taurus	ARS-UCD2.0	SRR31429688	SRR31429688.1596569	2a47957d-c6e3-4cff-9433-c065b9620d66	Genion	PASS:GF	pPASS	ENSBTAG00000046668	ENSBTAG00000019612	10	10	-	-	26412911	26392497	59	60	60	35	1189	2	37	96	1303	False	True	observed exon-aligned boundaries; not exon-repaired; not conserved
bos_taurus	ARS-UCD2.0	SRR31429688	SRR31429688.1601036	9fae7abe-d749-4365-a850-83be4db4aa3d	Genion	PASS:GF	pPASS	ENSBTAG00000046668	ENSBTAG00000019612	10	10	-	-	26412911	26392497	55	60	60	38	1202	0	38	93	1316	False	True	observed exon-aligned boundaries; not exon-repaired; not conserved
bos_taurus	ARS-UCD2.0	SRR31429688	SRR31429688.1603057	1418cc1c-0dd2-41ae-8e69-adaac36814ba	Genion	PASS:GF	pPASS	ENSBTAG00000046668	ENSBTAG00000019612	10	10	-	-	26412911	26392497	57	60	60	21	1184	12	33	90	1331	False	True	observed exon-aligned boundaries; not exon-repaired; not conserved
bos_taurus	ARS-UCD2.0	SRR31429688	SRR31429688.1604158	7b0f7873-beb9-4e26-8e93-c68c1fdc3be9	Genion	PASS:GF	pPASS	ENSBTAG00000046668	ENSBTAG00000019612	10	10	-	-	26412911	26392497	55	60	60	38	1211	3	42	97	1375	False	True	observed exon-aligned boundaries; not exon-repaired; not conserved
bos_taurus	ARS-UCD2.0	SRR31429688	SRR31429688.1606174	7e0c72aa-431d-453d-babc-7614ec0511e1	Genion	PASS:GF	pPASS	ENSBTAG00000046668	ENSBTAG00000019612	10	10	-	-	26412911	26392497	57	60	60	10	523	5	15	72	600	False	True	observed exon-aligned boundaries; not exon-repaired; not conserved
bos_taurus	ARS-UCD2.0	SRR31429688	SRR31429688.1612524	7926d08f-996f-49af-b838-4db5f7dd49e3	Genion	PASS:GF	pPASS	ENSBTAG00000046668	ENSBTAG00000019612	10	10	-	-	26412911	26392497	58	60	60	42	1198	0	42	100	1315	False	True	observed exon-aligned boundaries; not exon-repaired; not conserved
bos_taurus	ARS-UCD2.0	SRR31429688	SRR31429688.1614657	9956b508-9855-4956-b163-c923fc920b4e	Genion	PASS:GF	pPASS	ENSBTAG00000046668	ENSBTAG00000019612	10	10	-	-	26412911	26392497	57	60	60	70	1189	0	71	128	1348	False	True	observed exon-aligned boundaries; not exon-repaired; not conserved
bos_taurus	ARS-UCD2.0	SRR31429688	SRR31429688.1619479	a67ce2e2-8857-4239-8800-cbc25e4ec12f	Genion	PASS:GF	pPASS	ENSBTAG00000046668	ENSBTAG00000019612	10	10	-	-	26412911	26392497	59	60	60	52	1188	14	66	125	1330	False	True	observed exon-aligned boundaries; not exon-repaired; not conserved
bos_taurus	ARS-UCD2.0	SRR31429688	SRR31429688.1623672	be41ab23-63cd-46e1-929e-a058aafce95b	Genion	PASS:GF	pPASS	ENSBTAG00000046668	ENSBTAG00000019612	10	10	-	-	26412911	26392497	58	60	60	37	1198	3	40	98	1324	False	True	observed exon-aligned boundaries; not exon-repaired; not conserved
bos_taurus	ARS-UCD2.0	SRR31429688	SRR31429688.1630763	c4f95187-30c0-4365-827b-84abcbe72ed0	Genion	PASS:GF	pPASS	ENSBTAG00000046668	ENSBTAG00000019612	10	10	-	-	26412911	26392497	57	60	60	42	1224	0	45	102	1343	False	True	observed exon-aligned boundaries; not exon-repaired; not conserved
bos_taurus	ARS-UCD2.0	SRR31429688	SRR31429688.1631978	d587bef4-6579-41b4-838d-7476b6345b88	Genion	PASS:GF	pPASS	ENSBTAG00000046668	ENSBTAG00000019612	10	10	-	-	26412911	26392497	57	60	60	60	1181	2	66	123	1323	False	True	observed exon-aligned boundaries; not exon-repaired; not conserved
bos_taurus	ARS-UCD2.0	SRR31429688	SRR31429688.1632651	daa7d5d4-31e8-426d-bbd9-45ba56ec9d31	Genion	PASS:GF	pPASS	ENSBTAG00000046668	ENSBTAG00000019612	10	10	-	-	26412911	26392497	58	60	60	42	1203	2	45	103	1337	False	True	observed exon-aligned boundaries; not exon-repaired; not conserved
bos_taurus	ARS-UCD2.0	SRR31429688	SRR31429688.1633758	3afcb195-c0f1-498a-9982-982492e3f549	Genion	PASS:GF	pPASS	ENSBTAG00000046668	ENSBTAG00000019612	10	10	-	-	26412911	26392497	58	60	60	39	1189	0	39	97	1299	False	True	observed exon-aligned boundaries; not exon-repaired; not conserved
bos_taurus	ARS-UCD2.0	SRR31429688	SRR31429688.1637292	6fad6d80-8f9f-46e5-83f8-1d193310e1b1	Genion	PASS:GF	pPASS	ENSBTAG00000046668	ENSBTAG00000019612	10	10	-	-	26412911	26392497	62	60	60	37	1212	3	40	102	1336	False	True	observed exon-aligned boundaries; not exon-repaired; not conserved
bos_taurus	ARS-UCD2.0	SRR31429688	SRR31429688.1644851	dc69d8b9-9af0-4839-b477-7200ca756c30	Genion	PASS:GF	pPASS	ENSBTAG00000046668	ENSBTAG00000019612	10	10	-	-	26412911	26392497	56	60	60	38	1159	3	42	98	1281	False	True	observed exon-aligned boundaries; not exon-repaired; not conserved
bos_taurus	ARS-UCD2.0	SRR31429688	SRR31429688.1646045	e67b0194-08c8-4249-a4d9-3ee6b7f2d67a	Genion	PASS:GF	pPASS	ENSBTAG00000046668	ENSBTAG00000019612	10	10	-	-	26412911	26392497	59	60	60	40	1195	0	40	99	1314	False	True	observed exon-aligned boundaries; not exon-repaired; not conserved
bos_taurus	ARS-UCD2.0	SRR31429688	SRR31429688.1657397	2bb28a97-698e-4ced-90ae-9675f8240a85	Genion	PASS:GF	pPASS	ENSBTAG00000046668	ENSBTAG00000019612	10	10	-	-	26412911	26392497	58	60	60	30	1203	12	42	100	1355	False	True	observed exon-aligned boundaries; not exon-repaired; not conserved
bos_taurus	ARS-UCD2.0	SRR31429688	SRR31429688.1658881	3fd82571-b768-44a4-9269-3753e39733f0	Genion	PASS:GF	pPASS	ENSBTAG00000046668	ENSBTAG00000019612	10	10	-	-	26412911	26392497	61	60	60	37	1181	4	41	102	1322	False	True	observed exon-aligned boundaries; not exon-repaired; not conserved
bos_taurus	ARS-UCD2.0	SRR31429688	SRR31429688.1659182	13cbfd7c-96b4-4d12-9e3b-bcb5c96158b9	Genion	PASS:GF	pPASS	ENSBTAG00000046668	ENSBTAG00000019612	10	10	-	-	26412914	26392497	60	60	60	29	1146	13	42	102	1296	False	True	observed exon-aligned boundaries; not exon-repaired; not conserved
bos_taurus	ARS-UCD2.0	SRR31429688	SRR31429688.1660877	7acf553f-b5b7-41bd-aab2-345efb06e265	Genion	PASS:GF	pPASS	ENSBTAG00000046668	ENSBTAG00000019612	10	10	-	-	26412911	26392497	57	60	60	38	1157	2	40	97	1269	False	True	observed exon-aligned boundaries; not exon-repaired; not conserved
bos_taurus	ARS-UCD2.0	SRR31429688	SRR31429688.1662570	8220d2ee-0f40-43f9-a2a3-005b736383d9	Genion	PASS:GF	pPASS	ENSBTAG00000046668	ENSBTAG00000019612	10	10	-	-	26412911	26392497	61	60	60	38	1170	2	40	101	1291	False	True	observed exon-aligned boundaries; not exon-repaired; not conserved
bos_taurus	ARS-UCD2.0	SRR31429688	SRR31429688.1665611	646ff530-b7f7-40cc-94ff-c6f5ba735a05	Genion	PASS:GF	pPASS	ENSBTAG00000046668	ENSBTAG00000019612	10	10	-	-	26412911	26392497	59	60	60	39	1173	2	42	101	1294	False	True	observed exon-aligned boundaries; not exon-repaired; not conserved
bos_taurus	ARS-UCD2.0	SRR31429688	SRR31429688.1670301	a4708aa9-dc29-4e33-b510-480708aacd88	Genion	PASS:GF	pPASS	ENSBTAG00000046668	ENSBTAG00000019612	10	10	-	-	26412911	26392497	59	60	60	41	1182	0	42	101	1326	False	True	observed exon-aligned boundaries; not exon-repaired; not conserved
bos_taurus	ARS-UCD2.0	SRR31429688	SRR31429688.1671399	fd3967d5-61d1-4ee7-9607-b54c8b2ee5b8	Genion	PASS:GF	pPASS	ENSBTAG00000046668	ENSBTAG00000019612	10	10	-	-	26412911	26392497	51	60	60	34	1184	6	40	91	1308	False	True	observed exon-aligned boundaries; not exon-repaired; not conserved
bos_taurus	ARS-UCD2.0	SRR31429688	SRR31429688.1671895	c80b044a-6ab5-4b8f-8872-7f8008d98d9c	Genion	PASS:GF	pPASS	ENSBTAG00000046668	ENSBTAG00000019612	10	10	-	-	26412911	26392497	57	60	60	41	1182	0	41	98	1323	False	True	observed exon-aligned boundaries; not exon-repaired; not conserved
bos_taurus	ARS-UCD2.0	SRR31429688	SRR31429688.1672438	0617f8d0-51cf-47a4-a1f6-aef32dc84ba4	Genion	PASS:GF	pPASS	ENSBTAG00000046668	ENSBTAG00000019612	10	10	-	-	26412911	26392497	57	60	60	14	1184	34	48	105	1312	False	True	observed exon-aligned boundaries; not exon-repaired; not conserved
bos_taurus	ARS-UCD2.0	SRR31429688	SRR31429688.1676233	e948bc34-da75-4f87-a709-2155b619a533	Genion	PASS:GF	pPASS	ENSBTAG00000046668	ENSBTAG00000019612	10	10	-	-	26412911	26392497	53	60	60	37	1206	0	37	90	1324	False	True	observed exon-aligned boundaries; not exon-repaired; not conserved
bos_taurus	ARS-UCD2.0	SRR31429688	SRR31429688.1679502	d77b6d81-0bcf-4b30-91ca-77ccee3b9d79	Genion	PASS:GF	pPASS	ENSBTAG00000046668	ENSBTAG00000019612	10	10	-	-	26412911	26392497	56	60	60	35	1200	5	40	96	1327	False	True	observed exon-aligned boundaries; not exon-repaired; not conserved
bos_taurus	ARS-UCD2.0	SRR31429688	SRR31429688.1683920	2e89ada9-0d45-4fdf-946a-4814fd8a71fb	Genion	PASS:GF	pPASS	ENSBTAG00000046668	ENSBTAG00000019612	10	10	-	-	26412911	26392497	57	60	60	29	1108	4	33	90	1294	False	True	observed exon-aligned boundaries; not exon-repaired; not conserved
bos_taurus	ARS-UCD2.0	SRR31429688	SRR31429688.1684748	ed887a27-940f-42fb-ac1d-1471895e11ad	Genion	PASS:GF	pPASS	ENSBTAG00000046668	ENSBTAG00000019612	10	10	-	-	26412911	26392497	58	60	60	36	1206	4	41	99	1366	False	True	observed exon-aligned boundaries; not exon-repaired; not conserved
bos_taurus	ARS-UCD2.0	SRR31429688	SRR31429688.1686882	6a50dbef-71ae-419e-975e-f142c3e6d51d	Genion	PASS:GF	pPASS	ENSBTAG00000046668	ENSBTAG00000019612	10	10	-	-	26412911	26392496	65	60	60	14	1103	26	40	105	1244	False	True	observed exon-aligned boundaries; not exon-repaired; not conserved
bos_taurus	ARS-UCD2.0	SRR31429688	SRR31429688.1691681	9283c373-cac0-4e1e-9ea9-9636be8e09c6	Genion	PASS:GF	pPASS	ENSBTAG00000046668	ENSBTAG00000019612	10	10	-	-	26412911	26392497	59	60	60	36	1201	4	40	99	1326	False	True	observed exon-aligned boundaries; not exon-repaired; not conserved
bos_taurus	ARS-UCD2.0	SRR31429688	SRR31429688.1692317	ef18f1dc-c14b-4bdf-9beb-03cd0eb4f471	Genion	PASS:GF	pPASS	ENSBTAG00000046668	ENSBTAG00000019612	10	10	-	-	26412911	26392497	59	60	60	72	1184	1	75	134	1342	False	True	observed exon-aligned boundaries; not exon-repaired; not conserved
bos_taurus	ARS-UCD2.0	SRR31429688	SRR31429688.1693553	c6b3dcc6-70d6-4a11-b357-c69914afd2c3	Genion	PASS:GF	pPASS	ENSBTAG00000046668	ENSBTAG00000019612	10	10	-	-	26412911	26392497	56	60	60	34	1199	0	35	91	1317	False	True	observed exon-aligned boundaries; not exon-repaired; not conserved
bos_taurus	ARS-UCD2.0	SRR31429688	SRR31429688.1698412	41b55996-532d-458e-af63-d94ab1e410dd	Genion	PASS:GF	pPASS	ENSBTAG00000046668	ENSBTAG00000019612	10	10	-	-	26412911	26392497	60	60	60	43	1190	1	45	105	1328	False	True	observed exon-aligned boundaries; not exon-repaired; not conserved
bos_taurus	ARS-UCD2.0	SRR31429688	SRR31429688.1699839	6ac6b6f2-47be-4ed0-84d3-92c29a5863ff	Genion	PASS:GF	pPASS	ENSBTAG00000046668	ENSBTAG00000019612	10	10	-	-	26412911	26392497	54	60	60	38	1184	1	39	93	1292	False	True	observed exon-aligned boundaries; not exon-repaired; not conserved
bos_taurus	ARS-UCD2.0	SRR31429688	SRR31429688.1700302	5718a6f1-a2e6-4911-9064-4445bfd234c5	Genion	PASS:GF	pPASS	ENSBTAG00000046668	ENSBTAG00000019612	10	10	-	-	26412911	26392497	56	60	60	41	1188	1	42	98	1308	False	True	observed exon-aligned boundaries; not exon-repaired; not conserved
bos_taurus	ARS-UCD2.0	SRR31429688	SRR31429688.1700956	142519ca-4195-420d-8bc5-419b69f1fc59	Genion	PASS:GF	pPASS	ENSBTAG00000046668	ENSBTAG00000019612	10	10	-	-	26412911	26392497	59	60	60	8	1194	8	16	75	1300	False	True	observed exon-aligned boundaries; not exon-repaired; not conserved
bos_taurus	ARS-UCD2.0	SRR31429688	SRR31429688.1701600	115ca74c-f84f-43d5-a128-728cd3f621c4	Genion	PASS:GF	pPASS	ENSBTAG00000046668	ENSBTAG00000019612	10	10	-	-	26412911	26392497	0	60	60	63	1182	3	66	66	1288	False	True	observed exon-aligned boundaries; not exon-repaired; not conserved
bos_taurus	ARS-UCD2.0	SRR31429688	SRR31429688.1708601	1d0c615e-6dde-4dbd-a2e5-72866c4378a4	Genion	PASS:GF	pPASS	ENSBTAG00000046668	ENSBTAG00000019612	10	10	-	-	26412911	26392497	60	60	60	39	1190	2	43	103	1320	False	True	observed exon-aligned boundaries; not exon-repaired; not conserved
bos_taurus	ARS-UCD2.0	SRR31429688	SRR31429688.1710332	186ba7d4-350b-49d2-8a35-dda15b04c2a7	Genion	PASS:GF	pPASS	ENSBTAG00000046668	ENSBTAG00000019612	10	10	-	-	26412911	26392497	60	60	60	41	1202	1	42	102	1335	False	True	observed exon-aligned boundaries; not exon-repaired; not conserved
bos_taurus	ARS-UCD2.0	SRR31429688	SRR31429688.1715779	cfcbde22-da16-45b1-8b22-d24a44e0dd76	Genion	PASS:GF	pPASS	ENSBTAG00000046668	ENSBTAG00000019612	10	10	-	-	26412911	26392497	58	60	60	41	1173	2	45	103	1307	False	True	observed exon-aligned boundaries; not exon-repaired; not conserved
bos_taurus	ARS-UCD2.0	SRR31429688	SRR31429688.1717794	4843bd76-315c-4e89-b708-97d81d8849e0	Genion	PASS:GF	pPASS	ENSBTAG00000046668	ENSBTAG00000019612	10	10	-	-	26412911	26392497	60	60	60	38	1204	3	41	101	1336	False	True	observed exon-aligned boundaries; not exon-repaired; not conserved
bos_taurus	ARS-UCD2.0	SRR31429688	SRR31429688.1722645	a77f0aab-8fb4-4403-bd7e-8e7859593f82	Genion	PASS:GF	pPASS	ENSBTAG00000046668	ENSBTAG00000019612	10	10	-	-	26412911	26392497	60	60	60	42	1185	1	44	104	1324	False	True	observed exon-aligned boundaries; not exon-repaired; not conserved
bos_taurus	ARS-UCD2.0	SRR31429688	SRR31429688.1724057	b3cabacf-3b76-4d0f-9cdb-78231088b816	Genion	PASS:GF	pPASS	ENSBTAG00000046668	ENSBTAG00000019612	10	10	-	-	26412911	26392497	60	60	60	60	1198	0	60	120	1340	False	True	observed exon-aligned boundaries; not exon-repaired; not conserved
bos_taurus	ARS-UCD2.0	SRR31429688	SRR31429688.1730023	c2cd9ac1-0561-494f-9671-a931f30d60a7	Genion	PASS:GF	pPASS	ENSBTAG00000046668	ENSBTAG00000019612	10	10	-	-	26412911	26392497	59	60	60	42	1088	0	44	103	1231	False	True	observed exon-aligned boundaries; not exon-repaired; not conserved
bos_taurus	ARS-UCD2.0	SRR31429688	SRR31429688.1730616	7d51517b-4403-4848-8637-b07831b04fc0	Genion	PASS:GF	pPASS	ENSBTAG00000046668	ENSBTAG00000019612	10	10	-	-	26412911	26392497	60	60	60	37	1214	6	43	103	1346	False	True	observed exon-aligned boundaries; not exon-repaired; not conserved
bos_taurus	ARS-UCD2.0	SRR31429688	SRR31429688.1734835	9f9d50b5-56d4-4a4d-8d01-bab566d4ce94	Genion	PASS:GF	pPASS	ENSBTAG00000046668	ENSBTAG00000019612	10	10	-	-	26412911	26392494	58	60	60	38	1178	6	44	102	1309	False	True	observed exon-aligned boundaries; not exon-repaired; not conserved
bos_taurus	ARS-UCD2.0	SRR31429688	SRR31429688.1742576	55cb8f82-2154-40ca-b9bf-c21146029a49	Genion	PASS:GF	pPASS	ENSBTAG00000046668	ENSBTAG00000019612	10	10	-	-	26412911	26392497	60	60	60	42	1212	0	42	102	1337	False	True	observed exon-aligned boundaries; not exon-repaired; not conserved
bos_taurus	ARS-UCD2.0	SRR31429688	SRR31429688.1743227	8a1ec9e9-b059-4a1c-b360-3196b55b18d8	Genion	PASS:GF	pPASS	ENSBTAG00000046668	ENSBTAG00000019612	10	10	-	-	26412911	26392497	62	60	60	42	1210	0	43	105	1336	False	True	observed exon-aligned boundaries; not exon-repaired; not conserved
bos_taurus	ARS-UCD2.0	SRR31429688	SRR31429688.1745033	15119023-a3e7-471d-a01c-581f688747e5	Genion	PASS:GF	pPASS	ENSBTAG00000046668	ENSBTAG00000019612	10	10	-	-	26412911	26392497	59	60	60	54	1181	3	57	116	1334	False	True	observed exon-aligned boundaries; not exon-repaired; not conserved
bos_taurus	ARS-UCD2.0	SRR31429688	SRR31429688.1751025	adc21d61-ea37-40cc-81ec-0890d5812a61	Genion	PASS:GF	pPASS	ENSBTAG00000046668	ENSBTAG00000019612	10	10	-	-	26412911	26392497	59	60	60	42	1209	2	44	103	1345	False	True	observed exon-aligned boundaries; not exon-repaired; not conserved
bos_taurus	ARS-UCD2.0	SRR31429688	SRR31429688.1753848	03f74b69-13b8-4253-bd54-dc1c9e2922f0	Genion	PASS:GF	pPASS	ENSBTAG00000046668	ENSBTAG00000019612	10	10	-	-	26412911	26392497	55	60	60	44	1199	0	44	99	1321	False	True	observed exon-aligned boundaries; not exon-repaired; not conserved
bos_taurus	ARS-UCD2.0	SRR31429688	SRR31429688.1754568	9265cbc3-5852-412b-8a23-fd9fdcfdfd04	Genion	PASS:GF	pPASS	ENSBTAG00000046668	ENSBTAG00000019612	10	10	-	-	26412911	26392497	60	60	60	42	1197	0	42	102	1321	False	True	observed exon-aligned boundaries; not exon-repaired; not conserved
bos_taurus	ARS-UCD2.0	SRR31429688	SRR31429688.1757700	1dbdc692-e9b1-4b62-98b1-81c8900520d1	Genion	PASS:GF	pPASS	ENSBTAG00000046668	ENSBTAG00000019612	10	10	-	-	26412911	26392497	61	60	60	40	1204	3	43	104	1331	False	True	observed exon-aligned boundaries; not exon-repaired; not conserved
bos_taurus	ARS-UCD2.0	SRR31429688	SRR31429688.1768061	ae9de21b-881e-467f-89b4-b17a3efeefd4	Genion	PASS:GF	pPASS	ENSBTAG00000046668	ENSBTAG00000019612	10	10	-	-	26412911	26392497	0	60	60	85	1198	0	85	85	1307	False	True	observed exon-aligned boundaries; not exon-repaired; not conserved
bos_taurus	ARS-UCD2.0	SRR31429688	SRR31429688.1769805	b3df3479-4742-4f32-ac44-cf6000042625	Genion	PASS:GF	pPASS	ENSBTAG00000046668	ENSBTAG00000019612	10	10	-	-	26412911	26392497	61	60	60	38	1194	3	41	102	1316	False	True	observed exon-aligned boundaries; not exon-repaired; not conserved
bos_taurus	ARS-UCD2.0	SRR31429688	SRR31429688.1771841	ddcbca5e-8418-4097-ad3c-01589ee8c374	Genion	PASS:GF	pPASS	ENSBTAG00000046668	ENSBTAG00000019612	10	10	-	-	26412911	26392497	59	60	60	38	1179	3	41	100	1305	False	True	observed exon-aligned boundaries; not exon-repaired; not conserved
bos_taurus	ARS-UCD2.0	SRR31429688	SRR31429688.1773654	c74258c8-6ecc-4de1-8622-4967fd8bc838	Genion	PASS:GF	pPASS	ENSBTAG00000046668	ENSBTAG00000019612	10	10	-	-	26412911	26392497	60	60	60	39	1206	0	39	99	1326	False	True	observed exon-aligned boundaries; not exon-repaired; not conserved
bos_taurus	ARS-UCD2.0	SRR31429688	SRR31429688.1775268	fda69534-2a0c-4960-ad0e-2ba8f79e17d0	Genion	PASS:GF	pPASS	ENSBTAG00000046668	ENSBTAG00000019612	10	10	-	-	26412911	26392497	57	60	60	41	1210	4	49	106	1342	False	True	observed exon-aligned boundaries; not exon-repaired; not conserved
bos_taurus	ARS-UCD2.0	SRR31429688	SRR31429688.1775331	63d69cd8-9737-4910-bd13-b3cb45c70502	Genion	PASS:GF	pPASS	ENSBTAG00000046668	ENSBTAG00000019612	10	10	-	-	26412911	26392497	61	60	60	71	1202	2	79	140	1385	False	True	observed exon-aligned boundaries; not exon-repaired; not conserved
bos_taurus	ARS-UCD2.0	SRR31429688	SRR31429688.1779772	3978d2be-9d8a-44fe-a515-29db194b04fe	Genion	PASS:GF	pPASS	ENSBTAG00000046668	ENSBTAG00000019612	10	10	-	-	26412911	26392497	56	60	60	42	1186	0	45	101	1332	False	True	observed exon-aligned boundaries; not exon-repaired; not conserved
bos_taurus	ARS-UCD2.0	SRR31429688	SRR31429688.1784632	92267dfa-c3d0-45de-ae03-158761d90f02	Genion	PASS:GF	pPASS	ENSBTAG00000046668	ENSBTAG00000019612	10	10	-	-	26412911	26392497	52	60	60	38	1194	2	40	92	1316	False	True	observed exon-aligned boundaries; not exon-repaired; not conserved
bos_taurus	ARS-UCD2.0	SRR31429688	SRR31429688.1785711	cb587b6a-8728-4313-ba64-89be1218c919	Genion	PASS:GF	pPASS	ENSBTAG00000046668	ENSBTAG00000019612	10	10	-	-	26412911	26392497	57	60	60	88	1204	1	90	147	1380	False	True	observed exon-aligned boundaries; not exon-repaired; not conserved
bos_taurus	ARS-UCD2.0	SRR31429688	SRR31429688.1790395	88f9ee7c-fd2f-4855-82e2-28c90c65dd6f	Genion	PASS:GF	pPASS	ENSBTAG00000046668	ENSBTAG00000019612	10	10	-	-	26412911	26392497	59	60	60	38	1225	3	41	100	1350	False	True	observed exon-aligned boundaries; not exon-repaired; not conserved
bos_taurus	ARS-UCD2.0	SRR31429688	SRR31429688.1790707	195ae808-9f81-4a1e-aee3-08f18f4156f9	Genion	PASS:GF	pPASS	ENSBTAG00000046668	ENSBTAG00000019612	10	10	-	-	26412911	26392497	55	60	60	67	1186	0	69	124	1340	False	True	observed exon-aligned boundaries; not exon-repaired; not conserved
bos_taurus	ARS-UCD2.0	SRR31429688	SRR31429688.1794099	7dbd57e7-af06-4960-9578-335fc689aa3f	Genion	PASS:GF	pPASS	ENSBTAG00000046668	ENSBTAG00000019612	10	10	-	-	26412911	26392497	58	60	60	102	1190	0	105	163	1376	True	True	observed exon-aligned boundaries; not exon-repaired; not conserved
bos_taurus	ARS-UCD2.0	SRR31429688	SRR31429688.1794553	d4aa531e-d629-47f6-a9e8-f55e361f7be9	Genion	PASS:GF	pPASS	ENSBTAG00000046668	ENSBTAG00000019612	10	10	-	-	26412911	26392497	62	60	60	41	1199	0	41	103	1322	False	True	observed exon-aligned boundaries; not exon-repaired; not conserved
bos_taurus	ARS-UCD2.0	SRR31429688	SRR31429688.1799553	959ba21c-6349-4987-9b73-c374b900c9fd	Genion	PASS:GF	pPASS	ENSBTAG00000046668	ENSBTAG00000019612	10	10	-	-	26412911	26392497	62	60	60	40	1178	0	40	102	1295	False	True	observed exon-aligned boundaries; not exon-repaired; not conserved
bos_taurus	ARS-UCD2.0	SRR31429688	SRR31429688.1801703	c704b916-ab4c-47f6-88e3-42ac744e7dd6	Genion	PASS:GF	pPASS	ENSBTAG00000046668	ENSBTAG00000019612	10	10	-	-	26412911	26392497	58	60	60	38	1170	0	38	96	1296	False	True	observed exon-aligned boundaries; not exon-repaired; not conserved
bos_taurus	ARS-UCD2.0	SRR31429688	SRR31429688.1810120	d0bbd0cd-5e9c-46fc-b764-19f3f7e6b015	Genion	PASS:GF	pPASS	ENSBTAG00000046668	ENSBTAG00000019612	10	10	-	-	26412911	26392497	59	60	60	165	1180	0	167	226	1442	True	True	observed exon-aligned boundaries; not exon-repaired; not conserved
bos_taurus	ARS-UCD2.0	SRR31429688	SRR31429688.1812609	6a21b91f-ad41-4b8d-b7de-040cfa843e6b	Genion	PASS:GF	pPASS	ENSBTAG00000046668	ENSBTAG00000019612	10	10	-	-	26412911	26392497	84	60	60	35	1188	3	38	122	1342	False	True	observed exon-aligned boundaries; not exon-repaired; not conserved
bos_taurus	ARS-UCD2.0	SRR31429688	SRR31429688.1812755	97a0eecb-3e26-4a18-be91-77bdf8f8a47e	Genion	PASS:GF	pPASS	ENSBTAG00000046668	ENSBTAG00000019612	10	10	-	-	26412911	26392497	59	60	60	57	1213	0	59	118	1369	False	True	observed exon-aligned boundaries; not exon-repaired; not conserved
bos_taurus	ARS-UCD2.0	SRR31429688	SRR31429688.1817088	fe69a865-2694-4e21-bd6c-fb6e18558b5d	Genion	PASS:GF	pPASS	ENSBTAG00000046668	ENSBTAG00000019612	10	10	-	-	26412911	26392497	60	60	60	42	1211	1	43	103	1348	False	True	observed exon-aligned boundaries; not exon-repaired; not conserved
bos_taurus	ARS-UCD2.0	SRR31429688	SRR31429688.1817584	395ef18e-4a42-490e-8cd8-a981b55f4bbd	Genion	PASS:GF	pPASS	ENSBTAG00000046668	ENSBTAG00000019612	10	10	-	-	26412911	26392497	55	60	60	37	1196	2	39	94	1323	False	True	observed exon-aligned boundaries; not exon-repaired; not conserved
bos_taurus	ARS-UCD2.0	SRR31429688	SRR31429688.1818582	6f044dc3-29d1-4049-83bc-e707cf953b2f	Genion	PASS:GF	pPASS	ENSBTAG00000046668	ENSBTAG00000019612	10	10	-	-	26412911	26392497	60	60	60	37	1194	3	42	102	1309	False	True	observed exon-aligned boundaries; not exon-repaired; not conserved
bos_taurus	ARS-UCD2.0	SRR31429688	SRR31429688.1819054	32f98cd5-8dee-4e9e-89b7-fb11cc070831	Genion	PASS:GF	pPASS	ENSBTAG00000046668	ENSBTAG00000019612	10	10	-	-	26412911	26392497	57	60	60	40	1200	1	41	98	1307	False	True	observed exon-aligned boundaries; not exon-repaired; not conserved
bos_taurus	ARS-UCD2.0	SRR31429688	SRR31429688.1822351	0774cfea-650f-4347-8cb8-f575c0b39ff6	Genion	PASS:GF	pPASS	ENSBTAG00000046668	ENSBTAG00000019612	10	10	-	-	26412911	26392497	55	60	60	40	1186	0	41	96	1299	False	True	observed exon-aligned boundaries; not exon-repaired; not conserved
bos_taurus	ARS-UCD2.0	SRR31429688	SRR31429688.1825636	55edf8d6-f328-46e9-a710-f707039cf1f2	Genion	PASS:GF	pPASS	ENSBTAG00000046668	ENSBTAG00000019612	10	10	-	-	26412911	26392497	58	60	60	42	1175	2	44	102	1313	False	True	observed exon-aligned boundaries; not exon-repaired; not conserved
bos_taurus	ARS-UCD2.0	SRR31429688	SRR31429688.1827202	2be7e299-dc99-4e28-af40-f9553956de56	Genion	PASS:GF	pPASS	ENSBTAG00000046668	ENSBTAG00000019612	10	10	-	-	26412911	26392497	63	60	60	38	1176	3	44	107	1339	False	True	observed exon-aligned boundaries; not exon-repaired; not conserved
bos_taurus	ARS-UCD2.0	SRR31429688	SRR31429688.1829012	1fbf40cd-cfbc-4adc-a5b6-034422946433	Genion	PASS:GF	pPASS	ENSBTAG00000046668	ENSBTAG00000019612	10	10	-	-	26412911	26392497	62	60	60	42	1231	1	43	105	1384	False	True	observed exon-aligned boundaries; not exon-repaired; not conserved
bos_taurus	ARS-UCD2.0	SRR31429688	SRR31429688.1830135	98f32082-f60a-436b-8c19-a26acf01347b	Genion	PASS:GF	pPASS	ENSBTAG00000046668	ENSBTAG00000019612	10	10	-	-	26412911	26392497	59	60	60	38	1198	3	44	103	1318	False	True	observed exon-aligned boundaries; not exon-repaired; not conserved
bos_taurus	ARS-UCD2.0	SRR31429688	SRR31429688.1833587	7d6758b9-df83-41e6-aaee-ca7fc7aec007	Genion	PASS:GF	pPASS	ENSBTAG00000046668	ENSBTAG00000019612	10	10	-	-	26412911	26392497	65	60	60	41	1206	0	43	108	1342	False	True	observed exon-aligned boundaries; not exon-repaired; not conserved
bos_taurus	ARS-UCD2.0	SRR31429688	SRR31429688.1837643	e120893f-2e81-4b69-be3b-7ad509c5762e	Genion	PASS:GF	pPASS	ENSBTAG00000046668	ENSBTAG00000019612	10	10	-	-	26412911	26392497	58	60	60	49	1205	0	49	107	1331	False	True	observed exon-aligned boundaries; not exon-repaired; not conserved
bos_taurus	ARS-UCD2.0	SRR31429688	SRR31429688.1841673	77632d19-3357-426b-86f8-d197794d6ffc	Genion	PASS:GF	pPASS	ENSBTAG00000046668	ENSBTAG00000019612	10	10	-	-	26412911	26392497	58	60	60	42	1204	0	42	100	1328	False	True	observed exon-aligned boundaries; not exon-repaired; not conserved
bos_taurus	ARS-UCD2.0	SRR31429688	SRR31429688.1844749	3e54ec62-8166-40be-8bd1-bfee7e54bb42	Genion	PASS:GF	pPASS	ENSBTAG00000046668	ENSBTAG00000019612	10	10	-	-	26412911	26392497	59	60	60	38	1196	3	41	100	1321	False	True	observed exon-aligned boundaries; not exon-repaired; not conserved
bos_taurus	ARS-UCD2.0	SRR31429688	SRR31429688.1851292	63b31391-c558-4551-b0c9-9a9cd43f7fbf	Genion	PASS:GF	pPASS	ENSBTAG00000046668	ENSBTAG00000019612	10	10	-	-	26412911	26392497	58	60	60	24	1181	20	45	103	1311	False	True	observed exon-aligned boundaries; not exon-repaired; not conserved
bos_taurus	ARS-UCD2.0	SRR31429688	SRR31429688.1853768	83d026f4-fef3-458c-94e9-fc6cdd8c104e	Genion	PASS:GF	pPASS	ENSBTAG00000046668	ENSBTAG00000019612	10	10	-	-	26412911	26392497	58	60	60	39	1184	0	39	97	1304	False	True	observed exon-aligned boundaries; not exon-repaired; not conserved
bos_taurus	ARS-UCD2.0	SRR31429688	SRR31429688.1857123	bdc01e9f-5e37-4d9c-9d4a-a92303fddfa1	Genion	PASS:GF	pPASS	ENSBTAG00000046668	ENSBTAG00000019612	10	10	-	-	26412911	26392497	55	60	60	41	1193	0	42	97	1315	False	True	observed exon-aligned boundaries; not exon-repaired; not conserved
bos_taurus	ARS-UCD2.0	SRR31429688	SRR31429688.1858502	bdc4cef2-6cb4-42c7-a282-52b2a4fc81fc	Genion	PASS:GF	pPASS	ENSBTAG00000046668	ENSBTAG00000019612	10	10	-	-	26412911	26392497	58	60	60	40	1210	0	40	98	1326	False	True	observed exon-aligned boundaries; not exon-repaired; not conserved
bos_taurus	ARS-UCD2.0	SRR31429688	SRR31429688.1859952	0ab25660-3750-4c84-9b5f-007f20235cca	Genion	PASS:GF	pPASS	ENSBTAG00000046668	ENSBTAG00000019612	10	10	-	-	26412911	26392497	62	60	60	38	1189	3	42	104	1314	False	True	observed exon-aligned boundaries; not exon-repaired; not conserved
bos_taurus	ARS-UCD2.0	SRR31429688	SRR31429688.1860447	ecd9f594-edfb-4590-8c77-fbf0112faf60	Genion	PASS:GF	pPASS	ENSBTAG00000046668	ENSBTAG00000019612	10	10	-	-	26412911	26392497	61	60	60	42	1223	0	42	103	1352	False	True	observed exon-aligned boundaries; not exon-repaired; not conserved
bos_taurus	ARS-UCD2.0	SRR31429688	SRR31429688.1862849	7ed8bf67-12d3-415f-818c-b3c12327fc53	Genion	PASS:GF	pPASS	ENSBTAG00000046668	ENSBTAG00000019612	10	10	-	-	26412911	26392497	56	60	60	37	1159	2	41	97	1283	False	True	observed exon-aligned boundaries; not exon-repaired; not conserved
bos_taurus	ARS-UCD2.0	SRR31429688	SRR31429688.1862901	35c60f3e-e334-45b3-a833-96e7c0cf4f2e	Genion	PASS:GF	pPASS	ENSBTAG00000046668	ENSBTAG00000019612	10	10	-	-	26412911	26392497	63	60	60	37	1196	2	41	104	1332	False	True	observed exon-aligned boundaries; not exon-repaired; not conserved
bos_taurus	ARS-UCD2.0	SRR31429688	SRR31429688.1866283	b94cc896-fcd3-4b34-9d56-dbf43b8bf8ac	Genion	PASS:GF	pPASS	ENSBTAG00000046668	ENSBTAG00000019612	10	10	-	-	26412911	26392491	56	60	60	41	1207	0	41	97	1325	False	True	observed exon-aligned boundaries; not exon-repaired; not conserved
bos_taurus	ARS-UCD2.0	SRR31429688	SRR31429688.1870003	52c00799-aa02-42e0-8245-ae23e4e5aa83	Genion	PASS:GF	pPASS	ENSBTAG00000046668	ENSBTAG00000019612	10	10	-	-	26412911	26392497	56	60	60	41	1181	0	41	97	1334	False	True	observed exon-aligned boundaries; not exon-repaired; not conserved
bos_taurus	ARS-UCD2.0	SRR31429688	SRR31429688.1872037	c32646e3-2efd-4a27-acf2-1c658ef68229	Genion	PASS:GF	pPASS	ENSBTAG00000046668	ENSBTAG00000019612	10	10	-	-	26412911	26392497	61	60	60	41	1219	1	42	103	1343	False	True	observed exon-aligned boundaries; not exon-repaired; not conserved
bos_taurus	ARS-UCD2.0	SRR31429688	SRR31429688.1878307	90b18f18-6e61-4391-85f2-d2ea1a7f3824	Genion	PASS:GF	pPASS	ENSBTAG00000046668	ENSBTAG00000019612	10	10	-	-	26412911	26392497	58	60	60	38	1168	3	41	99	1289	False	True	observed exon-aligned boundaries; not exon-repaired; not conserved
bos_taurus	ARS-UCD2.0	SRR31429688	SRR31429688.1879965	bbde6960-104e-4f83-aab9-69045de6cfd4	Genion	PASS:GF	pPASS	ENSBTAG00000046668	ENSBTAG00000019612	10	10	-	-	26412911	26392497	60	60	60	42	1223	1	43	103	1368	False	True	observed exon-aligned boundaries; not exon-repaired; not conserved
bos_taurus	ARS-UCD2.0	SRR31429688	SRR31429688.1880159	b60ef90d-5841-4957-ba24-3ba53dd7d705	Genion	PASS:GF	pPASS	ENSBTAG00000046668	ENSBTAG00000019612	10	10	-	-	26412911	26392497	58	60	60	40	1191	0	40	98	1310	False	True	observed exon-aligned boundaries; not exon-repaired; not conserved
bos_taurus	ARS-UCD2.0	SRR31429688	SRR31429688.1880338	ca9f0b6d-de04-4967-a3a7-120a36a54764	Genion	PASS:GF	pPASS	ENSBTAG00000046668	ENSBTAG00000019612	10	10	-	-	26412911	26392497	63	60	60	37	1186	3	41	104	1331	False	True	observed exon-aligned boundaries; not exon-repaired; not conserved
bos_taurus	ARS-UCD2.0	SRR31429688	SRR31429688.1880461	b28610e4-e86e-450b-8af1-4c77e69805e6	Genion	PASS:GF	pPASS	ENSBTAG00000046668	ENSBTAG00000019612	10	10	-	-	26412911	26392497	61	60	60	306	1191	1	314	375	1606	True	True	observed exon-aligned boundaries; not exon-repaired; not conserved
bos_taurus	ARS-UCD2.0	SRR31429688	SRR31429688.1880727	ff4966df-8483-4b00-a9fd-02ed3865928f	Genion	PASS:GF	pPASS	ENSBTAG00000046668	ENSBTAG00000019612	10	10	-	-	26412911	26392497	57	60	60	37	1175	3	40	97	1316	False	True	observed exon-aligned boundaries; not exon-repaired; not conserved
bos_taurus	ARS-UCD2.0	SRR31429688	SRR31429688.1881362	0ec199c6-715e-41a3-b63b-b717645150a7	Genion	PASS:GF	pPASS	ENSBTAG00000046668	ENSBTAG00000019612	10	10	-	-	26412911	26392497	60	60	60	303	1233	2	309	369	1636	True	True	observed exon-aligned boundaries; not exon-repaired; not conserved
bos_taurus	ARS-UCD2.0	SRR31429688	SRR31429688.1882286	62b56266-62d7-4c9a-ba89-8ea3ab2876c6	Genion	PASS:GF	pPASS	ENSBTAG00000046668	ENSBTAG00000019612	10	10	-	-	26412911	26392497	59	60	60	38	1174	4	42	101	1338	False	True	observed exon-aligned boundaries; not exon-repaired; not conserved
bos_taurus	ARS-UCD2.0	SRR31429688	SRR31429688.1886707	a8baa783-3b60-4e18-ba20-005d66566882	Genion	PASS:GF	pPASS	ENSBTAG00000046668	ENSBTAG00000019612	10	10	-	-	26412911	26392497	59	60	60	42	1181	0	44	103	1306	False	True	observed exon-aligned boundaries; not exon-repaired; not conserved
bos_taurus	ARS-UCD2.0	SRR31429688	SRR31429688.1887472	30719201-fece-4399-bb38-187b38ed2dab	Genion	PASS:GF	pPASS	ENSBTAG00000046668	ENSBTAG00000019612	10	10	-	-	26412911	26392497	58	60	60	36	1223	3	41	99	1337	False	True	observed exon-aligned boundaries; not exon-repaired; not conserved
bos_taurus	ARS-UCD2.0	SRR31429688	SRR31429688.1887905	e311d9a9-555f-4a22-8d3d-ba46ad2275ff	Genion	PASS:GF	pPASS	ENSBTAG00000046668	ENSBTAG00000019612	10	10	-	-	26412911	26392497	54	60	60	41	1201	1	42	96	1317	False	True	observed exon-aligned boundaries; not exon-repaired; not conserved
bos_taurus	ARS-UCD2.0	SRR31429688	SRR31429688.1889068	869a9d67-fd33-4c72-9386-6387a9891a83	Genion	PASS:GF	pPASS	ENSBTAG00000046668	ENSBTAG00000019612	10	10	-	-	26412911	26392497	59	60	60	39	1135	3	42	101	1258	False	True	observed exon-aligned boundaries; not exon-repaired; not conserved
bos_taurus	ARS-UCD2.0	SRR31429688	SRR31429688.1894052	ea103639-8f7b-49d7-8b30-db67b4dd9ee8	Genion	PASS:GF	pPASS	ENSBTAG00000046668	ENSBTAG00000019612	10	10	-	-	26412911	26392497	61	60	60	35	1187	4	39	100	1305	False	True	observed exon-aligned boundaries; not exon-repaired; not conserved
bos_taurus	ARS-UCD2.0	SRR31429688	SRR31429688.1895972	bcbeee9c-ab62-4769-8f64-4f693a3ae97e	Genion	PASS:GF	pPASS	ENSBTAG00000046668	ENSBTAG00000019612	10	10	-	-	26412911	26392497	59	60	60	40	1197	0	40	99	1315	False	True	observed exon-aligned boundaries; not exon-repaired; not conserved
bos_taurus	ARS-UCD2.0	SRR31429688	SRR31429688.1897810	09537188-0ddd-4cd2-ba1c-8494aebd1cb1	Genion	PASS:GF	pPASS	ENSBTAG00000046668	ENSBTAG00000019612	10	10	-	-	26412911	26392497	59	60	60	44	1206	0	45	104	1327	False	True	observed exon-aligned boundaries; not exon-repaired; not conserved
bos_taurus	ARS-UCD2.0	SRR31429688	SRR31429688.1898082	42e5cf74-1fe7-45b3-8699-c5eb60015842	Genion	PASS:GF	pPASS	ENSBTAG00000046668	ENSBTAG00000019612	10	10	-	-	26412911	26392497	57	60	60	38	1207	7	47	104	1331	False	True	observed exon-aligned boundaries; not exon-repaired; not conserved
bos_taurus	ARS-UCD2.0	SRR31429688	SRR31429688.1898344	5dc97993-a9b3-4e83-80a6-3a0318f67f39	Genion	PASS:GF	pPASS	ENSBTAG00000046668	ENSBTAG00000019612	10	10	-	-	26412911	26392497	58	60	60	36	1177	4	41	99	1309	False	True	observed exon-aligned boundaries; not exon-repaired; not conserved
bos_taurus	ARS-UCD2.0	SRR31429688	SRR31429688.1899406	93eae19a-ada5-4dc7-a937-abd516088a99	Genion	PASS:GF	pPASS	ENSBTAG00000046668	ENSBTAG00000019612	10	10	-	-	26412911	26392497	59	60	60	43	1204	0	43	102	1332	False	True	observed exon-aligned boundaries; not exon-repaired; not conserved
bos_taurus	ARS-UCD2.0	SRR31429688	SRR31429688.1900781	5ff0122d-605f-4eed-9060-82765455ffff	Genion	PASS:GF	pPASS	ENSBTAG00000046668	ENSBTAG00000019612	10	10	-	-	26412911	26392497	58	60	60	39	1194	0	41	99	1316	False	True	observed exon-aligned boundaries; not exon-repaired; not conserved
bos_taurus	ARS-UCD2.0	SRR31429688	SRR31429688.1901888	7d6120f9-a5ce-4220-99e6-995a7514b964	Genion	PASS:GF	pPASS	ENSBTAG00000046668	ENSBTAG00000019612	10	10	-	-	26412911	26392497	58	60	60	42	1205	0	42	100	1315	False	True	observed exon-aligned boundaries; not exon-repaired; not conserved
bos_taurus	ARS-UCD2.0	SRR31429688	SRR31429688.1905451	2150bcc8-5305-4ad6-a55c-ddfcb3bd4e10	Genion	PASS:GF	pPASS	ENSBTAG00000046668	ENSBTAG00000019612	10	10	-	-	26412911	26392497	58	60	60	33	1189	5	38	96	1331	False	True	observed exon-aligned boundaries; not exon-repaired; not conserved
bos_taurus	ARS-UCD2.0	SRR31429688	SRR31429688.1966438	92ef3f67-f008-48e3-888a-70d7df2a3b14	Genion	PASS:GF	pPASS	ENSBTAG00000046668	ENSBTAG00000019612	10	10	-	-	26412911	26392497	63	60	60	19	1144	15	34	97	1357	False	True	observed exon-aligned boundaries; not exon-repaired; not conserved
bos_taurus	ARS-UCD2.0	SRR31429688	SRR31429688.1969364	b427e60c-ac5e-49c2-ba47-d37813012825	Genion	PASS:GF	pPASS	ENSBTAG00000046668	ENSBTAG00000019612	10	10	-	-	26412911	26392497	59	60	60	62	934	0	63	122	1084	False	True	observed exon-aligned boundaries; not exon-repaired; not conserved
bos_taurus	ARS-UCD2.0	SRR31429688	SRR31429688.2126061	33effa6f-5018-46e7-9ad6-59d312efe07b	Genion	PASS:GF	pPASS	ENSBTAG00000046668	ENSBTAG00000019612	10	10	-	-	26412911	26392497	53	60	60	38	1090	23	61	114	1284	False	True	observed exon-aligned boundaries; not exon-repaired; not conserved
bos_taurus	ARS-UCD2.0	SRR31429688	SRR31429688.1469280	50c8868c-6aa3-4412-8ca5-e98e02232a82	Genion	PASS:RT	pFAIL	ENSBTAG00000057714	ENSBTAG00000019612	10	10	-	-	26396433	26392497	3833	60	60	538	1190	537	1080	4913	6120	True	False	observed exon-aligned boundaries; not exon-repaired; not conserved
bos_taurus	ARS-UCD2.0	SRR31429688	SRR31429688.1083381	17e68fff-bbbc-442d-950b-72e13c23294f	Genion	PASS:RT	pFAIL	ENSBTAG00000025005	ENSBTAG00000047358	5	5	-	-	29006574	28982522	0	60	60	476	945	0	487	487	1454	True	False	observed exon-aligned boundaries; not exon-repaired; not conserved
bos_taurus	ARS-UCD2.0	SRR31429688	SRR31429688.40049	02afae6e-236d-48fb-8382-76619001d496	Genion	PASS:GF	pPASS	ENSBTAG00000067291	ENSBTAG00000037571	14	14	-	-	54861688	54855552	120	60	60	23	1034	5	28	148	1208	False	True	observed exon-aligned boundaries; not exon-repaired; not conserved
bos_taurus	ARS-UCD2.0	SRR31429688	SRR31429688.53423	e1d44587-6f7d-4385-8a00-6cd1cf789ad7	Genion	PASS:GF	pPASS	ENSBTAG00000067291	ENSBTAG00000037571	14	14	-	-	54861688	54855552	111	60	60	33	1882	0	33	144	2059	False	True	observed exon-aligned boundaries; not exon-repaired; not conserved
bos_taurus	ARS-UCD2.0	SRR31429688	SRR31429688.847067	bfcaafd8-08b8-41fe-b30b-4b316bd45e0b	Genion	PASS:GF	pPASS	ENSBTAG00000067291	ENSBTAG00000037571	14	14	-	-	54861688	54855552	119	60	60	32	1016	0	33	152	1190	False	True	observed exon-aligned boundaries; not exon-repaired; not conserved
bos_taurus	ARS-UCD2.0	SRR31429688	SRR31429688.895413	73a6b450-a0c4-4225-94c6-4019f596f154	Genion	PASS:GF	pPASS	ENSBTAG00000067291	ENSBTAG00000037571	14	14	-	-	54861688	54855552	103	60	60	34	1037	0	34	137	1198	False	True	observed exon-aligned boundaries; not exon-repaired; not conserved
bos_taurus	ARS-UCD2.0	SRR31429688	SRR31429688.1203152	ef136d8d-01d4-4197-8cc5-798da987d1ab	Genion	PASS:GF	pPASS	ENSBTAG00000067291	ENSBTAG00000037571	14	14	-	-	54861688	54855552	126	60	60	34	1018	0	36	162	1198	False	True	observed exon-aligned boundaries; not exon-repaired; not conserved
bos_taurus	ARS-UCD2.0	SRR31429688	SRR31429688.586159	5cf7c53f-dadc-48c0-bdd9-8712291865d2	Genion	PASS:RT	pFAIL	ENSBTAG00000046076	ENSBTAG00000073706	21	21	+	-	292074	70986	77	45	60	352	1400	4	361	438	1871	True	False	observed exon-aligned boundaries; not exon-repaired; not conserved
bos_taurus	ARS-UCD2.0	SRR31429688	SRR31429688.166050	f1e2e557-d0fc-4961-80dd-8f3062317aaf	Genion	PASS:RT	pFAIL	ENSBTAG00000046664	ENSBTAG00000047739	12	12	-	-	14798263	14680813	0	60	60	473	1374	3	488	488	1890	True	False	observed exon-aligned boundaries; not exon-repaired; not conserved
bos_taurus	ARS-UCD2.0	SRR31429688	SRR31429688.383870	ed0254d2-3122-45fb-94c9-fae3e4cfb2b7	Genion	PASS:RT	pFAIL	ENSBTAG00000047223	ENSBTAG00000052413	13	13	-	-	57531508	57479955	-2	60	60	658	1328	140	817	815	2189	True	False	observed exon-aligned boundaries; not exon-repaired; not conserved
bos_taurus	ARS-UCD2.0	SRR31429688	SRR31429688.911128	4098b60b-0c22-4bda-94d6-c90f017ace32	Genion	PASS:RT	pFAIL	ENSBTAG00000047223	ENSBTAG00000052413	13	13	-	-	57531508	57479955	-2	60	60	122	1306	2	127	125	1450	True	False	observed exon-aligned boundaries; not exon-repaired; not conserved
bos_taurus	ARS-UCD2.0	SRR31429688	SRR31429688.1670238	a20bc369-6cb5-404a-8422-f6310105691b	Genion	PASS:RT	pFAIL	ENSBTAG00000047223	ENSBTAG00000052413	13	13	-	-	57531508	57479955	-2	60	60	382	1362	0	389	387	1775	True	False	observed exon-aligned boundaries; not exon-repaired; not conserved
bos_taurus	ARS-UCD2.0	SRR31429688	SRR31429688.1230117	e285e62b-5e65-4a54-b570-8b63a01d7d84	Genion	PASS:RT	pFAIL	ENSBTAG00000055563	ENSBTAG00000047281	10	10	+	+	36316026	36318263	2202	60	60	42	866	101	240	2442	3333	False	False	observed exon-aligned boundaries; not exon-repaired; not conserved
bos_taurus	ARS-UCD2.0	SRR31429688	SRR31429688.1744327	fd85e2fd-4caf-4050-a3e9-0e61f01b18b7	Genion	PASS:RT	pFAIL	ENSBTAG00000055563	ENSBTAG00000047281	10	10	+	+	36316026	36318263	2196	60	60	39	328	57	197	2393	2725	False	False	observed exon-aligned boundaries; not exon-repaired; not conserved
bos_taurus	ARS-UCD2.0	SRR31429688	SRR31429688.32230	07327b59-8f33-4977-9617-53a812bde250	Genion	PASS:GF	pPASS	ENSBTAG00000050088	ENSBTAG00000047700	21	20	+	+	394658	71964429	116	60	60	352	1045	4	375	491	1595	True	True	observed exon-aligned boundaries; not exon-repaired; not conserved
bos_taurus	ARS-UCD2.0	SRR31429688	SRR31429688.310595	d037c698-69fc-405b-b48d-88134f9c68c2	Genion	PASS:GF	pPASS	ENSBTAG00000050088	ENSBTAG00000047700	21	20	+	+	394652	71964427	81	1	60	361	1041	1	382	463	1545	False	True	observed exon-aligned boundaries; not exon-repaired; not conserved
bos_taurus	ARS-UCD2.0	SRR31429688	SRR31429688.697829	f4e07925-0a06-4a31-a759-46bb0f2d3bdf	Genion	PASS:GF	pPASS	ENSBTAG00000050088	ENSBTAG00000047700	21	20	+	+	394646	71964426	97	12	60	340	1055	4	351	448	1525	False	True	observed exon-aligned boundaries; not exon-repaired; not conserved
bos_taurus	ARS-UCD2.0	SRR31429688	SRR31429688.1020461	ae7ebc91-5f99-4e4d-b7b2-16eab0190e07	Genion	PASS:GF	pPASS	ENSBTAG00000050088	ENSBTAG00000047700	21	20	+	+	381153	71964431	83	43	60	359	1013	0	390	473	1514	True	True	observed exon-aligned boundaries; not exon-repaired; not conserved
bos_taurus	ARS-UCD2.0	SRR31429688	SRR31429688.1356835	72ae0a8d-5ac0-4b0c-a667-9b8b7688533c	Genion	PASS:GF	pPASS	ENSBTAG00000050088	ENSBTAG00000047700	21	20	+	+	394656	71964429	88	15	60	353	1051	0	365	453	1544	False	True	observed exon-aligned boundaries; not exon-repaired; not conserved
bos_taurus	ARS-UCD2.0	SRR31429688	SRR31429688.1418767	1fab184c-63ec-49e5-85c5-340058093309	Genion	PASS:GF	pPASS	ENSBTAG00000050088	ENSBTAG00000047700	21	20	+	+	394653	71964427	85	14	60	354	1050	0	362	447	1518	False	True	observed exon-aligned boundaries; not exon-repaired; not conserved
bos_taurus	ARS-UCD2.0	SRR31429688	SRR31429688.1467176	8a229067-453a-414a-be05-eb3f0ae942df	Genion	PASS:GF	pPASS	ENSBTAG00000050088	ENSBTAG00000047700	21	20	+	+	381139	71964431	79	10	60	263	992	73	346	425	1476	False	True	observed exon-aligned boundaries; not exon-repaired; not conserved
bos_taurus	ARS-UCD2.0	SRR31429688	SRR31429688.461078	b81f5a15-6ed7-4684-80a7-370818de0196	Genion	PASS:GF	pPASS	ENSBTAG00000050088	ENSBTAG00000055240	21	20	+	+	394652	71902723	108	1	60	355	935	0	360	468	1425	False	True	observed exon-aligned boundaries; not exon-repaired; not conserved
bos_taurus	ARS-UCD2.0	SRR31429688	SRR31429688.472770	cf7bd8af-1191-44cc-ab97-8d45910fede0	Genion	PASS:GF	pPASS	ENSBTAG00000050088	ENSBTAG00000055240	21	20	+	+	394654	71902703	108	0	60	359	936	0	373	481	1451	False	True	observed exon-aligned boundaries; not exon-repaired; not conserved
bos_taurus	ARS-UCD2.0	SRR31429688	SRR31429688.1240504	3a84881c-6cc0-43b3-a866-0e46c05bf5cb	Genion	PASS:GF	pPASS	ENSBTAG00000050088	ENSBTAG00000055240	21	20	+	+	381151	71902703	67	34	60	379	952	0	383	450	1413	True	True	observed exon-aligned boundaries; not exon-repaired; not conserved
bos_taurus	ARS-UCD2.0	SRR31429688	SRR31429688.1582838	c56ea033-da1b-4639-ab1e-0d4577dd78c7	Genion	PASS:GF	pPASS	ENSBTAG00000050088	ENSBTAG00000055240	21	20	+	+	394658	71902703	100	36	60	346	916	5	367	467	1409	True	True	observed exon-aligned boundaries; not exon-repaired; not conserved
bos_taurus	ARS-UCD2.0	SRR31429688	SRR31429688.1769639	cd37796a-d5c1-4b58-96f6-63a3aca36555	Genion	PASS:GF	pPASS	ENSBTAG00000050088	ENSBTAG00000055240	21	20	+	+	394652	71902706	82	1	60	350	927	1	366	448	1394	False	True	observed exon-aligned boundaries; not exon-repaired; not conserved
bos_taurus	ARS-UCD2.0	SRR31429688	SRR31429688.1874500	a51d78c6-4ede-4d84-a8ae-ab325b2f0a1c	Genion	PASS:GF	pPASS	ENSBTAG00000050088	ENSBTAG00000055240	21	20	+	+	394647	71902703	55	1	60	346	944	1	350	405	1376	False	True	observed exon-aligned boundaries; not exon-repaired; not conserved
bos_taurus	ARS-UCD2.0	SRR31429688	SRR31429688.1189955	6c0ebe27-e6b8-4b04-919a-b23f9f168602	Genion	PASS:GF	pPASS	ENSBTAG00000050088	ENSBTAG00000055240	21	20	+	+	394659	71902703	111	1	60	181	953	1	201	312	1300	False	True	observed exon-aligned boundaries; not exon-repaired; not conserved
bos_taurus	ARS-UCD2.0	SRR31429688	SRR31429688.1146152	bca7261f-04c0-4441-89c8-78203577abfb	Genion	PASS:RT	pFAIL	ENSBTAG00000050088	ENSBTAG00000073706	21	21	+	-	394637	70986	86	1	60	332	1440	2	344	430	1895	False	False	observed exon-aligned boundaries; not exon-repaired; not conserved
bos_taurus	ARS-UCD2.0	SRR31429688	SRR31429688.586220	d949b853-3155-4890-aad0-1b84ae6c502d	Genion	PASS:RT	pFAIL	ENSBTAG00000050088	ENSBTAG00000073706	21	21	+	-	381151	70986	103	1	60	107	1408	68	175	278	1712	False	False	observed exon-aligned boundaries; not exon-repaired; not conserved
bos_taurus	ARS-UCD2.0	SRR31429688	SRR31429688.1475355	224f75a8-a8dd-4c05-bc8c-bde3a897ebba	Genion	PASS:RT	pFAIL	ENSBTAG00000050088	ENSBTAG00000073706	21	21	+	-	394647	70986	80	12	60	202	1418	0	206	286	1740	False	False	observed exon-aligned boundaries; not exon-repaired; not conserved
bos_taurus	ARS-UCD2.0	SRR31429688	SRR31429688.204233	37f89f05-832a-420d-bdee-ad3c3aafef82	Genion	PASS:GF	pPASS	ENSBTAG00000053508	ENSBTAG00000055240	21	20	+	+	327694	71902712	213	60	60	351	919	2	365	578	1554	True	True	observed exon-aligned boundaries; not exon-repaired; not conserved
bos_taurus	ARS-UCD2.0	SRR31429688	SRR31429688.347956	6249bc54-9ff9-4534-84a0-0a3361a22922	Genion	PASS:GF	pPASS	ENSBTAG00000053508	ENSBTAG00000055240	21	20	+	+	327695	71902703	100	48	60	365	943	12	387	487	1443	True	True	observed exon-aligned boundaries; not exon-repaired; not conserved
bos_taurus	ARS-UCD2.0	SRR31429688	SRR31429688.575380	caea5de3-6f61-4012-ab33-2aeb90af826b	Genion	PASS:GF	pPASS	ENSBTAG00000053508	ENSBTAG00000055240	21	20	+	+	327692	71902703	77	44	59	358	944	0	373	450	1437	True	True	observed exon-aligned boundaries; not exon-repaired; not conserved
bos_taurus	ARS-UCD2.0	SRR31429688	SRR31429688.1028198	38993b46-35e9-4fb0-8a10-876d98317070	Genion	PASS:GF	pPASS	ENSBTAG00000053508	ENSBTAG00000055240	21	20	+	+	327691	71902703	106	60	60	358	937	0	365	471	1428	True	True	observed exon-aligned boundaries; not exon-repaired; not conserved
bos_taurus	ARS-UCD2.0	SRR31429688	SRR31429688.1422663	ef0a35e7-c717-4594-9786-80fd76f11603	Genion	PASS:GF	pPASS	ENSBTAG00000053508	ENSBTAG00000055240	21	20	+	+	327673	71902703	117	60	60	341	929	0	347	464	1426	True	True	observed exon-aligned boundaries; not exon-repaired; not conserved
bos_taurus	ARS-UCD2.0	SRR31429688	SRR31429688.165773	baab48c8-0d82-4438-baf6-80c180e7f76e	Genion	PASS:GF	pPASS	ENSBTAG00000053508	ENSBTAG00000055240	21	20	+	+	327692	71902709	56	10	60	278	929	40	326	382	1337	False	True	observed exon-aligned boundaries; not exon-repaired; not conserved
bos_taurus	ARS-UCD2.0	SRR31429688	SRR31429688.206513	5e90bc43-28e7-4582-835d-dc4a033a6aa1	Genion	PASS:RT	pFAIL	ENSBTAG00000053508	ENSBTAG00000073706	21	21	+	-	327693	70986	110	33	60	345	1433	0	355	465	1949	True	False	observed exon-aligned boundaries; not exon-repaired; not conserved
bos_taurus	ARS-UCD2.0	SRR31429688	SRR31429688.581192	5184f773-4be8-48a1-8871-5a475e10aee9	Genion	PASS:RT	pFAIL	ENSBTAG00000053508	ENSBTAG00000073706	21	21	+	-	327697	70986	90	1	54	360	1427	13	389	479	1976	False	False	observed exon-aligned boundaries; not exon-repaired; not conserved
bos_taurus	ARS-UCD2.0	SRR31429688	SRR31429688.1511719	c8d63fbc-03c2-41d2-822f-4ec000ef9898	Genion	PASS:RT	pFAIL	ENSBTAG00000053508	ENSBTAG00000073706	21	21	+	-	327691	70986	48	1	47	354	1402	0	369	417	1871	False	False	observed exon-aligned boundaries; not exon-repaired; not conserved
bos_taurus	ARS-UCD2.0	SRR31429688	SRR31429688.987503	6fc9643a-4b0e-4c65-8afb-4fb52ee9b506	Genion	PASS:RT	pFAIL	ENSBTAG00000053508	ENSBTAG00000073706	21	21	+	-	327697	70986	82	1	57	282	1426	70	360	442	1909	False	False	observed exon-aligned boundaries; not exon-repaired; not conserved
