peptide_id	sequence_sha256	pair_ids	role	selection_arm	category	architecture	architecture_absent_current	f_idr	inclusion_probability	length_aa	sequence_matches	mean_plddt	fraction_plddt_below_50	fraction_plddt_ge70	mean_pae_angstrom	worker	wall_seconds	protocol_id	seed	junction_window_mean_plddt	model_path
peptide_8eff60020c7b73902ec134953b2a62d02b00b5ab7ff4a38d32e5198606d13e58	8eff60020c7b73902ec134953b2a62d02b00b5ab7ff4a38d32e5198606d13e58	Slc17a5:Ifi204	sensitivity	representative_stratified_random	no_Pfam_hit		False		0.3979591836734694	36	True	54.563236236572266	0.16666666666666666	0.0	12.728265762329102	chrna-expand-1026-1		boltz2_2.2.1_single_sequence_batch8	20260919	57.29489517211914	collected/chrna-expand-1026-1/models/protein_8eff60020c7b73902ec134953b2a62d02b00b5ab7ff4a38d32e5198606d13e58_single_sequence_seed20260919/model.cif
peptide_279eb4682b63be586634aa9492bf9e1491e7084bc839b2489272a8e071503588	279eb4682b63be586634aa9492bf9e1491e7084bc839b2489272a8e071503588	Smg1:Picalm	sensitivity	representative_stratified_random	no_Pfam_hit		False		0.3979591836734694	44	True	51.997047424316406	0.3181818181818182	0.0	14.652135848999023	chrna-expand-1026-1		boltz2_2.2.1_single_sequence_batch8	20260919	52.94987106323242	collected/chrna-expand-1026-1/models/protein_279eb4682b63be586634aa9492bf9e1491e7084bc839b2489272a8e071503588_single_sequence_seed20260919/model.cif
control_d1ca773eed93db97c1b0ad90ac29b2f29a215e99c62c27b0cd47583a75aee905	d1ca773eed93db97c1b0ad90ac29b2f29a215e99c62c27b0cd47583a75aee905	Adam8:Tyrobp	control	matched_parent_fragment_control	parent_fragment				matched_control	48	True	62.76519775390625	0.041666666666666664	0.22916666666666666	15.739763259887695	chrna-expand-1026-1		boltz2_2.2.1_single_sequence_batch8	20260919		collected/chrna-expand-1026-1/models/protein_d1ca773eed93db97c1b0ad90ac29b2f29a215e99c62c27b0cd47583a75aee905_single_sequence_seed20260919/model.cif
peptide_2a1857cced467b3a75f048c0e7ebe04d1f7bd8b5a821007b674226ac9a9d0913	2a1857cced467b3a75f048c0e7ebe04d1f7bd8b5a821007b674226ac9a9d0913	Ccdc97:Ddrgk1	sensitivity	domain_diversity_enriched	no_Pfam_hit		False		not_probability_sample	54	True	49.63005065917969	0.5740740740740741	0.0	17.103315353393555	chrna-expand-1026-1		boltz2_2.2.1_single_sequence_batch8	20260919	49.363136291503906	collected/chrna-expand-1026-1/models/protein_2a1857cced467b3a75f048c0e7ebe04d1f7bd8b5a821007b674226ac9a9d0913_single_sequence_seed20260919/model.cif
peptide_1531752d4da8305c9a01d6631626e0c93d461f729e915c43be5587dfdd58134f	1531752d4da8305c9a01d6631626e0c93d461f729e915c43be5587dfdd58134f	Babam2:Mrpl33	sensitivity	domain_diversity_enriched	junction_within_candidate_domain	PF06113.18	True		not_probability_sample	70	True	43.209327697753906	0.8571428571428571	0.0	13.770575523376465	chrna-expand-1026-1		boltz2_2.2.1_single_sequence_batch8	20260919	48.19369125366211	collected/chrna-expand-1026-1/models/protein_1531752d4da8305c9a01d6631626e0c93d461f729e915c43be5587dfdd58134f_single_sequence_seed20260919/model.cif
peptide_cb9c6f112bf7e73c3115a629de78cb6d6d61500546b0fac73a8effbffd320b32	cb9c6f112bf7e73c3115a629de78cb6d6d61500546b0fac73a8effbffd320b32	Pgap2:Tnip3	sensitivity	representative_stratified_random	no_Pfam_hit		False		0.3979591836734694	85	True	53.29185104370117	0.4588235294117647	0.058823529411764705	20.855920791625977	chrna-expand-1026-1		boltz2_2.2.1_single_sequence_batch8	20260919	43.40502166748047	collected/chrna-expand-1026-1/models/protein_cb9c6f112bf7e73c3115a629de78cb6d6d61500546b0fac73a8effbffd320b32_single_sequence_seed20260919/model.cif
control_8725feb95f2d712edba585e5f25a5a0cc9d97ad56554a393a06c4975a6b18179	8725feb95f2d712edba585e5f25a5a0cc9d97ad56554a393a06c4975a6b18179	Napg:Garem1	control	matched_parent_fragment_control	parent_fragment				matched_control	86	True	59.92774963378906	0.09302325581395349	0.0	8.965747833251953	chrna-expand-1026-1		boltz2_2.2.1_single_sequence_batch8	20260919		collected/chrna-expand-1026-1/models/protein_8725feb95f2d712edba585e5f25a5a0cc9d97ad56554a393a06c4975a6b18179_single_sequence_seed20260919/model.cif
peptide_95151af8d665ea4c4dc6df1ec8e0930dcae93c64b50fd47d9a48708f23bb32d0	95151af8d665ea4c4dc6df1ec8e0930dcae93c64b50fd47d9a48708f23bb32d0	Ms4a6d:Lair1	sensitivity	domain_diversity_enriched	junction_within_candidate_domain	PF04103.22	True		not_probability_sample	98	True	53.708797454833984	0.25510204081632654	0.0	20.515810012817383	chrna-expand-1026-1		boltz2_2.2.1_single_sequence_batch8	20260919	54.52802276611328	collected/chrna-expand-1026-1/models/protein_95151af8d665ea4c4dc6df1ec8e0930dcae93c64b50fd47d9a48708f23bb32d0_single_sequence_seed20260919/model.cif
peptide_40250de7580d4b2f18af98463a2f39f37fb1cf9dbc0def24d1e1d4aaa9f7bec9	40250de7580d4b2f18af98463a2f39f37fb1cf9dbc0def24d1e1d4aaa9f7bec9	Slc25a39:Nup88	sensitivity	representative_stratified_random	single_domain_hit	PF00153.33	True		0.4069767441860465	109	True	39.60503005981445	1.0	0.0	18.122209548950195	chrna-expand-1026-1		boltz2_2.2.1_single_sequence_batch8	20260919	33.59584045410156	collected/chrna-expand-1026-1/models/protein_40250de7580d4b2f18af98463a2f39f37fb1cf9dbc0def24d1e1d4aaa9f7bec9_single_sequence_seed20260919/model.cif
peptide_fcb9aa64ec20ec17c5059e6a3a9c875a8fc9e767f0bae0409f9698ab0043f990	fcb9aa64ec20ec17c5059e6a3a9c875a8fc9e767f0bae0409f9698ab0043f990	Wasl:Chchd3	sensitivity	representative_stratified_random	no_Pfam_hit		False		0.3979591836734694	111	True	50.8834114074707	0.5045045045045045	0.08108108108108109	16.744152069091797	chrna-expand-1026-1		boltz2_2.2.1_single_sequence_batch8	20260919	42.145145416259766	collected/chrna-expand-1026-1/models/protein_fcb9aa64ec20ec17c5059e6a3a9c875a8fc9e767f0bae0409f9698ab0043f990_single_sequence_seed20260919/model.cif
peptide_059cfef0008dd945575d476e259a418e3adf12189c1620cb89b515c57ff79836	059cfef0008dd945575d476e259a418e3adf12189c1620cb89b515c57ff79836	Napg:Garem1	sensitivity	representative_stratified_random	junction_within_candidate_domain	PF14938.13	True		0.4069767441860465	116	True	50.55247497558594	0.3448275862068966	0.0	12.304093360900879	chrna-expand-1026-1		boltz2_2.2.1_single_sequence_batch8	20260919	48.94663619995117	collected/chrna-expand-1026-1/models/protein_059cfef0008dd945575d476e259a418e3adf12189c1620cb89b515c57ff79836_single_sequence_seed20260919/model.cif
peptide_8f846e2b3a942c2214ae4055e9ca1a933f3200ce5032a833d935ce597b0e6d89	8f846e2b3a942c2214ae4055e9ca1a933f3200ce5032a833d935ce597b0e6d89	Rbks:Fam193a	sensitivity	domain_diversity_enriched	single_domain_hit	PF00294.30	True		not_probability_sample	121	True	47.70064163208008	0.6033057851239669	0.0	14.288125038146973	chrna-expand-1026-1		boltz2_2.2.1_single_sequence_batch8	20260919	44.539329528808594	collected/chrna-expand-1026-1/models/protein_8f846e2b3a942c2214ae4055e9ca1a933f3200ce5032a833d935ce597b0e6d89_single_sequence_seed20260919/model.cif
control_8776c40679258d7e4cb75900258d6dc2c87743c0449e1152071650d8bbac2a16	8776c40679258d7e4cb75900258d6dc2c87743c0449e1152071650d8bbac2a16	Rufy3:Grsf1	control	matched_parent_fragment_control	parent_fragment				matched_control	135	True	43.316497802734375	0.7925925925925926	0.0	19.47764778137207	chrna-expand-1026-1		boltz2_2.2.1_single_sequence_batch8	20260919		collected/chrna-expand-1026-1/models/protein_8776c40679258d7e4cb75900258d6dc2c87743c0449e1152071650d8bbac2a16_single_sequence_seed20260919/model.cif
peptide_9f58c907edcbfc1a6787a11d94f05a13ede6c69b4d06420a911d44eec485fcf7	9f58c907edcbfc1a6787a11d94f05a13ede6c69b4d06420a911d44eec485fcf7	Dennd1a:Zglp1	sensitivity	representative_stratified_random	no_Pfam_hit		False		0.3979591836734694	136	True	30.78479766845703	1.0	0.0	20.528575897216797	chrna-expand-1026-1		boltz2_2.2.1_single_sequence_batch8	20260919	32.59497833251953	collected/chrna-expand-1026-1/models/protein_9f58c907edcbfc1a6787a11d94f05a13ede6c69b4d06420a911d44eec485fcf7_single_sequence_seed20260919/model.cif
peptide_a28fe2ca04045f212cfe1c1ebada9314e39800f396844dd81157a7141d840a17	a28fe2ca04045f212cfe1c1ebada9314e39800f396844dd81157a7141d840a17	Wdr41:Tbca	sensitivity	domain_diversity_enriched	junction_within_candidate_domain	PF25178.1;PF02970.23	True		not_probability_sample	146	True	64.19548797607422	0.3082191780821918	0.4520547945205479	13.876291275024414	chrna-expand-1026-1		boltz2_2.2.1_single_sequence_batch8	20260919	62.9889030456543	collected/chrna-expand-1026-1/models/protein_a28fe2ca04045f212cfe1c1ebada9314e39800f396844dd81157a7141d840a17_single_sequence_seed20260919/model.cif
peptide_24f059515d77dba3974a21e5af7e0fa1e2d41e0b2928c8c67a779fd50b0b2fa0	24f059515d77dba3974a21e5af7e0fa1e2d41e0b2928c8c67a779fd50b0b2fa0	Ptbp3:Dtnbp1	sensitivity	representative_stratified_random	no_Pfam_hit		False		0.3979591836734694	162	True	71.7787094116211	0.06790123456790123	0.6790123456790124	16.244182586669922	chrna-expand-1026-1		boltz2_2.2.1_single_sequence_batch8	20260919	57.620994567871094	collected/chrna-expand-1026-1/models/protein_24f059515d77dba3974a21e5af7e0fa1e2d41e0b2928c8c67a779fd50b0b2fa0_single_sequence_seed20260919/model.cif
peptide_90e8e97daa8271ed00f776e7c81fa4f0ea4dc5cf6ceddaf5d7db34b554e4c921	90e8e97daa8271ed00f776e7c81fa4f0ea4dc5cf6ceddaf5d7db34b554e4c921	Ldlrad3:1700012C14Rik	sensitivity	representative_stratified_random	multiple_domain_hits	PF00057.24;PF00057.24;PF00057.24	True		0.4069767441860465	167	True	63.986663818359375	0.19760479041916168	0.39520958083832336	17.854982376098633	chrna-expand-1026-1		boltz2_2.2.1_single_sequence_batch8	20260919	45.14099884033203	collected/chrna-expand-1026-1/models/protein_90e8e97daa8271ed00f776e7c81fa4f0ea4dc5cf6ceddaf5d7db34b554e4c921_single_sequence_seed20260919/model.cif
peptide_b7ec3c05e6b0bd8b758f4329aff5292db504b136ab459faf9a773e142b4e6cac	b7ec3c05e6b0bd8b758f4329aff5292db504b136ab459faf9a773e142b4e6cac	Mtx1:1810009A15Rik	sensitivity	representative_stratified_random	junction_within_candidate_domain	PF17719.7	True		0.4069767441860465	181	True	33.55779266357422	1.0	0.0	22.466428756713867	chrna-expand-1026-1		boltz2_2.2.1_single_sequence_batch8	20260919	40.31931686401367	collected/chrna-expand-1026-1/models/protein_b7ec3c05e6b0bd8b758f4329aff5292db504b136ab459faf9a773e142b4e6cac_single_sequence_seed20260919/model.cif
peptide_da801773b349dae850dec6fe945ec82aacf1adb47e146b261e33994222279f51	da801773b349dae850dec6fe945ec82aacf1adb47e146b261e33994222279f51	Cltc:Cfl1	sensitivity	domain_diversity_enriched	single_domain_hit	PF00241.26	True		not_probability_sample	191	True	36.06689453125	1.0	0.0	21.66868019104004	chrna-expand-1026-1		boltz2_2.2.1_single_sequence_batch8	20260919	34.31230163574219	collected/chrna-expand-1026-1/models/protein_da801773b349dae850dec6fe945ec82aacf1adb47e146b261e33994222279f51_single_sequence_seed20260919/model.cif
peptide_d2a1cb0cb9626b879d581b8eaaecac43f4d6d229203a5536e8cc1bee5c3eb6ec	d2a1cb0cb9626b879d581b8eaaecac43f4d6d229203a5536e8cc1bee5c3eb6ec	Rasa3:Rab20	sensitivity	representative_stratified_random	junction_within_candidate_domain	PF00071.29	True		0.4069767441860465	194	True	38.233070373535156	0.9123711340206185	0.0	21.815143585205078	chrna-expand-1026-1		boltz2_2.2.1_single_sequence_batch8	20260919	28.594587326049805	collected/chrna-expand-1026-1/models/protein_d2a1cb0cb9626b879d581b8eaaecac43f4d6d229203a5536e8cc1bee5c3eb6ec_single_sequence_seed20260919/model.cif
control_93a585822409b0c8fd53dd83c2aacbc9fe96f7b816a174b0304582892dfc621a	93a585822409b0c8fd53dd83c2aacbc9fe96f7b816a174b0304582892dfc621a	Itgav:AI182371	control	matched_parent_fragment_control	parent_fragment				matched_control	216	True	75.48884582519531	0.14814814814814814	0.6805555555555556	9.446290016174316	chrna-expand-1026-1		boltz2_2.2.1_single_sequence_batch8	20260919		collected/chrna-expand-1026-1/models/protein_93a585822409b0c8fd53dd83c2aacbc9fe96f7b816a174b0304582892dfc621a_single_sequence_seed20260919/model.cif
peptide_e7babd5cdf879a74aada5dd18cc9c1d6a1cdfb0717204636bce8e44887fc347f	e7babd5cdf879a74aada5dd18cc9c1d6a1cdfb0717204636bce8e44887fc347f	Rnaseh2b:Cd84	sensitivity	representative_stratified_random	single_domain_hit	PF17745.7	True		0.4020100502512563	219	True	33.944522857666016	0.9908675799086758	0.0	22.975055694580078	chrna-expand-1026-1		boltz2_2.2.1_single_sequence_batch8	20260919	35.32954788208008	collected/chrna-expand-1026-1/models/protein_e7babd5cdf879a74aada5dd18cc9c1d6a1cdfb0717204636bce8e44887fc347f_single_sequence_seed20260919/model.cif
peptide_09dba631e5af9f22330377a7f09ff66b175a857ea831677f75478578150d5c02	09dba631e5af9f22330377a7f09ff66b175a857ea831677f75478578150d5c02	Stau2:Eloc	sensitivity	domain_diversity_enriched	single_domain_hit	PF03931.22	True		not_probability_sample	233	True	48.02558898925781	0.6351931330472103	0.14163090128755365	23.4136905670166	chrna-expand-1026-1		boltz2_2.2.1_single_sequence_batch8	20260919	36.15182113647461	collected/chrna-expand-1026-1/models/protein_09dba631e5af9f22330377a7f09ff66b175a857ea831677f75478578150d5c02_single_sequence_seed20260919/model.cif
peptide_0a0dbfbbd18aa8fe66a90b0bf22f6b68f49c78b29fba6352b2af3345b9a84d14	0a0dbfbbd18aa8fe66a90b0bf22f6b68f49c78b29fba6352b2af3345b9a84d14	Tspan5:Eif4e	sensitivity	domain_diversity_enriched	single_domain_hit	PF01652.25	True		not_probability_sample	238	True	75.15998077392578	0.226890756302521	0.7058823529411765	11.643766403198242	chrna-expand-1026-1		boltz2_2.2.1_single_sequence_batch8	20260919	37.05434036254883	collected/chrna-expand-1026-1/models/protein_0a0dbfbbd18aa8fe66a90b0bf22f6b68f49c78b29fba6352b2af3345b9a84d14_single_sequence_seed20260919/model.cif
peptide_d5d727e3dfff85ff0c032518beddd46c0bef950c395b3979ba27bbf296d62c00	d5d727e3dfff85ff0c032518beddd46c0bef950c395b3979ba27bbf296d62c00	Ncaph2:Stx5a	sensitivity	domain_diversity_enriched	junction_within_candidate_domain	PF06278.17;PF05739.27	True		not_probability_sample	250	True	54.241031646728516	0.32	0.072	19.56177520751953	chrna-expand-1026-1		boltz2_2.2.1_single_sequence_batch8	20260919	55.05398941040039	collected/chrna-expand-1026-1/models/protein_d5d727e3dfff85ff0c032518beddd46c0bef950c395b3979ba27bbf296d62c00_single_sequence_seed20260919/model.cif
peptide_109e7f01a1a79fcc98961fad71f59168a842b05374a944a51b16ea8d23b8b352	109e7f01a1a79fcc98961fad71f59168a842b05374a944a51b16ea8d23b8b352	Ankfy1:Ube2g1	sensitivity	representative_stratified_random	junction_within_candidate_domain	PF00651.38;PF00179.32	True		0.4020100502512563	262	True	42.62839889526367	0.8282442748091603	0.11068702290076336	23.08649253845215	chrna-expand-1026-1		boltz2_2.2.1_single_sequence_batch8	20260919	30.003040313720703	collected/chrna-expand-1026-1/models/protein_109e7f01a1a79fcc98961fad71f59168a842b05374a944a51b16ea8d23b8b352_single_sequence_seed20260919/model.cif
peptide_c528070de8b79c2f5ec0e2bbd70f0f050e95827ed5d0f7a0d104832b99539714	c528070de8b79c2f5ec0e2bbd70f0f050e95827ed5d0f7a0d104832b99539714	Rnf130:Abhd12	sensitivity	domain_diversity_enriched	multiple_domain_hits	PF12146.16;PF00561.27;PF12697.14	True		not_probability_sample	275	True	43.67356491088867	0.6945454545454546	0.14181818181818182	21.082244873046875	chrna-expand-1026-1		boltz2_2.2.1_single_sequence_batch8	20260919	31.056262969970703	collected/chrna-expand-1026-1/models/protein_c528070de8b79c2f5ec0e2bbd70f0f050e95827ed5d0f7a0d104832b99539714_single_sequence_seed20260919/model.cif
peptide_1b6ffda7e9c9a9aedcc8c5b7d26db66143b87f549bbc3a00492444dba286d40f	1b6ffda7e9c9a9aedcc8c5b7d26db66143b87f549bbc3a00492444dba286d40f	Prmt9:Arhgap10	sensitivity	representative_stratified_random	multiple_domain_hits	PF06325.20;PF13649.13	True		0.4020100502512563	283	True	76.1320571899414	0.13780918727915195	0.6996466431095406	15.783968925476074	chrna-expand-1026-1		boltz2_2.2.1_single_sequence_batch8	20260919	50.4265022277832	collected/chrna-expand-1026-1/models/protein_1b6ffda7e9c9a9aedcc8c5b7d26db66143b87f549bbc3a00492444dba286d40f_single_sequence_seed20260919/model.cif
peptide_7a835aa17eca91d8db4680a79b9996161c6b82003ab885dbab60a47a2eb4ce7e	7a835aa17eca91d8db4680a79b9996161c6b82003ab885dbab60a47a2eb4ce7e	Os9:Ube2d3	sensitivity	representative_stratified_random	junction_within_candidate_domain	PF07915.20;PF00179.32	True		0.4020100502512563	300	True	48.44625473022461	0.6333333333333333	0.17	23.700342178344727	chrna-expand-1026-1		boltz2_2.2.1_single_sequence_batch8	20260919	33.230690002441406	collected/chrna-expand-1026-1/models/protein_7a835aa17eca91d8db4680a79b9996161c6b82003ab885dbab60a47a2eb4ce7e_single_sequence_seed20260919/model.cif
peptide_bade973b4b18326d004cda5a9ca5c2f4b67f351187bdc555681a3355847b33ac	bade973b4b18326d004cda5a9ca5c2f4b67f351187bdc555681a3355847b33ac	Ms4a7:Cog6	sensitivity	domain_diversity_enriched	junction_within_candidate_domain	PF04103.22;PF20653.4	True		not_probability_sample	309	True	50.34011459350586	0.6537216828478964	0.15857605177993528	22.955841064453125	chrna-expand-1026-1		boltz2_2.2.1_single_sequence_batch8	20260919	43.216793060302734	collected/chrna-expand-1026-1/models/protein_bade973b4b18326d004cda5a9ca5c2f4b67f351187bdc555681a3355847b33ac_single_sequence_seed20260919/model.cif
peptide_ec0b2471d43ed7ab67dfde57600ff95386b846717454a3db683d38163bf8fe68	ec0b2471d43ed7ab67dfde57600ff95386b846717454a3db683d38163bf8fe68	Vps41:Mgmt	sensitivity	domain_diversity_enriched	junction_within_candidate_domain	PF23411.2	True		not_probability_sample	325	True	66.92564392089844	0.28615384615384615	0.5292307692307693	14.649810791015625	chrna-expand-1026-1		boltz2_2.2.1_single_sequence_batch8	20260919	52.34589385986328	collected/chrna-expand-1026-1/models/protein_ec0b2471d43ed7ab67dfde57600ff95386b846717454a3db683d38163bf8fe68_single_sequence_seed20260919/model.cif
peptide_0031513c6d00f8f7037926f4742f93c27ed045dafed1405ab47f1843ba2c9b4c	0031513c6d00f8f7037926f4742f93c27ed045dafed1405ab47f1843ba2c9b4c	Srpk1:Esd	sensitivity	representative_stratified_random	multiple_domain_hits	PF00069.32;PF07714.24	True		0.4020100502512563	332	True	60.14847183227539	0.35240963855421686	0.3825301204819277	19.760061264038086	chrna-expand-1026-1		boltz2_2.2.1_single_sequence_batch8	20260919	39.12185287475586	collected/chrna-expand-1026-1/models/protein_0031513c6d00f8f7037926f4742f93c27ed045dafed1405ab47f1843ba2c9b4c_single_sequence_seed20260919/model.cif
peptide_17b1ec48ef9cb22d5f391019e47b91a242be203ae27640dface19506a75c16c4	17b1ec48ef9cb22d5f391019e47b91a242be203ae27640dface19506a75c16c4	Spast:Memo1	sensitivity	domain_diversity_enriched	multiple_domain_hits	PF01875.24;PF01875.24	True		not_probability_sample	338	True	40.825477600097656	0.7899408284023669	0.03550295857988166	24.099956512451172	chrna-expand-1026-1		boltz2_2.2.1_single_sequence_batch8	20260919	47.1397819519043	collected/chrna-expand-1026-1/models/protein_17b1ec48ef9cb22d5f391019e47b91a242be203ae27640dface19506a75c16c4_single_sequence_seed20260919/model.cif
peptide_1ebaf8dd55d5da4de3e2d143016422ff37ccadec1a0911b9d49aec71cea0b0b1	1ebaf8dd55d5da4de3e2d143016422ff37ccadec1a0911b9d49aec71cea0b0b1	Nfat5:Arhgap10	sensitivity	domain_diversity_enriched	junction_within_candidate_domain	PF00620.33;PF07653.24;PF00018.35;PF14604.13	True		not_probability_sample	350	True	41.07076644897461	0.8314285714285714	0.14285714285714285	26.057687759399414	chrna-expand-1026-1		boltz2_2.2.1_single_sequence_batch8	20260919	27.438749313354492	collected/chrna-expand-1026-1/models/protein_1ebaf8dd55d5da4de3e2d143016422ff37ccadec1a0911b9d49aec71cea0b0b1_single_sequence_seed20260919/model.cif
peptide_27b383deb2b921f193656611258d2b08c19eb086bc2baff50eb4601d52257843	27b383deb2b921f193656611258d2b08c19eb086bc2baff50eb4601d52257843	Rhbdd1:Mrps9	sensitivity	representative_stratified_random	single_domain_hit	PF01694.29	True		0.4020100502512563	363	True	36.07704162597656	0.9752066115702479	0.0	25.209049224853516	chrna-expand-1026-1		boltz2_2.2.1_single_sequence_batch8	20260919	32.12628936767578	collected/chrna-expand-1026-1/models/protein_27b383deb2b921f193656611258d2b08c19eb086bc2baff50eb4601d52257843_single_sequence_seed20260919/model.cif
peptide_499fd9633c8037de34e4570606aa2e9647225cbaf1a2c2e3643f9f442eb656b0	499fd9633c8037de34e4570606aa2e9647225cbaf1a2c2e3643f9f442eb656b0	Lmf1:Srsf5	sensitivity	domain_diversity_enriched	junction_within_candidate_domain	PF06762.21;PF00076.29	True		not_probability_sample	369	True	37.1193733215332	0.9322493224932249	0.0	26.642742156982422	chrna-expand-1026-1		boltz2_2.2.1_single_sequence_batch8	20260919	38.92837905883789	collected/chrna-expand-1026-1/models/protein_499fd9633c8037de34e4570606aa2e9647225cbaf1a2c2e3643f9f442eb656b0_single_sequence_seed20260919/model.cif
control_4e5f4ca1bcfd6842d54eac9bf6b6aee7471ce76f63a7df6df11cb003c610f827	4e5f4ca1bcfd6842d54eac9bf6b6aee7471ce76f63a7df6df11cb003c610f827	Gask1b:Sh3glb1	control	matched_parent_fragment_control	parent_fragment				matched_control	373	True	29.67980194091797	0.9624664879356568	0.0	26.78488540649414	chrna-expand-1026-1		boltz2_2.2.1_single_sequence_batch8	20260919		collected/chrna-expand-1026-1/models/protein_4e5f4ca1bcfd6842d54eac9bf6b6aee7471ce76f63a7df6df11cb003c610f827_single_sequence_seed20260919/model.cif
peptide_c9cb5578bfd012b42480dd2f51d869cbef72ef523993fe94285330e55fdc6a8b	c9cb5578bfd012b42480dd2f51d869cbef72ef523993fe94285330e55fdc6a8b	Coro1b:Pitpnm1	sensitivity	domain_diversity_enriched	multiple_domain_hits	PF08953.18;PF24695.2;PF24694.2	True		not_probability_sample	397	True	36.01067352294922	0.906801007556675	0.0	22.5090389251709	chrna-expand-1026-1		boltz2_2.2.1_single_sequence_batch8	20260919	43.31180953979492	collected/chrna-expand-1026-1/models/protein_c9cb5578bfd012b42480dd2f51d869cbef72ef523993fe94285330e55fdc6a8b_single_sequence_seed20260919/model.cif
peptide_769109750d793f816ee47c5a0f469ff445de006a5a3fe134e2995014e8c7547a	769109750d793f816ee47c5a0f469ff445de006a5a3fe134e2995014e8c7547a	Wipi2:Arpc1b	sensitivity	representative_stratified_random	multiple_domain_hits	PF00400.39;PF00400.39	True		0.4020100502512563	403	True	76.51693725585938	0.20843672456575682	0.6923076923076923	10.588427543640137	chrna-expand-1026-1		boltz2_2.2.1_single_sequence_batch8	20260919	43.36690139770508	collected/chrna-expand-1026-1/models/protein_769109750d793f816ee47c5a0f469ff445de006a5a3fe134e2995014e8c7547a_single_sequence_seed20260919/model.cif
peptide_6df14678b1efcdd8f805abb149fdf5a0886ed06a52b5d48351f482ad06cc5254	6df14678b1efcdd8f805abb149fdf5a0886ed06a52b5d48351f482ad06cc5254	Itgav:AI182371	sensitivity	domain_diversity_enriched	junction_within_candidate_domain	PF01835.26;PF01821.24	True		not_probability_sample	424	True	58.92948532104492	0.42924528301886794	0.3490566037735849	22.123016357421875	chrna-expand-1026-1		boltz2_2.2.1_single_sequence_batch8	20260919	47.87134552001953	collected/chrna-expand-1026-1/models/protein_6df14678b1efcdd8f805abb149fdf5a0886ed06a52b5d48351f482ad06cc5254_single_sequence_seed20260919/model.cif
peptide_35edc2da4164874fc74b4cbda4fc630fbdd6bf358643ca5710e96b7806370ef3	35edc2da4164874fc74b4cbda4fc630fbdd6bf358643ca5710e96b7806370ef3	Malt1:Capg	sensitivity	domain_diversity_enriched	multiple_domain_hits	PF00626.28;PF00626.28;PF00626.28	True		not_probability_sample	429	True	63.35545349121094	0.317016317016317	0.4965034965034965	22.755613327026367	chrna-expand-1026-1		boltz2_2.2.1_single_sequence_batch8	20260919	29.147422790527344	collected/chrna-expand-1026-1/models/protein_35edc2da4164874fc74b4cbda4fc630fbdd6bf358643ca5710e96b7806370ef3_single_sequence_seed20260919/model.cif
peptide_1469675baedfb5f9578fa225170718eef639d2d63e266976d3433c0ef8ebae22	1469675baedfb5f9578fa225170718eef639d2d63e266976d3433c0ef8ebae22	Itpr1:Ccdc91	sensitivity	domain_diversity_enriched	junction_within_candidate_domain	PF08709.18;PF02815.26;PF30688.1	True		not_probability_sample	472	True	52.60361862182617	0.5911016949152542	0.3728813559322034	26.22379493713379	chrna-expand-1026-1		boltz2_2.2.1_single_sequence_batch8	20260919	62.6525764465332	collected/chrna-expand-1026-1/models/protein_1469675baedfb5f9578fa225170718eef639d2d63e266976d3433c0ef8ebae22_single_sequence_seed20260919/model.cif
peptide_47da2d0b72c9a6942a58dbd98bf978ec142959608efad7a5c7190b867bf2d3ec	47da2d0b72c9a6942a58dbd98bf978ec142959608efad7a5c7190b867bf2d3ec	Klf6:Mitf	sensitivity	representative_stratified_random	junction_within_candidate_domain	PF15951.11;PF00010.32;PF11851.14	True		0.4020100502512563	476	True	35.15489196777344	0.9600840336134454	0.0	26.351369857788086	chrna-expand-1026-1		boltz2_2.2.1_single_sequence_batch8	20260919	35.01525115966797	collected/chrna-expand-1026-1/models/protein_47da2d0b72c9a6942a58dbd98bf978ec142959608efad7a5c7190b867bf2d3ec_single_sequence_seed20260919/model.cif
peptide_ed6b36f761752c8e87b20eaebacfde7cc2831ce2f78aee0254a55ed4f9a14fa5	ed6b36f761752c8e87b20eaebacfde7cc2831ce2f78aee0254a55ed4f9a14fa5	Osbpl8:Cpne2	sensitivity	domain_diversity_enriched	multiple_domain_hits	PF00168.37;PF07002.23	True		not_probability_sample	500	True	42.345123291015625	0.738	0.052	24.33554458618164	chrna-expand-1026-1		boltz2_2.2.1_single_sequence_batch8	20260919	32.753177642822266	collected/chrna-expand-1026-1/models/protein_ed6b36f761752c8e87b20eaebacfde7cc2831ce2f78aee0254a55ed4f9a14fa5_single_sequence_seed20260919/model.cif
peptide_262de6ab725ca9ac476a8348fcd8d7122be0e1762d5528e93d2fec4ac959d38e	262de6ab725ca9ac476a8348fcd8d7122be0e1762d5528e93d2fec4ac959d38e	Nrp1:Spred1	sensitivity	representative_stratified_random	junction_within_candidate_domain	PF00431.27;PF00568.30;PF05210.19	True		0.39759036144578314	516	True	33.67966079711914	0.9573643410852714	0.007751937984496124	27.10711097717285	chrna-expand-1026-1		boltz2_2.2.1_single_sequence_batch8	20260919	34.21889114379883	collected/chrna-expand-1026-1/models/protein_262de6ab725ca9ac476a8348fcd8d7122be0e1762d5528e93d2fec4ac959d38e_single_sequence_seed20260919/model.cif
peptide_8edb2e253a0f1a8a06e08f0ed418651b7cb6049336091107d136a4040872b513	8edb2e253a0f1a8a06e08f0ed418651b7cb6049336091107d136a4040872b513	Arid5b:Nampt	sensitivity	representative_stratified_random	junction_within_candidate_domain	PF18127.7;PF04095.23	True		0.39759036144578314	564	True	52.850223541259766	0.5638297872340425	0.28191489361702127	23.042980194091797	chrna-expand-1026-1		boltz2_2.2.1_single_sequence_batch8	20260919	30.76310157775879	collected/chrna-expand-1026-1/models/protein_8edb2e253a0f1a8a06e08f0ed418651b7cb6049336091107d136a4040872b513_single_sequence_seed20260919/model.cif
peptide_98c60c2430bcc89843f9551a2ff62cb19cadad3671201d967c7b10dea7479187	98c60c2430bcc89843f9551a2ff62cb19cadad3671201d967c7b10dea7479187	Marchf8:Dcp1b	sensitivity	representative_stratified_random	junction_within_candidate_domain	PF12906.14;PF31018.1;PF16741.11	True		0.39759036144578314	586	True	31.859275817871094	1.0	0.0	27.9822998046875	chrna-expand-1026-1		boltz2_2.2.1_single_sequence_batch8	20260919	31.266117095947266	collected/chrna-expand-1026-1/models/protein_98c60c2430bcc89843f9551a2ff62cb19cadad3671201d967c7b10dea7479187_single_sequence_seed20260919/model.cif
peptide_abcffb6551c667feb53c023234ede1de48da3d8bd0bf7b1d22b0950594df7b1c	abcffb6551c667feb53c023234ede1de48da3d8bd0bf7b1d22b0950594df7b1c	Myo1g:Jmjd1c	sensitivity	domain_diversity_enriched	junction_within_candidate_domain	PF00063.28;PF02373.29	True		not_probability_sample	608	True	32.844017028808594	0.930921052631579	0.008223684210526315	26.875146865844727	chrna-expand-1026-1		boltz2_2.2.1_single_sequence_batch8	20260919	23.549413681030273	collected/chrna-expand-1026-1/models/protein_abcffb6551c667feb53c023234ede1de48da3d8bd0bf7b1d22b0950594df7b1c_single_sequence_seed20260919/model.cif
peptide_43c86b0b8911e8aaf63d0e506969268e6409db109aa4446b3a6c464347a7dff7	43c86b0b8911e8aaf63d0e506969268e6409db109aa4446b3a6c464347a7dff7	Abr:Pitpna	sensitivity	representative_stratified_random	junction_within_candidate_domain	PF00621.26;PF19057.7;PF00168.37;PF02121.26	True		0.39759036144578314	669	True	35.63640594482422	0.8759342301943199	0.03288490284005979	27.308679580688477	chrna-expand-1026-1		boltz2_2.2.1_single_sequence_batch8	20260919	24.460739135742188	collected/chrna-expand-1026-1/models/protein_43c86b0b8911e8aaf63d0e506969268e6409db109aa4446b3a6c464347a7dff7_single_sequence_seed20260919/model.cif
peptide_8fcffef099ea6d92b6ae199d09c0afde40eb6eb022c7351f2ea626082c6f1461	8fcffef099ea6d92b6ae199d09c0afde40eb6eb022c7351f2ea626082c6f1461	Ttc7b:Wdr91	sensitivity	domain_diversity_enriched	single_domain_hit	PF19440.6	True		not_probability_sample	50	True	79.86005401611328	0.0	0.86	6.379116535186768	chrna-expand-1026-1__extra		boltz2_2.2.1_single_sequence_batch8	20260919	76.10865783691406	collected/chrna-expand-1026-1__extra/models/protein_8fcffef099ea6d92b6ae199d09c0afde40eb6eb022c7351f2ea626082c6f1461_single_sequence_seed20260919/model.cif
peptide_0d6dac851b061e6579ccbca382a913ace9cfd8284d475047cfc81fadfa7f7e36	0d6dac851b061e6579ccbca382a913ace9cfd8284d475047cfc81fadfa7f7e36	Iqgap1:Dusp10	sensitivity	domain_diversity_enriched	no_Pfam_hit		False		not_probability_sample	69	True	52.607120513916016	0.2463768115942029	0.0	14.400701522827148	chrna-expand-1026-1__extra		boltz2_2.2.1_single_sequence_batch8	20260919	53.16963577270508	collected/chrna-expand-1026-1__extra/models/protein_0d6dac851b061e6579ccbca382a913ace9cfd8284d475047cfc81fadfa7f7e36_single_sequence_seed20260919/model.cif
peptide_03686a20dbe4cd4fff12007e4ab2ffd7d4b746ff6a9c00112dfecccb52d6eb16	03686a20dbe4cd4fff12007e4ab2ffd7d4b746ff6a9c00112dfecccb52d6eb16	Wasl:Chchd3	sensitivity	representative_stratified_random	no_Pfam_hit		False		0.3979591836734694	112	True	54.734619140625	0.4107142857142857	0.13392857142857142	14.429804801940918	chrna-expand-1026-1__extra		boltz2_2.2.1_single_sequence_batch8	20260919	45.13731002807617	collected/chrna-expand-1026-1__extra/models/protein_03686a20dbe4cd4fff12007e4ab2ffd7d4b746ff6a9c00112dfecccb52d6eb16_single_sequence_seed20260919/model.cif
peptide_e38c94a1896cdc05dc2939d68a6b314176d799ebf1721800c721ae91122e8f01	e38c94a1896cdc05dc2939d68a6b314176d799ebf1721800c721ae91122e8f01	Strn:Fez2	sensitivity	representative_stratified_random	junction_within_candidate_domain	PF08232.18	True		0.4069767441860465	127	True	48.754493713378906	0.5433070866141733	0.0	18.107187271118164	chrna-expand-1026-1__extra		boltz2_2.2.1_single_sequence_batch8	20260919	45.077449798583984	collected/chrna-expand-1026-1__extra/models/protein_e38c94a1896cdc05dc2939d68a6b314176d799ebf1721800c721ae91122e8f01_single_sequence_seed20260919/model.cif
peptide_9fc9fbdea68b0b67f18529217c1935d1b65d4a8e8977abd2b6affaf5b52279b6	9fc9fbdea68b0b67f18529217c1935d1b65d4a8e8977abd2b6affaf5b52279b6	Ppm1h:Idnk	sensitivity	representative_stratified_random	no_Pfam_hit		False		0.3979591836734694	164	True	36.133853912353516	0.975609756097561	0.0	21.51753044128418	chrna-expand-1026-1__extra		boltz2_2.2.1_single_sequence_batch8	20260919	27.869840621948242	collected/chrna-expand-1026-1__extra/models/protein_9fc9fbdea68b0b67f18529217c1935d1b65d4a8e8977abd2b6affaf5b52279b6_single_sequence_seed20260919/model.cif
peptide_9829e3006c9ca5cbb0a8cd56e213e84acb81dedb0d65c18ae10076da1b1f3176	9829e3006c9ca5cbb0a8cd56e213e84acb81dedb0d65c18ae10076da1b1f3176	Ptprj:1110051M20Rik	sensitivity	representative_stratified_random	no_Pfam_hit		False		0.3979591836734694	193	True	46.924869537353516	0.6683937823834197	0.06217616580310881	25.90479850769043	chrna-expand-1026-1__extra		boltz2_2.2.1_single_sequence_batch8	20260919	39.323097229003906	collected/chrna-expand-1026-1__extra/models/protein_9829e3006c9ca5cbb0a8cd56e213e84acb81dedb0d65c18ae10076da1b1f3176_single_sequence_seed20260919/model.cif
peptide_eaa9bbb55634b9e8248234058db7b5a343388a749f9ddf92ac17123eaee4d30d	eaa9bbb55634b9e8248234058db7b5a343388a749f9ddf92ac17123eaee4d30d	Ptbp3:Dtnbp1	sensitivity	representative_stratified_random	single_domain_hit	PF04440.22	True		0.4020100502512563	241	True	66.04036712646484	0.2074688796680498	0.5477178423236515	21.057958602905273	chrna-expand-1026-1__extra		boltz2_2.2.1_single_sequence_batch8	20260919	59.05895233154297	collected/chrna-expand-1026-1__extra/models/protein_eaa9bbb55634b9e8248234058db7b5a343388a749f9ddf92ac17123eaee4d30d_single_sequence_seed20260919/model.cif
peptide_c935931321e0de5c0639f0339dd62c4acfde4838d560e8adf5dc9bd429ec2182	c935931321e0de5c0639f0339dd62c4acfde4838d560e8adf5dc9bd429ec2182	Jdp2:Rnaset2b	sensitivity	domain_diversity_enriched	single_domain_hit	PF00445.24	True		not_probability_sample	272	True	31.37417221069336	1.0	0.0	23.85611343383789	chrna-expand-1026-1__extra		boltz2_2.2.1_single_sequence_batch8	20260919	36.581417083740234	collected/chrna-expand-1026-1__extra/models/protein_c935931321e0de5c0639f0339dd62c4acfde4838d560e8adf5dc9bd429ec2182_single_sequence_seed20260919/model.cif
peptide_d10c553419c54ff7afb6ceb3f818e13ee97ae4b400c0acae32c7b8241d38aac5	d10c553419c54ff7afb6ceb3f818e13ee97ae4b400c0acae32c7b8241d38aac5	Vps13d:Cmpk1	sensitivity	domain_diversity_enriched	single_domain_hit	PF12624.15	True		not_probability_sample	490	True	30.228933334350586	0.9775510204081632	0.0	26.970680236816406	chrna-expand-1026-1__extra		boltz2_2.2.1_single_sequence_batch8	20260919	33.90333557128906	collected/chrna-expand-1026-1__extra/models/protein_d10c553419c54ff7afb6ceb3f818e13ee97ae4b400c0acae32c7b8241d38aac5_single_sequence_seed20260919/model.cif
peptide_ed3c8b4b8d0c3c70785a7b8e0e56d9d516cb6eb449ccb1bcef6e587ed92af7b1	ed3c8b4b8d0c3c70785a7b8e0e56d9d516cb6eb449ccb1bcef6e587ed92af7b1	Abr:Pitpna	sensitivity	domain_diversity_enriched	junction_within_candidate_domain	PF00621.26;PF19057.7;PF00168.37;PF02121.26	True		not_probability_sample	678	True	33.892417907714844	0.9262536873156342	0.0029498525073746312	27.817440032958984	chrna-expand-1026-1__extra		boltz2_2.2.1_single_sequence_batch8	20260919	30.562801361083984	collected/chrna-expand-1026-1__extra/models/protein_ed3c8b4b8d0c3c70785a7b8e0e56d9d516cb6eb449ccb1bcef6e587ed92af7b1_single_sequence_seed20260919/model.cif
control_1a51de199bbeb69455c1f9f6fdfe5301c93f2b37d5e3d88781930de9723744ca	1a51de199bbeb69455c1f9f6fdfe5301c93f2b37d5e3d88781930de9723744ca	Nfkb1:Zranb2	control	matched_parent_fragment_control	parent_fragment				matched_control	37	True	56.7530632019043	0.16216216216216217	0.0	13.124677658081055	chrna-expand-1026-2		boltz2_2.2.1_single_sequence_batch8	20260919		collected/chrna-expand-1026-2/models/protein_1a51de199bbeb69455c1f9f6fdfe5301c93f2b37d5e3d88781930de9723744ca_single_sequence_seed20260919/model.cif
peptide_799976688dfe7248b600e3b959d07121ac4c09fac9db805fab67cbd0401f482b	799976688dfe7248b600e3b959d07121ac4c09fac9db805fab67cbd0401f482b	Cyb5a:2610001J05Rik	sensitivity	domain_diversity_enriched	junction_within_candidate_domain	PF00173.34	True		not_probability_sample	46	True	61.92866134643555	0.043478260869565216	0.15217391304347827	11.767864227294922	chrna-expand-1026-2		boltz2_2.2.1_single_sequence_batch8	20260919	68.62538146972656	collected/chrna-expand-1026-2/models/protein_799976688dfe7248b600e3b959d07121ac4c09fac9db805fab67cbd0401f482b_single_sequence_seed20260919/model.cif
control_758f4d506e385b932b2ec08e739b1a1c96d2a327de93ca50f572c64fe22706f4	758f4d506e385b932b2ec08e739b1a1c96d2a327de93ca50f572c64fe22706f4	Klf6:Mitf	control	matched_parent_fragment_control	parent_fragment				matched_control	68	True	48.186241149902344	0.6323529411764706	0.0	18.093273162841797	chrna-expand-1026-2		boltz2_2.2.1_single_sequence_batch8	20260919		collected/chrna-expand-1026-2/models/protein_758f4d506e385b932b2ec08e739b1a1c96d2a327de93ca50f572c64fe22706f4_single_sequence_seed20260919/model.cif
peptide_56a730875dc73dd3e2c7bcf1e197bf75430d6724c2355a4362970a6522c2195f	56a730875dc73dd3e2c7bcf1e197bf75430d6724c2355a4362970a6522c2195f	Cisd2:Ddrgk1	sensitivity	domain_diversity_enriched	single_domain_hit	PF10660.15	True		not_probability_sample	72	True	46.970401763916016	0.7361111111111112	0.0	18.92449378967285	chrna-expand-1026-2		boltz2_2.2.1_single_sequence_batch8	20260919	44.45063018798828	collected/chrna-expand-1026-2/models/protein_56a730875dc73dd3e2c7bcf1e197bf75430d6724c2355a4362970a6522c2195f_single_sequence_seed20260919/model.cif
peptide_9056cce96b2598d327e3fea03596eac1a7a03c3ee91a549b786c87f82a9e75fa	9056cce96b2598d327e3fea03596eac1a7a03c3ee91a549b786c87f82a9e75fa	Tmx1:2700049A03Rik	sensitivity	representative_stratified_random	no_Pfam_hit		False		0.3979591836734694	76	True	47.05244445800781	0.6973684210526315	0.15789473684210525	18.705366134643555	chrna-expand-1026-2		boltz2_2.2.1_single_sequence_batch8	20260919	36.20003128051758	collected/chrna-expand-1026-2/models/protein_9056cce96b2598d327e3fea03596eac1a7a03c3ee91a549b786c87f82a9e75fa_single_sequence_seed20260919/model.cif
control_7faa08843717d2a27866f29608e5cda4f5dfc25d44df470b658e68c10c3302db	7faa08843717d2a27866f29608e5cda4f5dfc25d44df470b658e68c10c3302db	Syngr1:Hnrnpdl	control	matched_parent_fragment_control	parent_fragment				matched_control	90	True	59.47847366333008	0.2111111111111111	0.06666666666666667	14.476936340332031	chrna-expand-1026-2		boltz2_2.2.1_single_sequence_batch8	20260919		collected/chrna-expand-1026-2/models/protein_7faa08843717d2a27866f29608e5cda4f5dfc25d44df470b658e68c10c3302db_single_sequence_seed20260919/model.cif
control_1a3733f9bc62b24e04e89cf25972ecad7d2c4260178d9b042a72c89b350c62fd	1a3733f9bc62b24e04e89cf25972ecad7d2c4260178d9b042a72c89b350c62fd	Nedd4l:Lman1	control	matched_parent_fragment_control	parent_fragment				matched_control	99	True	43.326194763183594	0.7878787878787878	0.0	15.084158897399902	chrna-expand-1026-2		boltz2_2.2.1_single_sequence_batch8	20260919		collected/chrna-expand-1026-2/models/protein_1a3733f9bc62b24e04e89cf25972ecad7d2c4260178d9b042a72c89b350c62fd_single_sequence_seed20260919/model.cif
control_155aa1ad0e2c9d4472a01e2346e2973d96588707db40e4f338a02a919ba77d61	155aa1ad0e2c9d4472a01e2346e2973d96588707db40e4f338a02a919ba77d61	Ankfy1:Ube2g1	control	matched_parent_fragment_control	parent_fragment				matched_control	107	True	66.10362243652344	0.14018691588785046	0.29906542056074764	14.265098571777344	chrna-expand-1026-2		boltz2_2.2.1_single_sequence_batch8	20260919		collected/chrna-expand-1026-2/models/protein_155aa1ad0e2c9d4472a01e2346e2973d96588707db40e4f338a02a919ba77d61_single_sequence_seed20260919/model.cif
peptide_8563eaff6588db59b2dfde522eb04b16968c0161e35de6d97e59e50175b5557b	8563eaff6588db59b2dfde522eb04b16968c0161e35de6d97e59e50175b5557b	Atp1b3:Mthfs	sensitivity	domain_diversity_enriched	junction_within_candidate_domain	PF00287.25;PF01812.28	True		not_probability_sample	113	True	36.41621780395508	1.0	0.0	19.129425048828125	chrna-expand-1026-2		boltz2_2.2.1_single_sequence_batch8	20260919	34.749290466308594	collected/chrna-expand-1026-2/models/protein_8563eaff6588db59b2dfde522eb04b16968c0161e35de6d97e59e50175b5557b_single_sequence_seed20260919/model.cif
peptide_f9b70a3bfbe0336f1c091b081fa7909da62fb12dd6e72861b891c56be49560b1	f9b70a3bfbe0336f1c091b081fa7909da62fb12dd6e72861b891c56be49560b1	Myo1e:Nbdy	sensitivity	representative_stratified_random	junction_within_candidate_domain	PF00063.28	True		0.4069767441860465	114	True	36.3149299621582	0.956140350877193	0.0	19.09950828552246	chrna-expand-1026-2		boltz2_2.2.1_single_sequence_batch8	20260919	39.30145263671875	collected/chrna-expand-1026-2/models/protein_f9b70a3bfbe0336f1c091b081fa7909da62fb12dd6e72861b891c56be49560b1_single_sequence_seed20260919/model.cif
peptide_29d177528e9ff15fa540556b1f8fa7870fd94fafbd626391d569424849d759c9	29d177528e9ff15fa540556b1f8fa7870fd94fafbd626391d569424849d759c9	Zfp386:Gm20658	sensitivity	domain_diversity_enriched	junction_within_candidate_domain	PF01352.33	True		not_probability_sample	126	True	37.09254837036133	0.9523809523809523	0.0	19.51952362060547	chrna-expand-1026-2		boltz2_2.2.1_single_sequence_batch8	20260919	37.53432846069336	collected/chrna-expand-1026-2/models/protein_29d177528e9ff15fa540556b1f8fa7870fd94fafbd626391d569424849d759c9_single_sequence_seed20260919/model.cif
peptide_060c736a85b24000a8e57f6dbe0594fd54d4436fc5861f054b63b0d1bc8534bf	060c736a85b24000a8e57f6dbe0594fd54d4436fc5861f054b63b0d1bc8534bf	Zfp655:Atp5j2	sensitivity	representative_stratified_random	single_domain_hit	PF10206.15	True		0.4069767441860465	129	True	42.76194763183594	0.8682170542635659	0.0	20.813875198364258	chrna-expand-1026-2		boltz2_2.2.1_single_sequence_batch8	20260919	38.057071685791016	collected/chrna-expand-1026-2/models/protein_060c736a85b24000a8e57f6dbe0594fd54d4436fc5861f054b63b0d1bc8534bf_single_sequence_seed20260919/model.cif
peptide_320580f928d9202331cbf9b569c599bfb19c2a848475383734f8049323230008	320580f928d9202331cbf9b569c599bfb19c2a848475383734f8049323230008	Tmem67:Chaserr	sensitivity	representative_stratified_random	no_Pfam_hit		False		0.3979591836734694	140	True	61.510379791259766	0.2571428571428571	0.32142857142857145	17.01348304748535	chrna-expand-1026-2		boltz2_2.2.1_single_sequence_batch8	20260919	60.38761520385742	collected/chrna-expand-1026-2/models/protein_320580f928d9202331cbf9b569c599bfb19c2a848475383734f8049323230008_single_sequence_seed20260919/model.cif
peptide_1307fa2e87e575960688c2faed250c8108353cc704a8db3025f813ca6e8aea3d	1307fa2e87e575960688c2faed250c8108353cc704a8db3025f813ca6e8aea3d	Twf2:Tap1	sensitivity	representative_stratified_random	junction_within_candidate_domain	PF00005.34	True		0.4069767441860465	148	True	41.60309600830078	0.8108108108108109	0.0	17.716575622558594	chrna-expand-1026-2		boltz2_2.2.1_single_sequence_batch8	20260919	42.825843811035156	collected/chrna-expand-1026-2/models/protein_1307fa2e87e575960688c2faed250c8108353cc704a8db3025f813ca6e8aea3d_single_sequence_seed20260919/model.cif
peptide_ab314bf70479523592685ffff14b8442d721889b7a12c29e0c157ec7ddeb3a3b	ab314bf70479523592685ffff14b8442d721889b7a12c29e0c157ec7ddeb3a3b	Csf2rb2:Ncf4	sensitivity	domain_diversity_enriched	single_domain_hit	PF21460.4	True		not_probability_sample	152	True	47.456336975097656	0.5526315789473685	0.0	19.00555992126465	chrna-expand-1026-2		boltz2_2.2.1_single_sequence_batch8	20260919	33.87194061279297	collected/chrna-expand-1026-2/models/protein_ab314bf70479523592685ffff14b8442d721889b7a12c29e0c157ec7ddeb3a3b_single_sequence_seed20260919/model.cif
control_84c46753e9540fb1262aa93a38df66d982ca7678f6efd8379a5848b400ea430c	84c46753e9540fb1262aa93a38df66d982ca7678f6efd8379a5848b400ea430c	Dram1:Krtcap2	control	matched_parent_fragment_control	parent_fragment				matched_control	173	True	49.599300384521484	0.5144508670520231	0.0	15.773754119873047	chrna-expand-1026-2		boltz2_2.2.1_single_sequence_batch8	20260919		collected/chrna-expand-1026-2/models/protein_84c46753e9540fb1262aa93a38df66d982ca7678f6efd8379a5848b400ea430c_single_sequence_seed20260919/model.cif
peptide_61ecbd7a8cf29444a63f38494dcd08ad81c85ad2975bb6fefb30c88ccce2167e	61ecbd7a8cf29444a63f38494dcd08ad81c85ad2975bb6fefb30c88ccce2167e	Ppp3cb:Pirb	sensitivity	representative_stratified_random	no_Pfam_hit		False		0.3979591836734694	176	True	45.879154205322266	0.6875	0.13068181818181818	21.73982048034668	chrna-expand-1026-2		boltz2_2.2.1_single_sequence_batch8	20260919	33.77260208129883	collected/chrna-expand-1026-2/models/protein_61ecbd7a8cf29444a63f38494dcd08ad81c85ad2975bb6fefb30c88ccce2167e_single_sequence_seed20260919/model.cif
peptide_ae99d70e90f7ef8ba48798ca8fd4c0723329630a15512925de7145e79afefbcf	ae99d70e90f7ef8ba48798ca8fd4c0723329630a15512925de7145e79afefbcf	Mtx1:1810009A15Rik	sensitivity	domain_diversity_enriched	junction_within_candidate_domain	PF10568.16;PF17172.11;PF17719.7	True		not_probability_sample	187	True	51.66899490356445	0.49732620320855614	0.0481283422459893	23.4768009185791	chrna-expand-1026-2		boltz2_2.2.1_single_sequence_batch8	20260919	57.84041976928711	collected/chrna-expand-1026-2/models/protein_ae99d70e90f7ef8ba48798ca8fd4c0723329630a15512925de7145e79afefbcf_single_sequence_seed20260919/model.cif
peptide_1ca3218690efae66ad526e887810fab2149f8bfeaf0a5661da19864d632cc790	1ca3218690efae66ad526e887810fab2149f8bfeaf0a5661da19864d632cc790	Tspan5:Eif4e	sensitivity	domain_diversity_enriched	single_domain_hit	PF01652.25	True		not_probability_sample	206	True	74.0787124633789	0.24757281553398058	0.6553398058252428	14.616788864135742	chrna-expand-1026-2		boltz2_2.2.1_single_sequence_batch8	20260919	39.555213928222656	collected/chrna-expand-1026-2/models/protein_1ca3218690efae66ad526e887810fab2149f8bfeaf0a5661da19864d632cc790_single_sequence_seed20260919/model.cif
peptide_601aaef9e358fa80875caa654a870b1b7a965bceea5c83e6d1b01a7851ba693f	601aaef9e358fa80875caa654a870b1b7a965bceea5c83e6d1b01a7851ba693f	Med15:Eif4g1	sensitivity	domain_diversity_enriched	junction_within_candidate_domain	PF09606.16;PF02020.25	True		not_probability_sample	211	True	45.140750885009766	0.7109004739336493	0.037914691943127965	21.40622901916504	chrna-expand-1026-2		boltz2_2.2.1_single_sequence_batch8	20260919	37.668479919433594	collected/chrna-expand-1026-2/models/protein_601aaef9e358fa80875caa654a870b1b7a965bceea5c83e6d1b01a7851ba693f_single_sequence_seed20260919/model.cif
peptide_911ec4220f3a54d206463989d2a9b810e5cfc31eeec898e162e7933c221d4013	911ec4220f3a54d206463989d2a9b810e5cfc31eeec898e162e7933c221d4013	Wwox:Maf	sensitivity	domain_diversity_enriched	junction_within_candidate_domain	PF00397.33;PF00397.33;PF00106.32	True		not_probability_sample	224	True	54.62961959838867	0.40625	0.20535714285714285	21.153474807739258	chrna-expand-1026-2		boltz2_2.2.1_single_sequence_batch8	20260919	51.585418701171875	collected/chrna-expand-1026-2/models/protein_911ec4220f3a54d206463989d2a9b810e5cfc31eeec898e162e7933c221d4013_single_sequence_seed20260919/model.cif
peptide_48b198bf683e1d5292b4cb0e2efa63bcfc56d62b6bf145cbc714b5f1a58fdb2e	48b198bf683e1d5292b4cb0e2efa63bcfc56d62b6bf145cbc714b5f1a58fdb2e	Stau2:Eloc	sensitivity	domain_diversity_enriched	single_domain_hit	PF03931.22	True		not_probability_sample	227	True	42.945335388183594	0.73568281938326	0.00881057268722467	24.163572311401367	chrna-expand-1026-2		boltz2_2.2.1_single_sequence_batch8	20260919	37.8182373046875	collected/chrna-expand-1026-2/models/protein_48b198bf683e1d5292b4cb0e2efa63bcfc56d62b6bf145cbc714b5f1a58fdb2e_single_sequence_seed20260919/model.cif
peptide_0eed1bbc62f74cfa7e1d07c58d963f471000b862c1745bf0a243a67478be4fd6	0eed1bbc62f74cfa7e1d07c58d963f471000b862c1745bf0a243a67478be4fd6	Ankrd33b:Chd4	sensitivity	representative_stratified_random	junction_within_candidate_domain	PF08074.18	True		0.4020100502512563	243	True	42.78962707519531	0.823045267489712	0.0	23.5601863861084	chrna-expand-1026-2		boltz2_2.2.1_single_sequence_batch8	20260919	42.56758117675781	collected/chrna-expand-1026-2/models/protein_0eed1bbc62f74cfa7e1d07c58d963f471000b862c1745bf0a243a67478be4fd6_single_sequence_seed20260919/model.cif
peptide_284328f498b2c9fd9785eaf6fa6101797e1e0a2be8c8941fee6e00141c29a01a	284328f498b2c9fd9785eaf6fa6101797e1e0a2be8c8941fee6e00141c29a01a	Mapkapk3:Rftn1	sensitivity	domain_diversity_enriched	junction_within_candidate_domain	PF15250.12	False		not_probability_sample	245	True	34.44278335571289	0.9428571428571428	0.0	25.441911697387695	chrna-expand-1026-2		boltz2_2.2.1_single_sequence_batch8	20260919	34.26259231567383	collected/chrna-expand-1026-2/models/protein_284328f498b2c9fd9785eaf6fa6101797e1e0a2be8c8941fee6e00141c29a01a_single_sequence_seed20260919/model.cif
peptide_7719f03e6a10d68a2c3cc108f1741a7302a03c655bd56cce0f179b5b7e36b7f1	7719f03e6a10d68a2c3cc108f1741a7302a03c655bd56cce0f179b5b7e36b7f1	Stau2:Eloc	sensitivity	domain_diversity_enriched	multiple_domain_hits	PF00035.33;PF03931.22	True		not_probability_sample	265	True	56.2877197265625	0.44528301886792454	0.26037735849056604	23.463947296142578	chrna-expand-1026-2		boltz2_2.2.1_single_sequence_batch8	20260919	44.115943908691406	collected/chrna-expand-1026-2/models/protein_7719f03e6a10d68a2c3cc108f1741a7302a03c655bd56cce0f179b5b7e36b7f1_single_sequence_seed20260919/model.cif
peptide_129032c3a616751a208583d97667a7bf22f7168124805dd961d859eab6970021	129032c3a616751a208583d97667a7bf22f7168124805dd961d859eab6970021	Knstrn:Ralgapa2	sensitivity	representative_stratified_random	single_domain_hit	PF28427.1	True		0.4020100502512563	274	True	44.589508056640625	0.7116788321167883	0.025547445255474453	26.068706512451172	chrna-expand-1026-2		boltz2_2.2.1_single_sequence_batch8	20260919	33.63589096069336	collected/chrna-expand-1026-2/models/protein_129032c3a616751a208583d97667a7bf22f7168124805dd961d859eab6970021_single_sequence_seed20260919/model.cif
peptide_5e6817343c2dfdcbbffb34c112a5607baae05a40d200a4b39ba023aea74c8987	5e6817343c2dfdcbbffb34c112a5607baae05a40d200a4b39ba023aea74c8987	Cd86:Atp5c1	sensitivity	domain_diversity_enriched	single_domain_hit	PF00231.25	True		not_probability_sample	283	True	43.341373443603516	0.7491166077738516	0.0353356890459364	21.565378189086914	chrna-expand-1026-2		boltz2_2.2.1_single_sequence_batch8	20260919	35.01033401489258	collected/chrna-expand-1026-2/models/protein_5e6817343c2dfdcbbffb34c112a5607baae05a40d200a4b39ba023aea74c8987_single_sequence_seed20260919/model.cif
peptide_bb6f70759de52b5bfc965d7788ea848793be70341774657985f53f76563d0a0d	bb6f70759de52b5bfc965d7788ea848793be70341774657985f53f76563d0a0d	G3bp1:Skp1	sensitivity	domain_diversity_enriched	multiple_domain_hits	PF02136.27;PF03931.22	True		not_probability_sample	301	True	42.40345764160156	0.8039867109634552	0.04983388704318937	24.99190902709961	chrna-expand-1026-2		boltz2_2.2.1_single_sequence_batch8	20260919	37.36866760253906	collected/chrna-expand-1026-2/models/protein_bb6f70759de52b5bfc965d7788ea848793be70341774657985f53f76563d0a0d_single_sequence_seed20260919/model.cif
peptide_829397420b49a412cf07f60151864bb984e43c3ffee13a777cc6be8d1ad441bc	829397420b49a412cf07f60151864bb984e43c3ffee13a777cc6be8d1ad441bc	Ms4a7:Cog6	sensitivity	domain_diversity_enriched	junction_within_candidate_domain	PF04103.22;PF20653.4	True		not_probability_sample	308	True	49.5710563659668	0.6331168831168831	0.11688311688311688	23.43699073791504	chrna-expand-1026-2		boltz2_2.2.1_single_sequence_batch8	20260919	42.71933364868164	collected/chrna-expand-1026-2/models/protein_829397420b49a412cf07f60151864bb984e43c3ffee13a777cc6be8d1ad441bc_single_sequence_seed20260919/model.cif
control_df58affaf9c7487b2d56778127f702804cf36fa8891e34d7d19a32ddaedec340	df58affaf9c7487b2d56778127f702804cf36fa8891e34d7d19a32ddaedec340	Clcn7:Psmb9	control	matched_parent_fragment_control	parent_fragment				matched_control	325	True	45.120582580566406	0.6123076923076923	0.0	22.371095657348633	chrna-expand-1026-2		boltz2_2.2.1_single_sequence_batch8	20260919		collected/chrna-expand-1026-2/models/protein_df58affaf9c7487b2d56778127f702804cf36fa8891e34d7d19a32ddaedec340_single_sequence_seed20260919/model.cif
peptide_565728c0cf28ba240d17d86a48e27dd43d60900e528cb50674a5742ce4aa113e	565728c0cf28ba240d17d86a48e27dd43d60900e528cb50674a5742ce4aa113e	Psmc3:Rnf38	sensitivity	representative_stratified_random	junction_within_candidate_domain	PF16450.12;PF00004.36	True		0.4020100502512563	332	True	44.0043830871582	0.6174698795180723	0.0	23.98090171813965	chrna-expand-1026-2		boltz2_2.2.1_single_sequence_batch8	20260919	37.922637939453125	collected/chrna-expand-1026-2/models/protein_565728c0cf28ba240d17d86a48e27dd43d60900e528cb50674a5742ce4aa113e_single_sequence_seed20260919/model.cif
peptide_767fb081a4777d11e85c8eebd9d950c184665a3f3488dcecdc8e2421d1b04687	767fb081a4777d11e85c8eebd9d950c184665a3f3488dcecdc8e2421d1b04687	Knstrn:Ralgapa2	sensitivity	representative_stratified_random	single_domain_hit	PF28427.1	True		0.4020100502512563	337	True	38.92280960083008	0.8071216617210683	0.0	26.965110778808594	chrna-expand-1026-2		boltz2_2.2.1_single_sequence_batch8	20260919	28.786386489868164	collected/chrna-expand-1026-2/models/protein_767fb081a4777d11e85c8eebd9d950c184665a3f3488dcecdc8e2421d1b04687_single_sequence_seed20260919/model.cif
peptide_fc3dcae4589f2fe6214a50c65bf1ce5dedd2b08d5b67b59819c44794f0849270	fc3dcae4589f2fe6214a50c65bf1ce5dedd2b08d5b67b59819c44794f0849270	Sema4d:Aldoa	sensitivity	domain_diversity_enriched	junction_within_candidate_domain	PF00274.26	True		not_probability_sample	354	True	39.3232421875	0.7824858757062146	0.0	22.61884307861328	chrna-expand-1026-2		boltz2_2.2.1_single_sequence_batch8	20260919	28.986543655395508	collected/chrna-expand-1026-2/models/protein_fc3dcae4589f2fe6214a50c65bf1ce5dedd2b08d5b67b59819c44794f0849270_single_sequence_seed20260919/model.cif
peptide_4923ba18e615b9d38cc8db2bfa7c608cb564ed75f99d63e0906b3936836d3b6a	4923ba18e615b9d38cc8db2bfa7c608cb564ed75f99d63e0906b3936836d3b6a	Kat5:Capg	sensitivity	representative_stratified_random	multiple_domain_hits	PF11717.15;PF00626.28;PF00626.28	True		0.4020100502512563	360	True	59.94880294799805	0.33611111111111114	0.38055555555555554	22.594066619873047	chrna-expand-1026-2		boltz2_2.2.1_single_sequence_batch8	20260919	32.90232467651367	collected/chrna-expand-1026-2/models/protein_4923ba18e615b9d38cc8db2bfa7c608cb564ed75f99d63e0906b3936836d3b6a_single_sequence_seed20260919/model.cif
peptide_e57449766dc440980be9eeef83d5d18559b6654d62f974d6d168034eefe1d967	e57449766dc440980be9eeef83d5d18559b6654d62f974d6d168034eefe1d967	Evl:H2-Oa	sensitivity	domain_diversity_enriched	single_domain_hit	PF00568.30	True		not_probability_sample	372	True	35.56863784790039	0.9193548387096774	0.0	27.387941360473633	chrna-expand-1026-2		boltz2_2.2.1_single_sequence_batch8	20260919	36.47898483276367	collected/chrna-expand-1026-2/models/protein_e57449766dc440980be9eeef83d5d18559b6654d62f974d6d168034eefe1d967_single_sequence_seed20260919/model.cif
peptide_d8a31ad2cecf2e39b962b25ac6770fc8f46e0f03599a7a150b6c24184e2d97ca	d8a31ad2cecf2e39b962b25ac6770fc8f46e0f03599a7a150b6c24184e2d97ca	Gask1b:Sh3glb1	sensitivity	domain_diversity_enriched	junction_within_candidate_domain	PF03114.24;PF10455.15;PF07653.24;PF00018.35;PF14604.13	True		not_probability_sample	379	True	39.82198715209961	0.8469656992084432	0.002638522427440633	24.7189998626709	chrna-expand-1026-2		boltz2_2.2.1_single_sequence_batch8	20260919	41.457794189453125	collected/chrna-expand-1026-2/models/protein_d8a31ad2cecf2e39b962b25ac6770fc8f46e0f03599a7a150b6c24184e2d97ca_single_sequence_seed20260919/model.cif
peptide_d34e9361a06545f1a7de88ab1e91e3cd5037f338880fab85e33d3e0e0d2fb2a3	d34e9361a06545f1a7de88ab1e91e3cd5037f338880fab85e33d3e0e0d2fb2a3	Ppp2r5c:Ddx24	sensitivity	domain_diversity_enriched	junction_within_candidate_domain	PF01603.27	True		not_probability_sample	386	True	41.70786666870117	0.727979274611399	0.05181347150259067	25.346343994140625	chrna-expand-1026-2		boltz2_2.2.1_single_sequence_batch8	20260919	27.598764419555664	collected/chrna-expand-1026-2/models/protein_d34e9361a06545f1a7de88ab1e91e3cd5037f338880fab85e33d3e0e0d2fb2a3_single_sequence_seed20260919/model.cif
control_601946d16c17677ae4997f20bbf81c8b4f631385a52544b2408cbde171565001	601946d16c17677ae4997f20bbf81c8b4f631385a52544b2408cbde171565001	Odf2l:Gtf2b	control	matched_parent_fragment_control	parent_fragment				matched_control	407	True	76.89389038085938	0.044226044226044224	0.8476658476658476	19.81595802307129	chrna-expand-1026-2		boltz2_2.2.1_single_sequence_batch8	20260919		collected/chrna-expand-1026-2/models/protein_601946d16c17677ae4997f20bbf81c8b4f631385a52544b2408cbde171565001_single_sequence_seed20260919/model.cif
peptide_963f56c411a72eee1c3dc7c4c14a0615edfc9e7c543d336b5234b00ed6490a04	963f56c411a72eee1c3dc7c4c14a0615edfc9e7c543d336b5234b00ed6490a04	Gatm:Snx5	sensitivity	representative_stratified_random	single_domain_hit	PF09325.16	True		0.4020100502512563	424	True	33.62921142578125	0.9363207547169812	0.0	25.57956314086914	chrna-expand-1026-2		boltz2_2.2.1_single_sequence_batch8	20260919	31.27523422241211	collected/chrna-expand-1026-2/models/protein_963f56c411a72eee1c3dc7c4c14a0615edfc9e7c543d336b5234b00ed6490a04_single_sequence_seed20260919/model.cif
peptide_593bafe5a34b7ad5e378a2e8d7438310ff7569754a18d611d544aa9d15e7e3cc	593bafe5a34b7ad5e378a2e8d7438310ff7569754a18d611d544aa9d15e7e3cc	Ash2l:Hgsnat	sensitivity	domain_diversity_enriched	junction_within_candidate_domain	PF21257.4	True		not_probability_sample	427	True	48.02547836303711	0.594847775175644	0.06088992974238876	20.072669982910156	chrna-expand-1026-2		boltz2_2.2.1_single_sequence_batch8	20260919	49.25716018676758	collected/chrna-expand-1026-2/models/protein_593bafe5a34b7ad5e378a2e8d7438310ff7569754a18d611d544aa9d15e7e3cc_single_sequence_seed20260919/model.cif
peptide_4ad10158fc87da0e9401da130c6ad51094839a0183aa27d3ceb2feb5cfba4263	4ad10158fc87da0e9401da130c6ad51094839a0183aa27d3ceb2feb5cfba4263	Ap5z1:Blvrb	sensitivity	representative_stratified_random	junction_within_candidate_domain	PF25153.2;PF14764.13;PF13460.13	True		0.4020100502512563	471	True	55.08919906616211	0.3375796178343949	0.1040339702760085	19.725805282592773	chrna-expand-1026-2		boltz2_2.2.1_single_sequence_batch8	20260919	51.35200881958008	collected/chrna-expand-1026-2/models/protein_4ad10158fc87da0e9401da130c6ad51094839a0183aa27d3ceb2feb5cfba4263_single_sequence_seed20260919/model.cif
peptide_891142de4762e91fde52ddd4d927eba7bd87eb77c4e6588fb27e94ef50163d7e	891142de4762e91fde52ddd4d927eba7bd87eb77c4e6588fb27e94ef50163d7e	Nsd1:Tipin	sensitivity	domain_diversity_enriched	junction_within_candidate_domain	PF00855.24	True		not_probability_sample	478	True	31.863079071044922	0.9644351464435147	0.0	27.738235473632812	chrna-expand-1026-2		boltz2_2.2.1_single_sequence_batch8	20260919	30.672691345214844	collected/chrna-expand-1026-2/models/protein_891142de4762e91fde52ddd4d927eba7bd87eb77c4e6588fb27e94ef50163d7e_single_sequence_seed20260919/model.cif
peptide_da4a1ebaf21582c46e4982554f273d0b1a54b302195ef6e6b5dd58ea966c7b48	da4a1ebaf21582c46e4982554f273d0b1a54b302195ef6e6b5dd58ea966c7b48	Abr:Pitpna	sensitivity	domain_diversity_enriched	junction_within_candidate_domain	PF00621.26;PF19057.7;PF00168.37;PF02121.26	True		not_probability_sample	497	True	36.06868362426758	0.8370221327967807	0.056338028169014086	26.549571990966797	chrna-expand-1026-2		boltz2_2.2.1_single_sequence_batch8	20260919	32.52695846557617	collected/chrna-expand-1026-2/models/protein_da4a1ebaf21582c46e4982554f273d0b1a54b302195ef6e6b5dd58ea966c7b48_single_sequence_seed20260919/model.cif
peptide_46f09489747a9a0907f311ed5540ff4deddc764ead0d7cc070b918c9f053679b	46f09489747a9a0907f311ed5540ff4deddc764ead0d7cc070b918c9f053679b	Osbpl8:Cpne2	sensitivity	domain_diversity_enriched	multiple_domain_hits	PF00168.37;PF07002.23	True		not_probability_sample	524	True	42.87330627441406	0.7309160305343512	0.05534351145038168	24.785301208496094	chrna-expand-1026-2		boltz2_2.2.1_single_sequence_batch8	20260919	33.499088287353516	collected/chrna-expand-1026-2/models/protein_46f09489747a9a0907f311ed5540ff4deddc764ead0d7cc070b918c9f053679b_single_sequence_seed20260919/model.cif
peptide_e9d10b5117bc4ef7ad88fc40886c8a0db39ed928c17dfa3c3960f613c88118df	e9d10b5117bc4ef7ad88fc40886c8a0db39ed928c17dfa3c3960f613c88118df	Fkbp8:Pirb	sensitivity	domain_diversity_enriched	multiple_domain_hits	PF00254.35;PF00047.32	True		not_probability_sample	571	True	43.67169189453125	0.7845884413309983	0.12609457092819615	27.30121612548828	chrna-expand-1026-2		boltz2_2.2.1_single_sequence_batch8	20260919	46.587615966796875	collected/chrna-expand-1026-2/models/protein_e9d10b5117bc4ef7ad88fc40886c8a0db39ed928c17dfa3c3960f613c88118df_single_sequence_seed20260919/model.cif
peptide_39c77a4a07176a332fe9825b10ab92962d37e6ab9ec65c651185ceeef7192cc3	39c77a4a07176a332fe9825b10ab92962d37e6ab9ec65c651185ceeef7192cc3	Exoc1:Npm1	sensitivity	domain_diversity_enriched	multiple_domain_hits	PF15277.13;PF09763.16	True		not_probability_sample	574	True	39.43144989013672	0.8310104529616724	0.0	27.627826690673828	chrna-expand-1026-2		boltz2_2.2.1_single_sequence_batch8	20260919	29.239469528198242	collected/chrna-expand-1026-2/models/protein_39c77a4a07176a332fe9825b10ab92962d37e6ab9ec65c651185ceeef7192cc3_single_sequence_seed20260919/model.cif
peptide_3001efb6119fb99f01db5d7d4363581895953b5a7b6961cc2fd75f7290e1eb7e	3001efb6119fb99f01db5d7d4363581895953b5a7b6961cc2fd75f7290e1eb7e	Sptlc2:Azi2	sensitivity	domain_diversity_enriched	multiple_domain_hits	PF00155.28;PF12845.13	True		not_probability_sample	607	True	36.69733428955078	0.841845140032949	0.09719934102141681	25.858888626098633	chrna-expand-1026-2		boltz2_2.2.1_single_sequence_batch8	20260919	28.766868591308594	collected/chrna-expand-1026-2/models/protein_3001efb6119fb99f01db5d7d4363581895953b5a7b6961cc2fd75f7290e1eb7e_single_sequence_seed20260919/model.cif
peptide_672dfb4b684a2bfabf419cdb3ce7cc67dda0fb743396ade3445039742eaa573b	672dfb4b684a2bfabf419cdb3ce7cc67dda0fb743396ade3445039742eaa573b	Marchf8:Dcp1b	sensitivity	domain_diversity_enriched	junction_within_candidate_domain	PF12906.14;PF31018.1;PF16741.11	True		not_probability_sample	625	True	31.96222496032715	1.0	0.0	28.1207218170166	chrna-expand-1026-2		boltz2_2.2.1_single_sequence_batch8	20260919	30.44574546813965	collected/chrna-expand-1026-2/models/protein_672dfb4b684a2bfabf419cdb3ce7cc67dda0fb743396ade3445039742eaa573b_single_sequence_seed20260919/model.cif
peptide_035943e42f3c245011a7f12ccb482fc1f27acd0d9b50f46e1f1b520c88915037	035943e42f3c245011a7f12ccb482fc1f27acd0d9b50f46e1f1b520c88915037	Map2k1:Hif1a	sensitivity	representative_stratified_random	multiple_domain_hits	PF00069.32;PF07714.24;PF14598.13;PF00989.32;PF08447.19;PF11413.14;PF08778.16	True		0.39759036144578314	873	True	31.315153121948242	0.9095074455899198	0.026345933562428408	28.291236877441406	chrna-expand-1026-2		boltz2_2.2.1_single_sequence_batch8	20260919	25.0354061126709	collected/chrna-expand-1026-2/models/protein_035943e42f3c245011a7f12ccb482fc1f27acd0d9b50f46e1f1b520c88915037_single_sequence_seed20260919/model.cif
peptide_763ac207806e35b3f70854ec0339d95586cceba0bf4aa634fbecdf080f902157	763ac207806e35b3f70854ec0339d95586cceba0bf4aa634fbecdf080f902157	Car5b:Gm20658	sensitivity	representative_stratified_random	no_Pfam_hit		False		0.3979591836734694	92	True	36.83912658691406	1.0	0.0	18.55360984802246	chrna-expand-1026-2__extra		boltz2_2.2.1_single_sequence_batch8	20260919	39.20897674560547	collected/chrna-expand-1026-2__extra/models/protein_763ac207806e35b3f70854ec0339d95586cceba0bf4aa634fbecdf080f902157_single_sequence_seed20260919/model.cif
peptide_c45fcc6bd3af187f41628994c340c52aa5c8fe4eee93a00472571e76543a3fee	c45fcc6bd3af187f41628994c340c52aa5c8fe4eee93a00472571e76543a3fee	Parp8:Usp25	sensitivity	representative_stratified_random	no_Pfam_hit		False		0.3979591836734694	93	True	44.5699462890625	0.7526881720430108	0.0	19.119558334350586	chrna-expand-1026-2__extra		boltz2_2.2.1_single_sequence_batch8	20260919	43.58725357055664	collected/chrna-expand-1026-2__extra/models/protein_c45fcc6bd3af187f41628994c340c52aa5c8fe4eee93a00472571e76543a3fee_single_sequence_seed20260919/model.cif
peptide_5dec96c2893d12a82d66c809f9ca0dbab9872f69c8d880123cbe4fbbcd65ed7e	5dec96c2893d12a82d66c809f9ca0dbab9872f69c8d880123cbe4fbbcd65ed7e	Acod1:Gm34643	sensitivity	domain_diversity_enriched	junction_within_candidate_domain	PF03972.20	False		not_probability_sample	126	True	35.80842971801758	1.0	0.0	20.553403854370117	chrna-expand-1026-2__extra		boltz2_2.2.1_single_sequence_batch8	20260919	36.26180648803711	collected/chrna-expand-1026-2__extra/models/protein_5dec96c2893d12a82d66c809f9ca0dbab9872f69c8d880123cbe4fbbcd65ed7e_single_sequence_seed20260919/model.cif
peptide_26ee5b92a46b362f9cfdc40dbd797c71f471310967f966da5fccced101edfc99	26ee5b92a46b362f9cfdc40dbd797c71f471310967f966da5fccced101edfc99	Map3k1:Gm47283	sensitivity	domain_diversity_enriched	no_Pfam_hit		False		not_probability_sample	174	True	46.359764099121094	0.7126436781609196	0.0	26.397451400756836	chrna-expand-1026-2__extra		boltz2_2.2.1_single_sequence_batch8	20260919	49.0722770690918	collected/chrna-expand-1026-2__extra/models/protein_26ee5b92a46b362f9cfdc40dbd797c71f471310967f966da5fccced101edfc99_single_sequence_seed20260919/model.cif
peptide_8368a2d1c4cc4ec8aff9a89a5426c2bbe6f16df50a127608e7b2ae482abcdb87	8368a2d1c4cc4ec8aff9a89a5426c2bbe6f16df50a127608e7b2ae482abcdb87	Pdia3:Ubac1	sensitivity	representative_stratified_random	single_domain_hit	PF00085.27	True		0.4069767441860465	195	True	78.11286926269531	0.0	0.5743589743589743	14.037925720214844	chrna-expand-1026-2__extra		boltz2_2.2.1_single_sequence_batch8	20260919	64.25511169433594	collected/chrna-expand-1026-2__extra/models/protein_8368a2d1c4cc4ec8aff9a89a5426c2bbe6f16df50a127608e7b2ae482abcdb87_single_sequence_seed20260919/model.cif
peptide_a06512005b4636bd4ce18d3e96aa5bb3fb4f236862db910998e7369f75207562	a06512005b4636bd4ce18d3e96aa5bb3fb4f236862db910998e7369f75207562	Vps45:Ctsh	sensitivity	domain_diversity_enriched	junction_within_candidate_domain	PF00995.29	True		not_probability_sample	231	True	46.326080322265625	0.6666666666666666	0.025974025974025976	18.656896591186523	chrna-expand-1026-2__extra		boltz2_2.2.1_single_sequence_batch8	20260919	34.4431266784668	collected/chrna-expand-1026-2__extra/models/protein_a06512005b4636bd4ce18d3e96aa5bb3fb4f236862db910998e7369f75207562_single_sequence_seed20260919/model.cif
peptide_07bb91915af17919f491fdc293812ef495a9b51a10cd4fb5fc7d25fb29d949db	07bb91915af17919f491fdc293812ef495a9b51a10cd4fb5fc7d25fb29d949db	Trim25:Atox1	sensitivity	domain_diversity_enriched	multiple_domain_hits	PF13920.13;PF13639.13;PF13445.13;PF00097.32;PF13923.13;PF15227.13;PF14634.13	True		not_probability_sample	281	True	60.241722106933594	0.33807829181494664	0.28825622775800713	23.132221221923828	chrna-expand-1026-2__extra		boltz2_2.2.1_single_sequence_batch8	20260919	58.08211898803711	collected/chrna-expand-1026-2__extra/models/protein_07bb91915af17919f491fdc293812ef495a9b51a10cd4fb5fc7d25fb29d949db_single_sequence_seed20260919/model.cif
peptide_dde764fa2d30588140490056325148a470f609050e908673266d2d727f3cd52c	dde764fa2d30588140490056325148a470f609050e908673266d2d727f3cd52c	Hexa:Clk3	sensitivity	domain_diversity_enriched	junction_within_candidate_domain	PF14845.12;PF00069.32;PF07714.24	True		not_probability_sample	302	True	61.67656707763672	0.3443708609271523	0.39072847682119205	17.086336135864258	chrna-expand-1026-2__extra		boltz2_2.2.1_single_sequence_batch8	20260919	62.847442626953125	collected/chrna-expand-1026-2__extra/models/protein_dde764fa2d30588140490056325148a470f609050e908673266d2d727f3cd52c_single_sequence_seed20260919/model.cif
peptide_9e11e5d6e11773e0e3042affec21b8b7fa0f1d62dcbc8f5db9bd20ad6364ecea	9e11e5d6e11773e0e3042affec21b8b7fa0f1d62dcbc8f5db9bd20ad6364ecea	Marchf8:Dcp1b	sensitivity	domain_diversity_enriched	junction_within_candidate_domain	PF12906.14;PF31018.1;PF16741.11	True		not_probability_sample	604	True	31.492801666259766	1.0	0.0	28.065502166748047	chrna-expand-1026-2__extra		boltz2_2.2.1_single_sequence_batch8	20260919	29.755348205566406	collected/chrna-expand-1026-2__extra/models/protein_9e11e5d6e11773e0e3042affec21b8b7fa0f1d62dcbc8f5db9bd20ad6364ecea_single_sequence_seed20260919/model.cif
peptide_e0bf582d7900310d3ebb52dea59d0837e0aaf830161e7658a84ffeed3a5d9c01	e0bf582d7900310d3ebb52dea59d0837e0aaf830161e7658a84ffeed3a5d9c01	Plekhm2:Map4	sensitivity	representative_stratified_random	no_Pfam_hit		False		0.3979591836734694	31	True	79.63478088378906	0.0	0.7741935483870968	7.629523277282715	chrna-expand-1026-3		boltz2_2.2.1_single_sequence_batch8	20260919	77.3089828491211	collected/chrna-expand-1026-3/models/protein_e0bf582d7900310d3ebb52dea59d0837e0aaf830161e7658a84ffeed3a5d9c01_single_sequence_seed20260919/model.cif
peptide_1837b3f50c669b53f2cb54ddf011fc07fa8340a83aefe3accfac4a1212376219	1837b3f50c669b53f2cb54ddf011fc07fa8340a83aefe3accfac4a1212376219	Nudt3:Anks1	sensitivity	domain_diversity_enriched	no_Pfam_hit		False		not_probability_sample	44	True	56.73464584350586	0.045454545454545456	0.0	9.432331085205078	chrna-expand-1026-3		boltz2_2.2.1_single_sequence_batch8	20260919	57.550315856933594	collected/chrna-expand-1026-3/models/protein_1837b3f50c669b53f2cb54ddf011fc07fa8340a83aefe3accfac4a1212376219_single_sequence_seed20260919/model.cif
control_a4382c9d8fdd703487544ee1c349df14444e92b8e3ed64705e3671cc5e667c58	a4382c9d8fdd703487544ee1c349df14444e92b8e3ed64705e3671cc5e667c58	Ric1:Ppcdc	control	matched_parent_fragment_control	parent_fragment				matched_control	48	True	47.915313720703125	0.6666666666666666	0.0	15.957480430603027	chrna-expand-1026-3		boltz2_2.2.1_single_sequence_batch8	20260919		collected/chrna-expand-1026-3/models/protein_a4382c9d8fdd703487544ee1c349df14444e92b8e3ed64705e3671cc5e667c58_single_sequence_seed20260919/model.cif
peptide_27f45c3ab0b286ffe9b79b4f58f03e65c206f7943983e0191ee89a79bcce5ef3	27f45c3ab0b286ffe9b79b4f58f03e65c206f7943983e0191ee89a79bcce5ef3	Macf1:Capzb	sensitivity	representative_stratified_random	no_Pfam_hit		False		0.3979591836734694	56	True	57.47032928466797	0.19642857142857142	0.0	15.174530982971191	chrna-expand-1026-3		boltz2_2.2.1_single_sequence_batch8	20260919	54.82029342651367	collected/chrna-expand-1026-3/models/protein_27f45c3ab0b286ffe9b79b4f58f03e65c206f7943983e0191ee89a79bcce5ef3_single_sequence_seed20260919/model.cif
peptide_e1b073afb577d6df99e8030739da52b87e21e1299a2a836c7c0a45a37377a194	e1b073afb577d6df99e8030739da52b87e21e1299a2a836c7c0a45a37377a194	Srpk1:Esd	sensitivity	representative_stratified_random	no_Pfam_hit		False		0.3979591836734694	70	True	67.15424346923828	0.07142857142857142	0.45714285714285713	18.36455726623535	chrna-expand-1026-3		boltz2_2.2.1_single_sequence_batch8	20260919	60.857818603515625	collected/chrna-expand-1026-3/models/protein_e1b073afb577d6df99e8030739da52b87e21e1299a2a836c7c0a45a37377a194_single_sequence_seed20260919/model.cif
control_2f739187e90bcf03989e8984345543d371bbcad1aaeee9d1c61c2428e0030931	2f739187e90bcf03989e8984345543d371bbcad1aaeee9d1c61c2428e0030931	Napg:Garem1	control	matched_parent_fragment_control	parent_fragment				matched_control	81	True	64.05647277832031	0.037037037037037035	0.19753086419753085	7.7690324783325195	chrna-expand-1026-3		boltz2_2.2.1_single_sequence_batch8	20260919		collected/chrna-expand-1026-3/models/protein_2f739187e90bcf03989e8984345543d371bbcad1aaeee9d1c61c2428e0030931_single_sequence_seed20260919/model.cif
control_1f25d8ad165f30d4b144e15f1c5fbdf8205aabeb7e3cc2e51ae7030c99d4bc37	1f25d8ad165f30d4b144e15f1c5fbdf8205aabeb7e3cc2e51ae7030c99d4bc37	Zmiz1:Pinx1	control	matched_parent_fragment_control	parent_fragment				matched_control	93	True	71.59931945800781	0.010752688172043012	0.6989247311827957	7.117611885070801	chrna-expand-1026-3		boltz2_2.2.1_single_sequence_batch8	20260919		collected/chrna-expand-1026-3/models/protein_1f25d8ad165f30d4b144e15f1c5fbdf8205aabeb7e3cc2e51ae7030c99d4bc37_single_sequence_seed20260919/model.cif
control_f17fb4ff7f49079801fdb3130bd2d9b478426dace00c34c650cb498c5109d377	f17fb4ff7f49079801fdb3130bd2d9b478426dace00c34c650cb498c5109d377	Piezo1:Isca2	control	matched_parent_fragment_control	parent_fragment				matched_control	94	True	57.19403076171875	0.1595744680851064	0.0	15.377264976501465	chrna-expand-1026-3		boltz2_2.2.1_single_sequence_batch8	20260919		collected/chrna-expand-1026-3/models/protein_f17fb4ff7f49079801fdb3130bd2d9b478426dace00c34c650cb498c5109d377_single_sequence_seed20260919/model.cif
peptide_027defea00b26fa7c7e9a4638732f64c0ccea2b297e5eee8cdc324c81f52b1d5	027defea00b26fa7c7e9a4638732f64c0ccea2b297e5eee8cdc324c81f52b1d5	Nedd4l:Lman1	sensitivity	domain_diversity_enriched	single_domain_hit	PF00168.37	False		not_probability_sample	109	True	52.83856201171875	0.3486238532110092	0.0	12.194051742553711	chrna-expand-1026-3		boltz2_2.2.1_single_sequence_batch8	20260919	61.43619918823242	collected/chrna-expand-1026-3/models/protein_027defea00b26fa7c7e9a4638732f64c0ccea2b297e5eee8cdc324c81f52b1d5_single_sequence_seed20260919/model.cif
peptide_d3440da42af9f63a25fd682c69f19e1dc20e80c3f9411fb433082f5a8acfd1fb	d3440da42af9f63a25fd682c69f19e1dc20e80c3f9411fb433082f5a8acfd1fb	Ptpn6:Ptms	sensitivity	representative_stratified_random	single_domain_hit	PF00017.31	True		0.4069767441860465	112	True	50.830726623535156	0.39285714285714285	0.0	15.5723876953125	chrna-expand-1026-3		boltz2_2.2.1_single_sequence_batch8	20260919	36.978511810302734	collected/chrna-expand-1026-3/models/protein_d3440da42af9f63a25fd682c69f19e1dc20e80c3f9411fb433082f5a8acfd1fb_single_sequence_seed20260919/model.cif
peptide_7ae8e62a4721786a34407993c9d0bd712320ff76301c3be05a4694cc5d83e242	7ae8e62a4721786a34407993c9d0bd712320ff76301c3be05a4694cc5d83e242	Strn:Fez2	sensitivity	representative_stratified_random	junction_within_candidate_domain	PF08232.18	True		0.4069767441860465	113	True	47.12968826293945	0.5575221238938053	0.0	20.408620834350586	chrna-expand-1026-3		boltz2_2.2.1_single_sequence_batch8	20260919	38.55451583862305	collected/chrna-expand-1026-3/models/protein_7ae8e62a4721786a34407993c9d0bd712320ff76301c3be05a4694cc5d83e242_single_sequence_seed20260919/model.cif
peptide_67c5da7bb13927abc0392140297340bf2fd096352615d836d732118191c5a10e	67c5da7bb13927abc0392140297340bf2fd096352615d836d732118191c5a10e	Arid5b:Nampt	sensitivity	representative_stratified_random	junction_within_candidate_domain	PF18127.7	True		0.4069767441860465	123	True	34.90019607543945	0.991869918699187	0.0	17.02735710144043	chrna-expand-1026-3		boltz2_2.2.1_single_sequence_batch8	20260919	38.881195068359375	collected/chrna-expand-1026-3/models/protein_67c5da7bb13927abc0392140297340bf2fd096352615d836d732118191c5a10e_single_sequence_seed20260919/model.cif
peptide_9e68304f9447ab229feeca64e73501fe59c5f0f4ff97ef6af6fcd023d3c920e7	9e68304f9447ab229feeca64e73501fe59c5f0f4ff97ef6af6fcd023d3c920e7	Ldlrad3:1700012C14Rik	sensitivity	domain_diversity_enriched	multiple_domain_hits	PF00057.24;PF00057.24	True		not_probability_sample	135	True	50.921268463134766	0.5259259259259259	0.044444444444444446	20.375078201293945	chrna-expand-1026-3		boltz2_2.2.1_single_sequence_batch8	20260919	42.07079315185547	collected/chrna-expand-1026-3/models/protein_9e68304f9447ab229feeca64e73501fe59c5f0f4ff97ef6af6fcd023d3c920e7_single_sequence_seed20260919/model.cif
peptide_f4e045d5182808952897414f88e0233ef2a9ad645a1e650613caf6fc13cbad3e	f4e045d5182808952897414f88e0233ef2a9ad645a1e650613caf6fc13cbad3e	Syngr1:Hnrnpdl	sensitivity	representative_stratified_random	single_domain_hit	PF01284.29	True		0.4069767441860465	135	True	42.02460479736328	0.8814814814814815	0.0	21.970548629760742	chrna-expand-1026-3		boltz2_2.2.1_single_sequence_batch8	20260919	39.26274871826172	collected/chrna-expand-1026-3/models/protein_f4e045d5182808952897414f88e0233ef2a9ad645a1e650613caf6fc13cbad3e_single_sequence_seed20260919/model.cif
peptide_07e4a77058d756bfe8d091980b83e27057f72b907adea56145b8b0e64b2dd4fb	07e4a77058d756bfe8d091980b83e27057f72b907adea56145b8b0e64b2dd4fb	Tmbim6:Rmc1	sensitivity	domain_diversity_enriched	junction_within_candidate_domain	PF01027.27	True		not_probability_sample	148	True	53.871337890625	0.3310810810810811	0.0	19.921192169189453	chrna-expand-1026-3		boltz2_2.2.1_single_sequence_batch8	20260919	51.2851448059082	collected/chrna-expand-1026-3/models/protein_07e4a77058d756bfe8d091980b83e27057f72b907adea56145b8b0e64b2dd4fb_single_sequence_seed20260919/model.cif
peptide_cb389fefd9a4a3a1f74d2d3104b94bff58d8224970e649876c79543e8c514549	cb389fefd9a4a3a1f74d2d3104b94bff58d8224970e649876c79543e8c514549	Uty:Csnk1g3	sensitivity	representative_stratified_random	single_domain_hit	PF00515.35	True		0.4069767441860465	159	True	84.40641784667969	0.006289308176100629	0.8930817610062893	8.207879066467285	chrna-expand-1026-3		boltz2_2.2.1_single_sequence_batch8	20260919	73.98417663574219	collected/chrna-expand-1026-3/models/protein_cb389fefd9a4a3a1f74d2d3104b94bff58d8224970e649876c79543e8c514549_single_sequence_seed20260919/model.cif
peptide_c8e077f64cb21fbb1cd794a8d3ddd26580056c9b69ff01ec06f29e93d21453a1	c8e077f64cb21fbb1cd794a8d3ddd26580056c9b69ff01ec06f29e93d21453a1	Cux1:Cmtm7	sensitivity	representative_stratified_random	junction_within_candidate_domain	PF25398.2;PF01284.29	True		0.4069767441860465	169	True	55.7014274597168	0.25443786982248523	0.08284023668639054	15.880560874938965	chrna-expand-1026-3		boltz2_2.2.1_single_sequence_batch8	20260919	50.85538864135742	collected/chrna-expand-1026-3/models/protein_c8e077f64cb21fbb1cd794a8d3ddd26580056c9b69ff01ec06f29e93d21453a1_single_sequence_seed20260919/model.cif
peptide_674fc521daeacd7094e56c3dcea621dd2343783f2767e0c3a9d10c3710563f9d	674fc521daeacd7094e56c3dcea621dd2343783f2767e0c3a9d10c3710563f9d	Asl:Cct6a	sensitivity	domain_diversity_enriched	single_domain_hit	PF00118.30	True		not_probability_sample	180	True	41.567161560058594	0.8444444444444444	0.0	19.06586456298828	chrna-expand-1026-3		boltz2_2.2.1_single_sequence_batch8	20260919	47.62875747680664	collected/chrna-expand-1026-3/models/protein_674fc521daeacd7094e56c3dcea621dd2343783f2767e0c3a9d10c3710563f9d_single_sequence_seed20260919/model.cif
peptide_8115f44fdbbd88481df2cdc8a1be680f26d492ffd945c70cd15ff849d3c80abe	8115f44fdbbd88481df2cdc8a1be680f26d492ffd945c70cd15ff849d3c80abe	P2rx4:2900089D17Rik	sensitivity	representative_stratified_random	single_domain_hit	PF00864.25	True		0.4069767441860465	192	True	37.31939697265625	0.828125	0.0	23.770641326904297	chrna-expand-1026-3		boltz2_2.2.1_single_sequence_batch8	20260919	32.457550048828125	collected/chrna-expand-1026-3/models/protein_8115f44fdbbd88481df2cdc8a1be680f26d492ffd945c70cd15ff849d3c80abe_single_sequence_seed20260919/model.cif
peptide_f4f5d12a140051f1427d261259db823afa60e6e8bb2945517d3c3a6fa8663e81	f4f5d12a140051f1427d261259db823afa60e6e8bb2945517d3c3a6fa8663e81	Spast:Memo1	sensitivity	domain_diversity_enriched	single_domain_hit	PF01875.24	True		not_probability_sample	197	True	49.162967681884766	0.700507614213198	0.07614213197969544	24.73731803894043	chrna-expand-1026-3		boltz2_2.2.1_single_sequence_batch8	20260919	44.88610076904297	collected/chrna-expand-1026-3/models/protein_f4f5d12a140051f1427d261259db823afa60e6e8bb2945517d3c3a6fa8663e81_single_sequence_seed20260919/model.cif
peptide_7be2991666543a0f04d31f6ed711e6f81472e965489ac46ad46052310bc8285d	7be2991666543a0f04d31f6ed711e6f81472e965489ac46ad46052310bc8285d	Pdxk:Lyz2	sensitivity	representative_stratified_random	junction_within_candidate_domain	PF00062.26	True		0.4020100502512563	213	True	47.78144454956055	0.6713615023474179	0.004694835680751174	18.433853149414062	chrna-expand-1026-3		boltz2_2.2.1_single_sequence_batch8	20260919	52.21593475341797	collected/chrna-expand-1026-3/models/protein_7be2991666543a0f04d31f6ed711e6f81472e965489ac46ad46052310bc8285d_single_sequence_seed20260919/model.cif
peptide_8c5017bc6b1a22ef2380283d8a527e9eef02b86c9e3f79f15d45e21ce0477d42	8c5017bc6b1a22ef2380283d8a527e9eef02b86c9e3f79f15d45e21ce0477d42	Smu1:Chmp5	sensitivity	domain_diversity_enriched	junction_within_candidate_domain	PF17814.8;PF03357.27	True		not_probability_sample	220	True	59.95786666870117	0.2636363636363636	0.23636363636363636	21.492250442504883	chrna-expand-1026-3		boltz2_2.2.1_single_sequence_batch8	20260919	55.3454704284668	collected/chrna-expand-1026-3/models/protein_8c5017bc6b1a22ef2380283d8a527e9eef02b86c9e3f79f15d45e21ce0477d42_single_sequence_seed20260919/model.cif
peptide_1d87a877d262c1b0c60fc8ddef97de260cbd6f38e6020cb598156da2fbeb80c6	1d87a877d262c1b0c60fc8ddef97de260cbd6f38e6020cb598156da2fbeb80c6	Cux1:Cmtm7	sensitivity	domain_diversity_enriched	junction_within_candidate_domain	PF25398.2	True		not_probability_sample	232	True	47.81196212768555	0.5775862068965517	0.0	23.63795280456543	chrna-expand-1026-3		boltz2_2.2.1_single_sequence_batch8	20260919	53.109474182128906	collected/chrna-expand-1026-3/models/protein_1d87a877d262c1b0c60fc8ddef97de260cbd6f38e6020cb598156da2fbeb80c6_single_sequence_seed20260919/model.cif
control_1df3c3affc13da72176abc6aab27ee715c073fd7e4b5197f6d44f9051ed23c58	1df3c3affc13da72176abc6aab27ee715c073fd7e4b5197f6d44f9051ed23c58	Dnase2a:Kdm3b	control	matched_parent_fragment_control	parent_fragment				matched_control	238	True	29.603008270263672	0.9789915966386554	0.0	22.5556640625	chrna-expand-1026-3		boltz2_2.2.1_single_sequence_batch8	20260919		collected/chrna-expand-1026-3/models/protein_1df3c3affc13da72176abc6aab27ee715c073fd7e4b5197f6d44f9051ed23c58_single_sequence_seed20260919/model.cif
peptide_2406d806134d43f5e537c5dfe952740541e8a2ba91e30f0c94820e1e70759f8a	2406d806134d43f5e537c5dfe952740541e8a2ba91e30f0c94820e1e70759f8a	Ufsp2:Oas1g	sensitivity	representative_stratified_random	junction_within_candidate_domain	PF20908.3;PF10421.15	True		0.4020100502512563	251	True	34.931461334228516	0.9561752988047809	0.0	22.24372673034668	chrna-expand-1026-3		boltz2_2.2.1_single_sequence_batch8	20260919	37.56613540649414	collected/chrna-expand-1026-3/models/protein_2406d806134d43f5e537c5dfe952740541e8a2ba91e30f0c94820e1e70759f8a_single_sequence_seed20260919/model.cif
peptide_d89febda573436f7d00b03f3bea0d917b780a8a4bce1015c074fe00931bfd8a5	d89febda573436f7d00b03f3bea0d917b780a8a4bce1015c074fe00931bfd8a5	Ncstn:Setdb1	sensitivity	representative_stratified_random	junction_within_candidate_domain	PF18266.9;PF00856.34	True		0.4020100502512563	261	True	29.200634002685547	0.9731800766283525	0.0	22.835662841796875	chrna-expand-1026-3		boltz2_2.2.1_single_sequence_batch8	20260919	28.132246017456055	collected/chrna-expand-1026-3/models/protein_d89febda573436f7d00b03f3bea0d917b780a8a4bce1015c074fe00931bfd8a5_single_sequence_seed20260919/model.cif
peptide_d125d41db8dcdd46f86cd5ebe2ae6376bd9ebf2b702728d636a4e1b155fb35ec	d125d41db8dcdd46f86cd5ebe2ae6376bd9ebf2b702728d636a4e1b155fb35ec	Hexa:Clk3	sensitivity	domain_diversity_enriched	junction_within_candidate_domain	PF14845.12;PF00069.32;PF07714.24	True		not_probability_sample	276	True	51.051605224609375	0.5688405797101449	0.21014492753623187	19.623165130615234	chrna-expand-1026-3		boltz2_2.2.1_single_sequence_batch8	20260919	58.00260925292969	collected/chrna-expand-1026-3/models/protein_d125d41db8dcdd46f86cd5ebe2ae6376bd9ebf2b702728d636a4e1b155fb35ec_single_sequence_seed20260919/model.cif
peptide_841a7dec41668a8823e77f00cd9cd6770a4d34a6b2ca9b937362cbabdef4ec83	841a7dec41668a8823e77f00cd9cd6770a4d34a6b2ca9b937362cbabdef4ec83	Foxo3:Copz1	sensitivity	domain_diversity_enriched	multiple_domain_hits	PF00250.25;PF01217.27	True		not_probability_sample	284	True	36.297367095947266	0.8873239436619719	0.0	25.280092239379883	chrna-expand-1026-3		boltz2_2.2.1_single_sequence_batch8	20260919	31.767383575439453	collected/chrna-expand-1026-3/models/protein_841a7dec41668a8823e77f00cd9cd6770a4d34a6b2ca9b937362cbabdef4ec83_single_sequence_seed20260919/model.cif
peptide_2426276ec830aadd6212f9cf78b057dcf8ba7616a0f926ba1ce92b4108e86c95	2426276ec830aadd6212f9cf78b057dcf8ba7616a0f926ba1ce92b4108e86c95	Os9:Ube2d3	sensitivity	domain_diversity_enriched	junction_within_candidate_domain	PF07915.20;PF00179.32	True		not_probability_sample	301	True	50.600303649902344	0.5448504983388704	0.15614617940199335	23.57796859741211	chrna-expand-1026-3		boltz2_2.2.1_single_sequence_batch8	20260919	36.58976364135742	collected/chrna-expand-1026-3/models/protein_2426276ec830aadd6212f9cf78b057dcf8ba7616a0f926ba1ce92b4108e86c95_single_sequence_seed20260919/model.cif
peptide_c734168245105660686a0eabbce49277b60dad12aaa5e5d48a75dbe5c6366a8e	c734168245105660686a0eabbce49277b60dad12aaa5e5d48a75dbe5c6366a8e	Rbks:Babam2	sensitivity	representative_stratified_random	multiple_domain_hits	PF00294.30;PF06113.18	True		0.4020100502512563	306	True	34.43025588989258	0.8888888888888888	0.0	22.18630599975586	chrna-expand-1026-3		boltz2_2.2.1_single_sequence_batch8	20260919	24.739429473876953	collected/chrna-expand-1026-3/models/protein_c734168245105660686a0eabbce49277b60dad12aaa5e5d48a75dbe5c6366a8e_single_sequence_seed20260919/model.cif
peptide_2ab63e3273544a28aaa32d62aaaa19adc02acae786e73c9955af647536b75fea	2ab63e3273544a28aaa32d62aaaa19adc02acae786e73c9955af647536b75fea	Tnfaip3:Traf1	sensitivity	domain_diversity_enriched	junction_within_candidate_domain	PF02338.26;PF16673.11	True		not_probability_sample	326	True	38.688804626464844	0.8312883435582822	0.003067484662576687	25.422096252441406	chrna-expand-1026-3		boltz2_2.2.1_single_sequence_batch8	20260919	29.886852264404297	collected/chrna-expand-1026-3/models/protein_2ab63e3273544a28aaa32d62aaaa19adc02acae786e73c9955af647536b75fea_single_sequence_seed20260919/model.cif
peptide_e0c17a6de4b7381cfb85a908fb673ddbd605942c51da7301e120b56a0bb41dde	e0c17a6de4b7381cfb85a908fb673ddbd605942c51da7301e120b56a0bb41dde	Mtx1:1810009A15Rik	sensitivity	representative_stratified_random	junction_within_candidate_domain	PF10568.16;PF17172.11;PF17719.7	True		0.4020100502512563	331	True	40.26109313964844	0.8308157099697885	0.012084592145015106	27.307960510253906	chrna-expand-1026-3		boltz2_2.2.1_single_sequence_batch8	20260919	45.31787109375	collected/chrna-expand-1026-3/models/protein_e0c17a6de4b7381cfb85a908fb673ddbd605942c51da7301e120b56a0bb41dde_single_sequence_seed20260919/model.cif
peptide_b07c5efa7d09204563227b91d094dc419e03e1b10d1a4cb6eb94c56e2c587192	b07c5efa7d09204563227b91d094dc419e03e1b10d1a4cb6eb94c56e2c587192	Sbds:Guf1	sensitivity	representative_stratified_random	junction_within_candidate_domain	PF01172.25	True		0.4069767441860465	51	True	59.810672760009766	0.23529411764705882	0.19607843137254902	10.163046836853027	chrna-expand-1026-3__extra		boltz2_2.2.1_single_sequence_batch8	20260919	59.28107833862305	collected/chrna-expand-1026-3__extra/models/protein_b07c5efa7d09204563227b91d094dc419e03e1b10d1a4cb6eb94c56e2c587192_single_sequence_seed20260919/model.cif
peptide_c88ac834202a668c2c9f96ed9b7151ed4866bd28f134c628f652bc66835b7b0b	c88ac834202a668c2c9f96ed9b7151ed4866bd28f134c628f652bc66835b7b0b	Pip4p2:Slc44a1	sensitivity	representative_stratified_random	no_Pfam_hit		False		0.3979591836734694	64	True	51.79783248901367	0.5	0.0	18.639301300048828	chrna-expand-1026-3__extra		boltz2_2.2.1_single_sequence_batch8	20260919	52.704376220703125	collected/chrna-expand-1026-3__extra/models/protein_c88ac834202a668c2c9f96ed9b7151ed4866bd28f134c628f652bc66835b7b0b_single_sequence_seed20260919/model.cif
peptide_07f2c3fbbe467c455acca675059f5556329e6ad151e67a5dec69bb15266ee4a4	07f2c3fbbe467c455acca675059f5556329e6ad151e67a5dec69bb15266ee4a4	Syngr1:Hnrnpdl	sensitivity	domain_diversity_enriched	single_domain_hit	PF01284.29	True		not_probability_sample	113	True	48.596248626708984	0.6371681415929203	0.0	20.24793243408203	chrna-expand-1026-3__extra		boltz2_2.2.1_single_sequence_batch8	20260919	42.272274017333984	collected/chrna-expand-1026-3__extra/models/protein_07f2c3fbbe467c455acca675059f5556329e6ad151e67a5dec69bb15266ee4a4_single_sequence_seed20260919/model.cif
peptide_3ada8d0f783448d781a343bbb26f093b30855195e6d287fc33a272a70fa797c7	3ada8d0f783448d781a343bbb26f093b30855195e6d287fc33a272a70fa797c7	Rbl1:Hnrnpdl	sensitivity	representative_stratified_random	no_Pfam_hit		False		0.3979591836734694	129	True	48.0587272644043	0.5658914728682171	0.0	16.733068466186523	chrna-expand-1026-3__extra		boltz2_2.2.1_single_sequence_batch8	20260919	44.053733825683594	collected/chrna-expand-1026-3__extra/models/protein_3ada8d0f783448d781a343bbb26f093b30855195e6d287fc33a272a70fa797c7_single_sequence_seed20260919/model.cif
peptide_27744c5dc905b9f7e711bf1a92601be5c44e4659df11214ed7af446a5e1a1d9b	27744c5dc905b9f7e711bf1a92601be5c44e4659df11214ed7af446a5e1a1d9b	Stau2:Eloc	sensitivity	domain_diversity_enriched	single_domain_hit	PF03931.22	True		not_probability_sample	161	True	48.15044403076172	0.5341614906832298	0.0	21.071197509765625	chrna-expand-1026-3__extra		boltz2_2.2.1_single_sequence_batch8	20260919	44.223960876464844	collected/chrna-expand-1026-3__extra/models/protein_27744c5dc905b9f7e711bf1a92601be5c44e4659df11214ed7af446a5e1a1d9b_single_sequence_seed20260919/model.cif
peptide_12a810bdb6b49c9c96109c028879fc1c0f2bef9266897870d2cac808fdf76e31	12a810bdb6b49c9c96109c028879fc1c0f2bef9266897870d2cac808fdf76e31	Il7r:Pygm	sensitivity	representative_stratified_random	junction_within_candidate_domain	PF18447.8;PF00343.27	True		0.4069767441860465	190	True	36.263526916503906	0.9947368421052631	0.0	21.446548461914062	chrna-expand-1026-3__extra		boltz2_2.2.1_single_sequence_batch8	20260919	31.3702449798584	collected/chrna-expand-1026-3__extra/models/protein_12a810bdb6b49c9c96109c028879fc1c0f2bef9266897870d2cac808fdf76e31_single_sequence_seed20260919/model.cif
control_694f5db12f2bbd362d0ff596bb56deeb0a10576e26ae7bbde658c9ec6ba8a2d3	694f5db12f2bbd362d0ff596bb56deeb0a10576e26ae7bbde658c9ec6ba8a2d3	G3bp1:Skp1	control	matched_parent_fragment_control	parent_fragment				matched_control	245	True	39.01280212402344	0.9755102040816327	0.0	25.411508560180664	chrna-expand-1026-3__extra		boltz2_2.2.1_single_sequence_batch8	20260919		collected/chrna-expand-1026-3__extra/models/protein_694f5db12f2bbd362d0ff596bb56deeb0a10576e26ae7bbde658c9ec6ba8a2d3_single_sequence_seed20260919/model.cif
peptide_9d76c5a12905c6de9b68da6752f15ec82e5982388b8d5208e61930226bf6f7ba	9d76c5a12905c6de9b68da6752f15ec82e5982388b8d5208e61930226bf6f7ba	Knstrn:Ralgapa2	sensitivity	domain_diversity_enriched	single_domain_hit	PF28427.1	True		not_probability_sample	250	True	47.0014762878418	0.66	0.028	25.637441635131836	chrna-expand-1026-3__extra		boltz2_2.2.1_single_sequence_batch8	20260919	35.450313568115234	collected/chrna-expand-1026-3__extra/models/protein_9d76c5a12905c6de9b68da6752f15ec82e5982388b8d5208e61930226bf6f7ba_single_sequence_seed20260919/model.cif
peptide_72100e4c04a2b74b0c781aac3ae7d9fa0633b14fe5cf65b5a07402147bb2746c	72100e4c04a2b74b0c781aac3ae7d9fa0633b14fe5cf65b5a07402147bb2746c	Kat5:Capg	sensitivity	domain_diversity_enriched	multiple_domain_hits	PF11717.15;PF00626.28;PF00626.28	True		not_probability_sample	327	True	67.33666229248047	0.22935779816513763	0.581039755351682	21.335128784179688	chrna-expand-1026-3__extra		boltz2_2.2.1_single_sequence_batch8	20260919	36.08822250366211	collected/chrna-expand-1026-3__extra/models/protein_72100e4c04a2b74b0c781aac3ae7d9fa0633b14fe5cf65b5a07402147bb2746c_single_sequence_seed20260919/model.cif
peptide_4ad756c19a375fa0543e7d51028e774933b2bccdd26afde57288708297e8ae15	4ad756c19a375fa0543e7d51028e774933b2bccdd26afde57288708297e8ae15	Psmc3:Rnf38	sensitivity	domain_diversity_enriched	junction_within_candidate_domain	PF16450.12;PF00004.36;PF13639.13;PF17123.12;PF00097.32;PF13923.13;PF12678.14	True		not_probability_sample	378	True	46.979488372802734	0.6296296296296297	0.08994708994708994	23.172378540039062	chrna-expand-1026-3__extra		boltz2_2.2.1_single_sequence_batch8	20260919	38.81217956542969	collected/chrna-expand-1026-3__extra/models/protein_4ad756c19a375fa0543e7d51028e774933b2bccdd26afde57288708297e8ae15_single_sequence_seed20260919/model.cif
peptide_57a389f5cc59e5ba85809b162047f91f3f1b29e0eebdaabf5540a69a1e0b1f29	57a389f5cc59e5ba85809b162047f91f3f1b29e0eebdaabf5540a69a1e0b1f29	Rbks:Babam2	sensitivity	representative_stratified_random	multiple_domain_hits	PF00294.30;PF06113.18	True		0.4020100502512563	461	True	30.2542781829834	1.0	0.0	25.541946411132812	chrna-expand-1026-3__extra		boltz2_2.2.1_single_sequence_batch8	20260919	25.7569637298584	collected/chrna-expand-1026-3__extra/models/protein_57a389f5cc59e5ba85809b162047f91f3f1b29e0eebdaabf5540a69a1e0b1f29_single_sequence_seed20260919/model.cif
peptide_a9855c1ae00c4ff26a7885ea32ffb3198238abf2780d0e4213509abbd68c5b42	a9855c1ae00c4ff26a7885ea32ffb3198238abf2780d0e4213509abbd68c5b42	Tmem181a:Bin2	sensitivity	domain_diversity_enriched	multiple_domain_hits	PF21885.2;PF06664.18;PF21532.3	True		not_probability_sample	753	True	40.92756652832031	0.8114209827357237	0.0	26.56667709350586	chrna-expand-1026-3__extra		boltz2_2.2.1_single_sequence_batch8	20260919	27.597787857055664	collected/chrna-expand-1026-3__extra/models/protein_a9855c1ae00c4ff26a7885ea32ffb3198238abf2780d0e4213509abbd68c5b42_single_sequence_seed20260919/model.cif
control_10be4ebd54f2cd29e0387fc864ef62cc5bd469f7a2b675452608b076106fcf8d	10be4ebd54f2cd29e0387fc864ef62cc5bd469f7a2b675452608b076106fcf8d	Hnrnph3:Ddx50	control	matched_parent_fragment_control	parent_fragment				matched_control	37	True	51.15636444091797	0.4864864864864865	0.0	8.993595123291016	chrna-expand-1026-5		boltz2_2.2.1_single_sequence_batch8	20260919		collected/chrna-expand-1026-5/models/protein_10be4ebd54f2cd29e0387fc864ef62cc5bd469f7a2b675452608b076106fcf8d_single_sequence_seed20260919/model.cif
peptide_36a4297036c85e854c68c293239dea5194e2c740a4058cd692350c4f2bd0f7ff	36a4297036c85e854c68c293239dea5194e2c740a4058cd692350c4f2bd0f7ff	Runx1:Mrps6	sensitivity	domain_diversity_enriched	no_Pfam_hit		False		not_probability_sample	47	True	46.036808013916016	0.8936170212765957	0.0	14.257932662963867	chrna-expand-1026-5		boltz2_2.2.1_single_sequence_batch8	20260919	47.2343635559082	collected/chrna-expand-1026-5/models/protein_36a4297036c85e854c68c293239dea5194e2c740a4058cd692350c4f2bd0f7ff_single_sequence_seed20260919/model.cif
control_2fdba42f13e82edfd3c58d5f4f7461521bad514f1610a649d74f2e2225ae72a0	2fdba42f13e82edfd3c58d5f4f7461521bad514f1610a649d74f2e2225ae72a0	Iqgap1:Dusp10	control	matched_parent_fragment_control	parent_fragment				matched_control	65	True	57.98113250732422	0.15384615384615385	0.015384615384615385	12.452104568481445	chrna-expand-1026-5		boltz2_2.2.1_single_sequence_batch8	20260919		collected/chrna-expand-1026-5/models/protein_2fdba42f13e82edfd3c58d5f4f7461521bad514f1610a649d74f2e2225ae72a0_single_sequence_seed20260919/model.cif
peptide_0d3b32fb4831898cbcefd43020fbbd0b4313d2e84c9dee7c844222d749da3d5d	0d3b32fb4831898cbcefd43020fbbd0b4313d2e84c9dee7c844222d749da3d5d	Nfkb1:Zranb2	sensitivity	domain_diversity_enriched	no_Pfam_hit		False		not_probability_sample	73	True	44.584815979003906	0.7123287671232876	0.0	16.106075286865234	chrna-expand-1026-5		boltz2_2.2.1_single_sequence_batch8	20260919	40.282737731933594	collected/chrna-expand-1026-5/models/protein_0d3b32fb4831898cbcefd43020fbbd0b4313d2e84c9dee7c844222d749da3d5d_single_sequence_seed20260919/model.cif
peptide_d62915db798e266d1153a87cc111e116869f651eb3fa0b1c5fb2019584a5435f	d62915db798e266d1153a87cc111e116869f651eb3fa0b1c5fb2019584a5435f	Sh3bp5:Dnajc15	sensitivity	domain_diversity_enriched	single_domain_hit	PF05276.20	True		not_probability_sample	75	True	73.28992462158203	0.0	0.6533333333333333	15.64062786102295	chrna-expand-1026-5		boltz2_2.2.1_single_sequence_batch8	20260919	79.65078735351562	collected/chrna-expand-1026-5/models/protein_d62915db798e266d1153a87cc111e116869f651eb3fa0b1c5fb2019584a5435f_single_sequence_seed20260919/model.cif
peptide_ca72f66042e71e1e21c99fda8c7eb56b2fdbda05489bf40972906333df2ee070	ca72f66042e71e1e21c99fda8c7eb56b2fdbda05489bf40972906333df2ee070	Arrb1:Cnot7	sensitivity	representative_stratified_random	no_Pfam_hit		False		0.3979591836734694	91	True	37.848793029785156	0.967032967032967	0.0	16.715152740478516	chrna-expand-1026-5		boltz2_2.2.1_single_sequence_batch8	20260919	47.67331314086914	collected/chrna-expand-1026-5/models/protein_ca72f66042e71e1e21c99fda8c7eb56b2fdbda05489bf40972906333df2ee070_single_sequence_seed20260919/model.cif
peptide_2a54d2306a47cd7f1fc18ae9ec07fd18dea19f91144ec25288c370b8b470b91a	2a54d2306a47cd7f1fc18ae9ec07fd18dea19f91144ec25288c370b8b470b91a	Gpatch8:Trp53	sensitivity	representative_stratified_random	single_domain_hit	PF07710.17	True		0.4069767441860465	102	True	43.321800231933594	0.8725490196078431	0.0	22.965843200683594	chrna-expand-1026-5		boltz2_2.2.1_single_sequence_batch8	20260919	40.9979133605957	collected/chrna-expand-1026-5/models/protein_2a54d2306a47cd7f1fc18ae9ec07fd18dea19f91144ec25288c370b8b470b91a_single_sequence_seed20260919/model.cif
peptide_52dc89f0f4fb3482c3aff504c379ad83938c8d58f96336589bcd23a7f4b2cf6b	52dc89f0f4fb3482c3aff504c379ad83938c8d58f96336589bcd23a7f4b2cf6b	Pmm2:Morf4l1	sensitivity	domain_diversity_enriched	single_domain_hit	PF03332.20	True		not_probability_sample	102	True	43.7633056640625	0.7843137254901961	0.0	16.100860595703125	chrna-expand-1026-5		boltz2_2.2.1_single_sequence_batch8	20260919	45.65519714355469	collected/chrna-expand-1026-5/models/protein_52dc89f0f4fb3482c3aff504c379ad83938c8d58f96336589bcd23a7f4b2cf6b_single_sequence_seed20260919/model.cif
peptide_4b86cbbd62a51cfc18706638afe5e3ad96829332154bf833f030cbf363e5cb8b	4b86cbbd62a51cfc18706638afe5e3ad96829332154bf833f030cbf363e5cb8b	Ptpn6:Ptms	sensitivity	domain_diversity_enriched	single_domain_hit	PF00017.31	True		not_probability_sample	110	True	47.14289474487305	0.5727272727272728	0.0	15.73483943939209	chrna-expand-1026-5		boltz2_2.2.1_single_sequence_batch8	20260919	42.105079650878906	collected/chrna-expand-1026-5/models/protein_4b86cbbd62a51cfc18706638afe5e3ad96829332154bf833f030cbf363e5cb8b_single_sequence_seed20260919/model.cif
peptide_029038857aa1559fc6193b71964d76f1911a9a5c95c62a8cc6ec4a60a9e2391c	029038857aa1559fc6193b71964d76f1911a9a5c95c62a8cc6ec4a60a9e2391c	Zcchc8:Sars	sensitivity	domain_diversity_enriched	no_Pfam_hit		False		not_probability_sample	120	True	57.51927947998047	0.24166666666666667	0.11666666666666667	23.623090744018555	chrna-expand-1026-5		boltz2_2.2.1_single_sequence_batch8	20260919	55.44036102294922	collected/chrna-expand-1026-5/models/protein_029038857aa1559fc6193b71964d76f1911a9a5c95c62a8cc6ec4a60a9e2391c_single_sequence_seed20260919/model.cif
peptide_0b7e9df4c2b6d200712e45c95098c96eac719000e15145708b24cbdcd5c3df96	0b7e9df4c2b6d200712e45c95098c96eac719000e15145708b24cbdcd5c3df96	Piezo1:Isca2	sensitivity	representative_stratified_random	junction_within_candidate_domain	PF24871.2	True		0.4069767441860465	124	True	50.639068603515625	0.5161290322580645	0.0	17.900203704833984	chrna-expand-1026-5		boltz2_2.2.1_single_sequence_batch8	20260919	48.46306228637695	collected/chrna-expand-1026-5/models/protein_0b7e9df4c2b6d200712e45c95098c96eac719000e15145708b24cbdcd5c3df96_single_sequence_seed20260919/model.cif
peptide_f21efac3785c20b7ec1ea2ad7be182469832f6e4ae6755557ec68370065f2859	f21efac3785c20b7ec1ea2ad7be182469832f6e4ae6755557ec68370065f2859	Strn:Fez2	sensitivity	domain_diversity_enriched	junction_within_candidate_domain	PF08232.18	True		not_probability_sample	128	True	52.443973541259766	0.3984375	0.0703125	16.969219207763672	chrna-expand-1026-5		boltz2_2.2.1_single_sequence_batch8	20260919	44.93268585205078	collected/chrna-expand-1026-5/models/protein_f21efac3785c20b7ec1ea2ad7be182469832f6e4ae6755557ec68370065f2859_single_sequence_seed20260919/model.cif
peptide_10fe73666ce4897f4a505771284d042bc68e724a9dac14081e82f2b5d644ad29	10fe73666ce4897f4a505771284d042bc68e724a9dac14081e82f2b5d644ad29	Wasl:Chchd3	sensitivity	representative_stratified_random	no_Pfam_hit		False		0.3979591836734694	140	True	48.42288589477539	0.5571428571428572	0.007142857142857143	19.28536605834961	chrna-expand-1026-5		boltz2_2.2.1_single_sequence_batch8	20260919	42.139801025390625	collected/chrna-expand-1026-5/models/protein_10fe73666ce4897f4a505771284d042bc68e724a9dac14081e82f2b5d644ad29_single_sequence_seed20260919/model.cif
control_282d8b4ff23fa39f5e0f368fbd2fe4ed47d7512eda0d5204ef577cbb17ab3b4c	282d8b4ff23fa39f5e0f368fbd2fe4ed47d7512eda0d5204ef577cbb17ab3b4c	Cux1:Cmtm7	control	matched_parent_fragment_control	parent_fragment				matched_control	143	True	51.68018341064453	0.5874125874125874	0.1888111888111888	20.820425033569336	chrna-expand-1026-5		boltz2_2.2.1_single_sequence_batch8	20260919		collected/chrna-expand-1026-5/models/protein_282d8b4ff23fa39f5e0f368fbd2fe4ed47d7512eda0d5204ef577cbb17ab3b4c_single_sequence_seed20260919/model.cif
peptide_36a28e6f5c74c8d6e1dfd986e11c158a2616007935f1aad346a43326853eff80	36a28e6f5c74c8d6e1dfd986e11c158a2616007935f1aad346a43326853eff80	Tm9sf2:Mad1l1	sensitivity	domain_diversity_enriched	junction_within_candidate_domain	PF05557.19	True		not_probability_sample	164	True	57.795894622802734	0.34146341463414637	0.2621951219512195	20.85140037536621	chrna-expand-1026-5		boltz2_2.2.1_single_sequence_batch8	20260919	42.352882385253906	collected/chrna-expand-1026-5/models/protein_36a28e6f5c74c8d6e1dfd986e11c158a2616007935f1aad346a43326853eff80_single_sequence_seed20260919/model.cif
peptide_32e334f403868fd25ffca91ac3f035b5239ef8058ba21fe20c5c2cafefaaf36b	32e334f403868fd25ffca91ac3f035b5239ef8058ba21fe20c5c2cafefaaf36b	Tapbp:Tap1	sensitivity	representative_stratified_random	no_Pfam_hit		False		0.3979591836734694	165	True	45.88734817504883	0.793939393939394	0.08484848484848485	20.37455177307129	chrna-expand-1026-5		boltz2_2.2.1_single_sequence_batch8	20260919	41.690399169921875	collected/chrna-expand-1026-5/models/protein_32e334f403868fd25ffca91ac3f035b5239ef8058ba21fe20c5c2cafefaaf36b_single_sequence_seed20260919/model.cif
peptide_9f823ba0dd59a8ed95138476011a28120745113f0c7bb4eee5974db3f450f6d3	9f823ba0dd59a8ed95138476011a28120745113f0c7bb4eee5974db3f450f6d3	Cltc:Cfl1	sensitivity	domain_diversity_enriched	single_domain_hit	PF00241.26	True		not_probability_sample	179	True	37.17161178588867	0.9553072625698324	0.0	20.37047004699707	chrna-expand-1026-5		boltz2_2.2.1_single_sequence_batch8	20260919	32.465702056884766	collected/chrna-expand-1026-5/models/protein_9f823ba0dd59a8ed95138476011a28120745113f0c7bb4eee5974db3f450f6d3_single_sequence_seed20260919/model.cif
peptide_6b4a17dee050cff3310d8b56b1a2bf4213534607b65da82f2876a136fecafb78	6b4a17dee050cff3310d8b56b1a2bf4213534607b65da82f2876a136fecafb78	Rmdn1:Kras	sensitivity	representative_stratified_random	junction_within_candidate_domain	PF00071.29;PF00009.34;PF08477.20	True		0.4069767441860465	190	True	64.70289611816406	0.2631578947368421	0.45263157894736844	12.91649055480957	chrna-expand-1026-5		boltz2_2.2.1_single_sequence_batch8	20260919	49.22333526611328	collected/chrna-expand-1026-5/models/protein_6b4a17dee050cff3310d8b56b1a2bf4213534607b65da82f2876a136fecafb78_single_sequence_seed20260919/model.cif
peptide_78835e6b79bf657748ca3545aaff79d6a5d42e2715b85680b16654ef67c482da	78835e6b79bf657748ca3545aaff79d6a5d42e2715b85680b16654ef67c482da	Abcc5:Clic5	sensitivity	representative_stratified_random	no_Pfam_hit		False		0.38461538461538464	202	True	32.22992706298828	0.9900990099009901	0.0	23.350854873657227	chrna-expand-1026-5		boltz2_2.2.1_single_sequence_batch8	20260919	37.142539978027344	collected/chrna-expand-1026-5/models/protein_78835e6b79bf657748ca3545aaff79d6a5d42e2715b85680b16654ef67c482da_single_sequence_seed20260919/model.cif
peptide_e023350169098eef31e566be25303ecd455c03a3a5cebd919cd784219eeafeb1	e023350169098eef31e566be25303ecd455c03a3a5cebd919cd784219eeafeb1	Golga4:Bcl2a1b	sensitivity	representative_stratified_random	no_Pfam_hit		False		0.38461538461538464	212	True	39.76559066772461	0.8632075471698113	0.0	25.254703521728516	chrna-expand-1026-5		boltz2_2.2.1_single_sequence_batch8	20260919	36.329280853271484	collected/chrna-expand-1026-5/models/protein_e023350169098eef31e566be25303ecd455c03a3a5cebd919cd784219eeafeb1_single_sequence_seed20260919/model.cif
peptide_4911b266243feba1dff4e32dc71b35cacfff58bf9535f87ef0a0bbfc8d2d489b	4911b266243feba1dff4e32dc71b35cacfff58bf9535f87ef0a0bbfc8d2d489b	Sdf2:Rab8a	sensitivity	domain_diversity_enriched	junction_within_candidate_domain	PF00071.29;PF08477.20;PF00025.28	True		not_probability_sample	224	True	36.906917572021484	0.96875	0.0	22.156240463256836	chrna-expand-1026-5		boltz2_2.2.1_single_sequence_batch8	20260919	38.82411575317383	collected/chrna-expand-1026-5/models/protein_4911b266243feba1dff4e32dc71b35cacfff58bf9535f87ef0a0bbfc8d2d489b_single_sequence_seed20260919/model.cif
control_10ce0436418e1133e6a92a2d7e5f9da744beac8d449ae61db007916011351d18	10ce0436418e1133e6a92a2d7e5f9da744beac8d449ae61db007916011351d18	Pcmt1:Gcn1	control	matched_parent_fragment_control	parent_fragment				matched_control	226	True	56.10057067871094	0.415929203539823	0.26991150442477874	19.825706481933594	chrna-expand-1026-5		boltz2_2.2.1_single_sequence_batch8	20260919		collected/chrna-expand-1026-5/models/protein_10ce0436418e1133e6a92a2d7e5f9da744beac8d449ae61db007916011351d18_single_sequence_seed20260919/model.cif
peptide_5424b3b081add3407a1c9fc6004d737755ce0e3a3234e8230e71760b01a64962	5424b3b081add3407a1c9fc6004d737755ce0e3a3234e8230e71760b01a64962	Tbk1:Erp27	sensitivity	domain_diversity_enriched	junction_within_candidate_domain	PF07714.24;PF00069.32;PF13848.13	True		not_probability_sample	237	True	40.845333099365234	0.8776371308016878	0.0	21.597057342529297	chrna-expand-1026-5		boltz2_2.2.1_single_sequence_batch8	20260919	36.71787643432617	collected/chrna-expand-1026-5/models/protein_5424b3b081add3407a1c9fc6004d737755ce0e3a3234e8230e71760b01a64962_single_sequence_seed20260919/model.cif
peptide_d85bea779c21e41f402c38adc0eea73d5066f9f8f1b1729b628a8f5551f3d6eb	d85bea779c21e41f402c38adc0eea73d5066f9f8f1b1729b628a8f5551f3d6eb	Pnkp:Tyrobp	sensitivity	representative_stratified_random	multiple_domain_hits	PF17913.7;PF08645.18	True		0.4020100502512563	256	True	33.23411178588867	0.99609375	0.0	24.192331314086914	chrna-expand-1026-5		boltz2_2.2.1_single_sequence_batch8	20260919	38.37090301513672	collected/chrna-expand-1026-5/models/protein_d85bea779c21e41f402c38adc0eea73d5066f9f8f1b1729b628a8f5551f3d6eb_single_sequence_seed20260919/model.cif
peptide_1c43ec801183888e593c0609f76bb37aa09531d33d5bec872e9cd64e5b3b03d6	1c43ec801183888e593c0609f76bb37aa09531d33d5bec872e9cd64e5b3b03d6	Knstrn:Ralgapa2	sensitivity	representative_stratified_random	single_domain_hit	PF28427.1	True		0.4020100502512563	259	True	45.435123443603516	0.6911196911196911	0.011583011583011582	25.881772994995117	chrna-expand-1026-5		boltz2_2.2.1_single_sequence_batch8	20260919	32.246273040771484	collected/chrna-expand-1026-5/models/protein_1c43ec801183888e593c0609f76bb37aa09531d33d5bec872e9cd64e5b3b03d6_single_sequence_seed20260919/model.cif
peptide_a05f56feb652f82089167a331f2080ab59e097382da93d5d68de766fec8b6550	a05f56feb652f82089167a331f2080ab59e097382da93d5d68de766fec8b6550	Ms4a7:Cog6	sensitivity	domain_diversity_enriched	junction_within_candidate_domain	PF04103.22;PF20653.4	True		not_probability_sample	276	True	50.645320892333984	0.6340579710144928	0.13043478260869565	22.804237365722656	chrna-expand-1026-5		boltz2_2.2.1_single_sequence_batch8	20260919	43.659339904785156	collected/chrna-expand-1026-5/models/protein_a05f56feb652f82089167a331f2080ab59e097382da93d5d68de766fec8b6550_single_sequence_seed20260919/model.cif
peptide_bfbe94d908fcd8f69be27480ebc7da46295e57455da9b22228b77eeba38b7b54	bfbe94d908fcd8f69be27480ebc7da46295e57455da9b22228b77eeba38b7b54	Cd86:Atp5c1	sensitivity	domain_diversity_enriched	single_domain_hit	PF00231.25	True		not_probability_sample	284	True	42.50764465332031	0.7183098591549296	0.03169014084507042	21.815410614013672	chrna-expand-1026-5		boltz2_2.2.1_single_sequence_batch8	20260919	35.35429000854492	collected/chrna-expand-1026-5/models/protein_bfbe94d908fcd8f69be27480ebc7da46295e57455da9b22228b77eeba38b7b54_single_sequence_seed20260919/model.cif
peptide_6c0449bdb9e34826579abe11cfed9a517fee6ef480173dce54ac59995757f77a	6c0449bdb9e34826579abe11cfed9a517fee6ef480173dce54ac59995757f77a	Nrp1:Spred1	sensitivity	domain_diversity_enriched	junction_within_candidate_domain	PF00431.27;PF00568.30	True		not_probability_sample	301	True	33.975589752197266	0.9335548172757475	0.0	25.0717716217041	chrna-expand-1026-5		boltz2_2.2.1_single_sequence_batch8	20260919	31.580331802368164	collected/chrna-expand-1026-5/models/protein_6c0449bdb9e34826579abe11cfed9a517fee6ef480173dce54ac59995757f77a_single_sequence_seed20260919/model.cif
peptide_d7a390627d3490305c40d93135910ad1a4fef81af9ff5a4a2d0af33e8d4eb42b	d7a390627d3490305c40d93135910ad1a4fef81af9ff5a4a2d0af33e8d4eb42b	App:Opa1	sensitivity	domain_diversity_enriched	multiple_domain_hits	PF02177.22;PF12924.13	True		not_probability_sample	309	True	38.803924560546875	0.8414239482200647	0.009708737864077669	25.685937881469727	chrna-expand-1026-5		boltz2_2.2.1_single_sequence_batch8	20260919	50.769439697265625	collected/chrna-expand-1026-5/models/protein_d7a390627d3490305c40d93135910ad1a4fef81af9ff5a4a2d0af33e8d4eb42b_single_sequence_seed20260919/model.cif
peptide_2f630c8ac1f2060986220f2f569a31cc4c98c6dae3dd795e5fcb3a5e71695286	2f630c8ac1f2060986220f2f569a31cc4c98c6dae3dd795e5fcb3a5e71695286	Ms4a6b:Nudt19	sensitivity	domain_diversity_enriched	junction_within_candidate_domain	PF04103.22;PF30669.1;PF30668.1	True		not_probability_sample	319	True	43.708438873291016	0.6394984326018809	0.0	23.817119598388672	chrna-expand-1026-5		boltz2_2.2.1_single_sequence_batch8	20260919	28.86685562133789	collected/chrna-expand-1026-5/models/protein_2f630c8ac1f2060986220f2f569a31cc4c98c6dae3dd795e5fcb3a5e71695286_single_sequence_seed20260919/model.cif
peptide_6a73aca1a471fe1ecbef9501cfdfb8151acef56c02d83265660f2ee32eb1f52a	6a73aca1a471fe1ecbef9501cfdfb8151acef56c02d83265660f2ee32eb1f52a	Ptbp3:Dtnbp1	sensitivity	domain_diversity_enriched	single_domain_hit	PF04440.22	True		not_probability_sample	336	True	58.25643539428711	0.44047619047619047	0.36607142857142855	25.61721420288086	chrna-expand-1026-5		boltz2_2.2.1_single_sequence_batch8	20260919	50.96438217163086	collected/chrna-expand-1026-5/models/protein_6a73aca1a471fe1ecbef9501cfdfb8151acef56c02d83265660f2ee32eb1f52a_single_sequence_seed20260919/model.cif
peptide_a22a4ae9148bd64d363d94d6c19b6c5ff7be2a7b222ffbe94732a29d697f6499	a22a4ae9148bd64d363d94d6c19b6c5ff7be2a7b222ffbe94732a29d697f6499	Spg21:Acadm	sensitivity	representative_stratified_random	multiple_domain_hits	PF02770.25;PF00441.30;PF08028.17	True		0.4020100502512563	340	True	36.75625991821289	0.8529411764705882	0.0	23.60371971130371	chrna-expand-1026-5		boltz2_2.2.1_single_sequence_batch8	20260919	33.98136520385742	collected/chrna-expand-1026-5/models/protein_a22a4ae9148bd64d363d94d6c19b6c5ff7be2a7b222ffbe94732a29d697f6499_single_sequence_seed20260919/model.cif
peptide_5af7c9b00e95eb56688fad877e092da563fe395a18ff6073400526f46430b9ed	5af7c9b00e95eb56688fad877e092da563fe395a18ff6073400526f46430b9ed	Sptlc2:Ylpm1	sensitivity	representative_stratified_random	no_Pfam_hit		False		0.3979591836734694	47	True	45.028587341308594	0.9787234042553191	0.0	13.719192504882812	chrna-expand-1026-5__extra		boltz2_2.2.1_single_sequence_batch8	20260919	43.95246887207031	collected/chrna-expand-1026-5__extra/models/protein_5af7c9b00e95eb56688fad877e092da563fe395a18ff6073400526f46430b9ed_single_sequence_seed20260919/model.cif
peptide_0f46e2e20268e8213050283ed394c6260f80b22b9be29c54812e686fa80a2c5e	0f46e2e20268e8213050283ed394c6260f80b22b9be29c54812e686fa80a2c5e	Ric1:Ppcdc	sensitivity	domain_diversity_enriched	no_Pfam_hit		False		not_probability_sample	74	True	36.768550872802734	1.0	0.0	16.112707138061523	chrna-expand-1026-5__extra		boltz2_2.2.1_single_sequence_batch8	20260919	38.452239990234375	collected/chrna-expand-1026-5__extra/models/protein_0f46e2e20268e8213050283ed394c6260f80b22b9be29c54812e686fa80a2c5e_single_sequence_seed20260919/model.cif
peptide_3632f1a214c3713db3160dc9fe24f4c90cf4933eaa90f64397fc7bb85e557882	3632f1a214c3713db3160dc9fe24f4c90cf4933eaa90f64397fc7bb85e557882	Prrc2a:Lilr4b	sensitivity	domain_diversity_enriched	single_domain_hit	PF07001.17	True		not_probability_sample	109	True	55.16844940185547	0.5688073394495413	0.1926605504587156	22.117734909057617	chrna-expand-1026-5__extra		boltz2_2.2.1_single_sequence_batch8	20260919	54.02775192260742	collected/chrna-expand-1026-5__extra/models/protein_3632f1a214c3713db3160dc9fe24f4c90cf4933eaa90f64397fc7bb85e557882_single_sequence_seed20260919/model.cif
peptide_6aa0fdef3566685151bbad905d24c42b8c77ebfdbd04df6acbcce3f0e30e1639	6aa0fdef3566685151bbad905d24c42b8c77ebfdbd04df6acbcce3f0e30e1639	Wipi2:Arpc1b	sensitivity	representative_stratified_random	no_Pfam_hit		False		0.3979591836734694	136	True	39.2592658996582	0.7720588235294118	0.029411764705882353	18.834190368652344	chrna-expand-1026-5__extra		boltz2_2.2.1_single_sequence_batch8	20260919	29.933883666992188	collected/chrna-expand-1026-5__extra/models/protein_6aa0fdef3566685151bbad905d24c42b8c77ebfdbd04df6acbcce3f0e30e1639_single_sequence_seed20260919/model.cif
peptide_e2582d24210c1f5db1135723c7b03e8e4d38f9a134711e147f72082d48db24ff	e2582d24210c1f5db1135723c7b03e8e4d38f9a134711e147f72082d48db24ff	Twf2:Tap1	sensitivity	domain_diversity_enriched	junction_within_candidate_domain	PF00005.34	True		not_probability_sample	146	True	39.90940856933594	0.9246575342465754	0.0	18.225234985351562	chrna-expand-1026-5__extra		boltz2_2.2.1_single_sequence_batch8	20260919	36.644771575927734	collected/chrna-expand-1026-5__extra/models/protein_e2582d24210c1f5db1135723c7b03e8e4d38f9a134711e147f72082d48db24ff_single_sequence_seed20260919/model.cif
peptide_15e643672903b7113574889dae4cc23d4569cf25071f17533771b184bd3e1ee8	15e643672903b7113574889dae4cc23d4569cf25071f17533771b184bd3e1ee8	Por:Ctsl	sensitivity	domain_diversity_enriched	junction_within_candidate_domain	PF00258.31;PF00112.30	True		not_probability_sample	213	True	41.62202072143555	0.7887323943661971	0.07511737089201878	23.228713989257812	chrna-expand-1026-5__extra		boltz2_2.2.1_single_sequence_batch8	20260919	35.06435012817383	collected/chrna-expand-1026-5__extra/models/protein_15e643672903b7113574889dae4cc23d4569cf25071f17533771b184bd3e1ee8_single_sequence_seed20260919/model.cif
peptide_c3404076889d0f00dd98fcdeb3a7f27d4880fe8711eb768f4a18c4a3deea030c	c3404076889d0f00dd98fcdeb3a7f27d4880fe8711eb768f4a18c4a3deea030c	Arhgap10:Mrps28	sensitivity	domain_diversity_enriched	multiple_domain_hits	PF16746.11;PF10246.15	True		not_probability_sample	220	True	47.06949234008789	0.6181818181818182	0.04090909090909091	20.56431007385254	chrna-expand-1026-5__extra		boltz2_2.2.1_single_sequence_batch8	20260919	43.12212371826172	collected/chrna-expand-1026-5__extra/models/protein_c3404076889d0f00dd98fcdeb3a7f27d4880fe8711eb768f4a18c4a3deea030c_single_sequence_seed20260919/model.cif
peptide_818aa2c35ecb642c02d5d10a43ae7c5463eab0258583e86f19a118f2d9eb1e29	818aa2c35ecb642c02d5d10a43ae7c5463eab0258583e86f19a118f2d9eb1e29	Bin1:Ndufs8	sensitivity	domain_diversity_enriched	multiple_domain_hits	PF00037.33;PF12800.13;PF12838.13;PF13187.12;PF00037.33;PF12800.13	True		not_probability_sample	267	True	45.05040740966797	0.7340823970037453	0.0749063670411985	21.708404541015625	chrna-expand-1026-5__extra		boltz2_2.2.1_single_sequence_batch8	20260919	39.513145446777344	collected/chrna-expand-1026-5__extra/models/protein_818aa2c35ecb642c02d5d10a43ae7c5463eab0258583e86f19a118f2d9eb1e29_single_sequence_seed20260919/model.cif
peptide_d81aca105ad2047bea9356d504f6df99feebd94cbf437b94628d534e9a7094da	d81aca105ad2047bea9356d504f6df99feebd94cbf437b94628d534e9a7094da	Mertk:Aopep	sensitivity	representative_stratified_random	multiple_domain_hits	PF00047.32;PF13927.13;PF13895.13;PF00041.28	True		0.4020100502512563	490	True	74.76387023925781	0.17142857142857143	0.6918367346938775	19.68121910095215	chrna-expand-1026-5__extra		boltz2_2.2.1_single_sequence_batch8	20260919	80.41039276123047	collected/chrna-expand-1026-5__extra/models/protein_d81aca105ad2047bea9356d504f6df99feebd94cbf437b94628d534e9a7094da_single_sequence_seed20260919/model.cif
peptide_b6e7079959e2e742b74acf1dd9a58da2569597a986da8f4a23033febcc9aef96	b6e7079959e2e742b74acf1dd9a58da2569597a986da8f4a23033febcc9aef96	Vps8:2510009E07Rik	sensitivity	representative_stratified_random	multiple_domain_hits	PF23410.5;PF12816.14	True		0.42105263157894735	1122	True	57.8162727355957	0.36452762923351156	0.3003565062388592	25.5823917388916	chrna-expand-1026-5__extra		boltz2_2.2.1_single_sequence_batch8	20260919	63.32769012451172	collected/chrna-expand-1026-5__extra/models/protein_b6e7079959e2e742b74acf1dd9a58da2569597a986da8f4a23033febcc9aef96_single_sequence_seed20260919/model.cif
control_f466b00bd68f57e58359d89f51b7e86c28d91791510529eaf6ef0f9e77509a08	f466b00bd68f57e58359d89f51b7e86c28d91791510529eaf6ef0f9e77509a08	Wasl:Chchd3	control	matched_parent_fragment_control	parent_fragment				matched_control	36	True	61.30784606933594	0.027777777777777776	0.25	10.456124305725098	chrna-expand-1026-6		boltz2_2.2.1_single_sequence_batch8	20260919		collected/chrna-expand-1026-6/models/protein_f466b00bd68f57e58359d89f51b7e86c28d91791510529eaf6ef0f9e77509a08_single_sequence_seed20260919/model.cif
control_0096e7450127688825c940032d79b2944056668aa81035736e8c97045e5336b1	0096e7450127688825c940032d79b2944056668aa81035736e8c97045e5336b1	Zfp655:Atp5j2	control	matched_parent_fragment_control	parent_fragment				matched_control	45	True	55.69019317626953	0.17777777777777778	0.0	14.724000930786133	chrna-expand-1026-6		boltz2_2.2.1_single_sequence_batch8	20260919		collected/chrna-expand-1026-6/models/protein_0096e7450127688825c940032d79b2944056668aa81035736e8c97045e5336b1_single_sequence_seed20260919/model.cif
peptide_7635061f8df4bcc6ecf90d61da3627ae356d98251bb0ad809d89ef7c29c4741c	7635061f8df4bcc6ecf90d61da3627ae356d98251bb0ad809d89ef7c29c4741c	Sh3pxd2b:Rab2a	sensitivity	representative_stratified_random	no_Pfam_hit		False		0.3979591836734694	50	True	48.666316986083984	0.56	0.0	13.0973482131958	chrna-expand-1026-6		boltz2_2.2.1_single_sequence_batch8	20260919	49.78490447998047	collected/chrna-expand-1026-6/models/protein_7635061f8df4bcc6ecf90d61da3627ae356d98251bb0ad809d89ef7c29c4741c_single_sequence_seed20260919/model.cif
peptide_c956706a6f2d4fb1b4f9fb5a0cef639f8d821139ca046bff46df61c7366f955c	c956706a6f2d4fb1b4f9fb5a0cef639f8d821139ca046bff46df61c7366f955c	Clic5:Tnip3	sensitivity	representative_stratified_random	no_Pfam_hit		False		0.3979591836734694	51	True	53.11957550048828	0.27450980392156865	0.0	16.88901138305664	chrna-expand-1026-6		boltz2_2.2.1_single_sequence_batch8	20260919	52.26519012451172	collected/chrna-expand-1026-6/models/protein_c956706a6f2d4fb1b4f9fb5a0cef639f8d821139ca046bff46df61c7366f955c_single_sequence_seed20260919/model.cif
peptide_3d61e832126d9123e5a5b44f33bc003e68fede50bc598b895da783369a476712	3d61e832126d9123e5a5b44f33bc003e68fede50bc598b895da783369a476712	Adam8:Tyrobp	sensitivity	domain_diversity_enriched	no_Pfam_hit		False		not_probability_sample	68	True	51.30029296875	0.6470588235294118	0.1323529411764706	20.319669723510742	chrna-expand-1026-6		boltz2_2.2.1_single_sequence_batch8	20260919	44.9433708190918	collected/chrna-expand-1026-6/models/protein_3d61e832126d9123e5a5b44f33bc003e68fede50bc598b895da783369a476712_single_sequence_seed20260919/model.cif
peptide_5d2341d1e8c8092a199eae578b066b441f636571f6232985d189166af6a2cfdc	5d2341d1e8c8092a199eae578b066b441f636571f6232985d189166af6a2cfdc	Rnf130:Dynll2	sensitivity	representative_stratified_random	no_Pfam_hit		False		0.3979591836734694	84	True	43.87827682495117	0.8928571428571429	0.0	18.927867889404297	chrna-expand-1026-6		boltz2_2.2.1_single_sequence_batch8	20260919	41.819610595703125	collected/chrna-expand-1026-6/models/protein_5d2341d1e8c8092a199eae578b066b441f636571f6232985d189166af6a2cfdc_single_sequence_seed20260919/model.cif
peptide_ba40f0bbf04b742ecc116dddf5a758ac7b718b902d25652fd40a7cc359424181	ba40f0bbf04b742ecc116dddf5a758ac7b718b902d25652fd40a7cc359424181	Zfp386:Gm20658	sensitivity	representative_stratified_random	junction_within_candidate_domain	PF01352.33	True		0.4069767441860465	90	True	40.60105895996094	0.9	0.0	18.32537841796875	chrna-expand-1026-6		boltz2_2.2.1_single_sequence_batch8	20260919	39.61260223388672	collected/chrna-expand-1026-6/models/protein_ba40f0bbf04b742ecc116dddf5a758ac7b718b902d25652fd40a7cc359424181_single_sequence_seed20260919/model.cif
control_3c815969424faf2a8774ff17c168ef576d04c7721299f6ad272da100eac30d37	3c815969424faf2a8774ff17c168ef576d04c7721299f6ad272da100eac30d37	Mpdu1:Hk3	control	matched_parent_fragment_control	parent_fragment				matched_control	100	True	40.609710693359375	0.96	0.0	18.284147262573242	chrna-expand-1026-6		boltz2_2.2.1_single_sequence_batch8	20260919		collected/chrna-expand-1026-6/models/protein_3c815969424faf2a8774ff17c168ef576d04c7721299f6ad272da100eac30d37_single_sequence_seed20260919/model.cif
control_2f429ac0746181abc854e6801deab4ae05af7997667d755b1bcf6601dcfbc76c	2f429ac0746181abc854e6801deab4ae05af7997667d755b1bcf6601dcfbc76c	Stau2:Eloc	control	matched_parent_fragment_control	parent_fragment				matched_control	104	True	51.80844497680664	0.6153846153846154	0.23076923076923078	17.203052520751953	chrna-expand-1026-6		boltz2_2.2.1_single_sequence_batch8	20260919		collected/chrna-expand-1026-6/models/protein_2f429ac0746181abc854e6801deab4ae05af7997667d755b1bcf6601dcfbc76c_single_sequence_seed20260919/model.cif
peptide_03444fb92756f88f13a9a34932293a3b7ba6cfaa1c230ea3b4a8bedbb7e089d7	03444fb92756f88f13a9a34932293a3b7ba6cfaa1c230ea3b4a8bedbb7e089d7	Napg:Garem1	sensitivity	domain_diversity_enriched	junction_within_candidate_domain	PF14938.13	True		not_probability_sample	111	True	53.12950134277344	0.36936936936936937	0.0	14.633844375610352	chrna-expand-1026-6		boltz2_2.2.1_single_sequence_batch8	20260919	48.254486083984375	collected/chrna-expand-1026-6/models/protein_03444fb92756f88f13a9a34932293a3b7ba6cfaa1c230ea3b4a8bedbb7e089d7_single_sequence_seed20260919/model.cif
peptide_031653b966b70cbeeb9b97c802693bd88424dd1abf74cdb15e9d4fac75b25f32	031653b966b70cbeeb9b97c802693bd88424dd1abf74cdb15e9d4fac75b25f32	Trrap:Bri3	sensitivity	domain_diversity_enriched	no_Pfam_hit		False		not_probability_sample	119	True	38.39992141723633	0.7815126050420168	0.03361344537815126	16.520214080810547	chrna-expand-1026-6		boltz2_2.2.1_single_sequence_batch8	20260919	39.09285354614258	collected/chrna-expand-1026-6/models/protein_031653b966b70cbeeb9b97c802693bd88424dd1abf74cdb15e9d4fac75b25f32_single_sequence_seed20260919/model.cif
peptide_8a4b4099f3c85ae8bd3b3e41c164cf04c3470246876b4429cfe4900a7397caa9	8a4b4099f3c85ae8bd3b3e41c164cf04c3470246876b4429cfe4900a7397caa9	Rbks:Fam193a	sensitivity	domain_diversity_enriched	single_domain_hit	PF00294.30	True		not_probability_sample	124	True	38.93269729614258	0.9193548387096774	0.0	18.507627487182617	chrna-expand-1026-6		boltz2_2.2.1_single_sequence_batch8	20260919	37.40235900878906	collected/chrna-expand-1026-6/models/protein_8a4b4099f3c85ae8bd3b3e41c164cf04c3470246876b4429cfe4900a7397caa9_single_sequence_seed20260919/model.cif
peptide_bcdc9a258d9eda3bdc1fdfeece8ded6a31754891d51a542b477245006b9e38e3	bcdc9a258d9eda3bdc1fdfeece8ded6a31754891d51a542b477245006b9e38e3	Prrc2a:Lilr4b	sensitivity	domain_diversity_enriched	single_domain_hit	PF07001.17	True		not_probability_sample	128	True	53.164039611816406	0.671875	0.171875	21.915802001953125	chrna-expand-1026-6		boltz2_2.2.1_single_sequence_batch8	20260919	55.9290657043457	collected/chrna-expand-1026-6/models/protein_bcdc9a258d9eda3bdc1fdfeece8ded6a31754891d51a542b477245006b9e38e3_single_sequence_seed20260919/model.cif
control_ca026f3105475a0f1c0cd4e50c6e972372162075b385057d89321aa22d7b939b	ca026f3105475a0f1c0cd4e50c6e972372162075b385057d89321aa22d7b939b	Cpq:Mdfic	control	matched_parent_fragment_control	parent_fragment				matched_control	142	True	42.24103927612305	0.8591549295774648	0.0	18.587120056152344	chrna-expand-1026-6		boltz2_2.2.1_single_sequence_batch8	20260919		collected/chrna-expand-1026-6/models/protein_ca026f3105475a0f1c0cd4e50c6e972372162075b385057d89321aa22d7b939b_single_sequence_seed20260919/model.cif
peptide_4daf54672a0799bfe70834543559f6c6ce9fefb0fd37c721695de5fe1d8f234b	4daf54672a0799bfe70834543559f6c6ce9fefb0fd37c721695de5fe1d8f234b	Mtx1:1810009A15Rik	sensitivity	domain_diversity_enriched	junction_within_candidate_domain	PF10568.16;PF17172.11;PF17719.7	True		not_probability_sample	143	True	37.55893325805664	1.0	0.0	21.960905075073242	chrna-expand-1026-6		boltz2_2.2.1_single_sequence_batch8	20260919	37.92066955566406	collected/chrna-expand-1026-6/models/protein_4daf54672a0799bfe70834543559f6c6ce9fefb0fd37c721695de5fe1d8f234b_single_sequence_seed20260919/model.cif
peptide_ba03d0a0c45843898087d483abee23172860f465cd099468f0fc80cba36094ef	ba03d0a0c45843898087d483abee23172860f465cd099468f0fc80cba36094ef	Klf6:Mitf	sensitivity	domain_diversity_enriched	junction_within_candidate_domain	PF15951.11	True		not_probability_sample	162	True	39.93792724609375	0.9444444444444444	0.0	22.32419776916504	chrna-expand-1026-6		boltz2_2.2.1_single_sequence_batch8	20260919	44.45317459106445	collected/chrna-expand-1026-6/models/protein_ba03d0a0c45843898087d483abee23172860f465cd099468f0fc80cba36094ef_single_sequence_seed20260919/model.cif
peptide_20f7d236933823f68d020298e02148690c2548c40a1e74d964b3d913ad9971bd	20f7d236933823f68d020298e02148690c2548c40a1e74d964b3d913ad9971bd	Uty:Csnk1g3	sensitivity	domain_diversity_enriched	single_domain_hit	PF00515.35	True		not_probability_sample	166	True	63.76572799682617	0.18072289156626506	0.3795180722891566	15.98275375366211	chrna-expand-1026-6		boltz2_2.2.1_single_sequence_batch8	20260919	65.17318725585938	collected/chrna-expand-1026-6/models/protein_20f7d236933823f68d020298e02148690c2548c40a1e74d964b3d913ad9971bd_single_sequence_seed20260919/model.cif
peptide_98a3a91e7ee0dee0fb530f82029b7f47f1b9ff4ab0b82168537a8779ab6fc013	98a3a91e7ee0dee0fb530f82029b7f47f1b9ff4ab0b82168537a8779ab6fc013	Rab11a:Cul1	sensitivity	domain_diversity_enriched	junction_within_candidate_domain	PF00071.29;PF08477.20;PF01926.30;PF10557.16	True		not_probability_sample	178	True	49.29545593261719	0.5112359550561798	0.0	18.90747833251953	chrna-expand-1026-6		boltz2_2.2.1_single_sequence_batch8	20260919	37.239234924316406	collected/chrna-expand-1026-6/models/protein_98a3a91e7ee0dee0fb530f82029b7f47f1b9ff4ab0b82168537a8779ab6fc013_single_sequence_seed20260919/model.cif
peptide_91e5caa100bfd932b0cc9716e8ba7475f95801215d8fd9a27a9a5c31f4bbb4a5	91e5caa100bfd932b0cc9716e8ba7475f95801215d8fd9a27a9a5c31f4bbb4a5	Tbk1:Erp27	sensitivity	representative_stratified_random	junction_within_candidate_domain	PF13848.13	True		0.4069767441860465	185	True	45.550785064697266	0.6216216216216216	0.0	18.285850524902344	chrna-expand-1026-6		boltz2_2.2.1_single_sequence_batch8	20260919	33.89154052734375	collected/chrna-expand-1026-6/models/protein_91e5caa100bfd932b0cc9716e8ba7475f95801215d8fd9a27a9a5c31f4bbb4a5_single_sequence_seed20260919/model.cif
peptide_a35ba5b046ae0d90dad00aa265dfa8edaef440d842da146ee8396e5513df8db7	a35ba5b046ae0d90dad00aa265dfa8edaef440d842da146ee8396e5513df8db7	Nsd1:Tipin	sensitivity	domain_diversity_enriched	junction_within_candidate_domain	PF00855.24	True		not_probability_sample	208	True	40.938819885253906	0.8557692307692307	0.0	26.16451644897461	chrna-expand-1026-6		boltz2_2.2.1_single_sequence_batch8	20260919	34.45691680908203	collected/chrna-expand-1026-6/models/protein_a35ba5b046ae0d90dad00aa265dfa8edaef440d842da146ee8396e5513df8db7_single_sequence_seed20260919/model.cif
peptide_7d20934817a09cd75b6d1aeffe75e0718c106d7337f990b3eb6f65f9c706b193	7d20934817a09cd75b6d1aeffe75e0718c106d7337f990b3eb6f65f9c706b193	Npepps:Mocs2	sensitivity	domain_diversity_enriched	junction_within_candidate_domain	PF17900.7	True		not_probability_sample	210	True	45.0672607421875	0.5380952380952381	0.0	22.227191925048828	chrna-expand-1026-6		boltz2_2.2.1_single_sequence_batch8	20260919	40.741294860839844	collected/chrna-expand-1026-6/models/protein_7d20934817a09cd75b6d1aeffe75e0718c106d7337f990b3eb6f65f9c706b193_single_sequence_seed20260919/model.cif
peptide_34d3e6121457eeaedf82a3d64b3cf567ef66bb155c50153e242a8d156cca5297	34d3e6121457eeaedf82a3d64b3cf567ef66bb155c50153e242a8d156cca5297	Uty:Csnk1g3	sensitivity	domain_diversity_enriched	no_Pfam_hit		False		not_probability_sample	222	True	67.08824157714844	0.24324324324324326	0.5945945945945946	14.407912254333496	chrna-expand-1026-6		boltz2_2.2.1_single_sequence_batch8	20260919	70.3124008178711	collected/chrna-expand-1026-6/models/protein_34d3e6121457eeaedf82a3d64b3cf567ef66bb155c50153e242a8d156cca5297_single_sequence_seed20260919/model.cif
control_822802320b13c5619cc4acf0c526a425383a37ff57eb67c8524bb04ba6c36b4e	822802320b13c5619cc4acf0c526a425383a37ff57eb67c8524bb04ba6c36b4e	Trim25:Atox1	control	matched_parent_fragment_control	parent_fragment				matched_control	230	True	61.385231018066406	0.3347826086956522	0.33043478260869563	21.07221221923828	chrna-expand-1026-6		boltz2_2.2.1_single_sequence_batch8	20260919		collected/chrna-expand-1026-6/models/protein_822802320b13c5619cc4acf0c526a425383a37ff57eb67c8524bb04ba6c36b4e_single_sequence_seed20260919/model.cif
peptide_b4c7e4ad61ea5e11a62446c4c6e07bf6ff5fe3a08554d6a6c874a99bebc1e3d8	b4c7e4ad61ea5e11a62446c4c6e07bf6ff5fe3a08554d6a6c874a99bebc1e3d8	Acbd5:Eif6	sensitivity	representative_stratified_random	junction_within_candidate_domain	PF01912.25	True		0.4020100502512563	242	True	62.91297149658203	0.2644628099173554	0.45454545454545453	13.11839485168457	chrna-expand-1026-6		boltz2_2.2.1_single_sequence_batch8	20260919	54.31218719482422	collected/chrna-expand-1026-6/models/protein_b4c7e4ad61ea5e11a62446c4c6e07bf6ff5fe3a08554d6a6c874a99bebc1e3d8_single_sequence_seed20260919/model.cif
peptide_9fe9fe62baf5734688bcfbd9703a33301f5ff763f268c190f65f59a22286301f	9fe9fe62baf5734688bcfbd9703a33301f5ff763f268c190f65f59a22286301f	Prcc:Pmvk	sensitivity	representative_stratified_random	no_Pfam_hit		False		0.38461538461538464	244	True	36.29853820800781	0.9754098360655737	0.0	25.872201919555664	chrna-expand-1026-6		boltz2_2.2.1_single_sequence_batch8	20260919	28.463815689086914	collected/chrna-expand-1026-6/models/protein_9fe9fe62baf5734688bcfbd9703a33301f5ff763f268c190f65f59a22286301f_single_sequence_seed20260919/model.cif
peptide_5fff447a15d37ed8f7796829deb74ba0581e4c6a9e35e979192c9dde19ac3164	5fff447a15d37ed8f7796829deb74ba0581e4c6a9e35e979192c9dde19ac3164	Trim30c:Gm15133	sensitivity	domain_diversity_enriched	multiple_domain_hits	PF13639.13;PF13445.13;PF00097.32;PF13923.13;PF15227.13;PF00643.30	True		not_probability_sample	268	True	73.09281158447266	0.1455223880597015	0.6119402985074627	21.622894287109375	chrna-expand-1026-6		boltz2_2.2.1_single_sequence_batch8	20260919	74.19902038574219	collected/chrna-expand-1026-6/models/protein_5fff447a15d37ed8f7796829deb74ba0581e4c6a9e35e979192c9dde19ac3164_single_sequence_seed20260919/model.cif
peptide_4daafb4a8c7b7099f709f972279d6146a768e23e038186736f980c7defc8e536	4daafb4a8c7b7099f709f972279d6146a768e23e038186736f980c7defc8e536	Rsrp1:Tor1aip2	sensitivity	representative_stratified_random	junction_within_candidate_domain	PF17069.10	True		0.4020100502512563	270	True	40.77212142944336	0.8777777777777778	0.0	27.964282989501953	chrna-expand-1026-6		boltz2_2.2.1_single_sequence_batch8	20260919	40.81179428100586	collected/chrna-expand-1026-6/models/protein_4daafb4a8c7b7099f709f972279d6146a768e23e038186736f980c7defc8e536_single_sequence_seed20260919/model.cif
peptide_e9a97f62ac1afd44d1df7a0524ceb7a7c28b4305a62b20c10b9c06a28da780c5	e9a97f62ac1afd44d1df7a0524ceb7a7c28b4305a62b20c10b9c06a28da780c5	Ms4a7:Cog6	sensitivity	representative_stratified_random	junction_within_candidate_domain	PF04103.22;PF04103.22;PF20653.4	True		0.4020100502512563	289	True	45.02821731567383	0.71280276816609	0.0	23.994613647460938	chrna-expand-1026-6		boltz2_2.2.1_single_sequence_batch8	20260919	38.41984176635742	collected/chrna-expand-1026-6/models/protein_e9a97f62ac1afd44d1df7a0524ceb7a7c28b4305a62b20c10b9c06a28da780c5_single_sequence_seed20260919/model.cif
peptide_db2baf0bfbe9c3e640be0cbccc759373206fe9bc8bbee15ccb4494f4b69164ea	db2baf0bfbe9c3e640be0cbccc759373206fe9bc8bbee15ccb4494f4b69164ea	Map2k1:Hif1a	sensitivity	representative_stratified_random	multiple_domain_hits	PF00069.32;PF07714.24	True		0.4020100502512563	295	True	42.157859802246094	0.7050847457627119	0.0847457627118644	22.84885025024414	chrna-expand-1026-6		boltz2_2.2.1_single_sequence_batch8	20260919	31.129501342773438	collected/chrna-expand-1026-6/models/protein_db2baf0bfbe9c3e640be0cbccc759373206fe9bc8bbee15ccb4494f4b69164ea_single_sequence_seed20260919/model.cif
peptide_73b365247301c0a01f0822fc051580a1b08f9b0a867cae2a7d39ed88f948d30b	73b365247301c0a01f0822fc051580a1b08f9b0a867cae2a7d39ed88f948d30b	Psmc3:Rnf38	sensitivity	representative_stratified_random	junction_within_candidate_domain	PF16450.12;PF00004.36	True		0.4020100502512563	313	True	55.90134811401367	0.30670926517571884	0.11501597444089456	21.106666564941406	chrna-expand-1026-6		boltz2_2.2.1_single_sequence_batch8	20260919	45.5035514831543	collected/chrna-expand-1026-6/models/protein_73b365247301c0a01f0822fc051580a1b08f9b0a867cae2a7d39ed88f948d30b_single_sequence_seed20260919/model.cif
peptide_6a745707c227961f7c65ba374b130e24b8e24d287786b17300ff66e2a9dcee90	6a745707c227961f7c65ba374b130e24b8e24d287786b17300ff66e2a9dcee90	Ppp2r5c:Ddx24	sensitivity	representative_stratified_random	junction_within_candidate_domain	PF01603.27	True		0.4020100502512563	320	True	36.62523651123047	0.90625	0.015625	24.74958038330078	chrna-expand-1026-6		boltz2_2.2.1_single_sequence_batch8	20260919	31.01104164123535	collected/chrna-expand-1026-6/models/protein_6a745707c227961f7c65ba374b130e24b8e24d287786b17300ff66e2a9dcee90_single_sequence_seed20260919/model.cif
peptide_40b1ddc622583999480fd674670e8dca57587fdf85f0c2b91886d6a78c3c7c53	40b1ddc622583999480fd674670e8dca57587fdf85f0c2b91886d6a78c3c7c53	Oxr1:Eif3h	sensitivity	domain_diversity_enriched	multiple_domain_hits	PF01398.27;PF19445.5	True		not_probability_sample	329	True	42.18109130859375	0.7689969604863222	0.0972644376899696	23.877826690673828	chrna-expand-1026-6		boltz2_2.2.1_single_sequence_batch8	20260919	41.1166877746582	collected/chrna-expand-1026-6/models/protein_40b1ddc622583999480fd674670e8dca57587fdf85f0c2b91886d6a78c3c7c53_single_sequence_seed20260919/model.cif
peptide_60ad9e5532db97d74d0356313f19225b57d6f304ad2c48155474b652221d9720	60ad9e5532db97d74d0356313f19225b57d6f304ad2c48155474b652221d9720	Ncaph2:Stx5a	sensitivity	domain_diversity_enriched	junction_within_candidate_domain	PF06278.17;PF05739.27	True		not_probability_sample	337	True	40.4412956237793	0.7329376854599406	0.0	24.761682510375977	chrna-expand-1026-6		boltz2_2.2.1_single_sequence_batch8	20260919	51.895206451416016	collected/chrna-expand-1026-6/models/protein_60ad9e5532db97d74d0356313f19225b57d6f304ad2c48155474b652221d9720_single_sequence_seed20260919/model.cif
peptide_7cc1f513bcebf18dc85e445f621bf0dc70b2c918a80a655d3aab66a4a542ebe2	7cc1f513bcebf18dc85e445f621bf0dc70b2c918a80a655d3aab66a4a542ebe2	Pspc1:Micu2	sensitivity	representative_stratified_random	single_domain_hit	PF00076.29	True		0.4020100502512563	359	True	49.918521881103516	0.49025069637883006	0.11142061281337047	20.407012939453125	chrna-expand-1026-6		boltz2_2.2.1_single_sequence_batch8	20260919	52.24125289916992	collected/chrna-expand-1026-6/models/protein_7cc1f513bcebf18dc85e445f621bf0dc70b2c918a80a655d3aab66a4a542ebe2_single_sequence_seed20260919/model.cif
peptide_7d5d8526dd3952856e29b9c5a1f309454835c635b15d57ad3467bc22441e8bd5	7d5d8526dd3952856e29b9c5a1f309454835c635b15d57ad3467bc22441e8bd5	Ampd3:Hapln3	sensitivity	domain_diversity_enriched	junction_within_candidate_domain	PF19326.6	True		not_probability_sample	359	True	34.21449661254883	0.8969359331476323	0.002785515320334262	25.8547306060791	chrna-expand-1026-6		boltz2_2.2.1_single_sequence_batch8	20260919	24.47715187072754	collected/chrna-expand-1026-6/models/protein_7d5d8526dd3952856e29b9c5a1f309454835c635b15d57ad3467bc22441e8bd5_single_sequence_seed20260919/model.cif
peptide_4fef55b14bd5c845a5a1bfb8a2e952908f309468c38adbde507e65c8bc098f16	4fef55b14bd5c845a5a1bfb8a2e952908f309468c38adbde507e65c8bc098f16	Wwox:Rasa4	sensitivity	representative_stratified_random	multiple_domain_hits	PF00397.33;PF00397.33;PF00106.32;PF08659.17;PF13561.13	True		0.4020100502512563	371	True	46.04430389404297	0.5929919137466307	0.14285714285714285	22.66694450378418	chrna-expand-1026-6		boltz2_2.2.1_single_sequence_batch8	20260919	31.370201110839844	collected/chrna-expand-1026-6/models/protein_4fef55b14bd5c845a5a1bfb8a2e952908f309468c38adbde507e65c8bc098f16_single_sequence_seed20260919/model.cif
peptide_7f3a7e354b125e9ef730e7cb8270cca83939f0ef4ea2ef6df9b98afb02189146	7f3a7e354b125e9ef730e7cb8270cca83939f0ef4ea2ef6df9b98afb02189146	Sympk:Tyrobp	sensitivity	representative_stratified_random	single_domain_hit	PF11935.15	True		0.4020100502512563	373	True	73.0542984008789	0.2386058981233244	0.6648793565683646	13.794029235839844	chrna-expand-1026-6		boltz2_2.2.1_single_sequence_batch8	20260919	38.875579833984375	collected/chrna-expand-1026-6/models/protein_7f3a7e354b125e9ef730e7cb8270cca83939f0ef4ea2ef6df9b98afb02189146_single_sequence_seed20260919/model.cif
peptide_0f76130f33d338e14b3b5117353deaf5b91ec6206918d4a00918e824b7ec622f	0f76130f33d338e14b3b5117353deaf5b91ec6206918d4a00918e824b7ec622f	Clcn7:Psmb9	sensitivity	representative_stratified_random	junction_within_candidate_domain	PF00654.26;PF00227.32	True		0.4020100502512563	398	True	36.04452133178711	0.9095477386934674	0.0	24.32929039001465	chrna-expand-1026-6		boltz2_2.2.1_single_sequence_batch8	20260919	30.62320899963379	collected/chrna-expand-1026-6/models/protein_0f76130f33d338e14b3b5117353deaf5b91ec6206918d4a00918e824b7ec622f_single_sequence_seed20260919/model.cif
peptide_15c6e7a96980fc5ac7669a469759ec980670c1c0c73b899ea21be7c3eb670d4a	15c6e7a96980fc5ac7669a469759ec980670c1c0c73b899ea21be7c3eb670d4a	Nfat5:Arhgap10	sensitivity	representative_stratified_random	junction_within_candidate_domain	PF00620.33;PF07653.24;PF00018.35;PF14604.13	True		0.4020100502512563	401	True	38.1419677734375	0.8653366583541147	0.09725685785536159	26.77212142944336	chrna-expand-1026-6		boltz2_2.2.1_single_sequence_batch8	20260919	23.10186004638672	collected/chrna-expand-1026-6/models/protein_15c6e7a96980fc5ac7669a469759ec980670c1c0c73b899ea21be7c3eb670d4a_single_sequence_seed20260919/model.cif
peptide_774382a00a3f4c5628c07fcc50397724bffe92f8220c1f333a06c7ec6b555073	774382a00a3f4c5628c07fcc50397724bffe92f8220c1f333a06c7ec6b555073	Spast:Memo1	sensitivity	domain_diversity_enriched	single_domain_hit	PF01875.24	True		not_probability_sample	413	True	36.23516082763672	0.9007263922518159	0.04116222760290557	19.888423919677734	chrna-expand-1026-6		boltz2_2.2.1_single_sequence_batch8	20260919	35.48823928833008	collected/chrna-expand-1026-6/models/protein_774382a00a3f4c5628c07fcc50397724bffe92f8220c1f333a06c7ec6b555073_single_sequence_seed20260919/model.cif
peptide_33bd04df581599f3616e02abc9b5d71ec1492caacb330af95fa3b7c45c37b905	33bd04df581599f3616e02abc9b5d71ec1492caacb330af95fa3b7c45c37b905	Pigt:Cd63	sensitivity	domain_diversity_enriched	junction_within_candidate_domain	PF04113.21;PF00335.27	True		not_probability_sample	447	True	49.73129653930664	0.5100671140939598	0.0044742729306487695	23.64405059814453	chrna-expand-1026-6		boltz2_2.2.1_single_sequence_batch8	20260919	49.50528335571289	collected/chrna-expand-1026-6/models/protein_33bd04df581599f3616e02abc9b5d71ec1492caacb330af95fa3b7c45c37b905_single_sequence_seed20260919/model.cif
peptide_0075cb47902db5ee3f5c645d0191f38ba814e2d2b42c4d038ff02a96031e725f	0075cb47902db5ee3f5c645d0191f38ba814e2d2b42c4d038ff02a96031e725f	Dnase2a:Kdm3b	sensitivity	domain_diversity_enriched	junction_within_candidate_domain	PF03265.22;PF02373.29	True		not_probability_sample	455	True	33.95551300048828	0.9032967032967033	0.0	25.750396728515625	chrna-expand-1026-6		boltz2_2.2.1_single_sequence_batch8	20260919	23.020977020263672	collected/chrna-expand-1026-6/models/protein_0075cb47902db5ee3f5c645d0191f38ba814e2d2b42c4d038ff02a96031e725f_single_sequence_seed20260919/model.cif
control_cf583bf103a170dd88919c7bb98e326ad86d8ffa9cde063619749ae7a24cbe10	cf583bf103a170dd88919c7bb98e326ad86d8ffa9cde063619749ae7a24cbe10	Tmem181a:Bin2	control	matched_parent_fragment_control	parent_fragment				matched_control	489	True	46.094573974609375	0.6830265848670757	0.0	22.203357696533203	chrna-expand-1026-6		boltz2_2.2.1_single_sequence_batch8	20260919		collected/chrna-expand-1026-6/models/protein_cf583bf103a170dd88919c7bb98e326ad86d8ffa9cde063619749ae7a24cbe10_single_sequence_seed20260919/model.cif
peptide_f4a92a61a5dba1d5acd25515680f6b547b0a3e11df5f6f0d25f17373dc848a75	f4a92a61a5dba1d5acd25515680f6b547b0a3e11df5f6f0d25f17373dc848a75	Pigu:Dynlrb1	sensitivity	representative_stratified_random	multiple_domain_hits	PF06728.20;PF03259.24	True		0.4020100502512563	493	True	64.49163055419922	0.20486815415821502	0.38336713995943206	8.198324203491211	chrna-expand-1026-6		boltz2_2.2.1_single_sequence_batch8	20260919	47.32670211791992	collected/chrna-expand-1026-6/models/protein_f4a92a61a5dba1d5acd25515680f6b547b0a3e11df5f6f0d25f17373dc848a75_single_sequence_seed20260919/model.cif
peptide_8b277f0f10ef0a7a9e1910e6586032d4d2c451c5bf245ff63deef7cc7b6d1a78	8b277f0f10ef0a7a9e1910e6586032d4d2c451c5bf245ff63deef7cc7b6d1a78	Trappc10:Lyz2	sensitivity	domain_diversity_enriched	junction_within_candidate_domain	PF23036.3;PF00062.26	True		not_probability_sample	536	True	37.60088348388672	0.8563432835820896	0.0037313432835820895	25.686031341552734	chrna-expand-1026-6		boltz2_2.2.1_single_sequence_batch8	20260919	30.71144676208496	collected/chrna-expand-1026-6/models/protein_8b277f0f10ef0a7a9e1910e6586032d4d2c451c5bf245ff63deef7cc7b6d1a78_single_sequence_seed20260919/model.cif
peptide_68ab347232985457f7bb0c48b702bc030de21e47c37a576504ef1cf3415468b4	68ab347232985457f7bb0c48b702bc030de21e47c37a576504ef1cf3415468b4	Abca3:Nek2	sensitivity	representative_stratified_random	single_domain_hit	PF12698.14	True		0.39759036144578314	543	True	42.304203033447266	0.7219152854511971	0.014732965009208104	23.9371280670166	chrna-expand-1026-6		boltz2_2.2.1_single_sequence_batch8	20260919	58.49494934082031	collected/chrna-expand-1026-6/models/protein_68ab347232985457f7bb0c48b702bc030de21e47c37a576504ef1cf3415468b4_single_sequence_seed20260919/model.cif
peptide_6be6ecb37bdcd65b582995255574140c13f7be6a22e322d17eb5b114cd9f2f4e	6be6ecb37bdcd65b582995255574140c13f7be6a22e322d17eb5b114cd9f2f4e	Sptlc2:Azi2	sensitivity	domain_diversity_enriched	multiple_domain_hits	PF00155.28;PF12845.13	True		not_probability_sample	596	True	37.518951416015625	0.837248322147651	0.10906040268456375	25.458419799804688	chrna-expand-1026-6		boltz2_2.2.1_single_sequence_batch8	20260919	26.965538024902344	collected/chrna-expand-1026-6/models/protein_6be6ecb37bdcd65b582995255574140c13f7be6a22e322d17eb5b114cd9f2f4e_single_sequence_seed20260919/model.cif
peptide_866f1a2b68cc32122ed9af1514da0f737cd188b2a9df7c4763a8c37ff5460443	866f1a2b68cc32122ed9af1514da0f737cd188b2a9df7c4763a8c37ff5460443	Sptlc2:Azi2	sensitivity	domain_diversity_enriched	multiple_domain_hits	PF00155.28;PF12845.13	True		not_probability_sample	616	True	37.12348556518555	0.8538961038961039	0.09577922077922078	25.746244430541992	chrna-expand-1026-6		boltz2_2.2.1_single_sequence_batch8	20260919	23.234432220458984	collected/chrna-expand-1026-6/models/protein_866f1a2b68cc32122ed9af1514da0f737cd188b2a9df7c4763a8c37ff5460443_single_sequence_seed20260919/model.cif
peptide_ee40b0b3472c3b1de26df3365bd83f7864ec732210341382d0f7cb3c87540c54	ee40b0b3472c3b1de26df3365bd83f7864ec732210341382d0f7cb3c87540c54	Mapkapk2:Arhgef2	sensitivity	domain_diversity_enriched	multiple_domain_hits	PF00130.29;PF00621.26;PF17838.8;PF00169.36	True		not_probability_sample	654	True	40.20689010620117	0.7691131498470948	0.06880733944954129	27.24057960510254	chrna-expand-1026-6		boltz2_2.2.1_single_sequence_batch8	20260919	42.067108154296875	collected/chrna-expand-1026-6/models/protein_ee40b0b3472c3b1de26df3365bd83f7864ec732210341382d0f7cb3c87540c54_single_sequence_seed20260919/model.cif
peptide_0f7f45d5c36a29f25c2746f5acc161f566aa180ddc1379e8ee6c9a4f41929a47	0f7f45d5c36a29f25c2746f5acc161f566aa180ddc1379e8ee6c9a4f41929a47	Fubp1:Pgd	sensitivity	domain_diversity_enriched	multiple_domain_hits	PF00013.36;PF00013.36;PF07650.24;PF00013.36;PF07650.24;PF00013.36;PF09005.15;PF00393.25	True		not_probability_sample	948	True	43.704898834228516	0.6951476793248945	0.1877637130801688	28.24568748474121	chrna-expand-1026-6		boltz2_2.2.1_single_sequence_batch8	20260919	34.61091995239258	collected/chrna-expand-1026-6/models/protein_0f7f45d5c36a29f25c2746f5acc161f566aa180ddc1379e8ee6c9a4f41929a47_single_sequence_seed20260919/model.cif
peptide_1be32a3fa519d01b5025e59ebca7fb3373e21ce13efd3b19238721bbfe718444	1be32a3fa519d01b5025e59ebca7fb3373e21ce13efd3b19238721bbfe718444	Ykt6:Map3k20	sensitivity	domain_diversity_enriched	no_Pfam_hit		False		not_probability_sample	38	True	59.895782470703125	0.05263157894736842	0.0	10.898263931274414	chrna-expand-1026-6__extra		boltz2_2.2.1_single_sequence_batch8	20260919	62.88766860961914	collected/chrna-expand-1026-6__extra/models/protein_1be32a3fa519d01b5025e59ebca7fb3373e21ce13efd3b19238721bbfe718444_single_sequence_seed20260919/model.cif
peptide_3cdfc61052efc309ed43084754908be3117f2d6bb4736278a27f7729e9b131e3	3cdfc61052efc309ed43084754908be3117f2d6bb4736278a27f7729e9b131e3	Tspan31:Nup88	sensitivity	representative_stratified_random	no_Pfam_hit		False		0.3979591836734694	84	True	53.489864349365234	0.25	0.0	14.714775085449219	chrna-expand-1026-6__extra		boltz2_2.2.1_single_sequence_batch8	20260919	51.97809600830078	collected/chrna-expand-1026-6__extra/models/protein_3cdfc61052efc309ed43084754908be3117f2d6bb4736278a27f7729e9b131e3_single_sequence_seed20260919/model.cif
peptide_1d96818892286025aaba3deb5af8a64573c04124d828834065a7f55239776663	1d96818892286025aaba3deb5af8a64573c04124d828834065a7f55239776663	Mrpl4:Slc29a1	sensitivity	representative_stratified_random	no_Pfam_hit		False		0.3979591836734694	113	True	34.625431060791016	1.0	0.0	21.487905502319336	chrna-expand-1026-6__extra		boltz2_2.2.1_single_sequence_batch8	20260919	29.889102935791016	collected/chrna-expand-1026-6__extra/models/protein_1d96818892286025aaba3deb5af8a64573c04124d828834065a7f55239776663_single_sequence_seed20260919/model.cif
peptide_2c3e21f5b6469a216e804d2f0430589c7e1644c67299449e301077a34548bb9c	2c3e21f5b6469a216e804d2f0430589c7e1644c67299449e301077a34548bb9c	Nedd4l:Lman1	sensitivity	representative_stratified_random	single_domain_hit	PF00168.37	False		0.4069767441860465	137	True	59.2215461730957	0.25547445255474455	0.24817518248175183	13.110400199890137	chrna-expand-1026-6__extra		boltz2_2.2.1_single_sequence_batch8	20260919	60.9326057434082	collected/chrna-expand-1026-6__extra/models/protein_2c3e21f5b6469a216e804d2f0430589c7e1644c67299449e301077a34548bb9c_single_sequence_seed20260919/model.cif
peptide_09b3a7f06e40af78de8a6680b64c93c2bd65a6d8489fd8947fbce300a2d96f99	09b3a7f06e40af78de8a6680b64c93c2bd65a6d8489fd8947fbce300a2d96f99	Rufy3:Grsf1	sensitivity	domain_diversity_enriched	no_Pfam_hit		False		not_probability_sample	151	True	40.068973541259766	0.9602649006622517	0.0	20.00927734375	chrna-expand-1026-6__extra		boltz2_2.2.1_single_sequence_batch8	20260919	41.40011978149414	collected/chrna-expand-1026-6__extra/models/protein_09b3a7f06e40af78de8a6680b64c93c2bd65a6d8489fd8947fbce300a2d96f99_single_sequence_seed20260919/model.cif
peptide_819c0fde664d2d4739bfe1a0b3b577c2a8ed71dde38604326cc179bdf7905436	819c0fde664d2d4739bfe1a0b3b577c2a8ed71dde38604326cc179bdf7905436	Napg:Garem1	sensitivity	domain_diversity_enriched	junction_within_candidate_domain	PF14938.13	True		not_probability_sample	198	True	85.0660400390625	0.10606060606060606	0.803030303030303	9.021515846252441	chrna-expand-1026-6__extra		boltz2_2.2.1_single_sequence_batch8	20260919	65.06258392333984	collected/chrna-expand-1026-6__extra/models/protein_819c0fde664d2d4739bfe1a0b3b577c2a8ed71dde38604326cc179bdf7905436_single_sequence_seed20260919/model.cif
peptide_4ca99c9a0fd8c50d86bc982961c0ef58112336f882e7d13dc522f2aa88998ca7	4ca99c9a0fd8c50d86bc982961c0ef58112336f882e7d13dc522f2aa88998ca7	Nceh1:Siah2	sensitivity	domain_diversity_enriched	multiple_domain_hits	PF21361.4;PF03145.23	True		not_probability_sample	231	True	35.834197998046875	0.9134199134199135	0.05194805194805195	22.956117630004883	chrna-expand-1026-6__extra		boltz2_2.2.1_single_sequence_batch8	20260919	35.4458122253418	collected/chrna-expand-1026-6__extra/models/protein_4ca99c9a0fd8c50d86bc982961c0ef58112336f882e7d13dc522f2aa88998ca7_single_sequence_seed20260919/model.cif
peptide_1ae7a9bbc2ad8a3f6c3e309d3494cba4c0ae1c452343b6acd13e40fe143cfd41	1ae7a9bbc2ad8a3f6c3e309d3494cba4c0ae1c452343b6acd13e40fe143cfd41	Zfp704:Mrps28	sensitivity	representative_stratified_random	junction_within_candidate_domain	PF10246.15	True		0.4020100502512563	284	True	33.576515197753906	0.926056338028169	0.0	26.51237678527832	chrna-expand-1026-6__extra		boltz2_2.2.1_single_sequence_batch8	20260919	28.298831939697266	collected/chrna-expand-1026-6__extra/models/protein_1ae7a9bbc2ad8a3f6c3e309d3494cba4c0ae1c452343b6acd13e40fe143cfd41_single_sequence_seed20260919/model.cif
peptide_9fbb193c4e2d55041dfe3d248c6c62d1ec8baeb287cc1f40004c86d3386091ea	9fbb193c4e2d55041dfe3d248c6c62d1ec8baeb287cc1f40004c86d3386091ea	Plekha2:Rftn1	sensitivity	domain_diversity_enriched	junction_within_candidate_domain	PF15250.12	False		not_probability_sample	454	True	32.22047805786133	0.9801762114537445	0.0	26.739118576049805	chrna-expand-1026-6__extra		boltz2_2.2.1_single_sequence_batch8	20260919	24.4272403717041	collected/chrna-expand-1026-6__extra/models/protein_9fbb193c4e2d55041dfe3d248c6c62d1ec8baeb287cc1f40004c86d3386091ea_single_sequence_seed20260919/model.cif
peptide_7834bda7513dd17f7bb7f6690933202f1b58fe0fb3a5984cb563ea7f1683f2b9	7834bda7513dd17f7bb7f6690933202f1b58fe0fb3a5984cb563ea7f1683f2b9	Stk10:C2cd2	sensitivity	representative_stratified_random	junction_within_candidate_domain	PF18696.8;PF00168.37	True		0.39759036144578314	661	True	33.244606018066406	0.8910741301059002	0.006051437216338881	27.760278701782227	chrna-expand-1026-6__extra		boltz2_2.2.1_single_sequence_batch8	20260919	29.872703552246094	collected/chrna-expand-1026-6__extra/models/protein_7834bda7513dd17f7bb7f6690933202f1b58fe0fb3a5984cb563ea7f1683f2b9_single_sequence_seed20260919/model.cif
control_a7e4705a3250ba6fa22015a0703375441825f01b77dcfb966ff6c3c525305f48	a7e4705a3250ba6fa22015a0703375441825f01b77dcfb966ff6c3c525305f48	Exoc6b:Chchd3	control	matched_parent_fragment_control	parent_fragment				matched_control	36	True	80.2620620727539	0.027777777777777776	0.7222222222222222	7.070895195007324	chrna-expand-1026-7		boltz2_2.2.1_single_sequence_batch8	20260919		collected/chrna-expand-1026-7/models/protein_a7e4705a3250ba6fa22015a0703375441825f01b77dcfb966ff6c3c525305f48_single_sequence_seed20260919/model.cif
peptide_962dca06eb96a39dbb4c3790bec18b3b1d8e1d89a39140c428073130814d3956	962dca06eb96a39dbb4c3790bec18b3b1d8e1d89a39140c428073130814d3956	Mcub:Amy1	sensitivity	representative_stratified_random	no_Pfam_hit		False		0.3979591836734694	43	True	51.396728515625	0.4186046511627907	0.0	13.78482437133789	chrna-expand-1026-7		boltz2_2.2.1_single_sequence_batch8	20260919	51.86724853515625	collected/chrna-expand-1026-7/models/protein_962dca06eb96a39dbb4c3790bec18b3b1d8e1d89a39140c428073130814d3956_single_sequence_seed20260919/model.cif
control_36d561cbe83f7dfbe85d3471255fdee333ad7b28481db371d9acd2e537198e0d	36d561cbe83f7dfbe85d3471255fdee333ad7b28481db371d9acd2e537198e0d	Trrap:Bri3	control	matched_parent_fragment_control	parent_fragment				matched_control	50	True	90.76185607910156	0.0	1.0	7.702514171600342	chrna-expand-1026-7		boltz2_2.2.1_single_sequence_batch8	20260919		collected/chrna-expand-1026-7/models/protein_36d561cbe83f7dfbe85d3471255fdee333ad7b28481db371d9acd2e537198e0d_single_sequence_seed20260919/model.cif
peptide_dc479367ce7106dff7395ae551d806ab6bad6c1157c6c6c2ea980fde2ba1130a	dc479367ce7106dff7395ae551d806ab6bad6c1157c6c6c2ea980fde2ba1130a	Zfp106:Ndrg3	sensitivity	representative_stratified_random	no_Pfam_hit		False		0.3979591836734694	53	True	68.74694061279297	0.05660377358490566	0.5094339622641509	8.992607116699219	chrna-expand-1026-7		boltz2_2.2.1_single_sequence_batch8	20260919	63.1254997253418	collected/chrna-expand-1026-7/models/protein_dc479367ce7106dff7395ae551d806ab6bad6c1157c6c6c2ea980fde2ba1130a_single_sequence_seed20260919/model.cif
peptide_07479e50fc51608d8e2edda7935d502182c9408e1c24e849ff2025b35c7984f4	07479e50fc51608d8e2edda7935d502182c9408e1c24e849ff2025b35c7984f4	Adam8:Tyrobp	sensitivity	domain_diversity_enriched	no_Pfam_hit		False		not_probability_sample	69	True	47.82725143432617	0.6521739130434783	0.10144927536231885	21.3358154296875	chrna-expand-1026-7		boltz2_2.2.1_single_sequence_batch8	20260919	38.90115737915039	collected/chrna-expand-1026-7/models/protein_07479e50fc51608d8e2edda7935d502182c9408e1c24e849ff2025b35c7984f4_single_sequence_seed20260919/model.cif
control_dbdafb0d9bf8811a940b1a4e9d8c53736fbf57f9f2569d8932aaf07a7875cbf7	dbdafb0d9bf8811a940b1a4e9d8c53736fbf57f9f2569d8932aaf07a7875cbf7	Zcchc8:Sars	control	matched_parent_fragment_control	parent_fragment				matched_control	83	True	59.91160202026367	0.2891566265060241	0.26506024096385544	21.324634552001953	chrna-expand-1026-7		boltz2_2.2.1_single_sequence_batch8	20260919		collected/chrna-expand-1026-7/models/protein_dbdafb0d9bf8811a940b1a4e9d8c53736fbf57f9f2569d8932aaf07a7875cbf7_single_sequence_seed20260919/model.cif
peptide_527f7690ac8323b42bd295f1760ed7e098fba820b8a00ced8e8a9cf1c2f00f75	527f7690ac8323b42bd295f1760ed7e098fba820b8a00ced8e8a9cf1c2f00f75	Emilin2:Memo1	sensitivity	domain_diversity_enriched	single_domain_hit	PF07546.19	True		not_probability_sample	90	True	40.33322525024414	0.9333333333333333	0.0	19.20773696899414	chrna-expand-1026-7		boltz2_2.2.1_single_sequence_batch8	20260919	38.13254165649414	collected/chrna-expand-1026-7/models/protein_527f7690ac8323b42bd295f1760ed7e098fba820b8a00ced8e8a9cf1c2f00f75_single_sequence_seed20260919/model.cif
peptide_22491d223125874edde3199c763cb92597af9f43c64e277dbe6d6e6b727dbb96	22491d223125874edde3199c763cb92597af9f43c64e277dbe6d6e6b727dbb96	Slc25a39:Nup88	sensitivity	domain_diversity_enriched	single_domain_hit	PF00153.33	True		not_probability_sample	101	True	42.03131103515625	0.9207920792079208	0.0	16.78755760192871	chrna-expand-1026-7		boltz2_2.2.1_single_sequence_batch8	20260919	39.02437973022461	collected/chrna-expand-1026-7/models/protein_22491d223125874edde3199c763cb92597af9f43c64e277dbe6d6e6b727dbb96_single_sequence_seed20260919/model.cif
peptide_03ba7a20f0e98107ebbdfd0ab57601c9ad65df143e934b2c64e526455dde750f	03ba7a20f0e98107ebbdfd0ab57601c9ad65df143e934b2c64e526455dde750f	Zmiz1:Pinx1	sensitivity	domain_diversity_enriched	junction_within_candidate_domain	PF18028.8	True		not_probability_sample	102	True	77.51133728027344	0.00980392156862745	0.8823529411764706	6.025241374969482	chrna-expand-1026-7		boltz2_2.2.1_single_sequence_batch8	20260919	76.70418548583984	collected/chrna-expand-1026-7/models/protein_03ba7a20f0e98107ebbdfd0ab57601c9ad65df143e934b2c64e526455dde750f_single_sequence_seed20260919/model.cif
control_8bd6bdee45ca264b5c51a9862ec285f301f5d36265bd19c4f174e8fa42598294	8bd6bdee45ca264b5c51a9862ec285f301f5d36265bd19c4f174e8fa42598294	Tmbim6:Rmc1	control	matched_parent_fragment_control	parent_fragment				matched_control	111	True	53.76630401611328	0.21621621621621623	0.0	15.878594398498535	chrna-expand-1026-7		boltz2_2.2.1_single_sequence_batch8	20260919		collected/chrna-expand-1026-7/models/protein_8bd6bdee45ca264b5c51a9862ec285f301f5d36265bd19c4f174e8fa42598294_single_sequence_seed20260919/model.cif
peptide_510fbcf05d2cf44f932e9aedcd9cadc437198ddf5b3be1125e884254c61a7d91	510fbcf05d2cf44f932e9aedcd9cadc437198ddf5b3be1125e884254c61a7d91	Polrmt:Rplp2	sensitivity	domain_diversity_enriched	single_domain_hit	PF00428.25	True		not_probability_sample	120	True	40.450439453125	0.9666666666666667	0.0	23.50218963623047	chrna-expand-1026-7		boltz2_2.2.1_single_sequence_batch8	20260919	41.22098922729492	collected/chrna-expand-1026-7/models/protein_510fbcf05d2cf44f932e9aedcd9cadc437198ddf5b3be1125e884254c61a7d91_single_sequence_seed20260919/model.cif
peptide_c358f30cfdceab57e56132f13374f00f14a7b0bf6f3fa48c4a000ee2aa430409	c358f30cfdceab57e56132f13374f00f14a7b0bf6f3fa48c4a000ee2aa430409	Ifnar1:Necap2	sensitivity	representative_stratified_random	no_Pfam_hit		False		0.3979591836734694	124	True	42.508323669433594	0.8306451612903226	0.0	17.968482971191406	chrna-expand-1026-7		boltz2_2.2.1_single_sequence_batch8	20260919	43.68439865112305	collected/chrna-expand-1026-7/models/protein_c358f30cfdceab57e56132f13374f00f14a7b0bf6f3fa48c4a000ee2aa430409_single_sequence_seed20260919/model.cif
peptide_64d8159531379f1bf57358cfad12419ec2698146178babcede58bd7cfa142988	64d8159531379f1bf57358cfad12419ec2698146178babcede58bd7cfa142988	Ncaph2:Stx5a	sensitivity	domain_diversity_enriched	junction_within_candidate_domain	PF06278.17	True		not_probability_sample	129	True	57.89464569091797	0.16279069767441862	0.06201550387596899	17.344663619995117	chrna-expand-1026-7		boltz2_2.2.1_single_sequence_batch8	20260919	59.693458557128906	collected/chrna-expand-1026-7/models/protein_64d8159531379f1bf57358cfad12419ec2698146178babcede58bd7cfa142988_single_sequence_seed20260919/model.cif
peptide_f193fe68486c5b1d3ea9e09a8ea3e80d4851a6aabb8e5e0e30cf02fcdb8c5aab	f193fe68486c5b1d3ea9e09a8ea3e80d4851a6aabb8e5e0e30cf02fcdb8c5aab	Vti1b:Lyz2	sensitivity	domain_diversity_enriched	single_domain_hit	PF00062.26	True		not_probability_sample	141	True	53.16180419921875	0.4397163120567376	0.014184397163120567	18.476490020751953	chrna-expand-1026-7		boltz2_2.2.1_single_sequence_batch8	20260919	48.73923110961914	collected/chrna-expand-1026-7/models/protein_f193fe68486c5b1d3ea9e09a8ea3e80d4851a6aabb8e5e0e30cf02fcdb8c5aab_single_sequence_seed20260919/model.cif
peptide_9b630c95ce42e8bf7a833af188639a85f0d7ca0953fc97fea52eabbac1941b1f	9b630c95ce42e8bf7a833af188639a85f0d7ca0953fc97fea52eabbac1941b1f	Reps1:Arhgap18	sensitivity	domain_diversity_enriched	single_domain_hit	PF25442.2	True		not_probability_sample	143	True	41.303646087646484	0.7342657342657343	0.0	18.35015869140625	chrna-expand-1026-7		boltz2_2.2.1_single_sequence_batch8	20260919	49.45427703857422	collected/chrna-expand-1026-7/models/protein_9b630c95ce42e8bf7a833af188639a85f0d7ca0953fc97fea52eabbac1941b1f_single_sequence_seed20260919/model.cif
peptide_743d32dabec0c1c7af5451568487932aba197bcfdb3b7c4ee970b01007f09449	743d32dabec0c1c7af5451568487932aba197bcfdb3b7c4ee970b01007f09449	Ptprj:Tlcd2	sensitivity	representative_stratified_random	no_Pfam_hit		False		0.3979591836734694	156	True	50.38844299316406	0.532051282051282	0.057692307692307696	25.70709800720215	chrna-expand-1026-7		boltz2_2.2.1_single_sequence_batch8	20260919	55.395721435546875	collected/chrna-expand-1026-7/models/protein_743d32dabec0c1c7af5451568487932aba197bcfdb3b7c4ee970b01007f09449_single_sequence_seed20260919/model.cif
peptide_cadfe048e9d678b194a82675dd7756055da8752cb6021dd9618978212be70f32	cadfe048e9d678b194a82675dd7756055da8752cb6021dd9618978212be70f32	Adam10:Mta3	sensitivity	domain_diversity_enriched	single_domain_hit	PF01562.25	True		not_probability_sample	173	True	33.34795379638672	0.9132947976878613	0.0	22.514049530029297	chrna-expand-1026-7		boltz2_2.2.1_single_sequence_batch8	20260919	24.45425796508789	collected/chrna-expand-1026-7/models/protein_cadfe048e9d678b194a82675dd7756055da8752cb6021dd9618978212be70f32_single_sequence_seed20260919/model.cif
peptide_17430d2b08127688ddc8572d149dcf185c679d9e1c8be5197ae96d09423a0c23	17430d2b08127688ddc8572d149dcf185c679d9e1c8be5197ae96d09423a0c23	1810013L24Rik:Pmm2	sensitivity	domain_diversity_enriched	junction_within_candidate_domain	PF15251.12;PF03332.20	True		not_probability_sample	174	True	47.623287200927734	0.632183908045977	0.005747126436781609	18.08826446533203	chrna-expand-1026-7		boltz2_2.2.1_single_sequence_batch8	20260919	45.875667572021484	collected/chrna-expand-1026-7/models/protein_17430d2b08127688ddc8572d149dcf185c679d9e1c8be5197ae96d09423a0c23_single_sequence_seed20260919/model.cif
control_9ab9552f0bd047cd2cf192b47ea8b24e6267094479e8740051221f12a531ea1c	9ab9552f0bd047cd2cf192b47ea8b24e6267094479e8740051221f12a531ea1c	Map2k1:Hif1a	control	matched_parent_fragment_control	parent_fragment				matched_control	189	True	46.46699905395508	0.656084656084656	0.06349206349206349	19.438037872314453	chrna-expand-1026-7		boltz2_2.2.1_single_sequence_batch8	20260919		collected/chrna-expand-1026-7/models/protein_9ab9552f0bd047cd2cf192b47ea8b24e6267094479e8740051221f12a531ea1c_single_sequence_seed20260919/model.cif
peptide_d7e7fd876f02cb21937e2c2c04c29ab12c5cda168b0f9e1baa765754923b8c19	d7e7fd876f02cb21937e2c2c04c29ab12c5cda168b0f9e1baa765754923b8c19	Acbd5:Eif6	sensitivity	domain_diversity_enriched	junction_within_candidate_domain	PF01912.25	True		not_probability_sample	206	True	69.1763916015625	0.1553398058252427	0.5679611650485437	10.87146282196045	chrna-expand-1026-7		boltz2_2.2.1_single_sequence_batch8	20260919	52.914363861083984	collected/chrna-expand-1026-7/models/protein_d7e7fd876f02cb21937e2c2c04c29ab12c5cda168b0f9e1baa765754923b8c19_single_sequence_seed20260919/model.cif
peptide_388fdace34c7eaecebc9e769ad2ecac7e4592186abf8b12c3afd774f8ab55bc1	388fdace34c7eaecebc9e769ad2ecac7e4592186abf8b12c3afd774f8ab55bc1	Ifnar1:Necap2	sensitivity	representative_stratified_random	junction_within_candidate_domain	PF07933.21	True		0.4020100502512563	211	True	33.83953857421875	0.985781990521327	0.0	20.013803482055664	chrna-expand-1026-7		boltz2_2.2.1_single_sequence_batch8	20260919	28.993263244628906	collected/chrna-expand-1026-7/models/protein_388fdace34c7eaecebc9e769ad2ecac7e4592186abf8b12c3afd774f8ab55bc1_single_sequence_seed20260919/model.cif
peptide_548a407742e34915403c68495b18a8ec45f2a0487d1b27ebf47c354bb4489ac6	548a407742e34915403c68495b18a8ec45f2a0487d1b27ebf47c354bb4489ac6	Yipf5:Airn	sensitivity	representative_stratified_random	single_domain_hit	PF04893.23	True		0.4020100502512563	222	True	40.061641693115234	0.8693693693693694	0.0	24.742725372314453	chrna-expand-1026-7		boltz2_2.2.1_single_sequence_batch8	20260919	46.77643585205078	collected/chrna-expand-1026-7/models/protein_548a407742e34915403c68495b18a8ec45f2a0487d1b27ebf47c354bb4489ac6_single_sequence_seed20260919/model.cif
peptide_02a602f45d4337e2e37a2e19aef685706bfbe7b34df7f38b0083fe6ae8d164ec	02a602f45d4337e2e37a2e19aef685706bfbe7b34df7f38b0083fe6ae8d164ec	Sp100:A630001G21Rik	sensitivity	domain_diversity_enriched	single_domain_hit	PF03172.19	True		not_probability_sample	229	True	48.24961853027344	0.5240174672489083	0.017467248908296942	22.65267562866211	chrna-expand-1026-7		boltz2_2.2.1_single_sequence_batch8	20260919	45.423519134521484	collected/chrna-expand-1026-7/models/protein_02a602f45d4337e2e37a2e19aef685706bfbe7b34df7f38b0083fe6ae8d164ec_single_sequence_seed20260919/model.cif
peptide_6456f962a2978d59aebb38eb352590eb7cdf2e35469fac7ae56f225cc849be50	6456f962a2978d59aebb38eb352590eb7cdf2e35469fac7ae56f225cc849be50	Srek1:Tcp1	sensitivity	domain_diversity_enriched	junction_within_candidate_domain	PF00118.30	True		not_probability_sample	244	True	36.70961380004883	0.8319672131147541	0.02459016393442623	22.76165771484375	chrna-expand-1026-7		boltz2_2.2.1_single_sequence_batch8	20260919	60.790706634521484	collected/chrna-expand-1026-7/models/protein_6456f962a2978d59aebb38eb352590eb7cdf2e35469fac7ae56f225cc849be50_single_sequence_seed20260919/model.cif
peptide_db54ed072827505951e4e865f1478612f3770ac7715afc042167723a0abae5b0	db54ed072827505951e4e865f1478612f3770ac7715afc042167723a0abae5b0	Mrs2:Mrps28	sensitivity	domain_diversity_enriched	single_domain_hit	PF10246.15	True		not_probability_sample	245	True	37.82059097290039	0.8653061224489796	0.0	24.298744201660156	chrna-expand-1026-7		boltz2_2.2.1_single_sequence_batch8	20260919	30.321510314941406	collected/chrna-expand-1026-7/models/protein_db54ed072827505951e4e865f1478612f3770ac7715afc042167723a0abae5b0_single_sequence_seed20260919/model.cif
peptide_097dd491610266e2b00ddefa5756e6406a5141c531fd5b72373ee5715b3d4327	097dd491610266e2b00ddefa5756e6406a5141c531fd5b72373ee5715b3d4327	Cux1:Cmtm7	sensitivity	domain_diversity_enriched	junction_within_candidate_domain	PF25398.2;PF01284.29	True		not_probability_sample	265	True	47.29304885864258	0.5924528301886792	0.0	22.632652282714844	chrna-expand-1026-7		boltz2_2.2.1_single_sequence_batch8	20260919	50.651309967041016	collected/chrna-expand-1026-7/models/protein_097dd491610266e2b00ddefa5756e6406a5141c531fd5b72373ee5715b3d4327_single_sequence_seed20260919/model.cif
peptide_09c4b8f5b0bb0bc194e7813999443bf64516ddc83be6b7d4d27d134c96af3d03	09c4b8f5b0bb0bc194e7813999443bf64516ddc83be6b7d4d27d134c96af3d03	Cpq:Mdfic	sensitivity	domain_diversity_enriched	single_domain_hit	PF15316.12	True		not_probability_sample	270	True	31.71369743347168	0.9814814814814815	0.0	24.346189498901367	chrna-expand-1026-7		boltz2_2.2.1_single_sequence_batch8	20260919	27.021650314331055	collected/chrna-expand-1026-7/models/protein_09c4b8f5b0bb0bc194e7813999443bf64516ddc83be6b7d4d27d134c96af3d03_single_sequence_seed20260919/model.cif
peptide_77b7ee1d19157633f5d25dd8b44675c9968e80ea75d6bd6816c6649b31478a89	77b7ee1d19157633f5d25dd8b44675c9968e80ea75d6bd6816c6649b31478a89	Psmc3:Rnf38	sensitivity	representative_stratified_random	junction_within_candidate_domain	PF16450.12;PF00004.36	True		0.4020100502512563	290	True	43.81943893432617	0.6586206896551724	0.017241379310344827	21.425891876220703	chrna-expand-1026-7		boltz2_2.2.1_single_sequence_batch8	20260919	41.584503173828125	collected/chrna-expand-1026-7/models/protein_77b7ee1d19157633f5d25dd8b44675c9968e80ea75d6bd6816c6649b31478a89_single_sequence_seed20260919/model.cif
peptide_a91fecc595503bc4670cf84abc830c3d04c600292ae4e7bcd4644003d5191bd8	a91fecc595503bc4670cf84abc830c3d04c600292ae4e7bcd4644003d5191bd8	Dcp1a:Nmd3	sensitivity	representative_stratified_random	single_domain_hit	PF06058.20	True		0.4020100502512563	292	True	39.906978607177734	0.8356164383561644	0.0	23.782869338989258	chrna-expand-1026-7		boltz2_2.2.1_single_sequence_batch8	20260919	41.79563522338867	collected/chrna-expand-1026-7/models/protein_a91fecc595503bc4670cf84abc830c3d04c600292ae4e7bcd4644003d5191bd8_single_sequence_seed20260919/model.cif
peptide_85bb6543af3ea0f2619a19a2c1ee9e38e929a4a6f8cffea5d83b1b64c20100eb	85bb6543af3ea0f2619a19a2c1ee9e38e929a4a6f8cffea5d83b1b64c20100eb	Cpq:Mdfic	sensitivity	domain_diversity_enriched	single_domain_hit	PF15316.12	True		not_probability_sample	317	True	31.919017791748047	0.9842271293375394	0.0	25.297910690307617	chrna-expand-1026-7		boltz2_2.2.1_single_sequence_batch8	20260919	27.181547164916992	collected/chrna-expand-1026-7/models/protein_85bb6543af3ea0f2619a19a2c1ee9e38e929a4a6f8cffea5d83b1b64c20100eb_single_sequence_seed20260919/model.cif
peptide_c4d091037dd9c5129cb11a2e8c7c94c0c0f4d23d31a9dcbd3f6ddbecd5d83b4d	c4d091037dd9c5129cb11a2e8c7c94c0c0f4d23d31a9dcbd3f6ddbecd5d83b4d	Vav3:Slc25a24	sensitivity	representative_stratified_random	junction_within_candidate_domain	PF00307.37;PF11971.14;PF00153.33;PF00153.33;PF00153.33	True		0.4020100502512563	320	True	33.63909912109375	0.99375	0.0	24.919517517089844	chrna-expand-1026-7		boltz2_2.2.1_single_sequence_batch8	20260919	30.957996368408203	collected/chrna-expand-1026-7/models/protein_c4d091037dd9c5129cb11a2e8c7c94c0c0f4d23d31a9dcbd3f6ddbecd5d83b4d_single_sequence_seed20260919/model.cif
peptide_73e5ecad12f993e9e5da3a8a5e166815f7c6776d8cd02259876f2644a33df3eb	73e5ecad12f993e9e5da3a8a5e166815f7c6776d8cd02259876f2644a33df3eb	Ptbp3:Dtnbp1	sensitivity	representative_stratified_random	single_domain_hit	PF04440.22	True		0.4020100502512563	336	True	54.66131591796875	0.46130952380952384	0.19047619047619047	25.800220489501953	chrna-expand-1026-7		boltz2_2.2.1_single_sequence_batch8	20260919	51.55790710449219	collected/chrna-expand-1026-7/models/protein_73e5ecad12f993e9e5da3a8a5e166815f7c6776d8cd02259876f2644a33df3eb_single_sequence_seed20260919/model.cif
peptide_04cb1528cc950515e9a8f020c635d3547165fa774e1e1b10b39b151e0c167ce7	04cb1528cc950515e9a8f020c635d3547165fa774e1e1b10b39b151e0c167ce7	Ms4a7:Cog6	sensitivity	representative_stratified_random	junction_within_candidate_domain	PF04103.22;PF20653.4	True		0.4020100502512563	341	True	48.82386016845703	0.6950146627565983	0.12609970674486803	23.410301208496094	chrna-expand-1026-7		boltz2_2.2.1_single_sequence_batch8	20260919	40.621368408203125	collected/chrna-expand-1026-7/models/protein_04cb1528cc950515e9a8f020c635d3547165fa774e1e1b10b39b151e0c167ce7_single_sequence_seed20260919/model.cif
peptide_db306f036d983886e0bd257bc45c9338411b93734500e067338e6a013a4f372d	db306f036d983886e0bd257bc45c9338411b93734500e067338e6a013a4f372d	Adgre1:Pals2	sensitivity	representative_stratified_random	junction_within_candidate_domain	PF07645.22;PF07645.22;PF07645.22;PF12947.14;PF00625.28	True		0.4020100502512563	341	True	60.555267333984375	0.36950146627565983	0.36950146627565983	22.324235916137695	chrna-expand-1026-7		boltz2_2.2.1_single_sequence_batch8	20260919	54.37468719482422	collected/chrna-expand-1026-7/models/protein_db306f036d983886e0bd257bc45c9338411b93734500e067338e6a013a4f372d_single_sequence_seed20260919/model.cif
peptide_a638ae61dfae5f629150de9dc3f21ca769d387933dd2ece1041b7c432191802c	a638ae61dfae5f629150de9dc3f21ca769d387933dd2ece1041b7c432191802c	Tm9sf2:Mad1l1	sensitivity	domain_diversity_enriched	junction_within_candidate_domain	PF05557.19	True		not_probability_sample	367	True	66.05460357666016	0.23705722070844687	0.4196185286103542	24.66440773010254	chrna-expand-1026-7		boltz2_2.2.1_single_sequence_batch8	20260919	53.56385040283203	collected/chrna-expand-1026-7/models/protein_a638ae61dfae5f629150de9dc3f21ca769d387933dd2ece1041b7c432191802c_single_sequence_seed20260919/model.cif
peptide_456c1754ef13a5ae35c128bf501ec8b1d6884de08e07892042383c74215379cb	456c1754ef13a5ae35c128bf501ec8b1d6884de08e07892042383c74215379cb	Lmf1:Srsf5	sensitivity	representative_stratified_random	junction_within_candidate_domain	PF06762.21;PF00076.29	True		0.4020100502512563	368	True	37.594337463378906	0.9565217391304348	0.0	26.323728561401367	chrna-expand-1026-7		boltz2_2.2.1_single_sequence_batch8	20260919	36.44524002075195	collected/chrna-expand-1026-7/models/protein_456c1754ef13a5ae35c128bf501ec8b1d6884de08e07892042383c74215379cb_single_sequence_seed20260919/model.cif
peptide_ae5e917d652ddafb94a09fbbaad291cf7098dcc6e1bf6b1b09ae43eea80dbb8b	ae5e917d652ddafb94a09fbbaad291cf7098dcc6e1bf6b1b09ae43eea80dbb8b	Rnf130:Abhd12	sensitivity	domain_diversity_enriched	multiple_domain_hits	PF12146.16;PF00561.27;PF12697.14	True		not_probability_sample	375	True	50.66490936279297	0.5573333333333333	0.25066666666666665	19.52070426940918	chrna-expand-1026-7		boltz2_2.2.1_single_sequence_batch8	20260919	24.943025588989258	collected/chrna-expand-1026-7/models/protein_ae5e917d652ddafb94a09fbbaad291cf7098dcc6e1bf6b1b09ae43eea80dbb8b_single_sequence_seed20260919/model.cif
peptide_f66b8ad59bfcc2165297037c460031b28a2b9aaa18234fea876ad4110d149478	f66b8ad59bfcc2165297037c460031b28a2b9aaa18234fea876ad4110d149478	Tsg101:Ecpas	sensitivity	domain_diversity_enriched	junction_within_candidate_domain	PF05743.20;PF23731.2	True		not_probability_sample	394	True	70.73573303222656	0.16751269035532995	0.5558375634517766	15.050896644592285	chrna-expand-1026-7		boltz2_2.2.1_single_sequence_batch8	20260919	43.11547088623047	collected/chrna-expand-1026-7/models/protein_f66b8ad59bfcc2165297037c460031b28a2b9aaa18234fea876ad4110d149478_single_sequence_seed20260919/model.cif
peptide_06136fb30e9bd46896a72f091ad4dcc17592f1b112a21770b68abac7633a53d0	06136fb30e9bd46896a72f091ad4dcc17592f1b112a21770b68abac7633a53d0	G3bp1:Skp1	sensitivity	representative_stratified_random	multiple_domain_hits	PF02136.27;PF03931.22;PF01466.25	True		0.4020100502512563	408	True	46.84912109375	0.6813725490196079	0.19607843137254902	24.386396408081055	chrna-expand-1026-7		boltz2_2.2.1_single_sequence_batch8	20260919	58.84157180786133	collected/chrna-expand-1026-7/models/protein_06136fb30e9bd46896a72f091ad4dcc17592f1b112a21770b68abac7633a53d0_single_sequence_seed20260919/model.cif
peptide_c80fa658e1deb82b80ef6502e7144334f3002a1002b21db22ff615e17030ba25	c80fa658e1deb82b80ef6502e7144334f3002a1002b21db22ff615e17030ba25	Ppm1b:Gbp5	sensitivity	representative_stratified_random	multiple_domain_hits	PF00481.27;PF07830.19	True		0.4020100502512563	418	True	42.11690139770508	0.7368421052631579	0.13875598086124402	24.742942810058594	chrna-expand-1026-7		boltz2_2.2.1_single_sequence_batch8	20260919	63.78653335571289	collected/chrna-expand-1026-7/models/protein_c80fa658e1deb82b80ef6502e7144334f3002a1002b21db22ff615e17030ba25_single_sequence_seed20260919/model.cif
peptide_be993d8c852a628fc0a22ae7c5ec2b302c2881b105d419c073f3062b07250126	be993d8c852a628fc0a22ae7c5ec2b302c2881b105d419c073f3062b07250126	Rab31:Ppp4r1	sensitivity	domain_diversity_enriched	junction_within_candidate_domain	PF08477.20;PF00071.29;PF29896.1	True		not_probability_sample	435	True	70.49701690673828	0.17701149425287357	0.5908045977011495	17.85852813720703	chrna-expand-1026-7		boltz2_2.2.1_single_sequence_batch8	20260919	43.85361099243164	collected/chrna-expand-1026-7/models/protein_be993d8c852a628fc0a22ae7c5ec2b302c2881b105d419c073f3062b07250126_single_sequence_seed20260919/model.cif
peptide_817a94a9f24ae39cc8dc62050d554b01da54d755a53b9d608c57a3ecca4195cc	817a94a9f24ae39cc8dc62050d554b01da54d755a53b9d608c57a3ecca4195cc	Itgav:AI182371	sensitivity	domain_diversity_enriched	junction_within_candidate_domain	PF01835.26;PF01821.24	True		not_probability_sample	460	True	66.50835418701172	0.29782608695652174	0.4717391304347826	22.762928009033203	chrna-expand-1026-7		boltz2_2.2.1_single_sequence_batch8	20260919	54.716888427734375	collected/chrna-expand-1026-7/models/protein_817a94a9f24ae39cc8dc62050d554b01da54d755a53b9d608c57a3ecca4195cc_single_sequence_seed20260919/model.cif
peptide_9a0c2ab374a94d4fdd297332bf338f92f10edff92705e8b6386f898bfee02d94	9a0c2ab374a94d4fdd297332bf338f92f10edff92705e8b6386f898bfee02d94	Copb2:Gch1	sensitivity	domain_diversity_enriched	multiple_domain_hits	PF00400.39;PF00400.39;PF00400.39;PF00400.39;PF00400.39;PF00400.39;PF04053.21	True		not_probability_sample	490	True	77.98078155517578	0.1673469387755102	0.7163265306122449	16.01462745666504	chrna-expand-1026-7		boltz2_2.2.1_single_sequence_batch8	20260919	49.69877243041992	collected/chrna-expand-1026-7/models/protein_9a0c2ab374a94d4fdd297332bf338f92f10edff92705e8b6386f898bfee02d94_single_sequence_seed20260919/model.cif
peptide_7a90cda124cebf3fa9d4a023368d0311079f6eff711564921c17028c8319da68	7a90cda124cebf3fa9d4a023368d0311079f6eff711564921c17028c8319da68	Osbpl8:Cpne2	sensitivity	representative_stratified_random	multiple_domain_hits	PF00168.37;PF07002.23	True		0.39759036144578314	501	True	42.00426483154297	0.7305389221556886	0.059880239520958084	24.297197341918945	chrna-expand-1026-7		boltz2_2.2.1_single_sequence_batch8	20260919	37.90062713623047	collected/chrna-expand-1026-7/models/protein_7a90cda124cebf3fa9d4a023368d0311079f6eff711564921c17028c8319da68_single_sequence_seed20260919/model.cif
peptide_38e86edb844597515873ab437bcc8263a965b08869b00d6a6aa895c626866b52	38e86edb844597515873ab437bcc8263a965b08869b00d6a6aa895c626866b52	Clcn7:Psmb9	sensitivity	domain_diversity_enriched	junction_within_candidate_domain	PF00654.26;PF00227.32	True		not_probability_sample	504	True	34.4576416015625	0.9444444444444444	0.0	25.336746215820312	chrna-expand-1026-7		boltz2_2.2.1_single_sequence_batch8	20260919	29.066322326660156	collected/chrna-expand-1026-7/models/protein_38e86edb844597515873ab437bcc8263a965b08869b00d6a6aa895c626866b52_single_sequence_seed20260919/model.cif
peptide_7c5f6df38033d3e47cecb3b19f4e44f4fbf905375f20be1d5b831b3f3f3039b6	7c5f6df38033d3e47cecb3b19f4e44f4fbf905375f20be1d5b831b3f3f3039b6	Fkbp8:Pirb	sensitivity	domain_diversity_enriched	multiple_domain_hits	PF00254.35;PF00047.32	True		not_probability_sample	570	True	44.18273162841797	0.7614035087719299	0.11578947368421053	27.3621826171875	chrna-expand-1026-7		boltz2_2.2.1_single_sequence_batch8	20260919	49.217384338378906	collected/chrna-expand-1026-7/models/protein_7c5f6df38033d3e47cecb3b19f4e44f4fbf905375f20be1d5b831b3f3f3039b6_single_sequence_seed20260919/model.cif
peptide_bc16eb107013846d74f4455a0ce8e25f64f01333c7a56d660adfde42a5fe43d2	bc16eb107013846d74f4455a0ce8e25f64f01333c7a56d660adfde42a5fe43d2	Exoc1:Npm1	sensitivity	domain_diversity_enriched	multiple_domain_hits	PF15277.13;PF09763.16	True		not_probability_sample	589	True	40.20402908325195	0.8285229202037352	0.0	27.73150062561035	chrna-expand-1026-7		boltz2_2.2.1_single_sequence_batch8	20260919	27.637197494506836	collected/chrna-expand-1026-7/models/protein_bc16eb107013846d74f4455a0ce8e25f64f01333c7a56d660adfde42a5fe43d2_single_sequence_seed20260919/model.cif
peptide_da6f8aa49b5b9c00bc55113a05024861804991124a0e293f2b749ff1a7dae9ee	da6f8aa49b5b9c00bc55113a05024861804991124a0e293f2b749ff1a7dae9ee	Wdfy2:Gpi1	sensitivity	domain_diversity_enriched	junction_within_candidate_domain	PF00400.39;PF00400.39;PF00342.25	True		not_probability_sample	619	True	56.15149688720703	0.5347334410339257	0.40549273021001614	23.294395446777344	chrna-expand-1026-7		boltz2_2.2.1_single_sequence_batch8	20260919	40.888023376464844	collected/chrna-expand-1026-7/models/protein_da6f8aa49b5b9c00bc55113a05024861804991124a0e293f2b749ff1a7dae9ee_single_sequence_seed20260919/model.cif
peptide_b4fc19f60d828e77c28c4b8187c02c07301087cd343376e8412d68f399f8fc22	b4fc19f60d828e77c28c4b8187c02c07301087cd343376e8412d68f399f8fc22	Prmt9:Arhgap10	sensitivity	domain_diversity_enriched	junction_within_candidate_domain	PF06325.20;PF00620.33;PF07653.24;PF00018.35;PF14604.13	True		not_probability_sample	647	True	47.88524627685547	0.6275115919629057	0.2426584234930448	25.585866928100586	chrna-expand-1026-7		boltz2_2.2.1_single_sequence_batch8	20260919	30.515186309814453	collected/chrna-expand-1026-7/models/protein_b4fc19f60d828e77c28c4b8187c02c07301087cd343376e8412d68f399f8fc22_single_sequence_seed20260919/model.cif
peptide_062902ab40ba4d3341efee4c4e890dd49fba5df43da7d30035aa89b96b893305	062902ab40ba4d3341efee4c4e890dd49fba5df43da7d30035aa89b96b893305	Gask1b:Sh3glb1	sensitivity	domain_diversity_enriched	junction_within_candidate_domain	PF15051.11;PF03114.24;PF10455.15;PF07653.24;PF00018.35;PF14604.13	True		not_probability_sample	735	True	36.8067626953125	0.8027210884353742	0.07755102040816327	27.266176223754883	chrna-expand-1026-7		boltz2_2.2.1_single_sequence_batch8	20260919	28.961612701416016	collected/chrna-expand-1026-7/models/protein_062902ab40ba4d3341efee4c4e890dd49fba5df43da7d30035aa89b96b893305_single_sequence_seed20260919/model.cif
peptide_9da6ced34dd1c3b63850a7f6fc7e15c9d645aa2e5e0bcfd84e19f4b322290707	9da6ced34dd1c3b63850a7f6fc7e15c9d645aa2e5e0bcfd84e19f4b322290707	Mx1:Wars	sensitivity	representative_stratified_random	no_Pfam_hit		False		0.3979591836734694	31	True	76.06385040283203	0.0	0.9032258064516129	9.072135925292969	chrna-expand-1026-7__extra		boltz2_2.2.1_single_sequence_batch8	20260919	75.39319610595703	collected/chrna-expand-1026-7__extra/models/protein_9da6ced34dd1c3b63850a7f6fc7e15c9d645aa2e5e0bcfd84e19f4b322290707_single_sequence_seed20260919/model.cif
peptide_2457e5aec5fca0a9f6056d1bddaba563ca0e2f7a79dd231c5a1c8af35dc9e8d1	2457e5aec5fca0a9f6056d1bddaba563ca0e2f7a79dd231c5a1c8af35dc9e8d1	Gpatch8:Trp53	sensitivity	domain_diversity_enriched	single_domain_hit	PF07710.17	True		not_probability_sample	93	True	45.5424690246582	0.7096774193548387	0.0	20.99569320678711	chrna-expand-1026-7__extra		boltz2_2.2.1_single_sequence_batch8	20260919	44.303279876708984	collected/chrna-expand-1026-7__extra/models/protein_2457e5aec5fca0a9f6056d1bddaba563ca0e2f7a79dd231c5a1c8af35dc9e8d1_single_sequence_seed20260919/model.cif
peptide_ffde38356c27a58c4623788e72d9f50d4e774fd6c83fa9aed9f06c8e3e60e075	ffde38356c27a58c4623788e72d9f50d4e774fd6c83fa9aed9f06c8e3e60e075	Nedd4l:Lman1	sensitivity	domain_diversity_enriched	single_domain_hit	PF00168.37	False		not_probability_sample	96	True	52.24223709106445	0.3645833333333333	0.0	10.856456756591797	chrna-expand-1026-7__extra		boltz2_2.2.1_single_sequence_batch8	20260919	50.226139068603516	collected/chrna-expand-1026-7__extra/models/protein_ffde38356c27a58c4623788e72d9f50d4e774fd6c83fa9aed9f06c8e3e60e075_single_sequence_seed20260919/model.cif
peptide_60e28bd26ee833e26c094028a2cba5e8efc76edf1b38e9ae12798e83d67e5f58	60e28bd26ee833e26c094028a2cba5e8efc76edf1b38e9ae12798e83d67e5f58	Stimate:Tkt	sensitivity	representative_stratified_random	no_Pfam_hit		False		0.3979591836734694	115	True	40.94080352783203	0.9304347826086956	0.0	21.779705047607422	chrna-expand-1026-7__extra		boltz2_2.2.1_single_sequence_batch8	20260919	44.767913818359375	collected/chrna-expand-1026-7__extra/models/protein_60e28bd26ee833e26c094028a2cba5e8efc76edf1b38e9ae12798e83d67e5f58_single_sequence_seed20260919/model.cif
peptide_e276d8c1c02e938312097907427d62446d6ce88df7c83a732fb5aced93afd05d	e276d8c1c02e938312097907427d62446d6ce88df7c83a732fb5aced93afd05d	Cux1:Cmtm7	sensitivity	representative_stratified_random	junction_within_candidate_domain	PF25398.2;PF01284.29	True		0.4069767441860465	180	True	53.61460876464844	0.25	0.0	18.4227237701416	chrna-expand-1026-7__extra		boltz2_2.2.1_single_sequence_batch8	20260919	53.71632766723633	collected/chrna-expand-1026-7__extra/models/protein_e276d8c1c02e938312097907427d62446d6ce88df7c83a732fb5aced93afd05d_single_sequence_seed20260919/model.cif
peptide_c780c9f9c64601709e198ce482260ea209e9c7e87a2459346cb14624a8b1d514	c780c9f9c64601709e198ce482260ea209e9c7e87a2459346cb14624a8b1d514	Dnmt3a:Ethe1	sensitivity	domain_diversity_enriched	junction_within_candidate_domain	PF22855.2;PF00753.34	True		not_probability_sample	185	True	36.80829620361328	0.8864864864864865	0.0	23.91088104248047	chrna-expand-1026-7__extra		boltz2_2.2.1_single_sequence_batch8	20260919	33.766693115234375	collected/chrna-expand-1026-7__extra/models/protein_c780c9f9c64601709e198ce482260ea209e9c7e87a2459346cb14624a8b1d514_single_sequence_seed20260919/model.cif
peptide_2db48b2a66905e2d180f025ebf70fceeff88ba44b9a0949f4071c342bf069120	2db48b2a66905e2d180f025ebf70fceeff88ba44b9a0949f4071c342bf069120	Cltc:Cfl1	sensitivity	domain_diversity_enriched	single_domain_hit	PF00241.26	True		not_probability_sample	240	True	39.50804901123047	0.9041666666666667	0.0	22.77859115600586	chrna-expand-1026-7__extra		boltz2_2.2.1_single_sequence_batch8	20260919	33.951229095458984	collected/chrna-expand-1026-7__extra/models/protein_2db48b2a66905e2d180f025ebf70fceeff88ba44b9a0949f4071c342bf069120_single_sequence_seed20260919/model.cif
peptide_06e8130452307296201f7d82caa70a01257e2157052c7ca30b666d74e05462ed	06e8130452307296201f7d82caa70a01257e2157052c7ca30b666d74e05462ed	Ms4a7:Cog6	sensitivity	representative_stratified_random	junction_within_candidate_domain	PF04103.22;PF04103.22;PF20653.4	True		0.4020100502512563	257	True	48.062740325927734	0.669260700389105	0.0	22.83026695251465	chrna-expand-1026-7__extra		boltz2_2.2.1_single_sequence_batch8	20260919	44.330848693847656	collected/chrna-expand-1026-7__extra/models/protein_06e8130452307296201f7d82caa70a01257e2157052c7ca30b666d74e05462ed_single_sequence_seed20260919/model.cif
peptide_6c5f34e95bc55a062f8499c934e15899df85220ac433c55c04c5d199325099b2	6c5f34e95bc55a062f8499c934e15899df85220ac433c55c04c5d199325099b2	Rhbdd1:Mrps9	sensitivity	representative_stratified_random	multiple_domain_hits	PF01694.29;PF00380.26	True		0.39759036144578314	539	True	34.02519226074219	0.9517625231910947	0.0	26.671403884887695	chrna-expand-1026-7__extra		boltz2_2.2.1_single_sequence_batch8	20260919	28.816232681274414	collected/chrna-expand-1026-7__extra/models/protein_6c5f34e95bc55a062f8499c934e15899df85220ac433c55c04c5d199325099b2_single_sequence_seed20260919/model.cif
control_f6e6411f8561b31f7c295b1654852c962c6b90860cf7c57070525812ce80d8bd	f6e6411f8561b31f7c295b1654852c962c6b90860cf7c57070525812ce80d8bd	Fubp1:Pgd	control	matched_parent_fragment_control	parent_fragment				matched_control	638	True	49.30149459838867	0.5470219435736677	0.22100313479623823	27.171640396118164	chrna-expand-1026-7__extra		boltz2_2.2.1_single_sequence_batch8	20260919		collected/chrna-expand-1026-7__extra/models/protein_f6e6411f8561b31f7c295b1654852c962c6b90860cf7c57070525812ce80d8bd_single_sequence_seed20260919/model.cif
peptide_c42ba49e9245144ea7cea864068c8a4f44d7a0c8c4b5a0dd6ec372f8be45a521	c42ba49e9245144ea7cea864068c8a4f44d7a0c8c4b5a0dd6ec372f8be45a521	Pdap1:Atp5j2	sensitivity	representative_stratified_random	no_Pfam_hit		False		0.3979591836734694	37	True	63.12692642211914	0.08108108108108109	0.3783783783783784	10.314663887023926	chrna-expand-1026-8		boltz2_2.2.1_single_sequence_batch8	20260919	75.10842895507812	collected/chrna-expand-1026-8/models/protein_c42ba49e9245144ea7cea864068c8a4f44d7a0c8c4b5a0dd6ec372f8be45a521_single_sequence_seed20260919/model.cif
peptide_0ab3f006176615d1697163432753d8f005665a60f45ca80e8fdf78092235393b	0ab3f006176615d1697163432753d8f005665a60f45ca80e8fdf78092235393b	Exoc6b:Chchd3	sensitivity	representative_stratified_random	no_Pfam_hit		False		0.3979591836734694	46	True	65.91883087158203	0.06521739130434782	0.4782608695652174	11.557389259338379	chrna-expand-1026-8		boltz2_2.2.1_single_sequence_batch8	20260919	53.60015106201172	collected/chrna-expand-1026-8/models/protein_0ab3f006176615d1697163432753d8f005665a60f45ca80e8fdf78092235393b_single_sequence_seed20260919/model.cif
peptide_36e8d532572eabc52f3d5a33294bc6f0d85786977818e1764ce97715668523c5	36e8d532572eabc52f3d5a33294bc6f0d85786977818e1764ce97715668523c5	Agl:Brk1	sensitivity	domain_diversity_enriched	no_Pfam_hit		False		not_probability_sample	63	True	86.52279663085938	0.0	0.8888888888888888	7.217313289642334	chrna-expand-1026-8		boltz2_2.2.1_single_sequence_batch8	20260919	88.95138549804688	collected/chrna-expand-1026-8/models/protein_36e8d532572eabc52f3d5a33294bc6f0d85786977818e1764ce97715668523c5_single_sequence_seed20260919/model.cif
peptide_77316c8425eb6fbbee0a68ca31f2a21167543bf824c8c8b1dd4ee205dcf6561c	77316c8425eb6fbbee0a68ca31f2a21167543bf824c8c8b1dd4ee205dcf6561c	Ptpn6:Ptms	sensitivity	domain_diversity_enriched	single_domain_hit	PF00017.31	True		not_probability_sample	71	True	56.668067932128906	0.38028169014084506	0.16901408450704225	13.55940055847168	chrna-expand-1026-8		boltz2_2.2.1_single_sequence_batch8	20260919	44.78822326660156	collected/chrna-expand-1026-8/models/protein_77316c8425eb6fbbee0a68ca31f2a21167543bf824c8c8b1dd4ee205dcf6561c_single_sequence_seed20260919/model.cif
control_ea44cbc6abbf5cd14dd0a5898b18652bb54068e56d94080a5168e461ce073c53	ea44cbc6abbf5cd14dd0a5898b18652bb54068e56d94080a5168e461ce073c53	Mapkapk2:Arhgef2	control	matched_parent_fragment_control	parent_fragment				matched_control	79	True	48.39175796508789	0.569620253164557	0.0	17.740564346313477	chrna-expand-1026-8		boltz2_2.2.1_single_sequence_batch8	20260919		collected/chrna-expand-1026-8/models/protein_ea44cbc6abbf5cd14dd0a5898b18652bb54068e56d94080a5168e461ce073c53_single_sequence_seed20260919/model.cif
peptide_a0d1e11d85cf66eecc6c8fbd8f90e8c12e52c575ab8d16dbe4742c7a72db3b8a	a0d1e11d85cf66eecc6c8fbd8f90e8c12e52c575ab8d16dbe4742c7a72db3b8a	Pgap2:Rhog	sensitivity	representative_stratified_random	no_Pfam_hit		False		0.3979591836734694	91	True	48.40286636352539	0.5494505494505495	0.0	19.204301834106445	chrna-expand-1026-8		boltz2_2.2.1_single_sequence_batch8	20260919	39.33045196533203	collected/chrna-expand-1026-8/models/protein_a0d1e11d85cf66eecc6c8fbd8f90e8c12e52c575ab8d16dbe4742c7a72db3b8a_single_sequence_seed20260919/model.cif
peptide_fef19b94615839a7a9ff0bd3c1aaba114a062dbf94688909da3c08e783198508	fef19b94615839a7a9ff0bd3c1aaba114a062dbf94688909da3c08e783198508	Tspan5:Eif4e	sensitivity	representative_stratified_random	single_domain_hit	PF01652.25	True		0.4069767441860465	100	True	40.70046615600586	0.91	0.0	20.190475463867188	chrna-expand-1026-8		boltz2_2.2.1_single_sequence_batch8	20260919	36.31685256958008	collected/chrna-expand-1026-8/models/protein_fef19b94615839a7a9ff0bd3c1aaba114a062dbf94688909da3c08e783198508_single_sequence_seed20260919/model.cif
peptide_321c8aa68e4e5fbf91582c3d5035f32afc351ecce1813647bcfc2b706209fafb	321c8aa68e4e5fbf91582c3d5035f32afc351ecce1813647bcfc2b706209fafb	Pxk:Elf1	sensitivity	domain_diversity_enriched	no_Pfam_hit		False		not_probability_sample	104	True	46.856468200683594	0.6346153846153846	0.0	16.022045135498047	chrna-expand-1026-8		boltz2_2.2.1_single_sequence_batch8	20260919	49.662620544433594	collected/chrna-expand-1026-8/models/protein_321c8aa68e4e5fbf91582c3d5035f32afc351ecce1813647bcfc2b706209fafb_single_sequence_seed20260919/model.cif
peptide_4e5e33558787b465c7be1c9fa6b94e096bcf4bb7d40fd2924a6f029d9dc783b2	4e5e33558787b465c7be1c9fa6b94e096bcf4bb7d40fd2924a6f029d9dc783b2	Strn3:Fam180a	sensitivity	representative_stratified_random	junction_within_candidate_domain	PF08232.18	True		0.4069767441860465	111	True	49.3242073059082	0.6126126126126126	0.02702702702702703	21.94817352294922	chrna-expand-1026-8		boltz2_2.2.1_single_sequence_batch8	20260919	60.77892303466797	collected/chrna-expand-1026-8/models/protein_4e5e33558787b465c7be1c9fa6b94e096bcf4bb7d40fd2924a6f029d9dc783b2_single_sequence_seed20260919/model.cif
control_a71a60babd1f421d6990cd5bcdaab0b5c7ba0de13c2deee562f9e4ae6bd78b62	a71a60babd1f421d6990cd5bcdaab0b5c7ba0de13c2deee562f9e4ae6bd78b62	Ankrd33b:Chd4	control	matched_parent_fragment_control	parent_fragment				matched_control	118	True	46.675418853759766	0.7203389830508474	0.0	23.241125106811523	chrna-expand-1026-8		boltz2_2.2.1_single_sequence_batch8	20260919		collected/chrna-expand-1026-8/models/protein_a71a60babd1f421d6990cd5bcdaab0b5c7ba0de13c2deee562f9e4ae6bd78b62_single_sequence_seed20260919/model.cif
peptide_bdf03ea2b101f8a21879ef2f1497188f22292041208670b709ee1b7827f2856e	bdf03ea2b101f8a21879ef2f1497188f22292041208670b709ee1b7827f2856e	P4hb:Oas1a	sensitivity	representative_stratified_random	multiple_domain_hits	PF26959.1;PF00085.27;PF13899.13;PF13098.14	True		0.4069767441860465	126	True	71.89276885986328	0.1111111111111111	0.6349206349206349	11.044984817504883	chrna-expand-1026-8		boltz2_2.2.1_single_sequence_batch8	20260919	59.7630500793457	collected/chrna-expand-1026-8/models/protein_bdf03ea2b101f8a21879ef2f1497188f22292041208670b709ee1b7827f2856e_single_sequence_seed20260919/model.cif
peptide_1368500e434b0c9d19b3195c7e503300ff3c3eaa35394b5f44605a348dafe925	1368500e434b0c9d19b3195c7e503300ff3c3eaa35394b5f44605a348dafe925	Strn:Fez2	sensitivity	representative_stratified_random	junction_within_candidate_domain	PF08232.18	True		0.4069767441860465	130	True	51.210994720458984	0.43846153846153846	0.046153846153846156	17.195070266723633	chrna-expand-1026-8		boltz2_2.2.1_single_sequence_batch8	20260919	46.169376373291016	collected/chrna-expand-1026-8/models/protein_1368500e434b0c9d19b3195c7e503300ff3c3eaa35394b5f44605a348dafe925_single_sequence_seed20260919/model.cif
peptide_d6bfbc584afa857982b912b929ab2031343f044dc7b20ff985724ad2e939bd1f	d6bfbc584afa857982b912b929ab2031343f044dc7b20ff985724ad2e939bd1f	Cux1:Cmtm7	sensitivity	representative_stratified_random	junction_within_candidate_domain	PF25398.2	True		0.4069767441860465	136	True	56.36952590942383	0.21323529411764705	0.058823529411764705	16.019189834594727	chrna-expand-1026-8		boltz2_2.2.1_single_sequence_batch8	20260919	51.506690979003906	collected/chrna-expand-1026-8/models/protein_d6bfbc584afa857982b912b929ab2031343f044dc7b20ff985724ad2e939bd1f_single_sequence_seed20260919/model.cif
peptide_54de8954ff2ad82352b89492adcea98496e1c156dc3cd2d8dbafb675b3d93f8d	54de8954ff2ad82352b89492adcea98496e1c156dc3cd2d8dbafb675b3d93f8d	Cux1:Cmtm7	sensitivity	domain_diversity_enriched	junction_within_candidate_domain	PF25398.2	True		not_probability_sample	147	True	53.430599212646484	0.24489795918367346	0.0	19.585161209106445	chrna-expand-1026-8		boltz2_2.2.1_single_sequence_batch8	20260919	50.35540008544922	collected/chrna-expand-1026-8/models/protein_54de8954ff2ad82352b89492adcea98496e1c156dc3cd2d8dbafb675b3d93f8d_single_sequence_seed20260919/model.cif
control_c01796fddaf1c55d87013cba52539481a54b1a5f2671ed4b956e76d5a1a48f6e	c01796fddaf1c55d87013cba52539481a54b1a5f2671ed4b956e76d5a1a48f6e	Ms4a7:Cog6	control	matched_parent_fragment_control	parent_fragment				matched_control	160	True	47.974853515625	0.54375	0.0	21.230506896972656	chrna-expand-1026-8		boltz2_2.2.1_single_sequence_batch8	20260919		collected/chrna-expand-1026-8/models/protein_c01796fddaf1c55d87013cba52539481a54b1a5f2671ed4b956e76d5a1a48f6e_single_sequence_seed20260919/model.cif
peptide_8e7d39255e9dc18492153f3893718a0fd81fe717c7add041ca7349e647e0571c	8e7d39255e9dc18492153f3893718a0fd81fe717c7add041ca7349e647e0571c	Zfp655:Atp5j2	sensitivity	representative_stratified_random	single_domain_hit	PF10206.15	True		0.4069767441860465	167	True	36.78876876831055	0.9940119760479041	0.0	21.999120712280273	chrna-expand-1026-8		boltz2_2.2.1_single_sequence_batch8	20260919	30.60857582092285	collected/chrna-expand-1026-8/models/protein_8e7d39255e9dc18492153f3893718a0fd81fe717c7add041ca7349e647e0571c_single_sequence_seed20260919/model.cif
peptide_0aab03d0e225116e9ae842d1a4d08c78934206123f1b05636a53f0b89adebbae	0aab03d0e225116e9ae842d1a4d08c78934206123f1b05636a53f0b89adebbae	Dram1:Krtcap2	sensitivity	representative_stratified_random	single_domain_hit	PF10277.16	True		0.4069767441860465	176	True	51.4432487487793	0.39204545454545453	0.0	15.458244323730469	chrna-expand-1026-8		boltz2_2.2.1_single_sequence_batch8	20260919	51.37551498413086	collected/chrna-expand-1026-8/models/protein_0aab03d0e225116e9ae842d1a4d08c78934206123f1b05636a53f0b89adebbae_single_sequence_seed20260919/model.cif
peptide_5c97f72a5782cbf04c9aa4fa8cc64caadff0c61f86eda7747b6430792a5b7848	5c97f72a5782cbf04c9aa4fa8cc64caadff0c61f86eda7747b6430792a5b7848	Rmdn1:Kras	sensitivity	domain_diversity_enriched	junction_within_candidate_domain	PF00071.29;PF00009.34;PF08477.20;PF00025.28	True		not_probability_sample	189	True	75.57140350341797	0.06878306878306878	0.708994708994709	10.370224952697754	chrna-expand-1026-8		boltz2_2.2.1_single_sequence_batch8	20260919	63.703094482421875	collected/chrna-expand-1026-8/models/protein_5c97f72a5782cbf04c9aa4fa8cc64caadff0c61f86eda7747b6430792a5b7848_single_sequence_seed20260919/model.cif
peptide_afa1a6357fd04f49fcf890219078b2db137999d7f3b25ea358bad072ac2a4cbd	afa1a6357fd04f49fcf890219078b2db137999d7f3b25ea358bad072ac2a4cbd	Tmem67:Chaserr	sensitivity	representative_stratified_random	no_Pfam_hit		False		0.38461538461538464	206	True	51.04764175415039	0.5728155339805825	0.30097087378640774	21.117109298706055	chrna-expand-1026-8		boltz2_2.2.1_single_sequence_batch8	20260919	70.40410614013672	collected/chrna-expand-1026-8/models/protein_afa1a6357fd04f49fcf890219078b2db137999d7f3b25ea358bad072ac2a4cbd_single_sequence_seed20260919/model.cif
peptide_2bef64ce5c009e75a8f0b75a4b79b9bf96c1dd1de4292c2908f1d353e0d4534b	2bef64ce5c009e75a8f0b75a4b79b9bf96c1dd1de4292c2908f1d353e0d4534b	Prcc:Pmvk	sensitivity	domain_diversity_enriched	no_Pfam_hit		False		not_probability_sample	210	True	38.653594970703125	0.9142857142857143	0.0	26.328536987304688	chrna-expand-1026-8		boltz2_2.2.1_single_sequence_batch8	20260919	27.77618980407715	collected/chrna-expand-1026-8/models/protein_2bef64ce5c009e75a8f0b75a4b79b9bf96c1dd1de4292c2908f1d353e0d4534b_single_sequence_seed20260919/model.cif
peptide_d3256671194991d8278f66a913ad15d748f8e50e0452bd1f8fe1fafcf616aa6b	d3256671194991d8278f66a913ad15d748f8e50e0452bd1f8fe1fafcf616aa6b	Mtx1:1810009A15Rik	sensitivity	domain_diversity_enriched	junction_within_candidate_domain	PF17719.7	True		not_probability_sample	225	True	46.693321228027344	0.5511111111111111	0.044444444444444446	24.429868698120117	chrna-expand-1026-8		boltz2_2.2.1_single_sequence_batch8	20260919	56.164119720458984	collected/chrna-expand-1026-8/models/protein_d3256671194991d8278f66a913ad15d748f8e50e0452bd1f8fe1fafcf616aa6b_single_sequence_seed20260919/model.cif
peptide_ed95ec19164fcdad891b250546c78a4f908e331c57a8ae4a317299d6d04baa94	ed95ec19164fcdad891b250546c78a4f908e331c57a8ae4a317299d6d04baa94	Ifnar1:Necap2	sensitivity	representative_stratified_random	junction_within_candidate_domain	PF07933.21	True		0.4020100502512563	226	True	33.1188850402832	0.9867256637168141	0.0	22.74690818786621	chrna-expand-1026-8		boltz2_2.2.1_single_sequence_batch8	20260919	28.80807876586914	collected/chrna-expand-1026-8/models/protein_ed95ec19164fcdad891b250546c78a4f908e331c57a8ae4a317299d6d04baa94_single_sequence_seed20260919/model.cif
peptide_e719531a70420b53dbf649e07affe93a53df7fc5e9a6cb19e3f862c861bedfc0	e719531a70420b53dbf649e07affe93a53df7fc5e9a6cb19e3f862c861bedfc0	Mrc1:Rsu1	sensitivity	domain_diversity_enriched	multiple_domain_hits	PF12799.14;PF00560.40;PF13855.13;PF00560.40;PF13855.13;PF23598.2;PF00560.40;PF13855.13;PF00560.40;PF00560.40	True		not_probability_sample	244	True	84.44456481933594	0.11885245901639344	0.819672131147541	8.836589813232422	chrna-expand-1026-8		boltz2_2.2.1_single_sequence_batch8	20260919	66.35301208496094	collected/chrna-expand-1026-8/models/protein_e719531a70420b53dbf649e07affe93a53df7fc5e9a6cb19e3f862c861bedfc0_single_sequence_seed20260919/model.cif
peptide_452e18a1989fcab3a15db88d9348565c6b7075c763b4c9285ee1773fbbfcb006	452e18a1989fcab3a15db88d9348565c6b7075c763b4c9285ee1773fbbfcb006	Por:Ctsl	sensitivity	domain_diversity_enriched	junction_within_candidate_domain	PF00258.31;PF00112.30	True		not_probability_sample	246	True	52.345191955566406	0.45528455284552843	0.09349593495934959	22.6925106048584	chrna-expand-1026-8		boltz2_2.2.1_single_sequence_batch8	20260919	35.20174026489258	collected/chrna-expand-1026-8/models/protein_452e18a1989fcab3a15db88d9348565c6b7075c763b4c9285ee1773fbbfcb006_single_sequence_seed20260919/model.cif
peptide_a8d9a651734d85a8c263b24eb6db796d1c276a32bc006be4f1297aec02a57bf3	a8d9a651734d85a8c263b24eb6db796d1c276a32bc006be4f1297aec02a57bf3	Ppp2r5c:Ddx24	sensitivity	domain_diversity_enriched	junction_within_candidate_domain	PF01603.27	True		not_probability_sample	263	True	32.62159729003906	0.9847908745247148	0.0	23.95656967163086	chrna-expand-1026-8		boltz2_2.2.1_single_sequence_batch8	20260919	29.324989318847656	collected/chrna-expand-1026-8/models/protein_a8d9a651734d85a8c263b24eb6db796d1c276a32bc006be4f1297aec02a57bf3_single_sequence_seed20260919/model.cif
peptide_10d6938ce9d79357ec6ce654a2ae3c7a7f62c2bd343ec5faad8716a87226fd8e	10d6938ce9d79357ec6ce654a2ae3c7a7f62c2bd343ec5faad8716a87226fd8e	Itgav:AI182371	sensitivity	representative_stratified_random	no_Pfam_hit		False		0.38461538461538464	276	True	62.3797492980957	0.3442028985507246	0.4420289855072464	14.935652732849121	chrna-expand-1026-8		boltz2_2.2.1_single_sequence_batch8	20260919	44.494232177734375	collected/chrna-expand-1026-8/models/protein_10d6938ce9d79357ec6ce654a2ae3c7a7f62c2bd343ec5faad8716a87226fd8e_single_sequence_seed20260919/model.cif
peptide_63d1b153b43bc6a1c9a7c9a68699ce41965d3c958a2688b82c5be9fcb95066db	63d1b153b43bc6a1c9a7c9a68699ce41965d3c958a2688b82c5be9fcb95066db	Prmt9:Arhgap10	sensitivity	representative_stratified_random	single_domain_hit	PF06325.20	True		0.4020100502512563	283	True	74.14571380615234	0.14840989399293286	0.6395759717314488	15.63377571105957	chrna-expand-1026-8		boltz2_2.2.1_single_sequence_batch8	20260919	50.48825454711914	collected/chrna-expand-1026-8/models/protein_63d1b153b43bc6a1c9a7c9a68699ce41965d3c958a2688b82c5be9fcb95066db_single_sequence_seed20260919/model.cif
peptide_9c6f31d4d59dd48b8b8ed0a908c4631f753d70ef88a87ebc7f2fdfd5be4fc6ae	9c6f31d4d59dd48b8b8ed0a908c4631f753d70ef88a87ebc7f2fdfd5be4fc6ae	Rnf130:Abhd12	sensitivity	domain_diversity_enriched	multiple_domain_hits	PF12146.16;PF00561.27;PF12697.14	True		not_probability_sample	301	True	44.65536880493164	0.7043189368770764	0.14950166112956811	21.592466354370117	chrna-expand-1026-8		boltz2_2.2.1_single_sequence_batch8	20260919	34.597225189208984	collected/chrna-expand-1026-8/models/protein_9c6f31d4d59dd48b8b8ed0a908c4631f753d70ef88a87ebc7f2fdfd5be4fc6ae_single_sequence_seed20260919/model.cif
peptide_e1dc923672248b85d0eda06848c99b1003d529fe4bca34c75b5c0b139de16fcf	e1dc923672248b85d0eda06848c99b1003d529fe4bca34c75b5c0b139de16fcf	Naglu:Arhgap9	sensitivity	domain_diversity_enriched	junction_within_candidate_domain	PF12971.13;PF05089.19;PF00620.33	True		not_probability_sample	309	True	37.76174545288086	0.8802588996763754	0.0	22.5609188079834	chrna-expand-1026-8		boltz2_2.2.1_single_sequence_batch8	20260919	30.772682189941406	collected/chrna-expand-1026-8/models/protein_e1dc923672248b85d0eda06848c99b1003d529fe4bca34c75b5c0b139de16fcf_single_sequence_seed20260919/model.cif
peptide_547b404d1eea0d69c9b7e2625c6a9fc86eb191971284098b31ecafd5c95d3a2e	547b404d1eea0d69c9b7e2625c6a9fc86eb191971284098b31ecafd5c95d3a2e	Spast:Memo1	sensitivity	domain_diversity_enriched	single_domain_hit	PF01875.24	True		not_probability_sample	322	True	41.16796112060547	0.7639751552795031	0.052795031055900624	24.537181854248047	chrna-expand-1026-8		boltz2_2.2.1_single_sequence_batch8	20260919	33.84575271606445	collected/chrna-expand-1026-8/models/protein_547b404d1eea0d69c9b7e2625c6a9fc86eb191971284098b31ecafd5c95d3a2e_single_sequence_seed20260919/model.cif
peptide_f51034675079177adc6764306317e28801689a03a103e9351aeb5d2bcf49d001	f51034675079177adc6764306317e28801689a03a103e9351aeb5d2bcf49d001	Stxbp1:Galk2	sensitivity	domain_diversity_enriched	junction_within_candidate_domain	PF00995.29	True		not_probability_sample	333	True	41.1550178527832	0.7777777777777778	0.0	22.999067306518555	chrna-expand-1026-8		boltz2_2.2.1_single_sequence_batch8	20260919	29.899051666259766	collected/chrna-expand-1026-8/models/protein_f51034675079177adc6764306317e28801689a03a103e9351aeb5d2bcf49d001_single_sequence_seed20260919/model.cif
peptide_42e0231f1ec2c2fa0a4e3140b9e0349e9a0e3ab4c64070f9bfe89b3f8103e834	42e0231f1ec2c2fa0a4e3140b9e0349e9a0e3ab4c64070f9bfe89b3f8103e834	Itgav:AI182371	sensitivity	representative_stratified_random	junction_within_candidate_domain	PF01835.26	True		0.4020100502512563	340	True	78.47596740722656	0.1	0.7352941176470589	17.77606201171875	chrna-expand-1026-8		boltz2_2.2.1_single_sequence_batch8	20260919	64.5852279663086	collected/chrna-expand-1026-8/models/protein_42e0231f1ec2c2fa0a4e3140b9e0349e9a0e3ab4c64070f9bfe89b3f8103e834_single_sequence_seed20260919/model.cif
peptide_f858151737f603a88f83f3ff619fa27c9fc0ccd26349de192f506147370562dd	f858151737f603a88f83f3ff619fa27c9fc0ccd26349de192f506147370562dd	Gna11:4932438A13Rik	sensitivity	representative_stratified_random	junction_within_candidate_domain	PF25040.2	True		0.4020100502512563	350	True	31.777023315429688	0.9514285714285714	0.008571428571428572	25.877426147460938	chrna-expand-1026-8		boltz2_2.2.1_single_sequence_batch8	20260919	25.336984634399414	collected/chrna-expand-1026-8/models/protein_f858151737f603a88f83f3ff619fa27c9fc0ccd26349de192f506147370562dd_single_sequence_seed20260919/model.cif
peptide_2e962fdb2e8c2e66f47639e5846b19e9f76095d599dc6e50a83a093a99bd6abe	2e962fdb2e8c2e66f47639e5846b19e9f76095d599dc6e50a83a093a99bd6abe	Afg3l2:Cndp2	sensitivity	domain_diversity_enriched	multiple_domain_hits	PF01546.34;PF07687.20	True		not_probability_sample	361	True	31.44191551208496	0.9861495844875346	0.0	24.22052764892578	chrna-expand-1026-8		boltz2_2.2.1_single_sequence_batch8	20260919	27.99472427368164	collected/chrna-expand-1026-8/models/protein_2e962fdb2e8c2e66f47639e5846b19e9f76095d599dc6e50a83a093a99bd6abe_single_sequence_seed20260919/model.cif
peptide_7bf1358bb3a123de2836f96f282bbca350c8ccf9937d8feaf87bbca5d10c47aa	7bf1358bb3a123de2836f96f282bbca350c8ccf9937d8feaf87bbca5d10c47aa	Ampd3:Hapln3	sensitivity	domain_diversity_enriched	junction_within_candidate_domain	PF19326.6	True		not_probability_sample	368	True	34.49384689331055	0.8940217391304348	0.002717391304347826	25.91459083557129	chrna-expand-1026-8		boltz2_2.2.1_single_sequence_batch8	20260919	23.96213150024414	collected/chrna-expand-1026-8/models/protein_7bf1358bb3a123de2836f96f282bbca350c8ccf9937d8feaf87bbca5d10c47aa_single_sequence_seed20260919/model.cif
peptide_b35a662be9ef655af2493eba70adfacd6d50318a998af05397bb6775774328d9	b35a662be9ef655af2493eba70adfacd6d50318a998af05397bb6775774328d9	Foxo3:Copz1	sensitivity	domain_diversity_enriched	multiple_domain_hits	PF00250.25;PF01217.27	True		not_probability_sample	377	True	35.0754508972168	0.9363395225464191	0.0	25.29450798034668	chrna-expand-1026-8		boltz2_2.2.1_single_sequence_batch8	20260919	33.566871643066406	collected/chrna-expand-1026-8/models/protein_b35a662be9ef655af2493eba70adfacd6d50318a998af05397bb6775774328d9_single_sequence_seed20260919/model.cif
peptide_4dc62599e541fb6e27f5eab5768c5335b4ed060c85f2a5d0d46bae067f72f0d1	4dc62599e541fb6e27f5eab5768c5335b4ed060c85f2a5d0d46bae067f72f0d1	Rnf130:Plcl2	sensitivity	representative_stratified_random	multiple_domain_hits	PF02225.28;PF13639.13;PF17123.12;PF00097.32;PF13923.13	True		0.4020100502512563	392	True	38.08169937133789	0.8494897959183674	0.03826530612244898	26.299917221069336	chrna-expand-1026-8		boltz2_2.2.1_single_sequence_batch8	20260919	28.307889938354492	collected/chrna-expand-1026-8/models/protein_4dc62599e541fb6e27f5eab5768c5335b4ed060c85f2a5d0d46bae067f72f0d1_single_sequence_seed20260919/model.cif
peptide_6676ddfdcb7fac60dcee47e308a2f71caa3a55478bd57c951b48dd636044fa49	6676ddfdcb7fac60dcee47e308a2f71caa3a55478bd57c951b48dd636044fa49	Itgav:AI182371	sensitivity	domain_diversity_enriched	junction_within_candidate_domain	PF01835.26;PF01821.24	True		not_probability_sample	409	True	61.24018478393555	0.3251833740831296	0.37163814180929094	20.414703369140625	chrna-expand-1026-8		boltz2_2.2.1_single_sequence_batch8	20260919	45.61486053466797	collected/chrna-expand-1026-8/models/protein_6676ddfdcb7fac60dcee47e308a2f71caa3a55478bd57c951b48dd636044fa49_single_sequence_seed20260919/model.cif
peptide_64756b1a3de9c8d3563f20392bb4e8ad373db1faef4834e5b0caa839dc62bb6e	64756b1a3de9c8d3563f20392bb4e8ad373db1faef4834e5b0caa839dc62bb6e	Tor1aip1:Fcgr3	sensitivity	representative_stratified_random	junction_within_candidate_domain	PF20443.4;PF13927.13;PF13895.13;PF13895.13	True		0.4020100502512563	416	True	56.93541717529297	0.5264423076923077	0.3581730769230769	24.41448402404785	chrna-expand-1026-8		boltz2_2.2.1_single_sequence_batch8	20260919	58.5909423828125	collected/chrna-expand-1026-8/models/protein_64756b1a3de9c8d3563f20392bb4e8ad373db1faef4834e5b0caa839dc62bb6e_single_sequence_seed20260919/model.cif
peptide_efe0767ad6301db72ae3ca913938dd218113c9f6d84023a228867e3c2a4faad3	efe0767ad6301db72ae3ca913938dd218113c9f6d84023a228867e3c2a4faad3	Dnase2a:Kdm3b	sensitivity	domain_diversity_enriched	junction_within_candidate_domain	PF03265.22;PF02373.29	True		not_probability_sample	434	True	33.4149284362793	0.8870967741935484	0.01152073732718894	25.581989288330078	chrna-expand-1026-8		boltz2_2.2.1_single_sequence_batch8	20260919	24.096567153930664	collected/chrna-expand-1026-8/models/protein_efe0767ad6301db72ae3ca913938dd218113c9f6d84023a228867e3c2a4faad3_single_sequence_seed20260919/model.cif
control_7e5c6969083b08b785c8dc0de69fad1a3207de9cab9141c1fb3c069ee79ae11f	7e5c6969083b08b785c8dc0de69fad1a3207de9cab9141c1fb3c069ee79ae11f	Marchf8:Dcp1b	control	matched_parent_fragment_control	parent_fragment				matched_control	468	True	33.23884582519531	0.9615384615384616	0.002136752136752137	27.873334884643555	chrna-expand-1026-8		boltz2_2.2.1_single_sequence_batch8	20260919		collected/chrna-expand-1026-8/models/protein_7e5c6969083b08b785c8dc0de69fad1a3207de9cab9141c1fb3c069ee79ae11f_single_sequence_seed20260919/model.cif
peptide_3f3c8561fd86bd30c516f6ec7332177e9af4890fdbdc294af76834429c7ae290	3f3c8561fd86bd30c516f6ec7332177e9af4890fdbdc294af76834429c7ae290	Tnfaip3:Traf1	sensitivity	domain_diversity_enriched	junction_within_candidate_domain	PF02338.26;PF16673.11;PF22486.3;PF21355.4	True		not_probability_sample	480	True	39.04508590698242	0.8354166666666667	0.029166666666666667	25.83077621459961	chrna-expand-1026-8		boltz2_2.2.1_single_sequence_batch8	20260919	27.479360580444336	collected/chrna-expand-1026-8/models/protein_3f3c8561fd86bd30c516f6ec7332177e9af4890fdbdc294af76834429c7ae290_single_sequence_seed20260919/model.cif
peptide_c531f9329b9abf900f024f0a762cb4fbbc94a5ba05035b3dada891581f1b1668	c531f9329b9abf900f024f0a762cb4fbbc94a5ba05035b3dada891581f1b1668	Vps13d:Cmpk1	sensitivity	representative_stratified_random	single_domain_hit	PF12624.15	True		0.4020100502512563	496	True	32.08834457397461	0.969758064516129	0.0	27.197620391845703	chrna-expand-1026-8		boltz2_2.2.1_single_sequence_batch8	20260919	37.73877716064453	collected/chrna-expand-1026-8/models/protein_c531f9329b9abf900f024f0a762cb4fbbc94a5ba05035b3dada891581f1b1668_single_sequence_seed20260919/model.cif
peptide_8f0cc3588922a78f7956ed70d8cee7c62282ad8fbf0b1c416e7ee1d49a1d644f	8f0cc3588922a78f7956ed70d8cee7c62282ad8fbf0b1c416e7ee1d49a1d644f	Osbpl8:Cpne2	sensitivity	domain_diversity_enriched	multiple_domain_hits	PF00168.37;PF07002.23	True		not_probability_sample	525	True	41.05849075317383	0.7714285714285715	0.030476190476190476	24.632946014404297	chrna-expand-1026-8		boltz2_2.2.1_single_sequence_batch8	20260919	35.86309051513672	collected/chrna-expand-1026-8/models/protein_8f0cc3588922a78f7956ed70d8cee7c62282ad8fbf0b1c416e7ee1d49a1d644f_single_sequence_seed20260919/model.cif
peptide_76f3965f8abbf22f1d50a412935176b53543f2eab9f15d704cefae6d93e9f75d	76f3965f8abbf22f1d50a412935176b53543f2eab9f15d704cefae6d93e9f75d	Ubxn2b:Nsmaf	sensitivity	representative_stratified_random	junction_within_candidate_domain	PF02138.24;PF00400.39;PF00400.39;PF00400.39;PF00400.39;PF00400.39	True		0.39759036144578314	556	True	61.55945587158203	0.44964028776978415	0.48741007194244607	20.947912216186523	chrna-expand-1026-8		boltz2_2.2.1_single_sequence_batch8	20260919	33.00069808959961	collected/chrna-expand-1026-8/models/protein_76f3965f8abbf22f1d50a412935176b53543f2eab9f15d704cefae6d93e9f75d_single_sequence_seed20260919/model.cif
peptide_5a46229e04981963e00e4e97b9064f084c2f2c0ec8b9e4f13e80e32a28930821	5a46229e04981963e00e4e97b9064f084c2f2c0ec8b9e4f13e80e32a28930821	Exoc1:Npm1	sensitivity	domain_diversity_enriched	multiple_domain_hits	PF15277.13;PF09763.16	True		not_probability_sample	596	True	39.44575881958008	0.8338926174496645	0.0	27.703960418701172	chrna-expand-1026-8		boltz2_2.2.1_single_sequence_batch8	20260919	29.685867309570312	collected/chrna-expand-1026-8/models/protein_5a46229e04981963e00e4e97b9064f084c2f2c0ec8b9e4f13e80e32a28930821_single_sequence_seed20260919/model.cif
peptide_d0b9c3588bf79c9abdd8fa1569f81d7945685731004794f398acfeb0e19428c8	d0b9c3588bf79c9abdd8fa1569f81d7945685731004794f398acfeb0e19428c8	Txnrd1:Ntpcr	sensitivity	representative_stratified_random	junction_within_candidate_domain	PF07992.21;PF00890.31;PF13738.13;PF00070.34;PF02852.29	True		0.39759036144578314	613	True	42.34744644165039	0.6965742251223491	0.07830342577487764	24.739925384521484	chrna-expand-1026-8		boltz2_2.2.1_single_sequence_batch8	20260919	31.05021095275879	collected/chrna-expand-1026-8/models/protein_d0b9c3588bf79c9abdd8fa1569f81d7945685731004794f398acfeb0e19428c8_single_sequence_seed20260919/model.cif
peptide_155a06bbe2867be7c5ab6dbd4b32661a87918f05aa15c36f0f21884c32d70a36	155a06bbe2867be7c5ab6dbd4b32661a87918f05aa15c36f0f21884c32d70a36	Marchf8:Dcp1b	sensitivity	domain_diversity_enriched	junction_within_candidate_domain	PF12906.14;PF31018.1;PF16741.11	True		not_probability_sample	658	True	31.598651885986328	1.0	0.0	28.323680877685547	chrna-expand-1026-8		boltz2_2.2.1_single_sequence_batch8	20260919	29.95969009399414	collected/chrna-expand-1026-8/models/protein_155a06bbe2867be7c5ab6dbd4b32661a87918f05aa15c36f0f21884c32d70a36_single_sequence_seed20260919/model.cif
peptide_40174ff1ed22a532c4515fed3ea9aeaedc12fe2c0812e78cd903e6aad3589eb0	40174ff1ed22a532c4515fed3ea9aeaedc12fe2c0812e78cd903e6aad3589eb0	Sptlc2:Azi2	sensitivity	domain_diversity_enriched	multiple_domain_hits	PF00155.28;PF12845.13	True		not_probability_sample	729	True	34.82155227661133	0.8655692729766804	0.07544581618655692	26.449291229248047	chrna-expand-1026-8		boltz2_2.2.1_single_sequence_batch8	20260919	22.9666805267334	collected/chrna-expand-1026-8/models/protein_40174ff1ed22a532c4515fed3ea9aeaedc12fe2c0812e78cd903e6aad3589eb0_single_sequence_seed20260919/model.cif
peptide_7fa0499a42abc1d9135563c8122663f9250ab39dd880305209caa6eeb345d2cf	7fa0499a42abc1d9135563c8122663f9250ab39dd880305209caa6eeb345d2cf	Arhgap30:Csnk1g3	sensitivity	representative_stratified_random	no_Pfam_hit		False		0.3979591836734694	44	True	60.07115173339844	0.13636363636363635	0.045454545454545456	12.637971878051758	chrna-expand-1026-8__extra		boltz2_2.2.1_single_sequence_batch8	20260919	66.57160186767578	collected/chrna-expand-1026-8__extra/models/protein_7fa0499a42abc1d9135563c8122663f9250ab39dd880305209caa6eeb345d2cf_single_sequence_seed20260919/model.cif
peptide_2e6212ed3bf64512f86c56acfc261687fc1a0310155b68be9a4d90e27da51652	2e6212ed3bf64512f86c56acfc261687fc1a0310155b68be9a4d90e27da51652	Ssh1:Ifi204	sensitivity	domain_diversity_enriched	no_Pfam_hit		False		not_probability_sample	74	True	47.67962646484375	0.6351351351351351	0.0	19.356943130493164	chrna-expand-1026-8__extra		boltz2_2.2.1_single_sequence_batch8	20260919	48.16762161254883	collected/chrna-expand-1026-8__extra/models/protein_2e6212ed3bf64512f86c56acfc261687fc1a0310155b68be9a4d90e27da51652_single_sequence_seed20260919/model.cif
peptide_16d4444c1d20a5324662bb97f9fc55579948ee6e1afff12a3f024b5b431d7d70	16d4444c1d20a5324662bb97f9fc55579948ee6e1afff12a3f024b5b431d7d70	Scd2:Wdr26	sensitivity	domain_diversity_enriched	no_Pfam_hit		False		not_probability_sample	110	True	43.6365852355957	0.7636363636363637	0.0	22.90497398376465	chrna-expand-1026-8__extra		boltz2_2.2.1_single_sequence_batch8	20260919	41.0993766784668	collected/chrna-expand-1026-8__extra/models/protein_16d4444c1d20a5324662bb97f9fc55579948ee6e1afff12a3f024b5b431d7d70_single_sequence_seed20260919/model.cif
peptide_19eb0e0b53b68897332a1e3a7fd8cfe3bffc9a3d11718049d67fb4878286c4ca	19eb0e0b53b68897332a1e3a7fd8cfe3bffc9a3d11718049d67fb4878286c4ca	Emc3:Ndufa7	sensitivity	representative_stratified_random	junction_within_candidate_domain	PF01956.22;PF07347.18	True		0.4069767441860465	131	True	58.211917877197266	0.3893129770992366	0.22137404580152673	23.71170997619629	chrna-expand-1026-8__extra		boltz2_2.2.1_single_sequence_batch8	20260919	56.06082534790039	collected/chrna-expand-1026-8__extra/models/protein_19eb0e0b53b68897332a1e3a7fd8cfe3bffc9a3d11718049d67fb4878286c4ca_single_sequence_seed20260919/model.cif
peptide_9a4cc7b899af507f3208bf3da981429a0b7d832cd6730135f5bba5908bf9a9e4	9a4cc7b899af507f3208bf3da981429a0b7d832cd6730135f5bba5908bf9a9e4	Txlng:Sms	sensitivity	representative_stratified_random	junction_within_candidate_domain	PF01564.24	True		0.4069767441860465	150	True	39.42932891845703	0.94	0.0	20.712377548217773	chrna-expand-1026-8__extra		boltz2_2.2.1_single_sequence_batch8	20260919	41.242130279541016	collected/chrna-expand-1026-8__extra/models/protein_9a4cc7b899af507f3208bf3da981429a0b7d832cd6730135f5bba5908bf9a9e4_single_sequence_seed20260919/model.cif
control_6c8d57dc93590d00fb9ea6dea42b30b0c384051c8bccc1ad791b2164a5207ade	6c8d57dc93590d00fb9ea6dea42b30b0c384051c8bccc1ad791b2164a5207ade	Ms4a7:Cog6	control	matched_parent_fragment_control	parent_fragment				matched_control	212	True	52.34608459472656	0.5471698113207547	0.2169811320754717	19.353269577026367	chrna-expand-1026-8__extra		boltz2_2.2.1_single_sequence_batch8	20260919		collected/chrna-expand-1026-8__extra/models/protein_6c8d57dc93590d00fb9ea6dea42b30b0c384051c8bccc1ad791b2164a5207ade_single_sequence_seed20260919/model.cif
control_1db9eca3b69f95544f20fd77d150210a764c4aea7401445db8dceb4106587a43	1db9eca3b69f95544f20fd77d150210a764c4aea7401445db8dceb4106587a43	Sp100:A630001G21Rik	control	matched_parent_fragment_control	parent_fragment				matched_control	221	True	49.34696960449219	0.4751131221719457	0.06334841628959276	22.61933708190918	chrna-expand-1026-8__extra		boltz2_2.2.1_single_sequence_batch8	20260919		collected/chrna-expand-1026-8__extra/models/protein_1db9eca3b69f95544f20fd77d150210a764c4aea7401445db8dceb4106587a43_single_sequence_seed20260919/model.cif
peptide_a626c6e107daeaf968e5f6ba644a4db313b9e1c29447b888f2784666170c3875	a626c6e107daeaf968e5f6ba644a4db313b9e1c29447b888f2784666170c3875	Mtx1:1810009A15Rik	sensitivity	representative_stratified_random	junction_within_candidate_domain	PF10568.16;PF17172.11;PF17719.7	True		0.4020100502512563	287	True	35.735416412353516	0.9477351916376306	0.0	26.739953994750977	chrna-expand-1026-8__extra		boltz2_2.2.1_single_sequence_batch8	20260919	35.62641906738281	collected/chrna-expand-1026-8__extra/models/protein_a626c6e107daeaf968e5f6ba644a4db313b9e1c29447b888f2784666170c3875_single_sequence_seed20260919/model.cif
peptide_5b47f2f5dee55cdcb2231d9dc6615fa53cf95cc6c89e254db4d4671865e3b608	5b47f2f5dee55cdcb2231d9dc6615fa53cf95cc6c89e254db4d4671865e3b608	Gask1b:Sh3glb1	sensitivity	representative_stratified_random	junction_within_candidate_domain	PF03114.24;PF10455.15;PF07653.24;PF00018.35;PF14604.13	True		0.4020100502512563	350	True	42.52798080444336	0.74	0.011428571428571429	24.42293930053711	chrna-expand-1026-8__extra		boltz2_2.2.1_single_sequence_batch8	20260919	42.81350326538086	collected/chrna-expand-1026-8__extra/models/protein_5b47f2f5dee55cdcb2231d9dc6615fa53cf95cc6c89e254db4d4671865e3b608_single_sequence_seed20260919/model.cif
peptide_122005f0432854cd75e293966223b422cff6a67002a91c4d31012279ab57985e	122005f0432854cd75e293966223b422cff6a67002a91c4d31012279ab57985e	Sh3tc1:C1qb	sensitivity	domain_diversity_enriched	junction_within_candidate_domain	PF01391.24;PF00386.28	True		not_probability_sample	406	True	37.04597473144531	0.8300492610837439	0.046798029556650245	25.176687240600586	chrna-expand-1026-8__extra		boltz2_2.2.1_single_sequence_batch8	20260919	29.47138023376465	collected/chrna-expand-1026-8__extra/models/protein_122005f0432854cd75e293966223b422cff6a67002a91c4d31012279ab57985e_single_sequence_seed20260919/model.cif
peptide_8a6995ef9fb92c928715c09e1804c33cfe3a6a94d1c7534904aab17f1bd1438c	8a6995ef9fb92c928715c09e1804c33cfe3a6a94d1c7534904aab17f1bd1438c	Clcn7:Psmb9	sensitivity	domain_diversity_enriched	junction_within_candidate_domain	PF00654.26;PF00227.32	True		not_probability_sample	524	True	31.934490203857422	0.9713740458015268	0.0	25.9727725982666	chrna-expand-1026-8__extra		boltz2_2.2.1_single_sequence_batch8	20260919	29.03615379333496	collected/chrna-expand-1026-8__extra/models/protein_8a6995ef9fb92c928715c09e1804c33cfe3a6a94d1c7534904aab17f1bd1438c_single_sequence_seed20260919/model.cif
